32754	18499	1.734267187654404e-08
27702	32755	3.468534375308808e-08
32755	1617	3.468534375308808e-08
32756	2005	1.734267187654404e-08
32757	32758	1.734267187654404e-08
32757	11500	1.734267187654404e-08
32759	4290	1.734267187654404e-08
32760	1585	1.734267187654404e-08
32760	9981	1.734267187654404e-08
32761	32762	1.734267187654404e-08
32763	421	1.734267187654404e-08
32764	2199	1.734267187654404e-08
31025	32765	1.734267187654404e-08
22706	32766	3.468534375308808e-08
32766	2439	3.468534375308808e-08
29064	32767	3.468534375308808e-08
32767	29064	1.734267187654404e-08
32767	1585	3.468534375308808e-08
314	32768	5.2028015629632124e-08
32768	34114	3.468534375308808e-08
32768	353	3.468534375308808e-08
32769	4506	3.468534375308808e-08
4737	32770	5.2028015629632124e-08
32770	3268	6.937068750617616e-08
901	32771	1.734267187654404e-08
901	33228	1.734267187654404e-08
901	34135	2.081120625185285e-08
901	34191	2.081120625185285e-08
901	34859	1.734267187654404e-08
901	33119	2.081120625185285e-08
901	35841	2.081120625185285e-08
901	32804	2.081120625185285e-08
21932	32772	3.468534375308808e-08
21932	36035	1.734267187654404e-08
32772	33832	3.468534375308808e-08
32773	1330	1.734267187654404e-08
32774	3331	1.734267187654404e-08
32775	13896	1.734267187654404e-08
32776	1864	3.468534375308808e-08
30951	32777	1.734267187654404e-08
32777	30951	1.734267187654404e-08
32778	13614	1.734267187654404e-08
32778	1061	1.734267187654404e-08
100	32779	3.468534375308808e-08
32779	10703	3.468534375308808e-08
32780	14501	3.468534375308808e-08
32780	34886	3.468534375308808e-08
32780	36239	3.468534375308808e-08
32780	8548	3.468534375308808e-08
32781	4341	1.734267187654404e-08
32782	12601	3.468534375308808e-08
32783	1410	1.734267187654404e-08
32784	1502	3.468534375308808e-08
32784	3532	3.468534375308808e-08
32785	8286	1.734267187654404e-08
23506	32786	3.468534375308808e-08
32786	8784	3.468534375308808e-08
32786	23506	1.734267187654404e-08
21967	32787	3.468534375308808e-08
32787	30028	3.468534375308808e-08
1720	32788	1.734267187654404e-08
1720	33041	3.468534375308808e-08
1720	33104	1.734267187654404e-08
1720	33356	3.468534375308808e-08
1720	33482	1.734267187654404e-08
1720	33500	1.734267187654404e-08
1720	33836	1.734267187654404e-08
1720	34059	1.734267187654404e-08
1720	34230	1.734267187654404e-08
1720	34387	1.734267187654404e-08
1720	34901	1.734267187654404e-08
1720	35163	3.468534375308808e-08
1720	35285	1.734267187654404e-08
1720	35711	3.468534375308808e-08
1720	35815	1.734267187654404e-08
1720	35947	3.468534375308808e-08
1720	35989	1.734267187654404e-08
1720	35998	1.734267187654404e-08
1720	36130	1.734267187654404e-08
1720	35273	3.468534375308808e-08
1720	34459	3.468534375308808e-08
1720	34802	3.468534375308808e-08
32789	32790	3.468534375308808e-08
32789	10442	1.734267187654404e-08
32790	4207	3.468534375308808e-08
20156	32791	3.468534375308808e-08
32791	20156	1.734267187654404e-08
32791	11584	3.468534375308808e-08
32792	21270	6.937068750617616e-08
32793	12952	1.734267187654404e-08
32794	13161	1.734267187654404e-08
12361	32795	1.734267187654404e-08
32796	9359	3.468534375308808e-08
32797	23698	1.734267187654404e-08
32798	1219	1.734267187654404e-08
796	32799	5.2028015629632124e-08
32799	34718	6.937068750617616e-08
32800	13657	3.468534375308808e-08
32801	3183	1.734267187654404e-08
31687	32802	1.734267187654404e-08
28659	32803	1.734267187654404e-08
32804	731	2.081120625185285e-08
32805	1565	1.734267187654404e-08
32806	3681	1.734267187654404e-08
32807	4564	3.468534375308808e-08
7202	32808	6.937068750617616e-08
32808	6161	5.2028015629632124e-08
32809	6823	1.734267187654404e-08
3137	32810	1.734267187654404e-08
32811	12981	1.734267187654404e-08
32812	1181	3.468534375308808e-08
7143	32813	1.734267187654404e-08
32813	7143	5.2028015629632124e-08
32814	32815	3.468534375308808e-08
32816	18267	1.734267187654404e-08
4729	32817	1.734267187654404e-08
32818	30229	1.734267187654404e-08
32819	28978	4.3356679691360106e-08
32820	2444	3.468534375308808e-08
32821	12700	1.734267187654404e-08
32822	9158	1.734267187654404e-08
32823	427	1.734267187654404e-08
428	32824	1.734267187654404e-08
428	32850	3.468534375308808e-08
428	32874	1.734267187654404e-08
428	32927	3.468534375308808e-08
428	33249	1.734267187654404e-08
428	33256	3.468534375308808e-08
428	33268	1.734267187654404e-08
428	33328	3.468534375308808e-08
428	33509	1.734267187654404e-08
428	33638	1.734267187654404e-08
428	33823	1.734267187654404e-08
428	34139	1.734267187654404e-08
428	34209	1.734267187654404e-08
428	34425	3.468534375308808e-08
428	34538	3.468534375308808e-08
428	35104	1.734267187654404e-08
428	35109	1.734267187654404e-08
428	35136	5.2028015629632124e-08
428	35209	3.468534375308808e-08
428	35227	3.468534375308808e-08
428	35302	1.734267187654404e-08
428	35344	1.734267187654404e-08
428	35408	1.734267187654404e-08
428	35481	1.734267187654404e-08
428	35507	1.734267187654404e-08
428	35512	1.734267187654404e-08
428	35659	1.734267187654404e-08
428	35662	3.468534375308808e-08
428	35872	1.734267187654404e-08
428	35959	3.468534375308808e-08
428	35976	1.734267187654404e-08
428	36110	1.734267187654404e-08
428	36491	1.734267187654404e-08
428	36574	3.468534375308808e-08
428	36594	1.734267187654404e-08
428	36664	1.734267187654404e-08
428	32769	3.468534375308808e-08
428	35315	3.468534375308808e-08
428	34316	3.468534375308808e-08
428	35708	5.2028015629632124e-08
428	35651	3.468534375308808e-08
428	36821	3.468534375308808e-08
428	33967	3.468534375308808e-08
428	35043	3.468534375308808e-08
428	34941	3.468534375308808e-08
428	34559	3.468534375308808e-08
32825	32826	3.468534375308808e-08
32826	28479	3.468534375308808e-08
32827	18612	3.468534375308808e-08
8870	32828	3.468534375308808e-08
32828	8678	3.468534375308808e-08
32829	17880	3.468534375308808e-08
32830	1864	1.734267187654404e-08
9341	32831	3.468534375308808e-08
9341	35805	1.734267187654404e-08
32831	10556	3.468534375308808e-08
1648	32832	1.734267187654404e-08
32833	16709	1.734267187654404e-08
32834	21189	1.734267187654404e-08
32835	2631	1.734267187654404e-08
32836	12342	1.734267187654404e-08
32836	225	1.734267187654404e-08
166	32837	1.734267187654404e-08
166	33338	1.734267187654404e-08
166	33442	1.734267187654404e-08
166	33793	5.2028015629632124e-08
166	34092	1.926963541838227e-08
166	34644	1.926963541838227e-08
166	34732	1.926963541838227e-08
166	35212	1.734267187654404e-08
166	35759	1.926963541838227e-08
166	36026	1.926963541838227e-08
166	33110	1.926963541838227e-08
166	34359	1.926963541838227e-08
166	35293	5.395497917147035e-08
166	36555	1.926963541838227e-08
32838	32839	3.468534375308808e-08
32839	4186	3.468534375308808e-08
32840	11595	3.468534375308808e-08
11595	36030	3.468534375308808e-08
32841	13748	1.734267187654404e-08
32842	3062	1.734267187654404e-08
32842	18935	1.734267187654404e-08
9596	32843	1.734267187654404e-08
32844	12012	1.734267187654404e-08
32844	3485	1.734267187654404e-08
32845	15866	3.468534375308808e-08
32845	13353	1.734267187654404e-08
15866	36668	3.468534375308808e-08
32846	3999	1.734267187654404e-08
7947	32847	3.468534375308808e-08
32847	5460	3.468534375308808e-08
32848	3691	3.468534375308808e-08
32849	17369	3.468534375308808e-08
32850	9951	3.468534375308808e-08
32851	6192	3.468534375308808e-08
2117	32852	3.468534375308808e-08
32852	353	3.468534375308808e-08
32853	1181	1.734267187654404e-08
32854	32855	1.3874137501235233e-07
32854	4226	6.937068750617616e-08
32855	3207	8.671335938272021e-08
32856	135	3.468534375308808e-08
15558	32857	1.734267187654404e-08
15558	34999	1.734267187654404e-08
3473	32858	1.734267187654404e-08
32859	32860	1.734267187654404e-08
32861	23672	1.734267187654404e-08
32861	2380	1.734267187654404e-08
32862	1772	1.734267187654404e-08
32863	11142	1.734267187654404e-08
3222	32864	3.468534375308808e-08
32864	32217	3.468534375308808e-08
32865	12981	1.734267187654404e-08
32866	10987	1.734267187654404e-08
32867	20297	1.734267187654404e-08
32868	10008	1.734267187654404e-08
32868	19054	1.734267187654404e-08
14221	32869	6.937068750617616e-08
32869	19939	5.2028015629632124e-08
32870	211	1.3007003907408032e-07
32870	135	3.468534375308808e-08
211	34489	1.8469945548519404e-06
211	34751	1.2313297032346269e-06
211	36787	1.8469945548519404e-06
31182	32871	3.468534375308808e-08
32871	24007	3.468534375308808e-08
111	32872	3.468534375308808e-08
32873	11801	1.734267187654404e-08
32875	11161	3.468534375308808e-08
32875	5805	1.734267187654404e-08
32876	32877	3.468534375308808e-08
32877	10500	3.468534375308808e-08
32878	16875	1.734267187654404e-08
32878	22402	1.734267187654404e-08
4010	32879	3.468534375308808e-08
4010	33906	3.468534375308808e-08
32879	2587	3.468534375308808e-08
32880	21192	1.734267187654404e-08
32881	15484	1.734267187654404e-08
1203	32882	1.734267187654404e-08
1203	33432	1.734267187654404e-08
1203	33534	1.734267187654404e-08
1203	34283	1.734267187654404e-08
1203	33850	3.468534375308808e-08
1203	35410	1.0405603125926425e-07
32883	3861	3.468534375308808e-08
32884	3681	1.734267187654404e-08
32884	225	1.734267187654404e-08
32885	22453	1.734267187654404e-08
2177	32886	3.468534375308808e-08
32090	32887	3.468534375308808e-08
32887	335	3.468534375308808e-08
32888	1466	3.468534375308808e-08
32888	864	3.468534375308808e-08
32889	1713	3.468534375308808e-08
1713	32889	1.734267187654404e-08
24179	32890	3.468534375308808e-08
32890	17150	3.468534375308808e-08
32891	4232	3.468534375308808e-08
32892	32893	3.468534375308808e-08
32893	8700	3.468534375308808e-08
32894	22037	1.734267187654404e-08
32895	4638	3.468534375308808e-08
32895	8760	3.468534375308808e-08
32895	1772	3.468534375308808e-08
32896	421	1.734267187654404e-08
32896	20193	1.734267187654404e-08
21363	32897	3.468534375308808e-08
32897	21572	3.468534375308808e-08
32898	25673	1.734267187654404e-08
9773	32899	6.937068750617616e-08
32899	495	1.3874137501235233e-07
32899	10592	6.937068750617616e-08
32900	27109	6.937068750617616e-08
32900	3925	3.468534375308808e-08
32900	25653	1.734267187654404e-08
27109	33303	5.2028015629632124e-08
32901	4973	5.2028015629632124e-08
32901	2900	1.734267187654404e-08
4973	33511	6.937068750617616e-08
32902	1221	1.734267187654404e-08
32903	1441	1.734267187654404e-08
32903	1144	1.734267187654404e-08
32904	11849	1.734267187654404e-08
32905	135	3.468534375308808e-08
19580	32906	1.734267187654404e-08
32907	6675	1.734267187654404e-08
32908	11450	1.734267187654404e-08
32908	7116	1.734267187654404e-08
32909	22851	3.468534375308808e-08
32910	32911	1.734267187654404e-08
6206	32912	1.734267187654404e-08
32913	32914	3.468534375308808e-08
32914	5102	3.468534375308808e-08
32915	1144	3.468534375308808e-08
9542	32916	3.468534375308808e-08
9542	35839	1.734267187654404e-08
32916	2015	3.468534375308808e-08
17568	32917	3.468534375308808e-08
395	32918	1.734267187654404e-08
32919	3331	1.734267187654404e-08
32920	10370	1.734267187654404e-08
32921	7704	1.734267187654404e-08
32922	2434	1.734267187654404e-08
32923	32924	3.468534375308808e-08
32925	25326	3.468534375308808e-08
11437	32926	3.468534375308808e-08
11437	33698	3.468534375308808e-08
32926	353	3.468534375308808e-08
32927	1116	3.468534375308808e-08
32928	29097	1.734267187654404e-08
32929	2844	1.734267187654404e-08
32930	15038	1.734267187654404e-08
32931	12958	1.734267187654404e-08
32931	34150	3.468534375308808e-08
32932	12098	1.734267187654404e-08
12098	32932	1.734267187654404e-08
4788	32933	1.734267187654404e-08
32934	32935	3.468534375308808e-08
32935	7244	3.468534375308808e-08
32935	32934	1.734267187654404e-08
1222	32936	1.734267187654404e-08
1222	33918	5.2028015629632124e-08
1222	35781	1.734267187654404e-08
1222	36637	1.734267187654404e-08
1222	33942	3.468534375308808e-08
5511	32937	3.468534375308808e-08
5511	33758	3.468534375308808e-08
32937	17028	3.468534375308808e-08
32938	7318	1.734267187654404e-08
32938	6808	1.734267187654404e-08
21596	32939	3.468534375308808e-08
32939	17252	3.468534375308808e-08
7031	32940	3.468534375308808e-08
7031	34940	3.468534375308808e-08
32940	17793	3.468534375308808e-08
32941	476	1.734267187654404e-08
32942	15905	3.468534375308808e-08
32943	22451	1.734267187654404e-08
32943	7979	1.734267187654404e-08
12282	32944	3.468534375308808e-08
32944	17325	3.468534375308808e-08
32945	31414	1.734267187654404e-08
32946	19015	1.734267187654404e-08
32946	32968	3.468534375308808e-08
32947	32948	3.468534375308808e-08
32948	34437	3.468534375308808e-08
32949	1165	1.734267187654404e-08
32949	28426	1.734267187654404e-08
32950	1388	1.734267187654404e-08
32950	34062	3.468534375308808e-08
32951	3885	3.468534375308808e-08
32951	12218	6.937068750617616e-08
3885	32951	1.0405603125926425e-07
5398	32952	3.468534375308808e-08
32952	9317	3.468534375308808e-08
32952	5398	1.734267187654404e-08
32953	495	1.0405603125926425e-07
495	36167	7.110495469383057e-07
22062	32954	1.734267187654404e-08
32954	22062	1.734267187654404e-08
29650	32955	3.468534375308808e-08
32955	2431	3.468534375308808e-08
32956	15985	1.734267187654404e-08
32956	3312	3.468534375308808e-08
15985	32956	3.468534375308808e-08
32957	15235	1.734267187654404e-08
32958	24315	3.468534375308808e-08
32959	137	3.468534375308808e-08
32960	16596	1.734267187654404e-08
32960	22124	1.734267187654404e-08
32961	4658	1.734267187654404e-08
32962	13160	1.734267187654404e-08
32963	25	1.734267187654404e-08
32963	32398	1.734267187654404e-08
32964	17386	1.734267187654404e-08
32965	6081	1.734267187654404e-08
30954	32966	3.468534375308808e-08
32966	1775	3.468534375308808e-08
32967	1181	1.734267187654404e-08
32968	24398	3.468534375308808e-08
32969	1181	3.468534375308808e-08
15825	32970	1.734267187654404e-08
32971	32972	1.734267187654404e-08
32973	335	1.734267187654404e-08
32974	29069	1.734267187654404e-08
28975	32975	6.937068750617616e-08
32975	2316	1.0405603125926425e-07
32976	32977	3.468534375308808e-08
32976	731	1.734267187654404e-08
32977	5691	3.468534375308808e-08
32978	18708	1.734267187654404e-08
3186	32979	3.468534375308808e-08
32979	24169	5.2028015629632124e-08
16320	32980	1.734267187654404e-08
16320	34295	3.468534375308808e-08
32981	3305	1.734267187654404e-08
32981	1242	1.734267187654404e-08
4841	32982	2.312356250205872e-08
4841	33051	2.312356250205872e-08
4841	33765	2.312356250205872e-08
4841	35519	1.734267187654404e-08
32982	655	2.312356250205872e-08
32983	211	1.7342671876544043e-07
32984	8974	1.734267187654404e-08
10012	32985	1.734267187654404e-08
10012	33240	3.468534375308808e-08
10012	36778	3.468534375308808e-08
641	32986	3.468534375308808e-08
32986	27546	3.468534375308808e-08
32987	16982	1.734267187654404e-08
14663	32988	3.468534375308808e-08
32988	10286	3.468534375308808e-08
32989	1683	1.734267187654404e-08
32990	18697	1.734267187654404e-08
32991	423	3.468534375308808e-08
32991	15252	6.937068750617616e-08
32992	1681	3.468534375308808e-08
4562	32993	1.734267187654404e-08
32994	25480	1.734267187654404e-08
32995	1949	1.734267187654404e-08
32996	10392	1.734267187654404e-08
32997	3183	3.468534375308808e-08
32998	3553	1.734267187654404e-08
32999	1095	1.734267187654404e-08
33000	1582	1.734267187654404e-08
33001	3169	1.3874137501235233e-07
33001	12428	3.468534375308808e-08
3169	34265	1.5608404688889638e-07
6865	33002	1.734267187654404e-08
6865	33405	2.6014007814816062e-08
6865	35073	2.6014007814816062e-08
33003	1165	3.468534375308808e-08
33004	13638	3.468534375308808e-08
13638	34962	3.468534375308808e-08
33005	33006	1.734267187654404e-08
33005	11357	1.734267187654404e-08
20761	33007	1.734267187654404e-08
33008	19571	3.468534375308808e-08
33008	3207	3.468534375308808e-08
33009	33010	3.468534375308808e-08
33010	17238	3.468534375308808e-08
33011	4354	1.734267187654404e-08
4354	33011	1.734267187654404e-08
33012	2148	1.734267187654404e-08
33013	26356	1.734267187654404e-08
33014	11922	1.734267187654404e-08
29503	33015	3.468534375308808e-08
33015	30974	3.468534375308808e-08
33016	3849	1.734267187654404e-08
33017	8339	5.2028015629632124e-08
8339	35001	2.4279740627161656e-07
11184	33018	1.734267187654404e-08
33018	11184	1.734267187654404e-08
33019	10758	1.734267187654404e-08
2733	33020	1.734267187654404e-08
2733	33115	1.734267187654404e-08
2733	33677	1.734267187654404e-08
2733	33802	3.468534375308808e-08
2733	34253	1.734267187654404e-08
2733	35050	1.734267187654404e-08
2733	36427	1.734267187654404e-08
2733	36504	1.734267187654404e-08
2733	33981	3.468534375308808e-08
2733	34577	1.734267187654404e-08
2733	36187	3.468534375308808e-08
33021	1759	1.734267187654404e-08
1759	33021	3.468534375308808e-08
33022	335	1.734267187654404e-08
33023	14677	5.2028015629632124e-08
33023	22517	5.2028015629632124e-08
33024	15152	1.734267187654404e-08
33025	12146	1.734267187654404e-08
33026	31942	1.734267187654404e-08
33027	20649	1.734267187654404e-08
33028	8528	1.734267187654404e-08
33029	817	1.734267187654404e-08
2666	33030	6.937068750617616e-08
2666	35543	1.734267187654404e-08
33030	3999	8.671335938272021e-08
33031	30518	1.734267187654404e-08
33031	36306	1.734267187654404e-08
33032	111	3.468534375308808e-08
33033	6383	1.734267187654404e-08
33034	4680	1.734267187654404e-08
33034	4679	1.734267187654404e-08
33035	33036	3.468534375308808e-08
33036	1840	3.468534375308808e-08
33037	5120	1.734267187654404e-08
33038	3999	1.734267187654404e-08
33039	1896	6.937068750617616e-08
33040	17060	1.734267187654404e-08
17060	33040	1.734267187654404e-08
33041	979	3.468534375308808e-08
8405	33042	3.468534375308808e-08
33042	8405	1.734267187654404e-08
33042	3503	3.468534375308808e-08
33043	7583	5.2028015629632124e-08
33043	32719	5.2028015629632124e-08
33044	9417	1.734267187654404e-08
33045	15645	1.734267187654404e-08
33046	21372	3.468534375308808e-08
33046	554	3.468534375308808e-08
21372	36476	3.468534375308808e-08
21372	33046	3.468534375308808e-08
33047	33048	1.734267187654404e-08
33047	34555	1.734267187654404e-08
33047	353	1.734267187654404e-08
33049	16966	1.734267187654404e-08
26230	33050	3.468534375308808e-08
33050	353	3.468534375308808e-08
33051	655	2.312356250205872e-08
33052	12951	1.734267187654404e-08
33053	1565	1.734267187654404e-08
21875	33054	1.734267187654404e-08
18811	33055	3.468534375308808e-08
33055	12650	3.468534375308808e-08
13062	33056	1.734267187654404e-08
33057	20519	1.734267187654404e-08
33058	29614	1.734267187654404e-08
33059	4636	5.2028015629632124e-08
4636	36415	6.937068750617616e-08
636	33060	3.468534375308808e-08
636	35169	1.734267187654404e-08
636	33223	3.468534375308808e-08
33060	29321	3.468534375308808e-08
31279	33061	1.734267187654404e-08
33062	1958	3.468534375308808e-08
33062	10984	1.734267187654404e-08
33063	211	1.7342671876544043e-07
33064	19876	5.2028015629632124e-08
33065	9018	3.468534375308808e-08
9018	35773	5.2028015629632124e-08
33066	411	1.734267187654404e-08
33067	25781	1.734267187654404e-08
33068	495	6.937068750617616e-08
33069	532	1.734267187654404e-08
33069	32000	3.468534375308808e-08
532	33069	3.468534375308808e-08
33070	3485	1.734267187654404e-08
24600	33071	5.2028015629632124e-08
33071	29164	3.468534375308808e-08
33071	2905	3.468534375308808e-08
33071	24600	1.734267187654404e-08
11683	33072	3.468534375308808e-08
33072	11434	3.468534375308808e-08
33073	33074	1.3874137501235233e-07
33074	3872	8.671335938272021e-08
33074	33073	1.734267187654404e-08
33075	25185	1.734267187654404e-08
33075	536	1.734267187654404e-08
33076	9385	3.468534375308808e-08
33076	3717	1.734267187654404e-08
33077	248	1.734267187654404e-08
33078	255	1.734267187654404e-08
33079	30014	3.468534375308808e-08
33079	19583	1.734267187654404e-08
33080	1076	1.734267187654404e-08
33081	18512	1.734267187654404e-08
8068	33082	1.734267187654404e-08
33082	8068	1.734267187654404e-08
33083	27521	1.734267187654404e-08
33083	17308	5.2028015629632124e-08
33084	10632	3.468534375308808e-08
33084	5981	1.734267187654404e-08
12537	33085	1.734267187654404e-08
33086	14705	1.734267187654404e-08
33087	4409	3.468534375308808e-08
33087	7729	1.734267187654404e-08
4409	33727	3.468534375308808e-08
33088	9097	1.734267187654404e-08
33089	3534	1.734267187654404e-08
33090	126	3.468534375308808e-08
11251	33091	3.468534375308808e-08
11251	34064	3.468534375308808e-08
33091	462	3.468534375308808e-08
6398	33092	5.2028015629632124e-08
33092	6656	6.937068750617616e-08
33093	1949	1.734267187654404e-08
33093	2425	1.734267187654404e-08
15546	33094	1.734267187654404e-08
33095	33096	1.734267187654404e-08
33097	33098	3.468534375308808e-08
33098	8239	3.468534375308808e-08
33099	11705	1.734267187654404e-08
9233	33100	5.2028015629632124e-08
33100	34048	6.937068750617616e-08
33101	826	1.734267187654404e-08
33101	18660	1.734267187654404e-08
33102	33103	3.468534375308808e-08
22189	33105	3.468534375308808e-08
33105	34076	3.468534375308808e-08
33106	13223	3.468534375308808e-08
33107	31659	1.734267187654404e-08
33107	11739	3.468534375308808e-08
31659	33107	3.468534375308808e-08
33108	33109	3.468534375308808e-08
33108	5142	1.734267187654404e-08
33108	23474	1.734267187654404e-08
33109	7526	3.468534375308808e-08
33110	423	1.926963541838227e-08
33111	11115	1.734267187654404e-08
33112	3074	1.734267187654404e-08
33113	698	3.468534375308808e-08
33113	36436	6.937068750617616e-08
33114	24522	1.734267187654404e-08
33114	16306	3.468534375308808e-08
24522	33114	3.468534375308808e-08
33116	25035	1.734267187654404e-08
33116	8541	1.734267187654404e-08
33117	7985	3.468534375308808e-08
33117	5379	5.2028015629632124e-08
33118	22699	3.468534375308808e-08
33119	731	2.081120625185285e-08
19070	33120	1.734267187654404e-08
33120	19070	1.734267187654404e-08
24716	33121	5.2028015629632124e-08
33121	24533	3.468534375308808e-08
33121	2015	3.468534375308808e-08
1901	33122	1.734267187654404e-08
33123	5507	1.734267187654404e-08
33124	1607	3.468534375308808e-08
33125	462	3.468534375308808e-08
33126	2266	1.734267187654404e-08
2266	33126	1.734267187654404e-08
20936	33127	3.468534375308808e-08
33127	4754	3.468534375308808e-08
33128	5688	1.734267187654404e-08
5688	33128	1.734267187654404e-08
9189	33129	1.734267187654404e-08
33130	8974	1.734267187654404e-08
33131	1589	1.734267187654404e-08
11496	33132	3.468534375308808e-08
33132	18782	3.468534375308808e-08
33133	731	1.734267187654404e-08
33134	16003	3.468534375308808e-08
7182	33135	3.468534375308808e-08
33135	3207	3.468534375308808e-08
23617	33136	3.468534375308808e-08
33137	17527	1.734267187654404e-08
33138	1681	1.734267187654404e-08
1902	33139	1.734267187654404e-08
33140	6656	1.734267187654404e-08
6656	33140	2.2545473439507254e-07
14632	33141	3.468534375308808e-08
33141	26538	5.2028015629632124e-08
33142	30	1.734267187654404e-08
33143	5153	8.671335938272021e-08
33143	2276	1.0405603125926425e-07
5153	33143	3.468534375308808e-08
33144	24525	1.734267187654404e-08
18559	33145	3.468534375308808e-08
33145	702	5.2028015629632124e-08
33146	4934	1.734267187654404e-08
33147	27292	1.734267187654404e-08
21095	33148	5.2028015629632124e-08
33148	16080	3.468534375308808e-08
33148	5086	3.468534375308808e-08
33149	1298	1.734267187654404e-08
33150	25975	1.734267187654404e-08
33151	135	1.734267187654404e-08
33152	33153	5.2028015629632124e-08
33152	6597	3.468534375308808e-08
33153	246	6.937068750617616e-08
33153	33152	3.468534375308808e-08
33154	33155	1.734267187654404e-08
33154	158	1.734267187654404e-08
33156	24170	1.0405603125926425e-07
33156	3067	3.468534375308808e-08
24170	34552	1.0405603125926425e-07
23482	33157	1.734267187654404e-08
33158	5086	1.734267187654404e-08
33159	335	1.734267187654404e-08
33159	33102	3.468534375308808e-08
33160	2655	1.734267187654404e-08
33161	10629	1.734267187654404e-08
33162	3722	1.734267187654404e-08
33162	22685	1.734267187654404e-08
33163	8259	1.734267187654404e-08
33164	29791	1.734267187654404e-08
33165	5204	1.734267187654404e-08
33165	2496	3.468534375308808e-08
5204	33165	3.468534375308808e-08
33166	30062	6.937068750617616e-08
30062	35653	5.2028015629632124e-08
33167	33168	3.468534375308808e-08
33168	12065	3.468534375308808e-08
33169	3722	1.734267187654404e-08
33170	211	8.671335938272021e-08
33170	135	1.734267187654404e-08
33171	495	3.468534375308808e-08
33172	1441	1.734267187654404e-08
1847	33173	3.468534375308808e-08
33173	14039	3.468534375308808e-08
33173	1847	1.734267187654404e-08
21618	33174	1.734267187654404e-08
33175	18509	3.468534375308808e-08
33176	4352	1.734267187654404e-08
33177	1740	1.734267187654404e-08
33177	13459	3.468534375308808e-08
1740	33177	3.468534375308808e-08
33178	23080	1.734267187654404e-08
33179	10205	1.734267187654404e-08
12699	33180	1.734267187654404e-08
12699	36673	1.734267187654404e-08
12699	36707	3.468534375308808e-08
12699	34330	3.468534375308808e-08
17591	33181	3.468534375308808e-08
33181	10936	5.2028015629632124e-08
33182	11948	3.468534375308808e-08
33183	20300	1.734267187654404e-08
33183	4124	1.734267187654404e-08
33184	783	5.2028015629632124e-08
33185	495	3.468534375308808e-08
33186	975	1.734267187654404e-08
33186	17800	1.734267187654404e-08
33187	7477	3.468534375308808e-08
16813	33188	3.468534375308808e-08
33188	19644	5.2028015629632124e-08
33189	5917	3.468534375308808e-08
33189	20901	3.468534375308808e-08
5917	33189	3.468534375308808e-08
977	33190	5.2028015629632124e-08
33190	34792	6.937068750617616e-08
33191	22983	8.671335938272021e-08
22983	33984	2.7748275002470466e-07
3045	33192	1.734267187654404e-08
3045	33880	5.2028015629632124e-08
15509	33193	3.468534375308808e-08
33193	7457	3.468534375308808e-08
30137	33194	1.734267187654404e-08
33194	30137	1.734267187654404e-08
33195	22772	1.734267187654404e-08
33196	8792	3.468534375308808e-08
33196	23792	3.468534375308808e-08
16852	33197	3.468534375308808e-08
33197	30828	3.468534375308808e-08
33197	16852	1.734267187654404e-08
33198	7506	3.468534375308808e-08
33198	4770	3.468534375308808e-08
33199	32792	1.0405603125926425e-07
33199	24729	5.2028015629632124e-08
33200	17319	1.734267187654404e-08
17319	33200	1.734267187654404e-08
11502	33201	1.734267187654404e-08
11502	35939	3.468534375308808e-08
8980	33202	1.734267187654404e-08
8980	34869	3.468534375308808e-08
33203	7632	3.468534375308808e-08
33204	504	1.734267187654404e-08
33205	8266	1.734267187654404e-08
33206	32959	3.468534375308808e-08
33207	18291	1.734267187654404e-08
33208	15061	1.734267187654404e-08
33208	20877	1.734267187654404e-08
33209	18826	1.734267187654404e-08
33210	2452	1.734267187654404e-08
33211	21479	1.734267187654404e-08
33211	2827	1.734267187654404e-08
33212	3540	1.734267187654404e-08
33213	21074	1.734267187654404e-08
33214	12797	1.734267187654404e-08
33215	32165	3.468534375308808e-08
33215	625	3.468534375308808e-08
33216	851	1.734267187654404e-08
26060	33217	1.734267187654404e-08
10230	33218	1.734267187654404e-08
33219	24217	5.2028015629632124e-08
33219	10916	1.734267187654404e-08
24217	34630	6.937068750617616e-08
1506	33220	1.734267187654404e-08
1506	34455	1.0405603125926425e-07
33220	1506	6.937068750617616e-08
33221	7286	1.734267187654404e-08
33222	19447	1.734267187654404e-08
33223	3012	5.2028015629632124e-08
33224	32170	1.734267187654404e-08
33225	10413	1.734267187654404e-08
26655	33226	1.734267187654404e-08
33226	26655	1.734267187654404e-08
33227	11285	3.468534375308808e-08
11285	34448	3.468534375308808e-08
33229	7457	1.734267187654404e-08
8067	33230	3.468534375308808e-08
33230	8067	3.468534375308808e-08
33230	4464	3.468534375308808e-08
19971	33231	3.468534375308808e-08
19971	36251	1.734267187654404e-08
33231	987	3.468534375308808e-08
33232	12756	1.734267187654404e-08
33233	3722	1.734267187654404e-08
33233	4141	1.734267187654404e-08
33234	14108	3.468534375308808e-08
14108	33311	6.937068750617616e-08
23418	33235	3.468534375308808e-08
33235	17136	3.468534375308808e-08
33236	16975	5.2028015629632124e-08
33236	6763	5.2028015629632124e-08
33237	7507	1.734267187654404e-08
33238	495	3.468534375308808e-08
33239	9637	1.734267187654404e-08
33240	6428	3.468534375308808e-08
26066	33241	3.468534375308808e-08
33241	8102	3.468534375308808e-08
33242	1526	1.734267187654404e-08
33242	23039	1.734267187654404e-08
33243	2205	3.468534375308808e-08
33243	20457	1.734267187654404e-08
33244	20962	3.468534375308808e-08
33245	11839	3.468534375308808e-08
33246	32482	1.734267187654404e-08
17621	33247	1.734267187654404e-08
20994	33248	3.468534375308808e-08
20994	34212	3.468534375308808e-08
33248	660	3.468534375308808e-08
15706	33250	1.734267187654404e-08
33251	12816	1.734267187654404e-08
33252	10695	1.734267187654404e-08
19836	33253	1.734267187654404e-08
20636	33254	1.734267187654404e-08
1972	33255	1.734267187654404e-08
1972	35725	3.468534375308808e-08
33256	7255	3.468534375308808e-08
33257	2354	1.734267187654404e-08
33258	17813	3.468534375308808e-08
1584	33259	3.468534375308808e-08
33259	1584	3.468534375308808e-08
33259	14789	3.468534375308808e-08
33260	29028	3.468534375308808e-08
33261	19945	1.734267187654404e-08
14518	33262	1.734267187654404e-08
9667	33263	1.734267187654404e-08
33263	9667	1.734267187654404e-08
33264	625	1.734267187654404e-08
20200	33265	1.734267187654404e-08
20200	35720	3.468534375308808e-08
33266	31755	1.734267187654404e-08
33267	2025	1.734267187654404e-08
33269	9724	6.937068750617616e-08
33270	7611	3.468534375308808e-08
7611	35106	8.671335938272021e-08
33271	28123	1.734267187654404e-08
33272	15070	3.468534375308808e-08
33272	35783	5.2028015629632124e-08
33273	17651	1.734267187654404e-08
33273	8616	1.734267187654404e-08
11916	33274	1.734267187654404e-08
33275	1600	5.2028015629632124e-08
7046	33276	1.734267187654404e-08
15542	33277	3.468534375308808e-08
33277	20667	3.468534375308808e-08
7360	33278	1.734267187654404e-08
383	33279	1.734267187654404e-08
33280	13949	1.734267187654404e-08
33280	1165	1.734267187654404e-08
33281	23805	1.734267187654404e-08
29074	33282	3.468534375308808e-08
33282	9039	3.468534375308808e-08
33283	20331	3.468534375308808e-08
33284	33285	1.734267187654404e-08
33286	6656	6.937068750617616e-08
33287	10553	1.734267187654404e-08
775	33288	1.734267187654404e-08
33289	14347	1.734267187654404e-08
33290	19927	1.734267187654404e-08
27807	33291	1.0405603125926425e-07
33291	33899	1.0405603125926425e-07
33292	8962	1.734267187654404e-08
33292	12601	1.734267187654404e-08
4630	33293	3.468534375308808e-08
33294	33295	3.468534375308808e-08
33295	28705	3.468534375308808e-08
13190	33296	3.468534375308808e-08
33296	24807	5.2028015629632124e-08
33297	6732	1.734267187654404e-08
33297	358	1.734267187654404e-08
18703	33298	5.2028015629632124e-08
33298	22861	5.2028015629632124e-08
33298	15505	5.2028015629632124e-08
33299	217	8.671335938272021e-08
217	33299	1.734267187654404e-08
33300	353	1.734267187654404e-08
33301	20201	1.734267187654404e-08
33302	3623	1.734267187654404e-08
5429	33304	3.468534375308808e-08
5429	35673	1.734267187654404e-08
33304	3244	3.468534375308808e-08
33305	24525	1.734267187654404e-08
33306	13957	1.734267187654404e-08
33307	1202	1.734267187654404e-08
33308	311	1.734267187654404e-08
33308	22632	1.734267187654404e-08
33309	5353	1.734267187654404e-08
33310	1468	1.734267187654404e-08
33312	15867	3.468534375308808e-08
12553	33313	1.734267187654404e-08
33314	3681	1.734267187654404e-08
33315	1775	1.734267187654404e-08
33316	135	1.734267187654404e-08
33316	211	8.671335938272021e-08
33317	7269	1.734267187654404e-08
33318	33319	6.937068750617616e-08
33319	22851	5.2028015629632124e-08
33320	137	1.734267187654404e-08
33321	17500	1.734267187654404e-08
15515	33322	1.734267187654404e-08
15515	34017	1.0405603125926425e-07
15515	34761	1.734267187654404e-08
15515	35328	3.468534375308808e-08
2474	33323	2.312356250205872e-08
2474	33354	2.312356250205872e-08
2474	35191	2.312356250205872e-08
33323	411	2.312356250205872e-08
32348	33324	3.468534375308808e-08
33324	26735	3.468534375308808e-08
33325	655	1.734267187654404e-08
33326	17654	1.734267187654404e-08
33327	41	1.734267187654404e-08
33328	27122	3.468534375308808e-08
33329	353	3.468534375308808e-08
14437	33330	3.468534375308808e-08
33330	27218	3.468534375308808e-08
20137	33331	1.734267187654404e-08
33332	33333	1.734267187654404e-08
33332	625	1.734267187654404e-08
33334	14887	1.734267187654404e-08
30510	33335	1.734267187654404e-08
33336	33337	1.734267187654404e-08
33339	7706	1.734267187654404e-08
11978	33340	1.734267187654404e-08
33340	11978	1.734267187654404e-08
25541	33341	1.734267187654404e-08
25541	34534	1.734267187654404e-08
33342	411	1.734267187654404e-08
33343	255	1.734267187654404e-08
33344	22425	1.734267187654404e-08
33345	33346	6.937068750617616e-08
33345	353	3.468534375308808e-08
33346	14647	5.2028015629632124e-08
33347	33348	1.734267187654404e-08
33349	4186	1.734267187654404e-08
12710	33350	1.734267187654404e-08
6836	33351	1.734267187654404e-08
33351	6836	1.734267187654404e-08
33352	28065	1.734267187654404e-08
33352	32923	3.468534375308808e-08
17478	33353	1.734267187654404e-08
33354	411	2.312356250205872e-08
5802	33355	3.468534375308808e-08
5802	35319	1.734267187654404e-08
5802	36027	1.0405603125926425e-07
33355	135	3.468534375308808e-08
33356	8704	3.468534375308808e-08
33357	12964	5.2028015629632124e-08
12964	35766	1.7342671876544043e-07
33358	4658	3.468534375308808e-08
33359	33360	1.734267187654404e-08
33361	15052	3.468534375308808e-08
33361	12141	3.468534375308808e-08
33361	15053	1.734267187654404e-08
22555	33362	3.468534375308808e-08
33362	22555	5.2028015629632124e-08
33362	29292	6.937068750617616e-08
33363	10944	1.734267187654404e-08
33364	19271	1.734267187654404e-08
19271	33364	1.734267187654404e-08
33365	22437	1.734267187654404e-08
22437	33365	1.734267187654404e-08
33366	33367	1.734267187654404e-08
1724	33368	1.734267187654404e-08
1724	35573	1.734267187654404e-08
1724	35760	1.734267187654404e-08
33369	5049	1.734267187654404e-08
33370	13096	1.734267187654404e-08
33371	11603	1.734267187654404e-08
33372	8315	1.734267187654404e-08
5793	33373	3.468534375308808e-08
5793	34917	1.734267187654404e-08
33373	3380	3.468534375308808e-08
33374	10638	1.734267187654404e-08
33375	26763	1.734267187654404e-08
33375	1030	1.734267187654404e-08
33376	495	3.468534375308808e-08
33377	33378	1.0405603125926425e-07
33377	2259	1.734267187654404e-08
33378	36098	1.3874137501235233e-07
33379	462	1.734267187654404e-08
33380	31634	1.734267187654404e-08
31634	33380	1.734267187654404e-08
33381	5025	1.734267187654404e-08
33382	11155	3.468534375308808e-08
21756	33383	3.468534375308808e-08
33383	255	3.468534375308808e-08
33384	26209	1.734267187654404e-08
33385	4454	1.734267187654404e-08
33386	10721	1.734267187654404e-08
33387	5011	1.734267187654404e-08
33388	19326	1.734267187654404e-08
33389	11454	1.734267187654404e-08
33389	35836	1.734267187654404e-08
21681	33390	3.468534375308808e-08
33390	14723	3.468534375308808e-08
8440	33391	1.734267187654404e-08
33392	7858	1.734267187654404e-08
33393	2082	1.734267187654404e-08
33394	698	2.6014007814816062e-08
33395	2320	1.734267187654404e-08
176	33396	7.804202344444819e-08
176	33785	3.468534375308808e-08
176	35894	7.804202344444819e-08
176	36410	3.468534375308808e-08
33396	211	1.3007003907408032e-07
33397	1907	1.734267187654404e-08
33398	17252	1.734267187654404e-08
6122	33399	1.734267187654404e-08
6122	34519	6.069935156790414e-08
6122	34553	3.468534375308808e-08
6122	34691	1.734267187654404e-08
6122	36416	6.069935156790414e-08
6122	34767	3.468534375308808e-08
33400	15350	1.734267187654404e-08
33401	2434	3.468534375308808e-08
33402	9511	1.734267187654404e-08
33402	18973	3.468534375308808e-08
9511	33402	3.468534375308808e-08
33403	33404	1.0405603125926425e-07
33404	30156	6.937068750617616e-08
33404	833	8.671335938272021e-08
33405	3607	3.179489844033074e-08
9306	33406	3.468534375308808e-08
33406	2754	3.468534375308808e-08
33407	520	1.734267187654404e-08
33408	18887	1.734267187654404e-08
33408	645	1.734267187654404e-08
33409	17466	1.734267187654404e-08
33410	9988	1.734267187654404e-08
21976	33411	3.468534375308808e-08
33411	21976	1.734267187654404e-08
33411	10596	3.468534375308808e-08
33412	3611	1.734267187654404e-08
33413	33414	6.937068750617616e-08
33413	15354	1.734267187654404e-08
33414	9385	5.2028015629632124e-08
33415	15181	5.2028015629632124e-08
15181	33415	1.734267187654404e-08
33416	17753	1.734267187654404e-08
33417	33418	1.734267187654404e-08
33417	23007	3.468534375308808e-08
33418	33417	3.468534375308808e-08
33419	25446	1.734267187654404e-08
33419	4094	5.2028015629632124e-08
33420	15948	1.734267187654404e-08
33420	15867	1.734267187654404e-08
33421	453	1.734267187654404e-08
453	33421	1.734267187654404e-08
33422	33423	3.468534375308808e-08
33422	963	5.2028015629632124e-08
33423	33422	3.468534375308808e-08
33424	16885	1.734267187654404e-08
29222	33425	3.468534375308808e-08
33425	18643	3.468534375308808e-08
33426	8210	3.468534375308808e-08
8210	36726	3.468534375308808e-08
33427	19977	1.734267187654404e-08
33428	225	1.734267187654404e-08
33429	33430	1.734267187654404e-08
6722	33431	3.468534375308808e-08
33431	1706	5.2028015629632124e-08
33433	24066	1.734267187654404e-08
33434	6585	1.734267187654404e-08
33434	7860	3.468534375308808e-08
6585	33434	3.468534375308808e-08
16567	33435	1.734267187654404e-08
33436	1219	1.734267187654404e-08
33437	1819	1.734267187654404e-08
21517	33438	3.468534375308808e-08
33439	25817	1.734267187654404e-08
3266	33440	3.468534375308808e-08
33440	11380	3.468534375308808e-08
33441	14171	3.468534375308808e-08
14171	34411	3.468534375308808e-08
14670	33443	1.734267187654404e-08
33444	2906	1.734267187654404e-08
33445	21130	1.734267187654404e-08
33446	3078	1.734267187654404e-08
1186	33447	3.468534375308808e-08
1186	35580	1.734267187654404e-08
33447	19232	3.468534375308808e-08
33448	2908	1.734267187654404e-08
33448	19334	1.734267187654404e-08
33449	3090	3.468534375308808e-08
33449	3971	1.734267187654404e-08
33450	11917	1.734267187654404e-08
8519	33451	5.2028015629632124e-08
33451	34445	6.937068750617616e-08
33451	8519	1.734267187654404e-08
16043	33452	1.734267187654404e-08
33453	23401	3.468534375308808e-08
33453	17088	1.734267187654404e-08
33454	33455	3.468534375308808e-08
33454	21646	3.468534375308808e-08
33455	19383	3.468534375308808e-08
33455	33454	3.468534375308808e-08
33456	1681	1.734267187654404e-08
33457	33458	6.937068750617616e-08
33457	28189	5.2028015629632124e-08
33458	21479	6.937068750617616e-08
33458	33457	6.937068750617616e-08
33459	25371	1.0405603125926425e-07
25371	34994	1.0405603125926425e-07
33460	23603	1.734267187654404e-08
33461	25994	1.734267187654404e-08
21574	33462	5.2028015629632124e-08
33462	21574	3.468534375308808e-08
33462	2788	1.0405603125926425e-07
33463	16231	1.734267187654404e-08
33464	4348	1.734267187654404e-08
33465	6740	1.734267187654404e-08
33465	36522	1.734267187654404e-08
29449	33466	6.937068750617616e-08
29449	34754	1.734267187654404e-08
33466	10564	5.2028015629632124e-08
33467	25967	1.734267187654404e-08
8667	33468	3.468534375308808e-08
33468	33949	3.468534375308808e-08
33469	33470	1.734267187654404e-08
33469	411	1.734267187654404e-08
33471	8196	1.734267187654404e-08
33472	6050	1.734267187654404e-08
33472	7753	1.734267187654404e-08
33473	21895	1.734267187654404e-08
33474	17459	1.734267187654404e-08
33475	11148	1.734267187654404e-08
33476	13336	1.734267187654404e-08
33477	1410	1.734267187654404e-08
33477	27040	5.2028015629632124e-08
9495	33478	1.734267187654404e-08
33478	9495	1.734267187654404e-08
33479	25380	1.734267187654404e-08
33479	3855	1.734267187654404e-08
33479	25379	1.734267187654404e-08
33480	6962	1.734267187654404e-08
33481	1188	1.734267187654404e-08
33483	251	1.734267187654404e-08
16574	33484	1.734267187654404e-08
16574	33960	1.0405603125926425e-07
33485	22344	1.734267187654404e-08
2714	33486	3.468534375308808e-08
2714	33215	5.2028015629632124e-08
33486	30937	3.468534375308808e-08
11898	33487	1.734267187654404e-08
5681	33488	1.734267187654404e-08
33489	6656	5.2028015629632124e-08
7402	33490	3.468534375308808e-08
7402	34185	1.734267187654404e-08
33490	10878	3.468534375308808e-08
33491	353	1.734267187654404e-08
24579	33492	1.734267187654404e-08
198	33493	1.734267187654404e-08
33494	14229	1.734267187654404e-08
14229	33494	1.734267187654404e-08
967	33495	1.0405603125926425e-07
967	33702	1.734267187654404e-08
33495	211	1.7342671876544043e-07
33496	32819	6.069935156790414e-08
17066	33497	3.468534375308808e-08
33497	26206	3.468534375308808e-08
33498	391	1.734267187654404e-08
391	33498	1.734267187654404e-08
33499	7670	1.734267187654404e-08
33501	495	6.937068750617616e-08
33502	1774	5.2028015629632124e-08
1774	33974	1.0405603125926425e-07
33503	33504	1.734267187654404e-08
33505	3906	1.734267187654404e-08
33506	20201	1.734267187654404e-08
33507	16910	3.468534375308808e-08
18591	33508	1.734267187654404e-08
33508	18591	1.734267187654404e-08
33510	655	1.734267187654404e-08
33510	32969	3.468534375308808e-08
33511	2534	5.2028015629632124e-08
33512	30274	1.734267187654404e-08
33512	14177	3.468534375308808e-08
30274	33512	3.468534375308808e-08
33513	421	1.734267187654404e-08
33514	1382	1.734267187654404e-08
1382	33514	1.734267187654404e-08
33515	13963	3.468534375308808e-08
33516	1109	1.734267187654404e-08
33517	6028	1.734267187654404e-08
33518	246	3.468534375308808e-08
246	36443	1.0405603125926425e-07
33519	24784	1.734267187654404e-08
33520	30071	1.734267187654404e-08
7828	33521	1.734267187654404e-08
33522	33523	1.734267187654404e-08
33522	1441	1.734267187654404e-08
33524	14843	3.468534375308808e-08
33525	1091	1.734267187654404e-08
33526	11142	1.734267187654404e-08
33527	2122	1.734267187654404e-08
33528	6136	1.734267187654404e-08
33529	29518	1.734267187654404e-08
33530	2320	1.734267187654404e-08
33531	33532	3.468534375308808e-08
33533	8878	1.734267187654404e-08
33533	12603	1.734267187654404e-08
8558	33535	3.468534375308808e-08
33535	1053	5.2028015629632124e-08
33536	1936	1.734267187654404e-08
33537	3615	1.734267187654404e-08
3615	33537	1.734267187654404e-08
33538	17439	3.468534375308808e-08
33538	11731	1.734267187654404e-08
33539	5120	1.734267187654404e-08
11903	33540	1.734267187654404e-08
11903	36048	3.468534375308808e-08
33541	15742	3.468534375308808e-08
33542	3983	1.734267187654404e-08
12879	33543	5.2028015629632124e-08
33543	35148	6.937068750617616e-08
33544	1248	1.734267187654404e-08
27795	33545	3.468534375308808e-08
33545	1221	3.468534375308808e-08
24589	33546	1.734267187654404e-08
24589	34323	1.734267187654404e-08
33547	499	3.468534375308808e-08
33547	691	3.468534375308808e-08
33548	24981	1.734267187654404e-08
33549	5757	1.734267187654404e-08
33549	30471	1.734267187654404e-08
6673	33550	1.734267187654404e-08
33550	6673	1.734267187654404e-08
33551	225	1.734267187654404e-08
12917	33552	1.734267187654404e-08
12917	34783	2.312356250205872e-08
12917	35952	2.312356250205872e-08
12917	33002	1.734267187654404e-08
12917	33405	2.312356250205872e-08
21823	33553	3.468534375308808e-08
33553	353	3.468534375308808e-08
33554	411	2.6014007814816062e-08
11317	33555	3.468534375308808e-08
33555	8057	3.468534375308808e-08
33556	29641	1.734267187654404e-08
1318	33557	1.734267187654404e-08
28092	33558	3.468534375308808e-08
33558	1269	1.2139870313580828e-07
33559	2444	1.734267187654404e-08
33560	33561	5.2028015629632124e-08
33561	9102	1.3874137501235233e-07
33562	1181	1.734267187654404e-08
33563	19122	1.734267187654404e-08
33563	8363	1.734267187654404e-08
33564	16680	1.734267187654404e-08
33565	14154	1.734267187654404e-08
33566	11834	1.734267187654404e-08
33567	29097	1.734267187654404e-08
33568	9040	1.734267187654404e-08
33569	25325	1.734267187654404e-08
25325	33569	1.734267187654404e-08
33570	11123	3.468534375308808e-08
33570	6763	3.468534375308808e-08
33571	207	1.734267187654404e-08
33572	5864	1.734267187654404e-08
33573	505	1.734267187654404e-08
33574	32145	1.734267187654404e-08
33574	8888	1.734267187654404e-08
33575	16915	1.734267187654404e-08
33576	33577	5.2028015629632124e-08
33576	109	3.468534375308808e-08
33576	36518	5.2028015629632124e-08
33577	89	3.468534375308808e-08
33578	10995	1.734267187654404e-08
856	33579	3.468534375308808e-08
33579	1819	3.468534375308808e-08
33580	1465	3.468534375308808e-08
1465	34166	6.937068750617616e-08
33581	31194	1.734267187654404e-08
25553	33582	1.734267187654404e-08
33583	32827	3.468534375308808e-08
33583	353	1.734267187654404e-08
6793	33584	1.734267187654404e-08
4597	33585	3.468534375308808e-08
4597	34371	1.734267187654404e-08
4597	36469	1.734267187654404e-08
33585	35505	3.468534375308808e-08
33586	3225	3.468534375308808e-08
33586	35684	3.468534375308808e-08
33587	12247	3.468534375308808e-08
33587	922	3.468534375308808e-08
33588	25280	1.734267187654404e-08
33588	2966	1.734267187654404e-08
33588	15009	1.734267187654404e-08
33589	353	1.734267187654404e-08
33590	5456	1.734267187654404e-08
33591	6256	3.468534375308808e-08
33591	1709	1.734267187654404e-08
33592	546	1.734267187654404e-08
33593	1407	1.734267187654404e-08
33593	33515	3.468534375308808e-08
21734	33594	3.468534375308808e-08
33594	28046	3.468534375308808e-08
25829	33595	1.734267187654404e-08
4326	33596	5.2028015629632124e-08
33596	6784	3.468534375308808e-08
33596	12487	3.468534375308808e-08
33596	4326	1.734267187654404e-08
33597	33598	1.734267187654404e-08
33597	3825	1.734267187654404e-08
33599	2518	1.734267187654404e-08
33599	35782	6.937068750617616e-08
2518	33599	5.2028015629632124e-08
843	33600	1.734267187654404e-08
33601	13996	3.468534375308808e-08
33602	423	1.734267187654404e-08
33602	18309	1.734267187654404e-08
33603	961	1.734267187654404e-08
33604	30330	1.734267187654404e-08
33604	851	1.734267187654404e-08
24769	33605	1.734267187654404e-08
33606	22118	1.734267187654404e-08
33607	23670	1.734267187654404e-08
33607	3945	1.734267187654404e-08
33608	7979	1.734267187654404e-08
1985	33609	1.734267187654404e-08
33610	16468	2.081120625185285e-07
16468	34599	1.2139870313580828e-07
16468	33781	2.4279740627161656e-07
33611	26433	1.734267187654404e-08
33612	11674	1.734267187654404e-08
10642	33613	3.468534375308808e-08
33613	6706	3.468534375308808e-08
1220	33614	3.468534375308808e-08
33614	35304	3.468534375308808e-08
2202	33615	1.734267187654404e-08
2202	34248	1.734267187654404e-08
2202	36213	1.734267187654404e-08
33616	12680	1.734267187654404e-08
33616	10279	1.734267187654404e-08
33617	799	3.468534375308808e-08
799	33617	1.734267187654404e-08
33618	5781	1.734267187654404e-08
22234	33619	3.468534375308808e-08
33619	7979	3.468534375308808e-08
33620	16626	1.734267187654404e-08
33621	4832	1.734267187654404e-08
33622	11897	1.734267187654404e-08
33623	225	3.468534375308808e-08
33624	2058	1.734267187654404e-08
33625	5048	1.734267187654404e-08
33626	18198	1.734267187654404e-08
33626	289	3.468534375308808e-08
18198	33626	3.468534375308808e-08
3460	33627	3.468534375308808e-08
33628	15614	1.734267187654404e-08
12090	33629	1.734267187654404e-08
33630	7396	3.468534375308808e-08
33631	13429	1.734267187654404e-08
33632	33143	1.0405603125926425e-07
33633	783	1.734267187654404e-08
13472	33634	1.734267187654404e-08
33635	11114	1.734267187654404e-08
33636	225	1.734267187654404e-08
33637	21684	1.734267187654404e-08
33639	19912	5.2028015629632124e-08
19912	36023	6.937068750617616e-08
33640	16769	1.734267187654404e-08
33641	8528	3.468534375308808e-08
20940	33642	1.734267187654404e-08
33643	10216	1.734267187654404e-08
33644	553	1.734267187654404e-08
33645	13361	1.734267187654404e-08
33645	2006	1.734267187654404e-08
33646	11587	1.734267187654404e-08
33647	225	1.734267187654404e-08
17442	33648	1.734267187654404e-08
27055	33649	6.937068750617616e-08
33649	9165	5.2028015629632124e-08
33650	698	1.734267187654404e-08
33651	421	1.734267187654404e-08
18069	33652	1.734267187654404e-08
33653	6474	5.2028015629632124e-08
33653	5820	1.734267187654404e-08
33653	13706	1.734267187654404e-08
6474	34329	6.937068750617616e-08
33654	12181	1.734267187654404e-08
33654	225	1.734267187654404e-08
33655	2226	3.468534375308808e-08
33656	33657	6.937068750617616e-08
33657	12518	5.2028015629632124e-08
33658	4456	3.468534375308808e-08
33658	182	5.2028015629632124e-08
18469	33659	3.468534375308808e-08
33659	1463	3.468534375308808e-08
33660	5120	1.734267187654404e-08
33660	22690	1.734267187654404e-08
19475	33661	3.468534375308808e-08
33661	14771	3.468534375308808e-08
33662	7575	3.468534375308808e-08
33663	16790	3.468534375308808e-08
33664	9802	1.734267187654404e-08
12674	33665	3.468534375308808e-08
33665	4088	3.468534375308808e-08
24845	33666	1.734267187654404e-08
33667	19442	1.734267187654404e-08
33668	11281	3.468534375308808e-08
33669	959	1.734267187654404e-08
33669	2421	1.734267187654404e-08
33670	11302	1.734267187654404e-08
9726	33671	1.734267187654404e-08
9726	33236	1.0405603125926425e-07
33671	9726	6.937068750617616e-08
4980	33672	1.734267187654404e-08
31329	33673	1.734267187654404e-08
33674	7110	1.734267187654404e-08
7110	33674	1.734267187654404e-08
33675	33676	1.734267187654404e-08
33678	4447	1.734267187654404e-08
33679	31149	1.734267187654404e-08
33679	949	1.734267187654404e-08
33680	711	1.734267187654404e-08
22424	33681	1.734267187654404e-08
33682	26790	1.734267187654404e-08
33683	23748	3.468534375308808e-08
33684	17960	1.734267187654404e-08
33685	4703	3.468534375308808e-08
33686	13296	1.734267187654404e-08
33687	655	1.734267187654404e-08
33688	27432	1.734267187654404e-08
33689	731	3.468534375308808e-08
25078	33690	5.2028015629632124e-08
33690	16104	5.2028015629632124e-08
33690	34848	3.468534375308808e-08
366	33691	1.734267187654404e-08
366	34221	1.734267187654404e-08
366	36083	3.468534375308808e-08
366	36810	1.734267187654404e-08
366	35169	1.734267187654404e-08
33692	421	1.734267187654404e-08
33693	33694	5.2028015629632124e-08
33693	34236	6.937068750617616e-08
33694	33693	5.2028015629632124e-08
23374	33695	1.734267187654404e-08
33696	15327	1.734267187654404e-08
33696	1775	1.734267187654404e-08
33697	4229	1.734267187654404e-08
33698	33699	3.468534375308808e-08
33700	11434	3.468534375308808e-08
33701	18006	1.734267187654404e-08
33703	6610	1.734267187654404e-08
33703	6295	3.468534375308808e-08
6610	33703	3.468534375308808e-08
33704	33705	3.468534375308808e-08
33704	769	3.468534375308808e-08
33705	33704	3.468534375308808e-08
33705	3493	3.468534375308808e-08
33706	27529	3.468534375308808e-08
33707	2053	1.734267187654404e-08
33708	13359	3.468534375308808e-08
13359	33708	1.734267187654404e-08
13664	33709	1.734267187654404e-08
28673	33710	3.468534375308808e-08
33710	17239	3.468534375308808e-08
33711	15957	3.468534375308808e-08
15957	34593	3.468534375308808e-08
27163	33712	3.468534375308808e-08
33712	9575	3.468534375308808e-08
33713	9439	1.734267187654404e-08
33714	8815	1.734267187654404e-08
33715	1181	1.734267187654404e-08
33715	6535	1.734267187654404e-08
33716	246	3.468534375308808e-08
469	33717	6.937068750617616e-08
33717	4999	5.2028015629632124e-08
29358	33718	1.734267187654404e-08
33719	33720	1.734267187654404e-08
33719	14408	1.734267187654404e-08
33721	28856	1.734267187654404e-08
33722	13075	1.734267187654404e-08
33723	3207	3.468534375308808e-08
33724	13051	1.734267187654404e-08
33725	495	3.468534375308808e-08
33726	4557	3.468534375308808e-08
8863	33728	1.734267187654404e-08
33729	21220	1.734267187654404e-08
33729	29095	1.734267187654404e-08
11182	33730	3.468534375308808e-08
33731	1681	1.734267187654404e-08
33732	33733	3.468534375308808e-08
33732	34061	1.734267187654404e-08
33733	2649	3.468534375308808e-08
33734	963	1.734267187654404e-08
33735	702	1.734267187654404e-08
33736	33737	1.734267187654404e-08
33736	20140	3.468534375308808e-08
33736	158	3.468534375308808e-08
33737	33736	5.2028015629632124e-08
33738	11849	1.734267187654404e-08
33739	1109	1.734267187654404e-08
33740	41	1.734267187654404e-08
33741	8779	1.734267187654404e-08
33742	28147	1.734267187654404e-08
33743	225	3.468534375308808e-08
33743	7070	3.468534375308808e-08
33744	2860	1.734267187654404e-08
33745	353	1.734267187654404e-08
33746	15928	1.0405603125926425e-07
15928	35024	1.0405603125926425e-07
33747	2434	1.734267187654404e-08
14945	33748	1.734267187654404e-08
33749	33750	1.734267187654404e-08
33751	33752	3.468534375308808e-08
33751	26664	3.468534375308808e-08
33752	9414	3.468534375308808e-08
33752	33751	3.468534375308808e-08
33753	1801	5.2028015629632124e-08
19555	33754	4.3356679691360106e-08
19555	35582	2.6014007814816062e-08
33754	36412	3.468534375308808e-08
33754	1565	2.6014007814816062e-08
33755	7428	1.734267187654404e-08
11965	33756	3.468534375308808e-08
33756	28693	3.468534375308808e-08
8242	33757	1.734267187654404e-08
33758	11652	3.468534375308808e-08
33759	33760	5.2028015629632124e-08
33760	31460	6.937068750617616e-08
33761	1367	1.734267187654404e-08
19053	33762	3.468534375308808e-08
33762	27228	3.468534375308808e-08
14000	33763	1.734267187654404e-08
33763	14000	1.734267187654404e-08
33764	5487	1.734267187654404e-08
33765	655	2.312356250205872e-08
33766	9153	1.734267187654404e-08
33767	1109	1.734267187654404e-08
33768	22915	1.734267187654404e-08
20385	33769	3.468534375308808e-08
33769	10694	3.468534375308808e-08
2155	33770	1.734267187654404e-08
33771	4113	1.734267187654404e-08
33772	17680	3.468534375308808e-08
33772	126	3.468534375308808e-08
33773	27258	1.734267187654404e-08
27099	33774	1.734267187654404e-08
33775	22733	1.734267187654404e-08
33776	14645	1.734267187654404e-08
33777	21192	1.734267187654404e-08
33778	5737	1.734267187654404e-08
33778	9620	1.734267187654404e-08
9462	33779	1.734267187654404e-08
33780	17087	1.734267187654404e-08
940	33781	3.468534375308808e-08
33781	1916	1.5608404688889638e-07
33782	20547	3.468534375308808e-08
33782	7304	3.468534375308808e-08
33782	19573	3.468534375308808e-08
33783	2137	1.734267187654404e-08
33783	25940	1.734267187654404e-08
33784	9512	1.734267187654404e-08
33786	33787	1.734267187654404e-08
33788	31015	1.734267187654404e-08
33789	15656	3.468534375308808e-08
8264	33790	1.734267187654404e-08
8264	35988	5.2028015629632124e-08
33791	12403	1.734267187654404e-08
33792	27051	1.734267187654404e-08
33793	36314	6.937068750617616e-08
33794	6028	1.734267187654404e-08
29402	33795	3.468534375308808e-08
33795	7560	3.468534375308808e-08
28209	33796	1.734267187654404e-08
33797	33798	1.734267187654404e-08
33797	16368	1.3874137501235233e-07
33798	33797	8.671335938272021e-08
33799	995	3.468534375308808e-08
33800	2646	1.734267187654404e-08
33801	18460	1.734267187654404e-08
33802	6277	3.468534375308808e-08
33803	33804	3.468534375308808e-08
33803	17502	1.734267187654404e-08
33804	8136	3.468534375308808e-08
31113	33805	1.734267187654404e-08
33805	31113	1.734267187654404e-08
33806	30006	1.734267187654404e-08
33807	18307	1.734267187654404e-08
33808	1221	1.734267187654404e-08
33809	9324	3.468534375308808e-08
91	33810	5.2028015629632124e-08
33810	91	1.734267187654404e-08
19559	33811	1.734267187654404e-08
33812	19872	1.734267187654404e-08
14810	33813	1.734267187654404e-08
33814	4658	3.468534375308808e-08
7922	33815	1.734267187654404e-08
33816	1310	1.734267187654404e-08
32250	33817	1.734267187654404e-08
33818	16071	1.734267187654404e-08
16071	33818	1.734267187654404e-08
33819	32707	1.734267187654404e-08
33820	4094	5.2028015629632124e-08
4094	35817	1.3874137501235233e-07
19523	33821	1.734267187654404e-08
33821	19523	5.2028015629632124e-08
33822	11976	1.734267187654404e-08
33824	9465	1.734267187654404e-08
33825	15420	1.734267187654404e-08
33825	9403	5.2028015629632124e-08
33826	20633	1.734267187654404e-08
33827	421	1.734267187654404e-08
18085	33828	1.734267187654404e-08
33829	2756	1.734267187654404e-08
20374	33830	1.734267187654404e-08
33831	23926	1.734267187654404e-08
28386	33832	1.734267187654404e-08
33833	8170	1.734267187654404e-08
20802	33834	3.468534375308808e-08
33834	20144	3.468534375308808e-08
33835	1181	1.734267187654404e-08
33837	335	1.734267187654404e-08
33838	4186	1.734267187654404e-08
33839	10933	3.468534375308808e-08
33840	19667	1.734267187654404e-08
33841	1144	1.734267187654404e-08
33842	3720	1.734267187654404e-08
33843	18066	1.734267187654404e-08
33844	248	1.734267187654404e-08
24330	33845	1.734267187654404e-08
33845	24330	1.734267187654404e-08
33846	6824	1.734267187654404e-08
9477	33847	1.734267187654404e-08
33847	9477	1.734267187654404e-08
33848	33849	3.468534375308808e-08
33848	9996	1.734267187654404e-08
33848	30588	6.937068750617616e-08
33850	1681	3.468534375308808e-08
33851	3183	1.734267187654404e-08
33852	1181	1.734267187654404e-08
33853	41	3.468534375308808e-08
33853	1989	1.734267187654404e-08
33854	211	1.3007003907408032e-07
33855	2134	1.734267187654404e-08
33856	12669	3.468534375308808e-08
33857	10766	1.734267187654404e-08
33857	3823	1.734267187654404e-08
33858	11207	1.734267187654404e-08
5852	33859	3.468534375308808e-08
33860	15564	1.734267187654404e-08
33860	4177	1.734267187654404e-08
33861	29007	1.734267187654404e-08
33861	4630	3.468534375308808e-08
33861	5633	1.734267187654404e-08
33862	28735	3.468534375308808e-08
33863	251	3.468534375308808e-08
33864	731	1.734267187654404e-08
33865	33866	1.734267187654404e-08
1090	33867	1.734267187654404e-08
33868	22463	3.468534375308808e-08
33869	17800	1.734267187654404e-08
9643	33870	3.468534375308808e-08
33870	17217	3.468534375308808e-08
33871	2321	1.734267187654404e-08
33872	33873	3.468534375308808e-08
33873	6129	3.468534375308808e-08
33874	2671	1.734267187654404e-08
33875	21086	1.734267187654404e-08
13335	33876	1.734267187654404e-08
33877	1181	1.734267187654404e-08
33878	16066	3.468534375308808e-08
33879	28119	1.734267187654404e-08
33880	33881	3.468534375308808e-08
33880	423	3.468534375308808e-08
33882	5421	1.734267187654404e-08
12545	33883	3.468534375308808e-08
33883	1628	3.468534375308808e-08
33883	12545	1.734267187654404e-08
4024	33884	3.468534375308808e-08
33884	255	3.468534375308808e-08
33885	33886	6.937068750617616e-08
33886	10036	3.468534375308808e-08
33886	36174	6.937068750617616e-08
7517	33887	1.734267187654404e-08
33888	26868	1.734267187654404e-08
7750	33889	6.937068750617616e-08
33889	4533	5.2028015629632124e-08
33890	8822	1.734267187654404e-08
33891	33892	6.937068750617616e-08
33892	3564	5.2028015629632124e-08
33893	2082	3.468534375308808e-08
6694	33894	3.468534375308808e-08
33894	1055	3.468534375308808e-08
33895	13367	3.468534375308808e-08
33895	1387	1.734267187654404e-08
33896	3861	3.468534375308808e-08
33897	4670	1.734267187654404e-08
33898	3728	3.468534375308808e-08
33899	9719	6.937068750617616e-08
33900	32736	1.734267187654404e-08
33901	3434	1.734267187654404e-08
33901	28477	1.734267187654404e-08
3077	33902	6.937068750617616e-08
33902	1750	8.671335938272021e-08
33903	225	1.734267187654404e-08
33903	15716	1.734267187654404e-08
17286	33904	1.734267187654404e-08
33905	23429	1.734267187654404e-08
33905	22029	1.734267187654404e-08
33906	29076	3.468534375308808e-08
33907	6109	1.734267187654404e-08
33907	13529	1.734267187654404e-08
32107	33908	1.734267187654404e-08
33909	14517	1.734267187654404e-08
33909	25784	1.734267187654404e-08
33910	21878	5.2028015629632124e-08
33911	9884	1.734267187654404e-08
33912	22983	8.671335938272021e-08
24233	33913	1.734267187654404e-08
33914	16711	1.734267187654404e-08
24604	33915	3.468534375308808e-08
33915	1983	3.468534375308808e-08
28527	33916	1.734267187654404e-08
29496	33917	1.0405603125926425e-07
33917	5238	6.937068750617616e-08
33918	34062	6.937068750617616e-08
20124	33919	1.734267187654404e-08
16891	33920	3.468534375308808e-08
16891	35170	1.734267187654404e-08
16891	35816	3.468534375308808e-08
16891	33496	4.3356679691360106e-08
16891	34297	4.3356679691360106e-08
33920	20642	3.468534375308808e-08
33921	33922	3.468534375308808e-08
33921	698	3.468534375308808e-08
33923	16062	1.734267187654404e-08
12252	33924	1.734267187654404e-08
33925	21690	1.734267187654404e-08
33926	2015	1.734267187654404e-08
33927	495	3.468534375308808e-08
33927	6854	1.734267187654404e-08
33928	1567	1.734267187654404e-08
33929	33930	3.468534375308808e-08
33930	9153	5.2028015629632124e-08
33931	18928	1.734267187654404e-08
33932	21269	1.734267187654404e-08
33932	22257	1.734267187654404e-08
1210	33933	1.734267187654404e-08
33934	6828	1.734267187654404e-08
33934	24965	1.734267187654404e-08
33935	15261	1.734267187654404e-08
14274	33936	3.468534375308808e-08
33936	27627	3.468534375308808e-08
2098	33937	1.734267187654404e-08
33938	7914	1.734267187654404e-08
33939	33940	1.734267187654404e-08
33939	33203	3.468534375308808e-08
33939	22314	1.734267187654404e-08
23825	33941	1.734267187654404e-08
33942	16982	3.468534375308808e-08
599	33943	1.734267187654404e-08
33943	599	1.734267187654404e-08
33944	20734	1.734267187654404e-08
25150	33945	1.734267187654404e-08
33946	14614	1.734267187654404e-08
33947	14659	1.734267187654404e-08
33948	546	1.734267187654404e-08
17597	33950	3.468534375308808e-08
33950	24699	3.468534375308808e-08
33951	7704	1.734267187654404e-08
33952	11300	3.468534375308808e-08
33952	27312	1.734267187654404e-08
33952	36798	3.468534375308808e-08
16878	33953	3.468534375308808e-08
33953	2051	3.468534375308808e-08
33954	4385	1.734267187654404e-08
33955	22850	3.468534375308808e-08
22836	33956	5.2028015629632124e-08
33957	33958	1.734267187654404e-08
33959	7752	3.468534375308808e-08
33959	9612	1.734267187654404e-08
33960	211	1.7342671876544043e-07
33961	27871	1.734267187654404e-08
33962	27392	1.734267187654404e-08
33963	3485	1.734267187654404e-08
33964	32344	1.734267187654404e-08
33964	33199	1.3874137501235233e-07
32344	33964	8.671335938272021e-08
33965	2487	1.734267187654404e-08
33966	6115	1.734267187654404e-08
33967	17486	3.468534375308808e-08
33968	33969	3.468534375308808e-08
33969	21611	3.468534375308808e-08
10382	33970	3.468534375308808e-08
33970	698	3.468534375308808e-08
9553	33971	3.468534375308808e-08
33971	7092	3.468534375308808e-08
13884	33972	1.734267187654404e-08
5379	33973	6.937068750617616e-08
5379	33117	3.468534375308808e-08
33973	4314	5.2028015629632124e-08
33974	851	6.937068750617616e-08
27307	33975	3.468534375308808e-08
33975	27307	1.734267187654404e-08
33975	34580	3.468534375308808e-08
33976	24780	1.734267187654404e-08
33977	12786	1.734267187654404e-08
30634	33978	1.734267187654404e-08
26727	33979	6.937068750617616e-08
33979	34874	6.937068750617616e-08
33979	3834	3.468534375308808e-08
26831	33980	1.734267187654404e-08
33981	11935	3.468534375308808e-08
33982	9958	1.734267187654404e-08
33983	1221	1.734267187654404e-08
33984	8839	2.6014007814816064e-07
33985	7437	1.734267187654404e-08
10922	33986	1.734267187654404e-08
10922	35197	3.468534375308808e-08
33987	14197	1.734267187654404e-08
33987	36497	1.734267187654404e-08
33987	1165	1.734267187654404e-08
33988	1209	1.734267187654404e-08
33988	22097	3.468534375308808e-08
1209	33988	3.468534375308808e-08
33989	9357	1.734267187654404e-08
33990	33991	3.468534375308808e-08
33991	11218	5.2028015629632124e-08
33991	33990	3.468534375308808e-08
33992	11209	1.734267187654404e-08
33993	10277	1.734267187654404e-08
33994	335	3.468534375308808e-08
33995	33996	1.734267187654404e-08
33996	33995	1.734267187654404e-08
33997	22950	1.734267187654404e-08
33998	11032	5.2028015629632124e-08
2664	33999	1.734267187654404e-08
4618	34000	3.468534375308808e-08
34000	1219	3.468534375308808e-08
34001	34002	3.468534375308808e-08
34002	4177	5.2028015629632124e-08
34003	9207	1.734267187654404e-08
34004	34005	3.468534375308808e-08
34005	16003	3.468534375308808e-08
19852	34006	1.734267187654404e-08
19852	35334	3.468534375308808e-08
34007	18532	1.734267187654404e-08
34008	8141	1.734267187654404e-08
34009	32915	3.468534375308808e-08
34009	2110	1.734267187654404e-08
34010	11434	1.734267187654404e-08
34011	2596	1.734267187654404e-08
34011	8813	1.734267187654404e-08
34012	1681	1.734267187654404e-08
34013	34014	1.734267187654404e-08
34014	34013	1.734267187654404e-08
34015	24989	1.734267187654404e-08
34016	1408	1.734267187654404e-08
34017	211	1.7342671876544043e-07
774	34018	1.734267187654404e-08
34019	698	2.6014007814816062e-08
30768	34020	3.468534375308808e-08
34020	598	3.468534375308808e-08
34021	6522	1.734267187654404e-08
4305	34022	5.2028015629632124e-08
34022	26327	3.468534375308808e-08
34022	4305	1.734267187654404e-08
34022	5023	3.468534375308808e-08
34023	2367	1.734267187654404e-08
34024	19681	3.468534375308808e-08
19681	34443	5.2028015629632124e-08
34025	34026	5.2028015629632124e-08
34026	36175	6.937068750617616e-08
34027	31441	1.734267187654404e-08
34028	225	1.734267187654404e-08
34028	3846	1.734267187654404e-08
34029	3722	1.734267187654404e-08
18080	34030	1.734267187654404e-08
34031	31670	5.2028015629632124e-08
34031	34430	5.2028015629632124e-08
34032	10615	1.734267187654404e-08
34033	13364	3.468534375308808e-08
34034	2631	1.734267187654404e-08
34035	22734	1.734267187654404e-08
34036	4248	1.734267187654404e-08
34037	12780	1.734267187654404e-08
34038	1795	1.734267187654404e-08
34039	7514	5.2028015629632124e-08
18311	34040	3.468534375308808e-08
34040	462	3.468534375308808e-08
34041	14528	1.734267187654404e-08
34041	34824	5.2028015629632124e-08
34042	4469	1.734267187654404e-08
34043	13230	1.734267187654404e-08
34044	33223	3.468534375308808e-08
34045	23263	1.734267187654404e-08
23263	34045	1.734267187654404e-08
34046	28306	1.734267187654404e-08
34046	5885	1.734267187654404e-08
34047	12192	1.734267187654404e-08
34048	28310	8.671335938272021e-08
34049	2879	1.734267187654404e-08
2879	34049	1.734267187654404e-08
34050	3611	1.734267187654404e-08
34051	14912	1.734267187654404e-08
34051	14827	1.734267187654404e-08
34052	2759	1.734267187654404e-08
34053	225	1.734267187654404e-08
34053	31823	1.734267187654404e-08
34054	225	1.734267187654404e-08
34055	135	1.734267187654404e-08
34055	16468	6.937068750617616e-08
34056	627	3.468534375308808e-08
34057	1144	8.671335938272021e-08
34058	24066	1.734267187654404e-08
34060	625	1.734267187654404e-08
34060	27462	1.734267187654404e-08
34062	10264	6.937068750617616e-08
25741	34063	3.468534375308808e-08
34063	421	3.468534375308808e-08
34064	23297	3.468534375308808e-08
34065	2743	1.734267187654404e-08
34066	12075	1.734267187654404e-08
34066	6819	1.734267187654404e-08
34067	11422	1.734267187654404e-08
34067	5827	1.734267187654404e-08
34068	13923	3.468534375308808e-08
19062	34069	1.734267187654404e-08
34069	19062	1.734267187654404e-08
34070	488	1.734267187654404e-08
34071	17500	1.734267187654404e-08
34072	353	1.734267187654404e-08
34073	4987	1.734267187654404e-08
4987	34073	1.734267187654404e-08
34074	41	1.734267187654404e-08
34075	8520	1.734267187654404e-08
34075	9830	1.734267187654404e-08
34077	11	1.734267187654404e-08
34077	13906	1.734267187654404e-08
34077	7591	1.734267187654404e-08
34078	211	8.671335938272021e-08
34079	8931	1.734267187654404e-08
34079	6611	1.734267187654404e-08
34080	4984	1.734267187654404e-08
34081	34082	1.734267187654404e-08
34083	8196	1.734267187654404e-08
34084	3325	3.468534375308808e-08
34084	9649	1.734267187654404e-08
34085	8880	1.734267187654404e-08
34086	1441	1.734267187654404e-08
34086	26209	1.734267187654404e-08
30418	34087	3.468534375308808e-08
34087	4102	3.468534375308808e-08
26799	34088	1.734267187654404e-08
34089	21199	1.734267187654404e-08
34090	11011	1.734267187654404e-08
34090	10401	1.0405603125926425e-07
11011	34090	6.937068750617616e-08
34091	3062	1.734267187654404e-08
34092	423	1.926963541838227e-08
34093	6453	1.734267187654404e-08
6584	34094	1.734267187654404e-08
34095	211	1.7342671876544043e-07
34096	11863	1.734267187654404e-08
34097	12596	1.734267187654404e-08
34098	8490	1.734267187654404e-08
34098	2228	3.468534375308808e-08
8490	34098	3.468534375308808e-08
34099	2248	3.468534375308808e-08
34100	335	3.468534375308808e-08
34101	6229	1.734267187654404e-08
13007	34102	3.468534375308808e-08
34102	1221	3.468534375308808e-08
34103	423	1.734267187654404e-08
34103	32722	1.734267187654404e-08
7364	34104	3.468534375308808e-08
34104	1167	3.468534375308808e-08
34105	34106	6.937068750617616e-08
34105	30890	3.468534375308808e-08
34106	2741	5.2028015629632124e-08
26355	34107	3.468534375308808e-08
34107	10884	3.468534375308808e-08
34108	3460	3.468534375308808e-08
25807	34109	3.468534375308808e-08
34109	25807	1.734267187654404e-08
34109	12053	3.468534375308808e-08
34110	34111	1.734267187654404e-08
34112	15322	1.734267187654404e-08
34112	6254	1.734267187654404e-08
34113	10098	1.734267187654404e-08
34115	715	1.734267187654404e-08
34116	411	1.734267187654404e-08
34117	25144	1.734267187654404e-08
25144	34117	1.734267187654404e-08
34118	335	1.734267187654404e-08
34119	19049	6.937068750617616e-08
34120	2827	1.734267187654404e-08
34121	4317	1.734267187654404e-08
34122	9862	1.734267187654404e-08
9917	34123	1.734267187654404e-08
34124	19434	1.734267187654404e-08
34125	18057	1.734267187654404e-08
34125	20699	3.468534375308808e-08
18057	34125	3.468534375308808e-08
34126	1589	1.734267187654404e-08
34127	4614	1.734267187654404e-08
34128	18512	1.734267187654404e-08
712	34129	1.734267187654404e-08
712	35051	1.734267187654404e-08
712	36178	1.734267187654404e-08
712	33459	6.937068750617616e-08
712	34433	3.468534375308808e-08
712	36265	3.468534375308808e-08
712	34772	3.468534375308808e-08
17308	34130	6.937068750617616e-08
34130	11908	5.2028015629632124e-08
34131	16949	1.734267187654404e-08
34132	14923	1.734267187654404e-08
34133	16680	1.734267187654404e-08
34133	8239	1.734267187654404e-08
34134	495	3.468534375308808e-08
34135	731	2.081120625185285e-08
34136	5011	1.734267187654404e-08
34137	34138	3.468534375308808e-08
34138	25677	3.468534375308808e-08
34138	34137	1.734267187654404e-08
34140	7794	1.734267187654404e-08
34141	34142	1.734267187654404e-08
34141	795	1.734267187654404e-08
34143	21476	5.2028015629632124e-08
34144	29024	1.734267187654404e-08
34145	34146	1.734267187654404e-08
34147	14717	1.734267187654404e-08
4079	34148	3.468534375308808e-08
34148	4079	1.734267187654404e-08
34148	21709	3.468534375308808e-08
9960	34149	1.734267187654404e-08
12741	34150	3.468534375308808e-08
34150	3345	6.937068750617616e-08
34151	34152	5.2028015629632124e-08
34151	35086	3.468534375308808e-08
34153	20064	1.734267187654404e-08
34153	499	1.734267187654404e-08
34154	34039	3.468534375308808e-08
34154	20727	1.734267187654404e-08
9007	34155	1.734267187654404e-08
9007	35421	3.468534375308808e-08
9007	36426	1.734267187654404e-08
18987	34156	1.734267187654404e-08
34157	34158	1.734267187654404e-08
34159	21907	1.734267187654404e-08
34160	34161	3.468534375308808e-08
34161	1181	3.468534375308808e-08
34162	34163	3.468534375308808e-08
34163	4186	3.468534375308808e-08
34164	411	1.734267187654404e-08
34165	13942	1.734267187654404e-08
703	34166	1.734267187654404e-08
34167	3906	3.468534375308808e-08
34168	11000	3.468534375308808e-08
34169	9855	1.734267187654404e-08
34170	14959	1.734267187654404e-08
17450	34171	1.734267187654404e-08
34172	627	3.468534375308808e-08
34173	18568	1.734267187654404e-08
34174	625	1.734267187654404e-08
34175	3989	1.734267187654404e-08
34176	191	1.734267187654404e-08
34176	835	3.468534375308808e-08
191	34176	3.468534375308808e-08
34177	1907	1.734267187654404e-08
34178	731	1.734267187654404e-08
34179	27545	1.734267187654404e-08
34179	16406	1.734267187654404e-08
11466	34180	2.6014007814816062e-08
11466	36082	2.6014007814816062e-08
34180	3855	2.6014007814816062e-08
34181	4361	1.734267187654404e-08
34182	2611	1.734267187654404e-08
34183	311	1.734267187654404e-08
34183	2006	1.734267187654404e-08
34184	1478	1.734267187654404e-08
34184	11499	3.468534375308808e-08
1478	34184	3.468534375308808e-08
806	34186	3.468534375308808e-08
34186	36820	3.468534375308808e-08
34187	34188	1.3874137501235233e-07
34188	28826	8.671335938272021e-08
34189	33772	5.2028015629632124e-08
23095	34190	6.937068750617616e-08
34190	1325	5.2028015629632124e-08
34191	731	2.081120625185285e-08
34192	211	1.7342671876544043e-07
34193	34194	1.734267187654404e-08
34195	504	1.734267187654404e-08
34196	339	1.734267187654404e-08
34197	7955	1.734267187654404e-08
13451	34198	3.468534375308808e-08
34198	34543	3.468534375308808e-08
34199	3207	3.468534375308808e-08
34200	3049	1.734267187654404e-08
34201	33184	6.937068750617616e-08
34202	12484	1.734267187654404e-08
6735	34203	1.734267187654404e-08
34204	518	1.734267187654404e-08
34205	25594	1.734267187654404e-08
34206	11881	1.734267187654404e-08
21683	34207	3.468534375308808e-08
34207	7534	3.468534375308808e-08
32585	34208	3.468534375308808e-08
34208	4791	3.468534375308808e-08
34210	13187	1.734267187654404e-08
7198	34211	3.468534375308808e-08
34211	35879	3.468534375308808e-08
34212	12822	3.468534375308808e-08
34213	335	1.734267187654404e-08
12768	34214	1.734267187654404e-08
34215	9359	3.468534375308808e-08
34215	16070	1.734267187654404e-08
34216	21880	1.734267187654404e-08
34217	26822	1.734267187654404e-08
34218	34219	3.468534375308808e-08
34219	16966	3.468534375308808e-08
34220	2378	3.468534375308808e-08
34222	34223	1.734267187654404e-08
34224	8895	1.734267187654404e-08
34225	8453	1.734267187654404e-08
34225	991	1.734267187654404e-08
34226	8359	1.734267187654404e-08
34226	9573	1.734267187654404e-08
34227	24524	1.734267187654404e-08
34228	6559	1.734267187654404e-08
34229	12601	1.734267187654404e-08
34231	10619	1.734267187654404e-08
34232	353	2.6014007814816062e-08
34233	8555	1.734267187654404e-08
34234	10859	1.734267187654404e-08
34235	31850	1.734267187654404e-08
34236	33693	6.937068750617616e-08
34236	3726	6.937068750617616e-08
34237	16472	3.468534375308808e-08
34237	14554	1.734267187654404e-08
34238	34239	1.734267187654404e-08
34240	26281	3.468534375308808e-08
17955	34241	3.468534375308808e-08
34241	3183	3.468534375308808e-08
27708	34242	5.2028015629632124e-08
34242	1435	3.468534375308808e-08
34242	1441	3.468534375308808e-08
3280	34243	3.468534375308808e-08
34243	3525	3.468534375308808e-08
28106	34244	1.734267187654404e-08
13832	34245	1.734267187654404e-08
26183	34246	3.468534375308808e-08
34246	7274	3.468534375308808e-08
34247	14098	3.468534375308808e-08
34249	11639	1.734267187654404e-08
34250	12814	1.734267187654404e-08
34251	29718	1.734267187654404e-08
34251	31196	1.734267187654404e-08
18053	34252	3.468534375308808e-08
34252	16756	3.468534375308808e-08
11955	34254	3.468534375308808e-08
11955	35714	1.734267187654404e-08
34254	23080	3.468534375308808e-08
8747	34255	3.468534375308808e-08
34255	1654	3.468534375308808e-08
34256	7978	1.734267187654404e-08
34257	34150	3.468534375308808e-08
34257	35133	1.734267187654404e-08
34258	2005	1.734267187654404e-08
34259	973	1.734267187654404e-08
34260	1181	1.734267187654404e-08
34261	211	8.671335938272021e-08
34262	187	3.468534375308808e-08
34263	3268	6.937068750617616e-08
3268	35891	1.2139870313580828e-07
34264	8626	1.734267187654404e-08
34264	225	1.734267187654404e-08
34265	107	6.937068750617616e-08
34265	6603	1.0405603125926425e-07
34266	20753	1.734267187654404e-08
34267	353	1.734267187654404e-08
34268	11739	3.468534375308808e-08
34269	1367	1.734267187654404e-08
34270	335	1.734267187654404e-08
34271	32229	1.734267187654404e-08
34272	731	1.734267187654404e-08
34273	462	1.734267187654404e-08
34274	6697	1.734267187654404e-08
34275	6845	1.734267187654404e-08
34276	12436	1.734267187654404e-08
34277	1466	1.734267187654404e-08
34278	11029	1.734267187654404e-08
34278	3288	1.734267187654404e-08
34279	2110	3.468534375308808e-08
34280	23808	1.734267187654404e-08
23808	34280	1.734267187654404e-08
28885	34281	1.734267187654404e-08
34282	1221	1.734267187654404e-08
34284	20210	1.734267187654404e-08
34284	11377	1.734267187654404e-08
34285	12732	3.468534375308808e-08
34286	1298	1.734267187654404e-08
6156	34287	1.734267187654404e-08
34288	25118	1.734267187654404e-08
19056	34289	3.468534375308808e-08
34289	14565	5.2028015629632124e-08
28907	34290	1.734267187654404e-08
34290	28907	1.734267187654404e-08
34291	15152	1.734267187654404e-08
34292	4853	1.734267187654404e-08
34292	26632	3.468534375308808e-08
4853	34292	3.468534375308808e-08
34293	3816	1.734267187654404e-08
34294	13891	5.2028015629632124e-08
34295	462	3.468534375308808e-08
23399	34296	3.468534375308808e-08
34296	23399	1.734267187654404e-08
34296	3195	3.468534375308808e-08
34297	34298	6.069935156790414e-08
34298	28978	4.3356679691360106e-08
34299	421	3.468534375308808e-08
34300	2440	5.2028015629632124e-08
34301	7508	1.734267187654404e-08
7508	34301	1.734267187654404e-08
34302	18180	1.734267187654404e-08
18180	34302	1.734267187654404e-08
34303	17326	5.2028015629632124e-08
17326	34294	6.937068750617616e-08
34304	7750	5.2028015629632124e-08
34305	16987	1.734267187654404e-08
34306	25570	3.468534375308808e-08
34307	27785	1.734267187654404e-08
34307	25723	1.734267187654404e-08
34308	26069	1.734267187654404e-08
34309	657	1.734267187654404e-08
32175	34310	5.2028015629632124e-08
34310	1477	3.468534375308808e-08
34310	24499	3.468534375308808e-08
34310	32175	1.734267187654404e-08
13960	34311	1.734267187654404e-08
21040	34312	1.734267187654404e-08
34313	14901	1.734267187654404e-08
34314	16015	1.734267187654404e-08
34315	5968	1.734267187654404e-08
34316	2002	3.468534375308808e-08
16682	34317	3.468534375308808e-08
34317	7070	3.468534375308808e-08
34318	18475	1.734267187654404e-08
34318	30122	1.734267187654404e-08
34319	17901	1.734267187654404e-08
34319	9685	1.734267187654404e-08
34320	16980	3.468534375308808e-08
16980	34320	1.734267187654404e-08
27365	34321	3.468534375308808e-08
34322	11448	1.734267187654404e-08
34324	6401	1.734267187654404e-08
6401	34324	1.734267187654404e-08
34325	2534	3.468534375308808e-08
34326	18173	3.468534375308808e-08
34327	15038	1.734267187654404e-08
34328	255	1.734267187654404e-08
34329	2535	5.2028015629632124e-08
34330	2066	3.468534375308808e-08
34331	34332	1.734267187654404e-08
34333	987	1.734267187654404e-08
34334	9684	1.734267187654404e-08
34335	6136	1.734267187654404e-08
34336	20072	1.734267187654404e-08
34336	30046	1.734267187654404e-08
34337	4217	3.468534375308808e-08
4217	34337	1.734267187654404e-08
23372	34338	1.734267187654404e-08
34339	34340	1.734267187654404e-08
34339	698	1.734267187654404e-08
34341	24260	1.734267187654404e-08
34341	32545	1.734267187654404e-08
34341	36073	3.468534375308808e-08
34342	25097	1.734267187654404e-08
22775	34343	3.468534375308808e-08
34343	3564	3.468534375308808e-08
26270	34344	1.734267187654404e-08
30473	34345	1.734267187654404e-08
13536	34346	1.734267187654404e-08
34347	25053	1.734267187654404e-08
34348	34349	3.468534375308808e-08
34349	14813	3.468534375308808e-08
26809	34350	1.734267187654404e-08
26809	36356	1.734267187654404e-08
1780	34351	3.468534375308808e-08
34351	1780	1.734267187654404e-08
34351	2594	3.468534375308808e-08
12354	34352	3.468534375308808e-08
34352	12354	1.734267187654404e-08
34352	7575	3.468534375308808e-08
34353	11399	1.734267187654404e-08
34354	9510	1.734267187654404e-08
34355	5671	1.734267187654404e-08
34356	23401	1.734267187654404e-08
34357	23767	1.3874137501235233e-07
23767	35430	2.081120625185285e-07
34358	7714	1.734267187654404e-08
34359	423	1.926963541838227e-08
34360	19537	1.734267187654404e-08
20825	34361	1.734267187654404e-08
34362	21251	3.468534375308808e-08
34363	1744	1.734267187654404e-08
7427	34364	1.734267187654404e-08
34365	15978	1.734267187654404e-08
23967	34366	2.312356250205872e-08
23967	35802	2.312356250205872e-08
23967	36709	2.312356250205872e-08
34366	11707	2.312356250205872e-08
34367	4819	1.734267187654404e-08
34368	21798	1.734267187654404e-08
34369	18981	3.468534375308808e-08
19805	34370	1.734267187654404e-08
34370	19805	1.734267187654404e-08
23396	34372	1.734267187654404e-08
34373	7437	1.734267187654404e-08
34374	34375	3.468534375308808e-08
34375	7706	3.468534375308808e-08
34376	3475	1.734267187654404e-08
34377	30257	3.468534375308808e-08
34377	29374	3.468534375308808e-08
18024	34378	3.468534375308808e-08
34378	4658	3.468534375308808e-08
1214	34379	1.0405603125926425e-07
1214	36074	5.2028015629632124e-08
1214	34187	1.5608404688889638e-07
34379	11224	6.937068750617616e-08
2419	34380	1.734267187654404e-08
2419	35770	1.734267187654404e-08
2419	35978	1.734267187654404e-08
2419	32870	7.804202344444819e-08
2419	33854	6.069935156790414e-08
34381	4625	3.468534375308808e-08
34382	922	1.734267187654404e-08
34382	5616	1.734267187654404e-08
34383	19924	1.734267187654404e-08
34384	5196	1.734267187654404e-08
34384	1298	1.734267187654404e-08
34385	34386	3.468534375308808e-08
34386	12733	3.468534375308808e-08
34388	11201	1.734267187654404e-08
17221	34389	3.468534375308808e-08
34389	17222	3.468534375308808e-08
34390	24470	1.734267187654404e-08
34391	34392	1.734267187654404e-08
2639	34393	2.6014007814816062e-08
2639	35713	1.734267187654404e-08
2639	33554	2.6014007814816062e-08
34393	411	2.6014007814816062e-08
29250	34394	3.468534375308808e-08
34394	22412	3.468534375308808e-08
34395	3989	1.734267187654404e-08
34396	33655	3.468534375308808e-08
29224	34397	1.734267187654404e-08
34398	7884	1.734267187654404e-08
34399	95	1.734267187654404e-08
34400	27936	3.468534375308808e-08
34401	1508	1.734267187654404e-08
14766	34402	1.734267187654404e-08
34403	34404	1.734267187654404e-08
34403	411	1.734267187654404e-08
34405	411	1.734267187654404e-08
34406	2827	1.734267187654404e-08
34407	33299	1.0405603125926425e-07
34407	5752	5.2028015629632124e-08
34407	34699	3.468534375308808e-08
34408	2848	1.734267187654404e-08
34409	5426	1.734267187654404e-08
34410	22748	3.468534375308808e-08
34411	14171	1.734267187654404e-08
34412	91	3.468534375308808e-08
29929	34413	3.468534375308808e-08
34413	21090	3.468534375308808e-08
11826	34414	1.0405603125926425e-07
11826	34868	5.2028015629632124e-08
34414	211	1.7342671876544043e-07
34415	5943	1.734267187654404e-08
34416	13774	1.734267187654404e-08
28193	34417	1.734267187654404e-08
28193	33623	3.468534375308808e-08
34418	12656	1.734267187654404e-08
14947	34419	1.734267187654404e-08
34420	9324	1.734267187654404e-08
34421	12869	1.734267187654404e-08
34422	7116	1.734267187654404e-08
34423	3601	1.734267187654404e-08
34423	34548	1.734267187654404e-08
34424	423	1.734267187654404e-08
34424	22715	1.734267187654404e-08
34425	24770	3.468534375308808e-08
34426	11381	1.734267187654404e-08
34427	2987	1.734267187654404e-08
10425	34428	1.734267187654404e-08
10425	34392	1.734267187654404e-08
18457	34429	3.468534375308808e-08
34429	12095	3.468534375308808e-08
1291	34431	1.734267187654404e-08
1291	35084	3.468534375308808e-08
1291	35008	3.468534375308808e-08
34432	1690	1.734267187654404e-08
34432	25961	1.734267187654404e-08
34433	3649	3.468534375308808e-08
155	34434	1.734267187654404e-08
34435	18728	1.734267187654404e-08
34436	16709	1.734267187654404e-08
34438	8921	1.734267187654404e-08
34439	10557	1.734267187654404e-08
26592	34440	1.734267187654404e-08
15753	34441	3.468534375308808e-08
34441	13580	3.468534375308808e-08
9049	34442	3.468534375308808e-08
34442	21126	3.468534375308808e-08
29732	34444	1.734267187654404e-08
34445	2962	5.2028015629632124e-08
34446	698	1.734267187654404e-08
34446	34615	1.734267187654404e-08
34447	1147	1.734267187654404e-08
34448	11285	1.734267187654404e-08
34449	3906	5.2028015629632124e-08
34450	7979	1.734267187654404e-08
34451	21698	1.734267187654404e-08
26389	34452	5.2028015629632124e-08
34452	26389	1.734267187654404e-08
34452	35096	6.937068750617616e-08
34453	31422	6.937068750617616e-08
34454	23638	5.2028015629632124e-08
23638	35391	6.937068750617616e-08
34455	21132	5.2028015629632124e-08
34455	14661	6.937068750617616e-08
21132	34455	3.468534375308808e-08
34456	537	1.734267187654404e-08
2957	34457	1.734267187654404e-08
34457	2957	1.734267187654404e-08
34458	13227	1.734267187654404e-08
34459	21907	3.468534375308808e-08
34460	20987	1.734267187654404e-08
34461	5564	1.734267187654404e-08
34461	27593	1.734267187654404e-08
34462	1357	1.734267187654404e-08
34463	8141	1.734267187654404e-08
34464	119	3.468534375308808e-08
34465	760	1.734267187654404e-08
34465	6634	3.468534375308808e-08
760	34465	3.468534375308808e-08
34466	107	5.2028015629632124e-08
107	34265	6.937068750617616e-08
34467	1123	1.734267187654404e-08
34468	4999	1.734267187654404e-08
34468	3607	1.734267187654404e-08
34469	5450	1.734267187654404e-08
34470	11985	3.468534375308808e-08
19158	34471	1.734267187654404e-08
34472	109	1.734267187654404e-08
14191	34473	1.734267187654404e-08
34474	14609	3.468534375308808e-08
2788	34475	8.671335938272021e-08
34476	1681	1.734267187654404e-08
34476	36724	1.734267187654404e-08
34477	22524	1.734267187654404e-08
34478	27661	3.468534375308808e-08
34478	3861	3.468534375308808e-08
26385	34479	1.734267187654404e-08
34480	33422	5.2028015629632124e-08
18992	34481	5.2028015629632124e-08
34481	1681	3.468534375308808e-08
34481	28276	3.468534375308808e-08
34481	18992	1.734267187654404e-08
34482	2528	1.734267187654404e-08
34483	7107	1.734267187654404e-08
7107	34483	1.734267187654404e-08
2254	34484	3.468534375308808e-08
34484	3861	3.468534375308808e-08
34485	211	8.671335938272021e-08
34485	135	1.734267187654404e-08
34486	3188	1.734267187654404e-08
13272	34487	1.734267187654404e-08
34488	1774	5.2028015629632124e-08
34488	16028	1.734267187654404e-08
34489	1567	6.330075234938575e-07
29275	34490	1.734267187654404e-08
34491	27987	1.734267187654404e-08
34492	15349	1.734267187654404e-08
34492	18887	1.734267187654404e-08
34493	205	5.2028015629632124e-08
205	33064	6.937068750617616e-08
34494	13656	1.734267187654404e-08
34495	34496	1.734267187654404e-08
34497	12991	1.734267187654404e-08
34498	2025	1.734267187654404e-08
34499	7886	1.734267187654404e-08
34500	22699	3.468534375308808e-08
34501	34502	1.734267187654404e-08
34503	16008	1.734267187654404e-08
34504	14958	1.734267187654404e-08
34505	5921	1.734267187654404e-08
345	34506	1.734267187654404e-08
34507	691	1.734267187654404e-08
34507	499	1.734267187654404e-08
34508	15694	1.734267187654404e-08
34509	29685	1.734267187654404e-08
24480	34510	3.468534375308808e-08
34510	20921	3.468534375308808e-08
34511	238	1.734267187654404e-08
34512	11786	1.734267187654404e-08
3860	34513	1.734267187654404e-08
34514	33073	5.2028015629632124e-08
6274	34515	1.734267187654404e-08
34516	7092	1.734267187654404e-08
34517	211	8.671335938272021e-08
34518	28775	1.734267187654404e-08
34519	211	1.3007003907408032e-07
34520	21944	1.734267187654404e-08
34521	34522	1.734267187654404e-08
34521	1625	3.468534375308808e-08
34522	34521	3.468534375308808e-08
34523	8387	1.734267187654404e-08
34523	18813	1.734267187654404e-08
34524	411	1.734267187654404e-08
34525	33746	6.937068750617616e-08
31307	34526	3.468534375308808e-08
34526	14550	3.468534375308808e-08
34527	8830	1.734267187654404e-08
34528	5757	1.734267187654404e-08
18018	34529	1.734267187654404e-08
34529	18018	1.734267187654404e-08
34530	476	1.734267187654404e-08
6728	34531	1.734267187654404e-08
29538	34532	1.734267187654404e-08
34533	4224	1.734267187654404e-08
34535	6656	3.468534375308808e-08
34536	10890	1.734267187654404e-08
34537	31520	1.734267187654404e-08
34538	255	3.468534375308808e-08
34539	11710	1.734267187654404e-08
34539	3225	1.734267187654404e-08
22797	34540	1.734267187654404e-08
34541	2431	1.734267187654404e-08
34541	5876	1.734267187654404e-08
34542	26215	1.734267187654404e-08
34544	237	1.734267187654404e-08
34545	15548	1.734267187654404e-08
34546	24705	1.734267187654404e-08
34547	655	1.734267187654404e-08
34549	7449	1.734267187654404e-08
12221	34550	1.734267187654404e-08
34551	2354	1.734267187654404e-08
34552	18304	6.937068750617616e-08
34553	8057	3.468534375308808e-08
34554	29940	3.468534375308808e-08
34555	33048	1.734267187654404e-08
11759	34556	1.734267187654404e-08
34557	2177	3.468534375308808e-08
34558	1949	1.734267187654404e-08
34558	11193	1.734267187654404e-08
34559	34560	3.468534375308808e-08
34561	27549	1.734267187654404e-08
24874	34562	1.734267187654404e-08
22106	34563	3.468534375308808e-08
34563	13946	3.468534375308808e-08
34564	2939	1.734267187654404e-08
34564	4975	1.734267187654404e-08
34565	14954	1.734267187654404e-08
29307	34566	3.468534375308808e-08
34566	35247	3.468534375308808e-08
34567	495	3.468534375308808e-08
34568	8736	3.468534375308808e-08
34569	2444	1.734267187654404e-08
577	34570	3.468534375308808e-08
34570	23312	5.2028015629632124e-08
34571	34572	3.468534375308808e-08
34572	15012	3.468534375308808e-08
34572	34571	1.734267187654404e-08
16972	34573	1.734267187654404e-08
34574	1494	1.734267187654404e-08
4311	34575	1.734267187654404e-08
9390	34576	1.734267187654404e-08
34576	9390	1.734267187654404e-08
25440	34577	1.734267187654404e-08
34578	4564	1.734267187654404e-08
34579	34580	1.734267187654404e-08
34581	30109	1.734267187654404e-08
34582	34583	3.468534375308808e-08
34583	36765	3.468534375308808e-08
34584	13075	3.468534375308808e-08
390	34585	1.734267187654404e-08
34586	6858	1.734267187654404e-08
34587	7704	1.734267187654404e-08
515	34588	5.2028015629632124e-08
34588	5660	3.468534375308808e-08
34588	1466	3.468534375308808e-08
18171	34589	3.468534375308808e-08
34589	18171	1.734267187654404e-08
34589	9439	3.468534375308808e-08
34590	34591	1.734267187654404e-08
6781	34592	3.468534375308808e-08
34592	13850	3.468534375308808e-08
34593	15957	1.734267187654404e-08
34594	4062	3.468534375308808e-08
34595	917	1.734267187654404e-08
34596	22983	8.671335938272021e-08
34597	17500	1.734267187654404e-08
34598	2367	3.468534375308808e-08
10291	34600	1.734267187654404e-08
34601	184	1.734267187654404e-08
34602	7070	1.734267187654404e-08
34603	34604	1.734267187654404e-08
34605	1271	3.468534375308808e-08
34606	34607	3.468534375308808e-08
34606	9896	1.734267187654404e-08
34607	26015	3.468534375308808e-08
34608	2559	1.734267187654404e-08
34608	24068	1.734267187654404e-08
18688	34609	1.734267187654404e-08
34610	1367	1.734267187654404e-08
34611	8657	3.468534375308808e-08
34611	13738	1.734267187654404e-08
8657	35945	3.468534375308808e-08
34612	3901	1.734267187654404e-08
18237	34613	1.734267187654404e-08
34614	18484	3.468534375308808e-08
24258	34616	3.468534375308808e-08
34616	5023	3.468534375308808e-08
34617	6828	1.734267187654404e-08
34618	4543	1.734267187654404e-08
6111	34619	1.734267187654404e-08
6111	36576	3.468534375308808e-08
31460	34620	5.2028015629632124e-08
34621	30621	1.734267187654404e-08
6323	34622	1.734267187654404e-08
34623	22222	1.734267187654404e-08
34623	14501	1.734267187654404e-08
34623	24576	1.734267187654404e-08
34624	1775	3.468534375308808e-08
34624	34706	3.468534375308808e-08
34625	16468	1.3874137501235233e-07
662	34626	1.734267187654404e-08
34627	4113	1.734267187654404e-08
34628	1558	1.734267187654404e-08
34629	4137	1.734267187654404e-08
34630	10590	5.2028015629632124e-08
34631	28479	1.734267187654404e-08
5855	34632	5.2028015629632124e-08
34633	24361	1.734267187654404e-08
34633	225	1.734267187654404e-08
28318	34634	1.734267187654404e-08
34635	91	3.468534375308808e-08
34636	29881	1.734267187654404e-08
34637	4348	1.734267187654404e-08
34638	17945	1.734267187654404e-08
34638	255	1.734267187654404e-08
34639	15152	1.734267187654404e-08
34640	32698	1.734267187654404e-08
34641	1747	1.734267187654404e-08
34642	8443	1.734267187654404e-08
34643	12529	1.734267187654404e-08
34644	423	1.926963541838227e-08
34645	7698	1.734267187654404e-08
34645	225	1.734267187654404e-08
14743	34646	5.2028015629632124e-08
34646	35392	3.468534375308808e-08
34646	26654	3.468534375308808e-08
34647	8974	1.734267187654404e-08
34648	2936	1.734267187654404e-08
34648	31195	1.734267187654404e-08
34649	10469	6.937068750617616e-08
10469	33362	1.0405603125926425e-07
34650	2971	1.734267187654404e-08
34650	25065	1.734267187654404e-08
34650	22448	1.734267187654404e-08
2139	34651	1.734267187654404e-08
2139	35581	5.2028015629632124e-08
2139	33196	5.2028015629632124e-08
34652	27145	1.734267187654404e-08
34653	11689	1.734267187654404e-08
34654	536	1.734267187654404e-08
34655	683	1.734267187654404e-08
34656	1064	1.734267187654404e-08
27673	34657	1.734267187654404e-08
34658	2560	1.734267187654404e-08
31186	34659	1.734267187654404e-08
34660	10336	1.734267187654404e-08
34661	1677	1.734267187654404e-08
34661	2572	3.468534375308808e-08
1677	34661	3.468534375308808e-08
34662	731	1.734267187654404e-08
34663	12790	1.734267187654404e-08
34664	34665	3.468534375308808e-08
34665	30744	3.468534375308808e-08
34666	14110	3.468534375308808e-08
14110	36677	3.468534375308808e-08
34667	7099	5.2028015629632124e-08
34667	22120	1.734267187654404e-08
7099	34057	1.3874137501235233e-07
34668	34669	3.468534375308808e-08
34669	31057	3.468534375308808e-08
34670	255	1.734267187654404e-08
31671	34671	1.734267187654404e-08
34672	7924	3.468534375308808e-08
34673	20095	1.734267187654404e-08
27009	34674	1.734267187654404e-08
34675	7880	5.2028015629632124e-08
29549	34676	1.734267187654404e-08
34677	29496	1.0405603125926425e-07
34678	30345	1.734267187654404e-08
34679	12941	1.734267187654404e-08
34680	5691	3.468534375308808e-08
34681	520	3.468534375308808e-08
34682	9168	1.734267187654404e-08
34683	187	3.468534375308808e-08
34684	2041	1.734267187654404e-08
34684	1300	1.734267187654404e-08
30163	34685	1.734267187654404e-08
34686	27627	1.734267187654404e-08
34687	851	1.734267187654404e-08
34687	5237	1.734267187654404e-08
14730	34688	3.468534375308808e-08
14730	35422	3.468534375308808e-08
34688	1681	3.468534375308808e-08
29767	34689	1.734267187654404e-08
34690	19099	1.734267187654404e-08
28519	34692	3.468534375308808e-08
34692	29122	3.468534375308808e-08
34693	6166	1.734267187654404e-08
34694	3345	1.734267187654404e-08
34695	9555	1.734267187654404e-08
17875	34696	3.468534375308808e-08
34696	1950	5.2028015629632124e-08
23431	34697	1.734267187654404e-08
34698	4317	1.734267187654404e-08
34699	34407	1.3874137501235233e-07
34699	13829	5.2028015629632124e-08
34700	21167	1.734267187654404e-08
25696	34701	1.734267187654404e-08
34702	8359	3.468534375308808e-08
34703	811	3.468534375308808e-08
34703	13862	6.937068750617616e-08
34704	34705	3.468534375308808e-08
34704	7679	1.734267187654404e-08
34704	3466	1.734267187654404e-08
34705	8387	3.468534375308808e-08
34707	1202	1.734267187654404e-08
34708	5104	1.734267187654404e-08
34708	495	3.468534375308808e-08
34709	7102	1.734267187654404e-08
34710	34711	1.734267187654404e-08
34710	411	1.734267187654404e-08
34712	1194	1.734267187654404e-08
34713	1864	1.734267187654404e-08
34713	28403	1.734267187654404e-08
5581	34714	1.734267187654404e-08
34715	2006	1.734267187654404e-08
34715	311	1.734267187654404e-08
34716	27258	1.734267187654404e-08
34717	15871	1.734267187654404e-08
34718	4365	5.2028015629632124e-08
32385	34719	1.734267187654404e-08
21738	34720	1.734267187654404e-08
34721	9357	1.734267187654404e-08
34722	17804	3.468534375308808e-08
8715	34723	1.734267187654404e-08
34724	2440	1.734267187654404e-08
34725	1076	3.468534375308808e-08
34726	9158	1.734267187654404e-08
34727	34728	3.468534375308808e-08
34728	7706	3.468534375308808e-08
34729	698	1.734267187654404e-08
23704	34730	1.734267187654404e-08
34731	19035	1.734267187654404e-08
34732	423	1.926963541838227e-08
34733	30957	3.468534375308808e-08
14218	34734	1.734267187654404e-08
34734	14218	1.734267187654404e-08
34735	3831	1.734267187654404e-08
34736	1271	1.734267187654404e-08
7309	34737	3.468534375308808e-08
34737	3681	3.468534375308808e-08
34738	5878	3.468534375308808e-08
11682	34739	1.734267187654404e-08
34740	11197	1.734267187654404e-08
13680	34741	1.734267187654404e-08
34742	3601	3.468534375308808e-08
26742	34743	3.468534375308808e-08
34743	7683	3.468534375308808e-08
34744	17177	1.734267187654404e-08
34745	7099	5.2028015629632124e-08
34746	6656	3.468534375308808e-08
25102	34747	1.734267187654404e-08
1389	34748	3.468534375308808e-08
34748	7648	3.468534375308808e-08
34749	7698	1.734267187654404e-08
34750	2051	3.468534375308808e-08
12751	34752	1.734267187654404e-08
34752	12751	1.734267187654404e-08
34753	23333	1.734267187654404e-08
34753	2395	1.734267187654404e-08
34754	29449	5.2028015629632124e-08
12376	34755	3.468534375308808e-08
34755	10761	3.468534375308808e-08
34756	34757	3.468534375308808e-08
34757	22817	3.468534375308808e-08
34758	29101	3.468534375308808e-08
34759	14732	3.468534375308808e-08
34759	28567	5.2028015629632124e-08
14732	34759	3.468534375308808e-08
34760	14964	1.734267187654404e-08
34762	18667	1.734267187654404e-08
34763	3722	1.734267187654404e-08
6379	34764	1.734267187654404e-08
21158	34765	2.6014007814816062e-08
21158	35296	1.734267187654404e-08
21158	36554	2.6014007814816062e-08
34765	4290	2.6014007814816062e-08
34766	1310	1.734267187654404e-08
34767	1053	3.468534375308808e-08
24337	34768	3.468534375308808e-08
34768	12913	3.468534375308808e-08
34769	13858	3.468534375308808e-08
34769	22196	3.468534375308808e-08
34770	14011	1.734267187654404e-08
34771	18087	1.734267187654404e-08
34772	16799	3.468534375308808e-08
34773	70	3.468534375308808e-08
10018	34774	1.734267187654404e-08
34775	1367	1.734267187654404e-08
34776	16216	1.734267187654404e-08
34776	9836	1.734267187654404e-08
34776	34681	3.468534375308808e-08
34777	22699	1.734267187654404e-08
21872	34778	1.734267187654404e-08
10401	34779	5.2028015629632124e-08
10401	35453	5.2028015629632124e-08
34780	21242	1.734267187654404e-08
1280	34781	1.734267187654404e-08
34782	30992	1.734267187654404e-08
34782	6634	3.468534375308808e-08
30992	34782	3.468534375308808e-08
34783	3607	2.312356250205872e-08
13517	34784	1.734267187654404e-08
34785	4791	1.734267187654404e-08
34786	655	1.734267187654404e-08
34787	495	3.468534375308808e-08
34788	1441	1.734267187654404e-08
483	34789	1.734267187654404e-08
3144	34790	1.734267187654404e-08
3144	35703	1.734267187654404e-08
3144	34192	1.0405603125926425e-07
34791	3313	1.734267187654404e-08
34792	18355	8.671335938272021e-08
34793	22710	1.734267187654404e-08
27277	34794	3.468534375308808e-08
34794	21613	3.468534375308808e-08
34795	2308	3.468534375308808e-08
16241	34796	1.734267187654404e-08
34797	2236	5.2028015629632124e-08
2236	35245	6.937068750617616e-08
2471	34798	5.2028015629632124e-08
2471	33642	1.734267187654404e-08
34798	27736	3.468534375308808e-08
34798	21787	3.468534375308808e-08
34799	10553	1.734267187654404e-08
34800	1577	3.468534375308808e-08
24877	34801	1.734267187654404e-08
34802	1921	3.468534375308808e-08
34803	34804	1.734267187654404e-08
34805	8339	5.2028015629632124e-08
34806	423	1.734267187654404e-08
34807	34808	1.734267187654404e-08
34809	1772	1.734267187654404e-08
34810	7806	1.734267187654404e-08
34810	35260	3.468534375308808e-08
34811	12933	1.734267187654404e-08
34812	4677	1.734267187654404e-08
34813	25724	1.734267187654404e-08
15606	34814	1.734267187654404e-08
15606	36488	1.734267187654404e-08
15284	34815	1.734267187654404e-08
9812	34816	3.468534375308808e-08
34816	9812	1.734267187654404e-08
34816	12304	3.468534375308808e-08
34817	1433	1.734267187654404e-08
34818	11402	1.734267187654404e-08
34819	12910	3.468534375308808e-08
4161	34820	1.734267187654404e-08
34821	10149	1.734267187654404e-08
19164	34822	3.468534375308808e-08
34822	11222	5.2028015629632124e-08
34823	11839	1.734267187654404e-08
34824	20175	3.468534375308808e-08
34824	7692	3.468534375308808e-08
34825	7979	1.734267187654404e-08
28790	34826	1.734267187654404e-08
28790	35381	3.468534375308808e-08
34827	335	1.734267187654404e-08
34828	18537	1.734267187654404e-08
34829	3250	1.734267187654404e-08
34830	2213	1.734267187654404e-08
34831	16545	1.734267187654404e-08
34832	4317	1.734267187654404e-08
34833	255	1.734267187654404e-08
3972	34834	1.734267187654404e-08
3972	36627	1.734267187654404e-08
34835	239	1.734267187654404e-08
34836	476	1.734267187654404e-08
34837	24956	1.734267187654404e-08
34838	6996	1.734267187654404e-08
34839	29579	1.734267187654404e-08
34839	2971	1.734267187654404e-08
34840	3523	1.734267187654404e-08
34841	1921	1.734267187654404e-08
24304	34842	3.468534375308808e-08
34842	2354	3.468534375308808e-08
34843	22454	1.734267187654404e-08
34844	11312	5.2028015629632124e-08
11312	33558	6.937068750617616e-08
11312	34844	1.734267187654404e-08
34845	34846	3.468534375308808e-08
34846	7638	3.468534375308808e-08
1459	34847	1.734267187654404e-08
34848	33690	3.468534375308808e-08
372	34849	1.734267187654404e-08
34850	411	1.734267187654404e-08
34851	7703	1.734267187654404e-08
7703	34851	1.734267187654404e-08
21846	34852	1.0405603125926425e-07
34852	9217	5.2028015629632124e-08
34852	35888	1.0405603125926425e-07
34852	36428	1.0405603125926425e-07
34853	29856	1.734267187654404e-08
34853	12958	3.468534375308808e-08
29856	34853	3.468534375308808e-08
34854	13779	1.734267187654404e-08
34855	3738	3.468534375308808e-08
34856	335	1.734267187654404e-08
34857	949	1.734267187654404e-08
25877	34858	1.734267187654404e-08
34860	9134	1.734267187654404e-08
34861	41	1.734267187654404e-08
34862	20283	3.468534375308808e-08
34862	10427	1.734267187654404e-08
34863	2247	1.734267187654404e-08
34864	2939	1.734267187654404e-08
34865	14651	1.734267187654404e-08
34866	30088	1.734267187654404e-08
1445	34867	1.734267187654404e-08
34868	499	3.468534375308808e-08
34868	691	3.468534375308808e-08
34869	25133	3.468534375308808e-08
34870	2058	1.734267187654404e-08
34871	15666	1.734267187654404e-08
34872	13286	1.734267187654404e-08
4534	34873	1.734267187654404e-08
34874	8328	5.2028015629632124e-08
34875	959	1.734267187654404e-08
34876	8207	1.734267187654404e-08
30061	34877	1.734267187654404e-08
34878	12951	1.734267187654404e-08
34879	4317	1.734267187654404e-08
34879	31320	1.734267187654404e-08
34880	34881	1.734267187654404e-08
34880	17143	1.734267187654404e-08
34882	1109	8.671335938272021e-08
34883	34884	1.734267187654404e-08
34884	34883	1.734267187654404e-08
34885	17928	3.468534375308808e-08
11269	34887	2.6014007814816062e-08
11269	35700	3.468534375308808e-08
11269	34232	2.6014007814816062e-08
34887	353	2.6014007814816062e-08
34888	1719	1.734267187654404e-08
34889	2028	1.734267187654404e-08
30801	34890	1.734267187654404e-08
34891	2534	1.734267187654404e-08
18335	34892	3.468534375308808e-08
34892	627	3.468534375308808e-08
34893	24656	1.734267187654404e-08
13595	34894	1.734267187654404e-08
28718	34895	1.734267187654404e-08
34896	1867	1.734267187654404e-08
34896	22467	1.734267187654404e-08
2539	34897	1.734267187654404e-08
34897	2539	1.734267187654404e-08
34898	655	3.468534375308808e-08
34899	3331	1.734267187654404e-08
34900	311	1.734267187654404e-08
34902	7248	1.734267187654404e-08
13933	34903	3.468534375308808e-08
34903	3777	3.468534375308808e-08
34904	4348	1.734267187654404e-08
34905	33272	5.2028015629632124e-08
34905	1502	1.734267187654404e-08
34905	10945	1.734267187654404e-08
10831	34906	1.734267187654404e-08
11848	34907	1.734267187654404e-08
34908	21863	3.468534375308808e-08
34908	4455	1.734267187654404e-08
3653	34909	6.937068750617616e-08
34909	2316	1.0405603125926425e-07
34910	1981	1.734267187654404e-08
34910	22120	1.734267187654404e-08
34911	10568	3.468534375308808e-08
3340	34912	3.468534375308808e-08
34912	698	3.468534375308808e-08
34913	14308	1.734267187654404e-08
7760	34914	1.734267187654404e-08
34915	5735	1.734267187654404e-08
34916	22915	1.734267187654404e-08
20757	34918	3.468534375308808e-08
34918	30507	3.468534375308808e-08
34919	14064	1.734267187654404e-08
34920	21936	1.734267187654404e-08
34920	15668	1.734267187654404e-08
34921	411	1.734267187654404e-08
34922	353	1.734267187654404e-08
34923	655	1.734267187654404e-08
34924	2403	1.734267187654404e-08
34925	1165	1.734267187654404e-08
34926	11707	1.734267187654404e-08
4057	34927	3.468534375308808e-08
34927	14492	5.2028015629632124e-08
34928	25020	1.734267187654404e-08
34929	27534	1.734267187654404e-08
34929	8415	1.734267187654404e-08
34930	211	8.671335938272021e-08
28951	34931	1.734267187654404e-08
16706	34932	1.734267187654404e-08
8730	34933	6.069935156790414e-08
8730	35520	6.069935156790414e-08
34933	211	1.3007003907408032e-07
34934	11739	1.734267187654404e-08
34934	22124	1.734267187654404e-08
27040	34935	6.937068750617616e-08
34935	12762	5.2028015629632124e-08
34936	12036	1.734267187654404e-08
20373	34937	3.468534375308808e-08
34937	655	3.468534375308808e-08
34938	225	1.734267187654404e-08
34939	421	1.734267187654404e-08
34939	16908	1.734267187654404e-08
34940	335	3.468534375308808e-08
34941	7866	3.468534375308808e-08
34942	10533	1.734267187654404e-08
34943	22439	1.734267187654404e-08
3242	34944	3.468534375308808e-08
34944	2467	3.468534375308808e-08
34945	19396	1.734267187654404e-08
34946	34947	1.734267187654404e-08
17259	34948	3.468534375308808e-08
34948	421	3.468534375308808e-08
34949	34950	1.734267187654404e-08
34951	25868	1.734267187654404e-08
34952	14647	3.468534375308808e-08
34953	27365	3.468534375308808e-08
34954	664	1.734267187654404e-08
17225	34955	3.468534375308808e-08
34955	9522	3.468534375308808e-08
34956	10205	3.468534375308808e-08
34957	1083	1.734267187654404e-08
34958	24059	1.734267187654404e-08
34958	1003	1.734267187654404e-08
34958	18614	1.734267187654404e-08
34959	2119	1.734267187654404e-08
34960	31401	1.734267187654404e-08
34961	2608	1.734267187654404e-08
9551	34963	3.468534375308808e-08
9551	36604	3.468534375308808e-08
34963	1775	3.468534375308808e-08
6663	34964	1.734267187654404e-08
34965	4530	1.734267187654404e-08
34966	1437	1.734267187654404e-08
34967	30798	1.734267187654404e-08
18677	34968	3.468534375308808e-08
34968	2247	3.468534375308808e-08
3095	34969	3.468534375308808e-08
3095	36244	1.734267187654404e-08
34969	18981	3.468534375308808e-08
34970	225	1.734267187654404e-08
34971	20368	1.734267187654404e-08
34971	31773	3.468534375308808e-08
20368	34971	3.468534375308808e-08
34972	495	3.468534375308808e-08
34973	3085	1.7342671876544043e-07
3085	32854	2.081120625185285e-07
9658	34974	3.468534375308808e-08
34974	2444	3.468534375308808e-08
3721	34975	1.734267187654404e-08
14117	34976	1.734267187654404e-08
34977	1775	1.734267187654404e-08
34978	8833	1.734267187654404e-08
34979	16859	1.734267187654404e-08
34980	1393	1.734267187654404e-08
34980	411	1.734267187654404e-08
823	34981	1.734267187654404e-08
25139	34982	1.734267187654404e-08
34983	698	1.734267187654404e-08
34984	3931	1.734267187654404e-08
34984	15526	1.734267187654404e-08
34985	3485	1.734267187654404e-08
34986	15688	3.468534375308808e-08
1641	34987	1.734267187654404e-08
34988	335	1.734267187654404e-08
34989	30536	1.734267187654404e-08
34990	11771	1.734267187654404e-08
34991	2743	1.734267187654404e-08
34991	1747	1.734267187654404e-08
34992	18708	1.734267187654404e-08
7169	34993	1.734267187654404e-08
34994	23163	6.937068750617616e-08
34995	13473	1.734267187654404e-08
1912	34996	1.0405603125926425e-07
34996	211	1.7342671876544043e-07
4927	34997	1.734267187654404e-08
34998	21240	3.468534375308808e-08
2940	35000	1.734267187654404e-08
35001	17690	1.3874137501235233e-07
25786	35002	1.734267187654404e-08
35003	135	1.734267187654404e-08
35003	211	8.671335938272021e-08
35004	3313	1.734267187654404e-08
35004	13637	1.734267187654404e-08
35004	10841	1.734267187654404e-08
35005	13470	1.734267187654404e-08
35006	13957	1.734267187654404e-08
35007	11233	1.734267187654404e-08
35008	4317	3.468534375308808e-08
35009	22184	1.734267187654404e-08
35010	8317	3.468534375308808e-08
35010	1801	3.468534375308808e-08
12350	35011	1.734267187654404e-08
3402	35012	1.734267187654404e-08
35013	30101	1.734267187654404e-08
35013	25799	1.734267187654404e-08
35014	1181	1.734267187654404e-08
35015	1214	1.2139870313580828e-07
23888	35016	1.734267187654404e-08
35017	6996	1.734267187654404e-08
35018	10222	3.468534375308808e-08
35019	23706	1.734267187654404e-08
35020	3999	3.468534375308808e-08
35020	10707	3.468534375308808e-08
35021	13850	1.734267187654404e-08
35022	22382	3.468534375308808e-08
22382	35566	5.2028015629632124e-08
35023	16003	1.734267187654404e-08
35024	24416	6.937068750617616e-08
35025	22223	1.734267187654404e-08
6469	35026	1.734267187654404e-08
5299	35027	1.734267187654404e-08
35028	14878	1.734267187654404e-08
35029	21242	1.734267187654404e-08
24973	35030	1.734267187654404e-08
35031	35032	3.468534375308808e-08
35032	30423	3.468534375308808e-08
35033	125	3.468534375308808e-08
35034	7507	1.734267187654404e-08
35035	6656	3.468534375308808e-08
35036	3118	1.734267187654404e-08
35037	10758	1.734267187654404e-08
4605	35038	1.734267187654404e-08
35039	17856	1.734267187654404e-08
35040	1212	1.734267187654404e-08
35041	1367	1.734267187654404e-08
23389	35042	1.734267187654404e-08
35043	24801	3.468534375308808e-08
35044	15484	1.734267187654404e-08
5657	35045	3.468534375308808e-08
35045	11989	3.468534375308808e-08
21927	35046	1.734267187654404e-08
35047	21182	1.734267187654404e-08
13490	35048	1.734267187654404e-08
35049	24950	1.734267187654404e-08
35052	18512	1.734267187654404e-08
35053	633	3.468534375308808e-08
35053	14813	3.468534375308808e-08
35054	5790	1.734267187654404e-08
35055	31017	1.734267187654404e-08
6053	35056	1.734267187654404e-08
35056	6053	1.734267187654404e-08
35057	17500	1.734267187654404e-08
12418	35058	3.468534375308808e-08
35058	36762	3.468534375308808e-08
35059	255	1.734267187654404e-08
15156	35060	1.734267187654404e-08
35061	7416	8.671335938272021e-08
7416	33910	6.937068750617616e-08
7416	33030	6.937068750617616e-08
32687	35062	1.734267187654404e-08
32687	35764	3.468534375308808e-08
35063	30760	1.734267187654404e-08
35064	2752	5.2028015629632124e-08
2752	33039	6.937068750617616e-08
35065	33141	3.468534375308808e-08
35066	13793	1.734267187654404e-08
35067	10399	1.734267187654404e-08
35068	6485	1.734267187654404e-08
35069	2354	1.734267187654404e-08
35070	12463	1.734267187654404e-08
35071	20648	1.734267187654404e-08
35072	6120	1.734267187654404e-08
35073	3607	2.6014007814816062e-08
5879	35074	1.734267187654404e-08
9224	35075	3.468534375308808e-08
35075	16982	3.468534375308808e-08
35076	2035	1.734267187654404e-08
35077	18371	1.734267187654404e-08
35078	12054	1.734267187654404e-08
35079	29495	3.468534375308808e-08
29495	36548	3.468534375308808e-08
35080	7820	1.734267187654404e-08
7820	35080	1.734267187654404e-08
35081	1167	1.734267187654404e-08
35082	35083	1.734267187654404e-08
35082	32261	1.734267187654404e-08
35084	6451	3.468534375308808e-08
16200	35085	3.468534375308808e-08
35085	16200	1.734267187654404e-08
35085	6999	3.468534375308808e-08
35086	34151	3.468534375308808e-08
12554	35087	3.468534375308808e-08
35087	17976	6.937068750617616e-08
35088	23849	1.734267187654404e-08
35089	41	1.734267187654404e-08
35090	3885	5.2028015629632124e-08
35091	495	3.468534375308808e-08
13785	35092	3.468534375308808e-08
35092	1775	3.468534375308808e-08
35093	546	1.734267187654404e-08
35094	8880	1.734267187654404e-08
35095	14677	1.734267187654404e-08
35096	5176	5.2028015629632124e-08
35097	4009	1.734267187654404e-08
35097	33695	1.734267187654404e-08
35098	22382	3.468534375308808e-08
35099	35100	6.937068750617616e-08
35099	26227	1.734267187654404e-08
35100	23706	5.2028015629632124e-08
13710	35101	1.734267187654404e-08
35102	4435	1.734267187654404e-08
35103	2434	1.734267187654404e-08
35105	3872	1.734267187654404e-08
35107	25013	5.2028015629632124e-08
25013	34882	6.937068750617616e-08
35108	5456	1.734267187654404e-08
35110	28293	3.468534375308808e-08
35111	29971	1.734267187654404e-08
35112	15077	1.734267187654404e-08
35113	22610	1.734267187654404e-08
35114	1410	1.734267187654404e-08
35115	555	1.734267187654404e-08
25363	35116	1.734267187654404e-08
35117	6136	1.734267187654404e-08
35118	18110	1.734267187654404e-08
35119	12628	1.734267187654404e-08
35119	255	1.734267187654404e-08
35120	3816	3.468534375308808e-08
35121	34543	1.734267187654404e-08
35122	22472	1.734267187654404e-08
35123	411	1.734267187654404e-08
35124	423	1.734267187654404e-08
35125	296	1.734267187654404e-08
35126	6889	1.734267187654404e-08
35127	13044	1.734267187654404e-08
35127	6512	1.734267187654404e-08
35128	21646	1.734267187654404e-08
35129	1240	3.468534375308808e-08
35129	4442	3.468534375308808e-08
35129	22281	3.468534375308808e-08
35130	6109	1.734267187654404e-08
35131	1437	1.734267187654404e-08
35132	11905	1.734267187654404e-08
35132	1524	3.468534375308808e-08
11905	35132	3.468534375308808e-08
30673	35134	1.734267187654404e-08
57	35135	5.2028015629632124e-08
35135	19360	5.2028015629632124e-08
35135	4787	5.2028015629632124e-08
35136	35448	6.937068750617616e-08
35137	16933	1.734267187654404e-08
35138	184	1.734267187654404e-08
35139	335	1.734267187654404e-08
35140	698	1.734267187654404e-08
35141	495	3.468534375308808e-08
885	35142	1.734267187654404e-08
35143	5120	1.734267187654404e-08
35144	33367	3.468534375308808e-08
35145	35146	1.734267187654404e-08
35147	109	1.734267187654404e-08
35148	1577	6.937068750617616e-08
35149	11023	1.734267187654404e-08
1997	35150	1.734267187654404e-08
1997	35508	1.734267187654404e-08
1997	36404	3.468534375308808e-08
19382	35151	5.2028015629632124e-08
35151	158	3.468534375308808e-08
35151	18275	3.468534375308808e-08
35151	19382	1.734267187654404e-08
35152	3017	1.734267187654404e-08
35153	1261	1.734267187654404e-08
35154	4643	1.734267187654404e-08
35155	31855	1.734267187654404e-08
35156	4651	1.734267187654404e-08
23558	35157	3.468534375308808e-08
35157	5027	3.468534375308808e-08
35157	23558	1.734267187654404e-08
35158	7099	5.2028015629632124e-08
35159	2129	1.734267187654404e-08
35160	7476	1.734267187654404e-08
30867	35161	3.468534375308808e-08
35161	5120	3.468534375308808e-08
35162	16137	1.734267187654404e-08
35163	29486	3.468534375308808e-08
35164	4797	1.734267187654404e-08
35165	3887	1.734267187654404e-08
35166	20210	1.734267187654404e-08
35166	2399	1.734267187654404e-08
35167	35168	3.468534375308808e-08
35168	3608	3.468534375308808e-08
35171	10661	1.734267187654404e-08
35172	15970	1.734267187654404e-08
35173	7126	1.734267187654404e-08
35174	8148	1.734267187654404e-08
35175	1547	1.734267187654404e-08
35175	14816	1.734267187654404e-08
35176	35177	1.734267187654404e-08
35178	7286	1.734267187654404e-08
35179	4966	1.734267187654404e-08
35179	9001	1.734267187654404e-08
3113	35180	3.468534375308808e-08
35180	6682	3.468534375308808e-08
35180	3113	1.734267187654404e-08
35181	211	1.7342671876544043e-07
35182	2972	1.734267187654404e-08
35183	29915	1.734267187654404e-08
35184	13930	8.671335938272021e-08
35185	35186	1.734267187654404e-08
35187	2960	1.734267187654404e-08
35188	8224	1.734267187654404e-08
6359	35189	1.734267187654404e-08
29137	35190	1.734267187654404e-08
35191	411	2.312356250205872e-08
35192	4186	1.734267187654404e-08
35193	3469	1.734267187654404e-08
35194	627	1.734267187654404e-08
35195	5068	1.734267187654404e-08
3760	35196	5.2028015629632124e-08
35196	36744	6.937068750617616e-08
35197	499	3.468534375308808e-08
35198	30751	1.734267187654404e-08
35199	7775	1.734267187654404e-08
13016	35200	1.734267187654404e-08
35201	211	8.671335938272021e-08
35201	135	1.734267187654404e-08
35202	11483	3.468534375308808e-08
35202	22526	1.734267187654404e-08
35203	7424	1.734267187654404e-08
11666	35204	1.734267187654404e-08
35205	423	1.734267187654404e-08
21084	35206	1.734267187654404e-08
28697	35207	3.468534375308808e-08
35207	13226	3.468534375308808e-08
35207	28697	3.468534375308808e-08
35208	1466	1.734267187654404e-08
35209	22580	3.468534375308808e-08
35210	5523	1.734267187654404e-08
35211	29646	1.734267187654404e-08
35213	423	1.734267187654404e-08
35214	430	6.937068750617616e-08
430	32953	1.0405603125926425e-07
35215	2485	1.734267187654404e-08
35216	19508	1.734267187654404e-08
35217	2015	1.734267187654404e-08
35218	6656	5.2028015629632124e-08
35218	225	3.468534375308808e-08
35219	12291	3.468534375308808e-08
22922	35220	6.937068750617616e-08
35220	22922	1.734267187654404e-08
35220	3350	5.2028015629632124e-08
22914	35221	1.734267187654404e-08
35222	14108	3.468534375308808e-08
4709	35223	1.734267187654404e-08
35224	14221	5.2028015629632124e-08
35225	13192	1.734267187654404e-08
35226	25193	1.734267187654404e-08
35227	20003	3.468534375308808e-08
32292	35228	1.734267187654404e-08
23154	35229	1.734267187654404e-08
35230	5740	1.734267187654404e-08
35230	1565	1.734267187654404e-08
35231	14347	1.734267187654404e-08
35232	17610	1.734267187654404e-08
3786	35233	1.734267187654404e-08
35234	19911	1.734267187654404e-08
35234	13707	1.734267187654404e-08
35235	211	1.7342671876544043e-07
35236	22124	1.734267187654404e-08
35237	698	2.6014007814816062e-08
35238	4094	5.2028015629632124e-08
35238	35804	3.468534375308808e-08
8093	35239	3.468534375308808e-08
35239	3855	3.468534375308808e-08
35240	13815	6.937068750617616e-08
35241	423	1.734267187654404e-08
5975	35242	1.734267187654404e-08
35243	31629	1.734267187654404e-08
35243	4074	1.734267187654404e-08
35243	4075	1.734267187654404e-08
6151	35244	1.734267187654404e-08
35245	1410	5.2028015629632124e-08
35246	30034	1.734267187654404e-08
22394	35248	1.734267187654404e-08
35249	19432	1.734267187654404e-08
5042	35250	1.734267187654404e-08
5042	36682	1.734267187654404e-08
28749	35251	1.734267187654404e-08
35252	33893	3.468534375308808e-08
35253	9778	1.734267187654404e-08
8316	35254	3.468534375308808e-08
35254	8066	3.468534375308808e-08
31083	35255	3.468534375308808e-08
35255	13090	3.468534375308808e-08
2424	35256	1.734267187654404e-08
35257	1410	1.734267187654404e-08
236	35258	1.734267187654404e-08
35258	236	1.734267187654404e-08
1430	35259	1.734267187654404e-08
1430	33723	3.468534375308808e-08
35260	2440	3.468534375308808e-08
35261	9018	3.468534375308808e-08
35262	3268	6.937068750617616e-08
35263	11861	1.734267187654404e-08
29653	35264	1.734267187654404e-08
35265	1854	1.734267187654404e-08
35265	8509	1.734267187654404e-08
35266	5984	5.2028015629632124e-08
5984	35314	1.3874137501235233e-07
15089	35267	1.734267187654404e-08
35268	2454	1.734267187654404e-08
770	35269	3.468534375308808e-08
770	35696	1.734267187654404e-08
770	36207	1.734267187654404e-08
770	36354	3.468534375308808e-08
35269	11144	3.468534375308808e-08
35270	14018	1.734267187654404e-08
35270	36343	1.734267187654404e-08
35271	2354	1.734267187654404e-08
35272	9126	1.734267187654404e-08
35273	12443	3.468534375308808e-08
35274	8974	1.734267187654404e-08
35275	12162	1.734267187654404e-08
35275	3281	1.734267187654404e-08
35276	30462	1.734267187654404e-08
20578	35277	1.734267187654404e-08
35278	26435	1.734267187654404e-08
35279	8224	1.734267187654404e-08
9336	35280	1.734267187654404e-08
35281	30422	1.734267187654404e-08
10033	35282	1.734267187654404e-08
35282	10033	1.734267187654404e-08
35283	11483	1.734267187654404e-08
3381	35284	3.468534375308808e-08
35284	1842	3.468534375308808e-08
35286	20462	1.734267187654404e-08
35286	702	1.734267187654404e-08
35287	5850	1.734267187654404e-08
35288	21562	1.734267187654404e-08
35289	89	1.734267187654404e-08
11568	35290	1.734267187654404e-08
9567	35291	5.2028015629632124e-08
35292	462	1.734267187654404e-08
35293	34449	6.937068750617616e-08
35293	423	1.926963541838227e-08
10760	35294	1.734267187654404e-08
26981	35295	3.468534375308808e-08
35295	840	3.468534375308808e-08
8124	35297	3.468534375308808e-08
35297	12821	3.468534375308808e-08
35298	35299	1.734267187654404e-08
35300	14650	1.734267187654404e-08
35301	6286	1.734267187654404e-08
35303	17227	1.734267187654404e-08
35303	12018	1.734267187654404e-08
35305	15177	1.734267187654404e-08
35306	21997	3.468534375308808e-08
21997	36691	3.468534375308808e-08
8851	35307	1.734267187654404e-08
6119	35308	1.734267187654404e-08
35309	12460	1.734267187654404e-08
35310	33627	1.734267187654404e-08
35311	8102	1.734267187654404e-08
35312	13096	1.734267187654404e-08
35313	16239	3.468534375308808e-08
35314	14844	8.671335938272021e-08
35315	27816	3.468534375308808e-08
35316	17155	1.734267187654404e-08
35317	26591	3.468534375308808e-08
35317	158	3.468534375308808e-08
35318	8244	1.734267187654404e-08
35320	27838	1.734267187654404e-08
35321	8286	1.734267187654404e-08
35322	28773	1.734267187654404e-08
35323	35324	1.734267187654404e-08
35325	35326	3.468534375308808e-08
35327	22880	1.734267187654404e-08
35328	1053	3.468534375308808e-08
35329	9719	1.734267187654404e-08
35330	5310	1.734267187654404e-08
5457	35331	1.734267187654404e-08
35332	830	1.734267187654404e-08
35333	1367	1.734267187654404e-08
35334	421	3.468534375308808e-08
35335	3350	1.734267187654404e-08
35336	27585	1.734267187654404e-08
35337	1804	1.734267187654404e-08
35338	2444	1.734267187654404e-08
35339	19349	1.734267187654404e-08
35340	4307	1.734267187654404e-08
35340	27226	1.734267187654404e-08
13167	35341	3.468534375308808e-08
35341	10399	3.468534375308808e-08
35342	8770	1.734267187654404e-08
35343	7141	1.734267187654404e-08
23395	35345	1.734267187654404e-08
35346	22922	5.2028015629632124e-08
35347	7611	3.468534375308808e-08
35347	36741	3.468534375308808e-08
35348	16291	1.734267187654404e-08
35349	8207	1.734267187654404e-08
35350	817	1.734267187654404e-08
35351	1050	1.734267187654404e-08
35351	6569	1.734267187654404e-08
16117	35352	1.734267187654404e-08
35353	900	1.734267187654404e-08
35354	4001	1.734267187654404e-08
35355	14044	1.734267187654404e-08
14044	35355	1.734267187654404e-08
35356	4374	3.468534375308808e-08
35357	6061	1.734267187654404e-08
30661	35358	1.734267187654404e-08
35359	3837	1.734267187654404e-08
35360	6824	1.734267187654404e-08
21160	35361	3.468534375308808e-08
35361	187	3.468534375308808e-08
35362	814	1.734267187654404e-08
35363	135	1.734267187654404e-08
35364	225	1.734267187654404e-08
35365	17812	1.734267187654404e-08
17812	35365	1.734267187654404e-08
35366	4723	1.734267187654404e-08
2282	35367	1.734267187654404e-08
11091	35368	1.734267187654404e-08
35369	11207	1.734267187654404e-08
35370	253	1.734267187654404e-08
16624	35371	1.734267187654404e-08
35372	6042	3.468534375308808e-08
22273	35373	1.734267187654404e-08
35374	4921	1.734267187654404e-08
35375	415	1.734267187654404e-08
35376	17646	5.2028015629632124e-08
17646	34143	6.937068750617616e-08
35377	6697	1.734267187654404e-08
35378	25570	1.734267187654404e-08
35379	2491	3.468534375308808e-08
35379	4254	1.734267187654404e-08
35380	1775	1.734267187654404e-08
35381	625	3.468534375308808e-08
4427	35382	1.734267187654404e-08
35383	17149	1.734267187654404e-08
35384	5120	1.734267187654404e-08
8650	35385	3.468534375308808e-08
35385	1988	3.468534375308808e-08
35386	21270	1.734267187654404e-08
35387	1261	1.734267187654404e-08
35387	12845	1.734267187654404e-08
30222	35388	3.468534375308808e-08
35388	25966	3.468534375308808e-08
35389	9013	1.734267187654404e-08
35390	25819	1.734267187654404e-08
35391	917	5.2028015629632124e-08
35391	23638	1.734267187654404e-08
35393	2827	3.468534375308808e-08
35394	8974	1.734267187654404e-08
35395	16778	5.2028015629632124e-08
16778	32813	6.937068750617616e-08
18149	35396	3.468534375308808e-08
35396	8681	3.468534375308808e-08
35397	6568	1.734267187654404e-08
30786	35398	3.468534375308808e-08
30786	36096	3.468534375308808e-08
35398	5618	3.468534375308808e-08
35399	625	3.468534375308808e-08
35399	5391	3.468534375308808e-08
35400	7686	1.734267187654404e-08
35401	884	1.734267187654404e-08
6558	35402	3.468534375308808e-08
35402	1232	3.468534375308808e-08
35403	11454	1.734267187654404e-08
35404	10549	1.734267187654404e-08
35405	8339	5.2028015629632124e-08
35406	32718	1.734267187654404e-08
35406	1410	1.734267187654404e-08
35407	3611	1.734267187654404e-08
35409	17896	1.734267187654404e-08
35410	211	1.7342671876544043e-07
35411	1188	1.734267187654404e-08
35412	35413	3.468534375308808e-08
35413	238	3.468534375308808e-08
35414	35415	1.734267187654404e-08
29426	35416	1.734267187654404e-08
35417	25597	1.734267187654404e-08
35418	14634	1.734267187654404e-08
35419	12566	3.468534375308808e-08
10668	35420	1.734267187654404e-08
35421	3855	3.468534375308808e-08
35422	4113	3.468534375308808e-08
35423	19729	1.734267187654404e-08
35424	22777	1.734267187654404e-08
35425	11038	1.734267187654404e-08
35425	2015	1.734267187654404e-08
35426	702	1.734267187654404e-08
35427	35428	1.734267187654404e-08
35429	817	1.734267187654404e-08
35430	35431	1.7342671876544043e-07
35431	1988	1.0405603125926425e-07
35432	18708	1.734267187654404e-08
35433	1681	3.468534375308808e-08
3643	35434	3.468534375308808e-08
35434	7599	3.468534375308808e-08
35435	3503	1.734267187654404e-08
35436	135	1.734267187654404e-08
35437	9763	1.734267187654404e-08
35437	1547	1.734267187654404e-08
35437	1367	1.734267187654404e-08
35438	2571	1.734267187654404e-08
35439	22661	1.734267187654404e-08
35440	8974	1.734267187654404e-08
35441	1775	1.734267187654404e-08
35442	1790	1.734267187654404e-08
35442	16485	1.734267187654404e-08
35443	12128	1.734267187654404e-08
35444	18062	3.468534375308808e-08
35444	33560	3.468534375308808e-08
18062	33561	8.671335938272021e-08
20130	35445	3.468534375308808e-08
35445	2743	3.468534375308808e-08
35446	469	5.2028015629632124e-08
29582	35447	1.734267187654404e-08
35448	17399	5.2028015629632124e-08
35449	30185	1.734267187654404e-08
35450	495	3.468534375308808e-08
35451	731	1.734267187654404e-08
35452	9258	1.734267187654404e-08
35452	5131	1.734267187654404e-08
35454	5024	1.734267187654404e-08
4601	35455	1.734267187654404e-08
35456	20490	1.734267187654404e-08
26247	35457	1.734267187654404e-08
35458	27046	1.734267187654404e-08
35459	18189	1.734267187654404e-08
35460	1144	1.734267187654404e-08
35460	3445	1.734267187654404e-08
35461	35462	1.734267187654404e-08
35463	35464	5.2028015629632124e-08
35465	35466	1.734267187654404e-08
35467	9821	1.734267187654404e-08
16644	35468	1.734267187654404e-08
35469	1083	1.734267187654404e-08
35469	4376	1.734267187654404e-08
24251	35470	1.734267187654404e-08
35471	1565	1.734267187654404e-08
23447	35472	1.734267187654404e-08
35473	12964	5.2028015629632124e-08
35474	421	1.734267187654404e-08
35474	36693	1.734267187654404e-08
35475	11839	1.734267187654404e-08
35476	5818	1.734267187654404e-08
35477	20616	1.734267187654404e-08
35477	18120	1.734267187654404e-08
35478	13942	1.734267187654404e-08
15056	35479	1.734267187654404e-08
35479	15056	1.734267187654404e-08
15314	35480	1.734267187654404e-08
35482	12738	1.734267187654404e-08
35483	12775	1.734267187654404e-08
35484	30229	1.734267187654404e-08
35485	33743	5.2028015629632124e-08
35485	18050	1.734267187654404e-08
35486	20617	1.734267187654404e-08
35487	15070	1.734267187654404e-08
35488	698	1.734267187654404e-08
35489	15325	1.734267187654404e-08
35490	5639	1.734267187654404e-08
35491	2632	1.734267187654404e-08
35492	4651	1.734267187654404e-08
35493	7310	1.734267187654404e-08
35494	8610	3.468534375308808e-08
35494	1407	3.468534375308808e-08
35494	27190	6.937068750617616e-08
35495	7914	1.734267187654404e-08
35496	17614	1.734267187654404e-08
35496	32371	1.734267187654404e-08
35497	1010	1.734267187654404e-08
35498	23617	3.468534375308808e-08
950	35499	6.937068750617616e-08
35499	3722	3.468534375308808e-08
35499	33998	6.937068750617616e-08
35500	2883	1.734267187654404e-08
35501	26878	1.734267187654404e-08
35501	1603	1.734267187654404e-08
35502	26302	3.468534375308808e-08
35503	3331	1.734267187654404e-08
35504	4625	3.468534375308808e-08
35506	8788	1.734267187654404e-08
35506	6293	1.734267187654404e-08
35509	8902	1.734267187654404e-08
35510	22702	1.734267187654404e-08
4049	35511	1.734267187654404e-08
35513	8742	1.734267187654404e-08
35514	6456	1.734267187654404e-08
2413	35515	1.734267187654404e-08
35515	2413	1.734267187654404e-08
20831	35516	3.468534375308808e-08
35516	28446	3.468534375308808e-08
35517	21013	3.468534375308808e-08
35517	24781	1.734267187654404e-08
35518	4585	1.734267187654404e-08
35520	211	1.3007003907408032e-07
35521	2354	1.734267187654404e-08
35522	225	1.734267187654404e-08
35523	495	3.468534375308808e-08
35524	21216	1.734267187654404e-08
35525	462	3.468534375308808e-08
35526	10170	1.734267187654404e-08
35526	411	1.734267187654404e-08
13883	35527	1.734267187654404e-08
35527	13883	1.734267187654404e-08
35528	27638	1.734267187654404e-08
35529	35530	1.734267187654404e-08
35531	1577	1.734267187654404e-08
15379	35532	3.468534375308808e-08
35532	31208	3.468534375308808e-08
35533	7611	3.468534375308808e-08
35534	7160	1.734267187654404e-08
35535	10615	1.734267187654404e-08
35536	28874	1.734267187654404e-08
35536	1441	1.734267187654404e-08
35537	26611	3.468534375308808e-08
35538	35539	1.734267187654404e-08
35540	248	1.734267187654404e-08
35541	18804	1.734267187654404e-08
35541	36775	1.734267187654404e-08
35541	27927	1.734267187654404e-08
35542	225	1.734267187654404e-08
35542	702	1.734267187654404e-08
35543	2666	5.2028015629632124e-08
35544	8964	1.734267187654404e-08
35545	2328	1.734267187654404e-08
35545	21517	3.468534375308808e-08
35546	3380	1.734267187654404e-08
35547	7095	3.468534375308808e-08
35547	21003	1.734267187654404e-08
35548	4658	1.734267187654404e-08
35549	11399	1.734267187654404e-08
35549	27477	1.734267187654404e-08
35550	35551	1.734267187654404e-08
35552	137	1.734267187654404e-08
35552	7460	1.734267187654404e-08
35553	5748	1.734267187654404e-08
35554	30359	3.468534375308808e-08
35555	30931	1.734267187654404e-08
35556	24799	1.734267187654404e-08
16345	35557	1.734267187654404e-08
35558	6286	1.734267187654404e-08
35559	1686	3.468534375308808e-08
25012	35560	3.468534375308808e-08
35560	24878	3.468534375308808e-08
5590	35561	1.734267187654404e-08
16361	35562	1.734267187654404e-08
35562	16361	1.734267187654404e-08
35563	35564	3.468534375308808e-08
35563	14912	6.937068750617616e-08
35564	35563	6.937068750617616e-08
35565	7514	1.734267187654404e-08
35567	12886	3.468534375308808e-08
35567	10025	1.734267187654404e-08
35568	12526	1.734267187654404e-08
35569	11357	1.734267187654404e-08
35570	15952	1.734267187654404e-08
35571	29139	1.734267187654404e-08
541	35572	1.734267187654404e-08
35574	29914	1.734267187654404e-08
35575	698	1.734267187654404e-08
35576	26444	1.734267187654404e-08
35577	19078	1.734267187654404e-08
35578	21001	1.734267187654404e-08
35579	3110	1.734267187654404e-08
35581	34300	6.937068750617616e-08
35582	1565	2.6014007814816062e-08
35583	35584	1.734267187654404e-08
35585	851	1.734267187654404e-08
35586	17705	1.734267187654404e-08
35586	23767	6.937068750617616e-08
35587	17552	1.734267187654404e-08
35588	8282	1.0405603125926425e-07
8282	35240	1.0405603125926425e-07
35589	35590	1.3874137501235233e-07
35590	4145	8.671335938272021e-08
31038	35591	1.734267187654404e-08
4928	35592	3.468534375308808e-08
35592	26690	3.468534375308808e-08
35593	18503	1.734267187654404e-08
12938	35594	1.734267187654404e-08
35594	12938	1.734267187654404e-08
35595	495	3.468534375308808e-08
35596	7056	1.734267187654404e-08
13862	35597	5.2028015629632124e-08
35598	29937	1.734267187654404e-08
35598	411	1.734267187654404e-08
35599	1990	1.734267187654404e-08
35600	9510	1.734267187654404e-08
35601	21079	1.734267187654404e-08
35602	192	1.734267187654404e-08
35603	536	1.734267187654404e-08
35604	702	1.734267187654404e-08
35605	2987	1.734267187654404e-08
35606	7449	1.734267187654404e-08
35606	311	1.734267187654404e-08
2722	35607	1.734267187654404e-08
2722	33286	5.2028015629632124e-08
35608	21324	1.734267187654404e-08
35609	23440	1.734267187654404e-08
35610	13305	5.2028015629632124e-08
35610	11101	1.734267187654404e-08
13305	36253	6.937068750617616e-08
35611	30383	1.734267187654404e-08
35612	31253	1.734267187654404e-08
35612	36089	3.468534375308808e-08
35613	11709	1.734267187654404e-08
35614	20567	1.734267187654404e-08
35615	35616	1.734267187654404e-08
16098	35617	1.734267187654404e-08
25538	35618	1.734267187654404e-08
35619	12601	1.734267187654404e-08
35620	698	1.734267187654404e-08
35621	21304	1.734267187654404e-08
35622	12228	1.734267187654404e-08
35623	33708	3.468534375308808e-08
35623	11515	1.734267187654404e-08
35624	18338	1.734267187654404e-08
35625	423	1.734267187654404e-08
671	35626	3.468534375308808e-08
35626	20336	3.468534375308808e-08
35627	7014	1.734267187654404e-08
6537	35628	1.734267187654404e-08
35629	462	1.734267187654404e-08
35630	9567	6.937068750617616e-08
35631	495	3.468534375308808e-08
35632	30264	1.734267187654404e-08
30264	35632	1.734267187654404e-08
35633	20490	1.734267187654404e-08
35634	20320	3.468534375308808e-08
35635	4421	1.734267187654404e-08
20294	35636	1.734267187654404e-08
20294	34738	3.468534375308808e-08
13570	35637	1.734267187654404e-08
24161	35638	1.734267187654404e-08
35639	18512	1.734267187654404e-08
19771	35640	1.734267187654404e-08
35641	8974	1.734267187654404e-08
15880	35642	1.734267187654404e-08
35643	9197	1.734267187654404e-08
5159	35644	1.734267187654404e-08
35645	12027	1.734267187654404e-08
35645	17904	1.734267187654404e-08
35646	1567	1.734267187654404e-08
35647	1988	1.734267187654404e-08
35648	12680	1.734267187654404e-08
35649	15645	1.734267187654404e-08
35650	3208	1.734267187654404e-08
35650	3933	1.734267187654404e-08
35651	10859	3.468534375308808e-08
35652	12680	1.734267187654404e-08
35652	5141	1.734267187654404e-08
35654	14556	1.734267187654404e-08
35655	12530	1.734267187654404e-08
11088	35656	5.2028015629632124e-08
35656	33753	6.937068750617616e-08
35657	1221	1.734267187654404e-08
2166	35658	3.468534375308808e-08
35658	832	5.2028015629632124e-08
26503	35660	1.734267187654404e-08
10176	35661	1.734267187654404e-08
35662	13808	3.468534375308808e-08
35663	3483	1.734267187654404e-08
31359	35664	1.734267187654404e-08
35665	14368	1.734267187654404e-08
35666	32389	1.734267187654404e-08
5605	35667	1.734267187654404e-08
35668	8170	3.468534375308808e-08
35669	14207	1.734267187654404e-08
35670	35671	6.937068750617616e-08
35671	1190	5.2028015629632124e-08
35672	8859	1.734267187654404e-08
35674	8102	1.734267187654404e-08
35675	10093	1.734267187654404e-08
35676	35677	1.734267187654404e-08
35678	18534	1.734267187654404e-08
548	35679	1.0405603125926425e-07
35679	19664	6.937068750617616e-08
35680	3331	1.734267187654404e-08
13796	35681	3.468534375308808e-08
35681	35867	3.468534375308808e-08
35682	13906	1.734267187654404e-08
30588	35683	5.2028015629632124e-08
35683	30588	1.734267187654404e-08
35684	7984	3.468534375308808e-08
35684	33586	3.468534375308808e-08
35685	22470	1.734267187654404e-08
35686	6451	1.734267187654404e-08
35687	125	1.734267187654404e-08
35688	3277	3.468534375308808e-08
35689	28192	3.468534375308808e-08
35690	6136	1.734267187654404e-08
35691	2425	1.734267187654404e-08
20407	35692	1.734267187654404e-08
35692	20407	3.468534375308808e-08
35693	4378	3.468534375308808e-08
35694	11434	1.734267187654404e-08
35695	16402	1.734267187654404e-08
35695	34973	1.0405603125926425e-07
35695	9302	1.734267187654404e-08
35697	5221	1.734267187654404e-08
35698	851	1.734267187654404e-08
35698	32258	1.734267187654404e-08
35699	7575	1.734267187654404e-08
35700	5618	3.468534375308808e-08
3302	35701	1.734267187654404e-08
35702	17179	1.734267187654404e-08
35704	4061	1.734267187654404e-08
35704	7575	1.734267187654404e-08
35705	1590	1.734267187654404e-08
35706	4314	3.468534375308808e-08
29493	35707	1.734267187654404e-08
35708	35709	6.937068750617616e-08
35709	3574	5.2028015629632124e-08
35710	3698	1.734267187654404e-08
35711	14113	3.468534375308808e-08
35712	21848	1.734267187654404e-08
1969	35715	1.734267187654404e-08
35715	1969	1.734267187654404e-08
3089	35716	5.2028015629632124e-08
3089	36841	5.2028015629632124e-08
35717	495	3.468534375308808e-08
35718	6293	1.734267187654404e-08
35719	14281	3.468534375308808e-08
35720	411	3.468534375308808e-08
35721	18625	1.734267187654404e-08
35722	35723	1.734267187654404e-08
35724	9404	1.734267187654404e-08
35725	731	3.468534375308808e-08
35726	3931	1.734267187654404e-08
35727	24740	1.734267187654404e-08
35728	255	1.734267187654404e-08
35729	14116	1.734267187654404e-08
35730	2045	1.734267187654404e-08
35731	19876	1.734267187654404e-08
35732	12024	1.734267187654404e-08
35732	2354	3.468534375308808e-08
35732	35331	3.468534375308808e-08
12024	35732	5.2028015629632124e-08
35733	8339	5.2028015629632124e-08
35734	18580	1.734267187654404e-08
35734	922	1.734267187654404e-08
35735	253	1.734267187654404e-08
35735	3153	1.734267187654404e-08
12196	35736	1.734267187654404e-08
35737	30120	1.734267187654404e-08
35738	35739	1.734267187654404e-08
35740	29745	1.734267187654404e-08
29745	35740	1.734267187654404e-08
35741	5350	3.468534375308808e-08
35742	35743	3.468534375308808e-08
35743	1788	3.468534375308808e-08
8071	35744	3.468534375308808e-08
35744	1775	3.468534375308808e-08
35745	12194	1.734267187654404e-08
19160	35746	3.468534375308808e-08
35746	421	3.468534375308808e-08
35747	9510	1.734267187654404e-08
29608	35748	1.734267187654404e-08
14758	35749	1.734267187654404e-08
31093	35750	3.468534375308808e-08
35750	11580	3.468534375308808e-08
27305	35751	1.734267187654404e-08
35752	1504	1.734267187654404e-08
35753	31871	1.734267187654404e-08
35753	1109	1.734267187654404e-08
35754	35755	3.468534375308808e-08
35755	24549	3.468534375308808e-08
35756	25423	1.734267187654404e-08
35757	11505	1.734267187654404e-08
35758	5855	3.468534375308808e-08
35759	423	1.926963541838227e-08
19455	35761	1.734267187654404e-08
35761	19455	1.734267187654404e-08
35762	7038	1.734267187654404e-08
35763	7886	1.734267187654404e-08
35764	698	3.468534375308808e-08
35765	5290	1.734267187654404e-08
35766	28712	1.0405603125926425e-07
35767	3540	1.734267187654404e-08
35768	35769	1.734267187654404e-08
2619	35771	1.734267187654404e-08
35772	9603	1.734267187654404e-08
35774	8050	1.734267187654404e-08
35775	7537	1.734267187654404e-08
35776	21281	1.734267187654404e-08
35777	10399	1.734267187654404e-08
3238	35778	3.468534375308808e-08
35778	31097	3.468534375308808e-08
35779	35780	1.734267187654404e-08
35779	423	1.734267187654404e-08
35782	31646	5.2028015629632124e-08
35783	1502	3.468534375308808e-08
35784	2201	1.734267187654404e-08
2201	35784	1.734267187654404e-08
35785	702	1.734267187654404e-08
35786	23400	1.734267187654404e-08
35787	35788	1.734267187654404e-08
35789	35537	3.468534375308808e-08
35790	1045	3.468534375308808e-08
35790	4200	3.468534375308808e-08
2863	35791	1.734267187654404e-08
2863	32991	6.937068750617616e-08
35792	1801	1.734267187654404e-08
35793	7366	1.734267187654404e-08
35794	2939	1.734267187654404e-08
35795	13607	1.734267187654404e-08
35796	353	1.734267187654404e-08
35797	2137	1.734267187654404e-08
35798	1013	1.734267187654404e-08
35799	495	3.468534375308808e-08
29039	35800	1.734267187654404e-08
17816	35801	1.734267187654404e-08
35802	11707	2.312356250205872e-08
35803	804	1.734267187654404e-08
35804	27228	3.468534375308808e-08
16471	35806	3.468534375308808e-08
35806	1062	3.468534375308808e-08
35807	8524	1.5608404688889638e-07
8524	36513	1.3874137501235233e-07
35808	8854	1.734267187654404e-08
35809	1819	3.468534375308808e-08
35810	5221	1.734267187654404e-08
35811	299	1.734267187654404e-08
35812	423	1.734267187654404e-08
35813	19326	1.734267187654404e-08
35814	35807	1.3874137501235233e-07
35816	698	3.468534375308808e-08
35817	14661	8.671335938272021e-08
35818	12828	1.734267187654404e-08
643	35819	3.468534375308808e-08
35819	159	3.468534375308808e-08
35820	10787	1.734267187654404e-08
35821	13521	1.734267187654404e-08
23298	35822	3.468534375308808e-08
35822	702	3.468534375308808e-08
26902	35823	3.468534375308808e-08
35823	12985	3.468534375308808e-08
35824	35825	3.468534375308808e-08
35825	14677	3.468534375308808e-08
35826	339	3.468534375308808e-08
11957	35827	1.734267187654404e-08
11957	34220	3.468534375308808e-08
35828	25920	1.734267187654404e-08
35829	35830	1.734267187654404e-08
2524	35831	3.468534375308808e-08
35831	12985	3.468534375308808e-08
35832	18231	1.734267187654404e-08
35833	421	1.734267187654404e-08
35834	5011	1.734267187654404e-08
35835	1681	3.468534375308808e-08
35835	21125	3.468534375308808e-08
35837	225	1.734267187654404e-08
35838	2323	1.734267187654404e-08
35840	6036	1.734267187654404e-08
35841	731	2.081120625185285e-08
35842	32132	1.734267187654404e-08
32132	35842	1.734267187654404e-08
35843	2061	1.734267187654404e-08
2061	35843	1.734267187654404e-08
35844	6978	1.734267187654404e-08
6100	35845	3.468534375308808e-08
35845	5426	3.468534375308808e-08
35846	1181	1.734267187654404e-08
27190	35847	5.2028015629632124e-08
35848	335	1.734267187654404e-08
26866	35849	3.468534375308808e-08
35849	3906	3.468534375308808e-08
357	35850	1.734267187654404e-08
35850	357	1.734267187654404e-08
25040	35851	3.468534375308808e-08
35851	8742	3.468534375308808e-08
35851	25040	1.734267187654404e-08
35852	13793	1.734267187654404e-08
35853	476	1.734267187654404e-08
35854	32258	1.734267187654404e-08
35854	2252	1.734267187654404e-08
35854	851	1.734267187654404e-08
35855	11699	1.734267187654404e-08
15529	35856	1.734267187654404e-08
11096	35857	1.734267187654404e-08
35858	6962	1.734267187654404e-08
35859	13447	3.468534375308808e-08
35860	13427	1.734267187654404e-08
35861	3981	1.734267187654404e-08
35862	411	1.734267187654404e-08
35863	27732	3.468534375308808e-08
35864	1002	1.734267187654404e-08
35864	5799	1.734267187654404e-08
35865	10458	1.734267187654404e-08
35866	5131	1.734267187654404e-08
35868	11319	1.734267187654404e-08
35869	117	1.734267187654404e-08
35870	8421	1.734267187654404e-08
35871	29713	3.468534375308808e-08
35873	335	1.734267187654404e-08
35874	959	1.734267187654404e-08
21465	35875	1.734267187654404e-08
35876	35877	1.734267187654404e-08
23402	35878	1.734267187654404e-08
35880	7162	1.734267187654404e-08
13183	35881	1.734267187654404e-08
35881	13183	1.734267187654404e-08
23367	35882	1.734267187654404e-08
35883	2066	1.734267187654404e-08
35884	15136	1.734267187654404e-08
35884	22531	3.468534375308808e-08
15136	35884	3.468534375308808e-08
35885	2939	1.734267187654404e-08
35886	15960	1.734267187654404e-08
35887	2987	1.734267187654404e-08
35888	7670	6.937068750617616e-08
35889	3784	1.734267187654404e-08
15011	35890	3.468534375308808e-08
35890	1181	3.468534375308808e-08
35891	3268	1.734267187654404e-08
35892	9944	1.734267187654404e-08
292	35893	1.734267187654404e-08
292	33547	5.2028015629632124e-08
292	35010	5.2028015629632124e-08
35894	211	1.3007003907408032e-07
21675	35895	1.734267187654404e-08
35896	7116	1.734267187654404e-08
35896	6819	1.734267187654404e-08
35897	12964	5.2028015629632124e-08
35898	27212	1.734267187654404e-08
35899	8465	1.734267187654404e-08
35900	251	1.734267187654404e-08
35901	211	8.671335938272021e-08
2641	35902	1.734267187654404e-08
35903	10886	1.734267187654404e-08
35904	19753	1.734267187654404e-08
35905	10670	1.734267187654404e-08
35906	15688	1.734267187654404e-08
35907	7011	3.468534375308808e-08
35908	7704	1.734267187654404e-08
35909	6240	1.734267187654404e-08
35910	9031	1.734267187654404e-08
35911	4692	1.734267187654404e-08
4948	35912	1.734267187654404e-08
35913	26433	1.734267187654404e-08
31473	35914	3.468534375308808e-08
35914	11752	3.468534375308808e-08
35915	9253	1.734267187654404e-08
35916	14887	1.734267187654404e-08
35917	479	1.734267187654404e-08
35918	11958	1.734267187654404e-08
35919	5260	3.468534375308808e-08
35920	20285	3.468534375308808e-08
35921	211	8.671335938272021e-08
35921	176	8.671335938272021e-08
35922	709	1.734267187654404e-08
7939	35923	1.734267187654404e-08
35924	21052	1.734267187654404e-08
35925	14143	1.734267187654404e-08
35926	7398	1.734267187654404e-08
35927	9403	5.2028015629632124e-08
9403	35184	1.3874137501235233e-07
35928	411	1.734267187654404e-08
35929	2499	1.734267187654404e-08
35930	15736	1.734267187654404e-08
35931	8756	1.734267187654404e-08
35931	5984	5.2028015629632124e-08
35932	35933	1.734267187654404e-08
35934	3207	3.468534375308808e-08
35935	4524	1.734267187654404e-08
1984	35936	1.734267187654404e-08
24146	35937	1.734267187654404e-08
24146	33862	3.468534375308808e-08
18802	35938	3.468534375308808e-08
35938	1577	3.468534375308808e-08
35939	6737	3.468534375308808e-08
28295	35940	1.734267187654404e-08
35941	211	1.7342671876544043e-07
35942	495	3.468534375308808e-08
35943	15906	1.734267187654404e-08
35944	1544	1.734267187654404e-08
35946	11030	1.734267187654404e-08
35947	2767	3.468534375308808e-08
15830	35948	3.468534375308808e-08
35948	8756	3.468534375308808e-08
35949	9002	1.734267187654404e-08
35949	11182	3.468534375308808e-08
35950	35951	3.468534375308808e-08
35950	731	1.734267187654404e-08
35951	14918	3.468534375308808e-08
35952	3607	2.312356250205872e-08
8451	35953	1.734267187654404e-08
35953	8451	1.734267187654404e-08
35954	1681	1.734267187654404e-08
35955	20490	1.734267187654404e-08
35956	2754	1.734267187654404e-08
35956	1388	1.734267187654404e-08
35957	8196	1.734267187654404e-08
35958	18981	1.734267187654404e-08
35959	15429	3.468534375308808e-08
35960	311	1.734267187654404e-08
35960	2359	1.734267187654404e-08
35961	2227	1.734267187654404e-08
35961	554	1.734267187654404e-08
35962	18371	1.734267187654404e-08
35963	33630	3.468534375308808e-08
13394	35964	1.734267187654404e-08
35965	25329	1.734267187654404e-08
4751	35966	1.734267187654404e-08
35967	495	3.468534375308808e-08
24384	35968	1.734267187654404e-08
35969	10670	1.734267187654404e-08
35969	2006	1.734267187654404e-08
35970	14957	1.734267187654404e-08
35971	495	3.468534375308808e-08
35972	10027	1.734267187654404e-08
35973	1967	1.734267187654404e-08
35974	22455	3.468534375308808e-08
23311	35975	1.734267187654404e-08
35977	10537	1.734267187654404e-08
35979	1188	1.734267187654404e-08
35980	8445	1.734267187654404e-08
35980	33415	3.468534375308808e-08
35980	11399	1.734267187654404e-08
35981	6552	1.734267187654404e-08
35982	32205	1.734267187654404e-08
35983	11689	1.734267187654404e-08
35984	16483	1.734267187654404e-08
35985	35986	1.734267187654404e-08
35987	211	1.7342671876544043e-07
35988	32598	3.468534375308808e-08
35988	698	3.468534375308808e-08
35990	5120	3.468534375308808e-08
35991	5338	1.734267187654404e-08
35992	7639	1.734267187654404e-08
35993	15336	1.734267187654404e-08
35994	5970	1.734267187654404e-08
35995	10205	1.734267187654404e-08
35996	32123	1.734267187654404e-08
15148	35997	1.734267187654404e-08
15148	33662	3.468534375308808e-08
35999	963	1.734267187654404e-08
36000	5984	5.2028015629632124e-08
36001	10264	1.734267187654404e-08
12655	36002	1.734267187654404e-08
36003	702	1.734267187654404e-08
36003	13342	1.734267187654404e-08
12635	36004	1.734267187654404e-08
36005	5202	1.734267187654404e-08
28370	36006	1.734267187654404e-08
36007	3637	1.734267187654404e-08
36008	14405	1.734267187654404e-08
36009	9991	3.468534375308808e-08
36010	23090	3.468534375308808e-08
36011	17568	3.468534375308808e-08
30392	36012	1.734267187654404e-08
36013	19326	1.734267187654404e-08
36014	411	1.734267187654404e-08
36015	10886	1.734267187654404e-08
12978	36016	1.734267187654404e-08
23902	36017	1.734267187654404e-08
36017	23902	1.734267187654404e-08
36018	1819	1.734267187654404e-08
36019	14141	1.734267187654404e-08
26379	36020	1.734267187654404e-08
36021	900	1.734267187654404e-08
36022	10615	1.734267187654404e-08
36023	21613	5.2028015629632124e-08
36024	36025	1.734267187654404e-08
36026	423	1.926963541838227e-08
36027	211	1.7342671876544043e-07
36028	3548	1.734267187654404e-08
36029	12806	5.2028015629632124e-08
36031	225	1.734267187654404e-08
36032	548	5.2028015629632124e-08
36033	13456	3.468534375308808e-08
36034	7292	1.734267187654404e-08
36034	5809	1.734267187654404e-08
36036	35547	3.468534375308808e-08
36036	21003	1.734267187654404e-08
543	36037	1.734267187654404e-08
36038	15367	1.734267187654404e-08
36039	5474	1.734267187654404e-08
30030	36040	1.734267187654404e-08
36041	4370	1.2139870313580828e-07
36042	16743	1.734267187654404e-08
21164	36043	1.734267187654404e-08
36044	28192	1.734267187654404e-08
36045	15180	1.734267187654404e-08
4657	36046	1.734267187654404e-08
36047	1605	3.468534375308808e-08
36048	11904	3.468534375308808e-08
29920	36049	1.734267187654404e-08
36050	4004	1.734267187654404e-08
36051	1427	1.734267187654404e-08
24219	36052	1.734267187654404e-08
36052	24219	1.734267187654404e-08
26217	36053	1.734267187654404e-08
36054	23588	1.734267187654404e-08
36055	2444	3.468534375308808e-08
36056	12595	1.734267187654404e-08
36056	11079	1.734267187654404e-08
36057	36058	3.468534375308808e-08
36058	11897	3.468534375308808e-08
36059	3331	1.734267187654404e-08
36060	33007	1.734267187654404e-08
5732	36061	1.734267187654404e-08
36062	3089	5.2028015629632124e-08
1660	36063	1.734267187654404e-08
36064	9709	1.734267187654404e-08
36065	8623	1.734267187654404e-08
36065	5855	3.468534375308808e-08
36066	15802	1.734267187654404e-08
36067	9672	1.734267187654404e-08
36068	3475	1.734267187654404e-08
36069	21260	1.734267187654404e-08
36070	2425	1.734267187654404e-08
36071	19681	3.468534375308808e-08
36072	8726	3.468534375308808e-08
36073	16087	3.468534375308808e-08
36075	21030	1.734267187654404e-08
36076	2058	1.734267187654404e-08
36077	36078	1.734267187654404e-08
21065	36079	1.734267187654404e-08
36080	9165	1.734267187654404e-08
18312	36081	1.734267187654404e-08
36082	3855	2.6014007814816062e-08
36083	14011	3.468534375308808e-08
36084	11788	1.734267187654404e-08
36085	211	8.671335938272021e-08
1539	36086	1.734267187654404e-08
1539	32985	1.734267187654404e-08
36087	20609	1.734267187654404e-08
36088	33073	5.2028015629632124e-08
36089	18825	3.468534375308808e-08
36090	11819	1.734267187654404e-08
12288	36091	1.734267187654404e-08
36092	2044	1.734267187654404e-08
36093	24445	1.734267187654404e-08
36094	2463	1.734267187654404e-08
36095	27216	3.468534375308808e-08
36096	353	3.468534375308808e-08
36097	7507	1.734267187654404e-08
36098	1460	8.671335938272021e-08
10792	36099	1.734267187654404e-08
23486	36100	1.734267187654404e-08
8471	36101	3.468534375308808e-08
36101	18425	3.468534375308808e-08
36102	1877	1.734267187654404e-08
36103	5341	1.734267187654404e-08
20697	36104	1.734267187654404e-08
36105	2316	5.2028015629632124e-08
2316	36550	2.081120625185285e-07
36106	10684	1.734267187654404e-08
36106	33348	1.734267187654404e-08
36107	36108	3.468534375308808e-08
36108	22606	3.468534375308808e-08
36109	4248	1.734267187654404e-08
36111	16230	1.734267187654404e-08
36112	2576	1.734267187654404e-08
10020	36113	3.468534375308808e-08
36113	20456	3.468534375308808e-08
36113	10020	1.734267187654404e-08
36114	6286	1.734267187654404e-08
36115	2608	1.734267187654404e-08
36116	211	1.3007003907408032e-07
36117	2440	1.734267187654404e-08
36118	1504	1.734267187654404e-08
36118	2594	1.734267187654404e-08
36119	16104	1.734267187654404e-08
24900	36120	1.734267187654404e-08
36121	31472	1.734267187654404e-08
21102	36122	3.468534375308808e-08
36122	353	3.468534375308808e-08
36123	6880	3.468534375308808e-08
36124	5290	1.734267187654404e-08
36125	15673	1.734267187654404e-08
36126	546	1.734267187654404e-08
36127	13021	1.734267187654404e-08
36128	5510	1.734267187654404e-08
36129	7155	1.734267187654404e-08
16480	36131	1.734267187654404e-08
36132	225	1.734267187654404e-08
17751	36133	1.734267187654404e-08
36134	21168	1.734267187654404e-08
7299	36135	3.468534375308808e-08
36135	7544	3.468534375308808e-08
6805	36136	3.468534375308808e-08
36136	353	3.468534375308808e-08
36137	13240	1.734267187654404e-08
36138	20782	1.734267187654404e-08
17988	36139	1.734267187654404e-08
11549	36140	1.734267187654404e-08
36141	11186	1.734267187654404e-08
36142	10966	3.468534375308808e-08
27814	36143	3.468534375308808e-08
36143	504	3.468534375308808e-08
36144	495	3.468534375308808e-08
36145	36029	3.468534375308808e-08
30882	36146	1.734267187654404e-08
36147	36148	3.468534375308808e-08
36147	10059	1.734267187654404e-08
36148	3601	3.468534375308808e-08
36149	3447	1.734267187654404e-08
36150	10064	1.734267187654404e-08
36151	28925	1.734267187654404e-08
36152	1746	1.734267187654404e-08
36153	15684	1.734267187654404e-08
36154	633	1.734267187654404e-08
21221	36155	3.468534375308808e-08
36155	24286	3.468534375308808e-08
36156	7597	1.734267187654404e-08
36156	20260	1.734267187654404e-08
36157	24878	1.734267187654404e-08
36158	5910	1.734267187654404e-08
36159	4186	1.734267187654404e-08
21816	36160	1.734267187654404e-08
36161	10707	1.734267187654404e-08
36162	19354	1.734267187654404e-08
36163	33881	1.734267187654404e-08
21119	36164	1.734267187654404e-08
36165	5362	1.734267187654404e-08
36166	31604	1.734267187654404e-08
28116	36168	1.734267187654404e-08
11938	36169	3.468534375308808e-08
36169	4226	3.468534375308808e-08
36170	36171	1.734267187654404e-08
36172	36173	3.468534375308808e-08
36172	21408	3.468534375308808e-08
36173	36172	3.468534375308808e-08
36173	4614	3.468534375308808e-08
36174	2560	5.2028015629632124e-08
36175	28086	5.2028015629632124e-08
36176	7684	1.734267187654404e-08
36177	4934	1.734267187654404e-08
36179	15484	1.734267187654404e-08
36180	4447	1.734267187654404e-08
36181	22469	1.734267187654404e-08
36182	12762	3.468534375308808e-08
12762	34935	3.468534375308808e-08
36183	1759	3.468534375308808e-08
36184	25241	1.734267187654404e-08
36184	811	1.734267187654404e-08
36185	18231	1.734267187654404e-08
36186	3624	1.734267187654404e-08
3624	36186	1.734267187654404e-08
36187	19876	3.468534375308808e-08
36188	26776	1.734267187654404e-08
26776	36188	1.734267187654404e-08
36189	255	1.734267187654404e-08
15873	36190	3.468534375308808e-08
36191	2380	1.734267187654404e-08
36192	3664	1.734267187654404e-08
36193	12260	1.734267187654404e-08
36194	18062	5.2028015629632124e-08
36195	851	1.734267187654404e-08
25838	36196	1.734267187654404e-08
36197	2646	1.734267187654404e-08
36198	3710	1.734267187654404e-08
36199	30708	1.734267187654404e-08
36200	7916	1.734267187654404e-08
28382	36201	1.734267187654404e-08
36202	3313	1.734267187654404e-08
36203	686	1.734267187654404e-08
36204	9403	5.2028015629632124e-08
36205	2425	1.734267187654404e-08
32606	36206	3.468534375308808e-08
36206	36431	3.468534375308808e-08
26571	36208	1.734267187654404e-08
36209	24965	1.734267187654404e-08
26911	36210	1.734267187654404e-08
36211	12731	3.468534375308808e-08
26032	36212	1.734267187654404e-08
2036	36214	1.0405603125926425e-07
36214	211	1.7342671876544043e-07
5490	36215	1.734267187654404e-08
36216	36217	1.734267187654404e-08
36218	503	1.734267187654404e-08
36219	6656	3.468534375308808e-08
36220	2941	1.734267187654404e-08
36221	2335	1.734267187654404e-08
36222	2235	1.734267187654404e-08
8452	36223	1.734267187654404e-08
36224	28046	3.468534375308808e-08
36225	1262	1.734267187654404e-08
1262	36225	1.734267187654404e-08
36226	36227	1.734267187654404e-08
36228	28966	1.734267187654404e-08
36229	21573	1.734267187654404e-08
15458	36230	3.468534375308808e-08
36230	17915	3.468534375308808e-08
22944	36231	1.734267187654404e-08
10913	36232	1.734267187654404e-08
36233	67	1.734267187654404e-08
36234	698	1.734267187654404e-08
36235	5456	1.734267187654404e-08
36236	7424	1.734267187654404e-08
36237	3784	1.734267187654404e-08
36238	27624	1.734267187654404e-08
36238	2560	1.734267187654404e-08
36240	22632	1.734267187654404e-08
36241	3722	1.734267187654404e-08
20186	36242	3.468534375308808e-08
36242	421	3.468534375308808e-08
11137	36243	1.734267187654404e-08
36245	36246	1.734267187654404e-08
36247	6928	1.734267187654404e-08
16253	36248	1.734267187654404e-08
36249	211	8.671335938272021e-08
36250	31906	3.468534375308808e-08
36252	9498	1.734267187654404e-08
36253	4004	5.2028015629632124e-08
36254	1388	1.734267187654404e-08
36255	10966	1.734267187654404e-08
36256	18325	1.734267187654404e-08
36257	3607	1.734267187654404e-08
36258	14716	1.734267187654404e-08
5041	36259	1.734267187654404e-08
36260	2176	1.734267187654404e-08
36261	10059	1.734267187654404e-08
36262	2452	1.734267187654404e-08
36263	16104	1.734267187654404e-08
36264	27429	5.2028015629632124e-08
36265	7979	3.468534375308808e-08
36266	7457	3.468534375308808e-08
36267	6221	1.734267187654404e-08
36268	24998	1.734267187654404e-08
36269	14263	1.734267187654404e-08
36270	2484	1.734267187654404e-08
36271	5011	1.734267187654404e-08
36272	1996	1.734267187654404e-08
36273	29984	1.734267187654404e-08
15872	36274	1.734267187654404e-08
13486	36275	1.734267187654404e-08
15365	36276	1.734267187654404e-08
27578	36277	1.734267187654404e-08
27578	36363	1.734267187654404e-08
36278	6	1.734267187654404e-08
36279	1181	1.734267187654404e-08
18450	36280	3.468534375308808e-08
36280	19547	3.468534375308808e-08
618	36281	1.734267187654404e-08
24193	36282	1.734267187654404e-08
36283	225	1.734267187654404e-08
36284	13848	3.468534375308808e-08
36285	6507	1.734267187654404e-08
36286	18844	1.734267187654404e-08
25354	36287	1.734267187654404e-08
36288	20643	1.734267187654404e-08
36289	27055	5.2028015629632124e-08
14509	36290	1.734267187654404e-08
36291	2987	1.734267187654404e-08
36292	36293	1.734267187654404e-08
36294	4658	1.734267187654404e-08
12108	36295	1.734267187654404e-08
36296	1214	1.2139870313580828e-07
36297	27058	1.734267187654404e-08
36298	29296	1.734267187654404e-08
36299	1775	1.734267187654404e-08
7225	36300	3.468534375308808e-08
36300	23868	3.468534375308808e-08
36301	3434	1.734267187654404e-08
36302	13539	1.734267187654404e-08
36302	15873	3.468534375308808e-08
36302	32558	1.734267187654404e-08
36303	504	1.734267187654404e-08
36304	1842	1.734267187654404e-08
36305	7463	1.734267187654404e-08
36307	1053	1.734267187654404e-08
36308	5970	1.734267187654404e-08
36309	3031	1.734267187654404e-08
36310	6467	1.734267187654404e-08
36311	19037	1.734267187654404e-08
36312	36313	1.734267187654404e-08
36314	3816	5.2028015629632124e-08
36315	36316	1.734267187654404e-08
36317	17226	1.734267187654404e-08
36318	25650	1.734267187654404e-08
36319	655	1.734267187654404e-08
36320	1561	1.734267187654404e-08
36321	30454	1.734267187654404e-08
36322	2262	1.734267187654404e-08
36323	5864	1.734267187654404e-08
36324	41	1.734267187654404e-08
36325	36326	1.734267187654404e-08
36327	23160	1.734267187654404e-08
36328	4819	3.468534375308808e-08
36329	6742	1.734267187654404e-08
36330	15673	1.734267187654404e-08
36331	36332	1.734267187654404e-08
22696	36333	5.2028015629632124e-08
36333	4819	3.468534375308808e-08
36333	1240	3.468534375308808e-08
36334	23039	1.734267187654404e-08
36335	5586	1.734267187654404e-08
36336	1424	1.734267187654404e-08
36337	25179	1.734267187654404e-08
36338	7704	1.734267187654404e-08
36339	1221	1.734267187654404e-08
36340	35974	3.468534375308808e-08
36341	211	1.7342671876544043e-07
20168	36342	1.734267187654404e-08
36344	8733	1.734267187654404e-08
36345	1330	1.734267187654404e-08
36346	6014	1.734267187654404e-08
7075	36347	1.734267187654404e-08
25029	36348	1.734267187654404e-08
36349	33570	5.2028015629632124e-08
28081	36350	1.734267187654404e-08
36351	3703	1.734267187654404e-08
36352	35053	5.2028015629632124e-08
36353	26036	1.734267187654404e-08
36354	731	3.468534375308808e-08
36355	10627	1.734267187654404e-08
36357	34532	1.734267187654404e-08
36358	3499	1.734267187654404e-08
28173	36359	3.468534375308808e-08
36359	10567	3.468534375308808e-08
36360	5587	1.734267187654404e-08
36361	1577	1.734267187654404e-08
36362	26024	1.734267187654404e-08
36364	3485	1.734267187654404e-08
36365	6333	3.468534375308808e-08
36366	4658	1.734267187654404e-08
36367	3966	1.734267187654404e-08
36368	10421	1.734267187654404e-08
36368	1050	1.734267187654404e-08
36369	27807	6.937068750617616e-08
36370	21862	6.937068750617616e-08
21862	33143	1.0405603125926425e-07
290	36371	1.734267187654404e-08
36372	2900	1.734267187654404e-08
36373	9441	1.734267187654404e-08
36373	15801	1.734267187654404e-08
36374	1988	1.734267187654404e-08
36375	2742	1.734267187654404e-08
36376	19538	1.734267187654404e-08
36377	25227	1.734267187654404e-08
36378	5618	1.734267187654404e-08
36379	19982	1.734267187654404e-08
36380	8085	1.734267187654404e-08
36380	2012	1.734267187654404e-08
36381	1181	1.734267187654404e-08
36382	6954	1.734267187654404e-08
36383	19208	1.734267187654404e-08
8464	36384	1.734267187654404e-08
36385	18935	1.734267187654404e-08
36386	211	8.671335938272021e-08
36386	135	1.734267187654404e-08
3107	36387	1.734267187654404e-08
36388	3183	1.734267187654404e-08
36389	900	1.734267187654404e-08
36390	1730	1.734267187654404e-08
36391	25851	1.734267187654404e-08
36392	5487	1.734267187654404e-08
36393	8964	1.734267187654404e-08
36394	8430	1.734267187654404e-08
36395	23095	5.2028015629632124e-08
36396	1221	1.734267187654404e-08
36397	5070	1.734267187654404e-08
36398	4113	1.734267187654404e-08
36399	9158	1.734267187654404e-08
36400	13711	5.2028015629632124e-08
13711	34675	6.937068750617616e-08
36401	5048	1.734267187654404e-08
36402	19461	1.0405603125926425e-07
19461	33561	1.0405603125926425e-07
25216	36403	1.734267187654404e-08
36404	9321	3.468534375308808e-08
36405	2788	3.468534375308808e-08
19259	36406	1.734267187654404e-08
21508	36407	1.734267187654404e-08
36408	9043	1.734267187654404e-08
22323	36409	5.2028015629632124e-08
36409	495	6.937068750617616e-08
30700	36411	3.468534375308808e-08
36411	13894	3.468534375308808e-08
9746	36413	1.734267187654404e-08
36414	1921	1.734267187654404e-08
36415	16206	5.2028015629632124e-08
36416	211	1.3007003907408032e-07
36417	36418	3.468534375308808e-08
36418	335	3.468534375308808e-08
36419	2247	1.734267187654404e-08
2918	36420	1.734267187654404e-08
14391	36421	1.734267187654404e-08
36422	621	1.734267187654404e-08
36423	609	1.734267187654404e-08
36424	36425	1.734267187654404e-08
36428	36429	6.937068750617616e-08
36430	2980	1.734267187654404e-08
5513	36432	1.734267187654404e-08
36433	7176	1.734267187654404e-08
36434	23081	1.734267187654404e-08
36435	633	1.734267187654404e-08
36436	14030	5.2028015629632124e-08
36437	2425	1.734267187654404e-08
36438	2487	1.734267187654404e-08
36439	4317	1.734267187654404e-08
36440	26573	1.734267187654404e-08
36441	35658	3.468534375308808e-08
36442	2452	1.734267187654404e-08
36444	36266	3.468534375308808e-08
15881	36445	1.734267187654404e-08
32457	36446	1.734267187654404e-08
36447	5450	1.734267187654404e-08
36448	3295	1.734267187654404e-08
36449	777	1.734267187654404e-08
36450	1590	1.734267187654404e-08
36451	2531	1.734267187654404e-08
36452	7434	1.734267187654404e-08
36453	18214	1.734267187654404e-08
36454	905	1.734267187654404e-08
36455	14925	1.734267187654404e-08
36456	20753	1.734267187654404e-08
36457	22124	1.734267187654404e-08
20023	36458	1.734267187654404e-08
36459	353	1.734267187654404e-08
22801	36460	1.734267187654404e-08
22693	36461	1.734267187654404e-08
36462	17157	1.734267187654404e-08
36462	11345	1.734267187654404e-08
36463	3872	1.734267187654404e-08
36464	1138	1.734267187654404e-08
36465	4893	1.734267187654404e-08
36466	795	1.734267187654404e-08
36467	12841	1.734267187654404e-08
36468	9610	1.734267187654404e-08
36470	5226	1.734267187654404e-08
36471	12179	1.734267187654404e-08
36472	1367	1.734267187654404e-08
36473	528	1.734267187654404e-08
36474	3906	1.734267187654404e-08
36475	655	1.734267187654404e-08
36477	462	1.734267187654404e-08
36478	7310	1.734267187654404e-08
36479	34795	3.468534375308808e-08
36480	21183	6.937068750617616e-08
21183	33605	5.2028015629632124e-08
25223	36481	1.734267187654404e-08
36482	1827	1.734267187654404e-08
36483	12419	1.734267187654404e-08
36484	225	1.734267187654404e-08
36485	8686	1.734267187654404e-08
36486	67	1.734267187654404e-08
36487	7449	1.734267187654404e-08
7370	36489	1.734267187654404e-08
36490	3089	5.2028015629632124e-08
36492	7457	1.734267187654404e-08
36493	24382	1.734267187654404e-08
36494	1577	1.734267187654404e-08
8709	36495	1.734267187654404e-08
36496	30266	1.734267187654404e-08
36498	8339	5.2028015629632124e-08
36499	9015	3.468534375308808e-08
36500	20503	1.734267187654404e-08
17246	36501	1.734267187654404e-08
36502	1202	1.734267187654404e-08
24889	36503	3.468534375308808e-08
36503	24672	3.468534375308808e-08
36505	16646	1.734267187654404e-08
36506	2247	1.734267187654404e-08
36506	528	1.734267187654404e-08
36507	211	1.3007003907408032e-07
36508	20996	3.468534375308808e-08
36509	24871	1.734267187654404e-08
36510	22621	1.734267187654404e-08
36511	13075	1.734267187654404e-08
7150	36512	1.734267187654404e-08
36513	2491	8.671335938272021e-08
36514	8912	1.734267187654404e-08
36515	24290	1.734267187654404e-08
36516	211	8.671335938272021e-08
36517	1109	1.734267187654404e-08
36518	89	3.468534375308808e-08
36519	12106	1.734267187654404e-08
12106	36519	1.734267187654404e-08
36520	1053	1.734267187654404e-08
36521	16699	1.734267187654404e-08
36523	36524	1.734267187654404e-08
36525	36526	1.734267187654404e-08
36527	2987	1.734267187654404e-08
36528	5104	1.734267187654404e-08
36528	495	3.468534375308808e-08
36529	3200	1.734267187654404e-08
36529	20075	1.734267187654404e-08
36530	2906	1.734267187654404e-08
36531	12291	1.734267187654404e-08
11562	36532	1.734267187654404e-08
36533	3999	1.734267187654404e-08
36534	29841	1.734267187654404e-08
36534	14108	3.468534375308808e-08
36535	36536	1.734267187654404e-08
6437	36537	1.734267187654404e-08
6437	34381	3.468534375308808e-08
36538	7141	1.734267187654404e-08
10444	36539	1.734267187654404e-08
10444	34584	3.468534375308808e-08
36540	655	1.734267187654404e-08
36541	24918	1.734267187654404e-08
36542	335	1.734267187654404e-08
36543	495	3.468534375308808e-08
36544	698	1.734267187654404e-08
36545	6136	1.734267187654404e-08
36546	7762	1.734267187654404e-08
36547	12318	1.734267187654404e-08
36549	25331	1.734267187654404e-08
36550	2952	1.2139870313580828e-07
36550	2316	1.734267187654404e-08
36551	5878	1.734267187654404e-08
36552	26838	1.734267187654404e-08
36553	1547	1.734267187654404e-08
36554	4290	2.6014007814816062e-08
36555	423	1.926963541838227e-08
36556	2485	1.734267187654404e-08
36556	19751	3.468534375308808e-08
36557	400	1.734267187654404e-08
36558	24937	1.734267187654404e-08
36559	495	3.468534375308808e-08
36560	2425	1.734267187654404e-08
28003	36561	1.734267187654404e-08
36562	27572	1.734267187654404e-08
36563	3331	1.734267187654404e-08
10902	36564	1.734267187654404e-08
36565	12650	1.734267187654404e-08
36566	10860	1.734267187654404e-08
36567	36568	3.468534375308808e-08
36567	6760	1.734267187654404e-08
36568	25173	3.468534375308808e-08
36569	211	8.671335938272021e-08
27758	36570	1.734267187654404e-08
36571	7079	1.734267187654404e-08
20199	36572	1.734267187654404e-08
36573	6920	1.734267187654404e-08
36574	367	3.468534375308808e-08
36575	34337	3.468534375308808e-08
36576	6954	3.468534375308808e-08
36577	12964	5.2028015629632124e-08
36578	11139	1.734267187654404e-08
29325	36579	1.734267187654404e-08
36580	21445	1.734267187654404e-08
36581	598	1.734267187654404e-08
36582	16955	1.734267187654404e-08
12269	36583	1.734267187654404e-08
27384	36584	1.734267187654404e-08
36585	10709	1.734267187654404e-08
36586	21070	3.468534375308808e-08
36587	421	1.734267187654404e-08
36588	7380	1.734267187654404e-08
36588	31388	1.734267187654404e-08
36589	31077	1.734267187654404e-08
36590	29033	1.734267187654404e-08
13992	36591	1.734267187654404e-08
36592	30071	1.734267187654404e-08
36593	8616	1.734267187654404e-08
36595	1060	1.734267187654404e-08
22754	36596	1.734267187654404e-08
36597	3970	1.734267187654404e-08
36598	495	3.468534375308808e-08
36599	5970	1.734267187654404e-08
36600	26739	1.734267187654404e-08
36601	25189	1.734267187654404e-08
36602	3485	1.734267187654404e-08
36603	3499	1.734267187654404e-08
36604	15906	3.468534375308808e-08
36605	335	1.734267187654404e-08
36606	1313	1.734267187654404e-08
36607	1744	1.734267187654404e-08
6622	36608	1.0405603125926425e-07
6622	36611	3.468534375308808e-08
6622	33868	3.468534375308808e-08
36608	211	1.7342671876544043e-07
36609	2030	1.734267187654404e-08
36610	27715	1.734267187654404e-08
27715	36610	1.734267187654404e-08
36611	1053	3.468534375308808e-08
36612	15580	1.734267187654404e-08
36613	1465	3.468534375308808e-08
36614	255	1.734267187654404e-08
36615	3885	5.2028015629632124e-08
36616	11564	1.734267187654404e-08
36617	24801	1.734267187654404e-08
36618	1465	3.468534375308808e-08
7687	36619	1.734267187654404e-08
4103	36620	1.734267187654404e-08
5084	36621	3.468534375308808e-08
36621	5084	1.734267187654404e-08
36621	25749	3.468534375308808e-08
36622	1082	1.734267187654404e-08
30563	36623	1.734267187654404e-08
13130	36624	3.468534375308808e-08
36625	6042	1.734267187654404e-08
36626	14600	1.734267187654404e-08
36628	36629	3.468534375308808e-08
36629	26570	3.468534375308808e-08
36630	1527	1.734267187654404e-08
23196	36631	3.468534375308808e-08
36631	9599	3.468534375308808e-08
36632	36246	1.734267187654404e-08
36633	4380	1.734267187654404e-08
36634	4820	3.468534375308808e-08
36635	1708	1.734267187654404e-08
36636	2359	1.734267187654404e-08
7712	36638	1.734267187654404e-08
36639	6656	3.468534375308808e-08
36640	2452	1.734267187654404e-08
36641	14293	1.734267187654404e-08
36641	5560	1.734267187654404e-08
36642	11156	1.734267187654404e-08
36642	11155	1.734267187654404e-08
36643	14353	1.734267187654404e-08
36644	698	1.734267187654404e-08
36645	9532	1.734267187654404e-08
36646	1388	1.734267187654404e-08
36647	24405	1.734267187654404e-08
16511	36648	1.734267187654404e-08
36649	33799	3.468534375308808e-08
36650	30073	1.734267187654404e-08
36650	13130	3.468534375308808e-08
36651	12575	1.734267187654404e-08
36652	1600	1.734267187654404e-08
16212	36653	3.468534375308808e-08
36653	1775	3.468534375308808e-08
36654	1367	1.734267187654404e-08
36655	5011	1.734267187654404e-08
36656	20957	1.734267187654404e-08
36657	4348	1.734267187654404e-08
36658	7611	3.468534375308808e-08
36659	9512	1.734267187654404e-08
36660	2255	3.468534375308808e-08
22191	36661	1.734267187654404e-08
10802	36662	1.734267187654404e-08
24306	36663	1.734267187654404e-08
36665	860	1.734267187654404e-08
36666	6828	1.734267187654404e-08
36667	28549	1.734267187654404e-08
36669	17815	1.734267187654404e-08
36670	1787	1.734267187654404e-08
36671	26049	1.734267187654404e-08
11002	36672	1.734267187654404e-08
36674	23125	1.734267187654404e-08
23125	36674	1.734267187654404e-08
36675	8339	5.2028015629632124e-08
36676	27467	1.734267187654404e-08
15252	36678	5.2028015629632124e-08
36679	8424	3.468534375308808e-08
36680	4025	1.734267187654404e-08
15438	36681	1.734267187654404e-08
6153	36683	1.0405603125926425e-07
6153	36702	5.2028015629632124e-08
36683	211	1.7342671876544043e-07
5614	36684	1.734267187654404e-08
36685	1181	1.734267187654404e-08
28290	36686	1.734267187654404e-08
36687	36688	1.734267187654404e-08
36689	22363	1.734267187654404e-08
22363	36689	1.734267187654404e-08
36690	698	1.734267187654404e-08
36692	5876	1.734267187654404e-08
36694	19661	1.734267187654404e-08
36695	444	1.734267187654404e-08
36695	2952	1.734267187654404e-08
23025	36696	1.734267187654404e-08
36697	20797	1.734267187654404e-08
36698	5841	1.734267187654404e-08
7802	36699	1.734267187654404e-08
36700	11297	1.734267187654404e-08
36701	8402	1.734267187654404e-08
36702	22836	6.937068750617616e-08
36703	19728	1.734267187654404e-08
36704	6191	1.734267187654404e-08
36705	466	1.734267187654404e-08
36706	27253	1.734267187654404e-08
36707	3503	3.468534375308808e-08
36708	18389	1.734267187654404e-08
36709	11707	2.312356250205872e-08
4401	36710	2.6014007814816062e-08
4401	34019	2.6014007814816062e-08
36710	698	2.6014007814816062e-08
36711	711	1.734267187654404e-08
28167	36712	1.734267187654404e-08
36713	8520	1.734267187654404e-08
36714	711	1.734267187654404e-08
36715	25975	3.468534375308808e-08
32220	36716	1.734267187654404e-08
2931	36717	1.734267187654404e-08
36718	6634	1.734267187654404e-08
36719	16274	1.734267187654404e-08
23291	36720	1.734267187654404e-08
36721	197	1.734267187654404e-08
36722	14943	1.734267187654404e-08
29274	36723	1.734267187654404e-08
36723	29274	1.734267187654404e-08
36725	2392	1.734267187654404e-08
36727	5612	1.734267187654404e-08
36728	1577	1.734267187654404e-08
36729	211	8.671335938272021e-08
22383	36730	1.734267187654404e-08
36731	24416	1.734267187654404e-08
36732	5757	1.734267187654404e-08
36733	18512	1.734267187654404e-08
36734	3637	1.734267187654404e-08
8271	36735	1.734267187654404e-08
36736	22929	1.734267187654404e-08
36737	1181	1.734267187654404e-08
14616	36738	1.734267187654404e-08
10329	36739	1.734267187654404e-08
8353	36740	1.734267187654404e-08
36741	5994	3.468534375308808e-08
36742	9332	1.734267187654404e-08
36743	1988	1.734267187654404e-08
36744	991	5.2028015629632124e-08
36745	18667	1.734267187654404e-08
36746	5062	1.734267187654404e-08
36747	2812	1.734267187654404e-08
3318	36748	1.734267187654404e-08
36749	3207	1.734267187654404e-08
36750	23160	1.734267187654404e-08
5382	36751	1.734267187654404e-08
36752	18126	1.734267187654404e-08
32696	36753	1.734267187654404e-08
36754	11357	1.734267187654404e-08
36755	2910	1.734267187654404e-08
36756	1750	1.734267187654404e-08
36757	7070	1.734267187654404e-08
36758	11629	1.734267187654404e-08
36759	15756	1.734267187654404e-08
36760	21754	1.734267187654404e-08
36761	33726	3.468534375308808e-08
36763	28213	1.734267187654404e-08
36764	14347	1.734267187654404e-08
36766	8974	1.734267187654404e-08
739	36767	1.734267187654404e-08
17624	36768	1.734267187654404e-08
36768	17624	1.734267187654404e-08
36769	702	1.734267187654404e-08
36770	7265	1.734267187654404e-08
36771	36772	3.468534375308808e-08
36772	81	3.468534375308808e-08
36773	4287	1.734267187654404e-08
23687	36774	1.734267187654404e-08
36776	548	5.2028015629632124e-08
28348	36777	3.468534375308808e-08
36777	19886	3.468534375308808e-08
36778	6297	3.468534375308808e-08
36779	225	1.734267187654404e-08
36780	3205	1.734267187654404e-08
36781	19547	1.734267187654404e-08
36782	2456	1.734267187654404e-08
36783	1441	1.734267187654404e-08
36784	8751	1.734267187654404e-08
36785	19326	1.734267187654404e-08
36786	7414	1.734267187654404e-08
36787	1567	6.330075234938575e-07
30105	36788	1.734267187654404e-08
36789	1527	1.734267187654404e-08
36790	10349	1.734267187654404e-08
36791	9445	1.734267187654404e-08
36792	3423	1.734267187654404e-08
36793	353	1.734267187654404e-08
36794	17182	1.734267187654404e-08
26400	36795	1.734267187654404e-08
36796	4613	1.734267187654404e-08
36797	36798	1.734267187654404e-08
36799	33245	3.468534375308808e-08
36800	11298	1.734267187654404e-08
26192	36801	3.468534375308808e-08
36801	2772	3.468534375308808e-08
36802	279	1.734267187654404e-08
36803	335	1.734267187654404e-08
36804	3077	5.2028015629632124e-08
36805	4226	1.734267187654404e-08
36806	10024	1.734267187654404e-08
36807	13473	1.734267187654404e-08
36808	19993	1.734267187654404e-08
36809	246	3.468534375308808e-08
36811	1988	1.734267187654404e-08
36812	17817	1.734267187654404e-08
36813	922	1.734267187654404e-08
36814	518	1.734267187654404e-08
36815	5120	1.734267187654404e-08
36816	6681	1.734267187654404e-08
2903	36817	1.734267187654404e-08
36818	32742	1.734267187654404e-08
36819	10065	1.734267187654404e-08
36821	12146	3.468534375308808e-08
36822	22517	8.671335938272021e-08
22517	33023	6.937068750617616e-08
22517	34119	1.0405603125926425e-07
36823	8273	1.734267187654404e-08
36823	95	1.734267187654404e-08
36824	5852	3.468534375308808e-08
36825	36826	6.937068750617616e-08
36826	7021	5.2028015629632124e-08
12550	36827	3.468534375308808e-08
36827	12143	3.468534375308808e-08
36828	13250	1.734267187654404e-08
36829	3757	1.734267187654404e-08
36830	24066	1.734267187654404e-08
36831	15736	1.734267187654404e-08
36832	24656	3.468534375308808e-08
36833	7424	1.734267187654404e-08
36834	1782	5.2028015629632124e-08
1782	35087	6.937068750617616e-08
36835	589	1.734267187654404e-08
36836	34852	1.0405603125926425e-07
36837	28721	1.734267187654404e-08
36838	851	1.734267187654404e-08
36839	10860	1.734267187654404e-08
36840	33134	3.468534375308808e-08
36840	731	1.734267187654404e-08
36842	2966	1.734267187654404e-08
36843	7202	5.2028015629632124e-08
36844	13957	1.734267187654404e-08
36845	3962	1.734267187654404e-08
36846	1240	1.734267187654404e-08
36846	2354	1.734267187654404e-08
36847	4674	1.734267187654404e-08
36847	7016	1.734267187654404e-08
12218	32951	3.468534375308808e-08
688	32856	3.468534375308808e-08
688	33706	3.468534375308808e-08
20136	33063	1.0405603125926425e-07
1479	33090	3.468534375308808e-08
3065	33401	3.468534375308808e-08
20457	33243	3.468534375308808e-08
9606	33489	3.468534375308808e-08
9606	35218	5.2028015629632124e-08
9606	35607	1.734267187654404e-08
27422	32909	3.468534375308808e-08
28834	32882	1.734267187654404e-08
16870	33298	5.2028015629632124e-08
3971	33449	3.468534375308808e-08
15524	32891	3.468534375308808e-08
12576	33501	5.2028015629632124e-08
5468	33507	3.468534375308808e-08
14271	33358	3.468534375308808e-08
23854	33043	5.2028015629632124e-08
11204	32812	3.468534375308808e-08
25711	33312	3.468534375308808e-08
16495	33558	3.468534375308808e-08
30156	33404	3.468534375308808e-08
20359	33558	3.468534375308808e-08
1387	33895	3.468534375308808e-08
20901	33189	3.468534375308808e-08
14537	33924	1.734267187654404e-08
31590	33258	3.468534375308808e-08
1635	33576	8.671335938272021e-08
12315	33296	3.468534375308808e-08
29908	33863	3.468534375308808e-08
32477	33902	3.468534375308808e-08
17996	34039	3.468534375308808e-08
28532	33166	5.2028015629632124e-08
5672	33689	3.468534375308808e-08
17088	33453	3.468534375308808e-08
2204	33458	6.937068750617616e-08
27312	33952	5.2028015629632124e-08
9234	34048	3.468534375308808e-08
1169	33043	5.2028015629632124e-08
9845	33345	6.937068750617616e-08
19226	33269	3.468534375308808e-08
27588	32899	6.937068750617616e-08
14428	33535	3.468534375308808e-08
14428	32983	1.0405603125926425e-07
19751	32886	3.468534375308808e-08
9996	33848	6.937068750617616e-08
31220	34048	3.468534375308808e-08
2770	33610	8.671335938272021e-08
1578	33668	3.468534375308808e-08
9066	33641	3.468534375308808e-08
7295	32883	3.468534375308808e-08
291	34199	3.468534375308808e-08
2018	34326	3.468534375308808e-08
10871	34377	5.2028015629632124e-08
4990	33683	3.468534375308808e-08
12148	33175	3.468534375308808e-08
30130	33601	3.468534375308808e-08
13537	33878	3.468534375308808e-08
4744	33881	1.734267187654404e-08
25664	34500	3.468534375308808e-08
8806	33642	1.734267187654404e-08
32166	33073	5.2028015629632124e-08
15064	32800	3.468534375308808e-08
30956	33299	3.468534375308808e-08
29714	34306	3.468534375308808e-08
2244	33462	6.937068750617616e-08
4650	32889	3.468534375308808e-08
22103	33521	1.734267187654404e-08
5395	33106	3.468534375308808e-08
16070	34215	3.468534375308808e-08
5035	34364	1.734267187654404e-08
5805	32875	3.468534375308808e-08
3717	33076	3.468534375308808e-08
27882	34531	1.734267187654404e-08
21044	34289	3.468534375308808e-08
5741	33994	3.468534375308808e-08
590	32807	3.468534375308808e-08
12279	34769	5.2028015629632124e-08
1179	33898	3.468534375308808e-08
3244	33304	1.734267187654404e-08
19685	34325	3.468534375308808e-08
9437	34703	6.937068750617616e-08
14554	34237	3.468534375308808e-08
23106	33908	1.734267187654404e-08
23106	35667	1.734267187654404e-08
2274	33488	1.734267187654404e-08
27375	34236	6.937068750617616e-08
30007	33524	3.468534375308808e-08
27924	33103	1.734267187654404e-08
28456	33782	6.937068750617616e-08
31132	33145	3.468534375308808e-08
1438	32997	3.468534375308808e-08
14789	33259	3.468534375308808e-08
16368	35589	1.5608404688889638e-07
23409	33902	3.468534375308808e-08
108	34369	3.468534375308808e-08
1006	34410	3.468534375308808e-08
1006	36499	3.468534375308808e-08
28189	33457	5.2028015629632124e-08
26788	33415	3.468534375308808e-08
10437	34882	3.468534375308808e-08
4178	33275	3.468534375308808e-08
7683	34743	1.734267187654404e-08
15309	33663	3.468534375308808e-08
10520	34453	3.468534375308808e-08
31202	34478	5.2028015629632124e-08
9612	33959	3.468534375308808e-08
12472	34815	1.734267187654404e-08
2627	33531	3.468534375308808e-08
5076	34927	3.468534375308808e-08
12586	35135	5.2028015629632124e-08
5687	33382	3.468534375308808e-08
15360	34400	3.468534375308808e-08
10984	33062	3.468534375308808e-08
1642	33003	3.468534375308808e-08
11731	33538	3.468534375308808e-08
15435	33521	1.734267187654404e-08
7607	32782	3.468534375308808e-08
4758	35317	5.2028015629632124e-08
23703	34730	1.734267187654404e-08
5739	34240	3.468534375308808e-08
4464	33230	3.468534375308808e-08
15387	34221	1.734267187654404e-08
8539	35393	3.468534375308808e-08
764	32905	3.468534375308808e-08
28087	35181	1.0405603125926425e-07
20365	34773	3.468534375308808e-08
32216	33832	1.734267187654404e-08
13080	35011	1.734267187654404e-08
13080	36507	6.069935156790414e-08
13080	36116	6.069935156790414e-08
8110	33008	5.2028015629632124e-08
8088	33198	5.2028015629632124e-08
20590	32925	3.468534375308808e-08
25653	32900	6.937068750617616e-08
22680	34819	3.468534375308808e-08
26227	35099	5.2028015629632124e-08
27399	35463	3.468534375308808e-08
26257	34758	3.468534375308808e-08
13019	33789	3.468534375308808e-08
22592	32776	3.468534375308808e-08
4455	34908	3.468534375308808e-08
1989	33853	3.468534375308808e-08
16399	33896	3.468534375308808e-08
7599	35434	1.734267187654404e-08
3508	33329	3.468534375308808e-08
15053	33361	5.2028015629632124e-08
8525	34094	1.734267187654404e-08
12035	34099	3.468534375308808e-08
2259	33377	6.937068750617616e-08
3407	35030	1.734267187654404e-08
10815	33313	1.734267187654404e-08
6313	34981	1.734267187654404e-08
12295	34722	3.468534375308808e-08
8950	35129	6.937068750617616e-08
8087	35313	3.468534375308808e-08
15366	33891	5.2028015629632124e-08
12706	34094	1.734267187654404e-08
13226	35207	3.468534375308808e-08
26885	35692	3.468534375308808e-08
1270	33632	6.937068750617616e-08
11677	33955	3.468534375308808e-08
29702	35859	3.468534375308808e-08
24781	35517	3.468534375308808e-08
3098	35525	3.468534375308808e-08
7493	35688	3.468534375308808e-08
32533	35144	3.468534375308808e-08
14336	35630	5.2028015629632124e-08
9649	34084	3.468534375308808e-08
2003	33809	3.468534375308808e-08
11027	32820	3.468534375308808e-08
29265	32814	3.468534375308808e-08
10427	34862	3.468534375308808e-08
10911	33378	5.2028015629632124e-08
11867	35120	3.468534375308808e-08
13509	35371	1.734267187654404e-08
27731	33260	3.468534375308808e-08
1768	34677	6.937068750617616e-08
28042	35148	3.468534375308808e-08
29522	35324	1.734267187654404e-08
1650	35018	3.468534375308808e-08
9545	34453	3.468534375308808e-08
182	36264	6.937068750617616e-08
182	33658	3.468534375308808e-08
11293	34885	3.468534375308808e-08
21847	34100	3.468534375308808e-08
15307	33188	3.468534375308808e-08
25522	33656	5.2028015629632124e-08
13927	34986	3.468534375308808e-08
26125	34956	3.468534375308808e-08
4631	33617	3.468534375308808e-08
15626	32895	6.937068750617616e-08
11170	33187	3.468534375308808e-08
9160	33587	5.2028015629632124e-08
15554	33700	3.468534375308808e-08
1460	36098	1.734267187654404e-08
30373	34792	3.468534375308808e-08
5364	33118	3.468534375308808e-08
3136	35494	8.671335938272021e-08
12469	36284	3.468534375308808e-08
1709	33591	3.468534375308808e-08
11875	35554	3.468534375308808e-08
16287	35419	3.468534375308808e-08
14155	33244	3.468534375308808e-08
32218	35706	3.468534375308808e-08
7883	34672	3.468534375308808e-08
19333	33156	8.671335938272021e-08
5091	34750	3.468534375308808e-08
2326	34605	3.468534375308808e-08
4125	35200	1.734267187654404e-08
21545	35511	1.734267187654404e-08
20982	36095	3.468534375308808e-08
17295	35689	3.468534375308808e-08
29884	34855	3.468534375308808e-08
13261	34268	3.468534375308808e-08
282	33039	3.468534375308808e-08
10152	33182	3.468534375308808e-08
14847	35670	5.2028015629632124e-08
6881	34033	3.468534375308808e-08
15722	32888	5.2028015629632124e-08
9734	33054	1.734267187654404e-08
1418	33068	5.2028015629632124e-08
28941	35237	2.6014007814816062e-08
28941	33394	2.6014007814816062e-08
8705	33856	3.468534375308808e-08
8839	36041	2.081120625185285e-07
7259	34568	3.468534375308808e-08
14412	35325	3.468534375308808e-08
5829	35990	3.468534375308808e-08
32463	34279	3.468534375308808e-08
6422	34683	3.468534375308808e-08
29339	34822	3.468534375308808e-08
28713	34464	3.468534375308808e-08
31204	34151	5.2028015629632124e-08
15354	33413	5.2028015629632124e-08
32316	35769	1.734267187654404e-08
14530	32992	3.468534375308808e-08
15272	35110	3.468534375308808e-08
7086	33832	1.734267187654404e-08
9481	32849	3.468534375308808e-08
9481	35634	3.468534375308808e-08
9481	35941	1.0405603125926425e-07
3850	33541	3.468534375308808e-08
5949	34699	1.0405603125926425e-07
22188	34076	1.734267187654404e-08
3084	33921	5.2028015629632124e-08
4362	35399	5.2028015629632124e-08
436	33814	3.468534375308808e-08
18545	34800	3.468534375308808e-08
12974	32979	3.468534375308808e-08
30597	35707	1.734267187654404e-08
4417	33181	3.468534375308808e-08
25914	35872	1.734267187654404e-08
6009	32780	8.671335938272021e-08
17196	34247	3.468534375308808e-08
18165	35563	5.2028015629632124e-08
12591	35920	3.468534375308808e-08
11772	33685	3.468534375308808e-08
11982	33113	6.937068750617616e-08
7144	35987	1.0405603125926425e-07
7144	33275	3.468534375308808e-08
16964	34357	8.671335938272021e-08
27530	35559	3.468534375308808e-08
10058	34742	3.468534375308808e-08
30171	34531	1.734267187654404e-08
20386	32848	3.468534375308808e-08
29959	35934	3.468534375308808e-08
11900	33821	3.468534375308808e-08
20701	36825	5.2028015629632124e-08
25136	32958	3.468534375308808e-08
19435	32796	3.468534375308808e-08
12220	36009	3.468534375308808e-08
29280	36365	3.468534375308808e-08
20251	36480	5.2028015629632124e-08
22526	35202	3.468534375308808e-08
2753	34031	5.2028015629632124e-08
2753	36047	3.468534375308808e-08
31304	36586	3.468534375308808e-08
2747	34570	3.468534375308808e-08
31129	35502	3.468534375308808e-08
6226	32942	3.468534375308808e-08
14596	34105	6.937068750617616e-08
15240	34056	3.468534375308808e-08
30334	36029	3.468534375308808e-08
17102	35703	1.734267187654404e-08
17102	35835	5.2028015629632124e-08
13697	34167	3.468534375308808e-08
11493	35235	1.0405603125926425e-07
21152	34299	3.468534375308808e-08
28355	35693	3.468534375308808e-08
5981	33084	3.468534375308808e-08
3241	36142	3.468534375308808e-08
6602	36250	3.468534375308808e-08
20324	34625	8.671335938272021e-08
319	33201	1.734267187654404e-08
31347	35628	1.734267187654404e-08
13792	33558	3.468534375308808e-08
16059	34952	3.468534375308808e-08
24933	36341	1.0405603125926425e-07
4316	34911	3.468534375308808e-08
6137	34759	5.2028015629632124e-08
19682	36010	3.468534375308808e-08
21297	36055	3.468534375308808e-08
12349	33750	1.734267187654404e-08
32093	36715	3.468534375308808e-08
23233	35566	1.734267187654404e-08
15764	33991	5.2028015629632124e-08
13844	34263	5.2028015629632124e-08
3441	35564	5.2028015629632124e-08
4826	36072	3.468534375308808e-08
12370	34320	3.468534375308808e-08
21049	35372	3.468534375308808e-08
19822	34882	3.468534375308808e-08
15463	34002	3.468534375308808e-08
19280	34998	3.468534375308808e-08
3537	35588	6.937068750617616e-08
30965	32851	3.468534375308808e-08
1928	36123	3.468534375308808e-08
20914	34614	3.468534375308808e-08
31890	34591	1.734267187654404e-08
14897	33125	3.468534375308808e-08
19201	36402	6.937068750617616e-08
2078	35504	3.468534375308808e-08
17128	35189	1.734267187654404e-08
23668	35863	3.468534375308808e-08
1235	33821	3.468534375308808e-08
15629	34554	3.468534375308808e-08
3840	33610	8.671335938272021e-08
20111	34031	5.2028015629632124e-08
13512	34898	3.468534375308808e-08
818	33001	1.0405603125926425e-07
3253	35719	3.468534375308808e-08
7386	33839	3.468534375308808e-08
12867	35033	3.468534375308808e-08
12919	35814	8.671335938272021e-08
281	34168	3.468534375308808e-08
17783	34262	3.468534375308808e-08
31212	33930	3.468534375308808e-08
14831	33673	1.734267187654404e-08
10025	35567	3.468534375308808e-08
9081	35505	1.734267187654404e-08
19583	33079	3.468534375308808e-08
27433	35352	1.734267187654404e-08
19956	36832	3.468534375308808e-08
31915	33757	1.734267187654404e-08
14748	36660	3.468534375308808e-08
1364	35356	3.468534375308808e-08
18235	34172	3.468534375308808e-08
309	33431	3.468534375308808e-08
16369	34550	1.734267187654404e-08
26351	33403	6.937068750617616e-08
4648	36211	3.468534375308808e-08
13453	36224	3.468534375308808e-08
29837	33269	3.468534375308808e-08
5816	35919	3.468534375308808e-08
19533	34285	3.468534375308808e-08
4254	35379	3.468534375308808e-08
15833	35668	3.468534375308808e-08
2542	35020	5.2028015629632124e-08
9630	34095	1.0405603125926425e-07
24634	36099	1.734267187654404e-08
6054	32784	5.2028015629632124e-08
32649	36508	3.468534375308808e-08
8592	35463	3.468534375308808e-08
25563	35741	3.468534375308808e-08
29022	33318	5.2028015629632124e-08
18780	34620	1.734267187654404e-08
26617	33269	3.468534375308808e-08
26748	34725	3.468534375308808e-08
7048	35826	3.468534375308808e-08
2080	35790	5.2028015629632124e-08
3946	35433	3.468534375308808e-08
2091	33404	5.2028015629632124e-08
9024	34624	5.2028015629632124e-08
17613	34068	3.468534375308808e-08
7368	34594	3.468534375308808e-08
20536	34362	3.468534375308808e-08
3863	34792	3.468534375308808e-08
5642	34453	3.468534375308808e-08
22902	36033	3.468534375308808e-08
24294	36328	3.468534375308808e-08
25502	33283	3.468534375308808e-08
16728	32829	3.468534375308808e-08
16997	35219	3.468534375308808e-08
9209	34201	5.2028015629632124e-08
31832	34598	3.468534375308808e-08
31806	33124	3.468534375308808e-08
10905	35907	3.468534375308808e-08
30996	35871	3.468534375308808e-08
14237	33866	1.734267187654404e-08
10940	34470	3.468534375308808e-08
31936	35262	5.2028015629632124e-08
31601	34474	3.468534375308808e-08
22686	35809	3.468534375308808e-08
11951	34696	3.468534375308808e-08
1009	35511	1.734267187654404e-08
3987	32899	6.937068750617616e-08
13995	36634	3.468534375308808e-08
9934	34733	3.468534375308808e-08
19858	34702	3.468534375308808e-08
20488	36724	1.734267187654404e-08
7063	35638	1.734267187654404e-08
1332	32906	1.734267187654404e-08
18241	36679	3.468534375308808e-08
18942	34680	3.468534375308808e-08
14742	34149	1.734267187654404e-08
