0	3.9518108851067696e-05
1	5.512818317937532e-05
2	4.275183553454082e-05
3	4.497890485900791e-05
4	0.00015135464693811688
5	7.182442247139903e-05
6	3.351385263015392e-05
7	0.0076338655345331114
8	3.1829352434896815e-05
9	9.39145901705994e-05
10	3.58408177960959e-05
11	8.425148712707977e-05
12	3.7121895606920886e-05
13	4.896214510364974e-05
14	5.11130545443705e-05
15	0.006981171863666944
16	0.00013791014888809872
17	0.0003445699426709812
18	3.750848585514383e-05
19	3.74499763042947e-05
20	0.00011717451679450712
21	0.00011386053058060716
22	4.498869359245588e-05
23	5.86946244821438e-05
24	3.4048156991739924e-05
25	2.9325143506464627e-05
26	4.9089846954066204e-05
27	0.0003240178042582397
28	2.9325143506464627e-05
29	8.412179216956542e-05
30	5.078105275468221e-05
31	2.9325143506464627e-05
32	6.460334773350108e-05
33	4.9059765536872716e-05
34	4.493201524069961e-05
35	2.9325143506464627e-05
36	5.200050622332394e-05
37	4.2530543820697615e-05
38	0.0002710637901088054
39	2.9325143506464627e-05
40	0
41	8.049537846013287e-05
42	0.00011173197756943418
43	7.430910279333513e-05
44	3.6359591669826443e-05
45	5.144957546580685e-05
46	3.4190606015886795e-05
47	0.000620088567540143
48	5.278388710737018e-05
49	0.0003860862859352649
50	4.3533597427923645e-05
51	6.468395177459274e-05
52	3.071338111622935e-05
53	6.724460745732326e-05
54	3.865539572159337e-05
55	8.924768277262054e-05
56	4.5300470264763196e-05
57	5.478460611373805e-05
58	5.478460611373805e-05
59	3.359555392687027e-05
60	5.478460611373805e-05
61	0.006691192770135187
62	0.0002260599908233485
63	3.3973073254513785e-05
64	3.289489736014535e-05
65	3.998152153179658e-05
66	2.9325143506464627e-05
67	3.539039399001771e-05
68	3.48623238899492e-05
69	0.00018887805612647203
70	3.3796540350016826e-05
71	5.9247625936956154e-05
72	3.844391877313224e-05
73	5.107730860811637e-05
74	9.438176181408491e-05
75	2.9325143506464627e-05
76	3.237188377768762e-05
77	0.0006307329771171467
78	3.750848585514383e-05
79	0.0007916423065171673
80	5.761713937079719e-05
81	4.214702596532241e-05
82	2.9325143506464627e-05
83	9.16648738120254e-05
84	3.4322798901617645e-05
85	3.548051770240638e-05
86	2.9325143506464627e-05
87	5.220178713786955e-05
88	2.9325143506464627e-05
89	7.255774024558071e-05
90	4.36761750869194e-05
91	4.891983247910925e-05
92	5.4607638540342754e-05
93	3.701999135842609e-05
94	7.395154167813565e-05
95	3.286606579113266e-05
96	9.30732319156294e-05
97	4.3933705561589223e-05
98	3.932045429677066e-05
99	3.69944793632477e-05
100	4.138507374800253e-05
101	0.0012831325092950885
102	2.9325143506464627e-05
103	0.0001060607512758909
104	9.875185975732072e-05
105	3.882423286577312e-05
106	0.0003076797161225096
107	0.000302750572411986
108	2.9325143506464627e-05
109	0.00015552128027723696
110	0.00012318575185856206
111	4.59945401837016e-05
112	7.795648014091944e-05
113	5.991427676761475e-05
114	4.986095979684533e-05
115	0.0025442164658020525
116	3.5073164223692514e-05
117	6.074162769263467e-05
118	2.9325143506464627e-05
119	3.366122274022145e-05
120	0
121	2.9325143506464627e-05
122	4.986767093351666e-05
123	4.719894984612385e-05
124	0.00019187153768676358
125	8.402844098214444e-05
126	6.644298411145823e-05
127	5.858919845322635e-05
128	0.0002961597710627532
129	4.809779943012009e-05
130	0.00013885930989193437
131	2.9325143506464627e-05
132	5.4128377994935686e-05
133	2.9325143506464627e-05
134	4.6223754087953554e-05
135	0.00025229026631865947
136	0.0008987953348709673
137	7.30410880026049e-05
138	3.852817009486209e-05
139	2.9325143506464627e-05
140	4.6418132098720846e-05
141	2.9325143506464627e-05
142	5.603101374124535e-05
143	0
144	0
145	2.9325143506464627e-05
146	3.304133814799323e-05
147	0.00029538736083947395
148	2.9965868557125272e-05
149	3.674192797662405e-05
150	4.035631103443063e-05
151	4.9797261937692346e-05
152	0.00010068842833444412
153	0.002426054731192585
154	3.135929406872917e-05
155	5.293128862865774e-05
156	0.0001124668252231347
157	3.75089528479417e-05
158	0.00014104239998771927
159	5.0091753963402845e-05
160	3.55540416596515e-05
161	3.244867812843527e-05
162	0.0007942897914213134
163	8.202014053278202e-05
164	0.00011880321565798312
165	3.829459930807145e-05
166	8.977874407068643e-05
167	9.73763296142641e-05
168	5.677207485345002e-05
169	7.888487695900518e-05
170	5.178151327277336e-05
171	0.0002932119647307168
172	4.403111810867049e-05
173	4.041176958258867e-05
174	3.303211408765977e-05
175	2.9325143506464627e-05
176	7.429917753397633e-05
177	0.00018875371813235374
178	2.970693886918774e-05
179	0.00010681714597751347
180	0.00012174400671725726
181	4.367312913888111e-05
182	6.902963031293284e-05
183	3.337095674725433e-05
184	5.5062784463751684e-05
185	2.9325143506464627e-05
186	5.925767761915051e-05
187	3.0286231082455594e-05
188	3.536647740519427e-05
189	2.9325143506464627e-05
190	5.530806730764719e-05
191	3.9604356735344887e-05
192	0.0004448686508414222
193	0.00016759725170703327
194	7.196384063331436e-05
195	3.2901106822852744e-05
196	3.55722127504059e-05
197	0
198	3.801225072723922e-05
199	6.334895338765524e-05
200	2.9325143506464627e-05
201	0
202	6.591018153450291e-05
203	6.749430563399819e-05
204	8.461204624266235e-05
205	6.945696742608668e-05
206	2.9511623185388245e-05
207	0.00022769924925150303
208	2.9325143506464627e-05
209	4.069331893027949e-05
210	4.3638494834670856e-05
211	5.678760664060766e-05
212	4.087416039925391e-05
213	7.06811108862224e-05
214	0.00010394176759548399
215	0.00038546504434965116
216	5.609489529116586e-05
217	0.00014586353450961442
218	3.8375093930732554e-05
219	5.671811864765663e-05
220	3.632523483286011e-05
221	7.582089188091037e-05
222	3.52668348817818e-05
223	7.174094114852153e-05
224	3.0403290777170937e-05
225	0.0005879335915708042
226	5.383454225044766e-05
227	3.16383847444825e-05
228	4.974221621382356e-05
229	6.658849484129222e-05
230	3.7078227042175004e-05
231	3.696390138797467e-05
232	3.582028132630455e-05
233	0.0024918558828446345
234	5.144957546580685e-05
235	3.3329241208918045e-05
236	4.2986734406831144e-05
237	4.602732913628853e-05
238	5.4226847278113005e-05
239	2.9325143506464627e-05
240	2.9325143506464627e-05
241	4.220107735707029e-05
242	6.422314476003053e-05
243	3.861116416537084e-05
244	6.754398591072647e-05
245	2.9325143506464627e-05
246	4.622588368083379e-05
247	0.0003911651697400329
248	3.894180348609e-05
249	0.00012433900507575736
250	5.478460611373805e-05
251	0
252	3.1247318658446554e-05
253	3.0915970815262007e-05
254	4.057036220414301e-05
255	0.0002272489593920534
256	8.48755762244523e-05
257	5.399672072294734e-05
258	2.9779475815114903e-05
259	2.9972499612764825e-05
260	2.9325143506464627e-05
261	2.9325143506464627e-05
262	3.348985633575881e-05
263	2.9325143506464627e-05
264	6.155926822024668e-05
265	4.89367874502994e-05
266	4.1330350194018124e-05
267	3.44179688249415e-05
268	0.00014286337315035173
269	0
270	5.5487565562826835e-05
271	4.50411666354507e-05
272	2.9325143506464627e-05
273	4.946022426062816e-05
274	5.667061745018084e-05
275	4.0396318730534605e-05
276	2.9325143506464627e-05
277	5.478460611373805e-05
278	0.0001005105259715704
279	2.9325143506464627e-05
280	3.337095674725433e-05
281	3.008596408895987e-05
282	5.955868211781029e-05
283	4.213779753787301e-05
284	4.4312835529882544e-05
285	0
286	2.9325143506464627e-05
287	5.223053492053447e-05
288	3.356916301019759e-05
289	3.304323232884079e-05
290	0.0005526282881376278
291	7.153731170325751e-05
292	3.613670625097219e-05
293	5.11831632241176e-05
294	8.235823125458201e-05
295	4.316131586930182e-05
296	4.9710892823574746e-05
297	2.957502627622228e-05
298	2.996595549403852e-05
299	3.3562735081319803e-05
300	3.5755138580928416e-05
301	0.00012197255121846412
302	4.673156040317334e-05
303	3.5164494066006e-05
304	7.024275493294726e-05
305	0.000717987760692144
306	4.97342620422114e-05
307	3.766177610467963e-05
308	3.135929406872917e-05
309	4.0377753841929394e-05
310	4.526726713091238e-05
311	5.3279860777221896e-05
312	7.11704259421542e-05
313	9.380482165367722e-05
314	7.634386254860986e-05
315	7.650063286338597e-05
316	4.802512748654607e-05
317	8.247808085158597e-05
318	5.6993965418245924e-05
319	0
320	0.0003059022084829089
321	3.793455862710604e-05
322	3.783439013931039e-05
323	3.7985122846363835e-05
324	6.179622060461341e-05
325	4.452279307984316e-05
326	4.7670839849549656e-05
327	0
328	3.676817935665211e-05
329	0.00018037641471322643
330	0.00010881402706647354
331	0
332	2.9325143506464627e-05
333	2.9325143506464627e-05
334	5.0150745953163726e-05
335	3.401236026500063e-05
336	0.00037591966140351795
337	5.8501582718796455e-05
338	0.0005261448917475254
339	4.283727003170829e-05
340	8.045910751538511e-05
341	3.0286231082455594e-05
342	5.010531137909187e-05
343	5.4200239657513984e-05
344	6.062334404722512e-05
345	3.235196015118769e-05
346	3.55818695410153e-05
347	7.906480199927061e-05
348	6.931606020672524e-05
349	6.643756001630278e-05
350	3.479432650692152e-05
351	5.58213346854086e-05
352	3.775424835855171e-05
353	3.2102126318031574e-05
354	3.4678959386533354e-05
355	2.9325143506464627e-05
356	6.796727335714713e-05
357	4.159244674211853e-05
358	4.097582829280529e-05
359	7.59783579683295e-05
360	3.879794110635454e-05
361	4.983755759002837e-05
362	5.946825294470425e-05
363	0.00017620391212513486
364	5.099991377765736e-05
365	2.9325143506464627e-05
366	3.678576819125402e-05
367	6.743951437646235e-05
368	8.609412160666193e-05
369	5.0369333303425676e-05
370	5.587031925881247e-05
371	5.478460611373805e-05
372	6.72787446016206e-05
373	3.0403290777170937e-05
374	3.982324258533778e-05
375	4.862626940441735e-05
376	3.1966096621440915e-05
377	8.570213522228203e-05
378	4.9460982963997874e-05
379	6.311403177232642e-05
380	8.754520185217953e-05
381	6.390435878955033e-05
382	5.324658696968824e-05
383	6.928023881843183e-05
384	3.337095674725433e-05
385	8.254626025684066e-05
386	4.363141298168275e-05
387	9.453947207749318e-05
388	0.00011230607258002766
389	0
390	0.00020493938986947626
391	2.9325143506464627e-05
392	5.523056186842593e-05
393	3.039274557921532e-05
394	0.00014026123357277555
395	2.9325143506464627e-05
396	2.9325143506464627e-05
397	4.5235060211380406e-05
398	6.552658614058727e-05
399	3.879794110635454e-05
400	3.700737033152159e-05
401	2.9325143506464627e-05
402	4.1701189359934186e-05
403	2.9325143506464627e-05
404	3.474597236624239e-05
405	3.8855063169182165e-05
406	0.00016380892529702744
407	2.9325143506464627e-05
408	7.448889208367024e-05
409	5.6924912667372076e-05
410	0.00011384538043653287
411	0.00016016190270010594
412	3.2315630054692966e-05
413	4.365226156665252e-05
414	4.2557876599676005e-05
415	5.62436541653246e-05
416	3.088691081744995e-05
417	5.169012502315579e-05
418	4.461689556285335e-05
419	0.0003027580599007564
420	2.9325143506464627e-05
421	0.00038783311069432195
422	2.9325143506464627e-05
423	6.79539525880826e-05
424	5.211879122518038e-05
425	4.216572207771423e-05
426	0.0001864561550681999
427	3.337095674725433e-05
428	3.871747885551896e-05
429	3.1247318658446554e-05
430	9.149532508071555e-05
431	8.469487343938696e-05
432	0.0003082165713913844
433	5.358671779453032e-05
434	7.394651659493534e-05
435	3.989487137785066e-05
436	5.68147728584019e-05
437	6.737005019249536e-05
438	2.9325143506464627e-05
439	4.2639131268267635e-05
440	3.725420298482789e-05
441	4.211885216679728e-05
442	0.00018417917840767503
443	0
444	0.00023832175598015898
445	7.101534032588826e-05
446	0.0001232854616656397
447	7.478625959013712e-05
448	6.602922671478807e-05
449	2.9325143506464627e-05
450	6.536360175222915e-05
451	7.142851021884055e-05
452	2.9325143506464627e-05
453	4.735687582089846e-05
454	4.715401560843846e-05
455	3.337095674725433e-05
456	0.015291966546764292
457	3.244867812843527e-05
458	4.384742647565256e-05
459	3.47905295675233e-05
460	0.0001421519884929135
461	0.00021218556801443325
462	3.4179149950881396e-05
463	0.00028532265775517207
464	4.181928199434718e-05
465	2.9325143506464627e-05
466	2.9325143506464627e-05
467	5.3563257089525574e-05
468	0
469	9.344899874420716e-05
470	0.00012194052981915098
471	3.174825056967485e-05
472	0.00047034030511460033
473	2.9325143506464627e-05
474	2.980568729446011e-05
475	5.278298829727935e-05
476	3.6632349882814864e-05
477	5.303157988692477e-05
478	3.167875619051386e-05
479	3.34939908479744e-05
480	8.323339912441139e-05
481	3.739454172190868e-05
482	0.00018311851271720297
483	3.62195688567061e-05
484	0.00027938127767579847
485	0
486	7.211522194421448e-05
487	5.1924197345604084e-05
488	6.069683056321425e-05
489	4.167183941503795e-05
490	0.00017812735590230002
491	5.806381716837678e-05
492	5.478460611373805e-05
493	0.0006719045309322529
494	5.2793394675348915e-05
495	5.986433769826905e-05
496	0
497	4.1306102640333326e-05
498	5.3976230420204204e-05
499	6.0272055806189126e-05
500	4.968773056105888e-05
501	3.0424795503126688e-05
502	4.529257652784677e-05
503	3.8456260409162074e-05
504	4.6844250139018874e-05
505	4.854010008830966e-05
506	4.2624607211905e-05
507	4.0100719719247537e-05
508	7.917570154088254e-05
509	5.345233309295189e-05
510	0.00018061763796925045
511	2.9325143506464627e-05
512	2.9325143506464627e-05
513	5.7015955586989775e-05
514	2.9325143506464627e-05
515	5.643409816817066e-05
516	2.9325143506464627e-05
517	4.317016860128842e-05
518	4.158166082336563e-05
519	3.16383847444825e-05
520	4.5742556373098414e-05
521	6.545876904730915e-05
522	3.6641708026844934e-05
523	7.458940593405148e-05
524	2.9325143506464627e-05
525	4.706321472951078e-05
526	6.329579809981297e-05
527	3.536674792903067e-05
528	0
529	2.9325143506464627e-05
530	4.8119349811447934e-05
531	2.9325143506464627e-05
532	2.9325143506464627e-05
533	0
534	8.71209175975981e-05
535	2.9325143506464627e-05
536	0.00010350496241681569
537	7.564678518360023e-05
538	3.55722127504059e-05
539	4.5065320013507084e-05
540	9.502061350356916e-05
541	3.4322798901617645e-05
542	3.680501820298813e-05
543	3.0286231082455594e-05
544	2.9325143506464627e-05
545	0
546	2.9325143506464627e-05
547	3.0403290777170937e-05
548	5.0700266960667696e-05
549	0
550	6.56330417781372e-05
551	6.124689819581907e-05
552	5.832408639789827e-05
553	3.1596805049716e-05
554	6.561485957722752e-05
555	0.00012320482008689474
556	4.5110846600213145e-05
557	6.297548984267961e-05
558	5.833371796924962e-05
559	5.8638422844037294e-05
560	0.00016615465351347758
561	7.086008649515714e-05
562	3.199871502645921e-05
563	4.6604142391386716e-05
564	7.792424212230469e-05
565	0.00011947995332066625
566	5.499952108564316e-05
567	8.545429556645136e-05
568	4.316402336873274e-05
569	3.6716501658903456e-05
570	4.311685457340704e-05
571	6.40616266971221e-05
572	0.00023908546941800508
573	3.444910401796064e-05
574	3.7689570510489976e-05
575	2.9517903322428647e-05
576	6.665199107408828e-05
577	2.9325143506464627e-05
578	3.56598719987846e-05
579	0.00017188863912086813
580	0.00010929453163181337
581	3.542181619940177e-05
582	2.9325143506464627e-05
583	4.552936478099046e-05
584	4.793841398279605e-05
585	4.783908650410416e-05
586	8.2684793875076e-05
587	3.353619464535812e-05
588	3.2288098404917705e-05
589	6.48568579422725e-05
590	2.9325143506464627e-05
591	0.004322073085592337
592	4.8591898653658984e-05
593	4.910260034022886e-05
594	6.323936891502716e-05
595	0.00021481897459322107
596	5.2981175956686694e-05
597	0.00014815202413924385
598	4.076094795267079e-05
599	4.265222456020601e-05
600	3.397304463085167e-05
601	3.289489736014535e-05
602	4.7286127588784794e-05
603	4.138507374800253e-05
604	7.121203106371865e-05
605	0.000249690466147433
606	8.027737653533647e-05
607	5.126676412647261e-05
608	4.993945076277814e-05
609	2.9325143506464627e-05
610	3.656434755650829e-05
611	7.052220665372256e-05
612	2.9325143506464627e-05
613	7.504042525779657e-05
614	4.9016976449319594e-05
615	2.9972499612764825e-05
616	2.9325143506464627e-05
617	2.9325143506464627e-05
618	0.00011079717675630907
619	3.40017520676461e-05
620	6.264284614081808e-05
621	3.813778608380797e-05
622	9.150332832916302e-05
623	2.9325143506464627e-05
624	4.639620440863359e-05
625	3.81560775152093e-05
626	3.140383770289965e-05
627	3.3568960515663745e-05
628	0.0001248090922201875
629	2.9325143506464627e-05
630	3.750042251017544e-05
631	2.9325143506464627e-05
632	2.9325143506464627e-05
633	0.0003908873718030363
634	5.602565990162268e-05
635	3.63142683010011e-05
636	4.151564001595082e-05
637	3.396587697058974e-05
638	3.821460339246679e-05
639	3.0430511412846958e-05
640	5.905057111110836e-05
641	6.570044740528563e-05
642	0
643	4.9341563941587676e-05
644	3.268568143545377e-05
645	4.7888065481919914e-05
646	4.998991370688213e-05
647	5.931107587738275e-05
648	3.73857466042939e-05
649	0.00010299410031264313
650	6.164134427114745e-05
651	6.63739798839335e-05
652	2.9325143506464627e-05
653	0.00010385330875190567
654	8.729932388721018e-05
655	5.102296010903681e-05
656	5.87168868252155e-05
657	0
658	4.943501637028929e-05
659	3.8907156623129246e-05
660	3.686646332053744e-05
661	4.4225554694802085e-05
662	2.9325143506464627e-05
663	4.076012973365205e-05
664	3.719817333522057e-05
665	2.9325143506464627e-05
666	3.8999018893183313e-05
667	3.5535016614428296e-05
668	6.597504045787712e-05
669	4.067332069866133e-05
670	3.638532263420281e-05
671	4.9286800039513576e-05
672	3.55722127504059e-05
673	4.1206343614546625e-05
674	7.010460798150937e-05
675	5.551707015880861e-05
676	4.2410497099694675e-05
677	4.998361505993152e-05
678	2.9325143506464627e-05
679	6.302576736009882e-05
680	0.0008075963364166932
681	9.28021776118098e-05
682	3.947164234000688e-05
683	3.235743818285001e-05
684	0.00012282166655922598
685	3.0640315978873314e-05
686	7.07931251610692e-05
687	3.959653735406432e-05
688	8.815690602426767e-05
689	6.792490390562432e-05
690	7.199252537734717e-05
691	3.898311272605458e-05
692	2.9325143506464627e-05
693	6.024484804012718e-05
694	3.6016956377568105e-05
695	0.00017559588979359207
696	3.3899042011558744e-05
697	5.991427676761475e-05
698	8.922529792474915e-05
699	5.7862771408536505e-05
700	5.3789250055452686e-05
701	3.498066985635331e-05
702	3.3329241208918045e-05
703	0.0003225475024975621
704	4.117591498140357e-05
705	5.357010466632944e-05
706	0.0009272596004963706
707	5.3838929069331723e-05
708	3.254887884987873e-05
709	0
710	3.933963983076605e-05
711	6.84465477375602e-05
712	0.00019060226692024462
713	2.9325143506464627e-05
714	0.00015833788243046102
715	0.00011603951994876935
716	4.804252398949944e-05
717	5.378756191604385e-05
718	3.519761776421545e-05
719	0.00010947054131170449
720	2.9325143506464627e-05
721	6.387742077740567e-05
722	3.249576212955908e-05
723	0.00014931912794768286
724	3.4322798901617645e-05
725	2.9325143506464627e-05
726	0
727	3.6873507900842915e-05
728	3.370625973217928e-05
729	2.9325143506464627e-05
730	6.736792086672098e-05
731	4.0936675119652005e-05
732	0.00013459589949322797
733	2.9325143506464627e-05
734	4.37911972617957e-05
735	3.710315968957991e-05
736	3.55818695410153e-05
737	0.0001250857394467439
738	5.803704986234679e-05
739	0.00029002502282987895
740	7.807333522751768e-05
741	2.9511623185388245e-05
742	2.9325143506464627e-05
743	0
744	0.00023199136616708295
745	3.074065489333911e-05
746	3.750848585514383e-05
747	3.163157336737118e-05
748	0.00010318749603257893
749	2.9325143506464627e-05
750	3.831268439089262e-05
751	6.416134566780927e-05
752	9.482122769813515e-05
753	7.029509938494297e-05
754	3.242272801993432e-05
755	4.446463814792573e-05
756	4.735687582089846e-05
757	3.830928823819396e-05
758	4.378511813206702e-05
759	4.880078811961053e-05
760	3.5051220525220094e-05
761	3.510669025416499e-05
762	2.9325143506464627e-05
763	3.465159994861289e-05
764	0.00019953837269485347
765	4.846601588382185e-05
766	3.5108987253471055e-05
767	5.3592279458008287e-05
768	3.943119403588965e-05
769	9.600672275545407e-05
770	6.6872696873289e-05
771	6.56869655315387e-05
772	6.323679026340902e-05
773	4.722417805804464e-05
774	4.108622508437027e-05
775	0.000130622994036685
776	3.5830275136271155e-05
777	5.946224405730885e-05
778	6.732232474156506e-05
779	3.4322798901617645e-05
780	3.913109537991284e-05
781	0.00014232508991628972
782	3.338192067203464e-05
783	3.802386084693437e-05
784	0
785	3.800813234253554e-05
786	3.289489736014535e-05
787	4.874267356142185e-05
788	0.00041780028047550476
789	3.683727906466482e-05
790	4.5562731350578454e-05
791	6.81770612415001e-05
792	2.9325143506464627e-05
793	0
794	3.1946769700469805e-05
795	0.0005456231706053035
796	2.9325143506464627e-05
797	0.00018363352915350524
798	4.656235193245012e-05
799	3.730626711062241e-05
800	0.00010619222617447326
801	2.986672960639087e-05
802	8.136382711967276e-05
803	3.88276418401889e-05
804	4.862626940441735e-05
805	2.9325143506464627e-05
806	7.74307498686653e-05
807	3.7592802547312056e-05
808	0.00016849311382687054
809	3.576165856579896e-05
810	2.9325143506464627e-05
811	0.0003764677879784203
812	2.9325143506464627e-05
813	3.0128456827075863e-05
814	5.850164866931861e-05
815	0.00029292234537463166
816	4.3286731175601726e-05
817	3.926450470665369e-05
818	5.3685315027867235e-05
819	6.373663435299732e-05
820	0.00046710190513688676
821	6.68247535700954e-05
822	9.012801722559376e-05
823	6.680755897011227e-05
824	2.9325143506464627e-05
825	4.2038048749348924e-05
826	2.9325143506464627e-05
827	3.436094556277122e-05
828	2.9325143506464627e-05
829	3.055624459194175e-05
830	5.963877694818984e-05
831	3.7099274121147105e-05
832	3.718794178963118e-05
833	3.479348157476069e-05
834	5.144957546580685e-05
835	7.482823327315113e-05
836	4.241093802987226e-05
837	3.165314511150006e-05
838	4.3513509760002176e-05
839	3.254887884987873e-05
840	5.658530396503162e-05
841	7.558412176351113e-05
842	0.00012102300494382047
843	5.9870124256750804e-05
844	4.6310655536532096e-05
845	3.893815429307109e-05
846	2.9325143506464627e-05
847	3.0460080911913423e-05
848	9.065715530086381e-05
849	0.00035133913414984937
850	0.00020943700183863927
851	5.1438913061886465e-05
852	4.122999596892326e-05
853	2.9325143506464627e-05
854	0.00014256586907655176
855	2.9325143506464627e-05
856	3.337095674725433e-05
857	4.158318047491003e-05
858	4.455869848227589e-05
859	4.399845907038025e-05
860	3.183866577463088e-05
861	0
862	2.9325143506464627e-05
863	3.5206677890259735e-05
864	8.722630849399833e-05
865	0.00011160299903489208
866	3.7696322390790184e-05
867	4.6281513210860154e-05
868	4.860951481589559e-05
869	6.30641528313451e-05
870	4.004779905192065e-05
871	3.312853273502505e-05
872	0
873	8.494503375722729e-05
874	5.239866380318596e-05
875	4.6552800980004244e-05
876	8.009844346655547e-05
877	0
878	7.719248696752681e-05
879	0.00014442815864205503
880	2.9325143506464627e-05
881	0
882	8.116320800380061e-05
883	0.00015747750966986905
884	0.00012266406656761479
885	0
886	3.210402717454036e-05
887	3.722018551477971e-05
888	3.581388452553873e-05
889	0
890	5.3909612700945584e-05
891	5.8804379622318e-05
892	3.4925999791849647e-05
893	0
894	4.757474334384715e-05
895	0.00018580070673221622
896	3.695704620778169e-05
897	5.1082647019377254e-05
898	0.00013434648932186285
899	2.9325143506464627e-05
900	4.534688375020645e-05
901	3.6016956377568105e-05
902	4.9672829695832046e-05
903	7.8255406132439e-05
904	5.854657118642805e-05
905	0.00013294835333442853
906	4.3892692263082835e-05
907	4.777913652654138e-05
908	5.037368804399204e-05
909	4.581667725021391e-05
910	4.467687032518825e-05
911	0.00013788025037104673
912	7.259968054974808e-05
913	0.0005896353228282696
914	0.00018189537895521663
915	3.6193116615856495e-05
916	4.84471357142015e-05
917	3.397304463085167e-05
918	2.9325143506464627e-05
919	0.00019534790020248285
920	5.5917145927098964e-05
921	4.372631614074467e-05
922	3.467814490756025e-05
923	3.690961233786632e-05
924	5.1247580971288444e-05
925	5.512818317937532e-05
926	3.433890217474198e-05
927	4.046054044547231e-05
928	3.060507468740788e-05
929	6.773449917016802e-05
930	2.9325143506464627e-05
931	4.5566574172942865e-05
932	2.9325143506464627e-05
933	3.9536218017788944e-05
934	2.9325143506464627e-05
935	3.2315630054692966e-05
936	4.285826851697086e-05
937	6.821843095841199e-05
938	2.9325143506464627e-05
939	6.523095277406385e-05
940	7.244735736218545e-05
941	4.7737403210184676e-05
942	4.297370494585279e-05
943	3.8999018893183313e-05
944	2.9325143506464627e-05
945	3.568679640244282e-05
946	0.00016214088388894263
947	5.3385693860286337e-05
948	3.0460974278090316e-05
949	0.00019427302036251646
950	0.00010256802380231106
951	4.1433724731655434e-05
952	0.00010165772001938955
953	3.210402717454036e-05
954	3.348985633575881e-05
955	4.220107735707029e-05
956	6.728162507702639e-05
957	4.0415353254264645e-05
958	2.9325143506464627e-05
959	4.4220112242843783e-05
960	4.622764575815958e-05
961	4.307937835108646e-05
962	2.9325143506464627e-05
963	2.9325143506464627e-05
964	6.079598417070495e-05
965	4.543568491198411e-05
966	5.543416337434937e-05
967	2.9325143506464627e-05
968	2.9325143506464627e-05
969	8.785691949860454e-05
970	6.170455830682527e-05
971	0.0001641592800208441
972	0.0006085421926019566
973	0.0002069654164082216
974	2.9325143506464627e-05
975	4.593149204448348e-05
976	0.000253991293296277
977	5.194061749361283e-05
978	3.695704620778169e-05
979	3.409836486690812e-05
980	3.771053887892191e-05
981	2.9325143506464627e-05
982	2.9325143506464627e-05
983	3.609952120600467e-05
984	8.827722285276978e-05
985	2.9325143506464627e-05
986	4.8488088659328665e-05
987	5.658599489569767e-05
988	6.314335016663934e-05
989	3.308758923215192e-05
990	3.287489272140845e-05
991	2.9325143506464627e-05
992	5.0091753963402845e-05
993	3.143517668093133e-05
994	2.9325143506464627e-05
995	7.52094166449818e-05
996	4.4597412440342126e-05
997	4.515650089966261e-05
998	6.712506070923003e-05
999	0.0001574425713919528
1000	4.559935937872276e-05
1001	2.9325143506464627e-05
1002	0
1003	4.2109915397424114e-05
1004	7.612741196255542e-05
1005	4.075742188052153e-05
1006	2.9325143506464627e-05
1007	4.68895820204299e-05
1008	5.337865519760903e-05
1009	3.908382848242029e-05
1010	5.9074936059282045e-05
1011	4.3122614752627186e-05
1012	0.00015639207062450802
1013	5.105325623298975e-05
1014	4.889215218477393e-05
1015	6.0272055806189126e-05
1016	0.00015884226030235833
1017	3.8815246273297084e-05
1018	2.9325143506464627e-05
1019	2.9325143506464627e-05
1020	2.9325143506464627e-05
1021	2.9325143506464627e-05
1022	2.9840416303490418e-05
1023	4.082957897004001e-05
1024	3.454092616806228e-05
1025	3.306321389402254e-05
1026	4.022171380570362e-05
1027	5.0215742823925586e-05
1028	2.9325143506464627e-05
1029	4.008896610651852e-05
1030	5.0078136153671966e-05
1031	3.087293854454585e-05
1032	9.07195641508875e-05
1033	0.00023418513561579426
1034	5.925647824145256e-05
1035	3.675113612675842e-05
1036	4.4010575762908915e-05
1037	4.425694409567125e-05
1038	3.06773855368769e-05
1039	5.823999469447586e-05
1040	3.1876169331558294e-05
1041	2.9325143506464627e-05
1042	5.546282325932428e-05
1043	3.530869572918182e-05
1044	2.9325143506464627e-05
1045	4.1206249806743215e-05
1046	5.478460611373805e-05
1047	6.306764571395631e-05
1048	7.912714663110386e-05
1049	3.671174097686234e-05
1050	3.3940013239566904e-05
1051	4.1696104429161196e-05
1052	5.4932639510007845e-05
1053	3.505162364674413e-05
1054	2.9325143506464627e-05
1055	3.695704620778169e-05
1056	7.400167249463735e-05
1057	2.9325143506464627e-05
1058	3.900844914599593e-05
1059	0.00041204353112051374
1060	2.9325143506464627e-05
1061	2.9325143506464627e-05
1062	9.062824578309163e-05
1063	7.477210322628537e-05
1064	2.9972499612764825e-05
1065	2.9325143506464627e-05
1066	4.065694755244416e-05
1067	4.138854483384441e-05
1068	6.557296280086494e-05
1069	4.1919218767828976e-05
1070	7.859526193308814e-05
1071	3.0403290777170937e-05
1072	3.205875074157336e-05
1073	0.00010033466140706847
1074	3.714671434648206e-05
1075	0.000628706420831216
1076	3.4168650620682e-05
1077	3.284515441735441e-05
1078	4.273902691730345e-05
1079	4.8469613767208484e-05
1080	9.768896982382864e-05
1081	2.9325143506464627e-05
1082	5.7066894504594e-05
1083	0.00011933483805636212
1084	0
1085	2.9325143506464627e-05
1086	4.7858561337793754e-05
1087	5.431342048222973e-05
1088	2.9325143506464627e-05
1089	8.57669288237022e-05
1090	3.931405996812188e-05
1091	2.9325143506464627e-05
1092	4.0827256761227664e-05
1093	2.9325143506464627e-05
1094	5.2741363146891364e-05
1095	2.980568729446011e-05
1096	2.9325143506464627e-05
1097	2.9325143506464627e-05
1098	2.9325143506464627e-05
1099	0.00017526817508617547
1100	5.0287624454722064e-05
1101	6.869985538851107e-05
1102	4.3187110649101594e-05
1103	2.9325143506464627e-05
1104	4.086291390155232e-05
1105	2.9325143506464627e-05
1106	5.194751520467782e-05
1107	4.04649378743193e-05
1108	0.0001532804525562097
1109	3.0874107599657235e-05
1110	3.0175797666188088e-05
1111	0.00010941899191292953
1112	8.598619485744486e-05
1113	3.9928143418023545e-05
1114	0
1115	6.771068662717261e-05
1116	0.00011713328585348912
1117	6.179335467710195e-05
1118	2.9325143506464627e-05
1119	3.199871502645921e-05
1120	0.0007261707769242795
1121	3.741884132303055e-05
1122	4.267224232034348e-05
1123	4.701919378849853e-05
1124	6.938934389685234e-05
1125	7.268066878450354e-05
1126	5.1279562090124264e-05
1127	3.410144409523488e-05
1128	2.9325143506464627e-05
1129	8.534447839612554e-05
1130	0
1131	0
1132	0.00010997253385330971
1133	3.2488197160355314e-05
1134	4.81703944051748e-05
1135	0.0004369547929159324
1136	0.00012561585228494545
1137	0.00011867140515493288
1138	0.00010090034684735047
1139	5.478460611373805e-05
1140	0
1141	9.076254910977152e-05
1142	3.066599189648588e-05
1143	4.687302046751032e-05
1144	0.00021455114868751415
1145	7.623991069574298e-05
1146	3.3097748539835386e-05
1147	4.6281513210860154e-05
1148	3.0430511412846958e-05
1149	3.9800154071199556e-05
1150	4.621977487213507e-05
1151	0
1152	0.0003831172164431739
1153	4.21006766541067e-05
1154	3.90401322717453e-05
1155	6.0362088603973485e-05
1156	5.641906937914534e-05
1157	4.7343488147268115e-05
1158	9.052643070033407e-05
1159	5.478460611373805e-05
1160	6.931466890181547e-05
1161	3.230377340132833e-05
1162	5.3144846898614156e-05
1163	3.6257137937734526e-05
1164	3.370178107042188e-05
1165	3.12265845064929e-05
1166	3.4925999791849647e-05
1167	4.60274454892021e-05
1168	7.574832284115388e-05
1169	2.9325143506464627e-05
1170	4.47859295186471e-05
1171	7.197389351144538e-05
1172	2.9325143506464627e-05
1173	3.062131265268613e-05
1174	6.819701500554432e-05
1175	6.27107494682681e-05
1176	0.0008243608162789239
1177	3.9877655271984044e-05
1178	6.096000104882426e-05
1179	9.318698510098295e-05
1180	7.570065938120722e-05
1181	2.9325143506464627e-05
1182	9.050001614238629e-05
1183	2.9325143506464627e-05
1184	3.5195017845272126e-05
1185	9.268530622763204e-05
1186	4.612568816250225e-05
1187	4.6292414633234726e-05
1188	4.8676577493617975e-05
1189	4.27037173062531e-05
1190	3.0294661675227445e-05
1191	0.00028087815997303984
1192	4.214702596532241e-05
1193	4.836978488324345e-05
1194	3.990359424179946e-05
1195	2.9325143506464627e-05
1196	8.070520096455993e-05
1197	2.9325143506464627e-05
1198	3.734690313686774e-05
1199	3.071213441369348e-05
1200	6.6885899034763e-05
1201	3.333946119129467e-05
1202	3.538144281013559e-05
1203	4.864307950168658e-05
1204	6.412209801830145e-05
1205	3.692517993332705e-05
1206	5.400449779935145e-05
1207	7.820568587286636e-05
1208	5.641301468021616e-05
1209	7.198663606015139e-05
1210	0.0001070068665560645
1211	0.0025819598154700582
1212	6.57951023850523e-05
1213	6.498701115312947e-05
1214	7.357152927803112e-05
1215	0.00018361434980152002
1216	6.843773764041062e-05
1217	9.097916888263197e-05
1218	9.775545246975581e-05
1219	3.147268431106234e-05
1220	2.9325143506464627e-05
1221	2.9325143506464627e-05
1222	5.816367640480419e-05
1223	9.4087027452822e-05
1224	7.354278669167645e-05
1225	2.9325143506464627e-05
1226	3.55818695410153e-05
1227	4.407555734071863e-05
1228	6.24854305012666e-05
1229	2.9325143506464627e-05
1230	0.000357856369235037
1231	3.884706196769041e-05
1232	6.022354581224733e-05
1233	2.9325143506464627e-05
1234	0.00011134883869704049
1235	8.528056057579963e-05
1236	7.307054136966109e-05
1237	4.983522118885494e-05
1238	0
1239	2.9325143506464627e-05
1240	6.6491397502841e-05
1241	2.9325143506464627e-05
1242	0.00015310179403425352
1243	3.6427291655825435e-05
1244	4.0522181798123826e-05
1245	4.9267741145002765e-05
1246	5.91805946210054e-05
1247	3.375560177038227e-05
1248	9.290308756869653e-05
1249	0.00014528029772903806
1250	5.2338299678732146e-05
1251	4.023333002746728e-05
1252	6.464014945326632e-05
1253	9.939830201190611e-05
1254	4.7398335716975936e-05
1255	3.3975417042941765e-05
1256	3.089115597228296e-05
1257	2.9325143506464627e-05
1258	5.760853552794195e-05
1259	4.849083422179704e-05
1260	0.00020169013749585008
1261	3.942668334215628e-05
1262	7.20886268384913e-05
1263	3.855280899265025e-05
1264	4.354378119410612e-05
1265	3.422731417386011e-05
1266	2.9325143506464627e-05
1267	2.9325143506464627e-05
1268	3.6416182159438167e-05
1269	2.9325143506464627e-05
1270	4.9240435436039937e-05
1271	3.4925999791849647e-05
1272	3.020574199027061e-05
1273	2.9325143506464627e-05
1274	0.00028964084541471016
1275	2.9325143506464627e-05
1276	5.2787986352894124e-05
1277	3.864453473350062e-05
1278	5.0553123087079797e-05
1279	2.9325143506464627e-05
1280	3.168593504192742e-05
1281	2.9325143506464627e-05
1282	2.9325143506464627e-05
1283	0.00013425923351817972
1284	8.59684281301961e-05
1285	0.00021184366819917424
1286	7.348434659218743e-05
1287	3.612493016776186e-05
1288	3.337095674725433e-05
1289	8.039883394308815e-05
1290	3.712823996339562e-05
1291	0
1292	2.9325143506464627e-05
1293	4.411777470910501e-05
1294	6.084856037111918e-05
1295	6.879834911692336e-05
1296	0
1297	3.4168650620682e-05
1298	4.260610670301732e-05
1299	2.9325143506464627e-05
1300	3.455718097708191e-05
1301	3.601284180000174e-05
1302	0.0002475814964859023
1303	5.529730980454682e-05
1304	3.1946769700469805e-05
1305	0
1306	6.985254680486893e-05
1307	6.639108792239866e-05
1308	8.190503304200295e-05
1309	7.550426310238362e-05
1310	0.0017408902378950137
1311	4.434168260819354e-05
1312	5.233988085672415e-05
1313	2.9325143506464627e-05
1314	3.8548093838738555e-05
1315	0.00014428236630786208
1316	6.937303255551623e-05
1317	3.7171062796407316e-05
1318	3.089115597228296e-05
1319	3.0133704274525882e-05
1320	5.172724251163021e-05
1321	7.953527383576723e-05
1322	2.9325143506464627e-05
1323	3.616455414321687e-05
1324	5.478460611373805e-05
1325	7.441926626740773e-05
1326	3.0499203407049356e-05
1327	2.9325143506464627e-05
1328	7.214049136997873e-05
1329	3.280860110348166e-05
1330	7.826676119727631e-05
1331	4.474830866109358e-05
1332	3.2572945830588796e-05
1333	8.768571854355584e-05
1334	4.2838859889292345e-05
1335	5.007219465101779e-05
1336	3.555841111799214e-05
1337	3.958833171564771e-05
1338	2.9325143506464627e-05
1339	4.159524890954554e-05
1340	4.9185344025002344e-05
1341	4.0752969366714684e-05
1342	4.9787956773702775e-05
1343	4.2412529896885546e-05
1344	2.9325143506464627e-05
1345	8.21587676536063e-05
1346	4.005982996637417e-05
1347	0
1348	7.730838213833492e-05
1349	3.911698439668986e-05
1350	9.024406170044944e-05
1351	4.4869667086032965e-05
1352	3.410030351549424e-05
1353	6.541048117400411e-05
1354	0
1355	0.0002627346835795867
1356	0.00031198695633448365
1357	5.816813624528872e-05
1358	3.6127994300629985e-05
1359	4.7166560982371296e-05
1360	6.0801536553779816e-05
1361	6.708629581934241e-05
1362	4.290961728458216e-05
1363	3.2102126318031574e-05
1364	3.633319668549746e-05
1365	6.360361971761272e-05
1366	4.394296938297988e-05
1367	2.9325143506464627e-05
1368	3.076972370529376e-05
1369	6.382095251641677e-05
1370	6.005487377576263e-05
1371	3.085243712783405e-05
1372	5.5554748124332825e-05
1373	3.0816757603791175e-05
1374	2.9325143506464627e-05
1375	3.4464818710003154e-05
1376	0.00013288341752515145
1377	4.053681857482857e-05
1378	5.364899454703451e-05
1379	4.1648268763032884e-05
1380	4.2813020194579304e-05
1381	2.9325143506464627e-05
1382	0.00010972316765860856
1383	3.210402717454036e-05
1384	8.877001318576017e-05
1385	0.00018124845631508447
1386	6.750084252062395e-05
1387	0.00013823789120188045
1388	3.337095674725433e-05
1389	4.181928199434718e-05
1390	3.4541709036533845e-05
1391	5.074875596731479e-05
1392	3.0403290777170937e-05
1393	2.9325143506464627e-05
1394	4.844764541946796e-05
1395	0.00011806218708683868
1396	7.741156998037672e-05
1397	8.995063317659426e-05
1398	3.315223267331639e-05
1399	5.125316798471183e-05
1400	4.7351665850025515e-05
1401	0.00018433141652981875
1402	8.855216226219628e-05
1403	6.61803145389026e-05
1404	4.3209431558199135e-05
1405	8.755476116381764e-05
1406	5.189078619473073e-05
1407	0.00017083935395847814
1408	3.860446991400862e-05
1409	3.73458589706904e-05
1410	7.193347639771535e-05
1411	3.4322798901617645e-05
1412	3.168815669179671e-05
1413	4.833452636208012e-05
1414	3.50744146106228e-05
1415	3.682744079187792e-05
1416	5.177282909231447e-05
1417	0.0001978832232144054
1418	2.9325143506464627e-05
1419	2.9325143506464627e-05
1420	4.845088953587319e-05
1421	0.00023331578845711527
1422	3.7272877811706995e-05
1423	4.283727003170829e-05
1424	0
1425	3.183866577463088e-05
1426	4.883878306255647e-05
1427	4.1496622891014556e-05
1428	3.288033908472879e-05
1429	4.8749346703163544e-05
1430	5.695052500136224e-05
1431	0
1432	2.9325143506464627e-05
1433	4.616763950922916e-05
1434	8.583131306190028e-05
1435	4.1871258128520795e-05
1436	2.9325143506464627e-05
1437	4.95086990631742e-05
1438	7.78908712604935e-05
1439	2.9325143506464627e-05
1440	2.9325143506464627e-05
1441	2.9325143506464627e-05
1442	3.4985661560182766e-05
1443	4.0693042655558554e-05
1444	3.596861610854916e-05
1445	4.338579707950058e-05
1446	0
1447	3.455286657322152e-05
1448	9.563163119134089e-05
1449	3.610513126904734e-05
1450	3.747658989901614e-05
1451	2.9815109721675706e-05
1452	2.9325143506464627e-05
1453	7.922135759803946e-05
1454	2.9325143506464627e-05
1455	6.959802898668486e-05
1456	5.061215469285543e-05
1457	3.5538059092501547e-05
1458	9.564055555120373e-05
1459	7.346881923688706e-05
1460	4.3872347157360255e-05
1461	4.844300438041022e-05
1462	7.840112207658138e-05
1463	9.03558618661525e-05
1464	5.371008320371121e-05
1465	3.161579368379217e-05
1466	2.9325143506464627e-05
1467	2.9325143506464627e-05
1468	5.191714704158105e-05
1469	3.7474030888807964e-05
1470	4.4628229230947206e-05
1471	5.957566482942059e-05
1472	3.150018149847416e-05
1473	3.201958286934398e-05
1474	0.00010492627984400313
1475	4.103723615295925e-05
1476	0
1477	2.9325143506464627e-05
1478	7.318413448462031e-05
1479	4.5533338130728724e-05
1480	9.12400378223469e-05
1481	0.000649798442911578
1482	0.0002598856842086853
1483	3.8781550495622116e-05
1484	0
1485	2.9325143506464627e-05
1486	4.222390563759657e-05
1487	3.66761010878454e-05
1488	2.9325143506464627e-05
1489	3.847880858910098e-05
1490	4.4995955780071e-05
1491	5.848315160303676e-05
1492	4.415954050791307e-05
1493	3.8016102336645204e-05
1494	0.00020945482028354704
1495	7.465156301099603e-05
1496	5.199989652237318e-05
1497	0
1498	3.231810094834332e-05
1499	3.9032103169992374e-05
1500	6.485717377064155e-05
1501	2.970693886918774e-05
1502	2.9325143506464627e-05
1503	2.9325143506464627e-05
1504	5.938615988912053e-05
1505	3.641442382327106e-05
1506	5.5255477633453695e-05
1507	4.122999596892326e-05
1508	2.9325143506464627e-05
1509	3.301046588094568e-05
1510	4.6514898093200396e-05
1511	3.47233075209741e-05
1512	3.924911824717744e-05
1513	0.00018382028449640315
1514	4.845424384103351e-05
1515	8.142134553805657e-05
1516	2.9325143506464627e-05
1517	0.00012280796107479644
1518	3.32511477585137e-05
1519	0.00017072491544857662
1520	3.0874107599657235e-05
1521	5.425260004048963e-05
1522	2.9325143506464627e-05
1523	0.00012862424838586982
1524	6.485769412773894e-05
1525	0.0001699797894544969
1526	0.00010607520556755356
1527	8.412017110353913e-05
1528	7.115484698414827e-05
1529	3.6730785836674097e-05
1530	0.00010006024510169873
1531	7.12302631206789e-05
1532	0.00019635553667813737
1533	4.050569548752552e-05
1534	8.285747646405309e-05
1535	4.9333724603856053e-05
1536	2.9325143506464627e-05
1537	6.28434162623781e-05
1538	2.9325143506464627e-05
1539	3.0019262311346992e-05
1540	3.4826468287012556e-05
1541	3.630039585601693e-05
1542	4.600554008459114e-05
1543	7.019459975336913e-05
1544	4.1033034591379116e-05
1545	3.7408657549499196e-05
1546	6.704581510562603e-05
1547	3.244867812843527e-05
1548	4.2499346333096256e-05
1549	4.698653734759996e-05
1550	2.9325143506464627e-05
1551	3.6106127832589826e-05
1552	0.00011087497829974869
1553	4.241377913682936e-05
1554	2.9325143506464627e-05
1555	8.63864131988952e-05
1556	5.889433237278668e-05
1557	2.9325143506464627e-05
1558	6.315494887446877e-05
1559	0.0002269060037551008
1560	0.00013920212306197592
1561	7.151886829313965e-05
1562	0.00010569953654929438
1563	2.9325143506464627e-05
1564	4.12767066352558e-05
1565	2.9325143506464627e-05
1566	5.4674837891609596e-05
1567	3.1301908150768186e-05
1568	3.852837344650807e-05
1569	0.00010777043769796019
1570	5.849906806871164e-05
1571	8.852325086141265e-05
1572	2.9325143506464627e-05
1573	4.275612170986741e-05
1574	4.6223754087953554e-05
1575	7.055685839649419e-05
1576	0
1577	2.9325143506464627e-05
1578	3.750848585514383e-05
1579	3.440385910358001e-05
1580	2.9325143506464627e-05
1581	0.00011359242161053832
1582	0.0003109772410926513
1583	2.9325143506464627e-05
1584	0
1585	4.9993471470663035e-05
1586	6.416114394753424e-05
1587	0
1588	5.917739284302023e-05
1589	3.742818380318464e-05
1590	3.516736201692943e-05
1591	4.679195892178944e-05
1592	0.00013037595952359622
1593	7.404588007544915e-05
1594	5.478460611373805e-05
1595	3.76017069315655e-05
1596	4.2682607112245116e-05
1597	4.450034367373124e-05
1598	8.8269812014097e-05
1599	5.1803537200196163e-05
1600	4.480107099483442e-05
1601	4.88977285021687e-05
1602	0.00012079134765127242
1603	4.193523859938413e-05
1604	2.9325143506464627e-05
1605	3.0286231082455594e-05
1606	6.256403319406882e-05
1607	5.2553511303762774e-05
1608	0.00010213694752239712
1609	3.4752127865564845e-05
1610	6.008454436429351e-05
1611	3.0294748612140693e-05
1612	3.332304598647521e-05
1613	9.970876130035673e-05
1614	2.9325143506464627e-05
1615	4.593712042148958e-05
1616	3.484857264666075e-05
1617	0
1618	3.223823514141519e-05
1619	3.715208133736479e-05
1620	4.76124300407379e-05
1621	2.9325143506464627e-05
1622	3.695704620778169e-05
1623	3.839474387813325e-05
1624	0.00014798591108456142
1625	3.1502942773833e-05
1626	0.00026440512179228324
1627	3.273743564107528e-05
1628	2.9325143506464627e-05
1629	2.9325143506464627e-05
1630	4.6453981016724666e-05
1631	5.1677197450476766e-05
1632	0
1633	4.7816606074419314e-05
1634	2.9325143506464627e-05
1635	2.9325143506464627e-05
1636	0.00023223078075755325
1637	6.369400954577777e-05
1638	6.46896543121123e-05
1639	2.9325143506464627e-05
1640	6.093631879118449e-05
1641	7.237819925595283e-05
1642	3.6400754972373955e-05
1643	3.817481106942715e-05
1644	3.26492138192357e-05
1645	0.00020149514101787608
1646	2.9325143506464627e-05
1647	3.0403290777170937e-05
1648	4.7075654597717346e-05
1649	7.160542189039411e-05
1650	3.7647244326712874e-05
1651	0.00017053274729647675
1652	4.381956858817552e-05
1653	3.4048156991739924e-05
1654	2.9325143506464627e-05
1655	3.765456916505299e-05
1656	3.964192519192645e-05
1657	2.9325143506464627e-05
1658	2.9325143506464627e-05
1659	4.006337150482721e-05
1660	4.707915222163042e-05
1661	4.283727003170829e-05
1662	3.526403541247655e-05
1663	2.9325143506464627e-05
1664	0
1665	2.9325143506464627e-05
1666	3.846576401334525e-05
1667	2.9325143506464627e-05
1668	3.809780529092042e-05
1669	3.5270458713636235e-05
1670	2.9325143506464627e-05
1671	4.173905926241089e-05
1672	0.00010971880075395847
1673	3.947429021585429e-05
1674	6.970367158952075e-05
1675	2.9511623185388245e-05
1676	4.357807829346709e-05
1677	0
1678	8.645008026799614e-05
1679	3.9695701827957694e-05
1680	4.697317034164805e-05
1681	5.8964063258089596e-05
1682	4.906454264120725e-05
1683	7.803156645596541e-05
1684	8.034898180106496e-05
1685	2.9325143506464627e-05
1686	2.9325143506464627e-05
1687	3.1247318658446554e-05
1688	4.91898458403816e-05
1689	8.424385371087575e-05
1690	5.3377057796765e-05
1691	5.936487967508037e-05
1692	5.927255227222478e-05
1693	0.00011100095938476194
1694	4.241075729391108e-05
1695	2.9325143506464627e-05
1696	3.96544808666273e-05
1697	4.181928199434718e-05
1698	3.098250831411655e-05
1699	7.111661076298022e-05
1700	2.9325143506464627e-05
1701	3.524220949677679e-05
1702	3.0396123116909014e-05
1703	5.325817698029956e-05
1704	3.4168650620682e-05
1705	0.0005272269016216355
1706	0.00045278208510625607
1707	3.463750038591507e-05
1708	4.7164674629857645e-05
1709	3.015808607232346e-05
1710	3.332304598647521e-05
1711	2.970693886918774e-05
1712	3.9627256994183474e-05
1713	3.060507468740788e-05
1714	5.1300986009477374e-05
1715	5.738575427495069e-05
1716	2.9325143506464627e-05
1717	4.449020338830173e-05
1718	2.9325143506464627e-05
1719	4.6118024623143444e-05
1720	0.0001291513670640425
1721	0.00010004951984103697
1722	3.753566957654851e-05
1723	3.7795865035483314e-05
1724	2.9325143506464627e-05
1725	5.725920223665217e-05
1726	4.123643943004084e-05
1727	0
1728	3.439018135000467e-05
1729	4.050871614474929e-05
1730	0.00010937232475925221
1731	4.283727003170829e-05
1732	6.512123451689202e-05
1733	0
1734	2.9325143506464627e-05
1735	8.670297038168722e-05
1736	0.00010637107850626536
1737	2.9325143506464627e-05
1738	3.12265845064929e-05
1739	4.904399543920373e-05
1740	3.164029164502361e-05
1741	3.4779704558105e-05
1742	2.957502627622228e-05
1743	0.00011024812754559791
1744	0.00010962876533119957
1745	4.265222456020601e-05
1746	5.220178713786955e-05
1747	0
1748	4.606871664286003e-05
1749	6.606422810750577e-05
1750	5.951594734496533e-05
1751	3.492816720498551e-05
1752	2.9325143506464627e-05
1753	8.43128684538794e-05
1754	2.9325143506464627e-05
1755	3.373973910551646e-05
1756	4.892170812742894e-05
1757	3.4312021881900174e-05
1758	2.9325143506464627e-05
1759	5.478460611373805e-05
1760	5.478460611373805e-05
1761	3.6796195142322296e-05
1762	4.8098704695526615e-05
1763	4.871415913896962e-05
1764	3.217724684729644e-05
1765	3.6297564922888316e-05
1766	2.9325143506464627e-05
1767	4.452300974085341e-05
1768	3.270991874358951e-05
1769	2.9325143506464627e-05
1770	4.50897083154179e-05
1771	2.9325143506464627e-05
1772	3.230377340132833e-05
1773	3.924492675336529e-05
1774	4.3954469409137726e-05
1775	3.0133704274525882e-05
1776	2.9325143506464627e-05
1777	2.9325143506464627e-05
1778	2.9325143506464627e-05
1779	5.964118347518002e-05
1780	2.9325143506464627e-05
1781	9.413766605898394e-05
1782	5.6510772861066045e-05
1783	4.5810039436608307e-05
1784	0.00018649283630830152
1785	4.9539549065177e-05
1786	6.138455571581453e-05
1787	3.771915138080041e-05
1788	5.9529072068718966e-05
1789	2.9325143506464627e-05
1790	6.141418077543355e-05
1791	5.478460611373805e-05
1792	2.9325143506464627e-05
1793	2.9325143506464627e-05
1794	4.963342018991275e-05
1795	3.592405183704611e-05
1796	3.601120020024682e-05
1797	3.0424795503126688e-05
1798	9.209040089262633e-05
1799	2.9325143506464627e-05
1800	3.527764676695564e-05
1801	3.0131216957295757e-05
1802	3.990952309505959e-05
1803	0.0001562927770026181
1804	4.490291399604664e-05
1805	3.4925999791849647e-05
1806	2.9511623185388245e-05
1807	6.260194767155335e-05
1808	3.0562509356592206e-05
1809	3.444910401796064e-05
1810	4.886009239557739e-05
1811	3.660329346200953e-05
1812	2.9325143506464627e-05
1813	0.0003222857631842142
1814	4.096058828524825e-05
1815	5.884402700304149e-05
1816	6.78039575645153e-05
1817	2.9325143506464627e-05
1818	7.793194261550729e-05
1819	2.9325143506464627e-05
1820	4.951101249467886e-05
1821	3.534222939137462e-05
1822	4.545307158135387e-05
1823	9.56651546913359e-05
1824	2.9325143506464627e-05
1825	2.9325143506464627e-05
1826	0.00017718249212001183
1827	2.9325143506464627e-05
1828	0.0008423394793366123
1829	6.668543415669836e-05
1830	3.4826468287012556e-05
1831	4.153487831503393e-05
1832	3.0239623611573364e-05
1833	0.00015344385524046448
1834	7.807333522751768e-05
1835	6.744098794407924e-05
1836	0
1837	5.811636364525642e-05
1838	4.700745114847852e-05
1839	4.1798545359436737e-05
1840	0.00012869887867050805
1841	9.66032368853813e-05
1842	6.899233599049022e-05
1843	0
1844	3.6762113252858736e-05
1845	4.9490664353091585e-05
1846	5.417469238735739e-05
1847	0.00043152044673292107
1848	3.235743818285001e-05
1849	2.9325143506464627e-05
1850	5.634135452427249e-05
1851	3.284515441735441e-05
1852	3.175083242087889e-05
1853	2.9325143506464627e-05
1854	3.255537867622442e-05
1855	4.181928199434718e-05
1856	8.818029675538638e-05
1857	3.337095674725433e-05
1858	2.9325143506464627e-05
1859	3.5831842031194346e-05
1860	0
1861	0.00029506414940981963
1862	4.2207243082975065e-05
1863	3.337095674725433e-05
1864	4.206736090147086e-05
1865	7.197989880752905e-05
1866	4.6483012872853474e-05
1867	4.493521783477225e-05
1868	4.699973051887804e-05
1869	2.9325143506464627e-05
1870	3.370843511776201e-05
1871	0.00014234188569301918
1872	5.11130545443705e-05
1873	2.9325143506464627e-05
1874	0.0002471249668465432
1875	4.237410348337218e-05
1876	4.055289205529934e-05
1877	4.5169959625784964e-05
1878	3.444910401796064e-05
1879	3.474443002050931e-05
1880	7.825339666254638e-05
1881	3.593142008524157e-05
1882	2.9325143506464627e-05
1883	0
1884	6.197790347252541e-05
1885	7.827364470488178e-05
1886	3.337095674725433e-05
1887	4.7433105613553525e-05
1888	5.1216341456647156e-05
1889	0.00019045541330811459
1890	2.9325143506464627e-05
1891	6.310498230949633e-05
1892	6.651071748307463e-05
1893	2.9325143506464627e-05
1894	4.391313043085962e-05
1895	7.103234406148358e-05
1896	4.345157302467388e-05
1897	0.00010845898244001467
1898	6.703189978925328e-05
1899	2.9325143506464627e-05
1900	4.117591498140357e-05
1901	2.9517903322428647e-05
1902	0.00015715151710339975
1903	0.003364948395324415
1904	2.9325143506464627e-05
1905	6.0783654387540314e-05
1906	2.9325143506464627e-05
1907	3.305890362587908e-05
1908	0
1909	5.3224799043142854e-05
1910	8.072815133683848e-05
1911	5.11130545443705e-05
1912	5.1562264266972975e-05
1913	2.9325143506464627e-05
1914	5.4744887737690056e-05
1915	3.0131216957295757e-05
1916	2.9325143506464627e-05
1917	5.601680714135566e-05
1918	2.9325143506464627e-05
1919	4.662876961481428e-05
1920	0
1921	0.00028016356016678047
1922	4.698985731494665e-05
1923	7.630100982958663e-05
1924	7.880090881246687e-05
1925	0.0001001641838921904
1926	3.0367616050174187e-05
1927	4.9495907059286595e-05
1928	4.598754312678416e-05
1929	3.7094872436942305e-05
1930	0.00015923318830899898
1931	3.089115597228296e-05
1932	3.255537867622442e-05
1933	3.381692191866876e-05
1934	2.9325143506464627e-05
1935	2.9325143506464627e-05
1936	2.9325143506464627e-05
1937	3.8501163130294256e-05
1938	3.841462741687496e-05
1939	6.438986910949482e-05
1940	5.9311257980110055e-05
1941	6.865607379162258e-05
1942	2.9325143506464627e-05
1943	3.30114394024411e-05
1944	6.20384352648289e-05
1945	7.273827761579982e-05
1946	6.266208257533748e-05
1947	2.9325143506464627e-05
1948	0
1949	3.468142187546443e-05
1950	6.682416633673328e-05
1951	5.0457154534775426e-05
1952	3.414866178941813e-05
1953	2.9325143506464627e-05
1954	3.088691081744995e-05
1955	4.728193718095124e-05
1956	6.915763228433549e-05
1957	2.9325143506464627e-05
1958	3.4925388712121724e-05
1959	4.6942747966032175e-05
1960	7.466155010340102e-05
1961	3.348985633575881e-05
1962	3.193923835586999e-05
1963	3.467809322544538e-05
1964	2.9325143506464627e-05
1965	2.9325143506464627e-05
1966	2.9325143506464627e-05
1967	7.096102655533707e-05
1968	3.0286231082455594e-05
1969	2.9325143506464627e-05
1970	5.4053705983904826e-05
1971	4.4119162098257914e-05
1972	3.906116298095367e-05
1973	6.472319057931699e-05
1974	0
1975	3.7999368980337535e-05
1976	7.000932662323288e-05
1977	2.9325143506464627e-05
1978	3.435495625258596e-05
1979	8.03929589763144e-05
1980	5.269971022752822e-05
1981	2.9325143506464627e-05
1982	0.00012000601530847118
1983	4.283727003170829e-05
1984	2.9325143506464627e-05
1985	2.9325143506464627e-05
1986	3.849622101107542e-05
1987	4.95059690861526e-05
1988	4.383871923711055e-05
1989	3.702171576746061e-05
1990	3.223857086395511e-05
1991	0.0005745679139331492
1992	0.00042314499892700326
1993	0.00013223731074835798
1994	2.9325143506464627e-05
1995	4.185562249900084e-05
1996	3.351965773887965e-05
1997	3.55722127504059e-05
1998	2.9325143506464627e-05
1999	8.528863419646734e-05
2000	3.952274787052009e-05
2001	3.776023173777405e-05
2002	4.9442357093601195e-05
2003	7.833076379829027e-05
2004	6.450588274619258e-05
2005	5.7713376536061636e-05
2006	2.9325143506464627e-05
2007	3.6416182159438167e-05
2008	2.9325143506464627e-05
2009	3.560829954110193e-05
2010	3.819327517034436e-05
2011	7.201825219336289e-05
2012	3.0959618690781725e-05
2013	3.8919521041790074e-05
2014	3.933890606309026e-05
2015	2.9325143506464627e-05
2016	4.606374878814547e-05
2017	0.0002053605943140768
2018	9.61856329591265e-05
2019	2.9325143506464627e-05
2020	5.395787920734768e-05
2021	0
2022	3.415515522116893e-05
2023	4.6608176685016584e-05
2024	4.0675656770701916e-05
2025	5.538613412514793e-05
2026	7.477746558379205e-05
2027	0.00013473976140375134
2028	3.998321545731578e-05
2029	6.737909986389277e-05
2030	6.0683103788977346e-05
2031	0.00010152169462194572
2032	4.1988131740810506e-05
2033	0.0001152886583868286
2034	4.3029815039156524e-05
2035	3.0441933515080187e-05
2036	4.307331444586544e-05
2037	2.9846696440530813e-05
2038	7.651905920878417e-05
2039	3.7048209169351404e-05
2040	5.3986112201247575e-05
2041	5.165386659047366e-05
2042	0
2043	7.874519270898614e-05
2044	0
2045	4.994179878905804e-05
2046	2.9325143506464627e-05
2047	4.7475456832136236e-05
2048	3.6662977413582344e-05
2049	0.00011229921830030335
2050	3.879794110635454e-05
2051	3.081634029363293e-05
2052	4.365674932325987e-05
2053	5.4865053493601154e-05
2054	0.00013229162869281058
2055	5.659821744777585e-05
2056	2.9325143506464627e-05
2057	2.9325143506464627e-05
2058	0
2059	9.81223165951625e-05
2060	2.9325143506464627e-05
2061	0.00012217612764189187
2062	3.854139182307424e-05
2063	6.294843068625946e-05
2064	3.24581567199208e-05
2065	5.8309832480159996e-05
2066	6.602092964283164e-05
2067	3.1946769700469805e-05
2068	2.9325143506464627e-05
2069	5.1770689775798214e-05
2070	7.09132363139281e-05
2071	4.0007886309129785e-05
2072	2.9325143506464627e-05
2073	6.430332866048463e-05
2074	2.9325143506464627e-05
2075	0.0006667851534503989
2076	8.337815819056675e-05
2077	8.303441124453558e-05
2078	0.0010237552988074533
2079	3.0640315978873314e-05
2080	3.690071566529056e-05
2081	7.578057854999544e-05
2082	9.313379338243716e-05
2083	0
2084	0
2085	0
2086	7.60863164777881e-05
2087	3.638762226957433e-05
2088	4.5998844063036684e-05
2089	6.14725433891759e-05
2090	4.214097708582858e-05
2091	3.432597995063153e-05
2092	6.75263428475126e-05
2093	3.280722057763474e-05
2094	6.351496523013172e-05
2095	3.646955451415804e-05
2096	0.00011366725118276962
2097	6.781253945768995e-05
2098	6.490364482831662e-05
2099	3.7338926177081427e-05
2100	3.196297724239728e-05
2101	3.4715838292257945e-05
2102	3.8077643993157624e-05
2103	4.1535515626593826e-05
2104	0.000269240630174255
2105	2.9325143506464627e-05
2106	7.686133417719566e-05
2107	2.9325143506464627e-05
2108	4.463194518873981e-05
2109	5.8012888639909406e-05
2110	0.00010891019015643025
2111	6.733776241882205e-05
2112	6.738695508170138e-05
2113	4.700569931341959e-05
2114	4.110803643922306e-05
2115	4.003832373806687e-05
2116	5.0177747780442816e-05
2117	4.388064874818891e-05
2118	4.598399482364136e-05
2119	5.4678177036830746e-05
2120	4.52034216661789e-05
2121	5.3408187046967414e-05
2122	6.81873856617246e-05
2123	5.609305718363469e-05
2124	5.5277840840683125e-05
2125	3.1570206511022297e-05
2126	3.134458074922801e-05
2127	3.399722685017037e-05
2128	3.289489736014535e-05
2129	2.9325143506464627e-05
2130	0
2131	3.4533839821040276e-05
2132	2.9325143506464627e-05
2133	2.9325143506464627e-05
2134	3.8619575520818635e-05
2135	2.996595549403852e-05
2136	4.1140916600895264e-05
2137	2.9325143506464627e-05
2138	3.0640315978873314e-05
2139	2.9325143506464627e-05
2140	0
2141	7.888181288151882e-05
2142	3.143517668093133e-05
2143	2.9325143506464627e-05
2144	8.036660399858491e-05
2145	3.307890054640748e-05
2146	4.2812261791624026e-05
2147	0
2148	2.9325143506464627e-05
2149	2.9325143506464627e-05
2150	6.985653570106463e-05
2151	3.3480525868092145e-05
2152	8.310759138771333e-05
2153	0
2154	0.0007515651560325249
2155	3.140749992111172e-05
2156	5.5029652645249955e-05
2157	6.918921124036518e-05
2158	5.499523550653653e-05
2159	3.686401207996754e-05
2160	3.3940013239566904e-05
2161	3.759798937210415e-05
2162	4.7987172997842356e-05
2163	6.038060101640413e-05
2164	3.268438673431613e-05
2165	6.549586646092263e-05
2166	3.244867812843527e-05
2167	5.0162205209984014e-05
2168	3.786810941546733e-05
2169	3.206018756689918e-05
2170	6.730077635452977e-05
2171	5.2625902025518595e-05
2172	3.261271760083205e-05
2173	3.2659437384003534e-05
2174	4.7503069784124574e-05
2175	3.150069980702772e-05
2176	2.9325143506464627e-05
2177	9.721297859710185e-05
2178	2.970693886918774e-05
2179	0
2180	2.9325143506464627e-05
2181	7.753826884295063e-05
2182	3.3673450410064925e-05
2183	3.541621979386446e-05
2184	2.9325143506464627e-05
2185	2.9325143506464627e-05
2186	4.750316458102147e-05
2187	5.086700406948649e-05
2188	3.55818695410153e-05
2189	5.884664690930717e-05
2190	0.0012927924394119006
2191	5.1526656060814996e-05
2192	7.438519114956349e-05
2193	3.58506478712216e-05
2194	2.9517903322428647e-05
2195	5.2480009595713254e-05
2196	4.400968446118194e-05
2197	2.9972499612764825e-05
2198	0.00014738915448613197
2199	2.9325143506464627e-05
2200	3.846576401334525e-05
2201	3.674369702512109e-05
2202	0.00010243089623980635
2203	4.0455601557499626e-05
2204	5.3776400550626265e-05
2205	0.00011172391122239343
2206	2.9325143506464627e-05
2207	4.220128079127517e-05
2208	4.756493298926466e-05
2209	2.9325143506464627e-05
2210	0.0001760587500100114
2211	7.746925647622733e-05
2212	4.1639173797364276e-05
2213	5.795627414145445e-05
2214	8.502916004520248e-05
2215	3.853808329672454e-05
2216	2.9325143506464627e-05
2217	0
2218	2.9704383001352264e-05
2219	4.1957805749267205e-05
2220	7.48054200602299e-05
2221	7.123415477951385e-05
2222	4.117591498140357e-05
2223	2.9325143506464627e-05
2224	4.426904262304971e-05
2225	2.9325143506464627e-05
2226	9.62327297093146e-05
2227	0.0024994852672257485
2228	4.269414691762943e-05
2229	5.432243350665581e-05
2230	3.840184940656561e-05
2231	4.822447416051874e-05
2232	4.2631322867844445e-05
2233	3.014100197052744e-05
2234	3.837053972905653e-05
2235	5.071209689646593e-05
2236	3.8206428468289704e-05
2237	3.6737157582349856e-05
2238	2.9325143506464627e-05
2239	0.00010568235031564113
2240	3.7332664788658944e-05
2241	5.695629927460838e-05
2242	3.649449136922497e-05
2243	3.2474441084326935e-05
2244	3.7509249662957845e-05
2245	5.478460611373805e-05
2246	8.73466964896816e-05
2247	5.11130545443705e-05
2248	4.980038296829505e-05
2249	3.5552097302225563e-05
2250	3.385072415473396e-05
2251	4.8867367232258815e-05
2252	7.725248511879493e-05
2253	6.307057512703602e-05
2254	4.8319894305022075e-05
2255	4.093179950093813e-05
2256	2.970693886918774e-05
2257	2.9325143506464627e-05
2258	3.523705717834421e-05
2259	7.71478839498971e-05
2260	2.9325143506464627e-05
2261	2.9972499612764825e-05
2262	4.39582480375845e-05
2263	5.733833616660717e-05
2264	2.9325143506464627e-05
2265	5.816517795323995e-05
2266	5.183477896869444e-05
2267	5.883412862611881e-05
2268	5.621176388790243e-05
2269	8.863636589721511e-05
2270	2.9325143506464627e-05
2271	3.509975751080709e-05
2272	3.008287382956194e-05
2273	4.862626940441735e-05
2274	9.206594943533434e-05
2275	2.9325143506464627e-05
2276	3.818673912562828e-05
2277	2.9325143506464627e-05
2278	2.9325143506464627e-05
2279	3.8322782419940323e-05
2280	0
2281	0.00018041898768234838
2282	7.070643381802352e-05
2283	3.634388229005219e-05
2284	5.480835841298332e-05
2285	3.6770144146804494e-05
2286	2.9325143506464627e-05
2287	4.338312123554447e-05
2288	0
2289	0.00013477984628775818
2290	6.728763321459576e-05
2291	3.6259097938788745e-05
2292	7.074172928806884e-05
2293	4.1019667875476984e-05
2294	5.2465553348937614e-05
2295	4.8122812938436434e-05
2296	2.9325143506464627e-05
2297	5.37306890050645e-05
2298	5.1392465163973954e-05
2299	4.654702457397649e-05
2300	7.491780530723039e-05
2301	3.2895266376755786e-05
2302	2.9325143506464627e-05
2303	8.126811774376196e-05
2304	3.150018149847416e-05
2305	4.514112319991568e-05
2306	7.841287507114805e-05
2307	3.165314511150006e-05
2308	2.9325143506464627e-05
2309	7.744682130171367e-05
2310	2.9325143506464627e-05
2311	4.411010603121238e-05
2312	4.634990703616678e-05
2313	3.14660946361144e-05
2314	7.81439553921051e-05
2315	0
2316	2.9325143506464627e-05
2317	6.151164356203565e-05
2318	5.021772610619238e-05
2319	7.636307277303093e-05
2320	2.9325143506464627e-05
2321	4.942570139228555e-05
2322	3.745608714655175e-05
2323	3.933732495303075e-05
2324	2.9325143506464627e-05
2325	5.677662508797816e-05
2326	4.6135374906783405e-05
2327	2.9325143506464627e-05
2328	0.0005567315761996202
2329	5.0824777496263064e-05
2330	6.17238732732799e-05
2331	4.924632266972445e-05
2332	3.9907123631471355e-05
2333	4.7113805663033725e-05
2334	4.452004217524588e-05
2335	5.0091753963402845e-05
2336	3.5992510497277165e-05
2337	4.898042164024214e-05
2338	6.0796295437288076e-05
2339	3.878950835853993e-05
2340	7.244071040145303e-05
2341	6.741623557913935e-05
2342	3.230377340132833e-05
2343	7.881221272210079e-05
2344	3.909703376600979e-05
2345	3.296155709073189e-05
2346	4.756225097995877e-05
2347	4.868138900313636e-05
2348	3.2528226557509086e-05
2349	5.7785744555983216e-05
2350	0.0004185497580788477
2351	4.2514948825432075e-05
2352	5.946699454009663e-05
2353	0
2354	0
2355	0
2356	5.6424737973937094e-05
2357	4.492471732660618e-05
2358	3.174815721066492e-05
2359	0.00011103089935911973
2360	2.9325143506464627e-05
2361	0.00035219451195275976
2362	2.9517903322428647e-05
2363	6.365182101984737e-05
2364	3.536647740519427e-05
2365	9.155030415847228e-05
2366	4.277568913647619e-05
2367	4.503800020588102e-05
2368	0
2369	0
2370	0
2371	4.2920355431359775e-05
2372	2.9325143506464627e-05
2373	0.00016308891304706407
2374	2.9325143506464627e-05
2375	4.790644006163745e-05
2376	7.23920164766041e-05
2377	3.4934113038684635e-05
2378	3.4322798901617645e-05
2379	8.21441576619164e-05
2380	3.165314511150006e-05
2381	9.957268779843817e-05
2382	6.148674740952135e-05
2383	4.856886689658618e-05
2384	2.9325143506464627e-05
2385	2.9325143506464627e-05
2386	5.158103343975607e-05
2387	2.9325143506464627e-05
2388	2.9325143506464627e-05
2389	3.410030351549424e-05
2390	2.9325143506464627e-05
2391	0
2392	6.720934826690091e-05
2393	4.454657945199618e-05
2394	4.996740831177395e-05
2395	6.161447336469905e-05
2396	2.9325143506464627e-05
2397	2.9325143506464627e-05
2398	4.047472682338113e-05
2399	3.134458074922801e-05
2400	6.600480848949634e-05
2401	0.0002311395836116904
2402	0
2403	0.00015298307572030452
2404	2.9511623185388245e-05
2405	4.311465868233086e-05
2406	3.0403290777170937e-05
2407	7.644590694390488e-05
2408	7.956886852639406e-05
2409	9.434779379243997e-05
2410	4.188807227959597e-05
2411	3.407891886078219e-05
2412	0
2413	4.167104558427144e-05
2414	3.0424795503126688e-05
2415	4.666278910856455e-05
2416	2.9325143506464627e-05
2417	4.08473753298225e-05
2418	6.492808839978909e-05
2419	2.9325143506464627e-05
2420	3.0460080911913423e-05
2421	4.2626114766615104e-05
2422	5.478460611373805e-05
2423	6.296887187205442e-05
2424	2.9325143506464627e-05
2425	3.556326578264289e-05
2426	6.282727177199979e-05
2427	8.342776378239375e-05
2428	3.3329241208918045e-05
2429	2.9325143506464627e-05
2430	0
2431	3.289489736014535e-05
2432	0
2433	3.375391948604671e-05
2434	5.431342048222973e-05
2435	4.0672757079799025e-05
2436	4.103555201762349e-05
2437	6.691199034963642e-05
2438	3.243973116067225e-05
2439	3.487093695517292e-05
2440	0.0002351287150483685
2441	6.4542382548928e-05
2442	4.9470489860029404e-05
2443	7.700494897249032e-05
2444	6.44091733806863e-05
2445	0
2446	3.00627438170769e-05
2447	4.413937830663715e-05
2448	7.606611171445087e-05
2449	2.957502627622228e-05
2450	6.159283864006095e-05
2451	0
2452	5.071662030694167e-05
2453	3.83836871488684e-05
2454	3.493907023317172e-05
2455	3.809397023252963e-05
2456	2.9325143506464627e-05
2457	3.726345790137223e-05
2458	2.9325143506464627e-05
2459	8.914803319295336e-05
2460	2.9325143506464627e-05
2461	6.775761154565897e-05
2462	5.484701878028943e-05
2463	2.9325143506464627e-05
2464	3.066599189648588e-05
2465	3.9455702243872076e-05
2466	3.168815669179671e-05
2467	5.795002699954552e-05
2468	5.997843658986561e-05
2469	3.013950407836505e-05
2470	4.1260022970309426e-05
2471	5.1662957990186895e-05
2472	0
2473	2.9517903322428647e-05
2474	3.6416182159438167e-05
2475	2.9325143506464627e-05
2476	3.406622094868077e-05
2477	0
2478	2.970693886918774e-05
2479	0.00015727287887537067
2480	2.9325143506464627e-05
2481	4.83115483234425e-05
2482	3.175832641725053e-05
2483	2.9325143506464627e-05
2484	0
2485	5.161325340273915e-05
2486	8.977497084090424e-05
2487	5.681098883519219e-05
2488	3.1301908150768186e-05
2489	3.894175601572867e-05
2490	2.9325143506464627e-05
2491	4.548509987923815e-05
2492	4.3696791892040795e-05
2493	3.548513801959363e-05
2494	3.5362962577352324e-05
2495	3.134458074922801e-05
2496	3.008287382956194e-05
2497	2.9325143506464627e-05
2498	3.694261315186045e-05
2499	2.9325143506464627e-05
2500	4.76124300407379e-05
2501	3.5505362110648825e-05
2502	0
2503	6.198514383446945e-05
2504	2.9815109721675706e-05
2505	3.013950407836505e-05
2506	6.116177111212575e-05
2507	7.464824117290952e-05
2508	0.0001036644924812208
2509	2.9325143506464627e-05
2510	5.9634356430357206e-05
2511	4.710446738485123e-05
2512	4.7299385586054116e-05
2513	5.985036420406573e-05
2514	5.085993828623579e-05
2515	9.762489194610133e-05
2516	4.181928199434718e-05
2517	2.9325143506464627e-05
2518	3.244867812843527e-05
2519	2.9325143506464627e-05
2520	2.9325143506464627e-05
2521	5.7381343035946015e-05
2522	2.9325143506464627e-05
2523	0.0005585001373663832
2524	6.48202766825864e-05
2525	3.3356789918366934e-05
2526	5.146442770236071e-05
2527	9.476514631245495e-05
2528	0
2529	5.17846492711545e-05
2530	2.9325143506464627e-05
2531	5.78380629603678e-05
2532	2.9325143506464627e-05
2533	3.15756459042965e-05
2534	0
2535	5.5062784463751684e-05
2536	3.134458074922801e-05
2537	6.692125604114565e-05
2538	3.473573725483241e-05
2539	2.9704383001352264e-05
2540	0
2541	0.00017017599431204275
2542	2.9325143506464627e-05
2543	3.082643537044042e-05
2544	6.008122994741148e-05
2545	9.26592066667393e-05
2546	2.9325143506464627e-05
2547	3.9548625936865126e-05
2548	3.0403290777170937e-05
2549	2.9325143506464627e-05
2550	4.413662559698098e-05
2551	3.824578427040049e-05
2552	0.00017967101768003065
2553	4.223096473899073e-05
2554	3.4054081305483406e-05
2555	5.946224405730885e-05
2556	3.646854126072402e-05
2557	3.726345790137223e-05
2558	6.707967383153617e-05
2559	2.9325143506464627e-05
2560	4.865507697548822e-05
2561	3.492816720498551e-05
2562	3.846673359296512e-05
2563	4.696173690946606e-05
2564	3.765456916505299e-05
2565	3.7049251811848266e-05
2566	3.4752127865564845e-05
2567	3.134458074922801e-05
2568	0.00022172623188741516
2569	4.989693863926755e-05
2570	0.00010671028089194334
2571	3.014100197052744e-05
2572	5.20116133263737e-05
2573	4.839556399653256e-05
2574	4.48133331007146e-05
2575	4.419528030925107e-05
2576	2.9325143506464627e-05
2577	4.12891842201087e-05
2578	0
2579	2.9325143506464627e-05
2580	3.5270458713636235e-05
2581	5.0049096737784695e-05
2582	4.889065237885985e-05
2583	8.335336765928148e-05
2584	3.992189058053589e-05
2585	0
2586	2.9325143506464627e-05
2587	0
2588	5.0629056626716634e-05
2589	9.076978452350952e-05
2590	9.198199350262866e-05
2591	3.449247930531438e-05
2592	3.5672955869922216e-05
2593	9.397867510416937e-05
2594	5.324203575286996e-05
2595	5.0479763631241834e-05
2596	6.0582543788842186e-05
2597	2.9325143506464627e-05
2598	2.9325143506464627e-05
2599	3.1296500112228614e-05
2600	2.9325143506464627e-05
2601	5.162677169541895e-05
2602	4.0701666393136354e-05
2603	9.456519226567093e-05
2604	3.797031381298647e-05
2605	2.9517903322428647e-05
2606	0.00015179373682685393
2607	4.281432859143134e-05
2608	3.270991874358951e-05
2609	4.697943914593852e-05
2610	2.957502627622228e-05
2611	8.216320253072038e-05
2612	5.526508049961726e-05
2613	4.1265799533498624e-05
2614	3.0770305910262086e-05
2615	5.193431557446989e-05
2616	3.7846038195248644e-05
2617	5.720320956987517e-05
2618	3.4347681828510855e-05
2619	2.9325143506464627e-05
2620	0
2621	5.941994317228518e-05
2622	3.659198186349273e-05
2623	2.9325143506464627e-05
2624	7.452342132431286e-05
2625	3.435399598798008e-05
2626	4.845168783305778e-05
2627	3.5382092575958856e-05
2628	2.9325143506464627e-05
2629	5.553014034675792e-05
2630	3.244867812843527e-05
2631	0.00011574068773961088
2632	0.00012441504967380035
2633	2.9325143506464627e-05
2634	2.9325143506464627e-05
2635	2.9325143506464627e-05
2636	5.525388948504463e-05
2637	6.333347537633661e-05
2638	3.6425609133817786e-05
2639	4.9025325689706364e-05
2640	4.897512625650673e-05
2641	8.317666093838985e-05
2642	8.302374256665082e-05
2643	3.77133961650326e-05
2644	2.9325143506464627e-05
2645	3.8243475492567005e-05
2646	2.9325143506464627e-05
2647	2.9325143506464627e-05
2648	9.201413190995415e-05
2649	7.104530055962273e-05
2650	5.686465412517061e-05
2651	2.9325143506464627e-05
2652	0
2653	2.9325143506464627e-05
2654	0.00017587975640527922
2655	4.151564001595082e-05
2656	3.4559971064186634e-05
2657	0.00018373714797454964
2658	3.71171385314627e-05
2659	7.020394385104932e-05
2660	2.9325143506464627e-05
2661	0
2662	0
2663	7.116033186685113e-05
2664	2.9325143506464627e-05
2665	4.800894076594923e-05
2666	3.305850461490717e-05
2667	3.365499833999842e-05
2668	3.855124975703712e-05
2669	3.262793342895804e-05
2670	4.4932717129007235e-05
2671	2.957502627622228e-05
2672	8.169113882047774e-05
2673	3.191881253800366e-05
2674	4.776938598168065e-05
2675	7.214765034299948e-05
2676	5.301134386951876e-05
2677	4.912870609711162e-05
2678	2.9325143506464627e-05
2679	3.4322798901617645e-05
2680	3.601103570073189e-05
2681	2.9325143506464627e-05
2682	2.9325143506464627e-05
2683	2.9325143506464627e-05
2684	2.9325143506464627e-05
2685	6.70602187443372e-05
2686	9.923089738311795e-05
2687	2.9325143506464627e-05
2688	0.00010291006066037369
2689	3.292249355944962e-05
2690	3.912320320459117e-05
2691	5.826319674084239e-05
2692	0.0014402537063348232
2693	4.539344106661885e-05
2694	3.409808089965175e-05
2695	2.9325143506464627e-05
2696	3.6339230527541804e-05
2697	2.9325143506464627e-05
2698	8.625013287732952e-05
2699	0
2700	4.6146115429096574e-05
2701	4.0007886309129785e-05
2702	3.301918718453776e-05
2703	3.0430511412846958e-05
2704	3.483374376637911e-05
2705	4.442381696607633e-05
2706	3.857984135674977e-05
2707	0.00011892115877408205
2708	2.9325143506464627e-05
2709	3.5186704328572914e-05
2710	3.268568143545377e-05
2711	4.257714113580397e-05
2712	3.244867812843527e-05
2713	0
2714	5.4098025638890936e-05
2715	2.9325143506464627e-05
2716	0.00013279953433981335
2717	3.539039399001771e-05
2718	4.678724882609582e-05
2719	3.721534703546982e-05
2720	4.19425672295115e-05
2721	3.526794754500043e-05
2722	4.493950314217012e-05
2723	3.5280037078429656e-05
2724	0
2725	3.583784771792777e-05
2726	0
2727	6.94649892514353e-05
2728	9.755927490965967e-05
2729	3.841711747502201e-05
2730	4.796091438269778e-05
2731	5.804337682707879e-05
2732	2.9325143506464627e-05
2733	2.9325143506464627e-05
2734	0.0002704837216724811
2735	3.585478585760803e-05
2736	5.903095635131145e-05
2737	4.6588075630273564e-05
2738	5.0369333303425676e-05
2739	3.801888649530349e-05
2740	3.679172537335794e-05
2741	3.8061010149645474e-05
2742	3.268568143545377e-05
2743	6.550569231116586e-05
2744	2.9325143506464627e-05
2745	2.9325143506464627e-05
2746	3.856272390533232e-05
2747	2.9972499612764825e-05
2748	3.494634735057666e-05
2749	5.122090255883223e-05
2750	4.305374064362037e-05
2751	4.7916618005878765e-05
2752	0
2753	3.1823971204041136e-05
2754	0
2755	3.53494524947805e-05
2756	3.4157102375441605e-05
2757	3.227050182139637e-05
2758	3.440385910358001e-05
2759	2.9325143506464627e-05
2760	2.9325143506464627e-05
2761	5.674756406068294e-05
2762	3.410030351549424e-05
2763	3.4925999791849647e-05
2764	2.9325143506464627e-05
2765	4.2448612465929987e-05
2766	7.948864046737459e-05
2767	3.78630651031895e-05
2768	4.02610981113069e-05
2769	2.9325143506464627e-05
2770	5.0093690487963664e-05
2771	6.273730804495138e-05
2772	5.3004226862498896e-05
2773	0.0001743379224577625
2774	0.00013790917844756434
2775	3.81127039102339e-05
2776	2.9325143506464627e-05
2777	2.9325143506464627e-05
2778	3.518051354765979e-05
2779	2.9325143506464627e-05
2780	3.406895726073009e-05
2781	7.620053048232733e-05
2782	2.9325143506464627e-05
2783	4.83146636224507e-05
2784	9.017778167396552e-05
2785	3.5213552623418146e-05
2786	2.9325143506464627e-05
2787	2.9325143506464627e-05
2788	0
2789	5.5629243780614516e-05
2790	8.382112336643712e-05
2791	7.93158232942221e-05
2792	2.9325143506464627e-05
2793	2.9325143506464627e-05
2794	2.9325143506464627e-05
2795	4.818155207839889e-05
2796	9.040986240155492e-05
2797	2.9511623185388245e-05
2798	0
2799	0
2800	5.725277892550671e-05
2801	4.022327287466009e-05
2802	2.9325143506464627e-05
2803	5.720574804033077e-05
2804	3.345908905180555e-05
2805	4.096058828524825e-05
2806	6.78732417441028e-05
2807	4.181928199434718e-05
2808	2.9517903322428647e-05
2809	5.253863744677371e-05
2810	0.00014463333823145307
2811	0.00023343556575195932
2812	0
2813	3.925000780066405e-05
2814	3.932045429677066e-05
2815	3.634388229005219e-05
2816	3.9363042137266484e-05
2817	2.9972499612764825e-05
2818	5.9684898310262297e-05
2819	5.201059853291281e-05
2820	3.130227349542168e-05
2821	3.47923579766821e-05
2822	5.4055965585897185e-05
2823	3.675812173398818e-05
2824	4.907160433533992e-05
2825	4.6144472768486086e-05
2826	3.289489736014535e-05
2827	2.9325143506464627e-05
2828	2.9325143506464627e-05
2829	4.851676781260848e-05
2830	3.310358601030044e-05
2831	3.410855705786661e-05
2832	2.9325143506464627e-05
2833	3.826673610098984e-05
2834	3.0286231082455594e-05
2835	7.46317253216349e-05
2836	0.00017455846023209324
2837	5.1920495245250684e-05
2838	8.848024075203694e-05
2839	0
2840	2.9325143506464627e-05
2841	5.2600674415395794e-05
2842	0.00014727632172381602
2843	0.0002186337411110245
2844	3.142085948207559e-05
2845	4.049175297129906e-05
2846	5.478460611373805e-05
2847	5.478460611373805e-05
2848	2.9325143506464627e-05
2849	2.9325143506464627e-05
2850	3.947164234000688e-05
2851	8.78606774370289e-05
2852	8.469236251750605e-05
2853	4.7648287208119045e-05
2854	4.3348912133373415e-05
2855	0
2856	0.00015075642705879161
2857	0
2858	6.473282196701935e-05
2859	3.6976080914825004e-05
2860	4.070159538712722e-05
2861	9.12692035083343e-05
2862	0
2863	5.462892421365027e-05
2864	3.978505308228478e-05
2865	5.850671919752603e-05
2866	2.9325143506464627e-05
2867	8.265905074995732e-05
2868	2.9325143506464627e-05
2869	3.3160328330546596e-05
2870	2.9325143506464627e-05
2871	5.037151662907664e-05
2872	4.324386364220064e-05
2873	3.0640315978873314e-05
2874	2.9325143506464627e-05
2875	6.472971555856479e-05
2876	3.269278731061721e-05
2877	4.899889677403066e-05
2878	2.9325143506464627e-05
2879	0.0001039717706589223
2880	4.052585095503194e-05
2881	5.19565230648984e-05
2882	2.9325143506464627e-05
2883	5.305541348513094e-05
2884	3.444910401796064e-05
2885	6.039612840400598e-05
2886	4.629995165118486e-05
2887	0
2888	4.5183126934025286e-05
2889	2.9325143506464627e-05
2890	6.475873349278133e-05
2891	4.3546176151523245e-05
2892	3.9781632849163065e-05
2893	0
2894	2.9325143506464627e-05
2895	2.9325143506464627e-05
2896	5.1093654361592804e-05
2897	0.0001606152594476085
2898	3.337095674725433e-05
2899	5.624600850604883e-05
2900	8.351574111058364e-05
2901	3.6416182159438167e-05
2902	0.00011931809295525081
2903	3.1596805049716e-05
2904	6.724003506349684e-05
2905	3.236330447484338e-05
2906	3.682868717115584e-05
2907	0.0003184210646590094
2908	6.598426157037473e-05
2909	2.9325143506464627e-05
2910	3.638762226957433e-05
2911	3.4752127865564845e-05
2912	6.899429802309673e-05
2913	5.2688507289406155e-05
2914	0
2915	7.418833099425304e-05
2916	2.9325143506464627e-05
2917	2.9325143506464627e-05
2918	4.270161374511024e-05
2919	2.9325143506464627e-05
2920	5.0532583331086664e-05
2921	0
2922	4.7975813823829636e-05
2923	3.935581570817119e-05
2924	2.9517903322428647e-05
2925	5.240643445697811e-05
2926	0
2927	3.922720847961299e-05
2928	3.877044663089328e-05
2929	4.632156798751066e-05
2930	4.5878171462279843e-05
2931	2.9325143506464627e-05
2932	2.9325143506464627e-05
2933	5.950153448612352e-05
2934	2.9325143506464627e-05
2935	3.388235087118111e-05
2936	3.449828525918073e-05
2937	2.9325143506464627e-05
2938	3.7662055533269084e-05
2939	2.9325143506464627e-05
2940	0.00013178594530557735
2941	8.143196708864777e-05
2942	5.537005530756168e-05
2943	3.410030351549424e-05
2944	2.9325143506464627e-05
2945	4.397044821128646e-05
2946	6.483899436590516e-05
2947	6.762806346172811e-05
2948	5.503924427456109e-05
2949	2.9325143506464627e-05
2950	0
2951	4.990709690678058e-05
2952	7.037153352156461e-05
2953	0
2954	3.436094556277122e-05
2955	4.941417650982653e-05
2956	4.7807517945021424e-05
2957	0.00021354084284812
2958	2.9325143506464627e-05
2959	6.003013693346834e-05
2960	3.6132583819995195e-05
2961	0
2962	0
2963	8.47924623616712e-05
2964	5.729562994279812e-05
2965	7.36280178696358e-05
2966	2.9325143506464627e-05
2967	0
2968	3.041159033149789e-05
2969	5.835030443928537e-05
2970	3.817274832313542e-05
2971	0
2972	2.96539366245668e-05
2973	0
2974	6.184873961956132e-05
2975	3.1946769700469805e-05
2976	7.895733829890103e-05
2977	3.008287382956194e-05
2978	6.0272055806189126e-05
2979	2.9325143506464627e-05
2980	6.52975800128693e-05
2981	3.0217581969884812e-05
2982	3.1060877013375284e-05
2983	3.332304598647521e-05
2984	3.273673802152267e-05
2985	7.326850251726314e-05
2986	3.9199545612931214e-05
2987	3.507127245063218e-05
2988	2.9325143506464627e-05
2989	4.725099146112237e-05
2990	0.00010401271840732848
2991	5.701514553047751e-05
2992	5.480684598962069e-05
2993	3.5267227710038033e-05
2994	7.160412738014765e-05
2995	0
2996	3.360053883233447e-05
2997	2.9325143506464627e-05
2998	3.714174342878489e-05
2999	6.895516777793321e-05
3000	3.726345790137223e-05
3001	4.3560952327706714e-05
3002	5.1747256562471075e-05
3003	4.2367438363215725e-05
3004	5.478460611373805e-05
3005	3.765456916505299e-05
3006	4.1517971777890385e-05
3007	0
3008	0.00025053903964407885
3009	2.9972499612764825e-05
3010	3.8887784078351334e-05
3011	2.9325143506464627e-05
3012	3.490594201084886e-05
3013	3.4182721370975384e-05
3014	3.467966600842687e-05
3015	0
3016	2.9325143506464627e-05
3017	4.229691847627179e-05
3018	3.735732728766595e-05
3019	5.523998026524701e-05
3020	3.7253611766493547e-05
3021	4.77628636624512e-05
3022	7.879818982866322e-05
3023	5.083700009227935e-05
3024	2.9325143506464627e-05
3025	4.213924062403472e-05
3026	2.9325143506464627e-05
3027	7.304291653516398e-05
3028	8.289410117435798e-05
3029	7.915921500919341e-05
3030	2.9325143506464627e-05
3031	2.9325143506464627e-05
3032	3.53508165331222e-05
3033	3.9184690354927646e-05
3034	2.9325143506464627e-05
3035	0
3036	5.692130758082342e-05
3037	0
3038	9.431944932636273e-05
3039	3.168593504192742e-05
3040	4.053681857482857e-05
3041	9.736135950606568e-05
3042	2.9325143506464627e-05
3043	4.7110519708953195e-05
3044	8.303436602785241e-05
3045	3.5957095459837634e-05
3046	4.331915170708688e-05
3047	8.487436153083156e-05
3048	5.8064220057380004e-05
3049	2.9325143506464627e-05
3050	5.054169511736735e-05
3051	0
3052	5.630346337397923e-05
3053	4.8051991522733904e-05
3054	8.907107312162941e-05
3055	3.242272801993432e-05
3056	0
3057	2.9325143506464627e-05
3058	5.46467111304668e-05
3059	5.177282909231447e-05
3060	4.757968221847128e-05
3061	9.50450408545035e-05
3062	6.706325289256409e-05
3063	3.422710174087977e-05
3064	3.0133704274525882e-05
3065	3.312853273502505e-05
3066	5.566445724667326e-05
3067	2.9325143506464627e-05
3068	2.9325143506464627e-05
3069	4.707099351330283e-05
3070	2.9325143506464627e-05
3071	2.9325143506464627e-05
3072	4.0333576781366844e-05
3073	3.583792137713379e-05
3074	3.337095674725433e-05
3075	2.9325143506464627e-05
3076	3.987478434969086e-05
3077	2.9325143506464627e-05
3078	3.695704620778169e-05
3079	8.335672120640961e-05
3080	9.985147265384333e-05
3081	4.198792955220771e-05
3082	0
3083	5.316427643734653e-05
3084	3.0396123116909014e-05
3085	7.525891297556675e-05
3086	5.478460611373805e-05
3087	2.9325143506464627e-05
3088	5.597268389929045e-05
3089	4.782213085086898e-05
3090	9.634604322584962e-05
3091	2.9325143506464627e-05
3092	4.0716377399335546e-05
3093	2.9325143506464627e-05
3094	0.00010634302510777673
3095	7.082729997227519e-05
3096	2.9325143506464627e-05
3097	3.634388229005219e-05
3098	4.3971204488999304e-05
3099	6.91691947683368e-05
3100	3.053378394293811e-05
3101	4.1421040387518405e-05
3102	0.00010529256148321571
3103	5.144957546580685e-05
3104	6.302600755275969e-05
3105	0.00015379962826654706
3106	2.9325143506464627e-05
3107	2.9325143506464627e-05
3108	2.9325143506464627e-05
3109	3.914826470140717e-05
3110	6.502249036650447e-05
3111	3.143517668093133e-05
3112	2.9893058892277468e-05
3113	4.2687852965788536e-05
3114	8.80409283843283e-05
3115	5.9560945592085135e-05
3116	5.941233942142093e-05
3117	0.0001924737373500451
3118	5.1606204913114926e-05
3119	4.380729930398697e-05
3120	6.687072908022646e-05
3121	3.083584128636852e-05
3122	5.1974210266453955e-05
3123	5.3091122663214584e-05
3124	5.144957546580685e-05
3125	3.2073813327325664e-05
3126	0
3127	3.337095674725433e-05
3128	5.639058167625023e-05
3129	4.089984661901892e-05
3130	2.9325143506464627e-05
3131	4.859643193007185e-05
3132	3.9878292940469815e-05
3133	2.9325143506464627e-05
3134	5.052410476799363e-05
3135	4.600721748938675e-05
3136	4.029876938798672e-05
3137	2.9325143506464627e-05
3138	2.9325143506464627e-05
3139	3.225692955629397e-05
3140	4.816589179347647e-05
3141	9.56093532600062e-05
3142	4.9778814402749154e-05
3143	6.10671142805267e-05
3144	3.4567048190714355e-05
3145	2.9325143506464627e-05
3146	5.0369333303425676e-05
3147	5.141916201089576e-05
3148	4.840827475071468e-05
3149	2.9325143506464627e-05
3150	2.9325143506464627e-05
3151	2.9325143506464627e-05
3152	3.878138710941697e-05
3153	5.812894619227102e-05
3154	2.9325143506464627e-05
3155	6.017775422550098e-05
3156	2.9325143506464627e-05
3157	2.9325143506464627e-05
3158	4.0388147661218214e-05
3159	8.86164519410474e-05
3160	2.9325143506464627e-05
3161	6.360037158307105e-05
3162	2.9325143506464627e-05
3163	3.7659201815140954e-05
3164	5.419220464775211e-05
3165	2.9325143506464627e-05
3166	0.00010952209066080333
3167	7.486675141347906e-05
3168	4.336746976155567e-05
3169	4.9194343973579834e-05
3170	4.233094929988564e-05
3171	5.385076760268123e-05
3172	3.9118562655743334e-05
3173	3.7224784920701435e-05
3174	3.209007953477509e-05
3175	4.7494088290656e-05
3176	3.468120823220691e-05
3177	6.282916788374323e-05
3178	3.4322798901617645e-05
3179	4.048069586278712e-05
3180	4.014286014948545e-05
3181	2.9325143506464627e-05
3182	3.4322798901617645e-05
3183	3.1596805049716e-05
3184	3.939022911856759e-05
3185	4.142525830569666e-05
3186	5.79360058272362e-05
3187	0
3188	3.384226935134247e-05
3189	5.422761901689355e-05
3190	3.0175797666188088e-05
3191	2.9325143506464627e-05
3192	3.00627438170769e-05
3193	5.3402189828736065e-05
3194	2.9325143506464627e-05
3195	0.00013761445553332467
3196	8.607194459127565e-05
3197	3.0991849011583776e-05
3198	4.224539865759135e-05
3199	0.00013292405405169701
3200	8.471550845313566e-05
3201	4.727572844113893e-05
3202	0
3203	2.9325143506464627e-05
3204	4.211791948359649e-05
3205	3.1979497107317786e-05
3206	3.4228206178713024e-05
3207	5.5512444900508476e-05
3208	4.265174890308519e-05
3209	0
3210	9.16295229106818e-05
3211	0
3212	2.9325143506464627e-05
3213	2.9325143506464627e-05
3214	5.690598572226542e-05
3215	0.00010446653433451333
3216	6.492537653165462e-05
3217	5.952063786548137e-05
3218	3.775457317132798e-05
3219	6.98113428010201e-05
3220	2.9325143506464627e-05
3221	0
3222	0.002407703945412943
3223	6.324421979686569e-05
3224	8.006516596825986e-05
3225	3.254702814756816e-05
3226	7.838466123620826e-05
3227	4.766846181956807e-05
3228	6.0569123346190076e-05
3229	4.648013642616103e-05
3230	5.2412505064596746e-05
3231	5.663038628350059e-05
3232	3.597820565866766e-05
3233	3.584429056477726e-05
3234	3.1823971204041136e-05
3235	0.00025714193010675416
3236	2.9325143506464627e-05
3237	3.414518673730299e-05
3238	3.5767307567280724e-05
3239	0.00018074815893882293
3240	4.064351968278874e-05
3241	2.9325143506464627e-05
3242	3.0158628373089285e-05
3243	2.9325143506464627e-05
3244	2.9325143506464627e-05
3245	3.199721367307302e-05
3246	2.9325143506464627e-05
3247	3.178147057962282e-05
3248	0
3249	6.922085429797172e-05
3250	3.4017415486519304e-05
3251	2.9325143506464627e-05
3252	4.096058828524825e-05
3253	4.6286525500262924e-05
3254	4.345344131207672e-05
3255	2.9325143506464627e-05
3256	3.310358601030044e-05
3257	8.910400526642917e-05
3258	5.431342048222973e-05
3259	5.1169192372025886e-05
3260	3.83948622038039e-05
3261	3.936744149396249e-05
3262	2.9325143506464627e-05
3263	3.082643537044042e-05
3264	4.823804447020857e-05
3265	3.7856937517630956e-05
3266	3.853995475966946e-05
3267	0.00016121936086833013
3268	2.9325143506464627e-05
3269	2.9325143506464627e-05
3270	5.385758539838441e-05
3271	2.9325143506464627e-05
3272	4.1950036417042304e-05
3273	3.170745331914329e-05
3274	5.595553136611626e-05
3275	2.9325143506464627e-05
3276	3.5267227710038033e-05
3277	2.9325143506464627e-05
3278	2.9325143506464627e-05
3279	0
3280	2.9325143506464627e-05
3281	3.976675834057349e-05
3282	3.4496338191928214e-05
3283	3.223984129792131e-05
3284	3.410030351549424e-05
3285	0.00013728253363158658
3286	5.5391193432020197e-05
3287	3.712095768688305e-05
3288	3.7385099404810706e-05
3289	2.9325143506464627e-05
3290	0
3291	2.9325143506464627e-05
3292	4.245114905458279e-05
3293	0
3294	2.9325143506464627e-05
3295	5.4386955271701955e-05
3296	4.600931904555657e-05
3297	5.3121197357145636e-05
3298	3.800485304134734e-05
3299	4.4690716131802026e-05
3300	8.237671999639871e-05
3301	0.0002462286681278081
3302	5.31657905192988e-05
3303	5.564333028273776e-05
3304	2.9325143506464627e-05
3305	2.9325143506464627e-05
3306	3.0131216957295757e-05
3307	4.676301079801221e-05
3308	4.800215223034697e-05
3309	4.692926596484163e-05
3310	5.974925509181056e-05
3311	5.963958195395703e-05
3312	2.9325143506464627e-05
3313	3.95014920055183e-05
3314	5.7479055789363915e-05
3315	4.76297756936607e-05
3316	5.244904626644042e-05
3317	3.1957336088900944e-05
3318	4.580328177840193e-05
3319	5.624022677729082e-05
3320	7.68050689204486e-05
3321	0.00012864952688930093
3322	2.9325143506464627e-05
3323	4.027743993043936e-05
3324	3.8205830728265296e-05
3325	5.9837638733135885e-05
3326	4.7475456832136236e-05
3327	3.348327027536709e-05
3328	4.218837783917002e-05
3329	3.332304598647521e-05
3330	0
3331	2.9325143506464627e-05
3332	4.4222378304073923e-05
3333	2.9325143506464627e-05
3334	2.9325143506464627e-05
3335	3.348985633575881e-05
3336	3.708637973741836e-05
3337	5.777270268182316e-05
3338	4.49722371741141e-05
3339	3.088691081744995e-05
3340	3.8600215050080773e-05
3341	5.134940359300352e-05
3342	0.00020488540073150966
3343	4.3979102003474345e-05
3344	7.143275370933499e-05
3345	6.017993779721344e-05
3346	2.9325143506464627e-05
3347	3.511586073414148e-05
3348	7.050701809995243e-05
3349	8.307159382140296e-05
3350	6.0127604538837544e-05
3351	9.456645153688602e-05
3352	0
3353	7.862036023112283e-05
3354	5.6093477404957885e-05
3355	5.408610420856219e-05
3356	3.2474441084326935e-05
3357	5.810080348710039e-05
3358	7.82589185446849e-05
3359	3.489068272923222e-05
3360	4.0795361714832936e-05
3361	0.00015923318830899898
3362	0.00013258889263233583
3363	4.13316736235557e-05
3364	0
3365	2.9325143506464627e-05
3366	2.9325143506464627e-05
3367	0
3368	5.392475147337197e-05
3369	2.9325143506464627e-05
3370	0.00011988017069354175
3371	4.0229882045372475e-05
3372	5.0343092723734956e-05
3373	0.00010236214094621934
3374	4.0643704852448425e-05
3375	2.9325143506464627e-05
3376	2.9325143506464627e-05
3377	4.45839690114396e-05
3378	2.9325143506464627e-05
3379	2.9325143506464627e-05
3380	3.539039399001771e-05
3381	2.9517903322428647e-05
3382	3.268568143545377e-05
3383	0.0001247915213644298
3384	3.4904817670942446e-05
3385	4.3697649826851554e-05
3386	3.089115597228296e-05
3387	2.9325143506464627e-05
3388	0.001294840256415025
3389	3.6650360021112216e-05
3390	5.730543372836842e-05
3391	3.468793688078021e-05
3392	3.370157526329088e-05
3393	2.9325143506464627e-05
3394	2.9325143506464627e-05
3395	2.9517903322428647e-05
3396	4.5767863695143946e-05
3397	3.4925999791849647e-05
3398	4.082163670116832e-05
3399	4.058268517652501e-05
3400	3.2581917215963315e-05
3401	2.9325143506464627e-05
3402	4.708834467258684e-05
3403	2.9325143506464627e-05
3404	5.7870589094892916e-05
3405	7.621129158948827e-05
3406	5.8025507779133595e-05
3407	4.122999596892326e-05
3408	3.053611385221324e-05
3409	0
3410	2.9325143506464627e-05
3411	2.9517903322428647e-05
3412	4.951474183900132e-05
3413	5.488944640744485e-05
3414	2.9325143506464627e-05
3415	7.402159830222099e-05
3416	7.377366015275542e-05
3417	3.098440692352535e-05
3418	5.6767172960995224e-05
3419	8.84691906584142e-05
3420	3.206018756689918e-05
3421	5.478460611373805e-05
3422	0
3423	2.970693886918774e-05
3424	2.9325143506464627e-05
3425	8.531324459669793e-05
3426	5.17390405502565e-05
3427	8.041835478647715e-05
3428	3.643019044009942e-05
3429	2.9815109721675706e-05
3430	3.856705803792949e-05
3431	4.921201369764684e-05
3432	2.9325143506464627e-05
3433	3.375222467741001e-05
3434	4.123385647275381e-05
3435	0.0001760587500100114
3436	9.062760083009329e-05
3437	2.970693886918774e-05
3438	3.9890313640246464e-05
3439	3.4322798901617645e-05
3440	2.9325143506464627e-05
3441	2.9325143506464627e-05
3442	2.9972499612764825e-05
3443	0.0001317227846415334
3444	2.9325143506464627e-05
3445	3.989901779726081e-05
3446	0
3447	4.337984166999604e-05
3448	7.639996371522555e-05
3449	6.405741375732307e-05
3450	3.860689797970057e-05
3451	3.232198002622046e-05
3452	2.9325143506464627e-05
3453	2.9325143506464627e-05
3454	0.00011547108182639323
3455	3.704819956464161e-05
3456	3.00627438170769e-05
3457	3.929373016323118e-05
3458	3.135463665760548e-05
3459	6.223276393293927e-05
3460	7.16982792061245e-05
3461	6.182553362621236e-05
3462	5.62722212770609e-05
3463	3.7616297383322585e-05
3464	0
3465	4.692553859101899e-05
3466	4.4735108271971796e-05
3467	4.284014821303616e-05
3468	2.9325143506464627e-05
3469	0
3470	3.332304598647521e-05
3471	0.00010213250178317254
3472	3.933890606309026e-05
3473	3.646854126072402e-05
3474	6.928494598476496e-05
3475	2.9325143506464627e-05
3476	4.2207243082975065e-05
3477	5.694577628348394e-05
3478	6.642385236977959e-05
3479	0.0002543198166760989
3480	0
3481	3.148649900555553e-05
3482	5.200050622332394e-05
3483	6.633787676133049e-05
3484	0.000347909293437999
3485	3.6499146668492514e-05
3486	3.55722127504059e-05
3487	0.0007326162811076824
3488	0.00014444442751563905
3489	3.320275975589331e-05
3490	0.0003644243765822682
3491	4.440417704826126e-05
3492	3.433204432324529e-05
3493	2.9325143506464627e-05
3494	6.861275054239393e-05
3495	2.9325143506464627e-05
3496	3.768071559905255e-05
3497	6.724536242642998e-05
3498	6.133925090498891e-05
3499	5.899125972295348e-05
3500	6.488898629320182e-05
3501	0.0001450034530927546
3502	2.9325143506464627e-05
3503	4.181928199434718e-05
3504	2.9325143506464627e-05
3505	0.0002008181065775042
3506	4.1690954234919294e-05
3507	3.361965930151141e-05
3508	4.1221083317609075e-05
3509	5.3483829037744266e-05
3510	7.609670302145776e-05
3511	0
3512	4.065025919762493e-05
3513	0
3514	2.9325143506464627e-05
3515	3.7003688454325264e-05
3516	3.225692955629397e-05
3517	0.00010281426078095658
3518	6.474766444355154e-05
3519	8.601172058711582e-05
3520	0
3521	6.947100645928493e-05
3522	8.018713090578857e-05
3523	2.9325143506464627e-05
3524	3.718858883028352e-05
3525	4.691348589241198e-05
3526	9.733573102029837e-05
3527	7.831457097601356e-05
3528	5.478460611373805e-05
3529	5.922760888035035e-05
3530	2.9325143506464627e-05
3531	2.9325143506464627e-05
3532	4.318747609006973e-05
3533	3.0823153772488286e-05
3534	3.130278024926901e-05
3535	2.9325143506464627e-05
3536	0
3537	2.9325143506464627e-05
3538	0.00011926134359178207
3539	2.9325143506464627e-05
3540	4.581703019669103e-05
3541	0
3542	0
3543	0.00018743143433025324
3544	4.0898552043324696e-05
3545	3.805588862338654e-05
3546	5.764060390936244e-05
3547	4.3414428001253736e-05
3548	2.9325143506464627e-05
3549	2.9325143506464627e-05
3550	4.00300645875897e-05
3551	4.220333275395366e-05
3552	4.247743322672617e-05
3553	3.625399259175743e-05
3554	3.0874107599657235e-05
3555	2.9325143506464627e-05
3556	3.0640315978873314e-05
3557	4.0264829730280135e-05
3558	0
3559	2.9325143506464627e-05
3560	7.307957441538185e-05
3561	0
3562	2.9325143506464627e-05
3563	5.353805507305142e-05
3564	2.9965868557125272e-05
3565	8.431068361504443e-05
3566	2.9325143506464627e-05
3567	2.9325143506464627e-05
3568	4.185574394190637e-05
3569	3.7126728564868656e-05
3570	0.00010992265738838094
3571	4.2566302487528995e-05
3572	4.775764013968386e-05
3573	3.491619782145012e-05
3574	3.403274690083272e-05
3575	0
3576	3.9971059670424215e-05
3577	7.049019613727672e-05
3578	3.189490967154361e-05
3579	2.9325143506464627e-05
3580	3.178467078918321e-05
3581	2.9325143506464627e-05
3582	6.176358101072576e-05
3583	6.349710967507353e-05
3584	2.9325143506464627e-05
3585	3.841650525993188e-05
3586	2.9325143506464627e-05
3587	4.10621572606682e-05
3588	3.6259097938788745e-05
3589	5.071456127504715e-05
3590	3.955510681931189e-05
3591	2.9325143506464627e-05
3592	2.9325143506464627e-05
3593	4.9539418050723204e-05
3594	5.5628592954638416e-05
3595	0
3596	2.9325143506464627e-05
3597	5.9663012891718246e-05
3598	3.8290488005631674e-05
3599	3.199871502645921e-05
3600	3.7127477017270904e-05
3601	2.970693886918774e-05
3602	3.909397730909744e-05
3603	4.2203593748634564e-05
3604	2.9325143506464627e-05
3605	0.00030171030332586585
3606	2.9325143506464627e-05
3607	4.840933244571679e-05
3608	7.425299799731476e-05
3609	3.082643537044042e-05
3610	9.229485732342831e-05
3611	7.45175646342963e-05
3612	3.107336215526702e-05
3613	3.6757390063597586e-05
3614	3.640872496267105e-05
3615	9.052439396527797e-05
3616	2.9325143506464627e-05
3617	3.2856468487812006e-05
3618	6.37133510636779e-05
3619	5.431342048222973e-05
3620	2.9325143506464627e-05
3621	2.9325143506464627e-05
3622	2.9325143506464627e-05
3623	2.9325143506464627e-05
3624	2.9325143506464627e-05
3625	4.5473966088266836e-05
3626	2.9325143506464627e-05
3627	0.00017714558004543331
3628	2.9325143506464627e-05
3629	3.544402280248627e-05
3630	5.9400073334475733e-05
3631	2.9325143506464627e-05
3632	3.387014724101768e-05
3633	5.165762435913608e-05
3634	0.00011220813590288143
3635	4.3212012988812736e-05
3636	7.329479981045327e-05
3637	6.565049854266381e-05
3638	2.9325143506464627e-05
3639	3.49267945221278e-05
3640	2.9325143506464627e-05
3641	3.5694060228896415e-05
3642	3.09910286381823e-05
3643	6.066882273509302e-05
3644	3.290219335946454e-05
3645	2.9325143506464627e-05
3646	3.310358601030044e-05
3647	3.8689695946037116e-05
3648	4.3355920483972147e-05
3649	2.9325143506464627e-05
3650	3.73277143572545e-05
3651	5.5369149402962154e-05
3652	0.00014659475434883223
3653	5.994742088709858e-05
3654	5.7882999127093335e-05
3655	0
3656	3.459127457668822e-05
3657	4.936858895495692e-05
3658	3.210402717454036e-05
3659	4.009558091308876e-05
3660	4.525386272382045e-05
3661	0.00017455846023209324
3662	6.727030703281626e-05
3663	3.579952463571613e-05
3664	3.082643537044042e-05
3665	3.310358601030044e-05
3666	6.33135613533787e-05
3667	6.310241311519961e-05
3668	4.262092415086295e-05
3669	0.00015466319618252713
3670	5.478460611373805e-05
3671	3.4752127865564845e-05
3672	0
3673	3.774545046394704e-05
3674	5.909101703794191e-05
3675	3.924492675336529e-05
3676	8.475924629432259e-05
3677	6.032994561988998e-05
3678	6.544782455647849e-05
3679	3.1247318658446554e-05
3680	2.9325143506464627e-05
3681	4.592485336711673e-05
3682	2.9325143506464627e-05
3683	0
3684	0
3685	2.9325143506464627e-05
3686	5.510761990905765e-05
3687	3.206018756689918e-05
3688	4.234650736660381e-05
3689	0
3690	5.478460611373805e-05
3691	2.9325143506464627e-05
3692	0
3693	2.9325143506464627e-05
3694	0
3695	2.9325143506464627e-05
3696	2.9325143506464627e-05
3697	2.9325143506464627e-05
3698	3.47801763793222e-05
3699	0
3700	0
3701	3.3140356519243914e-05
3702	0
3703	2.9325143506464627e-05
3704	3.244867812843527e-05
3705	0.00011351881425308655
3706	3.1898318860973404e-05
3707	3.592405183704611e-05
3708	3.222698258909097e-05
3709	0.00021494281197808801
3710	3.135929406872917e-05
3711	0
3712	0.00017979380549399616
3713	8.116521509027846e-05
3714	0.00017087423944088097
3715	6.0135080093410304e-05
3716	5.623063943817841e-05
3717	3.210402717454036e-05
3718	3.754445089450774e-05
3719	2.9325143506464627e-05
3720	3.3140252618890587e-05
3721	4.3747447452332164e-05
3722	3.0515061457691538e-05
3723	3.5051220525220094e-05
3724	2.9325143506464627e-05
3725	8.72874219713751e-05
3726	2.9325143506464627e-05
3727	0
3728	2.9325143506464627e-05
3729	5.1156033585779065e-05
3730	3.405019983877321e-05
3731	2.9325143506464627e-05
3732	0.0002063969275472236
3733	4.8863497280244194e-05
3734	3.6266331555288265e-05
3735	4.757907863786272e-05
3736	4.193020868348022e-05
3737	0
3738	5.454105771239438e-05
3739	7.707185410219128e-05
3740	5.0900565141338245e-05
3741	3.494886955747594e-05
3742	5.3091122663214584e-05
3743	2.9325143506464627e-05
3744	3.089115597228296e-05
3745	3.4925999791849647e-05
3746	2.9325143506464627e-05
3747	5.403100320598396e-05
3748	4.1265799533498624e-05
3749	0.00013794848073974975
3750	2.9325143506464627e-05
3751	5.9309067783511765e-05
3752	5.7302926633989234e-05
3753	4.994374175265359e-05
3754	3.289489736014535e-05
3755	7.525357457304327e-05
3756	0
3757	4.5262877071759846e-05
3758	3.507549567206616e-05
3759	0.00010715508977893284
3760	3.244867812843527e-05
3761	3.337095674725433e-05
3762	4.569282581792101e-05
3763	6.516963596653517e-05
3764	3.8460305648163694e-05
3765	9.171931042633556e-05
3766	4.4273586934932034e-05
3767	0.0001598850426305732
3768	4.1200096667470265e-05
3769	2.9325143506464627e-05
3770	9.010431273630775e-05
3771	3.457850784076371e-05
3772	3.439632424193467e-05
3773	3.453247197513533e-05
3774	2.9325143506464627e-05
3775	0.00012235175796246136
3776	0.00014293246105384055
3777	0
3778	2.9972499612764825e-05
3779	2.9325143506464627e-05
3780	9.848966177672261e-05
3781	3.2898993316308576e-05
3782	4.5361387620028456e-05
3783	0.00017869460478496307
3784	6.465900710600459e-05
3785	2.9325143506464627e-05
3786	3.8011222693356694e-05
3787	4.851274959373883e-05
3788	4.224300061238892e-05
3789	3.367073377597336e-05
3790	2.9325143506464627e-05
3791	3.195426653067899e-05
3792	8.368918869877094e-05
3793	8.194582702501769e-05
3794	2.9325143506464627e-05
3795	4.1840362093273475e-05
3796	3.0286231082455594e-05
3797	2.9325143506464627e-05
3798	3.9770291580368276e-05
3799	3.7153715923514016e-05
3800	0
3801	7.330794867103232e-05
3802	3.12948604413776e-05
3803	2.9325143506464627e-05
3804	0
3805	5.478460611373805e-05
3806	3.4925999791849647e-05
3807	4.752586012907372e-05
3808	4.087488355154067e-05
3809	0.0001526874004937561
3810	3.745343748334004e-05
3811	2.9325143506464627e-05
3812	4.365674932325987e-05
3813	2.9325143506464627e-05
3814	3.7280260897051015e-05
3815	3.2333291148227614e-05
3816	6.874899303808591e-05
3817	4.301325550713318e-05
3818	4.493446555991318e-05
3819	7.734308619662186e-05
3820	0
3821	5.15168642200622e-05
3822	3.310358601030044e-05
3823	7.306258760221513e-05
3824	3.4801881462407034e-05
3825	4.145832262705447e-05
3826	9.797986233327112e-05
3827	6.304018824600523e-05
3828	2.9325143506464627e-05
3829	7.380404661273798e-05
3830	4.5364428289703366e-05
3831	2.9325143506464627e-05
3832	0
3833	2.9325143506464627e-05
3834	7.277497502826385e-05
3835	4.0885297727311655e-05
3836	0.00016234328975384024
3837	4.180515383383076e-05
3838	4.468533012666446e-05
3839	3.8011544751059114e-05
3840	2.9325143506464627e-05
3841	2.9325143506464627e-05
3842	2.9325143506464627e-05
3843	0.00042193288374649593
3844	2.9325143506464627e-05
3845	2.96539366245668e-05
3846	0.00012145493002006182
3847	0
3848	2.9840416303490418e-05
3849	2.9325143506464627e-05
3850	4.106674893147779e-05
3851	8.217376333472123e-05
3852	3.6902764436153206e-05
3853	5.9910046305429937e-05
3854	4.469512734797928e-05
3855	3.4777711163933314e-05
3856	3.4322798901617645e-05
3857	3.914944885458778e-05
3858	3.031769663621938e-05
3859	8.63322207687409e-05
3860	4.641455350275906e-05
3861	4.262427494818261e-05
3862	4.4542612301113696e-05
3863	3.505840349271266e-05
3864	4.2721033591946485e-05
3865	6.705949244651072e-05
3866	6.577797688490228e-05
3867	2.9325143506464627e-05
3868	3.476803785010086e-05
3869	2.9325143506464627e-05
3870	3.6217795474034397e-05
3871	3.55722127504059e-05
3872	2.996595549403852e-05
3873	0
3874	8.735310090215981e-05
3875	2.9325143506464627e-05
3876	5.478460611373805e-05
3877	3.805483291995506e-05
3878	3.836902388488141e-05
3879	3.244867812843527e-05
3880	2.9325143506464627e-05
3881	2.9325143506464627e-05
3882	4.418241317730764e-05
3883	3.106878570973054e-05
3884	6.724975384450935e-05
3885	4.122999596892326e-05
3886	3.36647774162084e-05
3887	8.340460099569241e-05
3888	4.030188863359169e-05
3889	3.583424361855178e-05
3890	2.9325143506464627e-05
3891	3.4660795231805126e-05
3892	3.258786426095494e-05
3893	4.140372191300484e-05
3894	0
3895	2.9325143506464627e-05
3896	3.122790274782048e-05
3897	0.00011829041612281856
3898	2.9972235631078916e-05
3899	0.00010688727390728324
3900	2.980568729446011e-05
3901	3.015808607232346e-05
3902	3.5283114726953375e-05
3903	7.53978781464848e-05
3904	6.970811565366772e-05
3905	7.523855620636684e-05
3906	3.134458074922801e-05
3907	4.997312162638088e-05
3908	2.9325143506464627e-05
3909	3.7956245442568004e-05
3910	9.91358539089508e-05
3911	7.056942173788928e-05
3912	2.9325143506464627e-05
3913	2.9325143506464627e-05
3914	4.387378751942058e-05
3915	3.2479505202484324e-05
3916	5.415190518280442e-05
3917	5.9606170881321115e-05
3918	3.5172148265643904e-05
3919	2.9325143506464627e-05
3920	5.567094515148972e-05
3921	0.00010458484406688561
3922	2.9325143506464627e-05
3923	2.9325143506464627e-05
3924	3.30014149136222e-05
3925	3.4038989992980736e-05
3926	3.931155519023381e-05
3927	4.9421646132884305e-05
3928	2.9325143506464627e-05
3929	5.061776991176062e-05
3930	6.995444207053675e-05
3931	3.9458011173108534e-05
3932	2.9325143506464627e-05
3933	2.9325143506464627e-05
3934	3.644658060844585e-05
3935	3.16383847444825e-05
3936	4.0774790312875926e-05
3937	0.00010909353482756707
3938	2.9325143506464627e-05
3939	0
3940	4.015090683015797e-05
3941	3.701565703238456e-05
3942	3.4358652192270545e-05
3943	2.9325143506464627e-05
3944	2.9325143506464627e-05
3945	0
3946	3.056882513821937e-05
3947	3.456217482230954e-05
3948	2.9325143506464627e-05
3949	4.591575556041503e-05
3950	3.431864230888269e-05
3951	4.5421113142005094e-05
3952	0
3953	2.9325143506464627e-05
3954	2.9325143506464627e-05
3955	2.9325143506464627e-05
3956	9.834106089641494e-05
3957	0
3958	3.773761034561734e-05
3959	4.0784760149201276e-05
3960	3.216938488344411e-05
3961	0.0001229968716348975
3962	5.435998517192882e-05
3963	2.9325143506464627e-05
3964	5.11130545443705e-05
3965	5.1963688654483126e-05
3966	4.07531013076841e-05
3967	2.9325143506464627e-05
3968	5.342733115283996e-05
3969	9.789383826393084e-05
3970	5.443316470094822e-05
3971	6.98455940626257e-05
3972	2.9325143506464627e-05
3973	6.221665115073404e-05
3974	2.9325143506464627e-05
3975	3.695704620778169e-05
3976	0.00012220746451219698
3977	0
3978	3.943091532866844e-05
3979	4.094165320696966e-05
3980	2.9325143506464627e-05
3981	4.439352176366457e-05
3982	3.518866695056095e-05
3983	4.7989184710559765e-05
3984	4.2928256683673834e-05
3985	0
3986	4.1265799533498624e-05
3987	4.7948673868378025e-05
3988	2.9325143506464627e-05
3989	5.2322251903565944e-05
3990	3.0460974278090316e-05
3991	3.059682146477245e-05
3992	2.9517903322428647e-05
3993	3.519209037938727e-05
3994	6.350030059427844e-05
3995	5.4944324938538195e-05
3996	2.9325143506464627e-05
3997	8.742787721564156e-05
3998	3.275413986778436e-05
3999	4.9249140467150765e-05
4000	9.478317456379115e-05
4001	4.1060824816281407e-05
4002	4.559957555337453e-05
4003	3.7225579237490096e-05
4004	3.135929406872917e-05
4005	6.013209202925836e-05
4006	3.2517450561716816e-05
4007	4.421493020158159e-05
4008	5.457596536472936e-05
4009	4.287151280823389e-05
4010	2.9325143506464627e-05
4011	4.744963363226504e-05
4012	2.9325143506464627e-05
4013	0.00023405041497239924
4014	2.9325143506464627e-05
4015	2.9325143506464627e-05
4016	4.549851608623174e-05
4017	0
4018	4.760393315519519e-05
4019	2.9325143506464627e-05
4020	4.081420471505561e-05
4021	7.13501357244368e-05
4022	4.181928199434718e-05
4023	3.9262177485778784e-05
4024	2.9325143506464627e-05
4025	7.043392325599862e-05
4026	8.708141073819353e-05
4027	5.8328508738321165e-05
4028	5.6583835861876096e-05
4029	2.9325143506464627e-05
4030	2.9325143506464627e-05
4031	4.7746101644745883e-05
4032	2.9325143506464627e-05
4033	4.569577258588615e-05
4034	3.4022079772222526e-05
4035	4.0197808968612294e-05
4036	8.239061380452191e-05
4037	2.9325143506464627e-05
4038	0.00010391145195239153
4039	5.0285838517102335e-05
4040	2.9325143506464627e-05
4041	4.012596437082229e-05
4042	5.279147661201571e-05
4043	2.9325143506464627e-05
4044	9.958361289147028e-05
4045	2.9325143506464627e-05
4046	7.090072163736253e-05
4047	0
4048	2.9325143506464627e-05
4049	4.547177912101196e-05
4050	4.6843983028819016e-05
4051	4.4843476772245724e-05
4052	4.6804422513273915e-05
4053	2.9325143506464627e-05
4054	0.00015671712428483854
4055	2.9325143506464627e-05
4056	5.383427851892578e-05
4057	3.990850866716917e-05
4058	4.4917167712822177e-05
4059	3.308272803548619e-05
4060	3.680792673559841e-05
4061	0
4062	3.0239623611573364e-05
4063	4.104064401466263e-05
4064	3.0120797532799096e-05
4065	9.582803253508395e-05
4066	0
4067	2.9325143506464627e-05
4068	0
4069	3.4168650620682e-05
4070	3.3241899784162016e-05
4071	4.4684358566809587e-05
4072	3.893381085208525e-05
4073	0
4074	4.302771893844029e-05
4075	2.9325143506464627e-05
4076	4.76124300407379e-05
4077	4.1869853560159885e-05
4078	3.504236552585802e-05
4079	2.9325143506464627e-05
4080	2.9325143506464627e-05
4081	2.9325143506464627e-05
4082	0
4083	6.136137307627204e-05
4084	4.283727003170829e-05
4085	3.3334107122095655e-05
4086	5.9529072068718966e-05
4087	4.356783385134315e-05
4088	3.53494524947805e-05
4089	0.0007186376513115221
4090	2.9325143506464627e-05
4091	6.189625313175441e-05
4092	2.9325143506464627e-05
4093	2.9824909045979928e-05
4094	8.036175194649201e-05
4095	8.708216294714489e-05
4096	5.4526257920154824e-05
4097	0
4098	2.9965868557125272e-05
4099	6.166876528501475e-05
4100	3.348985633575881e-05
4101	3.927308034921035e-05
4102	2.9511623185388245e-05
4103	3.525835020685219e-05
4104	3.178467078918321e-05
4105	0.00015923318830899898
4106	0
4107	3.5532635117849275e-05
4108	4.807943156275333e-05
4109	8.348607672002262e-05
4110	3.7973703545695745e-05
4111	0
4112	0
4113	3.348985633575881e-05
4114	2.9325143506464627e-05
4115	4.47538930889139e-05
4116	6.310403166330491e-05
4117	5.676552328813866e-05
4118	2.9325143506464627e-05
4119	7.142490019320191e-05
4120	4.506092729424613e-05
4121	3.337095674725433e-05
4122	6.865616985043417e-05
4123	3.1141038742040614e-05
4124	4.4580432693917456e-05
4125	3.425306097810034e-05
4126	3.289489736014535e-05
4127	5.4751598799870255e-05
4128	4.220333275395366e-05
4129	5.2171412892336145e-05
4130	3.210402717454036e-05
4131	2.9325143506464627e-05
4132	4.960449071694374e-05
4133	4.680605390515625e-05
4134	2.9325143506464627e-05
4135	8.963987179888021e-05
4136	3.057161193641822e-05
4137	5.018460074334332e-05
4138	2.9325143506464627e-05
4139	2.9325143506464627e-05
4140	3.635815402570579e-05
4141	3.8951970278386364e-05
4142	2.9325143506464627e-05
4143	0
4144	5.760613171112836e-05
4145	3.0515061457691538e-05
4146	3.807104044798241e-05
4147	3.369852049058734e-05
4148	6.514167383839459e-05
4149	2.9325143506464627e-05
4150	3.130079934958153e-05
4151	2.9325143506464627e-05
4152	5.408913141357446e-05
4153	3.4752127865564845e-05
4154	0
4155	5.39469947430975e-05
4156	3.88213042272976e-05
4157	5.16864206243154e-05
4158	2.9325143506464627e-05
4159	4.4221561628018244e-05
4160	4.3759063299050354e-05
4161	3.118804202371345e-05
4162	7.711263584377119e-05
4163	3.5483458920466345e-05
4164	6.114895040879735e-05
4165	0
4166	4.628288542323054e-05
4167	5.7951707985786975e-05
4168	4.0388147661218214e-05
4169	0.00014941734285975455
4170	2.9325143506464627e-05
4171	5.9762719374084554e-05
4172	3.16124300961888e-05
4173	0.00011017438456743915
4174	0
4175	5.183477896869444e-05
4176	0
4177	0
4178	0.0001042516256898155
4179	4.2037391934720685e-05
4180	3.130091414852188e-05
4181	3.1247318658446554e-05
4182	7.85176463406362e-05
4183	3.731591335901672e-05
4184	4.352291839969494e-05
4185	2.9325143506464627e-05
4186	3.574503490596033e-05
4187	2.970693886918774e-05
4188	4.515569213670137e-05
4189	0
4190	0
4191	0.0006308449655487834
4192	3.7433864888625405e-05
4193	4.1046146404825424e-05
4194	3.365572069420068e-05
4195	3.32921897107849e-05
4196	2.9325143506464627e-05
4197	4.2867420724223955e-05
4198	0
4199	3.254887884987873e-05
4200	3.452830852297398e-05
4201	3.912276595812792e-05
4202	3.756757692722454e-05
4203	4.3420776356720205e-05
4204	4.088717643362145e-05
4205	0
4206	3.6775497929478403e-05
4207	2.9325143506464627e-05
4208	3.306510475844364e-05
4209	3.345085120759869e-05
4210	3.082643537044042e-05
4211	2.9325143506464627e-05
4212	3.222192820201022e-05
4213	7.51951741015976e-05
4214	3.8415371509484496e-05
4215	2.9325143506464627e-05
4216	3.462988826443888e-05
4217	5.478460611373805e-05
4218	2.9325143506464627e-05
4219	5.133583544459568e-05
4220	3.041159033149789e-05
4221	2.9325143506464627e-05
4222	7.165579553488737e-05
4223	2.9325143506464627e-05
4224	2.9325143506464627e-05
4225	2.9325143506464627e-05
4226	3.3140252618890587e-05
4227	3.392705081419414e-05
4228	6.680755897011227e-05
4229	3.553394168655817e-05
4230	5.431342048222973e-05
4231	7.889299845244114e-05
4232	5.468310680006453e-05
4233	2.9325143506464627e-05
4234	3.355823282781595e-05
4235	5.209986169548195e-05
4236	3.32711579126478e-05
4237	3.836861214240735e-05
4238	2.9325143506464627e-05
4239	0
4240	3.998266101588296e-05
4241	4.5987537853794683e-05
4242	0.00016872767549617579
4243	3.641236269655412e-05
4244	3.0108268933217076e-05
4245	3.124091140793995e-05
4246	5.911547479726328e-05
4247	4.217431159151315e-05
4248	3.1182771025160575e-05
4249	2.9325143506464627e-05
4250	2.9325143506464627e-05
4251	2.9325143506464627e-05
4252	3.210402717454036e-05
4253	3.503688704398886e-05
4254	4.478846106701551e-05
4255	2.9325143506464627e-05
4256	3.474773538016204e-05
4257	5.810702534323392e-05
4258	6.543175244121706e-05
4259	3.1823971204041136e-05
4260	2.9325143506464627e-05
4261	3.2128024686791275e-05
4262	6.887036166770122e-05
4263	2.9325143506464627e-05
4264	0.00011851315502144595
4265	7.425886670904025e-05
4266	0
4267	2.9325143506464627e-05
4268	0.00011255681544540912
4269	2.9325143506464627e-05
4270	3.640906011899043e-05
4271	4.396869398431596e-05
4272	5.0598991454106875e-05
4273	7.988217258428144e-05
4274	2.9325143506464627e-05
4275	3.289489736014535e-05
4276	0
4277	3.55818695410153e-05
4278	3.55722127504059e-05
4279	4.328705388412353e-05
4280	3.114655951334956e-05
4281	6.264284614081808e-05
4282	0
4283	0
4284	5.0570022111278546e-05
4285	3.504352803207249e-05
4286	9.676998364661789e-05
4287	3.807775446616872e-05
4288	0.00010172362469249175
4289	3.973692557970008e-05
4290	3.2050147113107584e-05
4291	2.9325143506464627e-05
4292	5.11130545443705e-05
4293	3.717608413148412e-05
4294	3.3331223862152e-05
4295	0.00011494477976448202
4296	7.111661076298022e-05
4297	5.6490831570336045e-05
4298	3.541203148774074e-05
4299	2.9325143506464627e-05
4300	2.9325143506464627e-05
4301	3.371498501010634e-05
4302	7.194192074404704e-05
4303	2.9325143506464627e-05
4304	5.418866940634179e-05
4305	5.220990359755846e-05
4306	6.261579489419698e-05
4307	4.258250395195272e-05
4308	5.103507954690334e-05
4309	2.9972499612764825e-05
4310	5.429303105239766e-05
4311	6.487869620516388e-05
4312	2.9972499612764825e-05
4313	4.7316540177354614e-05
4314	4.025201449660344e-05
4315	0
4316	0
4317	0.00016172552058365996
4318	3.195225487036355e-05
4319	2.9325143506464627e-05
4320	3.210402717454036e-05
4321	3.3940013239566904e-05
4322	2.9325143506464627e-05
4323	3.410855705786661e-05
4324	3.260042316930138e-05
4325	0
4326	2.9325143506464627e-05
4327	3.9480812585252e-05
4328	4.286305089231653e-05
4329	4.164407601870986e-05
4330	6.049336354149993e-05
4331	6.615825709601329e-05
4332	0
4333	5.9490420946423316e-05
4334	2.9325143506464627e-05
4335	0.000155635190950645
4336	5.801827232215423e-05
4337	4.117591498140357e-05
4338	3.695723984082618e-05
4339	6.059285358964671e-05
4340	3.611148252976398e-05
4341	4.151564001595082e-05
4342	3.448443613071024e-05
4343	7.670112459423948e-05
4344	7.709014108714278e-05
4345	4.180314289962621e-05
4346	2.9325143506464627e-05
4347	3.5499792216194914e-05
4348	4.447022007511452e-05
4349	2.9325143506464627e-05
4350	7.264860847260242e-05
4351	4.970907005436334e-05
4352	2.9325143506464627e-05
4353	3.531398283582351e-05
4354	0.00010297005697824384
4355	4.6961655375695085e-05
4356	4.7989698055548936e-05
4357	0
4358	3.244867812843527e-05
4359	2.9325143506464627e-05
4360	4.789940175789269e-05
4361	0
4362	3.756757692722454e-05
4363	2.9517903322428647e-05
4364	3.873241462274545e-05
4365	0
4366	4.297640696539597e-05
4367	3.56321818838548e-05
4368	5.177483738119985e-05
4369	2.9517903322428647e-05
4370	3.268568143545377e-05
4371	3.885032501397473e-05
4372	3.066635443596128e-05
4373	2.9325143506464627e-05
4374	5.6095967283646434e-05
4375	6.188037804501696e-05
4376	2.9325143506464627e-05
4377	4.9016976449319594e-05
4378	3.0515061457691538e-05
4379	4.375459510307466e-05
4380	3.1106295790011154e-05
4381	7.127914418360342e-05
4382	5.6886453508344035e-05
4383	2.9325143506464627e-05
4384	2.9325143506464627e-05
4385	3.337095674725433e-05
4386	3.1864415498041455e-05
4387	2.9325143506464627e-05
4388	3.767400034951952e-05
4389	3.440385910358001e-05
4390	5.7151301482315995e-05
4391	4.749411231814945e-05
4392	3.7446333523588285e-05
4393	4.5170243203519006e-05
4394	3.8182259610079346e-05
4395	4.5823329218641394e-05
4396	3.320330079131004e-05
4397	3.877903604902279e-05
4398	2.9325143506464627e-05
4399	0.0004015264201890013
4400	2.9325143506464627e-05
4401	5.5582087874175104e-05
4402	4.343087427927664e-05
4403	4.2207243082975065e-05
4404	8.885990694149587e-05
4405	0
4406	0.00038722640668845625
4407	4.15110501513571e-05
4408	2.9325143506464627e-05
4409	4.1940339431945694e-05
4410	4.9977992253251216e-05
4411	0.0001760587500100114
4412	0
4413	0.00032166330219034396
4414	3.85093268011082e-05
4415	2.9517903322428647e-05
4416	0
4417	2.9517903322428647e-05
4418	3.490594201084886e-05
4419	5.013428862194833e-05
4420	7.634097708847785e-05
4421	5.0190743926230655e-05
4422	7.449732305401725e-05
4423	3.541621979386446e-05
4424	8.424675060940802e-05
4425	4.122999596892326e-05
4426	0
4427	6.668465454480537e-05
4428	3.0991849011583776e-05
4429	2.9325143506464627e-05
4430	3.1823971204041136e-05
4431	3.798356320296435e-05
4432	0
4433	5.911718116640175e-05
4434	3.1247318658446554e-05
4435	0
4436	2.9517903322428647e-05
4437	3.399355152354573e-05
4438	2.9325143506464627e-05
4439	3.8413998267600656e-05
4440	3.2767329439914916e-05
4441	6.771549285279137e-05
4442	0
4443	0.00020244322294896624
4444	2.9325143506464627e-05
4445	3.99859820843218e-05
4446	6.56833809683195e-05
4447	4.738278858913612e-05
4448	3.741096025013886e-05
4449	6.264284614081808e-05
4450	3.924428663507171e-05
4451	3.170745331914329e-05
4452	3.3981295826583674e-05
4453	4.122999596892326e-05
4454	2.9325143506464627e-05
4455	5.338458638449276e-05
4456	3.181482298315242e-05
4457	0
4458	6.065881498234657e-05
4459	3.750848585514383e-05
4460	7.19658859432928e-05
4461	3.1596805049716e-05
4462	3.199871502645921e-05
4463	2.9325143506464627e-05
4464	3.053611385221324e-05
4465	6.680755897011227e-05
4466	7.501334678655658e-05
4467	3.6046780111755766e-05
4468	0
4469	0
4470	2.9325143506464627e-05
4471	5.397319149079557e-05
4472	2.9325143506464627e-05
4473	3.337095674725433e-05
4474	4.12558732464866e-05
4475	0
4476	3.4316119596833056e-05
4477	2.9325143506464627e-05
4478	7.02456778555578e-05
4479	4.214969808557197e-05
4480	0.00017904614931395566
4481	4.307595505111915e-05
4482	3.750936492887075e-05
4483	2.9325143506464627e-05
4484	2.9325143506464627e-05
4485	4.298770180609324e-05
4486	2.957502627622228e-05
4487	0
4488	5.303203748059324e-05
4489	4.006425205443428e-05
4490	4.5908685062886296e-05
4491	4.311371718955322e-05
4492	2.9325143506464627e-05
4493	0
4494	0.00028331184690602384
4495	4.365674932325987e-05
4496	3.6926497287346445e-05
4497	0.00011048499658794594
4498	3.537004601643148e-05
4499	5.382340245814173e-05
4500	3.041159033149789e-05
4501	2.9325143506464627e-05
4502	0
4503	2.9325143506464627e-05
4504	2.9325143506464627e-05
4505	6.065633288785142e-05
4506	8.58415592002648e-05
4507	2.9325143506464627e-05
4508	5.0628560946267427e-05
4509	0.00010695849803464701
4510	2.9325143506464627e-05
4511	3.576165856579896e-05
4512	7.741768875161377e-05
4513	2.9325143506464627e-05
4514	3.082643537044042e-05
4515	3.835995581466374e-05
4516	0.00011048499658794594
4517	4.831022955699442e-05
4518	2.9325143506464627e-05
4519	2.9325143506464627e-05
4520	2.9325143506464627e-05
4521	7.788894519141499e-05
4522	4.2761649797610616e-05
4523	8.07152508927666e-05
4524	2.9325143506464627e-05
4525	5.41943102998974e-05
4526	2.9325143506464627e-05
4527	5.566647949910166e-05
4528	0.00012446332149135364
4529	2.9325143506464627e-05
4530	3.348985633575881e-05
4531	5.478460611373805e-05
4532	7.899526051876098e-05
4533	2.9325143506464627e-05
4534	4.0339416251257225e-05
4535	5.342135392891349e-05
4536	0
4537	2.9325143506464627e-05
4538	6.0402427360475115e-05
4539	4.0703510803098556e-05
4540	2.9325143506464627e-05
4541	0
4542	0
4543	5.478460611373805e-05
4544	3.303699436277924e-05
4545	3.3268371828329276e-05
4546	4.181928199434718e-05
4547	5.305554015664967e-05
4548	3.538144281013559e-05
4549	4.9993333804873324e-05
4550	5.064933711577233e-05
4551	3.539039399001771e-05
4552	3.179847732398756e-05
4553	2.9704383001352264e-05
4554	6.264284614081808e-05
4555	0
4556	0
4557	6.616311396665516e-05
4558	4.176239235180927e-05
4559	2.9325143506464627e-05
4560	2.9325143506464627e-05
4561	3.918337570790853e-05
4562	4.181356032308214e-05
4563	5.7127880025001856e-05
4564	0
4565	0
4566	3.707477137895152e-05
4567	4.754105076441309e-05
4568	7.448902981712472e-05
4569	3.6902764436153206e-05
4570	3.781877576973767e-05
4571	4.301048855068378e-05
4572	3.349824604974427e-05
4573	2.9325143506464627e-05
4574	3.0640315978873314e-05
4575	3.175832641725053e-05
4576	4.761870055944772e-05
4577	2.9325143506464627e-05
4578	5.6260082004069686e-05
4579	2.9325143506464627e-05
4580	3.53494524947805e-05
4581	3.878232287456999e-05
4582	0.0001862980725832553
4583	3.0175797666188088e-05
4584	2.9325143506464627e-05
4585	2.9325143506464627e-05
4586	0.00011589918800127233
4587	0.00010291006066037369
4588	4.833227154006637e-05
4589	2.9325143506464627e-05
4590	4.020947596599108e-05
4591	2.9325143506464627e-05
4592	3.712916444524895e-05
4593	0.00010688620798270887
4594	7.30723676441417e-05
4595	2.9325143506464627e-05
4596	3.4779704558105e-05
4597	2.9325143506464627e-05
4598	4.6061237083678256e-05
4599	5.030318573524673e-05
4600	0.00010689287315744147
4601	4.95163588875803e-05
4602	4.035709343764771e-05
4603	5.926188371391638e-05
4604	2.9325143506464627e-05
4605	3.840076949337566e-05
4606	0
4607	3.444910401796064e-05
4608	3.3329241208918045e-05
4609	3.534222939137462e-05
4610	3.855031544306934e-05
4611	2.9325143506464627e-05
4612	0
4613	3.3158848148349306e-05
4614	4.283034821827447e-05
4615	3.576165856579896e-05
4616	2.9325143506464627e-05
4617	0.00010396435340829435
4618	5.9660701237280816e-05
4619	5.661804123578343e-05
4620	6.78732417441028e-05
4621	3.464674118815707e-05
4622	3.35518934301943e-05
4623	3.0640315978873314e-05
4624	2.9325143506464627e-05
4625	2.9325143506464627e-05
4626	7.811032806394505e-05
4627	7.30913650254871e-05
4628	0
4629	2.9325143506464627e-05
4630	5.431342048222973e-05
4631	0
4632	9.105900777866786e-05
4633	2.9325143506464627e-05
4634	2.9325143506464627e-05
4635	3.2867263781431e-05
4636	4.947259354817929e-05
4637	4.676301079801221e-05
4638	4.1262064450106736e-05
4639	2.9325143506464627e-05
4640	2.9325143506464627e-05
4641	3.09910286381823e-05
4642	3.077365737608346e-05
4643	2.9325143506464627e-05
4644	4.55324691606611e-05
4645	5.692130758082342e-05
4646	6.644746708884155e-05
4647	3.526192564592775e-05
4648	5.899385650290413e-05
4649	3.820015399101417e-05
4650	4.009751801676492e-05
4651	2.9325143506464627e-05
4652	0
4653	3.778668771269642e-05
4654	2.9325143506464627e-05
4655	2.9325143506464627e-05
4656	3.473128291577433e-05
4657	2.9325143506464627e-05
4658	3.227050182139637e-05
4659	3.5603176753038724e-05
4660	5.742326375647911e-05
4661	0
4662	4.484412094461085e-05
4663	2.9325143506464627e-05
4664	2.9325143506464627e-05
4665	0
4666	0
4667	2.9325143506464627e-05
4668	0.00012274766556259146
4669	3.7139453742220755e-05
4670	0
4671	2.9325143506464627e-05
4672	3.0158628373089285e-05
4673	2.9325143506464627e-05
4674	2.9325143506464627e-05
4675	2.9325143506464627e-05
4676	2.9325143506464627e-05
4677	5.3541135991504713e-05
4678	5.4323659771689676e-05
4679	6.334150527327555e-05
4680	4.181928199434718e-05
4681	4.54101159469542e-05
4682	3.29126942351454e-05
4683	4.500266962479061e-05
4684	3.3689564641448705e-05
4685	3.695704620778169e-05
4686	3.4376678993780056e-05
4687	4.4312835529882544e-05
4688	0
4689	4.122432301873372e-05
4690	3.5468877676280035e-05
4691	2.9325143506464627e-05
4692	6.0298500244133813e-05
4693	0.00011063204623025005
4694	3.099624851290998e-05
4695	2.9325143506464627e-05
4696	4.260785090839642e-05
4697	3.134458074922801e-05
4698	4.754918257470581e-05
4699	2.9325143506464627e-05
4700	5.059050466229864e-05
4701	0
4702	4.1550657938508024e-05
4703	5.1279562090124264e-05
4704	3.539039399001771e-05
4705	0.00021441091620221593
4706	5.5020931678468836e-05
4707	2.9325143506464627e-05
4708	3.231237820897066e-05
4709	3.8225230673658235e-05
4710	8.371396134194194e-05
4711	2.9325143506464627e-05
4712	3.083584128636852e-05
4713	3.0403290777170937e-05
4714	7.573837572839104e-05
4715	3.750848585514383e-05
4716	5.608617515827391e-05
4717	3.649541892015532e-05
4718	3.54673899269271e-05
4719	3.84712287867265e-05
4720	5.6004246677448936e-05
4721	4.362375884724387e-05
4722	3.474597236624239e-05
4723	0.00018011571082762436
4724	2.9325143506464627e-05
4725	6.975394636227425e-05
4726	4.649895162777432e-05
4727	3.417692550865683e-05
4728	6.29825198680124e-05
4729	3.26475409247939e-05
4730	0.00011025785975453506
4731	2.9325143506464627e-05
4732	0
4733	5.0836187593481736e-05
4734	5.532071103637947e-05
4735	7.008599671773321e-05
4736	7.181928583189347e-05
4737	2.9325143506464627e-05
4738	4.053681857482857e-05
4739	0
4740	3.953554141696682e-05
4741	2.9325143506464627e-05
4742	3.8243475492567005e-05
4743	2.9325143506464627e-05
4744	3.5827139338705e-05
4745	4.258214239887519e-05
4746	3.210402717454036e-05
4747	2.9325143506464627e-05
4748	2.9325143506464627e-05
4749	3.384226935134247e-05
4750	3.9587767246114195e-05
4751	9.451526354269732e-05
4752	2.9325143506464627e-05
4753	3.761597662732164e-05
4754	4.972905862838537e-05
4755	3.900315681355324e-05
4756	3.8613816847254826e-05
4757	0
4758	0
4759	2.9325143506464627e-05
4760	3.474597236624239e-05
4761	3.3140356519243914e-05
4762	3.600401582239242e-05
4763	2.9325143506464627e-05
4764	2.9325143506464627e-05
4765	4.692170165312388e-05
4766	5.682622263038434e-05
4767	5.409619946101012e-05
4768	3.410030351549424e-05
4769	9.117300469211329e-05
4770	0.000217243187511773
4771	3.55722127504059e-05
4772	2.9325143506464627e-05
4773	2.9325143506464627e-05
4774	2.9325143506464627e-05
4775	2.9325143506464627e-05
4776	3.210402717454036e-05
4777	3.585478585760803e-05
4778	4.5938190872097485e-05
4779	0
4780	7.965975260616903e-05
4781	2.9325143506464627e-05
4782	2.9325143506464627e-05
4783	3.691306114042716e-05
4784	6.209205410747893e-05
4785	6.467913454074535e-05
4786	2.9325143506464627e-05
4787	2.9325143506464627e-05
4788	5.344971459329861e-05
4789	2.9325143506464627e-05
4790	3.369222468833677e-05
4791	2.9325143506464627e-05
4792	3.39037690055752e-05
4793	0
4794	3.413721244205901e-05
4795	4.9776273103581897e-05
4796	0
4797	0.00010748449657342755
4798	2.9325143506464627e-05
4799	7.567266655513802e-05
4800	4.804546815581965e-05
4801	7.246842516654817e-05
4802	3.067006187718821e-05
4803	3.2476375493654947e-05
4804	4.3882651945606486e-05
4805	5.2550171469932264e-05
4806	2.9325143506464627e-05
4807	5.431342048222973e-05
4808	8.906665563952649e-05
4809	3.8594242280956884e-05
4810	3.5815164657020374e-05
4811	2.9325143506464627e-05
4812	4.181928199434718e-05
4813	3.38668341603543e-05
4814	5.5628592954638416e-05
4815	7.526245086514672e-05
4816	4.611218750735638e-05
4817	4.263312593043651e-05
4818	5.9111271477188864e-05
4819	2.9325143506464627e-05
4820	3.4322798901617645e-05
4821	0
4822	4.8842292065877116e-05
4823	0
4824	7.021931837725165e-05
4825	0.0002082580246715561
4826	0
4827	0
4828	0
4829	3.322108770228187e-05
4830	0
4831	3.334065264669009e-05
4832	8.612413755457245e-05
4833	4.351846350032265e-05
4834	5.520107907283652e-05
4835	4.365674932325987e-05
4836	0
4837	5.149802213196672e-05
4838	3.499734094073694e-05
4839	5.4728421624022576e-05
4840	4.017084609406282e-05
4841	2.9325143506464627e-05
4842	0
4843	2.9325143506464627e-05
4844	4.071390481438392e-05
4845	2.9325143506464627e-05
4846	2.9325143506464627e-05
4847	2.9325143506464627e-05
4848	3.89309209492727e-05
4849	5.6359954326163755e-05
4850	0
4851	3.726345790137223e-05
4852	2.9325143506464627e-05
4853	4.623356624743929e-05
4854	2.9325143506464627e-05
4855	0
4856	2.9325143506464627e-05
4857	4.288298877505748e-05
4858	3.750848585514383e-05
4859	6.225586898268944e-05
4860	4.364664504364098e-05
4861	2.9325143506464627e-05
4862	2.9325143506464627e-05
4863	0
4864	3.2307563251243844e-05
4865	3.286087290719593e-05
4866	4.053625976371381e-05
4867	3.544400334166932e-05
4868	5.125176756750518e-05
4869	3.0079538571201086e-05
4870	5.4350475265579055e-05
4871	2.9325143506464627e-05
4872	2.9325143506464627e-05
4873	0
4874	3.0133704274525882e-05
4875	0
4876	3.919401429655561e-05
4877	5.706735966855353e-05
4878	0
4879	4.312327331955114e-05
4880	5.1606387325229724e-05
4881	3.4376678993780056e-05
4882	4.365674932325987e-05
4883	6.526965871558982e-05
4884	2.9325143506464627e-05
4885	4.0846466293432545e-05
4886	4.130415839504546e-05
4887	2.9325143506464627e-05
4888	2.9325143506464627e-05
4889	4.3028399678889847e-05
4890	3.576165856579896e-05
4891	3.765456916505299e-05
4892	3.905463107692467e-05
4893	2.9325143506464627e-05
4894	3.604798022622205e-05
4895	4.374379641650908e-05
4896	5.885525775913423e-05
4897	2.9325143506464627e-05
4898	6.464729484783447e-05
4899	0
4900	4.616424820978452e-05
4901	4.547245124073476e-05
4902	0
4903	5.478460611373805e-05
4904	3.7592802547312056e-05
4905	3.337095674725433e-05
4906	3.6779490679676525e-05
4907	0
4908	4.181928199434718e-05
4909	4.057478637478776e-05
4910	2.9325143506464627e-05
4911	2.9517903322428647e-05
4912	3.270991874358951e-05
4913	2.9325143506464627e-05
4914	6.976343828925385e-05
4915	5.48128203555646e-05
4916	3.0403290777170937e-05
4917	0
4918	2.9325143506464627e-05
4919	6.373154604843671e-05
4920	2.9325143506464627e-05
4921	0
4922	2.9325143506464627e-05
4923	0
4924	3.9838854593237905e-05
4925	3.6949492225532606e-05
4926	3.721212040248868e-05
4927	5.431342048222973e-05
4928	0.00012320492071258118
4929	4.709074632739299e-05
4930	5.478460611373805e-05
4931	4.124785783946649e-05
4932	6.258026149387892e-05
4933	2.9325143506464627e-05
4934	6.743772223191477e-05
4935	3.641490055166866e-05
4936	2.9325143506464627e-05
4937	6.753055864520555e-05
4938	5.575814756885365e-05
4939	0
4940	4.830298156834235e-05
4941	4.6506178697132204e-05
4942	2.9325143506464627e-05
4943	5.431342048222973e-05
4944	4.2576378412985206e-05
4945	3.931561498846828e-05
4946	4.181928199434718e-05
4947	2.9325143506464627e-05
4948	2.9325143506464627e-05
4949	7.261829412830575e-05
4950	5.368498384775823e-05
4951	2.9325143506464627e-05
4952	4.5887196184081956e-05
4953	3.1269456522427996e-05
4954	3.077365737608346e-05
4955	2.9325143506464627e-05
4956	2.9325143506464627e-05
4957	2.9325143506464627e-05
4958	4.9423502616189816e-05
4959	3.4322798901617645e-05
4960	3.222698258909097e-05
4961	2.9325143506464627e-05
4962	8.240045172963072e-05
4963	6.16791532068131e-05
4964	4.4098234140534005e-05
4965	3.3140356519243914e-05
4966	2.9704383001352264e-05
4967	4.044385224917302e-05
4968	4.596181860220048e-05
4969	3.338192067203464e-05
4970	3.750848585514383e-05
4971	4.181928199434718e-05
4972	2.9325143506464627e-05
4973	3.2103421209438856e-05
4974	0
4975	3.337095674725433e-05
4976	5.2189524108174555e-05
4977	3.712823996339562e-05
4978	7.093144616408672e-05
4979	5.1095376197939294e-05
4980	4.149421159629273e-05
4981	0.00011595823409669043
4982	0
4983	3.71623989245839e-05
4984	0.00015802719461940198
4985	4.117591498140357e-05
4986	4.463241897601358e-05
4987	6.0605257220022e-05
4988	2.9325143506464627e-05
4989	4.3482959780509485e-05
4990	3.0175797666188088e-05
4991	7.678892521294102e-05
4992	3.4301559840894715e-05
4993	2.9325143506464627e-05
4994	3.130091414852188e-05
4995	0.00015501357926263532
4996	4.117591498140357e-05
4997	3.230377340132833e-05
4998	3.210161872599408e-05
4999	3.8413702568202115e-05
5000	2.9325143506464627e-05
5001	5.445519419438699e-05
5002	4.1611455066303e-05
5003	3.695704620778169e-05
5004	3.162720059483001e-05
5005	3.510669025416499e-05
5006	4.842130704221419e-05
5007	5.54095725007036e-05
5008	4.4165713642508675e-05
5009	2.9325143506464627e-05
5010	3.99633147425925e-05
5011	2.9325143506464627e-05
5012	5.235166057978254e-05
5013	2.9325143506464627e-05
5014	4.2190703715841046e-05
5015	8.371461325887149e-05
5016	0
5017	2.9325143506464627e-05
5018	5.388243715636402e-05
5019	4.011073482425541e-05
5020	2.9325143506464627e-05
5021	0.00012950913693866062
5022	0.00012267611560860887
5023	2.9325143506464627e-05
5024	3.93835990279949e-05
5025	5.3582209213157476e-05
5026	3.0958421686880026e-05
5027	2.9325143506464627e-05
5028	0.0003549900754408665
5029	0
5030	2.9325143506464627e-05
5031	5.986966960336145e-05
5032	2.9325143506464627e-05
5033	0.00010555598923268107
5034	2.957502627622228e-05
5035	2.9325143506464627e-05
5036	2.9517903322428647e-05
5037	2.9325143506464627e-05
5038	3.6400754972373955e-05
5039	3.234517397505097e-05
5040	2.9325143506464627e-05
5041	0
5042	4.527504350366745e-05
5043	2.957502627622228e-05
5044	4.122999596892326e-05
5045	3.603914572811369e-05
5046	3.9314656136030264e-05
5047	0
5048	4.683256890110092e-05
5049	5.284246161457683e-05
5050	4.666071251871622e-05
5051	2.9325143506464627e-05
5052	0.00011401960998215098
5053	0.00010149645684171919
5054	5.3093318927404e-05
5055	3.7127477017270904e-05
5056	2.9325143506464627e-05
5057	5.361982656862831e-05
5058	5.663441807738972e-05
5059	2.9325143506464627e-05
5060	6.820209905206646e-05
5061	0
5062	0
5063	0
5064	0
5065	9.349653928813649e-05
5066	4.160026709798138e-05
5067	5.6597970509562086e-05
5068	3.317050500826306e-05
5069	0
5070	6.99518609020678e-05
5071	4.338683898566956e-05
5072	3.157642525616232e-05
5073	2.9325143506464627e-05
5074	4.3407327368053475e-05
5075	2.9325143506464627e-05
5076	3.55722127504059e-05
5077	3.218076522614429e-05
5078	3.249832141287079e-05
5079	4.0415353254264645e-05
5080	7.40790525449155e-05
5081	3.3154370109840434e-05
5082	3.026985672305766e-05
5083	3.491650566110634e-05
5084	2.9325143506464627e-05
5085	0
5086	2.9325143506464627e-05
5087	0.0001002437909118529
5088	4.149421159629273e-05
5089	2.9325143506464627e-05
5090	5.018806441848625e-05
5091	4.010899277702705e-05
5092	4.3269745693640166e-05
5093	3.5937429262292295e-05
5094	0.010548320304277811
5095	0.012123381997330441
5096	2.9325143506464627e-05
5097	7.028652724414866e-05
5098	2.9325143506464627e-05
5099	3.0640315978873314e-05
5100	0.00010319533348453628
5101	0.00023742493331152853
5102	2.9325143506464627e-05
5103	3.187015414018035e-05
5104	3.642707561227533e-05
5105	6.700814699358517e-05
5106	2.9325143506464627e-05
5107	2.9325143506464627e-05
5108	4.729971487306653e-05
5109	4.365674932325987e-05
5110	6.64228059641821e-05
5111	5.10521629335272e-05
5112	3.402854298345867e-05
5113	2.9325143506464627e-05
5114	3.908375374712751e-05
5115	2.9325143506464627e-05
5116	2.9325143506464627e-05
5117	0
5118	7.786294126485966e-05
5119	2.9325143506464627e-05
5120	0
5121	2.9325143506464627e-05
5122	3.729859916482987e-05
5123	2.9325143506464627e-05
5124	3.337095674725433e-05
5125	3.271630001206903e-05
5126	5.38245130662317e-05
5127	6.019281405914721e-05
5128	8.610850863460863e-05
5129	3.544633229751726e-05
5130	2.9325143506464627e-05
5131	3.0403290777170937e-05
5132	0
5133	3.5861422160536205e-05
5134	9.114513597822938e-05
5135	2.9325143506464627e-05
5136	4.151564001595082e-05
5137	3.53494524947805e-05
5138	3.832413680508493e-05
5139	6.505703699922051e-05
5140	0
5141	0
5142	2.9325143506464627e-05
5143	3.7778795391544366e-05
5144	3.1400941026243715e-05
5145	4.5140490763403126e-05
5146	7.852790909534008e-05
5147	5.9436925125451036e-05
5148	4.0896983900678185e-05
5149	3.9907123631471355e-05
5150	3.55818695410153e-05
5151	6.685996969445222e-05
5152	4.4747823777085144e-05
5153	3.940188494722767e-05
5154	2.9325143506464627e-05
5155	5.11130545443705e-05
5156	4.709990151278683e-05
5157	0.00013570489227589716
5158	6.095368413537007e-05
5159	2.9325143506464627e-05
5160	0
5161	3.0424795503126688e-05
5162	3.5267227710038033e-05
5163	3.444910401796064e-05
5164	3.187634061243752e-05
5165	4.628181684257412e-05
5166	3.394463075033151e-05
5167	2.9325143506464627e-05
5168	0
5169	4.9637112376891944e-05
5170	5.926799636599847e-05
5171	3.679542827507911e-05
5172	0
5173	3.654931272869828e-05
5174	2.9325143506464627e-05
5175	9.892031330108327e-05
5176	2.9325143506464627e-05
5177	4.997888339698345e-05
5178	6.809160007598496e-05
5179	4.2611982010192546e-05
5180	2.9511623185388245e-05
5181	2.9325143506464627e-05
5182	4.973402318421118e-05
5183	5.096288808024416e-05
5184	3.534062256597284e-05
5185	3.550929357852219e-05
5186	5.199800335095155e-05
5187	9.54220413788027e-05
5188	3.597572901929026e-05
5189	0.00011646405557745261
5190	2.9325143506464627e-05
5191	2.96539366245668e-05
5192	2.9325143506464627e-05
5193	2.9325143506464627e-05
5194	2.9325143506464627e-05
5195	3.6771565108328226e-05
5196	6.253565098890122e-05
5197	4.01294262515003e-05
5198	3.671791184308388e-05
5199	4.465663039402407e-05
5200	5.7208749593860675e-05
5201	2.9325143506464627e-05
5202	0
5203	0
5204	0
5205	2.9325143506464627e-05
5206	4.7475456832136236e-05
5207	2.9325143506464627e-05
5208	2.9325143506464627e-05
5209	6.0260348894842795e-05
5210	4.9565814064898056e-05
5211	4.76124300407379e-05
5212	0
5213	7.38769874581567e-05
5214	3.0640315978873314e-05
5215	2.9325143506464627e-05
5216	2.9325143506464627e-05
5217	2.9325143506464627e-05
5218	7.475356009933396e-05
5219	5.308572238661285e-05
5220	6.393978233384846e-05
5221	3.614739752182164e-05
5222	2.9325143506464627e-05
5223	0.00012671360690947548
5224	2.9325143506464627e-05
5225	5.11130545443705e-05
5226	3.0396123116909014e-05
5227	3.758551965610797e-05
5228	3.7798037918199714e-05
5229	2.9325143506464627e-05
5230	7.487158988118538e-05
5231	3.538114008066305e-05
5232	7.720293854766631e-05
5233	4.428724790930597e-05
5234	3.431869031762904e-05
5235	9.587757996049853e-05
5236	5.675115481715996e-05
5237	0
5238	4.6816937389500196e-05
5239	2.9325143506464627e-05
5240	4.30165191113881e-05
5241	2.9325143506464627e-05
5242	0
5243	0
5244	2.9325143506464627e-05
5245	2.9325143506464627e-05
5246	5.208951430674701e-05
5247	4.251873841517936e-05
5248	3.55722127504059e-05
5249	7.314254394093816e-05
5250	7.015554801910959e-05
5251	0
5252	3.134988429685712e-05
5253	2.9325143506464627e-05
5254	2.9325143506464627e-05
5255	2.9325143506464627e-05
5256	0
5257	3.0403290777170937e-05
5258	2.996595549403852e-05
5259	3.4285209511200125e-05
5260	5.478460611373805e-05
5261	3.6206323773025004e-05
5262	0
5263	0.00012501944844770711
5264	2.9325143506464627e-05
5265	6.661426514036685e-05
5266	5.484413871398245e-05
5267	4.137698298596101e-05
5268	4.985934336152372e-05
5269	2.9325143506464627e-05
5270	2.9325143506464627e-05
5271	5.3385671117396524e-05
5272	0.00012596047355578014
5273	5.017554322150638e-05
5274	3.181482298315242e-05
5275	2.9325143506464627e-05
5276	4.5606010512478715e-05
5277	4.096058828524825e-05
5278	5.167485133405125e-05
5279	7.271241921086259e-05
5280	3.210161872599408e-05
5281	0
5282	3.450381650405966e-05
5283	3.8898059476066615e-05
5284	5.937358700874324e-05
5285	3.218076522614429e-05
5286	0
5287	8.362225738094996e-05
5288	5.488502989257348e-05
5289	3.244867812843527e-05
5290	2.9325143506464627e-05
5291	2.9325143506464627e-05
5292	3.757195627630779e-05
5293	2.9325143506464627e-05
5294	6.2151002595723e-05
5295	3.712391200464167e-05
5296	3.4947505826011776e-05
5297	0
5298	3.174815721066492e-05
5299	2.9325143506464627e-05
5300	3.944969661041952e-05
5301	3.268568143545377e-05
5302	6.646076011164115e-05
5303	2.9325143506464627e-05
5304	2.9325143506464627e-05
5305	0
5306	5.4094607878903065e-05
5307	7.633810825310746e-05
5308	3.0746365743152324e-05
5309	0.00011281248046148764
5310	4.408760110467651e-05
5311	2.9325143506464627e-05
5312	6.104301253232308e-05
5313	3.644658060844585e-05
5314	2.9325143506464627e-05
5315	0
5316	2.9325143506464627e-05
5317	3.737269703450539e-05
5318	2.9325143506464627e-05
5319	3.651136096948394e-05
5320	4.051873054128525e-05
5321	4.276073317722533e-05
5322	4.077810378702363e-05
5323	4.797804445279626e-05
5324	5.2069883961302125e-05
5325	0
5326	2.9325143506464627e-05
5327	2.9325143506464627e-05
5328	3.801888649530349e-05
5329	5.929288990257994e-05
5330	0
5331	2.9325143506464627e-05
5332	4.725190467594296e-05
5333	0
5334	0
5335	3.2798160388387094e-05
5336	3.3140356519243914e-05
5337	6.668430133052908e-05
5338	7.693974425947546e-05
5339	3.065023617205159e-05
5340	6.171050348453033e-05
5341	3.26492138192357e-05
5342	3.212018541572709e-05
5343	7.973079516978117e-05
5344	6.0382178748372866e-05
5345	0
5346	0.00021980943193724767
5347	2.9325143506464627e-05
5348	2.9325143506464627e-05
5349	2.9325143506464627e-05
5350	4.974398284827708e-05
5351	5.5174831779049314e-05
5352	3.70371469678438e-05
5353	5.3091122663214584e-05
5354	4.0282836638637016e-05
5355	0
5356	2.9325143506464627e-05
5357	9.244886062778524e-05
5358	2.9325143506464627e-05
5359	3.7723554783196235e-05
5360	3.4884280021849465e-05
5361	0
5362	2.9325143506464627e-05
5363	2.9325143506464627e-05
5364	3.244867812843527e-05
5365	5.9353340713331855e-05
5366	2.957502627622228e-05
5367	2.9325143506464627e-05
5368	2.9325143506464627e-05
5369	3.7865997515072026e-05
5370	3.542616854432203e-05
5371	2.9325143506464627e-05
5372	4.23746090339262e-05
5373	7.014158572825712e-05
5374	2.9325143506464627e-05
5375	2.9325143506464627e-05
5376	2.9325143506464627e-05
5377	0
5378	2.9325143506464627e-05
5379	5.478460611373805e-05
5380	3.337095674725433e-05
5381	3.8430061310025866e-05
5382	6.6383985445674e-05
5383	6.372537539427059e-05
5384	0
5385	0
5386	2.9325143506464627e-05
5387	6.614413440472335e-05
5388	3.0085818708241488e-05
5389	2.9325143506464627e-05
5390	5.055284094715408e-05
5391	0
5392	4.5398293631305436e-05
5393	2.9325143506464627e-05
5394	0
5395	0
5396	2.9325143506464627e-05
5397	3.134458074922801e-05
5398	8.051133797132664e-05
5399	3.099624851290998e-05
5400	2.9325143506464627e-05
5401	5.25187262242354e-05
5402	0.00019742612009117326
5403	4.7093636230450015e-05
5404	0
5405	2.9325143506464627e-05
5406	0
5407	3.178467078918321e-05
5408	3.09910286381823e-05
5409	4.003832373806687e-05
5410	4.30309647076642e-05
5411	0.0001582374992205794
5412	3.9102261979255996e-05
5413	3.0403290777170937e-05
5414	3.634958664211803e-05
5415	0.00010230056079127863
5416	4.834170507834177e-05
5417	0.00010444195724859899
5418	4.181928199434718e-05
5419	5.1277682527505485e-05
5420	5.2252699005720494e-05
5421	2.9325143506464627e-05
5422	4.096058828524825e-05
5423	2.9325143506464627e-05
5424	2.9325143506464627e-05
5425	6.287772694410263e-05
5426	7.288308315157766e-05
5427	2.9325143506464627e-05
5428	3.629294258437199e-05
5429	2.9325143506464627e-05
5430	3.215229121300515e-05
5431	2.9325143506464627e-05
5432	8.276474260551827e-05
5433	2.9325143506464627e-05
5434	4.626209197071279e-05
5435	0
5436	2.9325143506464627e-05
5437	0.0001760471982884225
5438	3.8421215563946254e-05
5439	2.9325143506464627e-05
5440	4.654339048770797e-05
5441	4.941212539383137e-05
5442	0
5443	2.9517903322428647e-05
5444	9.367515517478451e-05
5445	2.9325143506464627e-05
5446	6.0205096211338596e-05
5447	4.1503274598851055e-05
5448	2.9325143506464627e-05
5449	2.9325143506464627e-05
5450	3.712823996339562e-05
5451	3.254702814756816e-05
5452	2.9325143506464627e-05
5453	0.00025714193010675416
5454	4.3876811040363203e-05
5455	0
5456	2.9325143506464627e-05
5457	3.134458074922801e-05
5458	0.0001762937190549907
5459	2.9325143506464627e-05
5460	2.9325143506464627e-05
5461	3.7481004599533755e-05
5462	3.5493364082791355e-05
5463	3.5505362110648825e-05
5464	3.4998390377312174e-05
5465	2.9325143506464627e-05
5466	5.276017881167754e-05
5467	2.9325143506464627e-05
5468	5.6258594245599616e-05
5469	2.9325143506464627e-05
5470	7.109695217624826e-05
5471	2.9325143506464627e-05
5472	0
5473	6.802464678848288e-05
5474	5.478460611373805e-05
5475	4.322599978222088e-05
5476	0.0001580427233528664
5477	4.095095166647977e-05
5478	5.4130792475136056e-05
5479	7.428616034673615e-05
5480	0.0002049146009728114
5481	2.9325143506464627e-05
5482	3.960231656105874e-05
5483	4.268866611156604e-05
5484	7.11478643794319e-05
5485	0
5486	0
5487	0.0007456120325954862
5488	4.845471937041453e-05
5489	0.00010829977678378976
5490	7.997947381057422e-05
5491	0
5492	4.365674932325987e-05
5493	2.9325143506464627e-05
5494	2.9325143506464627e-05
5495	3.0158628373089285e-05
5496	2.9325143506464627e-05
5497	3.430241738555162e-05
5498	2.9325143506464627e-05
5499	0
5500	3.210161872599408e-05
5501	4.283727003170829e-05
5502	4.500918573747904e-05
5503	0
5504	6.760405448667107e-05
5505	0.00017372550533196205
5506	2.9325143506464627e-05
5507	5.013428862194833e-05
5508	2.9325143506464627e-05
5509	4.023188537408799e-05
5510	6.648197225342003e-05
5511	5.048329921529849e-05
5512	2.9325143506464627e-05
5513	2.9325143506464627e-05
5514	4.7140515291207645e-05
5515	3.7189662187618343e-05
5516	2.9325143506464627e-05
5517	3.2751383280840556e-05
5518	0
5519	6.594727818969437e-05
5520	3.015871531000254e-05
5521	3.356916301019759e-05
5522	0
5523	5.478460611373805e-05
5524	9.078074202712487e-05
5525	6.957452988576363e-05
5526	0
5527	2.9517903322428647e-05
5528	6.044887959155594e-05
5529	3.134458074922801e-05
5530	5.730543372836842e-05
5531	2.9325143506464627e-05
5532	2.9325143506464627e-05
5533	2.9325143506464627e-05
5534	2.9325143506464627e-05
5535	3.015871531000254e-05
5536	2.9325143506464627e-05
5537	6.141622367617789e-05
5538	2.9325143506464627e-05
5539	2.9325143506464627e-05
5540	2.9325143506464627e-05
5541	4.5857133374975294e-05
5542	5.2595127290026136e-05
5543	2.9325143506464627e-05
5544	4.096058828524825e-05
5545	4.729517274082618e-05
5546	2.9325143506464627e-05
5547	4.181928199434718e-05
5548	2.9325143506464627e-05
5549	3.3526825399141577e-05
5550	6.615306721145446e-05
5551	5.1543374551949214e-05
5552	8.492437163581747e-05
5553	3.181482298315242e-05
5554	4.925470852219352e-05
5555	5.478460611373805e-05
5556	0.0001027479468779157
5557	6.34437806919232e-05
5558	4.350647300002496e-05
5559	3.456514462357949e-05
5560	2.9325143506464627e-05
5561	2.9325143506464627e-05
5562	2.9325143506464627e-05
5563	5.9025817241406714e-05
5564	3.249832141287079e-05
5565	4.2081196600911636e-05
5566	0.00013980411490500057
5567	0
5568	2.9325143506464627e-05
5569	2.9325143506464627e-05
5570	6.710479765069884e-05
5571	2.9325143506464627e-05
5572	5.710320817759976e-05
5573	4.2963093647410066e-05
5574	2.9325143506464627e-05
5575	4.122999596892326e-05
5576	5.246115389060214e-05
5577	2.9325143506464627e-05
5578	0
5579	2.9325143506464627e-05
5580	0
5581	2.9325143506464627e-05
5582	0
5583	0
5584	3.726345790137223e-05
5585	0
5586	3.485879463486089e-05
5587	2.9325143506464627e-05
5588	3.901888280016016e-05
5589	2.9325143506464627e-05
5590	2.9325143506464627e-05
5591	3.54765662979896e-05
5592	2.9325143506464627e-05
5593	4.8063080470780386e-05
5594	3.7568193257386084e-05
5595	3.491433460290874e-05
5596	3.008287382956194e-05
5597	2.9815109721675706e-05
5598	3.373110265768615e-05
5599	3.0133704274525882e-05
5600	3.557424014359825e-05
5601	3.8594153785928555e-05
5602	2.9325143506464627e-05
5603	4.22250681246184e-05
5604	6.095787587033954e-05
5605	0
5606	4.2266288571677694e-05
5607	3.399722685017037e-05
5608	3.659805060845664e-05
5609	4.096058828524825e-05
5610	0
5611	3.170745331914329e-05
5612	3.642152562179091e-05
5613	4.729962372885702e-05
5614	5.367277118753008e-05
5615	5.413829199794465e-05
5616	2.957502627622228e-05
5617	0
5618	0
5619	3.947027236676885e-05
5620	5.5979305613947405e-05
5621	0
5622	2.9325143506464627e-05
5623	2.9325143506464627e-05
5624	2.9325143506464627e-05
5625	4.891583384770754e-05
5626	0
5627	2.9325143506464627e-05
5628	4.7125818984688545e-05
5629	2.9325143506464627e-05
5630	0.00010072167478146994
5631	2.9325143506464627e-05
5632	2.9325143506464627e-05
5633	5.208951430674701e-05
5634	3.1966096621440915e-05
5635	4.413937830663715e-05
5636	0.00010760161241568223
5637	3.823357760470034e-05
5638	5.478460611373805e-05
5639	8.587017718359308e-05
5640	5.478460611373805e-05
5641	4.6207583041670146e-05
5642	5.593863044330315e-05
5643	2.9325143506464627e-05
5644	6.682552978998323e-05
5645	7.322912176251209e-05
5646	2.9325143506464627e-05
5647	6.488501486643011e-05
5648	4.2059937667541355e-05
5649	2.9325143506464627e-05
5650	6.525336026364648e-05
5651	3.065023617205159e-05
5652	3.127593937597624e-05
5653	3.168815669179671e-05
5654	6.222771058122712e-05
5655	5.177476816786515e-05
5656	0.0003616583569004196
5657	0
5658	3.3601913903002624e-05
5659	3.463694930594738e-05
5660	2.9325143506464627e-05
5661	2.9325143506464627e-05
5662	2.9325143506464627e-05
5663	0
5664	5.478460611373805e-05
5665	0
5666	2.9325143506464627e-05
5667	3.765456916505299e-05
5668	3.053611385221324e-05
5669	0
5670	0
5671	4.0581920751564575e-05
5672	2.9325143506464627e-05
5673	4.3557842205535214e-05
5674	3.0515061457691538e-05
5675	0
5676	2.9325143506464627e-05
5677	0
5678	2.9325143506464627e-05
5679	5.23492069786498e-05
5680	2.9325143506464627e-05
5681	5.959381493568693e-05
5682	2.9325143506464627e-05
5683	2.9325143506464627e-05
5684	3.4925999791849647e-05
5685	8.790053925098924e-05
5686	4.7777550966354415e-05
5687	0.00011339063223390967
5688	2.9325143506464627e-05
5689	0
5690	4.181928199434718e-05
5691	3.352238001659638e-05
5692	3.56038266996928e-05
5693	4.918300337100076e-05
5694	2.9325143506464627e-05
5695	4.181928199434718e-05
5696	4.349349978333143e-05
5697	4.7321293849381374e-05
5698	2.9325143506464627e-05
5699	0
5700	5.14382472464288e-05
5701	5.268271499873454e-05
5702	2.9517903322428647e-05
5703	2.9325143506464627e-05
5704	5.030454785630202e-05
5705	3.5827139338705e-05
5706	3.53494524947805e-05
5707	0
5708	0.00019810613878217667
5709	2.9325143506464627e-05
5710	2.9325143506464627e-05
5711	2.9325143506464627e-05
5712	3.9538562060014274e-05
5713	2.9325143506464627e-05
5714	3.6228749137530864e-05
5715	4.7055043163195704e-05
5716	4.1661302539218436e-05
5717	2.9325143506464627e-05
5718	2.9325143506464627e-05
5719	0
5720	2.9840416303490418e-05
5721	8.336280135895244e-05
5722	0
5723	3.7176420271962954e-05
5724	4.1747204701851964e-05
5725	4.0496447754476074e-05
5726	2.9325143506464627e-05
5727	0
5728	6.364522472126757e-05
5729	5.084026107564228e-05
5730	2.9325143506464627e-05
5731	3.327669272286847e-05
5732	4.4570797634569974e-05
5733	5.202295300231475e-05
5734	0
5735	3.5312399322579055e-05
5736	3.0133704274525882e-05
5737	6.246484139244192e-05
5738	2.9325143506464627e-05
5739	4.146450117172963e-05
5740	2.9325143506464627e-05
5741	3.210161872599408e-05
5742	3.5750914024525245e-05
5743	3.440385910358001e-05
5744	4.278672489400672e-05
5745	3.337095674725433e-05
5746	4.027453611713174e-05
5747	2.9325143506464627e-05
5748	4.3611800392892304e-05
5749	2.9325143506464627e-05
5750	3.274897483229428e-05
5751	0
5752	0
5753	5.6139753620841024e-05
5754	3.4228206178713024e-05
5755	2.9325143506464627e-05
5756	2.9325143506464627e-05
5757	4.299735983183743e-05
5758	3.1141038742040614e-05
5759	2.9325143506464627e-05
5760	2.9325143506464627e-05
5761	8.155284124744136e-05
5762	2.9325143506464627e-05
5763	2.9325143506464627e-05
5764	5.0422580383517985e-05
5765	2.9325143506464627e-05
5766	0.00018228849296601085
5767	2.9325143506464627e-05
5768	2.9325143506464627e-05
5769	0
5770	3.510489886680967e-05
5771	2.9325143506464627e-05
5772	3.36913777448282e-05
5773	3.692669390079535e-05
5774	8.592765423433167e-05
5775	2.9325143506464627e-05
5776	4.880450453634047e-05
5777	6.924402118043649e-05
5778	0
5779	2.9325143506464627e-05
5780	0
5781	5.586058770655302e-05
5782	3.501691770650001e-05
5783	2.9517903322428647e-05
5784	3.041159033149789e-05
5785	0
5786	0
5787	0
5788	2.9325143506464627e-05
5789	3.6636399940031396e-05
5790	3.8491586566657104e-05
5791	5.307290124927927e-05
5792	2.9325143506464627e-05
5793	2.9325143506464627e-05
5794	9.033227591400558e-05
5795	2.9325143506464627e-05
5796	7.450885001380487e-05
5797	2.9325143506464627e-05
5798	3.78585769134156e-05
5799	3.577011308124919e-05
5800	2.9325143506464627e-05
5801	3.0872310730787914e-05
5802	2.9325143506464627e-05
5803	3.387072228676963e-05
5804	2.9325143506464627e-05
5805	0.00010268955253692998
5806	5.048477057407654e-05
5807	0
5808	2.9325143506464627e-05
5809	3.540636227531363e-05
5810	3.804058744605727e-05
5811	0
5812	3.4322798901617645e-05
5813	3.995818731868137e-05
5814	3.586578618882439e-05
5815	5.639502963761357e-05
5816	3.780863255586098e-05
5817	2.9325143506464627e-05
5818	4.959649617463389e-05
5819	0
5820	7.418297330834614e-05
5821	6.885759249646488e-05
5822	5.038242032210714e-05
5823	3.919401429655561e-05
5824	0
5825	7.99129695204649e-05
5826	0.0001116477124831519
5827	2.9815109721675706e-05
5828	3.4322798901617645e-05
5829	0
5830	4.5089881336895034e-05
5831	2.9325143506464627e-05
5832	4.308168897270362e-05
5833	8.12638453970534e-05
5834	3.3329241208918045e-05
5835	2.957502627622228e-05
5836	3.801888649530349e-05
5837	3.9558532595764566e-05
5838	9.024605044018977e-05
5839	3.057161193641822e-05
5840	0
5841	0
5842	4.195303082224697e-05
5843	0.000190556165097972
5844	2.9325143506464627e-05
5845	0.00010533709991504717
5846	6.148232811408753e-05
5847	5.428532201776393e-05
5848	0
5849	3.0133704274525882e-05
5850	3.1634782801434096e-05
5851	4.5899138269722544e-05
5852	0.00014010422402335325
5853	2.9325143506464627e-05
5854	0
5855	8.025237728211968e-05
5856	4.0414886866277495e-05
5857	0
5858	2.9325143506464627e-05
5859	3.765456916505299e-05
5860	0
5861	3.7273472355877896e-05
5862	5.013428862194833e-05
5863	3.402482870202008e-05
5864	0
5865	3.931606692261233e-05
5866	7.592382291066577e-05
5867	2.9325143506464627e-05
5868	2.9325143506464627e-05
5869	3.776225815935662e-05
5870	0
5871	5.366544050760144e-05
5872	3.142085948207559e-05
5873	0
5874	3.0515061457691538e-05
5875	3.968557781316728e-05
5876	0
5877	3.636934797511886e-05
5878	6.362356612704758e-05
5879	3.539039399001771e-05
5880	4.55984258899399e-05
5881	4.272147625676884e-05
5882	2.9325143506464627e-05
5883	0.00013994735653977418
5884	0.00013477162675449168
5885	0
5886	2.9325143506464627e-05
5887	3.071338111622935e-05
5888	2.9325143506464627e-05
5889	3.053611385221324e-05
5890	3.740189956389295e-05
5891	3.774687962120737e-05
5892	6.42970386749359e-05
5893	6.503532340122659e-05
5894	3.756757692722454e-05
5895	4.912672432102833e-05
5896	3.444481402929859e-05
5897	6.278375686888042e-05
5898	2.9325143506464627e-05
5899	4.181928199434718e-05
5900	7.744943086636723e-05
5901	0
5902	6.098517904699021e-05
5903	6.033297346113127e-05
5904	2.9325143506464627e-05
5905	3.337095674725433e-05
5906	0
5907	4.096058828524825e-05
5908	3.463694930594738e-05
5909	6.273765349019993e-05
5910	0
5911	4.0094502270206904e-05
5912	4.0183144811410176e-05
5913	3.601239871705683e-05
5914	0
5915	3.876281039115784e-05
5916	2.9325143506464627e-05
5917	4.714618380999436e-05
5918	2.9325143506464627e-05
5919	5.879466097870667e-05
5920	2.9325143506464627e-05
5921	0
5922	4.068595640890172e-05
5923	2.9325143506464627e-05
5924	6.437799407257808e-05
5925	0
5926	3.695704620778169e-05
5927	3.51458690301313e-05
5928	3.143881355140716e-05
5929	3.1823971204041136e-05
5930	6.322120987611681e-05
5931	2.9325143506464627e-05
5932	0.00019305831284869586
5933	3.860204896360959e-05
5934	2.9325143506464627e-05
5935	3.400350044995987e-05
5936	0
5937	3.067006187718821e-05
5938	4.181928199434718e-05
5939	6.442465448670336e-05
5940	0
5941	0
5942	2.9325143506464627e-05
5943	0.00013584039954022683
5944	5.392990604502729e-05
5945	2.9325143506464627e-05
5946	3.55722127504059e-05
5947	0
5948	2.9325143506464627e-05
5949	2.9325143506464627e-05
5950	3.55722127504059e-05
5951	2.9325143506464627e-05
5952	2.9517903322428647e-05
5953	8.009844346655547e-05
5954	2.9517903322428647e-05
5955	3.839750281493046e-05
5956	0
5957	4.7193502617683496e-05
5958	2.9325143506464627e-05
5959	5.478460611373805e-05
5960	5.0194143239786664e-05
5961	7.396072951903524e-05
5962	2.9325143506464627e-05
5963	9.215584181658801e-05
5964	0.00010015032646295825
5965	2.970693886918774e-05
5966	8.94841498117318e-05
5967	6.74245496533707e-05
5968	6.853827183635845e-05
5969	4.131273101002485e-05
5970	5.719484684448551e-05
5971	2.9325143506464627e-05
5972	2.9325143506464627e-05
5973	0
5974	0
5975	0.00017965827872869528
5976	6.569827926522917e-05
5977	4.967881686035073e-05
5978	4.022132552678256e-05
5979	2.9325143506464627e-05
5980	3.371498501010634e-05
5981	3.3973073254513785e-05
5982	2.9325143506464627e-05
5983	2.9325143506464627e-05
5984	4.4469908998117104e-05
5985	3.399722685017037e-05
5986	2.9325143506464627e-05
5987	2.9325143506464627e-05
5988	2.9325143506464627e-05
5989	3.0133704274525882e-05
5990	3.558870563217446e-05
5991	2.9325143506464627e-05
5992	4.126475170996309e-05
5993	4.893919485846768e-05
5994	3.809927910158595e-05
5995	0.00016086556968289008
5996	3.384226935134247e-05
5997	2.9325143506464627e-05
5998	8.330722231330066e-05
5999	0
6000	5.2145027282398484e-05
6001	3.776231221203909e-05
6002	2.970693886918774e-05
6003	0
6004	2.9325143506464627e-05
6005	4.372212660665682e-05
6006	0
6007	2.9325143506464627e-05
6008	2.9325143506464627e-05
6009	0
6010	2.9325143506464627e-05
6011	2.9325143506464627e-05
6012	4.490590089201208e-05
6013	5.08014546124007e-05
6014	4.848173798619866e-05
6015	2.9325143506464627e-05
6016	3.134458074922801e-05
6017	5.401940840121237e-05
6018	2.9517903322428647e-05
6019	2.9325143506464627e-05
6020	4.726245831359408e-05
6021	8.464832839297553e-05
6022	2.9325143506464627e-05
6023	4.351302085945048e-05
6024	3.666059811732616e-05
6025	0
6026	5.843048074065487e-05
6027	3.614622381357671e-05
6028	2.9511623185388245e-05
6029	3.178467078918321e-05
6030	2.957502627622228e-05
6031	0.0001438961463418817
6032	4.327074818527441e-05
6033	3.695704620778169e-05
6034	3.166263605228403e-05
6035	2.957502627622228e-05
6036	3.503479367380696e-05
6037	5.59866883270408e-05
6038	4.313606705773809e-05
6039	2.9325143506464627e-05
6040	2.9325143506464627e-05
6041	0
6042	0
6043	4.043471581737205e-05
6044	4.632643261116137e-05
6045	4.3934056383620534e-05
6046	3.6202285825783116e-05
6047	2.9325143506464627e-05
6048	0.00010325704247169653
6049	2.9325143506464627e-05
6050	3.55722127504059e-05
6051	3.0131216957295757e-05
6052	2.9325143506464627e-05
6053	2.9517903322428647e-05
6054	5.220178713786955e-05
6055	3.7328723585127185e-05
6056	0.0001407692636403235
6057	4.614567089374013e-05
6058	4.147700900505026e-05
6059	3.0133704274525882e-05
6060	4.43252124236632e-05
6061	0
6062	2.9325143506464627e-05
6063	5.478460611373805e-05
6064	5.478460611373805e-05
6065	6.07930791849076e-05
6066	6.649260446821088e-05
6067	2.9815109721675706e-05
6068	7.507522599304369e-05
6069	2.9325143506464627e-05
6070	9.649155016719351e-05
6071	3.374802429729118e-05
6072	2.9325143506464627e-05
6073	4.999261908107901e-05
6074	5.478460611373805e-05
6075	2.9325143506464627e-05
6076	4.281476362669124e-05
6077	3.8502351627715285e-05
6078	0
6079	2.9325143506464627e-05
6080	2.9325143506464627e-05
6081	3.0286231082455594e-05
6082	5.479413079730084e-05
6083	2.9325143506464627e-05
6084	3.210161872599408e-05
6085	3.6751083013083896e-05
6086	4.172543945069137e-05
6087	0
6088	2.9325143506464627e-05
6089	0
6090	2.9325143506464627e-05
6091	2.9325143506464627e-05
6092	2.9325143506464627e-05
6093	3.041159033149789e-05
6094	4.583980322816684e-05
6095	3.7549189353170624e-05
6096	2.9325143506464627e-05
6097	2.9325143506464627e-05
6098	3.634388229005219e-05
6099	2.9325143506464627e-05
6100	3.159339236814033e-05
6101	3.4247586658856124e-05
6102	5.693146854025946e-05
6103	4.399845907038025e-05
6104	2.9325143506464627e-05
6105	0
6106	2.9325143506464627e-05
6107	4.844413642959861e-05
6108	2.9325143506464627e-05
6109	2.9325143506464627e-05
6110	0
6111	2.9325143506464627e-05
6112	4.418224875656428e-05
6113	8.288028519731022e-05
6114	2.9325143506464627e-05
6115	0
6116	3.73012426133478e-05
6117	5.364946101453912e-05
6118	0.0001622613382224921
6119	2.9325143506464627e-05
6120	2.9325143506464627e-05
6121	3.607157267910161e-05
6122	2.9325143506464627e-05
6123	2.9517903322428647e-05
6124	4.0253749503209986e-05
6125	3.1863783357669066e-05
6126	4.6969361251179555e-05
6127	2.9325143506464627e-05
6128	0
6129	5.3619227559392014e-05
6130	0.0001760587500100114
6131	6.385849256543222e-05
6132	3.204753314067055e-05
6133	3.337095674725433e-05
6134	5.478460611373805e-05
6135	4.6948156434598096e-05
6136	0
6137	0
6138	3.417692550865683e-05
6139	2.9325143506464627e-05
6140	4.302406761382113e-05
6141	2.9325143506464627e-05
6142	2.9325143506464627e-05
6143	6.773417957200107e-05
6144	0.00010268148504101205
6145	2.9325143506464627e-05
6146	3.4085088809192506e-05
6147	4.091064005186983e-05
6148	4.872266884914823e-05
6149	3.206018756689918e-05
6150	3.978727343145726e-05
6151	3.337095674725433e-05
6152	3.185224354827393e-05
6153	3.230377340132833e-05
6154	2.9325143506464627e-05
6155	0
6156	2.9325143506464627e-05
6157	7.436893801745468e-05
6158	2.9325143506464627e-05
6159	2.9325143506464627e-05
6160	3.2430899542739734e-05
6161	2.9325143506464627e-05
6162	2.9325143506464627e-05
6163	2.9325143506464627e-05
6164	3.015808607232346e-05
6165	2.9325143506464627e-05
6166	0
6167	4.27271481511978e-05
6168	0.00016911887462491514
6169	2.9325143506464627e-05
6170	0
6171	2.9325143506464627e-05
6172	2.9325143506464627e-05
6173	2.9325143506464627e-05
6174	2.9325143506464627e-05
6175	2.9325143506464627e-05
6176	3.0874107599657235e-05
6177	3.59496789051752e-05
6178	3.916630601583502e-05
6179	3.348985633575881e-05
6180	3.255537867622442e-05
6181	0.00021019443126540568
6182	3.503006179155559e-05
6183	6.323695860611958e-05
6184	3.191775400376665e-05
6185	2.9325143506464627e-05
6186	3.765456916505299e-05
6187	2.9325143506464627e-05
6188	5.554116555876172e-05
6189	3.1750745483965634e-05
6190	3.6568276825093474e-05
6191	4.0767321897305656e-05
6192	4.912672432102833e-05
6193	2.9325143506464627e-05
6194	6.436524738397654e-05
6195	4.336121581377795e-05
6196	3.09910286381823e-05
6197	3.581813550025945e-05
6198	3.341027345771217e-05
6199	2.9325143506464627e-05
6200	0
6201	4.1757796791997575e-05
6202	5.466165933748689e-05
6203	6.680755897011227e-05
6204	0
6205	2.9325143506464627e-05
6206	3.861191460637473e-05
6207	2.9325143506464627e-05
6208	3.008287382956194e-05
6209	4.1307738411440584e-05
6210	2.9325143506464627e-05
6211	3.6762113252858736e-05
6212	4.287474480717749e-05
6213	5.552493595805778e-05
6214	3.0515061457691538e-05
6215	3.1979497107317786e-05
6216	5.115866585840334e-05
6217	2.9325143506464627e-05
6218	4.181928199434718e-05
6219	3.1178990650998556e-05
6220	3.130227349542168e-05
6221	4.16478457057923e-05
6222	5.476803144618576e-05
6223	5.313102012648973e-05
6224	2.9325143506464627e-05
6225	2.9325143506464627e-05
6226	0
6227	0.0001077908254306098
6228	3.3175006784984744e-05
6229	6.304925137127244e-05
6230	2.9325143506464627e-05
6231	5.6281693726435e-05
6232	0
6233	6.358985505256104e-05
6234	3.4168650620682e-05
6235	0
6236	2.9325143506464627e-05
6237	2.9325143506464627e-05
6238	2.9325143506464627e-05
6239	2.9511623185388245e-05
6240	5.478460611373805e-05
6241	2.9325143506464627e-05
6242	2.9325143506464627e-05
6243	2.9325143506464627e-05
6244	2.9325143506464627e-05
6245	3.753566957654851e-05
6246	3.337095674725433e-05
6247	2.9517903322428647e-05
6248	3.337095674725433e-05
6249	2.9325143506464627e-05
6250	3.998054351251465e-05
6251	9.615962044505793e-05
6252	4.637982217408651e-05
6253	2.9325143506464627e-05
6254	3.5745788612432854e-05
6255	2.9325143506464627e-05
6256	4.9120756715623604e-05
6257	0
6258	4.609478417701038e-05
6259	0
6260	2.9325143506464627e-05
6261	2.9325143506464627e-05
6262	2.9325143506464627e-05
6263	3.406534797670303e-05
6264	2.9325143506464627e-05
6265	0.0001429239101215896
6266	4.658817371460102e-05
6267	9.91164316175193e-05
6268	5.318519131685454e-05
6269	2.9325143506464627e-05
6270	5.819760505675634e-05
6271	2.9325143506464627e-05
6272	6.264284614081808e-05
6273	4.832155691314304e-05
6274	0
6275	2.9325143506464627e-05
6276	2.9325143506464627e-05
6277	6.329163337971543e-05
6278	4.1221083317609075e-05
6279	8.013250065850405e-05
6280	5.11130545443705e-05
6281	3.085274717797165e-05
6282	5.028311202321198e-05
6283	2.9325143506464627e-05
6284	3.134458074922801e-05
6285	2.9325143506464627e-05
6286	4.7386274311296e-05
6287	3.5068942955845355e-05
6288	8.103062327948215e-05
6289	5.478460611373805e-05
6290	4.181928199434718e-05
6291	2.9325143506464627e-05
6292	3.765456916505299e-05
6293	2.9704383001352264e-05
6294	6.178066604202199e-05
6295	2.9325143506464627e-05
6296	4.876533005671708e-05
6297	8.401131478512943e-05
6298	3.8990956103191625e-05
6299	0
6300	0
6301	2.9325143506464627e-05
6302	2.9325143506464627e-05
6303	5.478460611373805e-05
6304	6.938622528289693e-05
6305	3.542800320879672e-05
6306	3.385072415473396e-05
6307	3.2020001317799794e-05
6308	7.202691498167855e-05
6309	2.9325143506464627e-05
6310	2.9325143506464627e-05
6311	3.185224354827393e-05
6312	3.0481141354151063e-05
6313	6.81753187072132e-05
6314	2.9325143506464627e-05
6315	2.957502627622228e-05
6316	0
6317	2.9325143506464627e-05
6318	3.864253076870206e-05
6319	0
6320	0.00012112505381844211
6321	0.00019773486030618057
6322	4.307403120272994e-05
6323	5.446349075209229e-05
6324	3.0286231082455594e-05
6325	4.185562249900084e-05
6326	2.9325143506464627e-05
6327	4.899829759784713e-05
6328	5.478460611373805e-05
6329	7.218089614243419e-05
6330	5.181260942343746e-05
6331	0
6332	5.11130545443705e-05
6333	4.224774661328002e-05
6334	3.269278731061721e-05
6335	6.311403177232642e-05
6336	3.210402717454036e-05
6337	3.591291366763332e-05
6338	3.8650419722700515e-05
6339	3.374611606053423e-05
6340	6.246032835876028e-05
6341	8.728932771147731e-05
6342	3.0862663997953535e-05
6343	3.726345790137223e-05
6344	2.9325143506464627e-05
6345	3.522515334796472e-05
6346	4.776241546835745e-05
6347	2.9325143506464627e-05
6348	0
6349	2.9325143506464627e-05
6350	3.310686701968285e-05
6351	2.9325143506464627e-05
6352	4.5894016869743034e-05
6353	0
6354	3.7812356435195706e-05
6355	3.490485006870892e-05
6356	8.049889546104338e-05
6357	5.278388710737018e-05
6358	3.8389245496454e-05
6359	2.9325143506464627e-05
6360	0.00010026785064330985
6361	3.221675360053042e-05
6362	4.886187420771998e-05
6363	3.274958343960692e-05
6364	5.337752635842176e-05
6365	2.9325143506464627e-05
6366	2.9325143506464627e-05
6367	6.941824323207187e-05
6368	4.0973679404995684e-05
6369	3.4322798901617645e-05
6370	0
6371	3.590301132464151e-05
6372	2.9325143506464627e-05
6373	3.4322798901617645e-05
6374	0
6375	0
6376	2.9325143506464627e-05
6377	2.970693886918774e-05
6378	0
6379	3.895162594624774e-05
6380	2.9325143506464627e-05
6381	2.9325143506464627e-05
6382	3.55722127504059e-05
6383	2.9325143506464627e-05
6384	0
6385	3.934306039501307e-05
6386	2.9325143506464627e-05
6387	5.431342048222973e-05
6388	2.9325143506464627e-05
6389	4.181928199434718e-05
6390	6.59502082262892e-05
6391	4.6743891835766935e-05
6392	5.478460611373805e-05
6393	2.9325143506464627e-05
6394	4.476845305873312e-05
6395	9.234305308795559e-05
6396	0
6397	2.9325143506464627e-05
6398	5.226024575058827e-05
6399	0
6400	2.9325143506464627e-05
6401	2.9325143506464627e-05
6402	6.43785942841527e-05
6403	4.01009558348429e-05
6404	3.284883538818896e-05
6405	2.9325143506464627e-05
6406	3.12948604413776e-05
6407	0
6408	3.298765295361605e-05
6409	3.674683777848773e-05
6410	3.065023617205159e-05
6411	7.565217551250243e-05
6412	2.9325143506464627e-05
6413	4.0283981049880575e-05
6414	2.9325143506464627e-05
6415	0.0001749603682530006
6416	3.169352062385281e-05
6417	5.478460611373805e-05
6418	3.0019262311346992e-05
6419	2.9325143506464627e-05
6420	0
6421	6.28378897087246e-05
6422	2.9325143506464627e-05
6423	4.096161665086775e-05
6424	7.513067964136248e-05
6425	0
6426	2.9325143506464627e-05
6427	3.055624459194175e-05
6428	7.033508741387603e-05
6429	5.478460611373805e-05
6430	3.573013743815688e-05
6431	6.028858400585645e-05
6432	5.985194595039582e-05
6433	0
6434	4.1967384588958e-05
6435	3.1876169331558294e-05
6436	2.957502627622228e-05
6437	2.9325143506464627e-05
6438	5.431342048222973e-05
6439	4.799839984980814e-05
6440	4.564429606859887e-05
6441	4.122999596892326e-05
6442	0.0003792796154398146
6443	4.364816344916488e-05
6444	3.765456916505299e-05
6445	2.957502627622228e-05
6446	4.664167086381582e-05
6447	2.9325143506464627e-05
6448	5.996197845169958e-05
6449	7.451816640675641e-05
6450	6.115432300010167e-05
6451	9.1255450062592e-05
6452	5.6528988113315445e-05
6453	0
6454	4.256733373032162e-05
6455	0
6456	5.208951430674701e-05
6457	0
6458	0
6459	3.345085120759869e-05
6460	2.9517903322428647e-05
6461	0
6462	2.9325143506464627e-05
6463	2.9325143506464627e-05
6464	4.0645715144891786e-05
6465	0
6466	3.59269418136144e-05
6467	4.395092770142233e-05
6468	4.426656333414866e-05
6469	0.00015054733512834332
6470	7.016382386536593e-05
6471	2.9325143506464627e-05
6472	4.220107735707029e-05
6473	0
6474	2.9325143506464627e-05
6475	3.893381085208525e-05
6476	0
6477	3.041159033149789e-05
6478	2.9325143506464627e-05
6479	0
6480	2.9972499612764825e-05
6481	2.9325143506464627e-05
6482	0
6483	2.9325143506464627e-05
6484	0
6485	2.9325143506464627e-05
6486	5.95013952832069e-05
6487	2.9517903322428647e-05
6488	3.1596805049716e-05
6489	4.7087362671266254e-05
6490	5.431342048222973e-05
6491	0
6492	6.176224490343132e-05
6493	5.337835551390066e-05
6494	0.00023029965890313287
6495	3.6342236144381026e-05
6496	2.9325143506464627e-05
6497	2.9325143506464627e-05
6498	6.196395037580655e-05
6499	5.574580713140372e-05
6500	2.9325143506464627e-05
6501	5.472569423426813e-05
6502	2.9325143506464627e-05
6503	2.970693886918774e-05
6504	0
6505	3.956854172567212e-05
6506	0
6507	3.959164770384953e-05
6508	0
6509	0
6510	8.644974625167563e-05
6511	2.993482928791561e-05
6512	2.9325143506464627e-05
6513	5.3521438625626405e-05
6514	3.2077115983798505e-05
6515	2.9325143506464627e-05
6516	2.9325143506464627e-05
6517	3.5861422160536205e-05
6518	4.181928199434718e-05
6519	3.480924992839246e-05
6520	0
6521	5.6075495585440017e-05
6522	4.761919044154893e-05
6523	3.242272801993432e-05
6524	3.298244457018047e-05
6525	6.411112351601818e-05
6526	5.478460611373805e-05
6527	4.05536990714556e-05
6528	0
6529	0
6530	8.382034340536852e-05
6531	4.7140515291207645e-05
6532	6.509450527768803e-05
6533	9.901411731360893e-05
6534	0
6535	2.9325143506464627e-05
6536	2.96539366245668e-05
6537	2.9325143506464627e-05
6538	2.9325143506464627e-05
6539	3.597440128165358e-05
6540	2.9325143506464627e-05
6541	4.479046815523841e-05
6542	0
6543	2.9325143506464627e-05
6544	2.9325143506464627e-05
6545	2.9325143506464627e-05
6546	0
6547	6.72787446016206e-05
6548	0
6549	2.9325143506464627e-05
6550	0.000150550684067588
6551	2.9325143506464627e-05
6552	2.9325143506464627e-05
6553	2.9325143506464627e-05
6554	3.374162707214331e-05
6555	2.9325143506464627e-05
6556	4.6687204243255774e-05
6557	0
6558	2.9325143506464627e-05
6559	0
6560	2.9325143506464627e-05
6561	0
6562	8.988310645883016e-05
6563	3.607453298976625e-05
6564	2.9325143506464627e-05
6565	0
6566	2.9325143506464627e-05
6567	0
6568	3.140749992111172e-05
6569	2.9325143506464627e-05
6570	3.8876525407865766e-05
6571	3.279628275163917e-05
6572	2.9325143506464627e-05
6573	4.4119572088056034e-05
6574	3.472371090096535e-05
6575	3.706110266348977e-05
6576	2.9325143506464627e-05
6577	0
6578	0
6579	6.601629377599572e-05
6580	2.9325143506464627e-05
6581	3.840076949337566e-05
6582	2.9325143506464627e-05
6583	3.284515441735441e-05
6584	7.902916686039757e-05
6585	2.9325143506464627e-05
6586	2.957502627622228e-05
6587	3.201958286934398e-05
6588	2.9325143506464627e-05
6589	0
6590	2.9325143506464627e-05
6591	3.526192564592775e-05
6592	4.186760021747261e-05
6593	0
6594	2.9325143506464627e-05
6595	3.345085120759869e-05
6596	3.6482996789283934e-05
6597	0
6598	4.802126573228534e-05
6599	2.9325143506464627e-05
6600	4.561272279114075e-05
6601	2.9325143506464627e-05
6602	4.078049877101116e-05
6603	2.9325143506464627e-05
6604	2.9325143506464627e-05
6605	0.0001760587500100114
6606	0
6607	0
6608	2.9517903322428647e-05
6609	0.0001760587500100114
6610	0
6611	0
6612	2.9325143506464627e-05
6613	2.9325143506464627e-05
6614	2.9325143506464627e-05
6615	0
6616	0.00021709007782802972
6617	2.9325143506464627e-05
6618	4.676858767198635e-05
6619	2.9325143506464627e-05
6620	3.989901779726081e-05
6621	5.431342048222973e-05
6622	2.9325143506464627e-05
6623	3.314066921650592e-05
6624	2.9325143506464627e-05
6625	2.9325143506464627e-05
6626	3.579923542004481e-05
6627	3.134458074922801e-05
6628	3.09910286381823e-05
6629	0
6630	7.098430820380775e-05
6631	2.9517903322428647e-05
6632	0
6633	0
6634	4.150126752509597e-05
6635	3.244867812843527e-05
6636	2.9325143506464627e-05
6637	5.478460611373805e-05
6638	2.9325143506464627e-05
6639	0
6640	0.000636063110434143
6641	3.183866577463088e-05
6642	3.244867812843527e-05
6643	2.9325143506464627e-05
6644	2.9325143506464627e-05
6645	2.9325143506464627e-05
6646	2.9325143506464627e-05
6647	0
6648	5.478460611373805e-05
6649	0
6650	4.0417810885918e-05
6651	0
6652	9.253673780398052e-05
6653	6.72787446016206e-05
6654	3.0158628373089285e-05
6655	3.629051367792897e-05
6656	0
6657	2.9325143506464627e-05
6658	0
6659	2.9325143506464627e-05
6660	3.0410341785848825e-05
6661	4.144672386720574e-05
6662	2.9325143506464627e-05
6663	4.973857954258881e-05
6664	2.9325143506464627e-05
6665	0.0005065403263107959
6666	3.8618904648405e-05
6667	0
6668	3.244867812843527e-05
6669	2.9325143506464627e-05
6670	5.478460611373805e-05
6671	2.9517903322428647e-05
6672	2.9325143506464627e-05
6673	2.9325143506464627e-05
6674	0
6675	5.568553393010331e-05
6676	5.6303975743128954e-05
6677	3.2919821965922356e-05
6678	4.044791541042043e-05
6679	5.208951430674701e-05
6680	3.0410341785848825e-05
6681	2.9325143506464627e-05
6682	2.9325143506464627e-05
6683	2.9325143506464627e-05
6684	2.9325143506464627e-05
6685	0
6686	2.9325143506464627e-05
6687	3.140749992111172e-05
6688	0
6689	2.9325143506464627e-05
6690	2.9325143506464627e-05
6691	5.2439935058438926e-05
6692	4.987214724329507e-05
6693	0.00010113372746718782
6694	6.300339938867792e-05
6695	3.612430237031046e-05
6696	0
6697	3.3140356519243914e-05
6698	0
6699	0
6700	0
6701	0
6702	3.765456916505299e-05
6703	4.461978417064661e-05
6704	2.9325143506464627e-05
6705	0
6706	6.482230182999355e-05
6707	3.175832641725053e-05
6708	0
6709	4.634314934987405e-05
6710	4.1487998019289686e-05
6711	7.000787615104937e-05
6712	3.55722127504059e-05
6713	3.5134033911102014e-05
6714	5.5761139350105873e-05
6715	0
6716	0
6717	4.138507374800253e-05
6718	3.7192784081754316e-05
6719	9.351960754255306e-05
6720	6.0119636645444e-05
6721	3.765456916505299e-05
6722	2.9325143506464627e-05
6723	6.051121818344051e-05
6724	4.6572949470787705e-05
6725	2.9325143506464627e-05
6726	5.4904635587577227e-05
6727	5.478460611373805e-05
6728	7.712642129410528e-05
6729	5.5899798881796464e-05
6730	5.391197189147057e-05
6731	3.244867812843527e-05
6732	2.9325143506464627e-05
6733	0
6734	2.9325143506464627e-05
6735	2.9325143506464627e-05
6736	5.208951430674701e-05
6737	2.9325143506464627e-05
6738	7.823531313953127e-05
6739	3.135838573750259e-05
6740	2.9517903322428647e-05
6741	0
6742	3.8904991456319915e-05
6743	2.9325143506464627e-05
6744	5.478685251336896e-05
6745	3.53494524947805e-05
6746	7.107392055006135e-05
6747	4.786728305822486e-05
6748	3.041159033149789e-05
6749	3.73277143572545e-05
6750	0
6751	3.053611385221324e-05
6752	4.096058828524825e-05
6753	2.9325143506464627e-05
6754	2.9325143506464627e-05
6755	3.2232355159248445e-05
6756	3.062131265268613e-05
6757	2.9325143506464627e-05
6758	0
6759	2.9325143506464627e-05
6760	6.0003055556333196e-05
6761	2.9325143506464627e-05
6762	2.9325143506464627e-05
6763	6.676888659485009e-05
6764	2.9325143506464627e-05
6765	0
6766	9.976250601780808e-05
6767	2.9325143506464627e-05
6768	5.4508813031729927e-05
6769	4.3858257380640495e-05
6770	5.624423966310609e-05
6771	0
6772	3.3778912115467134e-05
6773	5.478460611373805e-05
6774	3.242272801993432e-05
6775	2.9511623185388245e-05
6776	2.9517903322428647e-05
6777	2.9846696440530813e-05
6778	3.296818668876991e-05
6779	2.9325143506464627e-05
6780	2.9325143506464627e-05
6781	2.9325143506464627e-05
6782	3.206704111247259e-05
6783	3.465303931127818e-05
6784	4.5923087601862234e-05
6785	6.465113053446829e-05
6786	4.76124300407379e-05
6787	0
6788	3.55722127504059e-05
6789	2.9325143506464627e-05
6790	4.4915961161914815e-05
6791	3.484006431684304e-05
6792	0
6793	4.585251998025604e-05
6794	0.00010526664479949231
6795	0
6796	3.55540416596515e-05
6797	2.957502627622228e-05
6798	4.181928199434718e-05
6799	0
6800	3.789255275529838e-05
6801	8.817661759259136e-05
6802	2.9325143506464627e-05
6803	0.0001164457499037815
6804	2.9517903322428647e-05
6805	3.8898620737553256e-05
6806	5.16864206243154e-05
6807	8.8681550085806e-05
6808	3.4752127865564845e-05
6809	4.770405875870652e-05
6810	5.478460611373805e-05
6811	0.00010133703896376948
6812	3.4264425709753855e-05
6813	3.268568143545377e-05
6814	0
6815	6.48417735506423e-05
6816	7.203699340898363e-05
6817	2.9325143506464627e-05
6818	4.4512867390423786e-05
6819	3.218076522614429e-05
6820	0
6821	6.456693537718611e-05
6822	2.9325143506464627e-05
6823	0
6824	3.0874107599657235e-05
6825	5.671739744164131e-05
6826	0
6827	0
6828	2.9325143506464627e-05
6829	0
6830	4.2086599070291824e-05
6831	3.96567211763616e-05
6832	3.2474441084326935e-05
6833	2.9325143506464627e-05
6834	3.529586093875567e-05
6835	2.9325143506464627e-05
6836	2.9325143506464627e-05
6837	0
6838	2.9325143506464627e-05
6839	2.9325143506464627e-05
6840	0
6841	0
6842	3.912411933290702e-05
6843	4.037666981835968e-05
6844	3.424340859101271e-05
6845	3.937438500002745e-05
6846	0
6847	0.0001749603682530006
6848	2.9325143506464627e-05
6849	2.9325143506464627e-05
6850	0.0001749603682530006
6851	4.0496377020546855e-05
6852	2.9325143506464627e-05
6853	5.7493798975441295e-05
6854	5.097729705538023e-05
6855	3.230377340132833e-05
6856	2.9325143506464627e-05
6857	5.478460611373805e-05
6858	5.0836188734930014e-05
6859	2.9325143506464627e-05
6860	2.9325143506464627e-05
6861	3.477359543615109e-05
6862	3.980867186093842e-05
6863	2.9325143506464627e-05
6864	0
6865	0
6866	4.649118486455749e-05
6867	2.9325143506464627e-05
6868	3.134458074922801e-05
6869	2.9325143506464627e-05
6870	2.9325143506464627e-05
6871	4.1265799533498624e-05
6872	2.9325143506464627e-05
6873	5.11130545443705e-05
6874	2.9325143506464627e-05
6875	4.096058828524825e-05
6876	9.012821694775296e-05
6877	9.991513899575659e-05
6878	0.0002894342563101398
6879	4.1406715514143455e-05
6880	0
6881	0
6882	3.345085120759869e-05
6883	2.9325143506464627e-05
6884	4.6816937389500196e-05
6885	0.00010835088936982063
6886	2.9325143506464627e-05
6887	0
6888	6.272292050864565e-05
6889	2.9325143506464627e-05
6890	2.9325143506464627e-05
6891	0
6892	3.244867812843527e-05
6893	0.0001749603682530006
6894	2.9325143506464627e-05
6895	0
6896	2.9767786092186294e-05
6897	2.9325143506464627e-05
6898	2.9325143506464627e-05
6899	4.181928199434718e-05
6900	6.123489829981259e-05
6901	5.431342048222973e-05
6902	2.9325143506464627e-05
6903	3.36647774162084e-05
6904	3.218076522614429e-05
6905	3.687415903486464e-05
6906	4.598399482364136e-05
6907	3.621894541384232e-05
6908	5.478460611373805e-05
6909	0
6910	9.848320165338287e-05
6911	4.226393092024384e-05
6912	5.868780738483257e-05
6913	0
6914	6.16000955971812e-05
6915	5.7244474490719e-05
6916	2.9325143506464627e-05
6917	0
6918	2.9325143506464627e-05
6919	5.202046943107864e-05
6920	5.11130545443705e-05
6921	5.480647657170161e-05
6922	2.9325143506464627e-05
6923	0
6924	3.989901779726081e-05
6925	0
6926	0
6927	2.957502627622228e-05
6928	3.768126392215684e-05
6929	0
6930	6.649390373212406e-05
6931	3.5265033800967933e-05
6932	3.0019262311346992e-05
6933	2.9325143506464627e-05
6934	0
6935	5.478460611373805e-05
6936	6.902211620178899e-05
6937	5.314470269603525e-05
6938	3.4322798901617645e-05
6939	0
6940	4.6816482874770036e-05
6941	3.338234158663733e-05
6942	3.4598097561863654e-05
6943	2.9325143506464627e-05
6944	0
6945	5.309463282895608e-05
6946	3.2476375493654947e-05
6947	4.181928199434718e-05
6948	2.9325143506464627e-05
6949	2.957502627622228e-05
6950	2.9325143506464627e-05
6951	0
6952	8.810230874809151e-05
6953	6.272292050864565e-05
6954	8.736094487566903e-05
6955	2.9325143506464627e-05
6956	0
6957	3.750848585514383e-05
6958	0
6959	3.839750281493046e-05
6960	3.82310038927668e-05
6961	2.9325143506464627e-05
6962	7.117781492632655e-05
6963	8.917085712712347e-05
6964	0
6965	0
6966	2.9325143506464627e-05
6967	0
6968	2.9325143506464627e-05
6969	3.337095674725433e-05
6970	2.9325143506464627e-05
6971	2.9325143506464627e-05
6972	2.9325143506464627e-05
6973	5.462902297634151e-05
6974	2.9325143506464627e-05
6975	2.9325143506464627e-05
6976	4.8223438558127905e-05
6977	7.145984460559231e-05
6978	4.735148487948788e-05
6979	3.421856558864543e-05
6980	3.6632349882814864e-05
6981	0
6982	0
6983	3.099624851290998e-05
6984	0
6985	0
6986	0.0001749603682530006
6987	0
6988	3.348985633575881e-05
6989	5.478460611373805e-05
6990	3.255537867622442e-05
6991	2.9325143506464627e-05
6992	6.017993779721344e-05
6993	0.0001749603682530006
6994	2.9325143506464627e-05
6995	3.53494524947805e-05
6996	5.478460611373805e-05
6997	5.608688041568888e-05
6998	0
6999	2.9325143506464627e-05
7000	3.7127477017270904e-05
7001	5.437997853294852e-05
7002	4.125667120367721e-05
7003	2.996595549403852e-05
7004	3.337095674725433e-05
7005	2.9325143506464627e-05
7006	5.2221908212259725e-05
7007	5.478460611373805e-05
7008	4.4987552875844256e-05
7009	2.9517903322428647e-05
7010	4.122999596892326e-05
7011	0
7012	2.9325143506464627e-05
7013	2.9325143506464627e-05
7014	2.9325143506464627e-05
7015	2.9325143506464627e-05
7016	2.9325143506464627e-05
7017	0.00012424881672358777
7018	0
7019	2.9325143506464627e-05
7020	3.600086734414724e-05
7021	3.9926230708304366e-05
7022	0
7023	0
7024	0
7025	2.9325143506464627e-05
7026	2.9325143506464627e-05
7027	9.226702157738569e-05
7028	3.5137854256595426e-05
7029	2.9325143506464627e-05
7030	3.896790129653202e-05
7031	2.9325143506464627e-05
7032	0.00017714558004543331
7033	0
7034	3.492816720498551e-05
7035	2.9325143506464627e-05
7036	4.096058828524825e-05
7037	0.00012145493002006182
7038	0
7039	0
7040	3.707517351074285e-05
7041	5.536627464011146e-05
7042	3.531398283582351e-05
7043	2.9325143506464627e-05
7044	4.1126677831322876e-05
7045	0.0002672930664728572
7046	3.521493912146501e-05
7047	3.750099141917902e-05
7048	0
7049	0
7050	2.9325143506464627e-05
7051	4.797925300501639e-05
7052	2.9325143506464627e-05
7053	2.9325143506464627e-05
7054	0
7055	3.50388401269272e-05
7056	3.750848585514383e-05
7057	3.134458074922801e-05
7058	0
7059	2.9325143506464627e-05
7060	5.431342048222973e-05
7061	3.1296480473706956e-05
7062	2.9325143506464627e-05
7063	0
7064	5.478460611373805e-05
7065	9.779514495091663e-05
7066	5.0877866826856714e-05
7067	2.9325143506464627e-05
7068	0.00010717591557516351
7069	2.9325143506464627e-05
7070	7.768252305394973e-05
7071	0
7072	0
7073	3.0403290777170937e-05
7074	0.00012750785377877233
7075	5.583252837075671e-05
7076	0
7077	3.768126392215684e-05
7078	3.289489736014535e-05
7079	4.5171220000371014e-05
7080	0
7081	3.0131216957295757e-05
7082	4.365674932325987e-05
7083	4.8422532456234734e-05
7084	3.0640315978873314e-05
7085	2.9325143506464627e-05
7086	4.181928199434718e-05
7087	0
7088	7.991970896343657e-05
7089	3.1178990650998556e-05
7090	0.00010593701474684212
7091	0
7092	2.9325143506464627e-05
7093	3.97094679737246e-05
7094	2.9325143506464627e-05
7095	3.106878570973054e-05
7096	2.9325143506464627e-05
7097	2.9325143506464627e-05
7098	3.140749992111172e-05
7099	5.492120856293177e-05
7100	4.7384056735513035e-05
7101	3.07719420079564e-05
7102	0
7103	7.762638941398194e-05
7104	3.370345812820661e-05
7105	0.00030562922092983364
7106	0
7107	2.9325143506464627e-05
7108	4.582281967467565e-05
7109	4.2623856688832844e-05
7110	0
7111	2.9325143506464627e-05
7112	3.7560295611702014e-05
7113	4.181928199434718e-05
7114	2.9325143506464627e-05
7115	2.957502627622228e-05
7116	6.221356604863128e-05
7117	3.041159033149789e-05
7118	0
7119	2.9325143506464627e-05
7120	3.130227349542168e-05
7121	2.9325143506464627e-05
7122	2.9325143506464627e-05
7123	5.2006271606119976e-05
7124	0.00010072994242988724
7125	4.181928199434718e-05
7126	2.9511623185388245e-05
7127	3.267548432686396e-05
7128	3.134458074922801e-05
7129	0
7130	5.431342048222973e-05
7131	3.041159033149789e-05
7132	2.9325143506464627e-05
7133	4.8963953101336886e-05
7134	3.836902388488141e-05
7135	0
7136	6.062056548845843e-05
7137	4.616346528837422e-05
7138	2.9325143506464627e-05
7139	0
7140	3.451628748154956e-05
7141	2.957502627622228e-05
7142	3.385355379757851e-05
7143	2.9325143506464627e-05
7144	3.989901779726081e-05
7145	2.9517903322428647e-05
7146	2.9325143506464627e-05
7147	2.9325143506464627e-05
7148	2.9965868557125272e-05
7149	0
7150	0
7151	2.9325143506464627e-05
7152	3.6863089983561356e-05
7153	2.9325143506464627e-05
7154	6.381595831106041e-05
7155	5.431342048222973e-05
7156	3.765456916505299e-05
7157	2.9325143506464627e-05
7158	4.1221083317609075e-05
7159	5.177476816786515e-05
7160	0
7161	5.478460611373805e-05
7162	2.9325143506464627e-05
7163	0
7164	0
7165	7.920700125592775e-05
7166	5.3091122663214584e-05
7167	3.765456916505299e-05
7168	2.9325143506464627e-05
7169	2.9325143506464627e-05
7170	3.0286231082455594e-05
7171	2.9325143506464627e-05
7172	2.9325143506464627e-05
7173	0.00010973026108429639
7174	2.9325143506464627e-05
7175	3.008287382956194e-05
7176	3.765456916505299e-05
7177	3.854661377020742e-05
7178	2.9325143506464627e-05
7179	6.356859106350937e-05
7180	6.728524685227243e-05
7181	2.9840416303490418e-05
7182	2.9325143506464627e-05
7183	3.417692550865683e-05
7184	3.0410341785848825e-05
7185	0
7186	3.150018149847416e-05
7187	4.21174086204067e-05
7188	4.151564001595082e-05
7189	2.9325143506464627e-05
7190	4.561814973175997e-05
7191	2.9325143506464627e-05
7192	3.73012426133478e-05
7193	2.9325143506464627e-05
7194	0
7195	5.431342048222973e-05
7196	2.9325143506464627e-05
7197	2.9325143506464627e-05
7198	2.9325143506464627e-05
7199	2.9325143506464627e-05
7200	2.9325143506464627e-05
7201	4.181928199434718e-05
7202	3.4493862796003056e-05
7203	4.384896140175449e-05
7204	2.9325143506464627e-05
7205	2.9325143506464627e-05
7206	3.1141038742040614e-05
7207	4.579596706723491e-05
7208	2.9325143506464627e-05
7209	8.809070736853308e-05
7210	3.55818695410153e-05
7211	3.2651181552866466e-05
7212	2.9325143506464627e-05
7213	6.089133560845131e-05
7214	0
7215	4.758038511616928e-05
7216	3.135929406872917e-05
7217	3.069305003868236e-05
7218	0
7219	4.283727003170829e-05
7220	0
7221	2.9325143506464627e-05
7222	2.9325143506464627e-05
7223	2.9325143506464627e-05
7224	2.9325143506464627e-05
7225	3.041159033149789e-05
7226	5.431342048222973e-05
7227	0
7228	2.9325143506464627e-05
7229	3.268568143545377e-05
7230	2.9325143506464627e-05
7231	0
7232	4.252498746808115e-05
7233	2.9325143506464627e-05
7234	2.9325143506464627e-05
7235	3.320980327660732e-05
7236	2.9325143506464627e-05
7237	5.060607020816436e-05
7238	2.9325143506464627e-05
7239	0.00011625475149722614
7240	0
7241	2.9325143506464627e-05
7242	0
7243	2.9325143506464627e-05
7244	7.630361619781908e-05
7245	3.1182771025160575e-05
7246	7.279844125101228e-05
7247	2.9325143506464627e-05
7248	2.9325143506464627e-05
7249	2.9325143506464627e-05
7250	0
7251	0
7252	6.852691401324434e-05
7253	0
7254	2.9325143506464627e-05
7255	3.726345790137223e-05
7256	4.244401233784118e-05
7257	4.104015397261606e-05
7258	3.230377340132833e-05
7259	4.980590574054657e-05
7260	5.595481255279403e-05
7261	3.348985633575881e-05
7262	2.9325143506464627e-05
7263	3.0286231082455594e-05
7264	2.9325143506464627e-05
7265	4.8509525571299215e-05
7266	0
7267	0
7268	2.9325143506464627e-05
7269	2.9325143506464627e-05
7270	2.9517903322428647e-05
7271	2.9325143506464627e-05
7272	3.890701835783221e-05
7273	2.9325143506464627e-05
7274	4.7475456832136236e-05
7275	2.993482928791561e-05
7276	0
7277	3.765456916505299e-05
7278	5.014870765293554e-05
7279	3.737385285819727e-05
7280	2.9325143506464627e-05
7281	0
7282	0.00010871880276475633
7283	2.9325143506464627e-05
7284	8.36977514036211e-05
7285	0
7286	0
7287	3.800497155004196e-05
7288	0.00017585344188698657
7289	8.041758740649638e-05
7290	2.9325143506464627e-05
7291	2.9325143506464627e-05
7292	3.249576212955908e-05
7293	2.9325143506464627e-05
7294	2.9325143506464627e-05
7295	2.9325143506464627e-05
7296	2.9325143506464627e-05
7297	2.9325143506464627e-05
7298	2.9325143506464627e-05
7299	2.9325143506464627e-05
7300	2.9325143506464627e-05
7301	0
7302	2.9325143506464627e-05
7303	2.9325143506464627e-05
7304	0
7305	3.978225714037257e-05
7306	2.9325143506464627e-05
7307	3.5212860177649474e-05
7308	2.9325143506464627e-05
7309	3.209299470754453e-05
7310	0
7311	5.431342048222973e-05
7312	0.0001795245343874016
7313	2.9325143506464627e-05
7314	3.089115597228296e-05
7315	0
7316	0
7317	3.1247318658446554e-05
7318	0
7319	3.8476703080954366e-05
7320	0
7321	2.993482928791561e-05
7322	2.9325143506464627e-05
7323	3.825859587815012e-05
7324	2.9325143506464627e-05
7325	4.487562480660262e-05
7326	2.9325143506464627e-05
7327	3.913997166734953e-05
7328	3.831460860196084e-05
7329	4.3569992114721346e-05
7330	2.9325143506464627e-05
7331	5.4926849946451953e-05
7332	0
7333	5.1130746761539365e-05
7334	2.9325143506464627e-05
7335	2.9325143506464627e-05
7336	4.4107776833588785e-05
7337	0
7338	0
7339	4.169306311633301e-05
7340	3.2556818934796764e-05
7341	2.9325143506464627e-05
7342	3.2968562229350594e-05
7343	2.9325143506464627e-05
7344	2.9325143506464627e-05
7345	8.342686036500877e-05
7346	3.071213441369348e-05
7347	0
7348	0
7349	2.9517903322428647e-05
7350	4.0412347188138155e-05
7351	3.726345790137223e-05
7352	7.719252105099726e-05
7353	2.9325143506464627e-05
7354	0.00011233651663872253
7355	0
7356	3.2251704508892434e-05
7357	3.1776146750499e-05
7358	4.885075553457416e-05
7359	2.9325143506464627e-05
7360	4.238950255632694e-05
7361	4.292768675040382e-05
7362	0
7363	2.9325143506464627e-05
7364	5.838395800668678e-05
7365	7.722989107933547e-05
7366	4.253399367799039e-05
7367	0
7368	2.9325143506464627e-05
7369	0.0001023053756127626
7370	2.9325143506464627e-05
7371	3.0515061457691538e-05
7372	2.9325143506464627e-05
7373	5.571348239410141e-05
7374	2.9325143506464627e-05
7375	0
7376	3.55722127504059e-05
7377	0
7378	0
7379	3.768889578170498e-05
7380	3.6572103936681915e-05
7381	0
7382	0
7383	0
7384	0
7385	3.768126392215684e-05
7386	3.5064364807450485e-05
7387	2.9325143506464627e-05
7388	2.9325143506464627e-05
7389	2.9325143506464627e-05
7390	2.9325143506464627e-05
7391	2.9325143506464627e-05
7392	2.9325143506464627e-05
7393	3.2659753221636694e-05
7394	2.96539366245668e-05
7395	6.277736772838772e-05
7396	3.0460974278090316e-05
7397	2.9325143506464627e-05
7398	0
7399	3.4321356889072364e-05
7400	2.9325143506464627e-05
7401	3.1968063190813553e-05
7402	3.235221313770475e-05
7403	2.9325143506464627e-05
7404	4.706632859427398e-05
7405	3.0131216957295757e-05
7406	2.9972499612764825e-05
7407	0
7408	5.478460611373805e-05
7409	6.19989937744086e-05
7410	2.9325143506464627e-05
7411	2.9325143506464627e-05
7412	0
7413	2.9325143506464627e-05
7414	0
7415	5.062746294057765e-05
7416	2.9325143506464627e-05
7417	3.089115597228296e-05
7418	0
7419	8.699561432382468e-05
7420	2.9325143506464627e-05
7421	2.9325143506464627e-05
7422	2.970693886918774e-05
7423	0
7424	4.883866686841446e-05
7425	0
7426	0
7427	3.588622100843898e-05
7428	3.765456916505299e-05
7429	5.431342048222973e-05
7430	4.5747821678449674e-05
7431	0
7432	2.9325143506464627e-05
7433	5.322089451316656e-05
7434	2.9325143506464627e-05
7435	3.130278024926901e-05
7436	2.9325143506464627e-05
7437	3.6237329743921836e-05
7438	0
7439	2.9325143506464627e-05
7440	0
7441	0
7442	5.319182448576353e-05
7443	4.026897434583164e-05
7444	0
7445	3.1270056304831075e-05
7446	6.444882091607941e-05
7447	0
7448	7.858966518433475e-05
7449	4.181928199434718e-05
7450	6.152545739495318e-05
7451	3.348985633575881e-05
7452	4.30881788508647e-05
7453	3.268568143545377e-05
7454	2.9511623185388245e-05
7455	2.9325143506464627e-05
7456	0
7457	0.0001545545469107034
7458	4.85292984617216e-05
7459	2.9325143506464627e-05
7460	2.9325143506464627e-05
7461	0
7462	0
7463	2.9325143506464627e-05
7464	0
7465	5.11130545443705e-05
7466	3.6733915576629224e-05
7467	4.2897826167841454e-05
7468	3.462852665418844e-05
7469	2.9325143506464627e-05
7470	0
7471	3.086635189524959e-05
7472	0
7473	0
7474	0
7475	2.9325143506464627e-05
7476	3.218076522614429e-05
7477	0
7478	2.9325143506464627e-05
7479	5.563128494393624e-05
7480	2.9325143506464627e-05
7481	2.9325143506464627e-05
7482	5.1208360117354646e-05
7483	5.5228167843765274e-05
7484	3.99156394418089e-05
7485	2.96539366245668e-05
7486	0
7487	3.752429181784794e-05
7488	3.1155786508352176e-05
7489	5.8727735309955016e-05
7490	3.5745788612432854e-05
7491	0
7492	7.581990834477922e-05
7493	3.089115597228296e-05
7494	0
7495	0
7496	0
7497	4.159207898956194e-05
7498	3.129188948636731e-05
7499	0
7500	3.242272801993432e-05
7501	0
7502	0
7503	2.9325143506464627e-05
7504	0.0001911420598915046
7505	0
7506	2.9325143506464627e-05
7507	5.3429752920093e-05
7508	4.181928199434718e-05
7509	0
7510	0.00010099872582352815
7511	0
7512	4.697577027724502e-05
7513	2.9325143506464627e-05
7514	0
7515	3.884430760696428e-05
7516	2.9325143506464627e-05
7517	2.9325143506464627e-05
7518	3.0640315978873314e-05
7519	4.3509175224650104e-05
7520	4.122999596892326e-05
7521	3.124091140793995e-05
7522	0
7523	4.181928199434718e-05
7524	5.841437069637825e-05
7525	0
7526	0
7527	2.9325143506464627e-05
7528	2.9325143506464627e-05
7529	3.6902446737437773e-05
7530	3.008287382956194e-05
7531	5.931107587738275e-05
7532	2.9325143506464627e-05
7533	2.9325143506464627e-05
7534	2.9325143506464627e-05
7535	0
7536	2.9325143506464627e-05
7537	2.9325143506464627e-05
7538	0
7539	5.682003960723435e-05
7540	0
7541	2.9325143506464627e-05
7542	0
7543	2.9325143506464627e-05
7544	0
7545	3.752230306236022e-05
7546	2.9325143506464627e-05
7547	2.9325143506464627e-05
7548	4.509956491053695e-05
7549	6.592502272098888e-05
7550	6.944448121350362e-05
7551	2.9325143506464627e-05
7552	2.9325143506464627e-05
7553	5.9029512168238396e-05
7554	4.177282702819683e-05
7555	3.253999273137491e-05
7556	0
7557	3.0515061457691538e-05
7558	0
7559	0
7560	0
7561	7.262667231861753e-05
7562	3.170745331914329e-05
7563	0
7564	2.9325143506464627e-05
7565	0
7566	8.81631325804111e-05
7567	0
7568	2.9325143506464627e-05
7569	4.141988215809497e-05
7570	5.478460611373805e-05
7571	2.9325143506464627e-05
7572	2.9325143506464627e-05
7573	3.6237329743921836e-05
7574	6.72787446016206e-05
7575	2.9325143506464627e-05
7576	3.32855254970198e-05
7577	0
7578	0.00016554289094475002
7579	2.9325143506464627e-05
7580	0
7581	4.723709764285317e-05
7582	7.418777349463629e-05
7583	2.9325143506464627e-05
7584	2.9325143506464627e-05
7585	0
7586	0
7587	0
7588	2.996595549403852e-05
7589	0
7590	3.592559463873247e-05
7591	0
7592	2.957502627622228e-05
7593	2.9325143506464627e-05
7594	2.9325143506464627e-05
7595	0
7596	0
7597	2.957502627622228e-05
7598	0
7599	0
7600	2.9325143506464627e-05
7601	0
7602	2.9325143506464627e-05
7603	3.940188494722767e-05
7604	0
7605	4.1556196829117715e-05
7606	0
7607	4.947955114713923e-05
7608	2.9325143506464627e-05
7609	4.365674932325987e-05
7610	4.181928199434718e-05
7611	5.393377816660111e-05
7612	0
7613	2.9325143506464627e-05
7614	2.9325143506464627e-05
7615	3.351966902764713e-05
7616	0
7617	0
7618	4.846601588382185e-05
7619	0
7620	2.9325143506464627e-05
7621	0
7622	2.9325143506464627e-05
7623	2.9325143506464627e-05
7624	2.9325143506464627e-05
7625	0.00012619583086777362
7626	8.378406875917347e-05
7627	7.229984577179714e-05
7628	2.9325143506464627e-05
7629	0
7630	5.431342048222973e-05
7631	5.478460611373805e-05
7632	3.244867812843527e-05
7633	3.09910286381823e-05
7634	3.4322798901617645e-05
7635	3.1247318658446554e-05
7636	2.9325143506464627e-05
7637	2.9325143506464627e-05
7638	3.5455303464224824e-05
7639	0
7640	3.599718294241006e-05
7641	5.144957546580685e-05
7642	2.96539366245668e-05
7643	5.0269073044443875e-05
7644	2.9325143506464627e-05
7645	0
7646	0
7647	2.9325143506464627e-05
7648	3.55818695410153e-05
7649	2.9325143506464627e-05
7650	2.9325143506464627e-05
7651	0
7652	5.478460611373805e-05
7653	5.478460611373805e-05
7654	3.894267759705613e-05
7655	0
7656	3.6017416860251915e-05
7657	0
7658	0.0003201165947664797
7659	4.236504277265735e-05
7660	0
7661	2.9517903322428647e-05
7662	2.9325143506464627e-05
7663	2.9325143506464627e-05
7664	2.9325143506464627e-05
7665	3.1823971204041136e-05
7666	0
7667	4.5998224352661485e-05
7668	7.08551866718241e-05
7669	4.7475456832136236e-05
7670	2.9325143506464627e-05
7671	4.2086599070291824e-05
7672	3.74923387992488e-05
7673	7.27683270291105e-05
7674	2.9325143506464627e-05
7675	2.9325143506464627e-05
7676	0
7677	0
7678	4.181928199434718e-05
7679	0
7680	3.4138562681478774e-05
7681	0
7682	0.0001760587500100114
7683	3.944891469304289e-05
7684	2.9325143506464627e-05
7685	4.0282836638637016e-05
7686	4.220861689449469e-05
7687	6.302796532135211e-05
7688	0
7689	2.9325143506464627e-05
7690	3.244867812843527e-05
7691	0
7692	5.931107587738275e-05
7693	2.9325143506464627e-05
7694	0
7695	6.154126808686271e-05
7696	3.1823971204041136e-05
7697	0
7698	4.235254551403742e-05
7699	2.96539366245668e-05
7700	4.3218984679819865e-05
7701	0
7702	4.944377170474076e-05
7703	3.841229948815031e-05
7704	2.9325143506464627e-05
7705	2.9325143506464627e-05
7706	3.0515061457691538e-05
7707	3.626719873145445e-05
7708	0
7709	0
7710	0
7711	7.807333522751768e-05
7712	6.291278118216951e-05
7713	9.815786439547213e-05
7714	2.9325143506464627e-05
7715	8.051643538657678e-05
7716	0
7717	2.9325143506464627e-05
7718	5.3091122663214584e-05
7719	3.3153095050570854e-05
7720	4.611218750735638e-05
7721	3.5959957678891104e-05
7722	3.00627438170769e-05
7723	6.15057374442716e-05
7724	0
7725	4.166727419060004e-05
7726	4.181928199434718e-05
7727	5.55750395693497e-05
7728	0.0008140845459543762
7729	2.9325143506464627e-05
7730	0
7731	4.884710725869873e-05
7732	2.9325143506464627e-05
7733	2.9325143506464627e-05
7734	2.9325143506464627e-05
7735	0
7736	0
7737	2.9325143506464627e-05
7738	2.9325143506464627e-05
7739	0
7740	3.726345790137223e-05
7741	4.729887793753202e-05
7742	6.374494560728797e-05
7743	2.9325143506464627e-05
7744	5.302168467948712e-05
7745	3.4644779938122396e-05
7746	2.9325143506464627e-05
7747	0
7748	2.9325143506464627e-05
7749	3.432273886143055e-05
7750	0
7751	4.151564001595082e-05
7752	2.9325143506464627e-05
7753	2.9325143506464627e-05
7754	0
7755	3.09910286381823e-05
7756	2.9325143506464627e-05
7757	7.270217503755553e-05
7758	2.9325143506464627e-05
7759	3.244867812843527e-05
7760	2.9325143506464627e-05
7761	4.4352888646264584e-05
7762	5.8458058650408466e-05
7763	2.9325143506464627e-05
7764	5.527264932032063e-05
7765	7.056682756659124e-05
7766	0
7767	3.140749992111172e-05
7768	2.9325143506464627e-05
7769	2.9325143506464627e-05
7770	3.913855249242533e-05
7771	2.9325143506464627e-05
7772	2.9325143506464627e-05
7773	2.9325143506464627e-05
7774	2.9517903322428647e-05
7775	0
7776	2.9325143506464627e-05
7777	6.390757178176692e-05
7778	2.9325143506464627e-05
7779	3.2182215289740406e-05
7780	3.726345790137223e-05
7781	5.478460611373805e-05
7782	3.5538059092501547e-05
7783	3.53494524947805e-05
7784	3.4040011878599496e-05
7785	0
7786	4.5326179761599594e-05
7787	2.9325143506464627e-05
7788	5.153926336475285e-05
7789	2.9325143506464627e-05
7790	0
7791	7.86495473699509e-05
7792	2.9325143506464627e-05
7793	3.55722127504059e-05
7794	2.9325143506464627e-05
7795	0
7796	0
7797	2.9325143506464627e-05
7798	2.9325143506464627e-05
7799	0
7800	4.096058828524825e-05
7801	0
7802	2.9325143506464627e-05
7803	3.55722127504059e-05
7804	5.502355273460945e-05
7805	0
7806	9.366809511699818e-05
7807	3.848751173091183e-05
7808	5.408665247284092e-05
7809	5.11130545443705e-05
7810	2.9325143506464627e-05
7811	2.9325143506464627e-05
7812	2.9325143506464627e-05
7813	3.4873510853857835e-05
7814	2.9325143506464627e-05
7815	4.122999596892326e-05
7816	2.9325143506464627e-05
7817	2.9325143506464627e-05
7818	2.9325143506464627e-05
7819	2.9325143506464627e-05
7820	2.9517903322428647e-05
7821	0
7822	3.55722127504059e-05
7823	2.9325143506464627e-05
7824	2.9325143506464627e-05
7825	3.841462741687496e-05
7826	3.314066921650592e-05
7827	6.43232399635453e-05
7828	3.218076522614429e-05
7829	3.337095674725433e-05
7830	4.5986598615603284e-05
7831	3.8096693526582594e-05
7832	2.9325143506464627e-05
7833	2.9325143506464627e-05
7834	0
7835	4.5795306294207714e-05
7836	2.9325143506464627e-05
7837	2.9325143506464627e-05
7838	0
7839	3.140749992111172e-05
7840	0.00018839251852079567
7841	3.935284974210981e-05
7842	2.9325143506464627e-05
7843	0
7844	2.9325143506464627e-05
7845	0.0002697129699024496
7846	2.9325143506464627e-05
7847	3.1596805049716e-05
7848	4.387487931506843e-05
7849	2.9325143506464627e-05
7850	0
7851	7.933740141480171e-05
7852	3.8967852743904625e-05
7853	2.9325143506464627e-05
7854	3.55722127504059e-05
7855	8.280605362221688e-05
7856	2.9325143506464627e-05
7857	5.14382472464288e-05
7858	2.96539366245668e-05
7859	3.498090993457714e-05
7860	3.750848585514383e-05
7861	0
7862	5.478460611373805e-05
7863	0
7864	0
7865	0
7866	2.9325143506464627e-05
7867	0.0001944323299710714
7868	7.441104162519209e-05
7869	3.0286231082455594e-05
7870	2.9325143506464627e-05
7871	2.9325143506464627e-05
7872	2.957502627622228e-05
7873	0
7874	2.9325143506464627e-05
7875	0
7876	2.9325143506464627e-05
7877	6.0615162864611244e-05
7878	5.565339037865502e-05
7879	0
7880	2.9325143506464627e-05
7881	2.9325143506464627e-05
7882	3.345085120759869e-05
7883	0
7884	2.9325143506464627e-05
7885	3.1823971204041136e-05
7886	3.109870554509737e-05
7887	3.204753314067055e-05
7888	3.7010716798643505e-05
7889	2.9325143506464627e-05
7890	0
7891	2.9325143506464627e-05
7892	4.433983989049881e-05
7893	4.598399482364136e-05
7894	6.040181982454408e-05
7895	0
7896	2.9325143506464627e-05
7897	3.3942349286191334e-05
7898	5.478460611373805e-05
7899	2.9325143506464627e-05
7900	4.122999596892326e-05
7901	2.9325143506464627e-05
7902	7.183413502083332e-05
7903	2.9325143506464627e-05
7904	0
7905	4.449242571544782e-05
7906	5.354712896152123e-05
7907	6.628491434905917e-05
7908	2.9325143506464627e-05
7909	2.9325143506464627e-05
7910	4.471248649781728e-05
7911	0
7912	2.9325143506464627e-05
7913	0.00015515932692301973
7914	4.365674932325987e-05
7915	2.9325143506464627e-05
7916	3.134458074922801e-05
7917	2.9325143506464627e-05
7918	0
7919	2.9325143506464627e-05
7920	2.9325143506464627e-05
7921	3.140749992111172e-05
7922	2.9325143506464627e-05
7923	4.7769353593961405e-05
7924	0.00012602592895680646
7925	4.912211007947238e-05
7926	2.9325143506464627e-05
7927	0
7928	4.1818847791621036e-05
7929	2.9325143506464627e-05
7930	5.3091122663214584e-05
7931	0
7932	5.478460611373805e-05
7933	2.9511623185388245e-05
7934	2.9325143506464627e-05
7935	2.9325143506464627e-05
7936	3.9948850314363156e-05
7937	2.9325143506464627e-05
7938	2.9325143506464627e-05
7939	3.610776494026886e-05
7940	5.070972672170391e-05
7941	0
7942	0.0001749603682530006
7943	0.0001749603682530006
7944	5.16864206243154e-05
7945	0
7946	6.545468924016318e-05
7947	2.9325143506464627e-05
7948	4.151564001595082e-05
7949	9.709245416455908e-05
7950	4.808080306694633e-05
7951	7.307790515007977e-05
7952	2.9325143506464627e-05
7953	0
7954	2.9325143506464627e-05
7955	2.9325143506464627e-05
7956	3.712095768688305e-05
7957	6.32036179376258e-05
7958	4.122999596892326e-05
7959	2.9325143506464627e-05
7960	5.1221499809545994e-05
7961	4.55160734851212e-05
7962	4.096058828524825e-05
7963	2.9325143506464627e-05
7964	3.953154772848869e-05
7965	4.064420992174007e-05
7966	0
7967	2.9325143506464627e-05
7968	0
7969	5.714878590642743e-05
7970	0
7971	2.9325143506464627e-05
7972	0
7973	2.9325143506464627e-05
7974	0.0001749603682530006
7975	0
7976	3.1823971204041136e-05
7977	2.9325143506464627e-05
7978	2.9325143506464627e-05
7979	4.2409985332680756e-05
7980	4.117953314167803e-05
7981	4.151564001595082e-05
7982	2.9325143506464627e-05
7983	7.177919957127855e-05
7984	3.0019262311346992e-05
7985	2.9325143506464627e-05
7986	2.9325143506464627e-05
7987	3.303211408765977e-05
7988	3.350630018209355e-05
7989	2.9325143506464627e-05
7990	2.9325143506464627e-05
7991	3.765456916505299e-05
7992	0
7993	2.9325143506464627e-05
7994	2.9325143506464627e-05
7995	0
7996	0
7997	0
7998	0
7999	3.041159033149789e-05
8000	0
8001	2.9325143506464627e-05
8002	6.72787446016206e-05
8003	5.431342048222973e-05
8004	3.686589840626048e-05
8005	2.9325143506464627e-05
8006	2.9325143506464627e-05
8007	2.96539366245668e-05
8008	2.9325143506464627e-05
8009	0
8010	5.478460611373805e-05
8011	2.9325143506464627e-05
8012	4.365674932325987e-05
8013	3.975196729019407e-05
8014	2.9517903322428647e-05
8015	0
8016	3.394040719306419e-05
8017	2.970693886918774e-05
8018	2.9325143506464627e-05
8019	0.00017965827872869528
8020	3.758625922912717e-05
8021	5.431342048222973e-05
8022	5.7746854991680705e-05
8023	2.9325143506464627e-05
8024	4.592125816021809e-05
8025	5.478460611373805e-05
8026	0
8027	4.195930662456106e-05
8028	0
8029	3.0515061457691538e-05
8030	0.00010526664479949231
8031	2.9325143506464627e-05
8032	4.300171220504217e-05
8033	0
8034	6.454140556275252e-05
8035	2.9511623185388245e-05
8036	2.957502627622228e-05
8037	2.9325143506464627e-05
8038	3.734502956690629e-05
8039	2.9325143506464627e-05
8040	2.9325143506464627e-05
8041	0
8042	2.9325143506464627e-05
8043	3.09910286381823e-05
8044	4.096058828524825e-05
8045	5.510853717298028e-05
8046	4.213348555034349e-05
8047	0
8048	5.313317765524533e-05
8049	3.3682863103589054e-05
8050	0
8051	2.9325143506464627e-05
8052	0
8053	2.9325143506464627e-05
8054	2.9325143506464627e-05
8055	5.587518779321505e-05
8056	0
8057	3.218076522614429e-05
8058	0
8059	0
8060	2.9325143506464627e-05
8061	0
8062	2.9325143506464627e-05
8063	0
8064	2.9325143506464627e-05
8065	2.9325143506464627e-05
8066	2.9325143506464627e-05
8067	8.473180415410156e-05
8068	2.9325143506464627e-05
8069	2.9517903322428647e-05
8070	6.294118747929751e-05
8071	2.9325143506464627e-05
8072	0
8073	0
8074	2.9325143506464627e-05
8075	0
8076	3.1776146750499e-05
8077	7.169669674271593e-05
8078	3.491137749493764e-05
8079	5.363097472453467e-05
8080	0
8081	0
8082	0
8083	0
8084	2.9325143506464627e-05
8085	3.750848585514383e-05
8086	2.9325143506464627e-05
8087	4.048716969452973e-05
8088	0
8089	0
8090	2.9325143506464627e-05
8091	3.440385910358001e-05
8092	0
8093	3.563103975038551e-05
8094	3.695787465656896e-05
8095	0
8096	0
8097	0
8098	4.061908315985571e-05
8099	0
8100	2.9325143506464627e-05
8101	3.9390317308387614e-05
8102	0
8103	5.135762750621322e-05
8104	2.9325143506464627e-05
8105	0
8106	0
8107	2.9325143506464627e-05
8108	0
8109	3.1596805049716e-05
8110	0
8111	3.7127477017270904e-05
8112	2.9517903322428647e-05
8113	4.350617784534135e-05
8114	2.9325143506464627e-05
8115	2.9325143506464627e-05
8116	2.9325143506464627e-05
8117	2.9325143506464627e-05
8118	5.431342048222973e-05
8119	0
8120	0
8121	4.117034783279472e-05
8122	0
8123	2.9325143506464627e-05
8124	3.072520541833631e-05
8125	2.96539366245668e-05
8126	6.601316167872902e-05
8127	0
8128	2.9325143506464627e-05
8129	3.310358601030044e-05
8130	4.096058828524825e-05
8131	2.9325143506464627e-05
8132	0
8133	4.794617175036406e-05
8134	0
8135	5.431342048222973e-05
8136	0
8137	8.568631577011152e-05
8138	2.9325143506464627e-05
8139	5.099453401176563e-05
8140	4.0396466771060955e-05
8141	4.181928199434718e-05
8142	0
8143	0
8144	0
8145	3.150018149847416e-05
8146	0
8147	0
8148	0
8149	4.0509510482625295e-05
8150	5.142886619454696e-05
8151	0
8152	0.00010428997443375994
8153	0
8154	2.9325143506464627e-05
8155	3.4168650620682e-05
8156	2.9325143506464627e-05
8157	2.9325143506464627e-05
8158	3.053611385221324e-05
8159	7.492399980148756e-05
8160	0
8161	2.9325143506464627e-05
8162	2.9325143506464627e-05
8163	5.7200829175414664e-05
8164	5.5267233170620335e-05
8165	2.9325143506464627e-05
8166	0
8167	2.9325143506464627e-05
8168	0
8169	2.9517903322428647e-05
8170	3.9245861509925364e-05
8171	4.159652173872177e-05
8172	4.248929749787137e-05
8173	0.0001147474504035514
8174	2.9325143506464627e-05
8175	0
8176	2.9325143506464627e-05
8177	0
8178	3.1876169331558294e-05
8179	0
8180	0
8181	0
8182	4.151564001595082e-05
8183	0
8184	3.989901779726081e-05
8185	0
8186	5.68959126047964e-05
8187	2.9325143506464627e-05
8188	4.1126677831322876e-05
8189	4.6792715357701544e-05
8190	0
8191	2.9325143506464627e-05
8192	2.9325143506464627e-05
8193	4.510240493465386e-05
8194	3.209299470754453e-05
8195	0
8196	2.9325143506464627e-05
8197	0
8198	2.9325143506464627e-05
8199	2.9779475815114903e-05
8200	8.80533093281043e-05
8201	3.726345790137223e-05
8202	0
8203	0
8204	3.167697984280055e-05
8205	0
8206	4.002238928302998e-05
8207	2.9325143506464627e-05
8208	0
8209	4.4043542494026506e-05
8210	0
8211	0
8212	2.9325143506464627e-05
8213	2.9325143506464627e-05
8214	0
8215	0
8216	0
8217	2.9325143506464627e-05
8218	0
8219	0
8220	2.9325143506464627e-05
8221	0
8222	0
8223	2.9325143506464627e-05
8224	2.9325143506464627e-05
8225	5.478460611373805e-05
8226	4.973796809210887e-05
8227	3.750848585514383e-05
8228	2.9325143506464627e-05
8229	0
8230	2.9325143506464627e-05
8231	0
8232	3.8599010444610476e-05
8233	2.9325143506464627e-05
8234	2.9325143506464627e-05
8235	2.9325143506464627e-05
8236	3.088691081744995e-05
8237	2.9325143506464627e-05
8238	3.244867812843527e-05
8239	0
8240	2.9325143506464627e-05
8241	6.350074988470098e-05
8242	0
8243	2.9325143506464627e-05
8244	2.9325143506464627e-05
8245	2.9325143506464627e-05
8246	4.151564001595082e-05
8247	2.9325143506464627e-05
8248	0
8249	3.140749992111172e-05
8250	5.11130545443705e-05
8251	0
8252	0
8253	0
8254	2.9965868557125272e-05
8255	3.337095674725433e-05
8256	0
8257	0
8258	0
8259	2.9325143506464627e-05
8260	0.00010995374236597068
8261	4.003476953835373e-05
8262	4.096058828524825e-05
8263	2.9517903322428647e-05
8264	3.768126392215684e-05
8265	0
8266	2.9325143506464627e-05
8267	5.743222506768237e-05
8268	0
8269	4.8736445695153915e-05
8270	0.007070873169470726
8271	3.765456916505299e-05
8272	4.1972318989838833e-05
8273	2.9325143506464627e-05
8274	2.9325143506464627e-05
8275	0.00011352899121445082
8276	2.9325143506464627e-05
8277	2.9325143506464627e-05
8278	2.9325143506464627e-05
8279	8.103062327948215e-05
8280	0
8281	0.0001529029325990722
8282	0
8283	0
8284	0
8285	3.887744493958979e-05
8286	2.9325143506464627e-05
8287	0
8288	0
8289	2.9325143506464627e-05
8290	4.1231700690870315e-05
8291	9.479875798209393e-05
8292	2.9325143506464627e-05
8293	2.9325143506464627e-05
8294	2.9325143506464627e-05
8295	2.9325143506464627e-05
8296	0
8297	2.9325143506464627e-05
8298	0
8299	3.4322798901617645e-05
8300	0
8301	2.9325143506464627e-05
8302	0
8303	2.9325143506464627e-05
8304	0
8305	2.9325143506464627e-05
8306	0.0001749603682530006
8307	0
8308	2.9325143506464627e-05
8309	0
8310	0.00011932883766273455
8311	0.00019006079478201928
8312	2.9325143506464627e-05
8313	4.075931396095198e-05
8314	2.9325143506464627e-05
8315	3.625447206060454e-05
8316	2.9325143506464627e-05
8317	2.9325143506464627e-05
8318	5.388882803226215e-05
8319	0
8320	3.647314480592296e-05
8321	4.0161097525284666e-05
8322	3.541418337523708e-05
8323	2.9325143506464627e-05
8324	0
8325	2.9325143506464627e-05
8326	3.0133704274525882e-05
8327	0
8328	0
8329	2.9325143506464627e-05
8330	3.1141038742040614e-05
8331	5.431342048222973e-05
8332	0
8333	0
8334	0
8335	2.9325143506464627e-05
8336	7.740857261695281e-05
8337	0
8338	3.4322798901617645e-05
8339	0
8340	2.9325143506464627e-05
8341	6.374161107710123e-05
8342	3.318451136809519e-05
8343	0
8344	2.9325143506464627e-05
8345	0.0001760471982884225
8346	3.8636395772350663e-05
8347	4.9952702866017204e-05
8348	0
8349	3.370625973217928e-05
8350	0
8351	2.9325143506464627e-05
8352	7.217271768247691e-05
8353	5.4528171090348476e-05
8354	4.0720106621296336e-05
8355	0
8356	2.9325143506464627e-05
8357	0
8358	0
8359	5.478460611373805e-05
8360	2.9325143506464627e-05
8361	0
8362	2.9325143506464627e-05
8363	0
8364	0
8365	2.96539366245668e-05
8366	3.4228206178713024e-05
8367	3.289489736014535e-05
8368	0
8369	2.9325143506464627e-05
8370	6.744152479014676e-05
8371	2.9325143506464627e-05
8372	2.9325143506464627e-05
8373	2.9325143506464627e-05
8374	7.18556957328931e-05
8375	0
8376	3.3609102048347714e-05
8377	2.9325143506464627e-05
8378	0.00012197027657812253
8379	0
8380	0
8381	3.0286231082455594e-05
8382	3.4322798901617645e-05
8383	2.9325143506464627e-05
8384	3.244867812843527e-05
8385	3.348985633575881e-05
8386	0
8387	0.00010732154284990302
8388	0
8389	0
8390	2.9325143506464627e-05
8391	2.9325143506464627e-05
8392	2.9325143506464627e-05
8393	3.784049080437813e-05
8394	2.9325143506464627e-05
8395	2.9325143506464627e-05
8396	4.521111242259983e-05
8397	0
8398	0
8399	2.9325143506464627e-05
8400	2.9325143506464627e-05
8401	2.9325143506464627e-05
8402	0
8403	0
8404	0
8405	2.9325143506464627e-05
8406	2.9325143506464627e-05
8407	0
8408	0
8409	2.9325143506464627e-05
8410	5.742800813643735e-05
8411	2.9325143506464627e-05
8412	2.9325143506464627e-05
8413	2.9325143506464627e-05
8414	5.132230446822931e-05
8415	3.728323827488962e-05
8416	8.317979427213249e-05
8417	2.9325143506464627e-05
8418	4.647562380186772e-05
8419	4.096256629114607e-05
8420	0
8421	5.73257400991029e-05
8422	2.9325143506464627e-05
8423	5.819237400907909e-05
8424	2.9325143506464627e-05
8425	2.9325143506464627e-05
8426	3.444910401796064e-05
8427	3.259885798747038e-05
8428	2.9325143506464627e-05
8429	3.490594201084886e-05
8430	0
8431	2.9325143506464627e-05
8432	2.9325143506464627e-05
8433	3.4322798901617645e-05
8434	2.9325143506464627e-05
8435	0
8436	0
8437	3.0131216957295757e-05
8438	0
8439	4.332282948728039e-05
8440	0
8441	2.9325143506464627e-05
8442	6.070447607057468e-05
8443	3.140749992111172e-05
8444	2.957502627622228e-05
8445	2.9325143506464627e-05
8446	6.976252476862414e-05
8447	2.96539366245668e-05
8448	5.144957546580685e-05
8449	7.295264100385e-05
8450	2.9325143506464627e-05
8451	2.9325143506464627e-05
8452	2.9325143506464627e-05
8453	3.665865957543917e-05
8454	2.9325143506464627e-05
8455	4.761505809829428e-05
8456	5.2406847104222535e-05
8457	4.181928199434718e-05
8458	2.9325143506464627e-05
8459	8.075456912074504e-05
8460	2.96539366245668e-05
8461	0
8462	2.9325143506464627e-05
8463	4.6606122782143414e-05
8464	2.9325143506464627e-05
8465	7.63176299011832e-05
8466	2.9325143506464627e-05
8467	0
8468	0
8469	2.96539366245668e-05
8470	3.0106027161957287e-05
8471	2.9325143506464627e-05
8472	0
8473	0
8474	2.9325143506464627e-05
8475	2.9325143506464627e-05
8476	2.9325143506464627e-05
8477	2.9325143506464627e-05
8478	3.9325113939074735e-05
8479	5.905624402800103e-05
8480	2.9325143506464627e-05
8481	2.9325143506464627e-05
8482	0
8483	2.9325143506464627e-05
8484	3.342756958060422e-05
8485	2.9325143506464627e-05
8486	2.9325143506464627e-05
8487	7.885513662325262e-05
8488	0
8489	0.00017714558004543331
8490	2.9325143506464627e-05
8491	5.208951430674701e-05
8492	4.730299813100081e-05
8493	3.704155589228428e-05
8494	2.9325143506464627e-05
8495	0
8496	7.241671751311704e-05
8497	0
8498	4.927741879958884e-05
8499	3.4168650620682e-05
8500	2.9325143506464627e-05
8501	4.709074632739299e-05
8502	2.9325143506464627e-05
8503	0
8504	2.9325143506464627e-05
8505	4.365674932325987e-05
8506	2.9325143506464627e-05
8507	0
8508	2.9325143506464627e-05
8509	0
8510	2.9325143506464627e-05
8511	5.478460611373805e-05
8512	0
8513	2.9325143506464627e-05
8514	2.9325143506464627e-05
8515	0
8516	4.434209526370017e-05
8517	2.9325143506464627e-05
8518	2.9325143506464627e-05
8519	2.9325143506464627e-05
8520	4.261065497251192e-05
8521	0
8522	3.09910286381823e-05
8523	2.9325143506464627e-05
8524	2.9325143506464627e-05
8525	2.9325143506464627e-05
8526	3.828775653297321e-05
8527	4.321934390621885e-05
8528	9.369789660954215e-05
8529	8.775957763545065e-05
8530	2.9325143506464627e-05
8531	7.056817796405898e-05
8532	4.6368222447044645e-05
8533	0
8534	0
8535	0
8536	2.9325143506464627e-05
8537	0
8538	3.1823971204041136e-05
8539	0
8540	0
8541	0
8542	3.648059841825167e-05
8543	2.9325143506464627e-05
8544	2.9325143506464627e-05
8545	4.709074632739299e-05
8546	2.9325143506464627e-05
8547	2.9325143506464627e-05
8548	0
8549	0
8550	0
8551	0
8552	8.165932817506212e-05
8553	3.9926230708304366e-05
8554	0
8555	2.9325143506464627e-05
8556	3.521493912146501e-05
8557	2.9325143506464627e-05
8558	3.008287382956194e-05
8559	2.9325143506464627e-05
8560	2.9325143506464627e-05
8561	0
8562	0
8563	0
8564	0
8565	0.00011410975348208764
8566	0
8567	5.3852834184444006e-05
8568	2.9325143506464627e-05
8569	0
8570	2.9325143506464627e-05
8571	2.9325143506464627e-05
8572	2.9325143506464627e-05
8573	0
8574	0
8575	6.822309850170423e-05
8576	3.015871531000254e-05
8577	0
8578	2.9325143506464627e-05
8579	0.00013441432608984774
8580	2.9325143506464627e-05
8581	2.9325143506464627e-05
8582	2.9325143506464627e-05
8583	0
8584	0
8585	2.9325143506464627e-05
8586	0
8587	3.765456916505299e-05
8588	4.931277461472114e-05
8589	7.034358891207376e-05
8590	2.9325143506464627e-05
8591	0
8592	0
8593	0
8594	6.0465623136331e-05
8595	2.9325143506464627e-05
8596	0
8597	5.8478133311523914e-05
8598	0
8599	3.55722127504059e-05
8600	3.0019262311346992e-05
8601	2.970693886918774e-05
8602	6.322255189801053e-05
8603	0
8604	0.00022367724248718412
8605	7.069501176384333e-05
8606	0
8607	2.9325143506464627e-05
8608	5.246115389060214e-05
8609	4.151564001595082e-05
8610	5.171690526948153e-05
8611	3.0217581969884812e-05
8612	5.478460611373805e-05
8613	0
8614	0
8615	5.478460611373805e-05
8616	2.9325143506464627e-05
8617	0
8618	2.9325143506464627e-05
8619	2.970693886918774e-05
8620	2.9325143506464627e-05
8621	0
8623	3.143881355140716e-05
8624	2.96539366245668e-05
8625	2.9325143506464627e-05
8627	0
8629	2.9704383001352264e-05
8630	2.9325143506464627e-05
8631	2.9325143506464627e-05
8632	0.0002750947706531384
8633	3.504243190862862e-05
8634	4.042020673613904e-05
8635	7.840218028051594e-05
8636	3.970355952356847e-05
8637	3.695157651702586e-05
8638	2.9325143506464627e-05
8639	0
8640	2.9517903322428647e-05
8641	0.000128292741697873
8642	3.634388229005219e-05
8643	7.872460991576633e-05
8644	8.114162500058662e-05
8645	4.4470725948367994e-05
8646	0.0015062358877814435
8647	5.489162072712309e-05
8648	4.5673589568153833e-05
8649	2.9325143506464627e-05
8650	0.0003043073906044628
8651	8.458725350729721e-05
8652	4.6425622364245396e-05
8653	0.009864403166824492
8654	3.4179149950881396e-05
8655	5.140213470070287e-05
8656	5.882600422664582e-05
8657	2.9325143506464627e-05
8658	0
8659	6.335828143238609e-05
8660	8.510147641125411e-05
8661	2.9325143506464627e-05
8662	3.09910286381823e-05
8663	3.6400754972373955e-05
8664	0.00010182388399127416
8665	0.0010841487144309168
8666	3.7073644709749856e-05
8667	2.9325143506464627e-05
8668	3.784254276048551e-05
8669	4.1394080225300894e-05
8670	0.0018597762922474628
8671	0.00016753931575379154
8672	9.982330414482277e-05
8673	2.9325143506464627e-05
8674	0
8675	3.73012426133478e-05
8676	3.900712733075705e-05
8677	2.9325143506464627e-05
8678	3.374802429729118e-05
8679	2.9325143506464627e-05
8680	2.9325143506464627e-05
8681	4.894077478437357e-05
8682	5.891944246060137e-05
8683	4.147164337186451e-05
8684	0.00013109679196996073
8685	3.508805381796001e-05
8686	3.386621781776059e-05
8687	0.0003615369229064872
8688	0.001276202396483245
8689	2.9704383001352264e-05
8690	5.931005256347592e-05
8691	5.6771982660724346e-05
8692	4.1168904580670056e-05
8693	3.014100197052744e-05
8694	4.9469864982922775e-05
8695	2.9325143506464627e-05
8696	5.41115259060827e-05
8697	2.9325143506464627e-05
8698	3.6266450107869374e-05
8699	4.395114511508256e-05
8700	8.58686195412893e-05
8701	8.42030742251487e-05
8702	5.5179185704327636e-05
8703	2.96539366245668e-05
8704	0.00020524099474736887
8705	0.000296520889299443
8706	0
8707	3.576165856579896e-05
8708	0
8709	7.357689753682542e-05
8710	2.9325143506464627e-05
8711	3.9666646585917657e-05
8712	2.9325143506464627e-05
8713	3.337095674725433e-05
8714	6.853827183635845e-05
8715	5.1680401890823273e-05
8716	2.9325143506464627e-05
8717	0.00021629866818962423
8718	3.387400225474727e-05
8719	3.1823971204041136e-05
8720	0.0002593444769300229
8721	4.815539233327563e-05
8722	3.471067356512606e-05
8723	4.181928199434718e-05
8724	2.9325143506464627e-05
8725	2.9325143506464627e-05
8726	4.312566525963861e-05
8727	5.991427676761475e-05
8728	8.137109711048967e-05
8729	6.568934891737306e-05
8730	4.3212012988812736e-05
8731	4.383871923711055e-05
8732	6.968168166679513e-05
8733	3.210402717454036e-05
8734	5.484646389437257e-05
8735	4.127414122651492e-05
8736	2.9325143506464627e-05
8737	6.025649658948225e-05
8738	0.0001009535422917175
8739	0.00011278568214237226
8740	3.6202961461988106e-05
8741	0.0002713484467029247
8742	2.9325143506464627e-05
8743	2.9325143506464627e-05
8744	4.315859097269662e-05
8745	2.9325143506464627e-05
8746	4.02873435145058e-05
8747	2.9325143506464627e-05
8748	3.1000707396637254e-05
8749	2.9325143506464627e-05
8750	0.0001876644613851329
8751	4.623095029100331e-05
8752	2.9325143506464627e-05
8753	2.9325143506464627e-05
8754	0.00011599025281207637
8755	4.194052212251465e-05
8756	4.441931093976836e-05
8757	2.9325143506464627e-05
8758	3.750848585514383e-05
8759	0.0007011409977130849
8760	2.9325143506464627e-05
8761	3.756757692722454e-05
8762	2.9325143506464627e-05
8763	6.390789766059626e-05
8764	3.5831842031194346e-05
8765	5.225669293785998e-05
8766	2.9325143506464627e-05
8767	0
8768	6.061960540781156e-05
8769	3.765456916505299e-05
8770	5.026827050423103e-05
8771	3.144768653894281e-05
8772	2.957502627622228e-05
8773	6.602360736277886e-05
8774	4.445158862796692e-05
8775	0.0002608845820738122
8776	2.9325143506464627e-05
8777	0.0010780195990100667
8778	5.36102148810234e-05
8779	6.687323529522136e-05
8780	0.0001026546821205541
8781	4.3213294907115236e-05
8782	5.5917693619924775e-05
8783	2.9325143506464627e-05
8784	0.00014743496409249635
8785	6.0420784499297535e-05
8786	4.5950521421554865e-05
8787	7.125311917008773e-05
8788	4.994986558554001e-05
8789	4.605501187082624e-05
8790	2.9325143506464627e-05
8791	0.00010429592006017871
8792	4.7847841402019155e-05
8793	6.266072453252069e-05
8794	8.139725068509351e-05
8795	2.9325143506464627e-05
8796	0.000182148218364617
8797	2.9517903322428647e-05
8798	3.062131265268613e-05
8799	3.371634032965431e-05
8800	0.00011302815450961066
8801	0
8802	4.181928199434718e-05
8803	2.9325143506464627e-05
8804	0
8805	5.468812842021993e-05
8806	3.348985633575881e-05
8807	2.9325143506464627e-05
8808	2.9325143506464627e-05
8809	6.654045104896316e-05
8810	7.990670150692799e-05
8811	0
8812	7.428646170782239e-05
8813	6.0286191526029694e-05
8814	4.104056696173433e-05
8815	0
8816	4.394437909697702e-05
8817	2.9325143506464627e-05
8818	0.00010908553396657387
8819	5.429229721133413e-05
8820	3.2038508286518635e-05
8821	6.16894161349632e-05
8822	7.851964088666699e-05
8823	0.00018189537895521663
8824	4.1279427405731754e-05
8825	2.9325143506464627e-05
8826	2.9325143506464627e-05
8827	2.9325143506464627e-05
8828	3.717635566240265e-05
8829	4.30039804495968e-05
8830	0
8831	4.9733152331153354e-05
8832	4.289083686198167e-05
8833	2.9325143506464627e-05
8834	0
8835	2.9325143506464627e-05
8836	3.375854914789854e-05
8837	5.835140116165535e-05
8838	8.984457382182898e-05
8839	4.492029383734204e-05
8840	2.9325143506464627e-05
8841	9.101264889904226e-05
8842	3.130227349542168e-05
8843	0.00014600816856846354
8844	3.906198352317516e-05
8845	2.9325143506464627e-05
8846	9.79406336681058e-05
8847	5.478460611373805e-05
8848	3.7787096290898685e-05
8849	3.6173363739454085e-05
8850	0
8851	2.9325143506464627e-05
8852	8.714232751119494e-05
8853	8.17568770489107e-05
8854	2.9325143506464627e-05
8855	2.9325143506464627e-05
8856	4.3212012988812736e-05
8857	0.00025204925375395585
8858	3.196297724239728e-05
8859	3.2332063974671265e-05
8860	3.121642725136887e-05
8861	4.083258008982991e-05
8862	8.905599751991113e-05
8863	3.0079538571201086e-05
8864	2.9325143506464627e-05
8865	5.067221218409008e-05
8866	5.1657111354701275e-05
8867	4.983155149831794e-05
8868	2.9325143506464627e-05
8869	4.247743509996572e-05
8870	5.5062784463751684e-05
8871	2.9325143506464627e-05
8872	0
8873	3.4450871070237876e-05
8874	7.674136287304752e-05
8875	2.9325143506464627e-05
8876	2.957502627622228e-05
8877	3.747141458546938e-05
8878	8.642399895599168e-05
8879	2.9325143506464627e-05
8880	2.9325143506464627e-05
8881	2.9325143506464627e-05
8882	5.478460611373805e-05
8883	2.957502627622228e-05
8884	3.1296480473706956e-05
8885	5.188697207197429e-05
8886	0
8887	3.072520541833631e-05
8888	7.262824036117799e-05
8889	5.932564533175261e-05
8890	3.3940013239566904e-05
8891	2.9325143506464627e-05
8892	3.6016956377568105e-05
8893	0.0002460472697575373
8894	5.789426018422122e-05
8895	0.0002697029393843313
8896	4.194978487413081e-05
8897	3.026985672305766e-05
8898	3.0175797666188088e-05
8899	5.069514836640169e-05
8900	4.709074632739299e-05
8901	4.681946534703407e-05
8902	0.0002512244428293996
8903	2.9325143506464627e-05
8904	6.428419573658296e-05
8905	0.00010317918231573251
8906	7.899072393259084e-05
8907	7.571304863851243e-05
8908	0.0001784072014883286
8909	4.3582698965333384e-05
8910	3.1296500112228614e-05
8911	6.1000547118426666e-05
8912	6.510101863456606e-05
8913	3.9558826810892094e-05
8914	5.9583838433497674e-05
8915	5.776499804040977e-05
8916	9.484132212964704e-05
8917	0.009882018966717658
8918	2.9325143506464627e-05
8919	0.00010463846920148045
8920	0.00014298595807432833
8921	8.371757518985564e-05
8922	2.9325143506464627e-05
8923	3.337095674725433e-05
8924	2.9325143506464627e-05
8925	3.533944100747654e-05
8926	7.44946530059766e-05
8927	4.021570629720112e-05
8928	4.3477315828203465e-05
8929	2.9325143506464627e-05
8930	3.55722127504059e-05
8931	7.853831315371841e-05
8932	6.853827183635845e-05
8933	5.768146640940381e-05
8934	3.206018756689918e-05
8935	3.069305003868236e-05
8936	2.9972499612764825e-05
8937	3.767480211678736e-05
8938	3.756757692722454e-05
8939	0.0001769151650617723
8940	3.902303567192134e-05
8941	2.9325143506464627e-05
8942	0
8943	2.9325143506464627e-05
8944	4.151564001595082e-05
8945	2.9325143506464627e-05
8946	3.387667980341983e-05
8947	4.9179361390382996e-05
8948	3.073304951013368e-05
8949	4.2185160166760324e-05
8950	7.52497477820699e-05
8951	3.75455328649916e-05
8952	5.11130545443705e-05
8953	0
8954	4.0521066174022995e-05
8955	0.00014699445429027503
8956	2.9325143506464627e-05
8957	4.229069074237939e-05
8958	2.9972499612764825e-05
8959	3.603136769823198e-05
8960	3.784078985736551e-05
8961	0.00016598875637545361
8962	5.71556141057045e-05
8963	9.117300469211329e-05
8964	2.9325143506464627e-05
8965	2.9325143506464627e-05
8966	4.803110015466866e-05
8967	6.97384879848685e-05
8968	2.9325143506464627e-05
8969	2.9325143506464627e-05
8970	0.00015938554053606283
8971	0
8972	6.498388885361335e-05
8973	3.413721244205901e-05
8974	3.697804395355907e-05
8975	8.662111464554223e-05
8976	2.9325143506464627e-05
8977	3.6716501658903456e-05
8978	3.5767307567280724e-05
8979	3.299721127245668e-05
8980	3.1270056304831075e-05
8981	0.0001138790816548408
8982	0
8983	3.814364642621923e-05
8984	4.913016862323257e-05
8985	4.245716800353195e-05
8986	2.9325143506464627e-05
8987	5.2491130034651134e-05
8988	4.923396056166388e-05
8989	3.467528549330481e-05
8990	0.00012497827317733474
8991	6.588584619213112e-05
8992	5.0053208359820544e-05
8993	2.9325143506464627e-05
8994	4.824590359472094e-05
8995	2.9325143506464627e-05
8996	0.00013220266854615305
8997	7.598523510351574e-05
8998	3.457910529209348e-05
8999	3.649999997640277e-05
9000	5.901866759000325e-05
9001	9.367682165462711e-05
9002	6.967481086070287e-05
9003	3.842113979137809e-05
9004	0.00012473284107166304
9005	9.899108191405062e-05
9006	0
9007	3.00627438170769e-05
9008	2.9325143506464627e-05
9009	2.9325143506464627e-05
9010	0.0002614027811248816
9011	3.148976809849692e-05
9012	2.9325143506464627e-05
9013	3.9972160000476514e-05
9014	4.0481544872819905e-05
9015	2.9325143506464627e-05
9016	2.9325143506464627e-05
9017	4.181928199434718e-05
9018	5.763572745424601e-05
9019	4.8513195778204305e-05
9020	7.468420630705388e-05
9021	0
9022	2.9325143506464627e-05
9023	2.9325143506464627e-05
9024	2.9325143506464627e-05
9025	4.846601588382185e-05
9026	6.523323010635295e-05
9027	2.9325143506464627e-05
9028	5.1779497406282057e-05
9029	3.176935141623067e-05
9030	4.481411867753217e-05
9031	2.9325143506464627e-05
9032	3.784517415402798e-05
9033	0.00010615704659336698
9034	3.185224354827393e-05
9035	0
9036	3.1596805049716e-05
9037	2.9325143506464627e-05
9038	3.916149150787935e-05
9039	4.2984029496212656e-05
9040	3.113097766264232e-05
9041	2.9325143506464627e-05
9042	3.111431967065791e-05
9043	2.9325143506464627e-05
9044	6.734728183513272e-05
9045	3.576165856579896e-05
9046	3.768126392215684e-05
9047	4.980728205335435e-05
9048	6.239535921048997e-05
9049	4.564213228307921e-05
9050	0.0009689842339011766
9051	5.144957546580685e-05
9052	9.439974483950667e-05
9053	3.218076522614429e-05
9054	4.585563518070325e-05
9055	3.9862376511193194e-05
9056	4.033346494057638e-05
9057	3.210402717454036e-05
9058	9.842763605888339e-05
9059	5.0442147787585984e-05
9060	4.788530537337047e-05
9061	3.1596805049716e-05
9062	0.00010583440411533176
9063	4.181928199434718e-05
9064	2.9325143506464627e-05
9065	2.9325143506464627e-05
9066	5.743695510420036e-05
9067	2.9325143506464627e-05
9068	2.9325143506464627e-05
9069	5.618099622444757e-05
9070	3.8003521606781234e-05
9071	6.210679122093699e-05
9072	3.9654730982709106e-05
9073	5.7490730857811926e-05
9074	2.9325143506464627e-05
9075	2.9325143506464627e-05
9076	3.2073813327325664e-05
9077	6.219046489862266e-05
9078	6.363148176888466e-05
9079	4.987956398433522e-05
9080	6.531598986191874e-05
9081	0
9082	4.526753720311496e-05
9083	0
9084	0
9085	3.494631539782476e-05
9086	2.9325143506464627e-05
9087	0
9088	2.9325143506464627e-05
9089	2.9325143506464627e-05
9090	6.069159178367604e-05
9091	2.9325143506464627e-05
9092	2.9325143506464627e-05
9093	2.9325143506464627e-05
9094	3.765456916505299e-05
9095	4.642334003376703e-05
9096	3.398844427114721e-05
9097	4.211852411388934e-05
9098	9.4004993248536e-05
9099	3.274958343960692e-05
9100	5.130387670857487e-05
9101	4.382775385247588e-05
9102	4.122999596892326e-05
9103	2.9972499612764825e-05
9104	2.9325143506464627e-05
9105	2.9325143506464627e-05
9106	2.9325143506464627e-05
9107	2.9325143506464627e-05
9108	3.348985633575881e-05
9109	0
9110	5.4355013960935907e-05
9111	0
9112	5.144957546580685e-05
9113	2.9325143506464627e-05
9114	3.0403290777170937e-05
9115	8.867207344142481e-05
9116	4.412082866304568e-05
9117	4.2097762663151207e-05
9118	3.692669390079535e-05
9119	5.867399112645131e-05
9120	3.834190184535133e-05
9121	2.9325143506464627e-05
9122	2.9325143506464627e-05
9123	2.9325143506464627e-05
9124	2.9325143506464627e-05
9125	5.0555307633497316e-05
9126	6.74690607714011e-05
9127	0
9128	0.0001958036166131987
9129	6.374868889813842e-05
9130	4.1569525575132705e-05
9131	4.9733739745897404e-05
9132	3.1502942773833e-05
9133	4.059589151556492e-05
9134	0
9135	2.9325143506464627e-05
9136	0
9137	0
9138	0.00014508311433735467
9139	5.294534443304273e-05
9140	4.765036754993244e-05
9141	0
9142	3.0410341785848825e-05
9143	4.9273069149434084e-05
9144	4.151564001595082e-05
9145	2.9325143506464627e-05
9146	0
9147	2.9325143506464627e-05
9148	4.1241848216750805e-05
9149	0.00013537228209551313
9150	0.00013080289876484405
9151	3.9886365996101844e-05
9152	2.9325143506464627e-05
9153	3.477501430134905e-05
9154	2.9325143506464627e-05
9155	0.0003430882030365559
9156	7.529474281794963e-05
9157	2.9325143506464627e-05
9158	6.131963777407968e-05
9159	2.9325143506464627e-05
9160	3.6259097938788745e-05
9161	3.940188494722767e-05
9162	0.00011654854812877037
9163	3.4248530703768686e-05
9164	8.877500471853293e-05
9165	7.269785232249685e-05
9166	4.020947596599108e-05
9167	4.503927024311433e-05
9168	4.1176275169378216e-05
9169	0.0003426677484771163
9170	3.22871602187273e-05
9171	4.9941901893713156e-05
9172	3.0991849011583776e-05
9173	3.475750442959855e-05
9174	3.611498914967832e-05
9175	4.870272897177799e-05
9176	4.3623135329817874e-05
9177	2.9325143506464627e-05
9178	3.0019262311346992e-05
9179	3.085243712783405e-05
9180	2.9325143506464627e-05
9181	0
9182	0
9183	3.7825815979454115e-05
9184	3.9326772241886956e-05
9185	3.134458074922801e-05
9186	2.9325143506464627e-05
9187	2.9325143506464627e-05
9188	4.181928199434718e-05
9189	6.408842249772795e-05
9190	3.3976270998182975e-05
9191	4.9369301001412435e-05
9192	4.122999596892326e-05
9193	4.3368246087539786e-05
9194	3.496220039660152e-05
9195	2.9325143506464627e-05
9196	6.022014638233307e-05
9197	2.9325143506464627e-05
9198	0
9199	6.0909566560936616e-05
9200	3.989901779726081e-05
9201	4.6772344748521436e-05
9202	6.873360001242091e-05
9203	0
9204	3.0131216957295757e-05
9205	6.144648741769278e-05
9206	2.9325143506464627e-05
9207	2.9325143506464627e-05
9208	0
9209	2.9325143506464627e-05
9210	2.9325143506464627e-05
9211	5.478460611373805e-05
9212	4.16803771904558e-05
9213	2.9325143506464627e-05
9214	2.9325143506464627e-05
9215	4.0822792273637425e-05
9216	2.9325143506464627e-05
9217	3.446550788865207e-05
9218	0.0001992329057107566
9219	2.9325143506464627e-05
9220	8.693420214380589e-05
9221	2.9325143506464627e-05
9222	8.798580163549894e-05
9223	2.9325143506464627e-05
9224	0
9225	2.9325143506464627e-05
9226	3.290493204660532e-05
9227	3.0640315978873314e-05
9228	0
9229	4.1803020652695814e-05
9230	2.9325143506464627e-05
9231	0.00018494471564074473
9232	2.9325143506464627e-05
9233	0
9234	2.9325143506464627e-05
9235	2.9325143506464627e-05
9236	2.957502627622228e-05
9237	3.0424795503126688e-05
9238	3.516736201692943e-05
9239	0
9240	2.9325143506464627e-05
9241	2.9325143506464627e-05
9242	3.975072806145479e-05
9243	4.342419577820011e-05
9244	3.359785121993399e-05
9245	3.645677839199433e-05
9246	5.436345964142604e-05
9247	5.546076216568134e-05
9248	4.28376827898339e-05
9249	0
9250	6.112254185698004e-05
9251	2.9325143506464627e-05
9252	0.00011250104527587335
9253	0.00010291006066037369
9254	5.73257400991029e-05
9255	0
9256	3.621894541384232e-05
9257	2.9325143506464627e-05
9258	0.000437131792135809
9259	5.4771023289136496e-05
9260	6.001299315545706e-05
9261	5.251722894021719e-05
9262	3.2970273247806344e-05
9263	4.449339372533608e-05
9264	4.6521013478237634e-05
9265	3.4949956477652554e-05
9266	5.152719573057657e-05
9267	3.337095674725433e-05
9268	0
9269	4.5824805914631187e-05
9270	4.053681857482857e-05
9271	2.9325143506464627e-05
9272	3.7605054267685936e-05
9273	3.3679161464363094e-05
9274	2.9325143506464627e-05
9275	3.008287382956194e-05
9276	2.9325143506464627e-05
9277	2.9325143506464627e-05
9278	2.9325143506464627e-05
9279	0.0001760587500100114
9280	4.75206608698877e-05
9281	2.9325143506464627e-05
9282	5.662469748742861e-05
9283	0.0002683795132978905
9284	2.9325143506464627e-05
9285	3.053611385221324e-05
9286	6.311403177232642e-05
9287	2.9325143506464627e-05
9288	2.9325143506464627e-05
9289	5.785785895941524e-05
9290	6.026793904111982e-05
9291	2.9325143506464627e-05
9292	3.234287747730218e-05
9293	4.178541802591098e-05
9294	3.082643537044042e-05
9295	4.242740886563561e-05
9296	5.4488635755835e-05
9297	3.0874107599657235e-05
9298	2.9325143506464627e-05
9299	2.9325143506464627e-05
9300	3.289489736014535e-05
9301	0
9302	3.140749992111172e-05
9303	3.745663160884564e-05
9304	8.093110059002599e-05
9305	3.7192784081754316e-05
9306	8.408508780854187e-05
9307	4.86015402962061e-05
9308	4.070528981639553e-05
9309	5.478460611373805e-05
9310	2.9325143506464627e-05
9311	5.8444339803101975e-05
9312	0.00011618016880228114
9313	6.257225262269641e-05
9314	3.386894485245173e-05
9315	2.9325143506464627e-05
9316	2.9517903322428647e-05
9317	2.9325143506464627e-05
9318	5.068670154508951e-05
9319	4.288328971457816e-05
9320	4.122999596892326e-05
9321	2.9325143506464627e-05
9322	0
9323	6.811481496262605e-05
9324	4.722599347940426e-05
9325	3.725420298482789e-05
9326	3.206018756689918e-05
9327	9.237502849104855e-05
9328	0
9329	2.9325143506464627e-05
9330	6.949042939094556e-05
9331	2.9840416303490418e-05
9332	3.55722127504059e-05
9333	2.9325143506464627e-05
9334	2.980568729446011e-05
9335	3.4925999791849647e-05
9336	3.244867812843527e-05
9337	5.974356446662425e-05
9338	0.0003770161727017642
9339	2.9325143506464627e-05
9340	2.9325143506464627e-05
9341	2.9325143506464627e-05
9342	4.01495778235517e-05
9343	0.0001736000702811713
9344	3.244867812843527e-05
9345	0
9346	4.093571471177177e-05
9347	3.4925999791849647e-05
9348	3.174815721066492e-05
9349	2.9325143506464627e-05
9350	3.098250831411655e-05
9351	8.375425256230783e-05
9352	3.765456916505299e-05
9353	2.9325143506464627e-05
9354	2.9325143506464627e-05
9355	2.9325143506464627e-05
9356	2.9325143506464627e-05
9357	3.0403290777170937e-05
9358	0
9359	9.995214966682347e-05
9360	7.688431804530784e-05
9361	2.9325143506464627e-05
9362	3.726345790137223e-05
9363	4.677197377979943e-05
9364	3.750848585514383e-05
9365	2.9815109721675706e-05
9366	2.9325143506464627e-05
9367	4.943066402222571e-05
9368	3.8981092491616625e-05
9369	3.989436355713765e-05
9370	3.3650435394239676e-05
9371	2.9325143506464627e-05
9372	3.056882513821937e-05
9373	4.714021794247466e-05
9374	5.448855442143425e-05
9375	2.9325143506464627e-05
9376	2.9325143506464627e-05
9377	2.9893058892277468e-05
9378	0
9379	5.478460611373805e-05
9380	5.018313291786622e-05
9381	3.6416182159438167e-05
9382	3.0410341785848825e-05
9383	3.311774918585828e-05
9384	8.134859980294479e-05
9385	3.107336215526702e-05
9386	2.9325143506464627e-05
9387	3.410030351549424e-05
9388	3.819726751687247e-05
9389	4.046054044547231e-05
9390	2.9325143506464627e-05
9391	3.55722127504059e-05
9392	2.9325143506464627e-05
9393	2.9325143506464627e-05
9394	7.098430820380775e-05
9395	2.9325143506464627e-05
9396	5.478460611373805e-05
9397	5.266933390422092e-05
9398	2.9325143506464627e-05
9399	2.9325143506464627e-05
9400	2.9325143506464627e-05
9401	3.111002043330499e-05
9402	3.448321723028608e-05
9403	2.9325143506464627e-05
9404	0
9405	2.9325143506464627e-05
9406	5.093936848125511e-05
9407	0
9408	0.0001760587500100114
9409	2.9325143506464627e-05
9410	4.7116282016878235e-05
9411	0
9412	2.9325143506464627e-05
9413	0
9414	5.576659761084596e-05
9415	2.9325143506464627e-05
9416	2.9325143506464627e-05
9417	2.9325143506464627e-05
9418	0.00018591099925762607
9419	2.9325143506464627e-05
9420	0
9421	9.687168500733257e-05
9422	0
9423	4.2212838437239174e-05
9424	3.466009823972517e-05
9425	3.840461863444967e-05
9426	0
9427	3.7127477017270904e-05
9428	0
9429	2.9325143506464627e-05
9430	2.9325143506464627e-05
9431	0
9432	2.9325143506464627e-05
9433	2.9325143506464627e-05
9434	2.9325143506464627e-05
9435	3.6616122535099956e-05
9436	3.615456872263951e-05
9437	0
9438	2.9325143506464627e-05
9439	2.9325143506464627e-05
9440	7.730789608317988e-05
9441	4.318206538182414e-05
9442	4.709465545168849e-05
9443	4.026897434583164e-05
9444	2.9325143506464627e-05
9445	7.475275617569287e-05
9446	2.9325143506464627e-05
9447	4.634284996303178e-05
9448	2.9325143506464627e-05
9449	4.0412347188138155e-05
9450	3.5448670306590056e-05
9451	4.488779095680554e-05
9452	8.657625885864179e-05
9453	3.204753314067055e-05
9454	0
9455	2.9325143506464627e-05
9456	0
9457	8.693360779326643e-05
9458	3.836861214240735e-05
9459	0
9460	2.9325143506464627e-05
9461	5.225593842865839e-05
9462	2.9325143506464627e-05
9463	0
9464	0
9465	5.549137401018586e-05
9466	0
9467	0.00016205973881260033
9468	0
9469	0
9470	2.9325143506464627e-05
9471	3.414800081545096e-05
9472	2.9325143506464627e-05
9473	3.5580168487681816e-05
9474	5.478460611373805e-05
9475	2.9325143506464627e-05
9476	5.478460611373805e-05
9477	3.945449000968434e-05
9478	2.9325143506464627e-05
9479	2.9325143506464627e-05
9480	2.9325143506464627e-05
9481	2.9325143506464627e-05
9482	0
9483	0
9484	2.9325143506464627e-05
9485	3.114886093997146e-05
9486	5.8328508738321165e-05
9487	3.399722685017037e-05
9488	5.478460611373805e-05
9489	3.66761010878454e-05
9490	3.0403290777170937e-05
9491	0
9492	4.7518600459247924e-05
9493	0
9494	2.9325143506464627e-05
9495	3.32921897107849e-05
9496	0.00011107566573112862
9497	3.0019262311346992e-05
9498	2.9325143506464627e-05
9499	2.9779475815114903e-05
9500	2.970693886918774e-05
9501	2.9325143506464627e-05
9502	2.9325143506464627e-05
9503	6.614311572020903e-05
9504	2.9325143506464627e-05
9505	2.9325143506464627e-05
9506	3.3140356519243914e-05
9507	3.765456916505299e-05
9508	2.9325143506464627e-05
9509	2.957502627622228e-05
9510	9.003492982564462e-05
9511	3.4322798901617645e-05
9512	2.9325143506464627e-05
9513	2.9325143506464627e-05
9514	0
9515	2.9325143506464627e-05
9516	3.354860737336949e-05
9517	5.561605542556512e-05
9518	0
9519	0
9520	2.9325143506464627e-05
9521	2.9325143506464627e-05
9522	6.408052437747479e-05
9523	4.709074632739299e-05
9524	3.296155709073189e-05
9525	2.9325143506464627e-05
9526	2.9325143506464627e-05
9527	2.9325143506464627e-05
9528	0.000167296928788802
9529	2.9325143506464627e-05
9530	3.7382269597589894e-05
9531	2.9325143506464627e-05
9532	3.174815721066492e-05
9533	0
9534	2.9325143506464627e-05
9535	2.9325143506464627e-05
9536	2.9325143506464627e-05
9537	2.9325143506464627e-05
9538	3.0460974278090316e-05
9539	2.9325143506464627e-05
9540	2.9325143506464627e-05
9541	0
9542	2.9325143506464627e-05
9543	2.9325143506464627e-05
9544	2.9325143506464627e-05
9545	3.12948604413776e-05
9546	3.0874107599657235e-05
9547	0
9548	0
9549	2.9325143506464627e-05
9550	3.0403290777170937e-05
9551	2.9325143506464627e-05
9552	2.9325143506464627e-05
9553	2.9325143506464627e-05
9554	2.9325143506464627e-05
9555	3.389633919741791e-05
9556	0
9557	3.7010716798643505e-05
9558	5.478460611373805e-05
9559	2.9325143506464627e-05
9560	4.0084171892778926e-05
9561	0
9562	5.11130545443705e-05
9563	3.053611385221324e-05
9564	4.356614784474827e-05
9565	0
9566	2.9325143506464627e-05
9567	3.545537503971367e-05
9568	3.9475351479144865e-05
9569	0
9570	2.9325143506464627e-05
9571	0
9572	3.4209681162050854e-05
9573	2.9325143506464627e-05
9574	2.9325143506464627e-05
9575	2.9325143506464627e-05
9576	3.661339095772945e-05
9577	2.9325143506464627e-05
9578	7.914864013351222e-05
9579	3.201660962170753e-05
9580	5.478460611373805e-05
9581	3.909703376600979e-05
9582	2.9325143506464627e-05
9583	0
9584	6.454276440382323e-05
9585	0
9586	2.9325143506464627e-05
9587	2.9325143506464627e-05
9588	2.9325143506464627e-05
9589	0
9590	4.151564001595082e-05
9591	3.691944088650463e-05
9592	0
9593	0
9594	6.0319083051228746e-05
9595	0
9596	4.325742825984682e-05
9597	3.39535856860537e-05
9598	4.757504288337804e-05
9599	4.697857461859279e-05
9600	2.9325143506464627e-05
9601	2.9325143506464627e-05
9602	4.744142836308663e-05
9603	2.9325143506464627e-05
9604	2.9325143506464627e-05
9605	2.9325143506464627e-05
9606	2.9325143506464627e-05
9607	4.59516678855949e-05
9608	2.9325143506464627e-05
9609	0
9610	0
9611	3.4040011878599496e-05
9612	0
9613	6.940171337667316e-05
9614	6.583822788905259e-05
9615	0
9616	0
9617	4.116511706360408e-05
9618	0
9619	2.9325143506464627e-05
9620	3.0272298387165105e-05
9621	0
9622	3.134458074922801e-05
9623	2.9325143506464627e-05
9624	0
9625	0.0001749603682530006
9626	2.9325143506464627e-05
9627	0
9628	0
9629	0
9630	2.9325143506464627e-05
9631	2.9325143506464627e-05
9632	2.9325143506464627e-05
9633	2.9325143506464627e-05
9634	0
9635	5.697537934633288e-05
9636	2.9325143506464627e-05
9637	9.07280125067912e-05
9638	2.9325143506464627e-05
9639	0
9640	2.9325143506464627e-05
9641	2.9325143506464627e-05
9642	0.00016587126552529205
9643	0
9644	0
9645	3.052407388237684e-05
9646	2.9325143506464627e-05
9647	2.9325143506464627e-05
9648	4.5147897988409746e-05
9649	2.9517903322428647e-05
9650	3.0294661675227445e-05
9651	7.371001066792521e-05
9652	7.899992785528367e-05
9653	0.0003300688048251044
9654	2.9325143506464627e-05
9655	0
9656	3.2653329511055554e-05
9657	4.7475456832136236e-05
9658	2.9325143506464627e-05
9659	3.210161872599408e-05
9660	2.9325143506464627e-05
9661	2.9325143506464627e-05
9662	4.8499734975108536e-05
9663	0
9664	2.9325143506464627e-05
9665	2.9325143506464627e-05
9666	5.351328639289603e-05
9667	0
9668	0
9669	2.9325143506464627e-05
9670	6.080672109145496e-05
9671	2.9325143506464627e-05
9672	0
9673	2.9325143506464627e-05
9674	2.9325143506464627e-05
9675	6.014179446125443e-05
9676	2.9325143506464627e-05
9677	5.397742322473438e-05
9678	2.9325143506464627e-05
9679	0.0001308652403106196
9680	2.9325143506464627e-05
9681	2.9325143506464627e-05
9682	0
9683	6.240068888457914e-05
9684	3.140749992111172e-05
9685	2.957502627622228e-05
9686	0
9687	3.0131216957295757e-05
9688	6.488767708836891e-05
9689	2.9325143506464627e-05
9690	2.9325143506464627e-05
9691	8.112343819222579e-05
9692	3.055624459194175e-05
9693	2.9325143506464627e-05
9694	0
9695	3.546980510253934e-05
9696	2.9325143506464627e-05
9697	0
9698	4.278089088586282e-05
9699	5.520107907283652e-05
9700	2.9325143506464627e-05
9701	5.3513366677520745e-05
9702	4.6199515192291e-05
9703	2.9325143506464627e-05
9704	2.9517903322428647e-05
9705	0
9706	4.117591498140357e-05
9707	3.453879046823077e-05
9708	0
9709	2.9325143506464627e-05
9710	2.9325143506464627e-05
9711	0
9712	2.9325143506464627e-05
9713	8.240686354694493e-05
9714	3.6280551372343695e-05
9715	4.768887893157313e-05
9716	0.0003309309251320379
9717	4.238552521503667e-05
9718	5.3282744477049496e-05
9719	2.9325143506464627e-05
9720	0
9721	2.9325143506464627e-05
9722	7.256925909108374e-05
9723	4.151057089574258e-05
9724	2.9325143506464627e-05
9725	3.041159033149789e-05
9726	2.9325143506464627e-05
9727	7.799302094283535e-05
9728	0
9729	0.00010267598673918541
9730	0
9731	0
9732	2.9325143506464627e-05
9733	2.9325143506464627e-05
9734	0
9735	0
9736	2.9325143506464627e-05
9737	2.957502627622228e-05
9738	2.9325143506464627e-05
9739	2.9325143506464627e-05
9740	0
9741	0
9742	3.597443460076678e-05
9743	5.555975202231963e-05
9744	0
9745	0.00035360443020192604
9746	4.000944235106323e-05
9747	2.9325143506464627e-05
9748	0
9749	0
9750	0
9751	3.041159033149789e-05
9752	7.076136807443139e-05
9753	0
9754	0
9755	0
9756	2.9325143506464627e-05
9757	3.218076522614429e-05
9758	0
9759	2.9325143506464627e-05
9760	2.9325143506464627e-05
9761	3.463694930594738e-05
9762	2.9325143506464627e-05
9763	0
9764	2.9325143506464627e-05
9765	2.9325143506464627e-05
9766	3.426312164079139e-05
9767	0
9768	0
9769	0
9770	2.9325143506464627e-05
9771	5.431342048222973e-05
9772	2.9325143506464627e-05
9773	0.0001474059579868169
9774	6.480775147086635e-05
9775	2.9325143506464627e-05
9776	2.9325143506464627e-05
9777	2.9325143506464627e-05
9778	0
9779	3.5064364807450485e-05
9780	4.365674932325987e-05
9781	0
9782	2.9325143506464627e-05
9783	0.00022238535787408079
9784	2.9325143506464627e-05
9785	0
9786	0
9787	0
9788	0
9789	0
9790	2.9325143506464627e-05
9791	2.9325143506464627e-05
9792	2.9325143506464627e-05
9793	3.80069958190146e-05
9794	0
9795	2.9325143506464627e-05
9796	2.9325143506464627e-05
9797	5.431342048222973e-05
9798	0.00012265582620913436
9799	3.531261646216802e-05
9800	4.365674932325987e-05
9801	2.9325143506464627e-05
9802	3.3679161464363094e-05
9803	2.9325143506464627e-05
9804	3.089115597228296e-05
9805	2.9325143506464627e-05
9806	2.9325143506464627e-05
9807	2.9325143506464627e-05
9808	3.140749992111172e-05
9809	0
9810	2.9325143506464627e-05
9811	3.089115597228296e-05
9812	0
9813	6.718224860067663e-05
9814	2.957502627622228e-05
9815	0
9816	2.9325143506464627e-05
9817	2.9325143506464627e-05
9818	3.828717789551511e-05
9819	0
9820	0
9821	0
9822	5.14382472464288e-05
9823	2.9325143506464627e-05
9824	3.283384841377792e-05
9825	3.6697475466346346e-05
9826	2.9325143506464627e-05
9827	3.55818695410153e-05
9828	2.9325143506464627e-05
9829	2.9325143506464627e-05
9830	0
9831	0
9832	2.9325143506464627e-05
9833	0
9834	8.700250589813686e-05
9835	2.9325143506464627e-05
9836	2.9325143506464627e-05
9837	2.9325143506464627e-05
9838	2.9325143506464627e-05
9839	7.098430820380775e-05
9840	3.59496789051752e-05
9841	2.9325143506464627e-05
9842	2.9325143506464627e-05
9843	2.9325143506464627e-05
9844	5.4562134185507687e-05
9845	3.55722127504059e-05
9846	2.9325143506464627e-05
9847	0
9848	0.00010372056641548502
9849	0
9850	3.643019044009942e-05
9851	3.955066923601005e-05
9852	0
9853	0
9854	0.0001749603682530006
9855	3.496220039660152e-05
9856	0
9857	3.434182624220395e-05
9858	2.9325143506464627e-05
9859	2.9325143506464627e-05
9860	2.9325143506464627e-05
9861	3.55722127504059e-05
9862	2.9325143506464627e-05
9863	5.500673330885747e-05
9864	0
9865	2.9325143506464627e-05
9866	5.9095639450457085e-05
9867	0
9868	2.9325143506464627e-05
9869	0
9870	2.9325143506464627e-05
9871	2.9325143506464627e-05
9872	2.9325143506464627e-05
9873	2.9325143506464627e-05
9874	2.9325143506464627e-05
9875	2.9325143506464627e-05
9876	2.9325143506464627e-05
9877	3.384226935134247e-05
9878	2.9325143506464627e-05
9879	2.9325143506464627e-05
9880	0
9881	5.469521584495284e-05
9882	2.9325143506464627e-05
9883	3.008287382956194e-05
9884	2.9325143506464627e-05
9885	0
9886	3.210161872599408e-05
9887	2.9325143506464627e-05
9888	2.9325143506464627e-05
9889	2.9325143506464627e-05
9890	2.9325143506464627e-05
9891	0
9892	2.9325143506464627e-05
9893	2.9325143506464627e-05
9894	0.00010797678176042083
9895	0
9896	4.72265031769406e-05
9897	2.9325143506464627e-05
9898	5.829887289034486e-05
9899	2.9325143506464627e-05
9900	2.9325143506464627e-05
9901	5.135285859270544e-05
9902	0
9903	0
9904	0
9905	3.4211099287616e-05
9906	4.214211030813627e-05
9907	0
9908	2.9325143506464627e-05
9909	5.144957546580685e-05
9910	2.9325143506464627e-05
9911	3.435285823604346e-05
9912	5.431342048222973e-05
9913	3.545537503971367e-05
9914	0.00011933568361825331
9915	2.9325143506464627e-05
9916	3.2439455929049796e-05
9917	0
9918	2.9325143506464627e-05
9919	0
9920	0
9921	0
9922	2.9325143506464627e-05
9923	0
9924	2.9325143506464627e-05
9925	0
9926	0
9927	3.1823971204041136e-05
9928	2.9325143506464627e-05
9929	2.9325143506464627e-05
9930	0
9931	3.765456916505299e-05
9932	0
9933	2.9325143506464627e-05
9934	2.9325143506464627e-05
9935	4.304490938181949e-05
9936	2.9325143506464627e-05
9937	3.1269456522427996e-05
9938	2.9517903322428647e-05
9939	2.9325143506464627e-05
9940	2.9325143506464627e-05
9941	2.9325143506464627e-05
9942	0
9943	2.9325143506464627e-05
9944	2.9325143506464627e-05
9945	3.140749992111172e-05
9946	0
9947	0
9948	0
9949	2.9325143506464627e-05
9950	2.9325143506464627e-05
9951	2.9325143506464627e-05
9952	2.9325143506464627e-05
9953	2.9325143506464627e-05
9954	2.9325143506464627e-05
9955	2.9325143506464627e-05
9956	0.00010686621186818196
9957	2.9325143506464627e-05
9958	2.970693886918774e-05
9959	2.9325143506464627e-05
9960	2.9325143506464627e-05
9961	2.9325143506464627e-05
9962	4.974860131112593e-05
9963	3.55722127504059e-05
9964	0
9965	2.9325143506464627e-05
9966	0
9967	2.9325143506464627e-05
9968	2.9325143506464627e-05
9969	2.9325143506464627e-05
9970	2.9511623185388245e-05
9971	4.151564001595082e-05
9972	0
9973	0
9974	2.9325143506464627e-05
9975	2.9325143506464627e-05
9976	4.2938056007978055e-05
9977	6.993109359208291e-05
9978	2.9325143506464627e-05
9979	0
9980	4.0967032357339094e-05
9981	2.9325143506464627e-05
9982	2.9325143506464627e-05
9983	2.9325143506464627e-05
9984	3.994380332730674e-05
9985	2.9325143506464627e-05
9986	2.9325143506464627e-05
9987	0
9988	2.9325143506464627e-05
9989	2.9325143506464627e-05
9990	0
9991	0
9992	2.9325143506464627e-05
9993	5.11130545443705e-05
9994	0
9995	2.9325143506464627e-05
9996	0.00022820518225635106
9997	2.9325143506464627e-05
9998	0
9999	2.9325143506464627e-05
10000	2.9325143506464627e-05
10001	3.509975751080709e-05
10002	0
10003	0
10004	0
10005	4.709074632739299e-05
10006	0.00011102440066440081
10007	2.9325143506464627e-05
10008	2.9325143506464627e-05
10009	2.9325143506464627e-05
10010	3.041159033149789e-05
10011	2.9325143506464627e-05
10012	2.9325143506464627e-05
10013	7.062271702819026e-05
10014	6.268395065094763e-05
10015	2.9325143506464627e-05
10016	0
10017	2.957502627622228e-05
10018	5.305208441140047e-05
10019	0
10020	0
10021	8.789969514901061e-05
10022	0
10023	2.9325143506464627e-05
10024	0
10025	2.9325143506464627e-05
10026	0
10027	2.9325143506464627e-05
10028	0
10029	2.9325143506464627e-05
10030	2.9325143506464627e-05
10031	2.9325143506464627e-05
10032	2.9325143506464627e-05
10033	6.657526038265319e-05
10034	7.811197573591016e-05
10043	0.007988901036106826
10044	0.00020563958117603484
10045	3.55722127504059e-05
10046	8.894985434868857e-05
10047	7.135121673863896e-05
10048	0.00010152221318718962
10049	0.0009475757689260577
10052	5.544925125385542e-05
10053	0.0003205180692593691
10054	0.00044403143821901756
10055	0.00016437218194840313
10056	0.00039355021787548805
10058	0.0020703510722516515
10059	0.0001380758134948512
10060	0.00012327884772069726
10061	3.4206735711368194e-05
10062	0.00018869270266284725
10063	8.238306333565665e-05
10064	0.002130628194816301
10065	9.950232521736427e-05
10066	0.0007107593952281936
10069	0.005605613961481075
10070	3.582209552016355e-05
10071	0.00010476659993826045
10072	0.020197749959051277
10073	4.181928199434718e-05
10074	0.0015393603553379624
10075	0.000104440672280858
10076	0.0008580740404664861
10079	0.0004013243484901705
10080	0.00010603555209533872
10081	5.326392923434326e-05
10082	0.0003732203895367438
10083	5.324540327929316e-05
10084	8.000199317379473e-05
10087	0.00016330864945192012
10088	0.0001385629888605064
10089	8.04673205578217e-05
10092	9.175595077490114e-05
10093	0.00019893407725941548
10096	0.0001783528476174761
10097	0.006907391834126625
10098	0.001970992857426729
10099	0.00014454959562573136
10100	3.74378644070378e-05
10101	0.0001488136841253099
10102	6.692274056922578e-05
10103	0.011713622735290925
10104	0.00012422714855888462
10105	0.00044679612785417154
10106	0.0009831648092180451
10109	0.00033413097372269956
10110	5.8457235628438825e-05
10111	2.9325143506464627e-05
10112	5.1278045691498375e-05
10113	0.000497360829620193
10114	6.123739662673734e-05
10115	3.855273323725464e-05
10118	7.592218329605036e-05
10119	0.00028833212986107955
10120	0.0001715125216165903
10123	9.408313253977247e-05
10124	0.00015108936769549257
10125	3.147993193739287e-05
10126	6.0560489726171e-05
10127	0.0005552456983890817
10128	5.747575634928101e-05
10129	7.141599875281166e-05
10130	0.00011077744746763685
10131	7.6351036473493e-05
10132	0.00011549829253617097
10133	0.0009038289908798447
10134	3.488668984403601e-05
10135	0.0002839357298667712
10136	0.00030488450573103
10137	9.137418668720263e-05
10138	4.4655392870552305e-05
10139	3.244867812843527e-05
10141	4.399230592545572e-05
10142	0.00042957673739169597
10143	4.855321868251781e-05
10144	0.001825229939949374
10145	0.00099833130711858
10146	9.820179024541177e-05
10147	2.9325143506464627e-05
10148	6.028608363702201e-05
10149	7.17208440306955e-05
10150	4.3579980302273694e-05
10151	0.00034990274392635094
10152	4.75937037917961e-05
10153	0.00020655753105115645
10154	4.871397275332938e-05
10155	2.9325143506464627e-05
10156	0.00015148338178648323
10157	0.00045668636994943316
10158	3.66184864331667e-05
10159	0.003244450293875738
10160	0.002409909803821065
10161	0.00010089811290208633
10164	2.9325143506464627e-05
10166	0.000262513629119051
10167	5.540942822620719e-05
10168	3.052163545263495e-05
10169	0.00013470784200958504
10170	7.655558612057071e-05
10171	0.0003955800916255799
10174	2.9325143506464627e-05
10179	5.431342048222973e-05
10180	4.55709613761108e-05
10181	0.00010503745704091255
10182	0.00015628631907888005
10183	4.269561299812308e-05
10184	0.00010965144921621257
10185	0.0013239056645532707
10186	2.9767786092186294e-05
10187	3.7638780596053705e-05
10188	0.00012356259371379587
10189	0.004055534522257735
10190	0.00021043429752287218
10191	0.0004612957931674956
10192	0.0006970374705058535
10193	5.9895510597034415e-05
10194	5.721549605071975e-05
10197	8.575181456506942e-05
10198	0.0008144468150853467
10199	0.005742234479283436
10200	4.678806740063216e-05
10201	8.232966188689613e-05
10202	0.0015088943659389027
10203	0.004468260500800124
10204	0.0006655168663435699
10205	7.770236134586926e-05
10206	9.667182839490967e-05
10207	5.956533489296025e-05
10208	0.0016166295110467102
10209	0.0014765028993840243
10210	6.765379061453543e-05
10211	6.237267348991242e-05
10036	5.427154836361916e-05
10212	0.00436713837170152
10213	5.1428659425688475e-05
10214	3.765456916505299e-05
10217	7.69796265703895e-05
10218	8.40521322297147e-05
10219	2.9325143506464627e-05
10222	0.00014542203530756542
10223	2.9325143506464627e-05
10224	0.00022515358603189545
10225	0.0006577796386755522
10226	2.9325143506464627e-05
10227	2.9325143506464627e-05
10078	0.0007884657651535382
10228	8.756321108887173e-05
10229	5.6054598187900725e-05
10230	0.00015032812804661989
10231	0.0003377089535620814
10232	3.8824496913764225e-05
10233	0.0009553376668600763
10234	2.9325143506464627e-05
10235	0.0005069876326779178
10236	0.00035336406836812057
10237	9.117168876253198e-05
10238	0.0002123277637394041
10239	8.055595288456096e-05
10240	7.669892153574721e-05
10241	0.0006110936704714963
10242	6.201318968304975e-05
10243	4.6252901587331895e-05
10244	5.4862026550244646e-05
10245	0.00019572623739270932
10246	0.0002847206911825417
10247	4.610948663195844e-05
10250	6.574108349829216e-05
10251	4.640123560271113e-05
10252	7.365565124072962e-05
10253	0.00015508302789804567
10254	9.433443506095034e-05
10255	4.766101613513689e-05
10258	4.187140364184016e-05
10259	0.0007920221680467152
10260	0.00015140610819207594
10261	8.138206506783442e-05
10262	4.329579947884108e-05
10263	0.00020017389006849137
10264	4.220944507500799e-05
10265	2.9325143506464627e-05
10266	8.984270782438191e-05
10267	0.0004468271475630748
10268	5.808465278051001e-05
10269	0.00010141689888631767
10270	0.00013337177858167165
10271	0.0005442181424197804
10272	9.505891464011817e-05
10273	0.0013022994380058953
10086	0.0009043340339829642
10274	0.00016078482789884355
10275	0.0001121098132518659
10276	2.9325143506464627e-05
10277	0.0003845155768553252
10278	8.954517487614624e-05
10279	5.938758553372696e-05
10280	0.0001258671400816894
10281	5.31247183601899e-05
10282	7.478772796524021e-05
10283	0.0008228564946058679
10284	0.00013857443110600908
10285	0.0001488536219040021
10286	6.734641853830501e-05
10287	5.12259907915491e-05
10288	8.814861380206665e-05
10289	2.9325143506464627e-05
10290	0.00018342581940555608
10291	6.490487414674521e-05
10292	0.0010162581768611632
10293	3.7536585743999644e-05
10294	2.9325143506464627e-05
10295	0.00020554715021056736
10298	7.673648157248814e-05
10299	3.3659703324506935e-05
10302	7.952471973528172e-05
10303	0.0002554357230250232
10304	0.0023086651870807377
10305	0.00012527649725196862
10306	7.030164987208477e-05
10307	6.270354985787168e-05
10308	0.00010262408930204224
10313	3.4106227153439425e-05
10314	0.0002698366139841537
10315	4.646607912217897e-05
10318	3.885112078035375e-05
10319	2.9325143506464627e-05
10320	4.1861163827170184e-05
10321	0.00013967412501000645
10116	0.0005395677865266972
10322	3.933472642005065e-05
10323	4.300575572903987e-05
10324	0.00010384769917114144
10325	0.0006185823550124907
10326	4.1293487082081875e-05
10327	3.411340639547813e-05
10328	6.50002942751863e-05
10329	2.9325143506464627e-05
10330	0.0004430141280459474
10331	3.55722127504059e-05
10334	9.500638365045315e-05
10335	0.0006112362383467318
10336	0.0003264459467091786
10337	0.0001037921731767043
10338	3.446047402172416e-05
10339	6.657844415637169e-05
10340	5.7883174335910455e-05
10341	4.530459743199618e-05
10342	5.161589188217904e-05
10345	8.165698551979272e-05
10346	5.184899113960364e-05
10347	0.00014848272532460007
10348	2.9325143506464627e-05
10349	6.811059615690148e-05
10350	3.1636956089642075e-05
10351	8.586242476469721e-05
10352	5.354310476035967e-05
10353	0.00013867146414404136
10175	0.0005147742032564549
10354	0.001371848152958137
10355	5.95603560940389e-05
10077	0.00029931621110950324
10356	9.379900846670114e-05
10357	0.00010710078042021665
10358	0.00031708910139502443
10361	0.0008268643852141135
10362	0.00013157916733670406
10363	4.927013270504589e-05
10366	5.130665368260894e-05
10367	3.669748231662935e-05
10368	3.4747147617695985e-05
10369	0.00011355886462926537
10370	4.0486874635861646e-05
10371	0.0005719388045232721
10372	0.00022787468526611393
10310	0.00264286444938912
10373	6.39834824132785e-05
10374	5.565910091528016e-05
10375	2.9325143506464627e-05
10376	9.387819236052447e-05
10377	0.0001341837711938562
10378	4.488546159431496e-05
10379	0.0001490468729310621
10380	7.959449558993797e-05
10381	2.9325143506464627e-05
10382	4.252032122553355e-05
10383	0.0008846769141592324
10384	6.026371504970902e-05
10385	9.000718979360848e-05
10386	3.289489736014535e-05
10256	2.9325143506464627e-05
10387	8.377101950361856e-05
10388	4.494281661631782e-05
10389	0.0002319384391234079
10390	0.0001103792487606476
10391	2.9325143506464627e-05
10392	7.340345096208216e-05
10393	6.409469526879776e-05
10394	5.2315673251824356e-05
10395	0.00012514348810806208
10396	0.00021848698338956617
10397	0.0004845095801268536
10398	5.775171166847726e-05
10399	7.03785690636209e-05
10400	0.00042997034381857296
10196	0.0016219073437739083
10401	0.001038246186599765
10402	0.00012990283443640012
10403	0.00034115084317970013
10404	5.956487224525741e-05
10405	0.0001041829478585366
10406	0.0002547789347785985
10407	6.57352488280158e-05
10410	3.963601225802636e-05
10411	4.7397485744679485e-05
10412	8.264029205840981e-05
10413	0.0017919958527950084
10414	0.0002489242220654968
10415	6.237429128685072e-05
10416	2.9325143506464627e-05
10417	9.562359979304218e-05
10418	6.435839193601404e-05
10419	5.799122611095068e-05
10420	0.00011704260445173351
10421	0.0003268144184462034
10364	9.006729795872844e-05
10422	0.0003801229660550449
10085	0.00017374709349874054
10423	0.0008671985672822227
10424	0.00012726175781435024
10425	8.33816324758559e-05
10426	5.683734219007858e-05
10427	0.00010602335164457767
10428	0.0001349706258037227
10429	4.1066737665571845e-05
10432	0.0017392986587624081
10433	8.827974378190519e-05
10434	0.0012151744663006442
10435	0.0018304241860792236
10436	0.0005242278524841003
10437	5.073412604836168e-05
10438	2.9325143506464627e-05
10439	0.00044555231814962274
10121	0.0005559135878044985
10440	2.9325143506464627e-05
10301	7.85269473148207e-05
10441	3.210161872599408e-05
10442	4.2358435985020415e-05
10445	3.169280891106005e-05
10446	3.719570594742757e-05
10447	6.290380224111291e-05
10448	0.0003841142591330746
10449	4.009495956132082e-05
10450	0.0012019568315700185
10451	3.809408370537831e-05
10452	0.00021242043418728636
10455	6.060484286198442e-05
10456	2.9517903322428647e-05
10457	6.66011555472416e-05
10458	9.678032905904656e-05
10459	9.204973144802563e-05
10460	6.633343928952724e-05
10461	9.871854118388423e-05
10462	4.0155928558981256e-05
10463	6.945597800829248e-05
10464	4.2646902788134795e-05
10465	0.0004269224514241988
10466	0.0005902477007356078
10467	7.12168013164042e-05
10163	0.002280802621788294
10468	5.890699773630809e-05
10469	6.164695336226225e-05
10470	0.0013054183415879752
10471	0.0001418909556996786
10472	4.1783886931805726e-05
10473	0.0001969974665628191
10474	0.00012307496872438566
10475	0.00012301215203976438
10476	0.0004081267127780177
10477	2.9325143506464627e-05
10478	0.0001512968945150252
10479	4.429798841691695e-05
10480	9.826138712458578e-05
10481	0.0004547453396886803
10482	0.00013615733955967175
10483	8.317640856766357e-05
10484	0.00032851763546905564
10485	0.00010547629961141911
10486	0.00020055327674885342
10487	2.9325143506464627e-05
10488	4.566869207476253e-05
10489	0.00010332149650437557
10490	7.746527522987552e-05
10491	0.0006796621072023675
10492	4.1645177674153844e-05
10493	0.00013406719615549165
10494	0.00010530049002283871
10495	8.578807504949426e-05
10496	0.00039852521522414325
10497	8.923630277486999e-05
10498	7.085011756316707e-05
10499	0.00044106845619305813
10500	0.0004173535855587494
10501	2.9325143506464627e-05
10502	5.931107587738275e-05
10503	0.00019709026957788478
10504	6.68739849558491e-05
10505	0.00019699967347888115
10506	7.364379379146448e-05
10507	9.385924621528046e-05
10508	0.00011533820755031598
10509	0.00019872509908819858
10510	0.0003642771415653971
10511	3.277412741386577e-05
10512	0.0008666599182070067
10513	2.9325143506464627e-05
10514	0.0006620743840126151
10515	0.0002339642211774544
10516	3.244867812843527e-05
10517	4.0522181798123826e-05
10518	6.300752948859423e-05
10519	9.560289150352738e-05
10520	7.599987890553735e-05
10521	4.534500645691e-05
10522	9.330965835620847e-05
10523	3.4586146905848486e-05
10524	0.0002937347332773612
10525	0.0001534958471558031
10526	0.0001568630844926543
10529	0.0007546202533677623
10530	0.0006057972451013382
10531	0.0005086947634655416
10532	9.475216498902752e-05
10533	9.755826025223196e-05
10177	2.9325143506464627e-05
10534	6.223024937717718e-05
10535	0.00017412823539560889
10536	3.806664010409163e-05
10537	2.9325143506464627e-05
10538	4.363336375964707e-05
10539	0.00013249428422755144
10540	6.214784610764376e-05
10541	0.00019954671141671668
10542	5.2089773908301913e-05
10543	5.6924984143213225e-05
10544	0.000174139227799305
10545	0.0001225876315181934
10546	2.9325143506464627e-05
10547	4.477033298354163e-05
10548	0.0001433045527566947
10549	5.325764486455566e-05
10550	0.00046429299634904623
10551	4.146308229093625e-05
10552	0.00029677859824809314
10553	9.257879140515442e-05
10554	6.429095067358942e-05
10555	7.177019101051796e-05
10556	6.080211894974071e-05
10557	0.0003180721611841671
10558	2.9325143506464627e-05
10559	4.17232391649886e-05
10560	0.00020503488784591798
10561	4.290572881938044e-05
10562	4.488644499375718e-05
10563	0.00035818964423959605
10564	0.00017046708691560424
10565	0.0002357464838426633
10566	0.0003533527221413175
10567	0.00038701786366414825
10568	8.546166846866404e-05
10569	7.366807024412951e-05
10570	0.0001393387237090596
10571	0.00025432557780002973
10572	0.00031520393736599516
10444	6.722307882302882e-05
10573	4.932566691508237e-05
10574	5.473949229899418e-05
10575	6.961320393166985e-05
10576	0.0007278004828706681
10577	4.251963904767329e-05
10578	0.0007905542859752431
10580	9.855920496716594e-05
10581	0.00022696344177475271
10582	7.699223582039767e-05
10583	2.9325143506464627e-05
10584	0.0002483649848363535
10585	3.598881999706333e-05
10586	0.0001861425540722225
10587	0.0001094435052275638
10579	5.6863506834600616e-05
10588	0.0003021307446417792
10589	0.0029504418725764224
10590	6.826431189195372e-05
10591	2.9325143506464627e-05
10592	0.0006597035099564267
10593	0.0001402228352172911
10216	0.00022335641443089002
10594	4.020615456517603e-05
10595	0.0006710851472182761
10312	0.0006047241880167338
10596	4.8122812938436434e-05
10597	0.00014063969517851484
10598	0.0002636356805900711
10601	0.00023431078883151803
10602	4.197303163489398e-05
10604	0.0002319384391234079
10605	3.53494524947805e-05
10606	0.00015186758610516766
10607	2.9325143506464627e-05
10608	6.311403177232642e-05
10609	7.689146420846437e-05
10610	6.000015533049242e-05
10611	7.39536490977559e-05
10612	0.00021214112861869206
10613	0.00013655427218298085
10614	3.551562735504706e-05
10617	3.008287382956194e-05
10618	0.0001259867384161245
10619	8.258718591703435e-05
10620	0.0002624154080173543
10621	7.385992743860334e-05
10622	0.00031930933820572047
10623	4.265222456020601e-05
10624	0.00022358490994300225
10625	2.9325143506464627e-05
10626	8.937584148943872e-05
10627	7.085293657074211e-05
10628	3.4484395592234396e-05
10629	0.0002368606764619364
10630	5.8767427610024194e-05
10631	0.00016084540118974823
10632	3.0298786977921307e-05
10633	4.364413739928397e-05
10634	4.0153396862629504e-05
10635	2.9325143506464627e-05
10636	7.583549814932834e-05
10637	6.748137491268586e-05
10638	0.00023281249157965873
10639	6.046084142773662e-05
10640	3.660615167149382e-05
10641	0.00011818112624985212
10642	8.166221230389021e-05
10643	2.9325143506464627e-05
10644	9.177801994593972e-05
10645	9.206102646319655e-05
10646	0.0004060443563633706
10647	0.0014190200685527787
10648	0.00012414217265625216
10649	0.00010971880502854244
10652	8.29145408671426e-05
10655	0.00012318408160730062
10656	8.538959120144818e-05
10657	9.080271032549451e-05
10658	0.00015818727819464867
10176	9.360214205596724e-05
10659	0.0003272754042182208
10660	0.00015921601159960715
10359	3.289489736014535e-05
10661	2.9325143506464627e-05
10662	0.0003644102900807856
10663	5.911508939129832e-05
10664	6.031632217546105e-05
10665	8.500229467133468e-05
10666	0.00011680537428290095
10667	3.4228936335875674e-05
10527	0.00011399611588021461
10668	3.848336599032147e-05
10671	0.0002177314287037452
10672	2.9325143506464627e-05
10443	7.138266811588311e-05
10673	0.0001487950693966725
10674	8.37844996167149e-05
10675	2.9325143506464627e-05
10676	6.72766727119115e-05
10249	9.79096705414679e-05
10679	8.834641162789511e-05
10094	6.541932136034754e-05
10680	8.681058484267667e-05
10681	7.419779114508833e-05
10682	0.00014101152792098185
10683	0.00015773097208123966
10684	8.151219143315858e-05
10685	0.00037583708252208163
10686	3.348985633575881e-05
10687	0.0007285183273077063
10688	9.680511683837812e-05
10689	0.0006224560669453109
10690	0.0001260941153761293
10691	0.0009580533188696893
10692	6.750141380592956e-05
10693	6.590552774946717e-05
10694	0.00039024592050856537
10695	3.979342638104866e-05
10696	4.02721953111487e-05
10651	0.00019344279355898536
10697	3.736499680037567e-05
10698	2.9325143506464627e-05
10700	2.9325143506464627e-05
10701	0.0006138136812834697
10702	0.00010685266654518306
10703	5.435824199445534e-05
10704	0.0003147647443394548
10705	9.844881665024906e-05
10706	7.380714140834106e-05
10707	0.00012902215032482563
10708	0.0001417461553830198
10709	9.93168870876387e-05
10710	7.561402417535264e-05
10711	0.0008924052671040138
10712	0.00022090019658296505
10713	3.22999383845319e-05
10714	6.118729962384732e-05
10717	8.837970890416206e-05
10718	0.0007637779954527815
10719	0.00017593283634562807
10720	0.00010234021561928329
10721	3.0286231082455594e-05
10722	4.668546983630673e-05
10723	3.476236165261667e-05
10724	0.00010129228814719151
10725	6.07699867580117e-05
10726	0.0001362671530201053
10727	0.0004067764191124033
10728	6.816716189572228e-05
10729	5.9130398505869076e-05
10730	8.932368195613131e-05
10733	0.00015811485143651436
10734	0.00032607138584387073
10735	2.9325143506464627e-05
10736	0.0004033943836293324
10737	7.395186890398686e-05
10738	8.789388675969084e-05
10739	7.660576930869521e-05
10740	0.00015942726118412195
10741	9.90221078986547e-05
10742	0.0001035833354002388
10743	6.105787306890033e-05
10744	8.1118836196045e-05
10745	3.902182256947919e-05
10746	9.589762288391516e-05
10747	7.901888825894885e-05
10748	0.00011695921644322473
10750	3.352364860102145e-05
10753	0.00022343902760172483
10754	0.0003460238674818492
10755	4.1356282899784804e-05
10758	0.001904808453608823
10759	5.9687053164801594e-05
10760	2.9325143506464627e-05
10761	4.9222574357121756e-05
10763	5.141984145016148e-05
10600	0.0001497065940894196
10764	9.041718267658858e-05
10765	0.00013496199940972095
10766	2.9325143506464627e-05
10767	0.0001431763530249805
10650	5.32973066429499e-05
10768	8.218434512090592e-05
10769	0.00023022073771817434
10770	5.478460611373805e-05
10771	0.0004370929355309289
10248	2.9325143506464627e-05
10772	4.2622794682217336e-05
10773	7.120677494747156e-05
10774	0.00017051170883129318
10775	9.417922339043516e-05
10776	0.0001352440655346646
10777	2.9325143506464627e-05
10778	2.9325143506464627e-05
10779	0.0002934912450280376
10781	0.0005547043058557658
10782	8.912987184735641e-05
10783	6.210188915172792e-05
10784	8.067927397584871e-05
10785	5.0153187571032686e-05
10786	4.5036070663290764e-05
10787	3.079504215209787e-05
10788	0.00013232501575066385
10791	0.0002317861108528521
10792	0.000235644899563187
10793	3.765456916505299e-05
10794	8.454595175461724e-05
10795	8.107591954478207e-05
10796	0.000454290564012076
10797	0.0005230879775437749
10798	9.716202470427132e-05
10799	9.958500918710833e-05
10800	0.00014452664014485273
10801	6.879862975715048e-05
10802	6.306609460685388e-05
10803	0.00011090065250955939
10804	4.767030953574891e-05
10805	0.00016086893696473707
10806	5.773675437966155e-05
10807	3.294598604313171e-05
10808	2.9325143506464627e-05
10317	0.0029085061123978184
10809	2.9325143506464627e-05
10810	2.9325143506464627e-05
10051	0.00017438209920219997
10811	0.00022751528221544984
10812	8.067393926985985e-05
10813	4.771580253431241e-05
10814	0.0002060453666776263
10815	6.631079431089743e-05
10816	2.9325143506464627e-05
10817	0.00013184337394307126
10818	0.00039355021787548805
10819	6.523487862205618e-05
10820	2.9325143506464627e-05
10821	0.0001058898477785855
10822	4.022107392776013e-05
10823	0.00013441487586080594
10343	8.586074082906291e-05
10828	6.378596062176753e-05
10831	8.581404680364519e-05
10832	3.0460974278090316e-05
10833	7.077135918906711e-05
10834	5.446366899448499e-05
10835	0.0002114161853382602
10836	2.9325143506464627e-05
10837	0.0001121038448999082
10677	2.9325143506464627e-05
10838	0.00014194660191676724
10839	7.804586428025097e-05
10095	0.00012389769936602956
10842	3.2102126318031574e-05
10843	6.21553043479537e-05
10844	5.799667105352087e-05
10845	8.191001657338879e-05
10846	7.393746228930308e-05
10847	2.9325143506464627e-05
10848	0.0005645898554323182
10849	2.9325143506464627e-05
10850	2.9325143506464627e-05
10851	6.362952547723929e-05
10852	6.643362246655624e-05
10853	0.0002010027401114043
10854	9.600581919792855e-05
10855	4.170079304432939e-05
10856	0.00040107099877755795
10857	9.073084305627077e-05
10858	0.00016241105886126834
10859	7.980436991687922e-05
10860	7.090528047586241e-05
10861	0.00011200686871784003
10862	9.001162423798315e-05
10863	8.772250179547949e-05
10864	5.846504548911242e-05
10865	5.467473968392961e-05
10829	0.0007309154068344613
10866	8.91703284640831e-05
10867	3.53494524947805e-05
10868	0.0004977606851107485
10869	4.9170996417032406e-05
10870	3.423941678192612e-05
10871	9.046908610858454e-05
10872	0.00012099495552078037
10873	2.9325143506464627e-05
10874	5.678977723682516e-05
10875	6.539962252337435e-05
10876	2.957502627622228e-05
10877	7.398830533088714e-05
10878	2.9325143506464627e-05
10879	5.504611187371552e-05
10880	6.270431538864494e-05
10883	6.267063238521565e-05
10884	0.00019565459738601134
10885	0.00017192037976713673
10886	0.00012251967169936317
10107	5.1405174160756787e-05
10309	0.0001164398531243699
10887	7.675076367367689e-05
10888	3.140749992111172e-05
10889	7.479509241570929e-05
10890	0.0002518062741848985
10891	6.877195957810892e-05
10892	4.938170881289706e-05
10893	0.00010285829103862697
10894	0.00017294184087339118
10895	5.9231382704616244e-05
10896	5.5060554180880207e-05
10897	0.00012255421191785127
10898	4.194602469785574e-05
10899	5.178676744403756e-05
10900	2.9325143506464627e-05
10901	5.32446229668026e-05
10902	7.735320055533235e-05
10903	5.892986373525602e-05
10904	4.47135823469433e-05
10905	8.709418709826398e-05
10906	6.949069917798078e-05
10907	0.00012841616326697908
10908	7.57437066791172e-05
10909	4.704269034586076e-05
10910	9.855918482194673e-05
10911	2.9325143506464627e-05
10912	4.357774957323222e-05
10913	0.0002589740593332662
10914	9.590409460696807e-05
10824	0.00010003615844669008
10915	2.9325143506464627e-05
10916	4.709074632739299e-05
10917	3.439632424193467e-05
10918	0.00020972164789209778
10919	5.469521584495284e-05
10920	0.00038012579743540117
10921	0.00024301657524933043
10827	0.0009902609471736982
10922	8.891460664917145e-05
10923	3.6979495311211174e-05
10924	0.0001341782476178177
10925	8.268383202895458e-05
10926	6.592649357079845e-05
10927	0.0002545809493045046
10928	3.8146850039390375e-05
10929	0.00011695304894098881
10930	0.00012222577893461977
10931	4.040806669257991e-05
10932	3.590301132464151e-05
10933	6.312821446007448e-05
10300	7.756906606465885e-05
10934	3.057161193641822e-05
10935	6.269410661768803e-05
10936	8.327515725247586e-05
10297	0.00024443882124617234
10937	5.036638979666825e-05
10938	0.00011545758179486424
10939	0.0001355385650796615
10940	3.2294886133995594e-05
10941	2.9325143506464627e-05
10942	4.70005907121264e-05
10943	2.9325143506464627e-05
10944	7.013030044913933e-05
10945	0.00025148758048455956
10946	0.0002319384391234079
10947	6.890717747172923e-05
10948	2.9325143506464627e-05
10949	0.00014705495576918394
10950	6.656145496604284e-05
10951	7.456486279249877e-05
10952	2.9325143506464627e-05
10953	0.00011162302650409196
10954	0.00021139315985027767
10955	8.362744732913741e-05
10956	2.9325143506464627e-05
10957	4.4939258127908335e-05
10958	5.513516525839346e-05
10050	0.00021768380716525733
10959	3.856193597733018e-05
10960	0.00019591191960719993
10961	6.506721596836943e-05
10962	0.0001129040488667646
10963	0.0005473774594142091
10964	4.7471392262675e-05
10965	0.00010747992572554779
10966	3.8054982996878745e-05
10967	9.06029033795555e-05
10968	9.028270642009107e-05
10969	0.00015588294344412549
10970	6.335828143238609e-05
10971	5.014870765293554e-05
10972	3.5185344896354826e-05
10973	8.580271028903676e-05
10974	4.6070905169556264e-05
10975	0.00012582187160809164
10976	0.00015431441285806348
10977	2.9325143506464627e-05
10978	2.9325143506464627e-05
10979	0.0004887692903865457
10980	4.915097625741046e-05
10981	2.957502627622228e-05
10982	4.5260422760037586e-05
10983	2.9325143506464627e-05
10984	3.633797055626588e-05
10985	0.0001395779340171864
10986	0.00020928948793959558
10987	2.9325143506464627e-05
10990	7.845647562987783e-05
10991	4.145477942858585e-05
10992	8.325462381738926e-05
10993	0.00039852521522414325
10994	2.9325143506464627e-05
10995	0.000295252684843645
10996	2.9325143506464627e-05
10997	9.354422285047299e-05
10998	0.0001537067818294426
10999	0.00010217360824488215
11003	4.8107505527830424e-05
11004	3.1141038742040614e-05
11005	0.00011629005598873402
11006	0.0001674963444645198
11007	6.935146126439389e-05
10344	0.00016896819389942503
11008	3.052163545263495e-05
11009	8.606848925908893e-05
10221	0.00010583309059350073
11012	0.00010168044879252372
11013	2.9325143506464627e-05
10360	5.469880560898865e-05
11014	2.9325143506464627e-05
11015	7.047967836369016e-05
11016	7.604186291655958e-05
11017	5.7735357695845154e-05
11018	0.00022849870930540786
11019	4.397407042527542e-05
11020	2.9325143506464627e-05
11021	3.435567794802944e-05
11022	0.00011370501639086671
11023	4.6953940818518275e-05
11024	0.0003728184999167474
11025	0.00018180277922645303
11026	8.205154483662764e-05
11027	0.0004582079731958506
11028	4.423884289949249e-05
11029	0.0003845897009462011
11030	2.9325143506464627e-05
11031	0.00013589000301898255
11032	0.0001611231859813573
11033	9.013574278588794e-05
11034	2.9325143506464627e-05
11035	5.492399245693461e-05
11036	0.0001024282625482688
11037	0.00016361475931764736
11038	0.00013490726213002426
11039	0.00011643837393125697
11040	0.0010512116581315152
11041	7.174870086938546e-05
11042	0.0001842352445245188
11043	3.707331025477375e-05
11044	6.719564660778371e-05
11045	8.538554335818077e-05
11046	7.586692262159912e-05
11047	8.341449043673691e-05
11048	0.0001291133351202501
11049	4.248929749787137e-05
11050	5.2256285461880665e-05
11051	8.423931950994139e-05
11052	3.645421597171838e-05
11053	3.726345790137223e-05
11054	2.9325143506464627e-05
11055	7.252343582836152e-05
10716	3.7516279381417934e-05
11056	6.409043693382323e-05
11057	0.000574906686098378
11059	9.009867067022268e-05
11060	0.000284020909400998
11061	5.831751818468314e-05
11062	9.245100976529183e-05
11063	4.3063323452874433e-05
11064	6.712376389985316e-05
11065	0.00012371454030044441
11066	5.956299460814344e-05
11067	0.00015577650761235205
11068	4.487435915056384e-05
11069	0.0002348767047009323
11070	3.1876169331558294e-05
11071	0.00013856855393544097
11072	9.208588775985983e-05
11073	3.440385910358001e-05
10840	3.8358861871986805e-05
10670	0.0003892347017873463
11075	0.00015708363713579817
11076	7.741756377084287e-05
11077	0.00019591191960719993
11078	0.00011935788377625223
11079	0.00016192913985795486
11082	3.09910286381823e-05
11083	6.002954228644188e-05
11084	3.442913147145369e-05
11085	0.00018118036015334838
11086	4.121492278735032e-05
11087	2.9325143506464627e-05
11088	0.00016795705349031707
10751	0.0008471117075128136
11089	9.23896356690078e-05
11090	2.9325143506464627e-05
11091	0.0001354599258169388
11092	3.9017520373894314e-05
11093	0.00010118027559706961
11094	3.848751173091183e-05
11095	0.0005295630945565566
11096	4.5572034019647685e-05
11097	9.552273739682914e-05
11098	3.655431429244367e-05
11099	5.66670982816725e-05
11100	7.593142813995775e-05
11101	3.5482527202339297e-05
11102	2.9325143506464627e-05
11103	0.00010002921877510716
11104	4.181928199434718e-05
11105	2.9325143506464627e-05
11106	3.9240218520001976e-05
11107	7.711086427598059e-05
11108	7.509065378023305e-05
11109	8.075267189787264e-05
11110	7.277027222303514e-05
11111	9.618771419202009e-05
11112	9.964236154088946e-05
11113	9.780952128061009e-05
11114	2.9325143506464627e-05
11115	2.9325143506464627e-05
11116	0.00013117612609418747
11117	0.00023403088770780034
11118	6.39797069241267e-05
11119	3.6145450236512915e-05
11122	7.893183923938913e-05
10841	3.906969270701028e-05
11123	2.9325143506464627e-05
11124	2.9325143506464627e-05
11125	0.00015923747020991057
11126	0.0001399630445938469
11127	5.678651142833623e-05
11128	8.461357964707024e-05
11129	3.765456916505299e-05
11130	4.104555248503699e-05
11080	9.103090866052635e-05
11131	0.0009545176592140183
11121	0.00034756911459611677
11132	7.81870633925215e-05
11133	0.0005961635134924312
11134	0.00039852521522414325
11135	3.061533768017136e-05
11136	0.0002567625241938309
11137	7.2438401692596e-05
11138	9.704985929578456e-05
11139	5.362836656959743e-05
11142	6.06399314073898e-05
11143	4.3796411983304234e-05
11144	3.9998463912953624e-05
11145	2.9517903322428647e-05
11146	2.9325143506464627e-05
11147	0.00019591191960719993
11148	2.9325143506464627e-05
11149	7.567665295318586e-05
11150	3.076972370529376e-05
11151	2.9517903322428647e-05
11152	0.00014440696378347937
11153	0.00013113806177150373
10732	0.00018309811769361714
11158	0.00015505216398472235
11159	6.883018204986667e-05
11164	2.9325143506464627e-05
11165	4.181928199434718e-05
11166	5.356477451977382e-05
11167	6.958628162646968e-05
11168	2.9325143506464627e-05
11169	4.181928199434718e-05
11170	5.272697388051168e-05
11171	6.245425931350075e-05
11172	7.374503529890383e-05
11173	4.3105074068727824e-05
11174	5.9988867151517424e-05
11175	5.966466340369237e-05
11176	5.272175570044462e-05
11177	5.6590051475129896e-05
11178	6.505538967870675e-05
11181	0.0001405443431826625
11182	0.00010326705128737396
11160	5.460001110659781e-05
11183	0.0001287417611954378
11184	2.9325143506464627e-05
11185	7.069303334555479e-05
11186	8.683133185447554e-05
11187	4.694704187435785e-05
11188	8.163045722955564e-05
11189	7.76281377883284e-05
11190	2.9517903322428647e-05
11191	0.00022747031859010324
11192	3.946645750583738e-05
11010	6.755252616380725e-05
11193	4.733110696101329e-05
11194	3.446484016178207e-05
11195	6.753417786721315e-05
11196	0.00011646094006226544
11197	0.0005526220510276716
11198	8.156460721036415e-05
11199	2.9325143506464627e-05
11200	0.00011783384610549015
11201	0.00014135368523175492
11202	3.850077515450728e-05
11203	0.0001287108557673045
11204	3.09910286381823e-05
11205	7.86265558138821e-05
11206	9.250994609298002e-05
11207	7.602642799590806e-05
11208	2.9325143506464627e-05
11209	5.245980357660286e-05
11210	5.772643421887295e-05
11211	0.00011190275057105393
11011	4.121021610316667e-05
11212	3.5064364807450485e-05
11213	2.9325143506464627e-05
11180	0.00017798409594071594
11214	6.186389087889439e-05
11215	3.210231107232532e-05
11216	9.361761231247746e-05
11217	0.0001275753656540487
11218	2.9325143506464627e-05
11219	3.780743047247326e-05
11220	8.997102392517484e-05
11221	0.00014021145610897768
11154	2.9325143506464627e-05
11224	0.0001056806064927044
11225	0.00013594249189179697
10699	3.6258820710452334e-05
11226	5.088937928182405e-05
11227	2.9517903322428647e-05
11228	7.521254849662763e-05
11229	8.843907072209597e-05
11230	2.9325143506464627e-05
11231	4.8397149812524065e-05
11232	8.872114492915304e-05
11233	6.561778369234841e-05
11235	0.0002265704298867653
11236	5.771922375243358e-05
11237	0.00011565906901526701
11238	3.5482527202339297e-05
11239	0.00011052381630010612
11240	0.00016021448742170374
11241	7.993851139659561e-05
11242	4.8997940686379796e-05
11243	7.872445337476388e-05
11244	5.4765495953954434e-05
11245	6.318345380470637e-05
11246	0.00012286970094827827
11247	7.98445605352583e-05
11248	0.00011298283477157489
11249	7.366102152220975e-05
11250	4.3289180639980416e-05
11251	5.29056971009365e-05
10365	0.0011312476988188137
11252	9.136275466309048e-05
11255	0.00021673548375367085
11256	3.0286231082455594e-05
11257	0.000184859041060831
11258	2.9325143506464627e-05
11259	3.2020001317799794e-05
11141	4.352033542003454e-05
11260	4.096058828524825e-05
11261	0.00014062076670382444
11264	3.668708689185721e-05
11265	4.069923848853226e-05
11266	8.416905311110258e-05
11267	5.783603284967057e-05
11268	3.398009563952956e-05
11269	0.00012566971126838622
11270	3.5755138580928416e-05
10988	0.00041224957680881415
11271	3.0640315978873314e-05
11272	2.9325143506464627e-05
11273	5.431342048222973e-05
11274	5.2950304479738114e-05
11275	5.881742980298059e-05
11276	4.053073105042002e-05
11277	2.9325143506464627e-05
10090	0.0001918727894134037
11278	0.0002491546511625913
11279	4.054038906746731e-05
11280	5.478460611373805e-05
11281	2.9325143506464627e-05
11282	7.895304624000774e-05
11283	7.927187201966093e-05
11284	6.976895643477653e-05
11285	3.5970576261250614e-05
11286	0.00039852521522414325
11287	0.00011376392198613024
11288	2.9325143506464627e-05
11289	0.00016684057588953053
11290	2.9325143506464627e-05
11291	6.35550306134665e-05
10067	8.181830350670444e-05
11292	0.00022616224628287102
11293	8.73114284382891e-05
11294	5.623735528747655e-05
11295	0.00021329816585741404
11296	0.000408822421098462
11297	0.00012029724976850795
11298	8.946756703201012e-05
11300	5.954484615091829e-05
11301	4.357774957323222e-05
11302	9.552102395326432e-05
11303	5.691491949997773e-05
11304	0.00010362693114614794
11305	3.55722127504059e-05
10215	7.003476912194177e-05
11306	2.9325143506464627e-05
11307	2.9325143506464627e-05
11308	4.991009456263908e-05
11309	2.9325143506464627e-05
11310	3.700568333921731e-05
11311	4.203082479222337e-05
10453	2.96539366245668e-05
11312	7.781810612742387e-05
11313	8.923884834617502e-05
11314	8.87642004005599e-05
11223	0.00019422292981486779
10825	0.0002357480220232074
11315	3.210161872599408e-05
11316	4.786780551671928e-05
10757	4.7913699407585484e-05
11317	0.00026615674266129523
11318	0.00011680914764619784
11319	4.135669471053207e-05
11320	8.990865732803167e-05
11321	2.9325143506464627e-05
11322	6.72787446016206e-05
11323	0.00011051311193179367
11324	6.0573211410489786e-05
11325	3.5595304218475505e-05
11326	5.106807054495955e-05
11327	6.0428602682524144e-05
11328	5.4864792874152505e-05
11329	0.00012108224854517778
11330	2.9325143506464627e-05
10108	7.976285153174063e-05
11331	5.827640211456549e-05
11332	0.00016705116190684775
11333	2.9325143506464627e-05
11334	3.4322798901617645e-05
11335	4.722470172923969e-05
11337	0.00013334373578008344
11338	6.125657174893528e-05
11339	8.665347330460438e-05
11340	0.0002948824291148333
11341	3.338959196842272e-05
10826	7.586545799872612e-05
11342	4.217468658784837e-05
11343	7.792777211817051e-05
11344	6.638242734419602e-05
11345	6.941670578075972e-05
11346	6.512923437124857e-05
11347	8.994419478737157e-05
11348	2.9325143506464627e-05
11349	9.924823095538785e-05
11350	0.00019568068172515045
11351	6.154207017671168e-05
11352	0.00039852521522414325
11353	7.130964117447201e-05
11354	6.463193129006439e-05
11355	2.9325143506464627e-05
11356	6.42847255869785e-05
11357	7.346031573988136e-05
11358	2.9325143506464627e-05
11359	5.3264278205700295e-05
11360	5.219379428876738e-05
11361	0.0009485865742366283
11362	7.073676110458999e-05
11363	5.3469052009342544e-05
11364	2.9325143506464627e-05
11365	2.9325143506464627e-05
11366	0.00012197168178793453
11367	0.0001305436174214142
11368	2.9325143506464627e-05
11369	2.9325143506464627e-05
10830	0.00010759054555689457
10122	0.00023523130897918604
11370	3.471952733050413e-05
11371	4.638219349883201e-05
11372	0.00010149915909161328
11373	3.079504215209787e-05
11374	4.020947596599108e-05
11375	7.656559675426472e-05
11376	5.871523682736e-05
11377	0.0005665247375763093
11378	2.9325143506464627e-05
11379	0.00026907016057459946
11081	0.0005948927430567187
11380	4.895462771819342e-05
11381	0.00010119807699611229
11382	7.330802161187236e-05
11383	4.214669928852342e-05
11262	2.9325143506464627e-05
11384	0.00012471168703352274
11385	9.415619084536506e-05
11386	0.00012030395681285291
11387	3.885106111122331e-05
11388	0.00013226383007876454
11389	3.933890606309026e-05
11390	5.5717711082496645e-05
11391	4.134752513093116e-05
11392	3.348985633575881e-05
11336	9.014166446513996e-05
11393	0.00013887675741631659
11394	8.586346611914552e-05
11395	0.00010211293689099896
11396	4.4726112832412784e-05
11397	3.0443395062271796e-05
11398	7.96834766974208e-05
11399	2.9325143506464627e-05
11400	0.00010600572670519182
11401	0.00010424212124534727
11402	9.34422013419941e-05
11403	5.883485257469549e-05
11404	4.413662559698098e-05
11405	0.0002125635664276078
11406	0.0005025158126333406
11407	6.793173693560095e-05
11408	0.0001187006313872321
11409	6.157698503892205e-05
11140	2.957502627622228e-05
11410	7.874281547389071e-05
11411	0.00012693075049502431
11412	0.00017403514990682722
11413	8.468349439399063e-05
11414	0.00011486020097333543
11415	3.326878010925358e-05
11416	0.0001408808600064745
11417	3.420078077676908e-05
11418	3.974176126198953e-05
11419	2.9325143506464627e-05
11420	3.735372512581409e-05
11423	4.3943691889922385e-05
11424	4.744509487162971e-05
11425	3.1247318658446554e-05
11426	6.308508840922506e-05
11427	7.765978720761682e-05
11428	4.1505627532548884e-05
11429	4.0282836638637016e-05
11430	3.75347278969614e-05
11431	3.765456916505299e-05
11432	2.9325143506464627e-05
11433	0.00012292196547361486
11434	8.711667137563317e-05
10117	0.000101331683084768
11435	3.632111523483144e-05
11436	3.1464000722460295e-05
11437	3.4278690069476055e-05
10790	7.480066812266807e-05
11438	2.9325143506464627e-05
11439	9.066232202091173e-05
11440	0.00039852521522414325
11441	2.9325143506464627e-05
11442	5.021774838120033e-05
11443	2.9325143506464627e-05
11444	7.606704210673593e-05
10528	8.924270472307625e-05
11445	3.963118310856934e-05
11446	3.410030351549424e-05
11447	2.9325143506464627e-05
11448	2.9325143506464627e-05
11449	8.153227731516855e-05
11450	5.244153909584991e-05
11451	2.9325143506464627e-05
11452	0.0001006718716896562
11453	6.267672592639648e-05
11454	3.363693927256141e-05
11455	0.00011321864467148954
11456	2.9325143506464627e-05
11457	4.7941450006811336e-05
11002	0.00010344661354745568
11458	7.447886245652254e-05
11459	4.071617744431061e-05
11460	7.381879501616171e-05
11461	8.56939953763935e-05
11462	4.181928199434718e-05
11463	2.9325143506464627e-05
11464	0.000131587593403808
11465	3.210161872599408e-05
11466	9.055263538729039e-05
11468	3.4322798901617645e-05
10173	5.902045781961213e-05
10316	5.431342048222973e-05
11469	2.9325143506464627e-05
11470	0.0001032601294930415
11471	5.471032931969312e-05
11472	0.0002760580205677806
11473	4.891608311209937e-05
11474	3.492602149877402e-05
11475	6.514933049805931e-05
11476	0.0002020097316155489
11477	5.1180870814679705e-05
11478	4.088717643362145e-05
11479	3.169280891106005e-05
11480	2.9325143506464627e-05
11481	0.00043891137866362774
10195	4.904021490888662e-05
11482	2.9325143506464627e-05
11483	6.469650791129801e-05
11486	0.00019844621365460236
11487	3.5728963283695724e-05
11488	3.481214893010806e-05
10068	6.986347871674221e-05
11489	0.0001230253525387854
11490	4.248535841061492e-05
11491	0.00010793851776307982
11492	0.0001158500214031394
11493	4.497952633380898e-05
11494	3.765456916505299e-05
11495	5.296725498675274e-05
11496	3.09910286381823e-05
11497	2.9325143506464627e-05
11498	3.640515531626474e-05
11499	2.9325143506464627e-05
11500	8.981370961878725e-05
11501	0.00022750469413082086
11502	3.294598604313171e-05
11503	3.7127477017270904e-05
11504	6.65425151581375e-05
11505	8.639821337150957e-05
11506	0.00047821838858410536
11507	7.766482202138956e-05
11508	0.000296242972049231
11509	2.9325143506464627e-05
10654	0.000171610519539384
11510	9.875678440555139e-05
11511	8.037061675213926e-05
11512	5.1315133481459805e-05
11513	5.981491151653076e-05
11514	9.576378990500956e-05
11515	0.00016251585652472215
11516	9.107026797279934e-05
11517	4.7437181914383724e-05
11518	0.00010552997586253055
11519	9.065899314307024e-05
11163	0.00011467315615738157
11520	2.9325143506464627e-05
11521	3.585743311329366e-05
11522	0.00011677371307032225
11523	2.9325143506464627e-05
11524	3.912446781068623e-05
11525	2.9325143506464627e-05
11526	0.0007131356703394021
11527	7.84159163969181e-05
11528	0.00023945758026263527
11529	2.9325143506464627e-05
11530	0.00012139723029907079
11533	7.421133080873522e-05
11534	7.598009199784234e-05
11535	0.00039355021787548805
11536	4.365674932325987e-05
11537	4.6681669766353065e-05
11538	5.478460611373805e-05
11539	4.181928199434718e-05
11540	0.0001753888382885898
11541	6.43669617937643e-05
11542	8.799434255382406e-05
11543	5.218363394144709e-05
11544	0.0005106475301256375
11545	3.4579803537637465e-05
11546	8.732726466235025e-05
11547	6.375345796855083e-05
11548	7.514683031449462e-05
11549	5.385018127890928e-05
11550	5.0877845485441764e-05
11551	2.9325143506464627e-05
11552	4.59936917137705e-05
11553	2.9325143506464627e-05
11554	3.33087080854925e-05
11555	2.9325143506464627e-05
11556	0.00039355021787548805
11557	5.1787045977616466e-05
11058	3.420340265291285e-05
11559	0.0002452881782236472
11560	2.9325143506464627e-05
11561	0.00010699742135614764
11562	5.2612517898915916e-05
11563	4.265222456020601e-05
11564	3.641490055166866e-05
11565	4.534413669822765e-05
11566	6.198068742721659e-05
11567	3.665865957543917e-05
11568	4.709842562512663e-05
11569	2.9325143506464627e-05
11570	3.307149837499809e-05
11571	6.0252424675614395e-05
11572	8.362971545374345e-05
11573	0.00011606834234161328
11574	7.540853317659781e-05
10989	0.00040668343920644354
11575	2.9325143506464627e-05
11576	3.1247318658446554e-05
11577	2.9325143506464627e-05
11578	0.00015203580741170484
11579	9.214492802703791e-05
11580	3.9039546140933804e-05
10669	0.0008191966435695918
11581	8.609010192008005e-05
11582	4.5783320505921565e-05
11583	2.9325143506464627e-05
11584	2.9325143506464627e-05
11585	0.00014877340398065665
11586	8.970573990704855e-05
11587	5.128431978313745e-05
11588	0.0001338164780418819
10454	0.00014916159788312856
11589	7.616830430022745e-05
11590	0.0008041345090839313
11591	3.53494524947805e-05
11592	7.171009460875692e-05
11593	4.309178731120504e-05
11594	0.0001073777735577582
11595	0.0002319384391234079
11596	2.9325143506464627e-05
11597	3.9833746241086065e-05
11234	4.3614109417298314e-05
11598	5.375373188483399e-05
11599	4.979383465147408e-05
11600	0.00013396486253703938
11601	0.0001337850383268291
11602	2.9325143506464627e-05
11603	4.064834595602087e-05
10409	0.00020878379614059291
11606	4.181928199434718e-05
11607	5.2329627965879844e-05
11608	0.00012944988705669187
11609	9.033919743250362e-05
10431	0.00011598203093507278
11610	6.418092010260585e-05
11611	4.092767287934329e-05
11612	2.9325143506464627e-05
11613	3.0517434401459248e-05
11614	0.0001255236554081826
11615	2.9325143506464627e-05
10257	4.931282934798402e-05
11616	3.761392241290838e-05
11617	0.00014973355696340943
11618	6.590195528009349e-05
11619	0.0001409357312273199
11620	2.9325143506464627e-05
11621	0.00013834981231474288
11622	5.431342048222973e-05
11623	2.9325143506464627e-05
11624	4.248929749787137e-05
11625	0.0001427893821552657
11626	4.615647454433772e-05
11627	7.508026281856981e-05
11628	3.3609102048347714e-05
10882	0.0004699390430515607
10408	2.9325143506464627e-05
11629	3.621742595098255e-05
11630	0.00012410919399543217
11631	2.9325143506464627e-05
11632	9.403065061847295e-05
11633	7.81589043148374e-05
11634	0.0001334046181184767
11635	7.184537405887598e-05
11636	7.877098268255368e-05
11637	4.0203019367518177e-05
11638	5.474096849019519e-05
11639	3.289489736014535e-05
11640	2.9325143506464627e-05
11641	6.507018506992264e-05
11642	5.3081024572432504e-05
11643	4.962457520056881e-05
11644	0.000276939995726283
11645	6.082202805942454e-05
11646	3.4322798901617645e-05
11647	0.0003829053786957026
10715	9.860567873547824e-05
11648	4.143202906002459e-05
11649	2.9325143506464627e-05
11650	3.471952733050413e-05
11651	2.9325143506464627e-05
11652	6.032874659173648e-05
11000	2.9325143506464627e-05
11653	0.00039355021787548805
11654	2.9325143506464627e-05
11655	3.55722127504059e-05
11656	3.7151236798117685e-05
11657	0.00019591191960719993
11658	3.3038317728759824e-05
11659	0.00039852521522414325
11660	4.096058828524825e-05
11661	6.403822731261835e-05
11662	3.043482028005946e-05
11663	3.052163545263495e-05
11664	0.00014000685903980105
11665	2.9325143506464627e-05
11666	0.0001415727546878782
11667	8.291773719612677e-05
11668	6.09445741606997e-05
11669	9.783059689901363e-05
11670	0.00016445565780596043
11671	2.9325143506464627e-05
11672	4.591142124641502e-05
11673	0.00012030239165222651
11676	2.9325143506464627e-05
11677	3.732368310650872e-05
11678	4.181928199434718e-05
11679	3.72451349810122e-05
11680	0.0007091870134277271
11681	0.00016579787796262336
11682	5.058666713467881e-05
11683	4.181928199434718e-05
11684	3.244867812843527e-05
11675	8.795575693830587e-05
11685	6.869511724998163e-05
11484	2.9325143506464627e-05
11686	0.00012656284304197907
11687	0.00047944171151676526
11688	6.0245162188416916e-05
11689	0.00023693609451856093
11690	7.950640129609242e-05
11691	3.348985633575881e-05
11692	3.43988464907303e-05
11693	2.9325143506464627e-05
11162	0.00013714991020176816
11694	2.9325143506464627e-05
11695	3.726345790137223e-05
11696	5.305712205269503e-05
11697	6.60775902834429e-05
11698	5.091874339318983e-05
11699	6.014100598237232e-05
11700	4.2797772525537495e-05
11701	0.00010857538680655953
11702	4.243778463631115e-05
11703	2.9704383001352264e-05
11704	9.860157481982382e-05
11705	4.459575721387663e-05
11706	7.380375155019595e-05
11707	0.00025078000649344845
11708	5.639577689687682e-05
10752	0.0003259788206230481
11709	6.924959203946331e-05
11710	3.422844537021428e-05
11711	5.431342048222973e-05
11714	7.370582613014063e-05
11715	0.0001153525928911204
10057	5.11130545443705e-05
11716	8.498659658538255e-05
11717	2.9325143506464627e-05
11718	4.409439822495828e-05
11719	2.9325143506464627e-05
11720	5.0142714817864936e-05
11721	0.0001362527883278191
11722	0.0004625459853417109
11723	9.368434672801138e-05
11724	4.884170421394322e-05
11725	0.0001223601099410589
11726	3.5864190299122307e-05
11727	8.382294713691475e-05
11728	5.212537511109894e-05
11729	5.038322759643704e-05
11730	2.9325143506464627e-05
11731	3.135544101074554e-05
11732	5.2560984838098827e-05
11733	3.0460974278090316e-05
11734	8.288886404697993e-05
11735	2.9325143506464627e-05
11736	0.0001137404769359651
11737	3.944066758028637e-05
11738	0.00020068256463318487
11739	3.2820964393170195e-05
11740	0.00022673345454956074
11741	0.00028392254103131224
11742	2.9325143506464627e-05
11743	9.183976943867522e-05
11744	0.00012037400157989877
11747	8.475722745943486e-05
11748	3.471952733050413e-05
11749	3.597443460076678e-05
11750	4.424215203978269e-05
11751	9.236413878614516e-05
11752	4.15438974642056e-05
11753	6.415832678065839e-05
11754	5.43769852645532e-05
11755	0.0006011611688875843
11756	5.148255402666146e-05
11757	8.116414431773086e-05
11758	0.0003117050540621702
11759	5.431342048222973e-05
11760	8.53149971531225e-05
11761	3.0874107599657235e-05
11762	3.967406019889938e-05
11763	4.040806669257991e-05
11764	2.957502627622228e-05
11765	3.6635151435633535e-05
11766	4.328339780477215e-05
11767	3.498930104280602e-05
11768	2.9325143506464627e-05
10731	7.856214739648153e-05
11769	3.768333683060679e-05
11770	3.765456916505299e-05
11771	3.277917319486899e-05
11772	4.6950803159013223e-05
11773	2.9325143506464627e-05
11774	0.00010470981970488804
11775	2.9325143506464627e-05
11776	6.705949244651072e-05
11777	9.107463744272441e-05
11778	4.216309631714925e-05
11781	5.217647488501673e-05
11782	8.121220863657669e-05
11783	5.431342048222973e-05
11784	4.2838767478811066e-05
11785	3.099624851290998e-05
11786	5.5404763336760825e-05
11421	0.00011687653637792142
11787	2.9325143506464627e-05
11788	3.48072680552961e-05
11789	4.291300076748607e-05
11790	8.195604838715924e-05
11791	6.543308939229537e-05
11792	2.9325143506464627e-05
11793	0.0001424544128828236
11794	3.210161872599408e-05
11795	2.9325143506464627e-05
11796	0.00022696344177475271
11797	5.2434075183541386e-05
11798	5.265086545667162e-05
11799	3.72315572114322e-05
11800	2.9325143506464627e-05
11801	0.00019591191960719993
11802	4.751067126080018e-05
11803	9.627327731499804e-05
11804	2.9325143506464627e-05
11805	7.871894053089243e-05
11806	2.9325143506464627e-05
11807	2.9325143506464627e-05
11808	0.0001211537666204177
11809	5.843391422798774e-05
11810	3.348985633575881e-05
11811	4.181928199434718e-05
11812	2.9325143506464627e-05
11813	2.9325143506464627e-05
11815	2.9325143506464627e-05
11816	3.938172092088927e-05
11817	2.9325143506464627e-05
11818	0.00012298652092894015
11819	0.00011139902265625142
11820	4.906844964307368e-05
11821	0.0003328776193223975
11531	2.9325143506464627e-05
11822	2.9325143506464627e-05
11823	3.645677839199433e-05
11824	3.0292506840880904e-05
11825	4.6640686533403797e-05
11826	7.092108629739196e-05
11828	3.5071878528044864e-05
11829	2.9325143506464627e-05
11830	4.0813563633044436e-05
11831	0.0002581987879944591
11832	4.5154229851062874e-05
11833	5.9265758045702845e-05
11834	4.3810270566514433e-05
11835	0.0003247852743574673
11836	0.00011508205892026912
11837	2.9325143506464627e-05
11838	0.0004079996005438043
11839	8.236444420118285e-05
11840	3.0460974278090316e-05
11841	0.00012514375495841716
11222	5.102047927782249e-05
11842	6.630187072808616e-05
11843	7.129962751178414e-05
11844	5.366937493680933e-05
11845	0.00013690489334913583
11846	0.0001446148169213322
11847	4.8483660576252515e-05
11848	7.410287847531231e-05
11849	4.365674932325987e-05
11156	5.478460611373805e-05
11850	2.9325143506464627e-05
11851	2.9325143506464627e-05
11852	4.228231879082833e-05
11853	3.48050288081675e-05
11854	2.9325143506464627e-05
11855	5.311788672560388e-05
11856	7.400149698229082e-05
11558	3.726345790137223e-05
11604	6.869309804531366e-05
11745	0.00014561228637222255
11857	6.915363537415474e-05
11858	3.55722127504059e-05
11859	3.6332017770560384e-05
11860	2.9325143506464627e-05
11861	3.210161872599408e-05
11862	0.0002319352794862822
11863	3.9682322735774476e-05
11864	2.9325143506464627e-05
11865	4.459575721387663e-05
11866	4.096058828524825e-05
11867	2.9325143506464627e-05
11868	2.9325143506464627e-05
11746	5.490620117026975e-05
11869	0.0002319384391234079
11872	0.00017347206168899482
11873	3.325375481632167e-05
11874	5.9700830976861067e-05
11875	0.00042957673739169597
11876	2.9325143506464627e-05
11877	0.00042957673739169597
11878	0.00010720477655413774
11879	2.9325143506464627e-05
11880	7.875443265978648e-05
11881	2.9325143506464627e-05
11882	4.0840218985819064e-05
11883	2.9325143506464627e-05
11884	6.799958905939586e-05
10041	5.4589528269853136e-05
11885	0.00013979834223322465
11886	3.785909425867254e-05
11887	0.00010853621407113992
11888	7.488123584305291e-05
11889	4.205141123325921e-05
11890	0.0004005853963840606
11891	4.722644587709644e-05
11892	2.957502627622228e-05
11893	3.0019262311346992e-05
11894	2.9325143506464627e-05
10220	4.19422300423692e-05
11895	9.329430296151887e-05
11896	2.9325143506464627e-05
11897	3.974081916386086e-05
11898	5.464718160317587e-05
11605	0.0001198532712331127
11899	2.9325143506464627e-05
11900	7.2524235715604e-05
11901	5.546964360106302e-05
11902	4.133486274662289e-05
11903	4.846601588382185e-05
11904	0.0002319384391234079
11905	2.9325143506464627e-05
11906	3.817086216383841e-05
11907	7.238852779467371e-05
11908	3.683632116978391e-05
11909	5.034437029369631e-05
11910	5.350233187928302e-05
11911	0.0002319384391234079
11912	4.228809886013441e-05
11913	0.00010659744933913327
11914	5.51073595334533e-05
11915	7.244456882441433e-05
11916	4.9179031072187335e-05
11917	2.9325143506464627e-05
11918	2.9325143506464627e-05
11779	4.005556220897074e-05
11919	0.0003225126123249393
11920	3.95056242049614e-05
11921	5.0032900780391966e-05
11922	2.9325143506464627e-05
11923	4.390163840899427e-05
11924	2.957502627622228e-05
11925	0.00013226697332891
11926	4.220107735707029e-05
11928	2.9325143506464627e-05
11929	2.9325143506464627e-05
11930	2.9325143506464627e-05
11931	2.9325143506464627e-05
11932	6.556220141579929e-05
11933	6.392352680603389e-05
11934	4.996549323504799e-05
11935	2.9325143506464627e-05
10653	4.5783320505921565e-05
11936	5.310086329896252e-05
11937	2.9325143506464627e-05
11938	3.4491272790834774e-05
11939	3.348985633575881e-05
11940	4.575558278820317e-05
11941	4.847565400352903e-05
11254	0.0006889678042454047
11942	2.9325143506464627e-05
11943	6.986090467995517e-05
10035	4.2963402069348784e-05
11944	2.9325143506464627e-05
11870	3.088691081744995e-05
11945	3.206018756689918e-05
11946	9.915912763564301e-05
11947	3.0460974278090316e-05
11948	0.00039852521522414325
11949	3.750848585514383e-05
11950	3.497725377479245e-05
11951	0.00016291817561243024
11952	2.9325143506464627e-05
11953	5.431342048222973e-05
11954	2.9325143506464627e-05
11955	0.00019784717431418157
11956	2.9325143506464627e-05
11957	3.365503106702071e-05
11958	0.0001184281102003558
11959	4.702517303096491e-05
11960	2.9325143506464627e-05
11961	5.577408655212983e-05
11962	2.970693886918774e-05
11963	4.667217908347498e-05
11964	2.9325143506464627e-05
11965	8.542936911265082e-05
11966	2.9325143506464627e-05
11253	4.07178057878646e-05
11967	5.572474868668843e-05
11968	0.0004422831013222368
11969	3.757195627630779e-05
11970	2.9325143506464627e-05
11971	3.294598604313171e-05
11972	0.00014147514120829
11973	2.9325143506464627e-05
11974	2.9325143506464627e-05
11975	5.3644854257978364e-05
11976	6.574310806529437e-05
11977	8.153007229379858e-05
11978	4.096058828524825e-05
11979	4.316097558765638e-05
11980	4.3566720218527974e-05
11981	2.9325143506464627e-05
11982	3.052163545263495e-05
10780	4.201440909798069e-05
11983	7.55706733460814e-05
11984	4.5686598162941646e-05
11985	2.9325143506464627e-05
11986	2.9325143506464627e-05
11987	0.00040090486795277535
11988	0.0001461266968501206
11990	3.894663787067639e-05
11991	3.252575147691889e-05
11992	9.173085474258917e-05
11993	2.9325143506464627e-05
11994	4.50953942222578e-05
11995	6.319897170278777e-05
11996	4.181928199434718e-05
11997	8.850023571769684e-05
11713	6.052453460088286e-05
11998	3.168815669179671e-05
11999	4.221436554855511e-05
12000	7.59765874068786e-05
12003	0.0001306226494391405
12004	3.775835952548146e-05
12005	3.320330079131004e-05
12006	5.478460611373805e-05
12007	2.9325143506464627e-05
12008	2.9325143506464627e-05
11780	0.00016999775637496347
12009	5.6908105346025616e-05
12010	5.550445182823518e-05
12011	2.9325143506464627e-05
12012	2.9325143506464627e-05
12013	8.601718988142296e-05
12014	0.0004018796435340764
12015	2.9325143506464627e-05
12016	2.9325143506464627e-05
12017	0.00012001221647596992
12018	2.9325143506464627e-05
12019	0.00021302729521032235
12020	2.9325143506464627e-05
10178	0.00027381607768070304
12021	0.0004404840770954862
12022	2.9325143506464627e-05
11712	5.431342048222973e-05
12023	4.077810378702363e-05
12024	9.777461388536382e-05
11120	2.9325143506464627e-05
12025	6.065225674998424e-05
12027	0.00015528630974912823
12028	6.258026149387892e-05
12029	2.9325143506464627e-05
12030	8.798894348531601e-05
12031	7.328960131375777e-05
12032	2.9325143506464627e-05
12033	4.418740487836783e-05
12034	7.861035697244635e-05
12035	2.9325143506464627e-05
12036	4.0309315990370354e-05
12037	5.89230482944425e-05
12038	5.514524666264918e-05
12039	4.211032226571181e-05
12040	8.522257780430254e-05
12041	2.9325143506464627e-05
12042	2.9325143506464627e-05
12043	9.281829403165999e-05
12044	8.241028146765575e-05
12045	8.140589059786807e-05
12046	2.9325143506464627e-05
12047	2.9325143506464627e-05
12048	3.370157526329088e-05
12049	3.348985633575881e-05
12050	2.9325143506464627e-05
12051	5.271979318281301e-05
12052	5.809211476160234e-05
12053	5.431342048222973e-05
11927	3.726345790137223e-05
12054	4.5580900479767047e-05
11989	3.967682173153063e-05
12055	0.0002319384391234079
12058	2.9325143506464627e-05
12059	2.9325143506464627e-05
11001	0.0005239446302618859
12060	9.57308079853959e-05
10038	3.402737761438565e-05
12061	2.9325143506464627e-05
12062	7.790200100727792e-05
12063	6.680755897011227e-05
10756	2.9325143506464627e-05
12064	0.0007665939355467628
12065	3.435412886854459e-05
10430	2.9325143506464627e-05
12067	0.00022263549359517097
12068	0.00020884361670118326
12069	2.9325143506464627e-05
12070	3.8650567397732955e-05
12071	2.9325143506464627e-05
12072	3.244867812843527e-05
10172	3.9386493608601644e-05
12073	4.738170317221087e-05
12074	2.9325143506464627e-05
12075	3.726345790137223e-05
12076	0.00010143605001415202
12077	5.366166823857358e-05
12078	5.309463282895608e-05
12079	0.00010536043972034772
12080	5.805249726260457e-05
12081	2.9325143506464627e-05
12082	2.9325143506464627e-05
10296	0.00015967037112176794
12083	4.2704618023233904e-05
12084	6.744154563123513e-05
12085	7.226053864077756e-05
12086	4.783180728126801e-05
12087	4.181928199434718e-05
12088	3.40646735862914e-05
12089	0.00010118378452710968
12090	3.351898020169793e-05
11871	4.583351029793122e-05
12091	2.9325143506464627e-05
12092	7.073025907455242e-05
12093	4.309690870545593e-05
12094	5.11130545443705e-05
12095	0.00023806071863442097
12096	6.077958213390865e-05
12097	0.0002986051318218155
12098	2.9325143506464627e-05
12099	4.308168897270362e-05
12100	0.00016302548624178478
12101	2.9325143506464627e-05
12102	4.8893668207486705e-05
12103	2.9325143506464627e-05
12104	0.0002319384391234079
12105	2.9325143506464627e-05
12106	4.089314869853338e-05
12108	2.9325143506464627e-05
12109	4.463502121736987e-05
12110	2.9325143506464627e-05
12111	2.9325143506464627e-05
12112	3.765456916505299e-05
12113	2.9325143506464627e-05
12114	2.9325143506464627e-05
11155	3.4322798901617645e-05
12115	2.9325143506464627e-05
12116	2.9325143506464627e-05
12117	0.0002319384391234079
10311	3.268568143545377e-05
12118	3.7024971681938155e-05
12057	0.0001047410258224411
12119	5.4644219056465344e-05
12120	0.00012274531977355982
12121	4.181928199434718e-05
12122	2.9325143506464627e-05
12123	3.4322798901617645e-05
12124	6.714107218025805e-05
12125	2.9325143506464627e-05
12126	2.9325143506464627e-05
12127	3.289489736014535e-05
12128	8.510011638475139e-05
12129	3.726345790137223e-05
12130	3.4322798901617645e-05
12131	2.9325143506464627e-05
12132	5.784594201931322e-05
12133	4.1140916600895264e-05
12134	0.00024859729044058465
12135	0.00039852521522414325
12136	5.431342048222973e-05
12137	2.9325143506464627e-05
12138	5.478460611373805e-05
12139	2.9325143506464627e-05
12140	3.2251704508892434e-05
12141	0.00012546908476146495
12142	5.306349480194802e-05
12143	4.734333577734326e-05
12144	2.9325143506464627e-05
12145	3.920317635787915e-05
12146	5.4926849946451953e-05
12147	4.426939885046254e-05
12148	2.9325143506464627e-05
12149	7.16981190282258e-05
12150	0.0002319384391234079
12151	7.054943663395724e-05
12152	0.00012420594417489114
12153	4.181928199434718e-05
12156	2.9325143506464627e-05
12157	4.181928199434718e-05
12158	2.9325143506464627e-05
12159	0.00019591191960719993
12161	0.00014918979902735143
12162	5.1779497406282057e-05
12163	2.9325143506464627e-05
12164	8.147228875752615e-05
12165	2.9325143506464627e-05
12166	5.11130545443705e-05
12167	2.9325143506464627e-05
12168	5.740054330265133e-05
12169	4.5001075632946336e-05
12170	6.87039622040553e-05
12171	5.9549011602530374e-05
12172	6.660175157104255e-05
12175	4.4650712405902487e-05
10603	5.11130545443705e-05
12176	0.0001103413964029282
12177	5.348292323210263e-05
12178	4.390163840899427e-05
12179	0.00018238979292502195
12180	0.00010123497718396372
12181	4.0791597632442276e-05
12182	2.9325143506464627e-05
12183	3.932045429677066e-05
12184	3.580979857151983e-05
12185	3.965303955347565e-05
12186	3.5830073492507464e-05
12187	3.9494750822454995e-05
12188	5.11130545443705e-05
12189	0.0002319384391234079
12190	2.9325143506464627e-05
12191	2.9325143506464627e-05
12192	0.00026348471187231053
12193	2.9325143506464627e-05
12194	8.821072556603927e-05
12195	0.00022696344177475271
12196	2.9325143506464627e-05
12001	6.865803953491357e-05
12199	6.80479941204596e-05
12200	7.725996512680946e-05
12201	4.159524890954554e-05
12155	0.00011089303869387769
12202	4.10457256706574e-05
11263	0.0003171908551561769
10762	0.0002634046790310768
12204	5.571348239410141e-05
12205	3.726345790137223e-05
12206	2.9325143506464627e-05
12207	6.815378408539871e-05
12208	3.348985633575881e-05
12209	2.9325143506464627e-05
12210	2.9325143506464627e-05
12211	3.12948604413776e-05
12212	6.112992634974317e-05
12213	2.9325143506464627e-05
12214	5.478460611373805e-05
12215	2.9325143506464627e-05
12216	5.478460611373805e-05
12217	9.891206953245346e-05
12218	2.9325143506464627e-05
12219	2.9325143506464627e-05
12220	2.9325143506464627e-05
12221	2.9325143506464627e-05
12222	3.727328090625374e-05
12223	3.4179149950881396e-05
12224	2.957502627622228e-05
12225	0.00020832530592370988
12226	5.243531430621494e-05
12227	4.311088158069378e-05
12228	2.9325143506464627e-05
12229	4.181928199434718e-05
12230	6.664155675633697e-05
12231	2.9325143506464627e-05
12232	0.00026337470580628037
12233	3.4322798901617645e-05
12234	2.9325143506464627e-05
12235	2.9325143506464627e-05
12236	3.437595515621638e-05
12237	3.4322798901617645e-05
12238	0.0002210502668528276
12239	9.199982242803011e-05
12240	4.680269877167637e-05
12243	2.9325143506464627e-05
12244	4.543339420731956e-05
12245	4.028026809626958e-05
12246	4.573221620919787e-05
12247	8.901502376208742e-05
12248	2.9325143506464627e-05
11485	6.283215126942237e-05
12249	2.996595549403852e-05
12250	2.9325143506464627e-05
12251	2.9325143506464627e-05
12252	6.567189893109238e-05
12253	8.26185691682782e-05
12254	3.55722127504059e-05
12255	6.007150289407726e-05
12256	0.00012307277247400892
12257	2.9325143506464627e-05
12258	3.8741015990086256e-05
12259	0.00012873356588377735
12260	3.765456916505299e-05
12261	2.9325143506464627e-05
10042	5.729828812298242e-05
12262	3.348985633575881e-05
12263	0.0001365445820920182
12264	4.569728799490814e-05
12265	5.846534087328492e-05
12266	6.174388024549906e-05
12267	2.9325143506464627e-05
12268	7.927699864480684e-05
12269	2.9325143506464627e-05
12270	0.0002685793763792872
12271	4.181928199434718e-05
12272	5.478460611373805e-05
12273	2.9325143506464627e-05
12274	5.11130545443705e-05
12275	2.9325143506464627e-05
12276	2.9325143506464627e-05
12278	8.53149971531225e-05
11157	0.00018284409529953813
12279	6.659661464114138e-05
12280	2.9325143506464627e-05
12281	6.583822788905259e-05
12282	3.602836122084745e-05
12283	2.9325143506464627e-05
12284	4.262212445407179e-05
12285	2.9325143506464627e-05
12286	4.941455853740998e-05
12287	3.0019262311346992e-05
12288	5.431342048222973e-05
12289	3.351725554110197e-05
12290	3.62947918842403e-05
12291	3.008287382956194e-05
12293	2.9325143506464627e-05
12294	2.9325143506464627e-05
12297	2.9325143506464627e-05
12298	2.9325143506464627e-05
12299	0.0001937128052904542
12300	7.20790233031581e-05
12301	2.9325143506464627e-05
12302	2.9325143506464627e-05
12303	9.107836157277758e-05
12304	3.059764882332249e-05
12305	6.642022117095571e-05
12306	2.9325143506464627e-05
10091	4.297640696539597e-05
12307	5.120116030713799e-05
11827	5.11130545443705e-05
12308	3.0460974278090316e-05
12309	2.9325143506464627e-05
10162	3.5332435967020744e-05
12310	2.9325143506464627e-05
12311	2.9325143506464627e-05
12312	6.110901084655566e-05
12313	2.9325143506464627e-05
12314	5.0152730456944975e-05
12315	3.0133704274525882e-05
12316	2.9325143506464627e-05
12317	3.706110266348977e-05
12318	3.1464000722460295e-05
12319	6.287598596498202e-05
12320	5.7883174335910455e-05
12321	4.299442650638253e-05
12322	2.9325143506464627e-05
12323	2.9325143506464627e-05
12324	2.9325143506464627e-05
12325	5.327927275597244e-05
12326	6.78437526151064e-05
12327	2.9325143506464627e-05
12328	5.42869055378475e-05
12329	2.9325143506464627e-05
12330	5.3516613825255836e-05
12331	2.9325143506464627e-05
12332	2.9325143506464627e-05
12333	4.546270071723314e-05
10037	2.9325143506464627e-05
10599	3.900942147796481e-05
12334	6.396906419254192e-05
12335	2.9325143506464627e-05
12336	2.9325143506464627e-05
12337	5.667421201769252e-05
12338	0.0006086576519803138
12339	5.209692816589272e-05
12340	2.9325143506464627e-05
12341	2.9325143506464627e-05
12342	4.393512186422233e-05
12343	5.431342048222973e-05
12344	3.55722127504059e-05
12345	2.9325143506464627e-05
12346	2.9325143506464627e-05
12347	0.00019591191960719993
12348	6.552017956091264e-05
12349	3.5906223140013694e-05
12350	2.9325143506464627e-05
12351	2.9325143506464627e-05
12056	3.25289975482764e-05
12352	2.9325143506464627e-05
12353	4.353090991177018e-05
12354	5.2727433785247636e-05
12355	4.181928199434718e-05
12356	2.957502627622228e-05
12357	7.930169745799482e-05
12358	5.1364624330206415e-05
12359	2.9325143506464627e-05
12360	2.9325143506464627e-05
12361	2.9325143506464627e-05
12364	2.9325143506464627e-05
12365	3.9513942876702576e-05
12366	2.9325143506464627e-05
12367	2.9325143506464627e-05
12368	3.70371469678438e-05
12369	3.999871739720835e-05
12370	4.365674932325987e-05
12371	2.9325143506464627e-05
12372	3.240703100014232e-05
12374	4.365674932325987e-05
12375	2.9325143506464627e-05
12376	0.0002319384391234079
12377	2.9325143506464627e-05
12378	2.970693886918774e-05
12379	4.396513638323558e-05
12382	0.00018287198420121538
12383	2.9325143506464627e-05
12384	4.782941223077864e-05
12385	2.9325143506464627e-05
11814	3.726345790137223e-05
12386	7.218183735212623e-05
12387	2.9325143506464627e-05
12388	2.9325143506464627e-05
12389	4.222641115263406e-05
12390	2.9325143506464627e-05
12391	6.23435987281568e-05
12392	0.0004035228706192963
12393	2.9325143506464627e-05
12396	0.0002294622694723292
12197	2.9325143506464627e-05
12397	2.9325143506464627e-05
12398	0.00042957673739169597
12399	2.9325143506464627e-05
12400	3.210161872599408e-05
12401	4.221619083181057e-05
10881	2.9325143506464627e-05
12402	3.726345790137223e-05
12403	7.465105936515885e-05
12404	4.3867632184363234e-05
12405	4.181928199434718e-05
12406	2.9325143506464627e-05
12407	0.00012926607104855623
12408	3.1464000722460295e-05
12409	4.846601588382185e-05
12410	4.501339895593729e-05
12411	4.322471646202817e-05
12412	2.9325143506464627e-05
12413	2.9325143506464627e-05
12414	6.424092070402782e-05
12415	2.9325143506464627e-05
12416	2.9325143506464627e-05
12418	3.607964978972139e-05
12419	2.9325143506464627e-05
12420	4.321934390621885e-05
12421	2.9325143506464627e-05
12422	2.9325143506464627e-05
12394	2.9325143506464627e-05
10039	3.348985633575881e-05
12423	3.327076970553291e-05
12424	3.59269418136144e-05
12425	0.00013418641728779756
12426	7.484436583693451e-05
12427	2.9325143506464627e-05
12428	7.955086823957885e-05
12026	0.00010912948818071024
12429	3.289489736014535e-05
12431	2.9325143506464627e-05
12432	0.00039852521522414325
12433	0.0001099796912180889
12434	2.9325143506464627e-05
10789	4.928091420636681e-05
12436	2.9325143506464627e-05
12437	2.9325143506464627e-05
12438	2.9325143506464627e-05
11532	5.7867599827246744e-05
12439	2.9325143506464627e-05
12440	2.9325143506464627e-05
12441	3.210161872599408e-05
12442	3.8741015990086256e-05
12443	3.026985672305766e-05
12444	4.33810493053325e-05
12447	0.0002444325776112905
12448	4.365674932325987e-05
12449	5.586238457542234e-05
12450	2.9325143506464627e-05
12451	6.93770011858197e-05
12452	4.30611678296819e-05
12453	3.0874107599657235e-05
12454	2.9325143506464627e-05
12455	2.9325143506464627e-05
12456	3.289489736014535e-05
12457	8.283491761206901e-05
12458	3.1596805049716e-05
12292	4.122999596892326e-05
12459	4.444587041362924e-05
12460	2.9325143506464627e-05
12461	7.118180911374671e-05
12462	2.9325143506464627e-05
12463	3.052163545263495e-05
12464	2.9325143506464627e-05
12465	5.108157000563532e-05
12466	3.75347278969614e-05
12467	2.9325143506464627e-05
12468	0.0002042413452657883
12469	5.114480106382737e-05
12470	0.00024148020334238966
10140	4.7941855152518426e-05
12471	0.00039355021787548805
12472	2.9325143506464627e-05
12473	3.293411792935144e-05
12474	2.9325143506464627e-05
12477	8.165761869603004e-05
12478	2.9325143506464627e-05
12479	2.9325143506464627e-05
12480	5.0250127898108325e-05
12481	0.00023757108430454306
12482	2.9325143506464627e-05
12483	2.9325143506464627e-05
12484	0.00015656840885606174
12485	2.9325143506464627e-05
12486	2.9325143506464627e-05
12487	3.720757379651405e-05
12488	3.088691081744995e-05
12489	2.9325143506464627e-05
12490	3.912419015881937e-05
12491	2.9325143506464627e-05
12492	2.9325143506464627e-05
12495	2.9325143506464627e-05
12496	3.336589783401676e-05
12497	0.00039852521522414325
12498	2.9325143506464627e-05
12499	3.112399036941489e-05
12500	2.9325143506464627e-05
11422	0.000132207922419981
12503	2.9325143506464627e-05
12504	0.0001034219823239893
12505	2.9325143506464627e-05
12506	4.970674017828229e-05
12507	3.7721643502209384e-05
12508	2.9325143506464627e-05
12509	2.9325143506464627e-05
12510	0.0005961635134924312
12511	2.9325143506464627e-05
12512	4.933885655514631e-05
12513	4.3379143698186304e-05
12514	2.9325143506464627e-05
12515	2.9325143506464627e-05
12107	5.6876308431816575e-05
12516	3.695704620778169e-05
12517	2.9325143506464627e-05
12518	4.316586867440706e-05
12519	2.9325143506464627e-05
12520	4.1696599982277994e-05
12521	7.153877245630559e-05
12522	2.9325143506464627e-05
12066	5.11130545443705e-05
12523	2.9325143506464627e-05
12524	3.765456916505299e-05
12525	4.2342543859292435e-05
12526	0.00025692671609917306
12527	3.041159033149789e-05
12528	3.703778221837208e-05
12529	2.9325143506464627e-05
12530	0.00028988345143496103
10165	7.18918547982342e-05
12531	2.9325143506464627e-05
12445	3.210161872599408e-05
12532	0.0004420708758795786
12533	9.107836157277758e-05
12534	2.9325143506464627e-05
12535	3.088691081744995e-05
12536	0.00010025324255920282
12537	2.9325143506464627e-05
12538	2.9325143506464627e-05
12540	3.8342909484559156e-05
12541	4.365674932325987e-05
12542	4.946609023194614e-05
12543	3.249790847289109e-05
12544	3.6459035408427144e-05
12545	2.9325143506464627e-05
12546	2.9325143506464627e-05
12547	3.09910286381823e-05
12548	5.123515447796881e-05
12549	2.9325143506464627e-05
12550	4.66591110118044e-05
12551	3.303325598892324e-05
12552	2.9325143506464627e-05
12553	2.9325143506464627e-05
12554	2.9325143506464627e-05
12555	5.431342048222973e-05
12373	3.765456916505299e-05
12556	4.714021794247466e-05
12557	3.55722127504059e-05
12558	5.16864206243154e-05
12559	2.9325143506464627e-05
12560	3.765456916505299e-05
12563	4.709074632739299e-05
12241	3.765456916505299e-05
12435	5.11130545443705e-05
12564	5.536790756530513e-05
12565	2.9325143506464627e-05
12566	0.0005961635134924312
12567	2.9325143506464627e-05
11467	0.00022972315324521628
12570	0.0002319384391234079
12572	2.9325143506464627e-05
12573	7.084451570912608e-05
12574	3.763034998037877e-05
12575	4.221905889477024e-05
12576	2.9325143506464627e-05
12577	3.637594193959648e-05
12578	4.3551653219331867e-05
12579	2.9325143506464627e-05
12580	3.55722127504059e-05
12581	2.9325143506464627e-05
12582	0.00014138107992083335
12583	2.9325143506464627e-05
12296	7.066356070080187e-05
12584	4.181928199434718e-05
12585	4.823878071778873e-05
12586	4.8477455282479045e-05
12587	3.210161872599408e-05
12588	2.9325143506464627e-05
12589	2.9325143506464627e-05
8626	5.11130545443705e-05
12590	2.9325143506464627e-05
12591	2.9325143506464627e-05
12592	3.821534710156748e-05
12593	3.4322798901617645e-05
12594	4.9574983147720675e-05
12595	8.967759790742855e-05
12596	5.478460611373805e-05
12203	4.096058828524825e-05
12277	7.626625870247808e-05
12597	2.9325143506464627e-05
12598	4.106404314282164e-05
12599	0.00011538284682474474
12600	2.9325143506464627e-05
12601	2.970693886918774e-05
12602	3.817086216383841e-05
12605	2.9325143506464627e-05
12606	3.450381650405966e-05
12607	2.9325143506464627e-05
12608	3.3190004315930065e-05
12609	2.9325143506464627e-05
12610	2.9325143506464627e-05
12611	3.4322798901617645e-05
12612	4.059151533030414e-05
12613	2.9325143506464627e-05
12614	4.4219578461674406e-05
12615	2.9325143506464627e-05
12616	2.9325143506464627e-05
12617	2.9325143506464627e-05
12618	0.00039852521522414325
12619	4.4219578461674406e-05
12620	2.9325143506464627e-05
10040	4.220128079127517e-05
12621	2.9325143506464627e-05
12622	8.973696297871722e-05
12623	0.00013997628407555918
12624	2.9325143506464627e-05
12625	2.9325143506464627e-05
12626	2.9325143506464627e-05
12627	3.195173192574669e-05
12628	2.9325143506464627e-05
10333	7.141224200171595e-05
12629	3.765456916505299e-05
12630	2.9325143506464627e-05
12631	3.879848447406282e-05
10616	5.463898085928204e-05
12632	2.9325143506464627e-05
12633	2.9325143506464627e-05
12634	2.9325143506464627e-05
12635	2.9325143506464627e-05
12636	3.072520541833631e-05
12637	4.145495487396831e-05
12638	7.193395111503285e-05
12639	2.9325143506464627e-05
12640	3.5131875055714846e-05
12641	4.7475456832136236e-05
12642	2.9325143506464627e-05
12643	0.00039355021787548805
12645	2.9325143506464627e-05
12646	2.9325143506464627e-05
12647	2.9325143506464627e-05
12648	2.9325143506464627e-05
12649	2.9325143506464627e-05
12650	4.7475456832136236e-05
12651	3.289489736014535e-05
12652	2.9325143506464627e-05
12653	2.9325143506464627e-05
12654	5.11130545443705e-05
10678	0.00013521046666205755
12655	2.9325143506464627e-05
12656	3.700568333921731e-05
12657	0.00041853849485125316
12658	3.765456916505299e-05
12659	3.072520541833631e-05
12660	2.9325143506464627e-05
12661	4.719093539320366e-05
12662	6.784056118714801e-05
12663	2.9325143506464627e-05
12664	4.181928199434718e-05
12665	3.348985633575881e-05
12666	2.9325143506464627e-05
12667	3.554382616986831e-05
12668	2.9325143506464627e-05
12669	2.9325143506464627e-05
12160	4.2356841658702286e-05
12670	5.431342048222973e-05
12671	2.9325143506464627e-05
12672	3.2260811038299995e-05
12673	2.9325143506464627e-05
12674	4.810502598427673e-05
10749	2.9325143506464627e-05
12675	4.222858475958775e-05
12676	2.9325143506464627e-05
12677	3.210161872599408e-05
12678	3.244867812843527e-05
12679	2.9325143506464627e-05
12680	2.9325143506464627e-05
12681	2.9325143506464627e-05
12682	2.9325143506464627e-05
12683	3.4322798901617645e-05
12684	2.9325143506464627e-05
12685	0.00013790917844756434
12686	2.9325143506464627e-05
12687	7.559716427473966e-05
12688	4.6528281683458465e-05
12689	2.9325143506464627e-05
12690	3.414518673730299e-05
12691	5.478460611373805e-05
12692	2.9325143506464627e-05
12446	4.6772281630771356e-05
12693	4.8504213846659885e-05
12694	4.344848769028523e-05
11179	2.9325143506464627e-05
12695	2.9325143506464627e-05
10332	2.9325143506464627e-05
12502	9.453478118268267e-05
12696	2.9325143506464627e-05
12697	2.9325143506464627e-05
12698	3.262604266003951e-05
12699	2.9325143506464627e-05
12700	3.348985633575881e-05
12701	2.9325143506464627e-05
12702	2.9325143506464627e-05
12703	2.9325143506464627e-05
12704	2.9325143506464627e-05
12705	3.140749992111172e-05
12706	4.7475456832136236e-05
12707	2.9325143506464627e-05
12710	4.871266697849304e-05
12711	4.2174011057555675e-05
12712	3.765456916505299e-05
12713	2.9325143506464627e-05
12714	2.9325143506464627e-05
12715	2.9325143506464627e-05
12716	3.4847797915166225e-05
12717	3.765456916505299e-05
12718	4.426280169938785e-05
12719	5.012342355420727e-05
12720	0.00015636813946014525
12721	2.9325143506464627e-05
12722	2.9325143506464627e-05
12724	5.4203868461805585e-05
12725	2.9325143506464627e-05
12726	3.765456916505299e-05
12727	4.748656470920947e-05
12728	4.2349841749965544e-05
12729	2.9517903322428647e-05
12730	2.9325143506464627e-05
12731	2.9325143506464627e-05
12732	5.186644452389373e-05
12733	2.9325143506464627e-05
12734	0.0002319384391234079
12735	2.9325143506464627e-05
12736	4.1199258632596964e-05
12737	2.9325143506464627e-05
12738	2.9325143506464627e-05
12739	2.9325143506464627e-05
12740	2.9325143506464627e-05
12741	2.9325143506464627e-05
12742	2.9325143506464627e-05
12743	2.9325143506464627e-05
12744	2.9325143506464627e-05
12745	4.195930662456106e-05
12746	2.9325143506464627e-05
12747	4.7475456832136236e-05
12748	2.9325143506464627e-05
12749	2.9325143506464627e-05
12750	2.9325143506464627e-05
12751	2.9325143506464627e-05
12752	2.9325143506464627e-05
12753	2.9325143506464627e-05
12417	5.11130545443705e-05
12754	3.765456916505299e-05
12755	5.431342048222973e-05
12756	2.9325143506464627e-05
12757	2.9325143506464627e-05
12758	2.9325143506464627e-05
12759	2.9325143506464627e-05
12760	2.9325143506464627e-05
12761	2.9325143506464627e-05
12571	5.11130545443705e-05
12762	2.9325143506464627e-05
12763	2.9325143506464627e-05
12764	2.9325143506464627e-05
12765	3.7127477017270904e-05
12766	2.9325143506464627e-05
12767	3.55722127504059e-05
10615	2.970693886918774e-05
12768	4.7475456832136236e-05
12769	2.9325143506464627e-05
12770	2.9325143506464627e-05
12771	4.259372149252531e-05
12772	0.0002319384391234079
12773	2.9325143506464627e-05
12774	2.9325143506464627e-05
12775	4.181928199434718e-05
12776	2.9325143506464627e-05
12777	2.9325143506464627e-05
12778	2.9325143506464627e-05
12779	3.854139182307424e-05
11074	2.9325143506464627e-05
11161	3.320330079131004e-05
11674	2.9325143506464627e-05
12002	4.8853820829058174e-05
12154	2.9325143506464627e-05
12198	4.181928199434718e-05
12242	3.7345858066448396e-05
12295	2.9325143506464627e-05
12395	3.348985633575881e-05
12501	2.9325143506464627e-05
11299	0.0001749603682530006
12173	2.9325143506464627e-05
12174	5.431342048222973e-05
12362	2.9325143506464627e-05
12363	5.431342048222973e-05
12380	2.9325143506464627e-05
12381	5.431342048222973e-05
12430	0.0001749603682530006
12475	2.9325143506464627e-05
12476	5.431342048222973e-05
12493	2.9325143506464627e-05
12494	5.431342048222973e-05
12539	0.0001749603682530006
12561	2.9325143506464627e-05
12562	5.431342048222973e-05
12568	2.9325143506464627e-05
12569	5.431342048222973e-05
12603	2.9325143506464627e-05
12604	5.431342048222973e-05
12644	0.0001749603682530006
12708	2.9325143506464627e-05
12709	5.431342048222973e-05
12723	0.0001749603682530006
