0	0	0
1	0	0
2	0	0
3	0	0
4	0	0.00016923556672358522
5	0	0
6	0	0
7	0	0
8	0	0.00014253323147918096
9	0	0.00013466008157796995
10	0	0
11	0	0.00013466008157796995
12	0	0
13	0	0
14	0	0
15	0	0
16	0	0.00016916405036986818
17	0	0
18	0	0
19	0	0.00013466008157796995
20	0	0.00042011469430386773
21	0	0.001995256100325712
22	0	0
23	0	0
24	0	0
25	0	0.00016912044488504377
26	0	0
27	0	0.00013466008157796995
28	0	0
29	0	0
30	0	0
31	0	0
32	0	0.00017094357068021284
33	0	0
34	0	0
35	0	0
36	0	0
37	0	0
38	0	0.009071779266958936
39	0	0
40	0	0
41	0	0
42	0	0.00013466008157796995
43	0	0.00017134707041049538
44	0	0.0001705029432373831
45	0	0
46	0	0
47	0	0
48	0	0
49	0	0
50	0	0.00013466008157796995
51	0	0
52	0	0
53	0	0
54	0	0
55	0	0
56	0	0
57	0	0
58	0	0
59	0	0
60	0	0
61	0	0
62	0	0.0001473947939864861
63	0	0
64	0	0
65	0	0
66	0	0.00021730878761908572
67	0	0.003670247167116843
68	0	0
69	0	0
70	0	0
71	0	0
72	0	0
73	0	0
74	0	0
75	0	0
76	0	0.00013466008157796995
77	0	0
78	0	0
79	0	0
80	0	0
81	0	0
82	0	0
83	0	0
84	0	0.00021689840439590276
85	0	0
86	0	0
87	0	0
88	0	0
89	0	0
90	0	0.00013466008157796995
91	0	0
92	0	0
93	0	0
94	0	0.00017057547548463394
95	0	0
96	0	0
97	0	0
98	0	0
99	0	0
100	0	0
101	0	0
102	0	0
103	0	0
104	0	0
105	0	0.00016848206141320993
106	0	0
107	0	0
108	0	0
109	0	0
110	0	0.0006691185440484569
111	0	0
112	0	0
113	0	0
114	0	0
115	0	0
116	0	0
117	0	0
118	0	0
119	0	0
120	0	0
121	0	0
122	0	0
123	0	0
124	0	0.00997521967136786
125	0	0.0001735811151531673
126	0	0
127	0	0
128	0	0
129	0	0
130	0	0
131	0	0.0004319430119569173
132	0	0
133	0	0.0007866349722378695
134	0	0.00021783280230364892
135	0	0
136	0	0
137	0	0
138	0	0
139	0	0.00013466008157796995
140	0	0
141	0	0.0010813038981635694
142	0	0
143	0	0.0017961113971066533
144	0	0.00013466008157796995
145	0	0.00013466008157796995
146	0	0
147	0	0.00013466008157796995
148	0	0
149	0	0
150	0	0.00013466008157796995
151	0	0
152	0	0
153	0	0.00013466008157796995
154	0	0
155	0	0
156	0	0
157	0	0
158	0	0
159	0	0
160	0	0
161	0	0
162	0	0.00013466008157796995
163	0	0
164	0	0
165	0	0.001050393514846242
166	0	0
167	0	0.00016984932528380452
168	0	0.00013466008157796995
169	0	0
170	0	0
171	0	0
172	0	0.00016911057383773388
173	0	0.00016997952652273194
174	0	0
175	0	0.00013466008157796995
176	0	0.00013466008157796995
177	0	0.00017096570860195047
178	0	0.00017413551183764823
179	0	0.00013466008157796995
180	0	0
181	0	0.00013466008157796995
182	0	0.00013466008157796995
183	0	0
184	0	0.0009369469633144873
185	0	0
186	0	0.00016920478731329177
187	0	0
188	0	0
189	0	0.00013466008157796995
190	0	0
191	0	0
192	0	0
193	0	0.00021106835602906687
194	0	0
195	0	0.00013466008157796995
196	0	0
197	0	0
198	0	0
199	0	0
200	0	0
201	0	0.0001699665450143986
202	0	0.00017032333784383982
203	0	0
204	0	0.0007068919930164759
205	0	0
206	0	0
207	0	0
208	0	0
209	0	0
210	0	0
211	0	0.0002492724932546153
212	0	0.0003326344276745058
213	0	0
214	0	0
215	0	0
216	0	0
217	0	0.00013481517279810074
218	0	0.0002492724932546153
219	0	0
220	0	0
221	0	0
222	0	0
223	0	0
224	0	0.00013466008157796995
225	0	0
226	0	0.00018107363847340795
227	0	0
228	0	0
229	0	0
230	0	0
231	0	0
232	0	0.0003924250209753856
233	0	0
234	0	0.00013466008157796995
235	0	0
236	0	0
237	0	0
238	0	0.000896922690359968
239	0	0
240	0	0.0001919662874162926
241	0	0.00013466008157796995
242	0	0
243	0	0
244	0	0.00013466008157796995
245	0	0
246	0	0
247	0	0
248	0	0
249	0	0
250	0	0.00016963817278631185
251	0	0
252	0	0
253	0	0
254	0	0
255	0	0
256	0	0.00013466008157796995
257	0	0.00013466008157796995
258	0	0
259	0	0
260	0	0
261	0	0
262	0	0
263	0	0.00013466008157796995
264	0	0
265	0	0
266	0	0.00013466008157796995
267	0	0
268	0	0.00016904380508096355
269	0	0
270	0	0
271	0	0
272	0	0
273	0	0.00013466008157796995
274	0	0
275	0	0.00040815124377171065
276	0	0
277	0	0
278	0	0
279	0	0
280	0	0.00013466008157796995
281	0	0
282	0	0
283	0	0
284	0	0.00020156545533126543
285	0	0
286	0	0
287	0	0
288	0	0
289	0	0
290	0	0
291	0	0.00013466008157796995
292	0	0
293	0	0
294	0	0
295	0	0
296	0	0
297	0	0.00013466008157796995
298	0	0
299	0	0.00013466008157796995
300	0	0
301	0	0
302	0	0
303	0	0
304	0	0.00013466008157796995
305	0	0
306	0	0.0002792268017353156
307	0	0
308	0	0
309	0	0
310	0	0.0005281872479557062
311	0	0
312	0	0.00013466008157796995
313	0	0
314	0	0
315	0	0
316	0	0.00013466008157796995
317	0	0.00013466008157796995
318	0	0
319	0	0.00019146466826122985
320	0	0
321	0	0.0001782134729467804
322	0	0
323	0	0
324	0	0
325	0	0
326	0	0
327	0	0.00016972844901313848
328	0	0
329	0	0.00013466008157796995
330	0	0
331	0	0
332	0	0.00016999967678513466
333	0	0.00013466008157796995
334	0	0
335	0	0
336	0	0
337	0	0
338	0	0
339	0	0
340	0	0
341	0	0
342	0	0
343	0	0.00013466008157796995
344	0	0
345	0	0
346	0	0
347	0	0.00013466008157796995
348	0	0
349	0	0
350	0	0
351	0	0.00013466008157796995
352	0	0.00027427015612461683
353	0	0.00013466008157796995
354	0	0
355	0	0
356	0	0
357	0	0
358	0	0
359	0	0.00018610138135780236
360	0	0
361	0	0
362	0	0
363	0	0
364	0	0.0002858694538538497
365	0	0
366	0	0
367	0	0.00013466008157796995
368	0	0
369	0	0.003553709599501766
370	0	0
371	0	0
372	0	0
373	0	0
374	0	0
375	0	0
376	0	0
377	0	0
378	0	0
379	0	0.00013466008157796995
380	0	0.00013466008157796995
381	0	0
382	0	0
383	0	0
384	0	0
385	0	0
386	0	0
387	0	0
388	0	0
389	0	0
390	0	0
391	0	0.0012694723078338203
392	0	0.00013703419581984332
393	0	0
394	0	0
395	0	0
396	0	0
397	0	0
398	0	0
399	0	0
400	0	0
401	0	0.00013466008157796995
402	0	0.0001919662874162926
403	0	0.00013466008157796995
404	0	0
405	0	0.00013466008157796995
406	0	0
407	0	0.00013466008157796995
408	0	0.0004917336783981833
409	0	0.00043147863454171643
410	0	0
411	0	0.00013466008157796995
412	0	0
413	0	0
414	0	0
415	0	0
416	0	0
417	0	0
418	0	0
419	0	0
420	0	0
421	0	0
422	0	0
423	0	0
424	0	0
425	0	0
426	0	0
427	0	0
428	0	0.00013466008157796995
429	0	0.00013466008157796995
430	0	0.00013466008157796995
431	0	0
432	0	0
433	0	0
434	0	0
435	0	0
436	0	0
437	0	0.00017336666894928626
438	0	0
439	0	0
440	0	0
441	0	0
442	0	0
443	0	0
444	0	0
445	0	0
446	0	0
447	0	0.00013466008157796995
448	0	0
449	0	0
450	0	0
451	0	0
452	0	0
453	0	0.00017002976507278337
454	0	0
455	0	0.00016924632500388878
456	0	0
457	0	0.00013466008157796995
458	0	0
459	0	0
460	0	0.0002492724932546153
461	0	0
462	0	0
463	0	0
464	0	0
465	0	0
466	0	0
467	0	0
468	0	0
469	0	0
470	0	0
471	0	0
472	0	0
473	0	0
474	0	0
475	0	0
476	0	0
477	0	0
478	0	0
479	0	0.00013466008157796995
480	0	0.00013466008157796995
481	0	0
482	0	0
483	0	0
484	0	0
485	0	0
486	0	0
487	0	0
488	0	0
489	0	0
490	0	0
491	0	0
492	0	0.0001704041602850183
493	0	0.00013466008157796995
494	0	0.00013466008157796995
495	0	0
496	0	0
497	0	0.00017118900521249317
498	0	0
499	0	0
500	0	0
501	0	0
502	0	0
503	0	0
504	0	0.00016923556672358522
505	0	0
506	0	0
507	0	0
508	0	0
509	0	0.00013466008157796995
510	0	0
511	0	0
512	0	0.00013466008157796995
513	0	0
514	0	0
515	0	0
516	0	0
517	0	0
518	0	0
519	0	0
520	0	0.00013466008157796995
521	0	0.0009772662948842523
522	0	0
523	0	0
524	0	0.0001709600994993533
525	0	0.00013466008157796995
526	0	0
527	0	0
528	0	0.00013466008157796995
529	0	0
530	0	0
531	0	0
532	0	0.00013466008157796995
533	0	0.00013466008157796995
534	0	0
535	0	0
536	0	0
537	0	0
538	0	0
539	0	0
540	0	0
541	0	0
542	0	0
543	0	0.00013466008157796995
544	0	0.00198902724981395
545	0	0
546	0	0.00032879738425745276
547	0	0
548	0	0
549	0	0.00013466008157796995
550	0	0
551	0	0
552	0	0
553	0	0
554	0	0.00013466008157796995
555	0	0
556	0	0
557	0	0
558	0	0
559	0	0
560	0	0
561	0	0.0015909910496557155
562	0	0
563	0	0
564	0	0
565	0	0
566	0	0
567	0	0
568	0	0.0006282616698519605
569	0	0
570	0	0
571	0	0.00013466008157796995
572	0	0
573	0	0
574	0	0.00013466008157796995
575	0	0.00013466008157796995
576	0	0
577	0	0
578	0	0.00013466008157796995
579	0	0
580	0	0
581	0	0
582	0	0
583	0	0.00013466008157796995
584	0	0
585	0	0.00013466008157796995
586	0	0.00013466008157796995
587	0	0
588	0	0
589	0	0.0002838479784002305
590	0	0.00013466008157796995
591	0	0
592	0	0.00013466008157796995
593	0	0
594	0	0.00013466008157796995
595	0	0
596	0	0
597	0	0
598	0	0.00013715165574485356
599	0	0
600	0	0.00028520619493095607
601	0	0
602	0	0
603	0	0
604	0	0
605	0	0
606	0	0
607	0	0
608	0	0
609	0	0
610	0	0
611	0	0.0001394355987311635
612	0	0.00018530272892600575
613	0	0.0002344770436096767
614	0	0
615	0	0
616	0	0
617	0	0.00035479187472655033
618	0	0.00025858342497915414
619	0	0.00032123689066581234
620	0	0.00013466008157796995
621	0	0
622	0	0.00013466008157796995
623	0	0
624	0	0
625	0	0
626	0	0
627	0	0
628	0	0
629	0	0
630	0	0
631	0	0
632	0	0
633	0	0.00013466008157796995
634	0	0.0001492715588508924
635	0	0
636	0	0
637	0	0.00017059863907126666
638	0	0.0003638849049312606
639	0	0
640	0	0
641	0	0
642	0	0
643	0	0.00013466008157796995
644	0	0
645	0	0
646	0	0
647	0	0
648	0	0.00013466008157796995
649	0	0.00017253027397131325
650	0	0.00013466008157796995
651	0	0.0007218614388225408
652	0	0
653	0	0.00013466008157796995
654	0	0.0001700023019201848
655	0	0
656	0	0
657	0	0
658	0	0
659	0	0
660	0	0
661	0	0.00016923556672358522
662	0	0.0007165052066093246
663	0	0
664	0	0.00017033353998115272
665	0	0
666	0	0.00013466008157796995
667	0	0
668	0	0.00013466008157796995
669	0	0
670	0	0
671	0	0
672	0	0
673	0	0.001338365258308899
674	0	0
675	0	0
676	0	0
677	0	0.0001919662874162926
678	0	0.00013466008157796995
679	0	0.00013466008157796995
680	0	0
681	0	0.0004228387526405369
682	0	0.00013466008157796995
683	0	0.00013466008157796995
684	0	0
685	0	0
686	0	0
687	0	0
688	0	0.0014228029859894033
689	0	0
690	0	0
691	0	0
692	0	0
693	0	0.0007938188757817579
694	0	0
695	0	0
696	0	0
697	0	0.000926214154091502
698	0	0
699	0	0
700	0	0
701	0	0
702	0	0
703	0	0.00013466008157796995
704	0	0
705	0	0
706	0	0.0003090437200217082
707	0	0
708	0	0
709	0	0
710	0	0
711	0	0
712	0	0
713	0	0
714	0	0
715	0	0.00013466008157796995
716	0	0.00013466008157796995
717	0	0
718	0	0
719	0	0
720	0	0
721	0	0
722	0	0
723	0	0.00013466008157796995
724	0	0
725	0	0
726	0	0.00021187848627884475
727	0	0
728	0	0
729	0	0.00013466008157796995
730	0	0.00017257398593438944
731	0	0
732	0	0
733	0	0
734	0	0
735	0	0.00013466008157796995
736	0	0.00013466008157796995
737	0	0
738	0	0.00013466008157796995
739	0	0.0002492724932546153
740	0	0
741	0	0
742	0	0
743	0	0
744	0	0
745	0	0.00013715165574485356
746	0	0
747	0	0
748	0	0
749	0	0
750	0	0
751	0	0
752	0	0.00017072552663685304
753	0	0
754	0	0
755	0	0
756	0	0.0001813540270758625
757	0	0.00017018031592565594
758	0	0
759	0	0
760	0	0
761	0	0
762	0	0
763	0	0
764	0	0.00013466008157796995
765	0	0.00016926646337363303
766	0	0.0001711335059388232
767	0	0
768	0	0
769	0	0
770	0	0.00013466008157796995
771	0	0.00013466008157796995
772	0	0
773	0	0
774	0	0
775	0	0
776	0	0
777	0	0.00017080244870668401
778	0	0.00017113700050233816
779	0	0
780	0	0
781	0	0
782	0	0
783	0	0
784	0	0
785	0	0
786	0	0
787	0	0
788	0	0
789	0	0.00013466008157796995
790	0	0
791	0	0
792	0	0
793	0	0
794	0	0
795	0	0
796	0	0.00013466008157796995
797	0	0.0002492724932546153
798	0	0
799	0	0
800	0	0.0002102659074312597
801	0	0
802	0	0
803	0	0.0001721870616477814
804	0	0
805	0	0.00013803103486257717
806	0	0
807	0	0.0002344770436096767
808	0	0
809	0	0
810	0	0.00013466008157796995
811	0	0.00020676777511027545
812	0	0
813	0	0
814	0	0
815	0	0.00013466008157796995
816	0	0.00013466008157796995
817	0	0.00013466008157796995
818	0	0.0004650008560685706
819	0	0
820	0	0
821	0	0
822	0	0
823	0	0.0001707750941807061
824	0	0
825	0	0
826	0	0.00013466008157796995
827	0	0
828	0	0
829	0	0
830	0	0
831	0	0.00013466008157796995
832	0	0
833	0	0
834	0	0
835	0	0
836	0	0
837	0	0.00013466008157796995
838	0	0.00013466008157796995
839	0	0.00013466008157796995
840	0	0
841	0	0
842	0	0
843	0	0
844	0	0
845	0	0.0002492724932546153
846	0	0
847	0	0.00013466008157796995
848	0	0
849	0	0
850	0	0
851	0	0
852	0	0
853	0	0
854	0	0
855	0	0
856	0	0
857	0	0.00013466008157796995
858	0	0
859	0	0
860	0	0
861	0	0
862	0	0.00013466008157796995
863	0	0
864	0	0
865	0	0
866	0	0.00034858534172851576
867	0	0
868	0	0
869	0	0
870	0	0
871	0	0
872	0	0
873	0	0
874	0	0
875	0	0
876	0	0
877	0	0
878	0	0.000891938493767527
879	0	0.00013466008157796995
880	0	0
881	0	0.00013466008157796995
882	0	0
883	0	0
884	0	0.00013466008157796995
885	0	0
886	0	0
887	0	0
888	0	0
889	0	0
890	0	0
891	0	0
892	0	0
893	0	0.00013466008157796995
894	0	0.00013466008157796995
895	0	0
896	0	0
897	0	0.00021106835602906687
898	0	0
899	0	0
900	0	0
901	0	0.00013466008157796995
902	0	0.00013466008157796995
903	0	0.00013466008157796995
904	0	0
905	0	0.00013466008157796995
906	0	0.0003532083582316694
907	0	0
908	0	0
909	0	0.0002492724932546153
910	0	0.00013466008157796995
911	0	0
912	0	0
913	0	0
914	0	0
915	0	0
916	0	0
917	0	0.00013466008157796995
918	0	0
919	0	0
920	0	0
921	0	0.00013466008157796995
922	0	0
923	0	0
924	0	0
925	0	0.00013466008157796995
926	0	0.0009369469633144873
927	0	0
928	0	0.00026667866959526987
929	0	0.00039414313215400124
930	0	0
931	0	0.00013466008157796995
932	0	0.00013466008157796995
933	0	0.00013466008157796995
934	0	0
935	0	0
936	0	0
937	0	0
938	0	0
939	0	0
940	0	0
941	0	0.00013466008157796995
942	0	0
943	0	0.00013466008157796995
944	0	0
945	0	0
946	0	0
947	0	0
948	0	0.0001394355987311635
949	0	0.00013466008157796995
950	0	0
951	0	0
952	0	0.00013466008157796995
953	0	0
954	0	0
955	0	0.00013466008157796995
956	0	0
957	0	0
958	0	0
959	0	0
960	0	0
961	0	0
962	0	0
963	0	0
964	0	0
965	0	0
966	0	0
967	0	0
968	0	0
969	0	0
970	0	0.00024684835225106244
971	0	0.00013466008157796995
972	0	0
973	0	0
974	0	0
975	0	0
976	0	0
977	0	0
978	0	0
979	0	0.00032123689066581234
980	0	0
981	0	0
982	0	0
983	0	0
984	0	0
985	0	0
986	0	0
987	0	0
988	0	0
989	0	0.00016957186372335996
990	0	0.00013466008157796995
991	0	0.00013466008157796995
992	0	0.00013466008157796995
993	0	0
994	0	0
995	0	0
996	0	0
997	0	0
998	0	0
999	0	0
1000	0	0
1001	0	0.00021720882297071624
1002	0	0
1003	0	0
1004	0	0
1005	0	0
1006	0	0
1007	0	0.00017150286327164273
1008	0	0.00017013114000839313
1009	0	0.00013466008157796995
1010	0	0
1011	0	0
1012	0	0
1013	0	0
1014	0	0
1015	0	0
1016	0	0
1017	0	0
1018	0	0
1019	0	0
1020	0	0.00013466008157796995
1021	0	0
1022	0	0
1023	0	0
1024	0	0
1025	0	0.00013466008157796995
1026	0	0.0002874766304801638
1027	0	0
1028	0	0
1029	0	0.00013466008157796995
1030	0	0
1031	0	0.0001558846022588302
1032	0	0
1033	0	0
1034	0	0.0006540515079285635
1035	0	0.001074228794985718
1036	0	0
1037	0	0
1038	0	0
1039	0	0.00013466008157796995
1040	0	0
1041	0	0
1042	0	0
1043	0	0
1044	0	0
1045	0	0
1046	0	0
1047	0	0.00016924632500388878
1048	0	0
1049	0	0.00013466008157796995
1050	0	0.00013466008157796995
1051	0	0
1052	0	0
1053	0	0
1054	0	0
1055	0	0
1056	0	0.00013466008157796995
1057	0	0
1058	0	0
1059	0	0
1060	0	0
1061	0	0
1062	0	0
1063	0	0.00013466008157796995
1064	0	0
1065	0	0
1066	0	0
1067	0	0.0002186634326342416
1068	0	0.00032204626088415026
1069	0	0
1070	0	0
1071	0	0
1072	0	0.00013466008157796995
1073	0	0
1074	0	0.00013466008157796995
1075	0	0
1076	0	0
1077	0	0.00013466008157796995
1078	0	0.00015103328324606215
1079	0	0
1080	0	0.00017463732195690477
1081	0	0.00013466008157796995
1082	0	0
1083	0	0
1084	0	0.00013466008157796995
1085	0	0.0008725880945182351
1086	0	0
1087	0	0.0002344770436096767
1088	0	0
1089	0	0.00013466008157796995
1090	0	0.00017043223503654652
1091	0	0
1092	0	0
1093	0	0
1094	0	0
1095	0	0.00015103328324606215
1096	0	0
1097	0	0
1098	0	0
1099	0	0
1100	0	0
1101	0	0
1102	0	0.00016916405036986818
1103	0	0
1104	0	0
1105	0	0
1106	0	0.00013466008157796995
1107	0	0
1108	0	0
1109	0	0.00013466008157796995
1110	0	0
1111	0	0
1112	0	0.00013466008157796995
1113	0	0
1114	0	0.00013466008157796995
1115	0	0
1116	0	0
1117	0	0
1118	0	0.00013466008157796995
1119	0	0
1120	0	0
1121	0	0
1122	0	0
1123	0	0
1124	0	0.0013158921409825183
1125	0	0
1126	0	0
1127	0	0
1128	0	0.00013466008157796995
1129	0	0
1130	0	0
1131	0	0
1132	0	0
1133	0	0
1134	0	0.00016923556672358522
1135	0	0
1136	0	0
1137	0	0
1138	0	0
1139	0	0
1140	0	0.0006419087149911302
1141	0	0
1142	0	0.00013466008157796995
1143	0	0
1144	0	0
1145	0	0
1146	0	0
1147	0	0
1148	0	0
1149	0	0
1150	0	0.00013466008157796995
1151	0	0
1152	0	0
1153	0	0
1154	0	0
1155	0	0.00013466008157796995
1156	0	0
1157	0	0.00013466008157796995
1158	0	0.00013466008157796995
1159	0	0
1160	0	0
1161	0	0.00013466008157796995
1162	0	0
1163	0	0
1164	0	0
1165	0	0
1166	0	0
1167	0	0
1168	0	0
1169	0	0
1170	0	0
1171	0	0
1172	0	0
1173	0	0
1174	0	0
1175	0	0
1176	0	0.00013466008157796995
1177	0	0
1178	0	0
1179	0	0.00013466008157796995
1180	0	0
1181	0	0
1182	0	0
1183	0	0
1184	0	0.00013466008157796995
1185	0	0
1186	0	0
1187	0	0
1188	0	0.00013466008157796995
1189	0	0.00013466008157796995
1190	0	0
1191	0	0.000273825824548256
1192	0	0
1193	0	0
1194	0	0
1195	0	0
1196	0	0
1197	0	0.00017286421880351838
1198	0	0
1199	0	0
1200	0	0
1201	0	0.00013466008157796995
1202	0	0.00013466008157796995
1203	0	0
1204	0	0
1205	0	0.0012805752958194216
1206	0	0
1207	0	0.0004902045137159027
1208	0	0
1209	0	0
1210	0	0.00013466008157796995
1211	0	0
1212	0	0
1213	0	0
1214	0	0
1215	0	0.0004195056341272797
1216	0	0.0007373027686276581
1217	0	0
1218	0	0
1219	0	0
1220	0	0
1221	0	0
1222	0	0.00013466008157796995
1223	0	0.00013466008157796995
1224	0	0
1225	0	0
1226	0	0
1227	0	0
1228	0	0.00013466008157796995
1229	0	0
1230	0	0.0002780784799249783
1231	0	0
1232	0	0.00013466008157796995
1233	0	0
1234	0	0
1235	0	0
1236	0	0.00013466008157796995
1237	0	0.00013466008157796995
1238	0	0
1239	0	0
1240	0	0
1241	0	0
1242	0	0
1243	0	0
1244	0	0.00013466008157796995
1245	0	0.00013466008157796995
1246	0	0.00013466008157796995
1247	0	0.00013466008157796995
1248	0	0.00013466008157796995
1249	0	0
1250	0	0.0020217433683215468
1251	0	0
1252	0	0
1253	0	0
1254	0	0
1255	0	0
1256	0	0
1257	0	0
1258	0	0
1259	0	0
1260	0	0
1261	0	0.0001729623379103092
1262	0	0.00018016701031541048
1263	0	0
1264	0	0
1265	0	0
1266	0	0.00013466008157796995
1267	0	0
1268	0	0.00013466008157796995
1269	0	0
1270	0	0.0007938188757817579
1271	0	0
1272	0	0
1273	0	0
1274	0	0
1275	0	0
1276	0	0
1277	0	0
1278	0	0
1279	0	0
1280	0	0.00016920478731329177
1281	0	0
1282	0	0
1283	0	0
1284	0	0
1285	0	0.000157582563913299
1286	0	0
1287	0	0
1288	0	0.00013466008157796995
1289	0	0
1290	0	0
1291	0	0
1292	0	0
1293	0	0
1294	0	0.0001919662874162926
1295	0	0
1296	0	0
1297	0	0
1298	0	0.00013466008157796995
1299	0	0.00013466008157796995
1300	0	0
1301	0	0
1302	0	0
1303	0	0
1304	0	0
1305	0	0
1306	0	0
1307	0	0
1308	0	0
1309	0	0
1310	0	0
1311	0	0
1312	0	0
1313	0	0.00017451084793638474
1314	0	0.00013466008157796995
1315	0	0.00013466008157796995
1316	0	0
1317	0	0.00013466008157796995
1318	0	0
1319	0	0
1320	0	0.00017630184057111506
1321	0	0
1322	0	0
1323	0	0
1324	0	0.00013466008157796995
1325	0	0
1326	0	0
1327	0	0
1328	0	0
1329	0	0
1330	0	0
1331	0	0
1332	0	0.00016926646337363303
1333	0	0
1334	0	0
1335	0	0
1336	0	0
1337	0	0
1338	0	0.00017091951433212383
1339	0	0.00013466008157796995
1340	0	0
1341	0	0
1342	0	0
1343	0	0
1344	0	0
1345	0	0.00013466008157796995
1346	0	0.00016331318449713128
1347	0	0.00013466008157796995
1348	0	0.00042119111076958335
1349	0	0
1350	0	0
1351	0	0.00016926646337363303
1352	0	0
1353	0	0
1354	0	0
1355	0	0
1356	0	0.00016923556672358522
1357	0	0
1358	0	0
1359	0	0
1360	0	0.00013466008157796995
1361	0	0.00013466008157796995
1362	0	0.00013466008157796995
1363	0	0
1364	0	0.000290624958042831
1365	0	0
1366	0	0
1367	0	0
1368	0	0
1369	0	0.00013466008157796995
1370	0	0.00013466008157796995
1371	0	0
1372	0	0
1373	0	0
1374	0	0
1375	0	0
1376	0	0
1377	0	0
1378	0	0
1379	0	0
1380	0	0.0003410826678848362
1381	0	0.00013466008157796995
1382	0	0
1383	0	0
1384	0	0.00013466008157796995
1385	0	0
1386	0	0.00017022771333314517
1387	0	0.00013466008157796995
1388	0	0
1389	0	0
1390	0	0
1391	0	0
1392	0	0
1393	0	0
1394	0	0
1395	0	0
1396	0	0
1397	0	0
1398	0	0.0002944052752466395
1399	0	0
1400	0	0
1401	0	0
1402	0	0
1403	0	0.0001704052704761043
1404	0	0
1405	0	0
1406	0	0.0025597866367091226
1407	0	0
1408	0	0
1409	0	0
1410	0	0
1411	0	0
1412	0	0
1413	0	0
1414	0	0
1415	0	0.00013466008157796995
1416	0	0
1417	0	0
1418	0	0.00014516621931499576
1419	0	0
1420	0	0
1421	0	0.00013466008157796995
1422	0	0
1423	0	0
1424	0	0
1425	0	0
1426	0	0
1427	0	0
1428	0	0
1429	0	0
1430	0	0
1431	0	0
1432	0	0.00017218977697254978
1433	0	0.00013466008157796995
1434	0	0
1435	0	0
1436	0	0
1437	0	0
1438	0	0
1439	0	0
1440	0	0
1441	0	0
1442	0	0
1443	0	0
1444	0	0.00019717498439454883
1445	0	0
1446	0	0
1447	0	0.0004214070519802754
1448	0	0
1449	0	0
1450	0	0.0015684156813687193
1451	0	0.00013466008157796995
1452	0	0
1453	0	0.00016923556672358522
1454	0	0.00013466008157796995
1455	0	0
1456	0	0.0002492724932546153
1457	0	0
1458	0	0
1459	0	0
1460	0	0
1461	0	0
1462	0	0.0002944628779776186
1463	0	0
1464	0	0.0002560686764209631
1465	0	0.00013466008157796995
1466	0	0
1467	0	0
1468	0	0
1469	0	0
1470	0	0.0006732900118049397
1471	0	0.00013466008157796995
1472	0	0.00020027467493272046
1473	0	0
1474	0	0
1475	0	0
1476	0	0
1477	0	0
1478	0	0.00013466008157796995
1479	0	0.00017259679150086454
1480	0	0
1481	0	0
1482	0	0.00013466008157796995
1483	0	0
1484	0	0
1485	0	0
1486	0	0
1487	0	0.00013466008157796995
1488	0	0
1489	0	0.00013466008157796995
1490	0	0.00013466008157796995
1491	0	0.00013466008157796995
1492	0	0
1493	0	0
1494	0	0
1495	0	0
1496	0	0.00017019754973701814
1497	0	0.0002911692632106153
1498	0	0
1499	0	0
1500	0	0
1501	0	0
1502	0	0
1503	0	0.00017051411996268223
1504	0	0
1505	0	0
1506	0	0.00017123465963510157
1507	0	0
1508	0	0
1509	0	0
1510	0	0
1511	0	0
1512	0	0
1513	0	0
1514	0	0
1515	0	0
1516	0	0
1517	0	0
1518	0	0.0001733370879191156
1519	0	0.00013466008157796995
1520	0	0
1521	0	0.00015103328324606215
1522	0	0
1523	0	0
1524	0	0
1525	0	0
1526	0	0
1527	0	0
1528	0	0
1529	0	0
1530	0	0
1531	0	0
1532	0	0
1533	0	0
1534	0	0
1535	0	0
1536	0	0
1537	0	0
1538	0	0.00013466008157796995
1539	0	0
1540	0	0
1541	0	0
1542	0	0
1543	0	0
1544	0	0.00016996576459709387
1545	0	0.00024834782019976916
1546	0	0.00013466008157796995
1547	0	0.00013466008157796995
1548	0	0
1549	0	0
1550	0	0
1551	0	0.00013466008157796995
1552	0	0
1553	0	0
1554	0	0.00016923556672358522
1555	0	0.00016912044488504377
1556	0	0.00016923556672358522
1557	0	0
1558	0	0
1559	0	0.00013466008157796995
1560	0	0.00020213558669724747
1561	0	0
1562	0	0
1563	0	0
1564	0	0.00013466008157796995
1565	0	0
1566	0	0.000170803822654569
1567	0	0.0001718589432636659
1568	0	0.00022794848612189112
1569	0	0
1570	0	0
1571	0	0
1572	0	0
1573	0	0
1574	0	0.00013466008157796995
1575	0	0
1576	0	0
1577	0	0
1578	0	0
1579	0	0
1580	0	0
1581	0	0
1582	0	0
1583	0	0
1584	0	0
1585	0	0
1586	0	0.00016916405036986818
1587	0	0
1588	0	0
1589	0	0
1590	0	0
1591	0	0
1592	0	0
1593	0	0
1594	0	0
1595	0	0
1596	0	0.00013466008157796995
1597	0	0.00013466008157796995
1598	0	0
1599	0	0
1600	0	0
1601	0	0
1602	0	0.00013466008157796995
1603	0	0
1604	0	0
1605	0	0.00017468228026113554
1606	0	0
1607	0	0
1608	0	0.00013466008157796995
1609	0	0.00013466008157796995
1610	0	0
1611	0	0
1612	0	0.00013466008157796995
1613	0	0
1614	0	0
1615	0	0.00013466008157796995
1616	0	0
1617	0	0
1618	0	0
1619	0	0
1620	0	0.00013466008157796995
1621	0	0
1622	0	0.00013466008157796995
1623	0	0.0002652445914048077
1624	0	0
1625	0	0
1626	0	0
1627	0	0.00013466008157796995
1628	0	0
1629	0	0
1630	0	0
1631	0	0.00013466008157796995
1632	0	0
1633	0	0
1634	0	0
1635	0	0.00013466008157796995
1636	0	0.00013466008157796995
1637	0	0
1638	0	0
1639	0	0.0001461213227456345
1640	0	0
1641	0	0.00017107432936954732
1642	0	0
1643	0	0
1644	0	0.00013466008157796995
1645	0	0.00013466008157796995
1646	0	0.00016991397514313123
1647	0	0.00016973753777134231
1648	0	0
1649	0	0
1650	0	0
1651	0	0
1652	0	0
1653	0	0.00013466008157796995
1654	0	0
1655	0	0
1656	0	0
1657	0	0
1658	0	0
1659	0	0
1660	0	0
1661	0	0
1662	0	0
1663	0	0
1664	0	0
1665	0	0
1666	0	0
1667	0	0
1668	0	0
1669	0	0
1670	0	0
1671	0	0
1672	0	0
1673	0	0
1674	0	0.0012251113137205663
1675	0	0
1676	0	0
1677	0	0.00013466008157796995
1678	0	0
1679	0	0
1680	0	0.000151514848001006
1681	0	0
1682	0	0
1683	0	0
1684	0	0
1685	0	0.00022746919847725422
1686	0	0.00013466008157796995
1687	0	0
1688	0	0
1689	0	0.00048651487458286166
1690	0	0.00013466008157796995
1691	0	0.00013466008157796995
1692	0	0
1693	0	0
1694	0	0
1695	0	0.00013466008157796995
1696	0	0
1697	0	0
1698	0	0
1699	0	0.00013466008157796995
1700	0	0
1701	0	0
1702	0	0.00013466008157796995
1703	0	0
1704	0	0
1705	0	0
1706	0	0
1707	0	0.00013466008157796995
1708	0	0
1709	0	0
1710	0	0
1711	0	0.0001711222868964383
1712	0	0
1713	0	0
1714	0	0
1715	0	0
1716	0	0.00013466008157796995
1717	0	0
1718	0	0
1719	0	0
1720	0	0.00016916405036986818
1721	0	0
1722	0	0
1723	0	0.0002083835715941794
1724	0	0
1725	0	0
1726	0	0
1727	0	0
1728	0	0.00013466008157796995
1729	0	0
1730	0	0.00016916405036986818
1731	0	0
1732	0	0
1733	0	0
1734	0	0
1735	0	0
1736	0	0
1737	0	0
1738	0	0
1739	0	0
1740	0	0.0001919662874162926
1741	0	0.00013466008157796995
1742	0	0
1743	0	0
1744	0	0.0010096164964923792
1745	0	0.00013466008157796995
1746	0	0
1747	0	0
1748	0	0.00017205077878380197
1749	0	0.00013466008157796995
1750	0	0
1751	0	0
1752	0	0
1753	0	0.00013466008157796995
1754	0	0
1755	0	0
1756	0	0
1757	0	0
1758	0	0
1759	0	0
1760	0	0.0002566303270906468
1761	0	0
1762	0	0.00013466008157796995
1763	0	0
1764	0	0
1765	0	0
1766	0	0.00013466008157796995
1767	0	0
1768	0	0
1769	0	0
1770	0	0
1771	0	0
1772	0	0
1773	0	0
1774	0	0.00013466008157796995
1775	0	0
1776	0	0.0001919662874162926
1777	0	0
1778	0	0.00016923556672358522
1779	0	0
1780	0	0
1781	0	0
1782	0	0
1783	0	0
1784	0	0.00016923556672358522
1785	0	0
1786	0	0.00013466008157796995
1787	0	0
1788	0	0.00018977758491066707
1789	0	0
1790	0	0
1791	0	0
1792	0	0
1793	0	0
1794	0	0
1795	0	0
1796	0	0
1797	0	0
1798	0	0
1799	0	0
1800	0	0
1801	0	0
1802	0	0.00013466008157796995
1803	0	0.00013466008157796995
1804	0	0
1805	0	0
1806	0	0
1807	0	0
1808	0	0
1809	0	0
1810	0	0
1811	0	0.00013466008157796995
1812	0	0.0001919662874162926
1813	0	0
1814	0	0
1815	0	0
1816	0	0
1817	0	0.00013466008157796995
1818	0	0.00016916405036986818
1819	0	0
1820	0	0.00013466008157796995
1821	0	0
1822	0	0
1823	0	0
1824	0	0.00016924632500388878
1825	0	0.00013466008157796995
1826	0	0
1827	0	0.00013466008157796995
1828	0	0
1829	0	0
1830	0	0
1831	0	0
1832	0	0
1833	0	0
1834	0	0
1835	0	0.00017089960199198167
1836	0	0
1837	0	0.00013466008157796995
1838	0	0.00013466008157796995
1839	0	0
1840	0	0.00013466008157796995
1841	0	0
1842	0	0.00013466008157796995
1843	0	0
1844	0	0
1845	0	0
1846	0	0
1847	0	0
1848	0	0
1849	0	0
1850	0	0
1851	0	0
1852	0	0
1853	0	0
1854	0	0
1855	0	0
1856	0	0
1857	0	0
1858	0	0
1859	0	0
1860	0	0.00013466008157796995
1861	0	0
1862	0	0.00017002026541367894
1863	0	0.00013466008157796995
1864	0	0.00013466008157796995
1865	0	0
1866	0	0
1867	0	0
1868	0	0
1869	0	0.00013466008157796995
1870	0	0
1871	0	0.00013466008157796995
1872	0	0
1873	0	0
1874	0	0
1875	0	0
1876	0	0.00013466008157796995
1877	0	0
1878	0	0
1879	0	0
1880	0	0.0008257559445848334
1881	0	0
1882	0	0
1883	0	0
1884	0	0.00013466008157796995
1885	0	0
1886	0	0
1887	0	0
1888	0	0
1889	0	0
1890	0	0
1891	0	0.00013466008157796995
1892	0	0
1893	0	0
1894	0	0
1895	0	0.00016920478731329177
1896	0	0
1897	0	0.00013466008157796995
1898	0	0
1899	0	0.00017064405106041297
1900	0	0
1901	0	0
1902	0	0.00017080920425392807
1903	0	0.00013466008157796995
1904	0	0
1905	0	0
1906	0	0
1907	0	0
1908	0	0
1909	0	0.00013466008157796995
1910	0	0
1911	0	0.00016957497536224542
1912	0	0
1913	0	0
1914	0	0
1915	0	0
1916	0	0.00013466008157796995
1917	0	0.00017663125728551078
1918	0	0
1919	0	0
1920	0	0
1921	0	0.00013466008157796995
1922	0	0.00013466008157796995
1923	0	0
1924	0	0
1925	0	0.00013466008157796995
1926	0	0
1927	0	0.00013466008157796995
1928	0	0.00013466008157796995
1929	0	0
1930	0	0
1931	0	0
1932	0	0
1933	0	0
1934	0	0
1935	0	0
1936	0	0
1937	0	0
1938	0	0
1939	0	0
1940	0	0
1941	0	0
1942	0	0
1943	0	0.00016331318449713128
1944	0	0
1945	0	0
1946	0	0
1947	0	0
1948	0	0
1949	0	0
1950	0	0.00013466008157796995
1951	0	0
1952	0	0
1953	0	0
1954	0	0
1955	0	0
1956	0	0.00013466008157796995
1957	0	0.00013466008157796995
1958	0	0
1959	0	0
1960	0	0
1961	0	0.0003596347842025797
1962	0	0.0001724930614078171
1963	0	0
1964	0	0
1965	0	0.00017151655067732056
1966	0	0
1967	0	0
1968	0	0
1969	0	0
1970	0	0
1971	0	0.00016920905061673782
1972	0	0
1973	0	0
1974	0	0
1975	0	0.00013466008157796995
1976	0	0
1977	0	0
1978	0	0
1979	0	0
1980	0	0
1981	0	0
1982	0	0.00013466008157796995
1983	0	0
1984	0	0
1985	0	0
1986	0	0.00016911057383773388
1987	0	0
1988	0	0
1989	0	0.00017071299403534357
1990	0	0
1991	0	0
1992	0	0
1993	0	0.0001748052189699625
1994	0	0
1995	0	0
1996	0	0
1997	0	0.00013466008157796995
1998	0	0
1999	0	0
2000	0	0.00013466008157796995
2001	0	0
2002	0	0
2003	0	0
2004	0	0
2005	0	0
2006	0	0
2007	0	0
2008	0	0
2009	0	0
2010	0	0.00016926646337363303
2011	0	0.00016740648491415434
2012	0	0
2013	0	0
2014	0	0
2015	0	0
2016	0	0
2017	0	0.0007938188757817579
2018	0	0.0002492724932546153
2019	0	0.00013466008157796995
2020	0	0.0002509098134214245
2021	0	0
2022	0	0
2023	0	0
2024	0	0.00013466008157796995
2025	0	0.00014421111588435706
2026	0	0
2027	0	0
2028	0	0
2029	0	0.00013466008157796995
2030	0	0
2031	0	0.00013466008157796995
2032	0	0.00013466008157796995
2033	0	0
2034	0	0
2035	0	0
2036	0	0
2037	0	0.0001706164912451663
2038	0	0
2039	0	0.00016920905061673782
2040	0	0
2041	0	0
2042	0	0
2043	0	0
2044	0	0
2045	0	0.0002492724932546153
2046	0	0.00013466008157796995
2047	0	0
2048	0	0.00017104232726956658
2049	0	0
2050	0	0
2051	0	0
2052	0	0.00013466008157796995
2053	0	0
2054	0	0
2055	0	0.00013466008157796995
2056	0	0
2057	0	0
2058	0	0
2059	0	0
2060	0	0
2061	0	0
2062	0	0.00013466008157796995
2063	0	0
2064	0	0
2065	0	0
2066	0	0
2067	0	0
2068	0	0
2069	0	0
2070	0	0
2071	0	0.00016920478731329177
2072	0	0
2073	0	0
2074	0	0.00016923556672358522
2075	0	0
2076	0	0
2077	0	0
2078	0	0
2079	0	0
2080	0	0
2081	0	0
2082	0	0
2083	0	0
2084	0	0
2085	0	0
2086	0	0
2087	0	0
2088	0	0
2089	0	0
2090	0	0
2091	0	0
2092	0	0
2093	0	0
2094	0	0
2095	0	0
2096	0	0
2097	0	0
2098	0	0
2099	0	0.00013466008157796995
2100	0	0
2101	0	0
2102	0	0
2103	0	0
2104	0	0
2105	0	0
2106	0	0
2107	0	0
2108	0	0.00013466008157796995
2109	0	0
2110	0	0
2111	0	0
2112	0	0
2113	0	0
2114	0	0
2115	0	0.00017131843070166102
2116	0	0
2117	0	0
2118	0	0
2119	0	0
2120	0	0
2121	0	0
2122	0	0.00013466008157796995
2123	0	0.00019146466826122985
2124	0	0
2125	0	0.00013466008157796995
2126	0	0
2127	0	0
2128	0	0
2129	0	0
2130	0	0
2131	0	0.00016923556672358522
2132	0	0
2133	0	0.00013466008157796995
2134	0	0.00017180107343427154
2135	0	0.0002492724932546153
2136	0	0
2137	0	0
2138	0	0
2139	0	0.0002492724932546153
2140	0	0.00013466008157796995
2141	0	0.00023525516639269267
2142	0	0.00013466008157796995
2143	0	0
2144	0	0.00013466008157796995
2145	0	0
2146	0	0
2147	0	0
2148	0	0
2149	0	0.00013466008157796995
2150	0	0
2151	0	0.00013466008157796995
2152	0	0
2153	0	0.00017009607689342723
2154	0	0
2155	0	0
2156	0	0
2157	0	0
2158	0	0
2159	0	0.00013466008157796995
2160	0	0.00032879738425745276
2161	0	0
2162	0	0
2163	0	0
2164	0	0
2165	0	0
2166	0	0
2167	0	0
2168	0	0.00013466008157796995
2169	0	0
2170	0	0.00016986850071447134
2171	0	0.00016923556672358522
2172	0	0
2173	0	0
2174	0	0
2175	0	0
2176	0	0
2177	0	0
2178	0	0
2179	0	0.00016999967678513466
2180	0	0.00017027574681668597
2181	0	0
2182	0	0
2183	0	0
2184	0	0
2185	0	0
2186	0	0.00013466008157796995
2187	0	0.00017015025679476133
2188	0	0
2189	0	0.0002484270656924668
2190	0	0
2191	0	0
2192	0	0
2193	0	0
2194	0	0.00029884914041218195
2195	0	0
2196	0	0
2197	0	0.00013466008157796995
2198	0	0
2199	0	0
2200	0	0
2201	0	0
2202	0	0
2203	0	0
2204	0	0
2205	0	0
2206	0	0
2207	0	0
2208	0	0
2209	0	0
2210	0	0
2211	0	0.00016923556672358522
2212	0	0
2213	0	0
2214	0	0.00013466008157796995
2215	0	0
2216	0	0
2217	0	0
2218	0	0
2219	0	0
2220	0	0.00013466008157796995
2221	0	0.00013466008157796995
2222	0	0
2223	0	0
2224	0	0.00013466008157796995
2225	0	0
2226	0	0
2227	0	0
2228	0	0
2229	0	0
2230	0	0.00013466008157796995
2231	0	0
2232	0	0.0002656456949227075
2233	0	0
2234	0	0
2235	0	0
2236	0	0.0011139408987456503
2237	0	0.00031964689430643206
2238	0	0
2239	0	0
2240	0	0
2241	0	0
2242	0	0.00013466008157796995
2243	0	0
2244	0	0.00020692092367034348
2245	0	0
2246	0	0.00013466008157796995
2247	0	0.000987017647032575
2248	0	0
2249	0	0
2250	0	0
2251	0	0.00013878947082474454
2252	0	0
2253	0	0
2254	0	0
2255	0	0.00016970343716082723
2256	0	0
2257	0	0
2258	0	0
2259	0	0
2260	0	0
2261	0	0
2262	0	0.00013466008157796995
2263	0	0.0009254857221468228
2264	0	0
2265	0	0
2266	0	0
2267	0	0
2268	0	0
2269	0	0
2270	0	0
2271	0	0.00013466008157796995
2272	0	0
2273	0	0
2274	0	0.00016991721488319756
2275	0	0
2276	0	0
2277	0	0.00013466008157796995
2278	0	0
2279	0	0.00013466008157796995
2280	0	0.00016908967860060792
2281	0	0
2282	0	0
2283	0	0
2284	0	0
2285	0	0
2286	0	0
2287	0	0.00016740648491415434
2288	0	0
2289	0	0.00028877967664339834
2290	0	0
2291	0	0
2292	0	0
2293	0	0
2294	0	0
2295	0	0
2296	0	0
2297	0	0
2298	0	0
2299	0	0
2300	0	0
2301	0	0.00013466008157796995
2302	0	0
2303	0	0
2304	0	0.00013466008157796995
2305	0	0
2306	0	0.00013466008157796995
2307	0	0
2308	0	0
2309	0	0.0005740076596717771
2310	0	0.00013466008157796995
2311	0	0
2312	0	0
2313	0	0
2314	0	0.00013466008157796995
2315	0	0
2316	0	0
2317	0	0
2318	0	0
2319	0	0
2320	0	0
2321	0	0
2322	0	0
2323	0	0
2324	0	0.0009480709751378311
2325	0	0
2326	0	0
2327	0	0.00013466008157796995
2328	0	0.00013466008157796995
2329	0	0
2330	0	0
2331	0	0
2332	0	0
2333	0	0
2334	0	0
2335	0	0
2336	0	0
2337	0	0
2338	0	0.00013466008157796995
2339	0	0
2340	0	0
2341	0	0.00013466008157796995
2342	0	0
2343	0	0.00013466008157796995
2344	0	0.00013466008157796995
2345	0	0
2346	0	0.0001710166521294884
2347	0	0
2348	0	0.00013466008157796995
2349	0	0.0002492724932546153
2350	0	0.00013466008157796995
2351	0	0
2352	0	0
2353	0	0
2354	0	0
2355	0	0
2356	0	0
2357	0	0
2358	0	0
2359	0	0.00013466008157796995
2360	0	0
2361	0	0
2362	0	0.00013466008157796995
2363	0	0
2364	0	0
2365	0	0.00013819760697180718
2366	0	0
2367	0	0
2368	0	0
2369	0	0
2370	0	0.00013466008157796995
2371	0	0
2372	0	0
2373	0	0
2374	0	0
2375	0	0
2376	0	0
2377	0	0
2378	0	0
2379	0	0
2380	0	0.00013466008157796995
2381	0	0
2382	0	0
2383	0	0
2384	0	0
2385	0	0.0007945746422584756
2386	0	0
2387	0	0
2388	0	0
2389	0	0
2390	0	0
2391	0	0
2392	0	0.0007938188757817579
2393	0	0.00016923556672358522
2394	0	0.00017056625999554048
2395	0	0
2396	0	0
2397	0	0
2398	0	0
2399	0	0
2400	0	0
2401	0	0
2402	0	0.00013466008157796995
2403	0	0.00013466008157796995
2404	0	0
2405	0	0
2406	0	0.00013466008157796995
2407	0	0.0001690184640036576
2408	0	0.00013466008157796995
2409	0	0
2410	0	0
2411	0	0
2412	0	0
2413	0	0
2414	0	0
2415	0	0.00013466008157796995
2416	0	0.00013466008157796995
2417	0	0
2418	0	0
2419	0	0
2420	0	0
2421	0	0
2422	0	0
2423	0	0
2424	0	0
2425	0	0.00013466008157796995
2426	0	0
2427	0	0
2428	0	0
2429	0	0.0001919662874162926
2430	0	0
2431	0	0.00016904380508096355
2432	0	0
2433	0	0
2434	0	0
2435	0	0
2436	0	0.00017286421880351838
2437	0	0
2438	0	0.00017111444249424973
2439	0	0
2440	0	0
2441	0	0
2442	0	0
2443	0	0
2444	0	0
2445	0	0
2446	0	0.0001919662874162926
2447	0	0.00013466008157796995
2448	0	0
2449	0	0
2450	0	0.00017058811245852416
2451	0	0
2452	0	0
2453	0	0
2454	0	0.0001717108698382463
2455	0	0
2456	0	0
2457	0	0
2458	0	0.00013466008157796995
2459	0	0.00013466008157796995
2460	0	0
2461	0	0
2462	0	0
2463	0	0.00017010342315678506
2464	0	0
2465	0	0
2466	0	0.00013466008157796995
2467	0	0
2468	0	0
2469	0	0
2470	0	0.00013466008157796995
2471	0	0
2472	0	0.00013466008157796995
2473	0	0
2474	0	0.00016984612409394348
2475	0	0.00015191094585800043
2476	0	0
2477	0	0
2478	0	0
2479	0	0
2480	0	0.00013466008157796995
2481	0	0
2482	0	0.0001716153143236632
2483	0	0.00013466008157796995
2484	0	0
2485	0	0.00013466008157796995
2486	0	0.00013466008157796995
2487	0	0
2488	0	0
2489	0	0
2490	0	0
2491	0	0.00043103926279188263
2492	0	0
2493	0	0
2494	0	0
2495	0	0
2496	0	0
2497	0	0.0001919662874162926
2498	0	0
2499	0	0
2500	0	0
2501	0	0
2502	0	0
2503	0	0
2504	0	0
2505	0	0
2506	0	0
2507	0	0
2508	0	0
2509	0	0
2510	0	0.00017096570860195047
2511	0	0
2512	0	0
2513	0	0
2514	0	0.00013481517279810074
2515	0	0.00013466008157796995
2516	0	0
2517	0	0
2518	0	0
2519	0	0
2520	0	0
2521	0	0.00016916405036986818
2522	0	0
2523	0	0
2524	0	0
2525	0	0
2526	0	0
2527	0	0
2528	0	0
2529	0	0
2530	0	0.000174067741637727
2531	0	0
2532	0	0
2533	0	0
2534	0	0
2535	0	0.00027710693609037205
2536	0	0
2537	0	0
2538	0	0
2539	0	0.0002960531855884027
2540	0	0.00013466008157796995
2541	0	0
2542	0	0
2543	0	0.00017037706190927847
2544	0	0
2545	0	0
2546	0	0.00013466008157796995
2547	0	0
2548	0	0
2549	0	0
2550	0	0.00013466008157796995
2551	0	0
2552	0	0.0005218340078527418
2553	0	0
2554	0	0
2555	0	0
2556	0	0
2557	0	0
2558	0	0
2559	0	0
2560	0	0
2561	0	0
2562	0	0.00013899931691716805
2563	0	0
2564	0	0
2565	0	0.00013466008157796995
2566	0	0
2567	0	0.00013466008157796995
2568	0	0
2569	0	0
2570	0	0
2571	0	0.00013466008157796995
2572	0	0
2573	0	0
2574	0	0
2575	0	0
2576	0	0.00018421510579144196
2577	0	0
2578	0	0
2579	0	0
2580	0	0
2581	0	0
2582	0	0
2583	0	0
2584	0	0
2585	0	0
2586	0	0
2587	0	0.00017181787158675817
2588	0	0
2589	0	0.00013466008157796995
2590	0	0
2591	0	0
2592	0	0.00018070974086694687
2593	0	0
2594	0	0
2595	0	0.00013466008157796995
2596	0	0
2597	0	0
2598	0	0
2599	0	0.0001714384313438918
2600	0	0
2601	0	0.0002477747670959927
2602	0	0.00016916405036986818
2603	0	0
2604	0	0
2605	0	0
2606	0	0
2607	0	0.00013466008157796995
2608	0	0.00021150241363979892
2609	0	0
2610	0	0
2611	0	0
2612	0	0
2613	0	0
2614	0	0
2615	0	0.00013466008157796995
2616	0	0
2617	0	0.00021965021333048593
2618	0	0.00013466008157796995
2619	0	0.00013466008157796995
2620	0	0.00013466008157796995
2621	0	0.00013466008157796995
2622	0	0
2623	0	0
2624	0	0.00013466008157796995
2625	0	0
2626	0	0
2627	0	0
2628	0	0
2629	0	0
2630	0	0
2631	0	0
2632	0	0
2633	0	0
2634	0	0
2635	0	0
2636	0	0
2637	0	0.00017070228714946507
2638	0	0
2639	0	0
2640	0	0
2641	0	0.00013466008157796995
2642	0	0.00013466008157796995
2643	0	0
2644	0	0
2645	0	0.00013466008157796995
2646	0	0
2647	0	0
2648	0	0
2649	0	0
2650	0	0.00013466008157796995
2651	0	0
2652	0	0
2653	0	0.00013466008157796995
2654	0	0
2655	0	0.00016981725120836808
2656	0	0.0002492724932546153
2657	0	0
2658	0	0
2659	0	0
2660	0	0
2661	0	0
2662	0	0
2663	0	0
2664	0	0
2665	0	0.00013466008157796995
2666	0	0
2667	0	0
2668	0	0.00013848049530052479
2669	0	0.00013466008157796995
2670	0	0.00013466008157796995
2671	0	0
2672	0	0
2673	0	0.0001919662874162926
2674	0	0
2675	0	0
2676	0	0.00013466008157796995
2677	0	0.00016923556672358522
2678	0	0
2679	0	0
2680	0	0
2681	0	0
2682	0	0
2683	0	0
2684	0	0
2685	0	0
2686	0	0.00020956952241326705
2687	0	0
2688	0	0.00017973284610377948
2689	0	0
2690	0	0
2691	0	0.00013466008157796995
2692	0	0
2693	0	0
2694	0	0.00013466008157796995
2695	0	0
2696	0	0
2697	0	0
2698	0	0
2699	0	0
2700	0	0.00013466008157796995
2701	0	0
2702	0	0
2703	0	0.00017039480740189494
2704	0	0
2705	0	0.00013466008157796995
2706	0	0
2707	0	0
2708	0	0
2709	0	0.00013466008157796995
2710	0	0
2711	0	0.00013466008157796995
2712	0	0
2713	0	0
2714	0	0
2715	0	0.00016920478731329177
2716	0	0
2717	0	0.00013466008157796995
2718	0	0
2719	0	0
2720	0	0.00013466008157796995
2721	0	0
2722	0	0
2723	0	0.00014994173646818934
2724	0	0
2725	0	0
2726	0	0.0002492724932546153
2727	0	0
2728	0	0.00013466008157796995
2729	0	0.00015309099642867372
2730	0	0
2731	0	0
2732	0	0
2733	0	0
2734	0	0
2735	0	0.00013466008157796995
2736	0	0
2737	0	0
2738	0	0
2739	0	0.00029462517757216386
2740	0	0
2741	0	0.00013466008157796995
2742	0	0.00015103328324606215
2743	0	0
2744	0	0
2745	0	0
2746	0	0
2747	0	0
2748	0	0
2749	0	0
2750	0	0.00017968638616522347
2751	0	0
2752	0	0
2753	0	0
2754	0	0
2755	0	0.00016924632500388878
2756	0	0.00016920478731329177
2757	0	0
2758	0	0.0001708087308907714
2759	0	0.00017093316310414733
2760	0	0
2761	0	0
2762	0	0
2763	0	0
2764	0	0
2765	0	0.00013466008157796995
2766	0	0
2767	0	0
2768	0	0
2769	0	0
2770	0	0
2771	0	0
2772	0	0
2773	0	0
2774	0	0
2775	0	0
2776	0	0
2777	0	0
2778	0	0
2779	0	0
2780	0	0.00017040745816926454
2781	0	0
2782	0	0.00013466008157796995
2783	0	0
2784	0	0
2785	0	0.0002492724932546153
2786	0	0
2787	0	0.00013466008157796995
2788	0	0
2789	0	0
2790	0	0
2791	0	0.00013466008157796995
2792	0	0
2793	0	0.00016740648491415434
2794	0	0
2795	0	0
2796	0	0
2797	0	0
2798	0	0.00013466008157796995
2799	0	0.00014454821121281778
2800	0	0.00013466008157796995
2801	0	0
2802	0	0
2803	0	0
2804	0	0.00013466008157796995
2805	0	0
2806	0	0
2807	0	0.00013466008157796995
2808	0	0.00017094357068021284
2809	0	0
2810	0	0.0001461213227456345
2811	0	0.0001743704580326202
2812	0	0
2813	0	0
2814	0	0
2815	0	0
2816	0	0
2817	0	0
2818	0	0
2819	0	0
2820	0	0
2821	0	0.0001919662874162926
2822	0	0.00013466008157796995
2823	0	0
2824	0	0
2825	0	0
2826	0	0
2827	0	0
2828	0	0
2829	0	0.00013466008157796995
2830	0	0
2831	0	0
2832	0	0
2833	0	0
2834	0	0
2835	0	0
2836	0	0
2837	0	0.00013466008157796995
2838	0	0
2839	0	0
2840	0	0
2841	0	0.00016916405036986818
2842	0	0
2843	0	0
2844	0	0
2845	0	0
2846	0	0
2847	0	0
2848	0	0
2849	0	0
2850	0	0.00013466008157796995
2851	0	0
2852	0	0
2853	0	0
2854	0	0.00013466008157796995
2855	0	0.00013466008157796995
2856	0	0.00013466008157796995
2857	0	0
2858	0	0
2859	0	0
2860	0	0
2861	0	0
2862	0	0
2863	0	0
2864	0	0
2865	0	0
2866	0	0
2867	0	0
2868	0	0
2869	0	0
2870	0	0.00013466008157796995
2871	0	0.0005358035224462287
2872	0	0
2873	0	0
2874	0	0
2875	0	0.00013466008157796995
2876	0	0.00016923556672358522
2877	0	0.00013466008157796995
2878	0	0.00015853766734393775
2879	0	0
2880	0	0
2881	0	0
2882	0	0
2883	0	0
2884	0	0
2885	0	0
2886	0	0
2887	0	0.00018079373279016
2888	0	0.00013466008157796995
2889	0	0
2890	0	0
2891	0	0.00013466008157796995
2892	0	0
2893	0	0
2894	0	0.00013466008157796995
2895	0	0.00013466008157796995
2896	0	0
2897	0	0
2898	0	0
2899	0	0.00013466008157796995
2900	0	0
2901	0	0
2902	0	0
2903	0	0
2904	0	0.0001377577143259874
2905	0	0
2906	0	0
2907	0	0
2908	0	0
2909	0	0.00013466008157796995
2910	0	0
2911	0	0
2912	0	0
2913	0	0
2914	0	0
2915	0	0
2916	0	0
2917	0	0.00017009446832852502
2918	0	0.00013466008157796995
2919	0	0
2920	0	0
2921	0	0
2922	0	0.00013466008157796995
2923	0	0
2924	0	0
2925	0	0
2926	0	0.00017294788411409678
2927	0	0
2928	0	0.00019921288205174186
2929	0	0
2930	0	0
2931	0	0
2932	0	0
2933	0	0.00017468228026113554
2934	0	0
2935	0	0
2936	0	0
2937	0	0
2938	0	0
2939	0	0
2940	0	0
2941	0	0
2942	0	0
2943	0	0.00013466008157796995
2944	0	0
2945	0	0
2946	0	0
2947	0	0
2948	0	0
2949	0	0.00013466008157796995
2950	0	0
2951	0	0
2952	0	0
2953	0	0
2954	0	0
2955	0	0
2956	0	0.00020484918388522048
2957	0	0
2958	0	0
2959	0	0
2960	0	0
2961	0	0
2962	0	0.00013466008157796995
2963	0	0
2964	0	0.0002492724932546153
2965	0	0.0003192773501338314
2966	0	0
2967	0	0
2968	0	0.00030451606518028745
2969	0	0
2970	0	0
2971	0	0
2972	0	0.0007938188757817579
2973	0	0
2974	0	0
2975	0	0
2976	0	0
2977	0	0
2978	0	0
2979	0	0
2980	0	0
2981	0	0
2982	0	0
2983	0	0
2984	0	0
2985	0	0
2986	0	0.00013466008157796995
2987	0	0
2988	0	0.00013466008157796995
2989	0	0.00013466008157796995
2990	0	0
2991	0	0
2992	0	0
2993	0	0.00013466008157796995
2994	0	0
2995	0	0
2996	0	0
2997	0	0.0001713271756270174
2998	0	0.0001461213227456345
2999	0	0
3000	0	0.00015921988408010827
3001	0	0
3002	0	0
3003	0	0
3004	0	0
3005	0	0
3006	0	0
3007	0	0.00013466008157796995
3008	0	0
3009	0	0
3010	0	0
3011	0	0.0001461213227456345
3012	0	0
3013	0	0
3014	0	0.00017369261380218088
3015	0	0
3016	0	0
3017	0	0
3018	0	0
3019	0	0
3020	0	0.00013466008157796995
3021	0	0
3022	0	0
3023	0	0
3024	0	0
3025	0	0
3026	0	0
3027	0	0.00013466008157796995
3028	0	0.00013466008157796995
3029	0	0.00013466008157796995
3030	0	0
3031	0	0
3032	0	0
3033	0	0
3034	0	0
3035	0	0
3036	0	0.00013466008157796995
3037	0	0.00013466008157796995
3038	0	0
3039	0	0.00017111452070985765
3040	0	0
3041	0	0
3042	0	0
3043	0	0
3044	0	0
3045	0	0
3046	0	0
3047	0	0
3048	0	0.00013466008157796995
3049	0	0
3050	0	0
3051	0	0.00013466008157796995
3052	0	0
3053	0	0
3054	0	0
3055	0	0.00013466008157796995
3056	0	0
3057	0	0
3058	0	0
3059	0	0
3060	0	0.00013466008157796995
3061	0	0.00013466008157796995
3062	0	0.00013466008157796995
3063	0	0
3064	0	0
3065	0	0
3066	0	0
3067	0	0
3068	0	0
3069	0	0
3070	0	0
3071	0	0
3072	0	0.00013466008157796995
3073	0	0.0002492724932546153
3074	0	0.00013466008157796995
3075	0	0
3076	0	0
3077	0	0.00013466008157796995
3078	0	0
3079	0	0
3080	0	0
3081	0	0
3082	0	0
3083	0	0
3084	0	0
3085	0	0
3086	0	0
3087	0	0
3088	0	0.00013466008157796995
3089	0	0
3090	0	0
3091	0	0
3092	0	0.0002492724932546153
3093	0	0
3094	0	0
3095	0	0
3096	0	0
3097	0	0
3098	0	0.00013466008157796995
3099	0	0
3100	0	0
3101	0	0
3102	0	0
3103	0	0
3104	0	0
3105	0	0
3106	0	0.00013466008157796995
3107	0	0
3108	0	0
3109	0	0
3110	0	0
3111	0	0
3112	0	0
3113	0	0
3114	0	0
3115	0	0.00016926646337363303
3116	0	0.0007664968252773202
3117	0	0
3118	0	0
3119	0	0.00013466008157796995
3120	0	0.00013466008157796995
3121	0	0
3122	0	0.00013466008157796995
3123	0	0.00017130686077840025
3124	0	0.00013466008157796995
3125	0	0
3126	0	0.00017006090772795414
3127	0	0
3128	0	0
3129	0	0
3130	0	0
3131	0	0
3132	0	0.00013466008157796995
3133	0	0
3134	0	0
3135	0	0
3136	0	0
3137	0	0.00016923556672358522
3138	0	0
3139	0	0
3140	0	0
3141	0	0
3142	0	0
3143	0	0.00014421111588435706
3144	0	0
3145	0	0
3146	0	0
3147	0	0.00013466008157796995
3148	0	0.00013466008157796995
3149	0	0.00013466008157796995
3150	0	0
3151	0	0
3152	0	0.00016916405036986818
3153	0	0
3154	0	0
3155	0	0
3156	0	0
3157	0	0.00017073256946334057
3158	0	0
3159	0	0
3160	0	0
3161	0	0.0008890462416788528
3162	0	0.00013466008157796995
3163	0	0.00013466008157796995
3164	0	0
3165	0	0
3166	0	0.00013466008157796995
3167	0	0
3168	0	0
3169	0	0
3170	0	0
3171	0	0
3172	0	0
3173	0	0
3174	0	0.00017290995363077684
3175	0	0
3176	0	0.00013466008157796995
3177	0	0
3178	0	0
3179	0	0
3180	0	0
3181	0	0
3182	0	0
3183	0	0.00016916405036986818
3184	0	0
3185	0	0
3186	0	0
3187	0	0
3188	0	0.00047849731660790605
3189	0	0.00013466008157796995
3190	0	0
3191	0	0
3192	0	0
3193	0	0.00013466008157796995
3194	0	0.00013466008157796995
3195	0	0
3196	0	0
3197	0	0
3198	0	0
3199	0	0
3200	0	0.00013466008157796995
3201	0	0
3202	0	0
3203	0	0.00013466008157796995
3204	0	0
3205	0	0.00013466008157796995
3206	0	0
3207	0	0
3208	0	0
3209	0	0
3210	0	0.00013466008157796995
3211	0	0
3212	0	0
3213	0	0.0001696918689535185
3214	0	0.0002492724932546153
3215	0	0
3216	0	0.00013466008157796995
3217	0	0
3218	0	0.0003864490023594021
3219	0	0
3220	0	0
3221	0	0.00016740648491415434
3222	0	0.00013466008157796995
3223	0	0
3224	0	0.00013466008157796995
3225	0	0
3226	0	0
3227	0	0.00017197146459466432
3228	0	0.00013466008157796995
3229	0	0
3230	0	0
3231	0	0
3232	0	0
3233	0	0.00013466008157796995
3234	0	0
3235	0	0.00017104984006726504
3236	0	0.0002492724932546153
3237	0	0.00013466008157796995
3238	0	0
3239	0	0
3240	0	0.00017098739714963896
3241	0	0
3242	0	0
3243	0	0
3244	0	0
3245	0	0.0005931097282845513
3246	0	0
3247	0	0
3248	0	0.00013466008157796995
3249	0	0.00016983042085497234
3250	0	0
3251	0	0.00013466008157796995
3252	0	0.00013466008157796995
3253	0	0
3254	0	0
3255	0	0
3256	0	0
3257	0	0
3258	0	0
3259	0	0
3260	0	0
3261	0	0
3262	0	0.000157582563913299
3263	0	0
3264	0	0
3265	0	0
3266	0	0.0002492724932546153
3267	0	0.00016926646337363303
3268	0	0
3269	0	0
3270	0	0
3271	0	0
3272	0	0
3273	0	0.00017115432205590616
3274	0	0
3275	0	0
3276	0	0
3277	0	0
3278	0	0
3279	0	0
3280	0	0.00013466008157796995
3281	0	0
3282	0	0
3283	0	0
3284	0	0
3285	0	0
3286	0	0
3287	0	0
3288	0	0
3289	0	0.00013466008157796995
3290	0	0.0007938188757817579
3291	0	0.00013466008157796995
3292	0	0
3293	0	0
3294	0	0
3295	0	0.00013466008157796995
3296	0	0.00016923556672358522
3297	0	0.00036155420014358377
3298	0	0
3299	0	0.00016975463273159524
3300	0	0
3301	0	0
3302	0	0
3303	0	0
3304	0	0
3305	0	0.00013466008157796995
3306	0	0
3307	0	0.00013466008157796995
3308	0	0
3309	0	0
3310	0	0.00013466008157796995
3311	0	0.00013466008157796995
3312	0	0
3313	0	0
3314	0	0.00014230090902307962
3315	0	0
3316	0	0
3317	0	0
3318	0	0.00013466008157796995
3319	0	0.0001413779099094372
3320	0	0.00013466008157796995
3321	0	0
3322	0	0
3323	0	0
3324	0	0
3325	0	0
3326	0	0
3327	0	0
3328	0	0
3329	0	0
3330	0	0
3331	0	0
3332	0	0
3333	0	0
3334	0	0
3335	0	0
3336	0	0
3337	0	0
3338	0	0
3339	0	0.00013466008157796995
3340	0	0
3341	0	0
3342	0	0
3343	0	0
3344	0	0.00014777211879859028
3345	0	0
3346	0	0
3347	0	0
3348	0	0
3349	0	0
3350	0	0
3351	0	0
3352	0	0.00013466008157796995
3353	0	0
3354	0	0
3355	0	0
3356	0	0
3357	0	0
3358	0	0
3359	0	0
3360	0	0
3361	0	0
3362	0	0.00017022205040711754
3363	0	0
3364	0	0
3365	0	0
3366	0	0
3367	0	0
3368	0	0
3369	0	0
3370	0	0
3371	0	0.00013466008157796995
3372	0	0
3373	0	0
3374	0	0
3375	0	0
3376	0	0
3377	0	0
3378	0	0.00016985649991486793
3379	0	0
3380	0	0
3381	0	0
3382	0	0
3383	0	0.00013466008157796995
3384	0	0
3385	0	0
3386	0	0.00013466008157796995
3387	0	0.00013466008157796995
3388	0	0
3389	0	0
3390	0	0.00024927249325461525
3391	0	0
3392	0	0
3393	0	0
3394	0	0.00031068513865589823
3395	0	0.0001703747378056261
3396	0	0
3397	0	0.00016331318449713128
3398	0	0.00013466008157796995
3399	0	0.0002492724932546153
3400	0	0
3401	0	0
3402	0	0
3403	0	0
3404	0	0
3405	0	0
3406	0	0.00013466008157796995
3407	0	0
3408	0	0
3409	0	0
3410	0	0
3411	0	0
3412	0	0.00013466008157796995
3413	0	0.0001919662874162926
3414	0	0
3415	0	0.00013466008157796995
3416	0	0
3417	0	0
3418	0	0
3419	0	0
3420	0	0
3421	0	0.0002601215444778875
3422	0	0
3423	0	0.00013466008157796995
3424	0	0.0002492724932546153
3425	0	0.00017408922163675213
3426	0	0
3427	0	0
3428	0	0
3429	0	0
3430	0	0.00013466008157796995
3431	0	0.00013466008157796995
3432	0	0.00013466008157796995
3433	0	0
3434	0	0
3435	0	0
3436	0	0.00013466008157796995
3437	0	0
3438	0	0.00013466008157796995
3439	0	0
3440	0	0
3441	0	0.00013466008157796995
3442	0	0.00016921881862490843
3443	0	0
3444	0	0.00024633371346803465
3445	0	0
3446	0	0
3447	0	0
3448	0	0
3449	0	0.00013466008157796995
3450	0	0
3451	0	0
3452	0	0
3453	0	0
3454	0	0
3455	0	0
3456	0	0
3457	0	0
3458	0	0.00013466008157796995
3459	0	0
3460	0	0
3461	0	0.00024938046385996135
3462	0	0
3463	0	0
3464	0	0.00017120619431337054
3465	0	0
3466	0	0
3467	0	0
3468	0	0.00013466008157796995
3469	0	0
3470	0	0.0002492724932546153
3471	0	0
3472	0	0
3473	0	0.0001519489701328723
3474	0	0
3475	0	0.00013466008157796995
3476	0	0
3477	0	0
3478	0	0
3479	0	0.00017009121630091537
3480	0	0
3481	0	0
3482	0	0
3483	0	0.00013466008157796995
3484	0	0
3485	0	0
3486	0	0
3487	0	0
3488	0	0
3489	0	0
3490	0	0.00016993554520065802
3491	0	0.00013466008157796995
3492	0	0.00017087688914122607
3493	0	0.00016916405036986818
3494	0	0.0001708406389081059
3495	0	0
3496	0	0
3497	0	0.00013466008157796995
3498	0	0
3499	0	0.00013466008157796995
3500	0	0
3501	0	0
3502	0	0
3503	0	0.00013466008157796995
3504	0	0
3505	0	0.00044856389730291586
3506	0	0
3507	0	0
3508	0	0.00016923556672358522
3509	0	0.0002492724932546153
3510	0	0
3511	0	0
3512	0	0.00013466008157796995
3513	0	0
3514	0	0
3515	0	0
3516	0	0
3517	0	0
3518	0	0
3519	0	0.00013466008157796995
3520	0	0.0003433513464882877
3521	0	0.00013466008157796995
3522	0	0
3523	0	0
3524	0	0
3525	0	0
3526	0	0
3527	0	0
3528	0	0
3529	0	0.00013466008157796995
3530	0	0
3531	0	0.00013466008157796995
3532	0	0
3533	0	0
3534	0	0
3535	0	0.00013466008157796995
3536	0	0.000157582563913299
3537	0	0.00013466008157796995
3538	0	0
3539	0	0
3540	0	0
3541	0	0
3542	0	0
3543	0	0.00013466008157796995
3544	0	0
3545	0	0
3546	0	0
3547	0	0.00013466008157796995
3548	0	0.00013466008157796995
3549	0	0.0002344770436096767
3550	0	0.00013466008157796995
3551	0	0
3552	0	0
3553	0	0
3554	0	0.00016920478731329177
3555	0	0
3556	0	0.00013466008157796995
3557	0	0
3558	0	0
3559	0	0
3560	0	0
3561	0	0
3562	0	0
3563	0	0
3564	0	0
3565	0	0
3566	0	0.0006804687097042526
3567	0	0.00013466008157796995
3568	0	0
3569	0	0
3570	0	0
3571	0	0
3572	0	0
3573	0	0.0010307085678382276
3574	0	0
3575	0	0
3576	0	0
3577	0	0
3578	0	0
3579	0	0
3580	0	0
3581	0	0.00021123416481821672
3582	0	0
3583	0	0
3584	0	0
3585	0	0
3586	0	0.0002492724932546153
3587	0	0
3588	0	0
3589	0	0
3590	0	0
3591	0	0.00013466008157796995
3592	0	0
3593	0	0
3594	0	0
3595	0	0
3596	0	0
3597	0	0.00045796289130804475
3598	0	0
3599	0	0
3600	0	0
3601	0	0.00013466008157796995
3602	0	0
3603	0	0
3604	0	0
3605	0	0
3606	0	0
3607	0	0.00013466008157796995
3608	0	0
3609	0	0
3610	0	0.00013466008157796995
3611	0	0.0001729418061122209
3612	0	0
3613	0	0
3614	0	0
3615	0	0
3616	0	0
3617	0	0
3618	0	0
3619	0	0.0001701595267879026
3620	0	0
3621	0	0
3622	0	0
3623	0	0
3624	0	0
3625	0	0.00013466008157796995
3626	0	0
3627	0	0
3628	0	0
3629	0	0
3630	0	0.00013466008157796995
3631	0	0
3632	0	0
3633	0	0
3634	0	0
3635	0	0
3636	0	0
3637	0	0
3638	0	0
3639	0	0.00013466008157796995
3640	0	0
3641	0	0
3642	0	0
3643	0	0
3644	0	0
3645	0	0.00016920478731329177
3646	0	0
3647	0	0
3648	0	0
3649	0	0
3650	0	0.00013466008157796995
3651	0	0
3652	0	0.00013466008157796995
3653	0	0
3654	0	0
3655	0	0
3656	0	0
3657	0	0.00017728237337029688
3658	0	0
3659	0	0
3660	0	0
3661	0	0
3662	0	0.00013466008157796995
3663	0	0
3664	0	0
3665	0	0
3666	0	0
3667	0	0
3668	0	0
3669	0	0
3670	0	0
3671	0	0
3672	0	0.00013466008157796995
3673	0	0
3674	0	0
3675	0	0
3676	0	0.00013466008157796995
3677	0	0
3678	0	0
3679	0	0
3680	0	0
3681	0	0.00016920478731329177
3682	0	0
3683	0	0.00013466008157796995
3684	0	0
3685	0	0
3686	0	0.00016924632500388878
3687	0	0.00013466008157796995
3688	0	0
3689	0	0
3690	0	0.00013466008157796995
3691	0	0
3692	0	0.0001919662874162926
3693	0	0.00016923556672358522
3694	0	0
3695	0	0
3696	0	0
3697	0	0
3698	0	0
3699	0	0.00013466008157796995
3700	0	0.00016986850071447134
3701	0	0
3702	0	0
3703	0	0
3704	0	0
3705	0	0.00013466008157796995
3706	0	0
3707	0	0
3708	0	0
3709	0	0
3710	0	0
3711	0	0
3712	0	0
3713	0	0
3714	0	0
3715	0	0
3716	0	0
3717	0	0
3718	0	0
3719	0	0
3720	0	0
3721	0	0.00013466008157796995
3722	0	0.00013466008157796995
3723	0	0.00013466008157796995
3724	0	0
3725	0	0
3726	0	0
3727	0	0
3728	0	0
3729	0	0.00013466008157796995
3730	0	0
3731	0	0
3732	0	0.00013466008157796995
3733	0	0
3734	0	0.00013654681091885139
3735	0	0
3736	0	0
3737	0	0.0001727485617655751
3738	0	0.00016923556672358522
3739	0	0
3740	0	0
3741	0	0
3742	0	0
3743	0	0
3744	0	0
3745	0	0.00013964322991173714
3746	0	0
3747	0	0
3748	0	0
3749	0	0
3750	0	0.0001706220180264216
3751	0	0
3752	0	0.00013466008157796995
3753	0	0
3754	0	0
3755	0	0
3756	0	0
3757	0	0.00013466008157796995
3758	0	0
3759	0	0
3760	0	0
3761	0	0.00013466008157796995
3762	0	0
3763	0	0
3764	0	0.00013466008157796995
3765	0	0
3766	0	0
3767	0	0
3768	0	0.00013466008157796995
3769	0	0
3770	0	0
3771	0	0.00013466008157796995
3772	0	0
3773	0	0
3774	0	0
3775	0	0
3776	0	0
3777	0	0
3778	0	0
3779	0	0
3780	0	0.00013466008157796995
3781	0	0
3782	0	0.00013466008157796995
3783	0	0.00015103328324606215
3784	0	0
3785	0	0.00013466008157796995
3786	0	0
3787	0	0
3788	0	0.00013466008157796995
3789	0	0
3790	0	0
3791	0	0.00013466008157796995
3792	0	0
3793	0	0.00013466008157796995
3794	0	0
3795	0	0.0006282616698519605
3796	0	0.00013466008157796995
3797	0	0.00016923556672358522
3798	0	0
3799	0	0.00016916405036986818
3800	0	0
3801	0	0
3802	0	0
3803	0	0.0001919662874162926
3804	0	0.00013466008157796995
3805	0	0
3806	0	0.00017199658784847275
3807	0	0
3808	0	0
3809	0	0
3810	0	0
3811	0	0.00013466008157796995
3812	0	0
3813	0	0.00013466008157796995
3814	0	0
3815	0	0
3816	0	0.00013466008157796995
3817	0	0
3818	0	0
3819	0	0
3820	0	0
3821	0	0
3822	0	0
3823	0	0
3824	0	0.00013466008157796995
3825	0	0.00013466008157796995
3826	0	0
3827	0	0
3828	0	0
3829	0	0
3830	0	0
3831	0	0
3832	0	0
3833	0	0.00013466008157796995
3834	0	0
3835	0	0
3836	0	0
3837	0	0
3838	0	0.00013466008157796995
3839	0	0
3840	0	0
3841	0	0.0001919662874162926
3842	0	0.00013466008157796995
3843	0	0
3844	0	0
3845	0	0
3846	0	0
3847	0	0
3848	0	0
3849	0	0
3850	0	0
3851	0	0
3852	0	0.00013466008157796995
3853	0	0
3854	0	0
3855	0	0
3856	0	0.0001377577143259874
3857	0	0
3858	0	0.000413485701416909
3859	0	0.00017059863907126666
3860	0	0
3861	0	0
3862	0	0
3863	0	0.00013466008157796995
3864	0	0
3865	0	0.00013466008157796995
3866	0	0.0001919662874162926
3867	0	0.00013466008157796995
3868	0	0
3869	0	0
3870	0	0.00013466008157796995
3871	0	0
3872	0	0
3873	0	0
3874	0	0
3875	0	0
3876	0	0
3877	0	0.00013466008157796995
3878	0	0
3879	0	0
3880	0	0.00016920478731329177
3881	0	0
3882	0	0.0002056972039303099
3883	0	0
3884	0	0
3885	0	0
3886	0	0
3887	0	0.00013466008157796995
3888	0	0.00017041022635370587
3889	0	0
3890	0	0.00013466008157796995
3891	0	0.00017615852846482685
3892	0	0
3893	0	0
3894	0	0
3895	0	0.00013739958183906452
3896	0	0
3897	0	0
3898	0	0.00016861931466734633
3899	0	0
3900	0	0.00013466008157796995
3901	0	0
3902	0	0
3903	0	0
3904	0	0
3905	0	0
3906	0	0
3907	0	0
3908	0	0.00013466008157796995
3909	0	0
3910	0	0
3911	0	0
3912	0	0.00016920478731329177
3913	0	0
3914	0	0.00013466008157796995
3915	0	0
3916	0	0
3917	0	0
3918	0	0.00016923556672358522
3919	0	0
3920	0	0
3921	0	0
3922	0	0
3923	0	0
3924	0	0
3925	0	0.00013890541886762528
3926	0	0
3927	0	0
3928	0	0
3929	0	0
3930	0	0
3931	0	0
3932	0	0
3933	0	0
3934	0	0
3935	0	0.00020342752858395715
3936	0	0
3937	0	0
3938	0	0
3939	0	0
3940	0	0
3941	0	0
3942	0	0
3943	0	0
3944	0	0
3945	0	0
3946	0	0
3947	0	0
3948	0	0
3949	0	0
3950	0	0
3951	0	0.00013466008157796995
3952	0	0
3953	0	0
3954	0	0
3955	0	0
3956	0	0
3957	0	0
3958	0	0
3959	0	0
3960	0	0.00013466008157796995
3961	0	0
3962	0	0
3963	0	0
3964	0	0
3965	0	0.00013466008157796995
3966	0	0
3967	0	0
3968	0	0
3969	0	0
3970	0	0
3971	0	0
3972	0	0
3973	0	0.00013466008157796995
3974	0	0
3975	0	0
3976	0	0
3977	0	0
3978	0	0
3979	0	0
3980	0	0
3981	0	0
3982	0	0
3983	0	0.00013466008157796995
3984	0	0.00020736818759541662
3985	0	0
3986	0	0
3987	0	0
3988	0	0
3989	0	0
3990	0	0
3991	0	0
3992	0	0.0001805050462486281
3993	0	0.00013466008157796995
3994	0	0
3995	0	0
3996	0	0
3997	0	0.00013466008157796995
3998	0	0
3999	0	0
4000	0	0
4001	0	0
4002	0	0
4003	0	0
4004	0	0.00038572173618890606
4005	0	0
4006	0	0
4007	0	0
4008	0	0
4009	0	0
4010	0	0
4011	0	0
4012	0	0
4013	0	0
4014	0	0.00016920478731329177
4015	0	0
4016	0	0.0001377577143259874
4017	0	0
4018	0	0.0001919662874162926
4019	0	0
4020	0	0
4021	0	0
4022	0	0
4023	0	0
4024	0	0
4025	0	0.00017060720460168914
4026	0	0
4027	0	0.00017277751507371343
4028	0	0
4029	0	0.00013466008157796995
4030	0	0
4031	0	0
4032	0	0.00013466008157796995
4033	0	0
4034	0	0.0007938188757817579
4035	0	0.00013466008157796995
4036	0	0
4037	0	0.00013466008157796995
4038	0	0
4039	0	0.00013466008157796995
4040	0	0.0001698081759249327
4041	0	0
4042	0	0
4043	0	0.00013466008157796995
4044	0	0
4045	0	0
4046	0	0
4047	0	0
4048	0	0.00013466008157796995
4049	0	0
4050	0	0.00040214128408765716
4051	0	0
4052	0	0
4053	0	0
4054	0	0
4055	0	0
4056	0	0
4057	0	0
4058	0	0.00013466008157796995
4059	0	0.00020614116464737323
4060	0	0
4061	0	0
4062	0	0
4063	0	0.00013466008157796995
4064	0	0.00013466008157796995
4065	0	0
4066	0	0.00017130686077840025
4067	0	0
4068	0	0
4069	0	0
4070	0	0
4071	0	0
4072	0	0
4073	0	0
4074	0	0
4075	0	0.00013466008157796995
4076	0	0
4077	0	0.0002492724932546153
4078	0	0
4079	0	0
4080	0	0
4081	0	0
4082	0	0
4083	0	0
4084	0	0
4085	0	0.00016923556672358522
4086	0	0
4087	0	0.00013466008157796995
4088	0	0
4089	0	0
4090	0	0.00013466008157796995
4091	0	0
4092	0	0
4093	0	0
4094	0	0
4095	0	0
4096	0	0
4097	0	0
4098	0	0
4099	0	0.00013466008157796995
4100	0	0
4101	0	0
4102	0	0
4103	0	0
4104	0	0
4105	0	0.00013466008157796995
4106	0	0
4107	0	0
4108	0	0
4109	0	0
4110	0	0
4111	0	0
4112	0	0
4113	0	0
4114	0	0.00013466008157796995
4115	0	0
4116	0	0
4117	0	0
4118	0	0
4119	0	0.00013466008157796995
4120	0	0.00016926646337363303
4121	0	0.00013466008157796995
4122	0	0
4123	0	0
4124	0	0
4125	0	0
4126	0	0
4127	0	0
4128	0	0
4129	0	0
4130	0	0.00036388490493126065
4131	0	0
4132	0	0.00013466008157796995
4133	0	0
4134	0	0
4135	0	0
4136	0	0
4137	0	0
4138	0	0
4139	0	0
4140	0	0.00013654681091885139
4141	0	0.00013466008157796995
4142	0	0
4143	0	0.0029487443401196756
4144	0	0.00013466008157796995
4145	0	0
4146	0	0
4147	0	0
4148	0	0
4149	0	0
4150	0	0
4151	0	0
4152	0	0
4153	0	0
4154	0	0
4155	0	0
4156	0	0
4157	0	0
4158	0	0
4159	0	0.00017022852042134374
4160	0	0.00013466008157796995
4161	0	0.0002492724932546153
4162	0	0.00031679871214617707
4163	0	0.00013466008157796995
4164	0	0
4165	0	0
4166	0	0
4167	0	0.00013466008157796995
4168	0	0
4169	0	0
4170	0	0
4171	0	0
4172	0	0
4173	0	0
4174	0	0
4175	0	0
4176	0	0
4177	0	0
4178	0	0
4179	0	0
4180	0	0.00013466008157796995
4181	0	0.00017024306128306975
4182	0	0
4183	0	0
4184	0	0.00013466008157796995
4185	0	0
4186	0	0
4187	0	0
4188	0	0
4189	0	0
4190	0	0
4191	0	0
4192	0	0
4193	0	0
4194	0	0
4195	0	0
4196	0	0
4197	0	0
4198	0	0.00017115432205590616
4199	0	0
4200	0	0
4201	0	0
4202	0	0
4203	0	0
4204	0	0
4205	0	0.00013466008157796995
4206	0	0.000157582563913299
4207	0	0
4208	0	0
4209	0	0.0002492724932546153
4210	0	0.00017373249464955359
4211	0	0.00013466008157796995
4212	0	0
4213	0	0.00016924632500388878
4214	0	0.00013466008157796995
4215	0	0
4216	0	0
4217	0	0
4218	0	0
4219	0	0
4220	0	0
4221	0	0
4222	0	0
4223	0	0
4224	0	0
4225	0	0
4226	0	0
4227	0	0
4228	0	0
4229	0	0
4230	0	0
4231	0	0.00013466008157796995
4232	0	0
4233	0	0
4234	0	0
4235	0	0
4236	0	0.00013466008157796995
4237	0	0
4238	0	0.00013466008157796995
4239	0	0
4240	0	0.0010276088771328479
4241	0	0.00013466008157796995
4242	0	0.00015103328324606215
4243	0	0
4244	0	0.00017588325179742682
4245	0	0.00013466008157796995
4246	0	0
4247	0	0.00013466008157796995
4248	0	0
4249	0	0
4250	0	0
4251	0	0
4252	0	0
4253	0	0
4254	0	0
4255	0	0
4256	0	0.00017257101192003765
4257	0	0.0002492724932546153
4258	0	0
4259	0	0.0002698066938538953
4260	0	0.00013466008157796995
4261	0	0
4262	0	0
4263	0	0
4264	0	0
4265	0	0
4266	0	0
4267	0	0
4268	0	0
4269	0	0
4270	0	0.00017152148198096767
4271	0	0
4272	0	0
4273	0	0
4274	0	0
4275	0	0.00017205077878380197
4276	0	0
4277	0	0
4278	0	0
4279	0	0
4280	0	0
4281	0	0
4282	0	0
4283	0	0
4284	0	0
4285	0	0.00013466008157796995
4286	0	0
4287	0	0
4288	0	0
4289	0	0.0002188114818881878
4290	0	0.00013466008157796995
4291	0	0.00017381148734742723
4292	0	0
4293	0	0.00013466008157796995
4294	0	0
4295	0	0.00016916405036986818
4296	0	0
4297	0	0
4298	0	0
4299	0	0
4300	0	0
4301	0	0
4302	0	0
4303	0	0.00013466008157796995
4304	0	0
4305	0	0
4306	0	0.00034658067119454914
4307	0	0
4308	0	0
4309	0	0
4310	0	0
4311	0	0
4312	0	0
4313	0	0
4314	0	0
4315	0	0
4316	0	0
4317	0	0.00013466008157796995
4318	0	0
4319	0	0
4320	0	0
4321	0	0
4322	0	0
4323	0	0
4324	0	0
4325	0	0.00013466008157796995
4326	0	0
4327	0	0
4328	0	0.0002492724932546153
4329	0	0
4330	0	0
4331	0	0
4332	0	0
4333	0	0
4334	0	0.0014743144707594484
4335	0	0
4336	0	0
4337	0	0
4338	0	0
4339	0	0
4340	0	0
4341	0	0.00013466008157796995
4342	0	0
4343	0	0
4344	0	0
4345	0	0
4346	0	0
4347	0	0.00013466008157796995
4348	0	0
4349	0	0
4350	0	0
4351	0	0
4352	0	0.000157582563913299
4353	0	0
4354	0	0.00013466008157796995
4355	0	0.0001919662874162926
4356	0	0
4357	0	0.00017688336805376186
4358	0	0
4359	0	0
4360	0	0
4361	0	0.00017562670635031793
4362	0	0
4363	0	0.00013466008157796995
4364	0	0
4365	0	0
4366	0	0.00013466008157796995
4367	0	0.0002492724932546153
4368	0	0
4369	0	0
4370	0	0
4371	0	0
4372	0	0
4373	0	0
4374	0	0
4375	0	0
4376	0	0
4377	0	0
4378	0	0.00013466008157796995
4379	0	0
4380	0	0
4381	0	0
4382	0	0
4383	0	0
4384	0	0.00016923556672358522
4385	0	0
4386	0	0.0001708917827932947
4387	0	0.00017124664511778906
4388	0	0
4389	0	0
4390	0	0.0001394355987311635
4391	0	0.00014516621931499576
4392	0	0
4393	0	0.00022794848612189112
4394	0	0
4395	0	0
4396	0	0.00013466008157796995
4397	0	0
4398	0	0.00013466008157796995
4399	0	0
4400	0	0
4401	0	0
4402	0	0
4403	0	0.0002492724932546153
4404	0	0
4405	0	0
4406	0	0
4407	0	0
4408	0	0.00013466008157796995
4409	0	0.00017050231588903563
4410	0	0.00023525644955067862
4411	0	0.00017924680338280173
4412	0	0.00013466008157796995
4413	0	0
4414	0	0
4415	0	0
4416	0	0
4417	0	0
4418	0	0
4419	0	0.00035821342551009804
4420	0	0.00016962425823492422
4421	0	0
4422	0	0.00013466008157796995
4423	0	0
4424	0	0.00013466008157796995
4425	0	0
4426	0	0
4427	0	0
4428	0	0.0008425281670284891
4429	0	0.00013466008157796995
4430	0	0
4431	0	0
4432	0	0.00013466008157796995
4433	0	0
4434	0	0.00017674016452926537
4435	0	0
4436	0	0.00013466008157796995
4437	0	0
4438	0	0
4439	0	0
4440	0	0
4441	0	0
4442	0	0
4443	0	0
4444	0	0.00013466008157796995
4445	0	0.00013466008157796995
4446	0	0.00013466008157796995
4447	0	0
4448	0	0
4449	0	0
4450	0	0
4451	0	0
4452	0	0
4453	0	0
4454	0	0
4455	0	0.00013466008157796995
4456	0	0
4457	0	0
4458	0	0
4459	0	0
4460	0	0
4461	0	0
4462	0	0
4463	0	0
4464	0	0
4465	0	0.0002014968349375869
4466	0	0
4467	0	0
4468	0	0
4469	0	0
4470	0	0
4471	0	0.0007938188757817579
4472	0	0
4473	0	0
4474	0	0.00013466008157796995
4475	0	0.00017009121630091537
4476	0	0
4477	0	0
4478	0	0
4479	0	0
4480	0	0.00013466008157796995
4481	0	0
4482	0	0
4483	0	0
4484	0	0
4485	0	0
4486	0	0
4487	0	0
4488	0	0
4489	0	0
4490	0	0
4491	0	0
4492	0	0.00013466008157796995
4493	0	0
4494	0	0.00036388490493126065
4495	0	0
4496	0	0
4497	0	0
4498	0	0.00013466008157796995
4499	0	0
4500	0	0
4501	0	0
4502	0	0
4503	0	0
4504	0	0
4505	0	0.00013466008157796995
4506	0	0
4507	0	0.00013466008157796995
4508	0	0
4509	0	0
4510	0	0.00021393366632098295
4511	0	0.00013466008157796995
4512	0	0
4513	0	0
4514	0	0.00013466008157796995
4515	0	0
4516	0	0
4517	0	0
4518	0	0
4519	0	0
4520	0	0.00013466008157796995
4521	0	0
4522	0	0.00013466008157796995
4523	0	0
4524	0	0
4525	0	0
4526	0	0
4527	0	0
4528	0	0
4529	0	0
4530	0	0
4531	0	0
4532	0	0
4533	0	0
4534	0	0
4535	0	0.00013466008157796995
4536	0	0
4537	0	0
4538	0	0
4539	0	0
4540	0	0
4541	0	0.0006481447488499964
4542	0	0
4543	0	0
4544	0	0
4545	0	0
4546	0	0
4547	0	0
4548	0	0.0006512964696316462
4549	0	0
4550	0	0
4551	0	0
4552	0	0
4553	0	0
4554	0	0.0001765998461439548
4555	0	0
4556	0	0
4557	0	0.00013466008157796995
4558	0	0
4559	0	0
4560	0	0
4561	0	0.00013466008157796995
4562	0	0
4563	0	0
4564	0	0
4565	0	0
4566	0	0
4567	0	0.00013466008157796995
4568	0	0
4569	0	0
4570	0	0
4571	0	0
4572	0	0
4573	0	0
4574	0	0
4575	0	0.0007938188757817579
4576	0	0
4577	0	0.000166398903273041
4578	0	0
4579	0	0
4580	0	0
4581	0	0
4582	0	0
4583	0	0.00013466008157796995
4584	0	0.000169932540986649
4585	0	0
4586	0	0
4587	0	0
4588	0	0
4589	0	0
4590	0	0
4591	0	0
4592	0	0
4593	0	0
4594	0	0
4595	0	0.0002492724932546153
4596	0	0
4597	0	0
4598	0	0.00016975463273159524
4599	0	0
4600	0	0
4601	0	0.00016985674390447683
4602	0	0.00013625192062903448
4603	0	0
4604	0	0.00013466008157796995
4605	0	0.00017098931020188406
4606	0	0
4607	0	0.00019717498439454883
4608	0	0
4609	0	0
4610	0	0
4611	0	0
4612	0	0.00016980885721030732
4613	0	0
4614	0	0
4615	0	0
4616	0	0.00013466008157796995
4617	0	0
4618	0	0.0001461213227456345
4619	0	0
4620	0	0
4621	0	0
4622	0	0
4623	0	0
4624	0	0.00013466008157796995
4625	0	0
4626	0	0
4627	0	0
4628	0	0
4629	0	0.00013466008157796995
4630	0	0
4631	0	0.00013466008157796995
4632	0	0
4633	0	0
4634	0	0.00013466008157796995
4635	0	0.00013466008157796995
4636	0	0
4637	0	0
4638	0	0.0006311571677755021
4639	0	0.0003408961501129893
4640	0	0
4641	0	0
4642	0	0
4643	0	0
4644	0	0
4645	0	0.00013715165574485356
4646	0	0.00013466008157796995
4647	0	0
4648	0	0
4649	0	0
4650	0	0
4651	0	0
4652	0	0
4653	0	0
4654	0	0
4655	0	0.00013466008157796995
4656	0	0.00013466008157796995
4657	0	0
4658	0	0.00013654681091885139
4659	0	0
4660	0	0.0004044340578591239
4661	0	0
4662	0	0
4663	0	0
4664	0	0
4665	0	0
4666	0	0
4667	0	0
4668	0	0
4669	0	0.00013466008157796995
4670	0	0
4671	0	0
4672	0	0
4673	0	0.00016926646337363303
4674	0	0
4675	0	0
4676	0	0
4677	0	0.0005931097282845513
4678	0	0
4679	0	0
4680	0	0
4681	0	0
4682	0	0.00013466008157796995
4683	0	0.00013466008157796995
4684	0	0
4685	0	0
4686	0	0
4687	0	0
4688	0	0
4689	0	0
4690	0	0
4691	0	0
4692	0	0
4693	0	0
4694	0	0
4695	0	0
4696	0	0
4697	0	0.00013466008157796995
4698	0	0.0002492724932546153
4699	0	0
4700	0	0
4701	0	0
4702	0	0.00013466008157796995
4703	0	0
4704	0	0.00013466008157796995
4705	0	0
4706	0	0.000157582563913299
4707	0	0
4708	0	0.00016331318449713128
4709	0	0.00013466008157796995
4710	0	0
4711	0	0
4712	0	0
4713	0	0
4714	0	0.00013466008157796995
4715	0	0.0002328565606669164
4716	0	0.00039456976883361076
4717	0	0
4718	0	0
4719	0	0
4720	0	0
4721	0	0
4722	0	0.00013466008157796995
4723	0	0
4724	0	0.00013466008157796995
4725	0	0
4726	0	0
4727	0	0
4728	0	0.00013466008157796995
4729	0	0.00013466008157796995
4730	0	0.00013466008157796995
4731	0	0
4732	0	0
4733	0	0
4734	0	0
4735	0	0.0001919662874162926
4736	0	0.00013466008157796995
4737	0	0.00013466008157796995
4738	0	0
4739	0	0
4740	0	0
4741	0	0
4742	0	0
4743	0	0
4744	0	0.00013466008157796995
4745	0	0
4746	0	0
4747	0	0.00013466008157796995
4748	0	0
4749	0	0.00013466008157796995
4750	0	0.00013466008157796995
4751	0	0
4752	0	0
4753	0	0
4754	0	0
4755	0	0.0001394355987311635
4756	0	0
4757	0	0
4758	0	0
4759	0	0
4760	0	0
4761	0	0
4762	0	0
4763	0	0
4764	0	0
4765	0	0
4766	0	0
4767	0	0
4768	0	0
4769	0	0.00013466008157796995
4770	0	0
4771	0	0.0002492724932546153
4772	0	0.00016923556672358522
4773	0	0
4774	0	0
4775	0	0
4776	0	0
4777	0	0
4778	0	0
4779	0	0
4780	0	0
4781	0	0
4782	0	0.00013466008157796995
4783	0	0
4784	0	0.00013466008157796995
4785	0	0.00013466008157796995
4786	0	0
4787	0	0
4788	0	0
4789	0	0
4790	0	0
4791	0	0.00016917275277317435
4792	0	0
4793	0	0
4794	0	0.00017032778430661153
4795	0	0.00039782352666502854
4796	0	0
4797	0	0
4798	0	0.00013466008157796995
4799	0	0
4800	0	0
4801	0	0.00041089452359732785
4802	0	0
4803	0	0.00013466008157796995
4804	0	0
4805	0	0
4806	0	0
4807	0	0
4808	0	0.0011470862320717822
4809	0	0
4810	0	0
4811	0	0
4812	0	0
4813	0	0
4814	0	0
4815	0	0
4816	0	0
4817	0	0
4818	0	0.0002492724932546153
4819	0	0
4820	0	0
4821	0	0
4822	0	0
4823	0	0
4824	0	0
4825	0	0
4826	0	0
4827	0	0
4828	0	0
4829	0	0
4830	0	0
4831	0	0
4832	0	0
4833	0	0
4834	0	0.00016926646337363303
4835	0	0
4836	0	0.00013654681091885139
4837	0	0
4838	0	0
4839	0	0.0003249487992181507
4840	0	0
4841	0	0
4842	0	0
4843	0	0
4844	0	0
4845	0	0
4846	0	0.00013466008157796995
4847	0	0
4848	0	0.00013466008157796995
4849	0	0
4850	0	0
4851	0	0
4852	0	0
4853	0	0
4854	0	0
4855	0	0.00013466008157796995
4856	0	0
4857	0	0
4858	0	0
4859	0	0
4860	0	0
4861	0	0.00017856053901851518
4862	0	0
4863	0	0
4864	0	0
4865	0	0
4866	0	0.00013466008157796995
4867	0	0
4868	0	0
4869	0	0
4870	0	0.00017102979851006152
4871	0	0
4872	0	0.00013466008157796995
4873	0	0
4874	0	0
4875	0	0
4876	0	0.00013466008157796995
4877	0	0
4878	0	0
4879	0	0
4880	0	0
4881	0	0.00017286421880351838
4882	0	0
4883	0	0.00013466008157796995
4884	0	0
4885	0	0
4886	0	0
4887	0	0
4888	0	0
4889	0	0
4890	0	0.00022988743103276294
4891	0	0.0007676758522430276
4892	0	0
4893	0	0.00013466008157796995
4894	0	0
4895	0	0
4896	0	0
4897	0	0
4898	0	0
4899	0	0
4900	0	0
4901	0	0.00013466008157796995
4902	0	0
4903	0	0
4904	0	0
4905	0	0
4906	0	0
4907	0	0.0001919662874162926
4908	0	0.00013466008157796995
4909	0	0
4910	0	0
4911	0	0.00013466008157796995
4912	0	0.00017079762705515252
4913	0	0
4914	0	0.000157582563913299
4915	0	0.00013466008157796995
4916	0	0
4917	0	0.00013466008157796995
4918	0	0
4919	0	0.0002492724932546153
4920	0	0.00013466008157796995
4921	0	0.00013466008157796995
4922	0	0
4923	0	0
4924	0	0
4925	0	0
4926	0	0
4927	0	0
4928	0	0
4929	0	0
4930	0	0
4931	0	0
4932	0	0
4933	0	0
4934	0	0
4935	0	0
4936	0	0
4937	0	0
4938	0	0
4939	0	0.0005931097282845513
4940	0	0
4941	0	0.00013466008157796995
4942	0	0
4943	0	0
4944	0	0.00013466008157796995
4945	0	0
4946	0	0
4947	0	0.0003891376476173381
4948	0	0
4949	0	0
4950	0	0
4951	0	0
4952	0	0
4953	0	0
4954	0	0.00013466008157796995
4955	0	0
4956	0	0.00013466008157796995
4957	0	0
4958	0	0
4959	0	0
4960	0	0
4961	0	0
4962	0	0
4963	0	0.00045283669192520385
4964	0	0
4965	0	0
4966	0	0
4967	0	0
4968	0	0
4969	0	0
4970	0	0
4971	0	0
4972	0	0
4973	0	0
4974	0	0
4975	0	0
4976	0	0
4977	0	0
4978	0	0
4979	0	0
4980	0	0
4981	0	0.00016920478731329177
4982	0	0
4983	0	0
4984	0	0
4985	0	0
4986	0	0
4987	0	0
4988	0	0
4989	0	0
4990	0	0.00013466008157796995
4991	0	0.00013466008157796995
4992	0	0
4993	0	0
4994	0	0
4995	0	0
4996	0	0.0002492724932546153
4997	0	0.00013466008157796995
4998	0	0.00017007951462066017
4999	0	0
5000	0	0.00016917376537449317
5001	0	0
5002	0	0
5003	0	0
5004	0	0
5005	0	0.00013466008157796995
5006	0	0
5007	0	0
5008	0	0
5009	0	0.00013466008157796995
5010	0	0
5011	0	0
5012	0	0.00013466008157796995
5013	0	0.00013466008157796995
5014	0	0.00019992419425212294
5015	0	0.00030299918065399196
5016	0	0
5017	0	0
5018	0	0
5019	0	0
5020	0	0
5021	0	0
5022	0	0
5023	0	0
5024	0	0
5025	0	0
5026	0	0.0002492724932546153
5027	0	0
5028	0	0.00013466008157796995
5029	0	0
5030	0	0
5031	0	0
5032	0	0.00013466008157796995
5033	0	0
5034	0	0
5035	0	0
5036	0	0
5037	0	0
5038	0	0
5039	0	0
5040	0	0
5041	0	0
5042	0	0
5043	0	0
5044	0	0
5045	0	0.00013466008157796995
5046	0	0
5047	0	0
5048	0	0
5049	0	0
5050	0	0
5051	0	0.00013466008157796995
5052	0	0
5053	0	0.00013466008157796995
5054	0	0
5055	0	0.00013466008157796995
5056	0	0
5057	0	0
5058	0	0
5059	0	0
5060	0	0.00016923556672358522
5061	0	0.00013466008157796995
5062	0	0.00016792017933390342
5063	0	0.00013466008157796995
5064	0	0.00013466008157796995
5065	0	0
5066	0	0.00013466008157796995
5067	0	0
5068	0	0
5069	0	0
5070	0	0.00016916405036986818
5071	0	0.00013466008157796995
5072	0	0.00013466008157796995
5073	0	0.00013466008157796995
5074	0	0
5075	0	0
5076	0	0
5077	0	0
5078	0	0
5079	0	0.00013466008157796995
5080	0	0
5081	0	0.00013466008157796995
5082	0	0.00013466008157796995
5083	0	0.0002999436316682967
5084	0	0
5085	0	0.00013466008157796995
5086	0	0.00013466008157796995
5087	0	0.0001711370784736356
5088	0	0.00013466008157796995
5089	0	0.0001919662874162926
5090	0	0
5091	0	0
5092	0	0
5093	0	0.00016984612409394348
5094	0	0
5095	0	0
5096	0	0
5097	0	0
5098	0	0.00013466008157796995
5099	0	0
5100	0	0.00015185194332946673
5101	0	0
5102	0	0
5103	0	0
5104	0	0.00013466008157796995
5105	0	0
5106	0	0
5107	0	0
5108	0	0
5109	0	0
5110	0	0.00013466008157796995
5111	0	0
5112	0	0
5113	0	0.00013625192062903448
5114	0	0
5115	0	0.00017193647577112695
5116	0	0
5117	0	0
5118	0	0
5119	0	0
5120	0	0
5121	0	0
5122	0	0
5123	0	0
5124	0	0
5125	0	0
5126	0	0
5127	0	0
5128	0	0
5129	0	0
5130	0	0
5131	0	0
5132	0	0
5133	0	0
5134	0	0
5135	0	0
5136	0	0
5137	0	0.00013466008157796995
5138	0	0
5139	0	0
5140	0	0
5141	0	0
5142	0	0.00013466008157796995
5143	0	0.00013466008157796995
5144	0	0
5145	0	0.00017371253805912912
5146	0	0
5147	0	0
5148	0	0
5149	0	0
5150	0	0
5151	0	0.00013466008157796995
5152	0	0
5153	0	0
5154	0	0
5155	0	0
5156	0	0
5157	0	0
5158	0	0
5159	0	0
5160	0	0
5161	0	0
5162	0	0.00013466008157796995
5163	0	0
5164	0	0.00013466008157796995
5165	0	0
5166	0	0.00013466008157796995
5167	0	0
5168	0	0
5169	0	0
5170	0	0.00013466008157796995
5171	0	0.00017018235283076125
5172	0	0
5173	0	0
5174	0	0
5175	0	0
5176	0	0
5177	0	0.00016923556672358522
5178	0	0
5179	0	0
5180	0	0
5181	0	0
5182	0	0
5183	0	0.00025041678905952865
5184	0	0
5185	0	0.0006662970760087644
5186	0	0
5187	0	0.00013466008157796995
5188	0	0
5189	0	0.00015740063945032023
5190	0	0
5191	0	0
5192	0	0
5193	0	0
5194	0	0
5195	0	0
5196	0	0
5197	0	0.00013466008157796995
5198	0	0.00013466008157796995
5199	0	0
5200	0	0
5201	0	0
5202	0	0
5203	0	0.00013466008157796995
5204	0	0
5205	0	0.00017165065733304788
5206	0	0.00013466008157796995
5207	0	0.0001701865593222855
5208	0	0
5209	0	0
5210	0	0
5211	0	0
5212	0	0
5213	0	0
5214	0	0
5215	0	0
5216	0	0
5217	0	0
5218	0	0
5219	0	0
5220	0	0.00013466008157796995
5221	0	0
5222	0	0
5223	0	0
5224	0	0
5225	0	0
5226	0	0.00013466008157796995
5227	0	0
5228	0	0
5229	0	0
5230	0	0
5231	0	0
5232	0	0
5233	0	0.00013466008157796995
5234	0	0
5235	0	0
5236	0	0
5237	0	0
5238	0	0
5239	0	0.00013466008157796995
5240	0	0
5241	0	0
5242	0	0
5243	0	0.0001919662874162926
5244	0	0
5245	0	0
5246	0	0.00013466008157796995
5247	0	0
5248	0	0
5249	0	0.00013466008157796995
5250	0	0.00013466008157796995
5251	0	0
5252	0	0
5253	0	0
5254	0	0.00013625192062903448
5255	0	0.000526885160779057
5256	0	0.00013466008157796995
5257	0	0.0007936814487186808
5258	0	0
5259	0	0
5260	0	0
5261	0	0
5262	0	0
5263	0	0
5264	0	0
5265	0	0.00013466008157796995
5266	0	0
5267	0	0
5268	0	0.00013625192062903448
5269	0	0.00013466008157796995
5270	0	0
5271	0	0
5272	0	0
5273	0	0
5274	0	0
5275	0	0.00013466008157796995
5276	0	0
5277	0	0
5278	0	0
5279	0	0
5280	0	0
5281	0	0
5282	0	0
5283	0	0.00013466008157796995
5284	0	0.00013466008157796995
5285	0	0
5286	0	0
5287	0	0
5288	0	0
5289	0	0
5290	0	0
5291	0	0.00013466008157796995
5292	0	0
5293	0	0.000157582563913299
5294	0	0
5295	0	0.00021106835602906687
5296	0	0.00013466008157796995
5297	0	0
5298	0	0
5299	0	0.00017037706190927847
5300	0	0
5301	0	0
5302	0	0
5303	0	0
5304	0	0
5305	0	0
5306	0	0
5307	0	0.00013466008157796995
5308	0	0
5309	0	0
5310	0	0.0001704853253377583
5311	0	0
5312	0	0
5313	0	0
5314	0	0
5315	0	0
5316	0	0
5317	0	0
5318	0	0
5319	0	0.00014516621931499576
5320	0	0
5321	0	0
5322	0	0
5323	0	0
5324	0	0
5325	0	0
5326	0	0
5327	0	0
5328	0	0.00017037706190927847
5329	0	0.0008531656474021243
5330	0	0
5331	0	0.00013466008157796995
5332	0	0
5333	0	0
5334	0	0
5335	0	0
5336	0	0.0004402931793823575
5337	0	0.00020546067048153442
5338	0	0.00013466008157796995
5339	0	0
5340	0	0
5341	0	0
5342	0	0
5343	0	0
5344	0	0
5345	0	0
5346	0	0
5347	0	0
5348	0	0
5349	0	0
5350	0	0
5351	0	0
5352	0	0.00018205229355559144
5353	0	0
5354	0	0
5355	0	0
5356	0	0
5357	0	0
5358	0	0
5359	0	0.00013466008157796995
5360	0	0
5361	0	0
5362	0	0
5363	0	0
5364	0	0
5365	0	0.00013466008157796995
5366	0	0
5367	0	0
5368	0	0
5369	0	0
5370	0	0
5371	0	0.0003117445179936342
5372	0	0.00013466008157796995
5373	0	0
5374	0	0
5375	0	0
5376	0	0
5377	0	0
5378	0	0
5379	0	0
5380	0	0
5381	0	0
5382	0	0
5383	0	0.00013466008157796995
5384	0	0.00013466008157796995
5385	0	0.00016948747121744518
5386	0	0
5387	0	0
5388	0	0.00013466008157796995
5389	0	0
5390	0	0
5391	0	0.00017205077878380197
5392	0	0.00017059863907126666
5393	0	0
5394	0	0
5395	0	0
5396	0	0
5397	0	0
5398	0	0
5399	0	0
5400	0	0
5401	0	0.00017186545977192078
5402	0	0.00022860028394653157
5403	0	0
5404	0	0
5405	0	0
5406	0	0.00013466008157796995
5407	0	0
5408	0	0
5409	0	0
5410	0	0
5411	0	0
5412	0	0
5413	0	0.0001715113778230033
5414	0	0
5415	0	0
5416	0	0
5417	0	0
5418	0	0
5419	0	0.00013466008157796995
5420	0	0
5421	0	0.00013466008157796995
5422	0	0
5423	0	0.00013466008157796995
5424	0	0
5425	0	0.00017106787329940307
5426	0	0.00013466008157796995
5427	0	0.00016923556672358522
5428	0	0
5429	0	0
5430	0	0.00013466008157796995
5431	0	0
5432	0	0
5433	0	0
5434	0	0
5435	0	0
5436	0	0
5437	0	0
5438	0	0
5439	0	0
5440	0	0
5441	0	0
5442	0	0
5443	0	0
5444	0	0
5445	0	0
5446	0	0
5447	0	0
5448	0	0.00013466008157796995
5449	0	0
5450	0	0
5451	0	0
5452	0	0
5453	0	0.00038290862467673596
5454	0	0.00013466008157796995
5455	0	0
5456	0	0.00016923556672358522
5457	0	0
5458	0	0.00015103328324606215
5459	0	0
5460	0	0
5461	0	0
5462	0	0
5463	0	0
5464	0	0
5465	0	0.0007938188757817579
5466	0	0.0001919662874162926
5467	0	0.00016920478731329177
5468	0	0
5469	0	0
5470	0	0
5471	0	0
5472	0	0
5473	0	0
5474	0	0.00016808870165032486
5475	0	0
5476	0	0
5477	0	0
5478	0	0
5479	0	0.00032879738425745276
5480	0	0.00013466008157796995
5481	0	0
5482	0	0
5483	0	0
5484	0	0
5485	0	0
5486	0	0
5487	0	0
5488	0	0
5489	0	0
5490	0	0
5491	0	0
5492	0	0.00013466008157796995
5493	0	0
5494	0	0
5495	0	0
5496	0	0
5497	0	0
5498	0	0.00013466008157796995
5499	0	0
5500	0	0
5501	0	0.00013466008157796995
5502	0	0
5503	0	0
5504	0	0
5505	0	0
5506	0	0
5507	0	0.00013466008157796995
5508	0	0.00013466008157796995
5509	0	0.0007938188757817579
5510	0	0
5511	0	0
5512	0	0.000306578699092938
5513	0	0
5514	0	0
5515	0	0
5516	0	0
5517	0	0
5518	0	0.00017391575096100282
5519	0	0
5520	0	0.00013466008157796995
5521	0	0.00017473067897347998
5522	0	0
5523	0	0
5524	0	0
5525	0	0
5526	0	0
5527	0	0
5528	0	0
5529	0	0
5530	0	0
5531	0	0
5532	0	0.0001712005747462747
5533	0	0
5534	0	0.00013466008157796995
5535	0	0
5536	0	0
5537	0	0
5538	0	0.00017104232726956658
5539	0	0
5540	0	0
5541	0	0
5542	0	0
5543	0	0.00013466008157796995
5544	0	0.00016992079162170113
5545	0	0
5546	0	0
5547	0	0
5548	0	0
5549	0	0
5550	0	0
5551	0	0
5552	0	0.00013466008157796995
5553	0	0
5554	0	0
5555	0	0
5556	0	0
5557	0	0
5558	0	0
5559	0	0
5560	0	0
5561	0	0
5562	0	0
5563	0	0
5564	0	0.00013466008157796995
5565	0	0.0002492724932546153
5566	0	0
5567	0	0
5568	0	0
5569	0	0.00017064405106041297
5570	0	0
5571	0	0.00013466008157796995
5572	0	0
5573	0	0
5574	0	0.00013466008157796995
5575	0	0
5576	0	0
5577	0	0
5578	0	0
5579	0	0.00017075391333137
5580	0	0
5581	0	0
5582	0	0.00013466008157796995
5583	0	0.00016996897114839211
5584	0	0
5585	0	0.0006264335158213159
5586	0	0.00016923556672358522
5587	0	0
5588	0	0
5589	0	0
5590	0	0
5591	0	0
5592	0	0
5593	0	0
5594	0	0
5595	0	0.00013466008157796995
5596	0	0.00013466008157796995
5597	0	0
5598	0	0
5599	0	0
5600	0	0
5601	0	0
5602	0	0.0002973132936326357
5603	0	0
5604	0	0.00017286421880351838
5605	0	0
5606	0	0
5607	0	0
5608	0	0
5609	0	0.00013466008157796995
5610	0	0
5611	0	0
5612	0	0
5613	0	0
5614	0	0
5615	0	0
5616	0	0
5617	0	0
5618	0	0
5619	0	0
5620	0	0.00017264312978064998
5621	0	0
5622	0	0.00013466008157796995
5623	0	0.0001705862140569079
5624	0	0
5625	0	0
5626	0	0
5627	0	0.0002714565786663955
5628	0	0.00013466008157796995
5629	0	0
5630	0	0
5631	0	0
5632	0	0.00013466008157796995
5633	0	0
5634	0	0.00013466008157796995
5635	0	0
5636	0	0
5637	0	0.00022095362279085803
5638	0	0
5639	0	0
5640	0	0
5641	0	0
5642	0	0
5643	0	0
5644	0	0
5645	0	0.0007938188757817579
5646	0	0
5647	0	0
5648	0	0
5649	0	0.00013466008157796995
5650	0	0
5651	0	0.00013466008157796995
5652	0	0.00013466008157796995
5653	0	0
5654	0	0.00013466008157796995
5655	0	0
5656	0	0.0001719091153728797
5657	0	0
5658	0	0
5659	0	0
5660	0	0.00013466008157796995
5661	0	0
5662	0	0
5663	0	0
5664	0	0
5665	0	0
5666	0	0
5667	0	0
5668	0	0
5669	0	0
5670	0	0
5671	0	0
5672	0	0.00017089960199198167
5673	0	0.00013466008157796995
5674	0	0
5675	0	0
5676	0	0
5677	0	0
5678	0	0
5679	0	0
5680	0	0
5681	0	0
5682	0	0
5683	0	0
5684	0	0
5685	0	0.00013466008157796995
5686	0	0
5687	0	0
5688	0	0
5689	0	0
5690	0	0.00013466008157796995
5691	0	0
5692	0	0.00017336953897429308
5693	0	0
5694	0	0
5695	0	0
5696	0	0
5697	0	0
5698	0	0
5699	0	0
5700	0	0
5701	0	0
5702	0	0.00013466008157796995
5703	0	0
5704	0	0
5705	0	0
5706	0	0
5707	0	0
5708	0	0
5709	0	0.0008693763885446266
5710	0	0.00016921881862490843
5711	0	0.0001447358979891036
5712	0	0.00013466008157796995
5713	0	0
5714	0	0
5715	0	0.00013466008157796995
5716	0	0
5717	0	0
5718	0	0
5719	0	0
5720	0	0.00013466008157796995
5721	0	0
5722	0	0
5723	0	0
5724	0	0
5725	0	0
5726	0	0.00013466008157796995
5727	0	0.00013466008157796995
5728	0	0
5729	0	0
5730	0	0
5731	0	0.00013466008157796995
5732	0	0
5733	0	0
5734	0	0
5735	0	0
5736	0	0
5737	0	0
5738	0	0
5739	0	0
5740	0	0
5741	0	0
5742	0	0
5743	0	0.00016331318449713128
5744	0	0
5745	0	0
5746	0	0
5747	0	0.0001778700198871862
5748	0	0
5749	0	0
5750	0	0.00022794848612189112
5751	0	0
5752	0	0
5753	0	0
5754	0	0
5755	0	0
5756	0	0
5757	0	0.00013466008157796995
5758	0	0
5759	0	0
5760	0	0
5761	0	0.00014003696015045454
5762	0	0
5763	0	0.0004622793896358409
5764	0	0.0006504159341228741
5765	0	0
5766	0	0.00013466008157796995
5767	0	0
5768	0	0
5769	0	0
5770	0	0
5771	0	0
5772	0	0
5773	0	0
5774	0	0
5775	0	0
5776	0	0
5777	0	0
5778	0	0
5779	0	0
5780	0	0
5781	0	0
5782	0	0.00013466008157796995
5783	0	0.00013466008157796995
5784	0	0
5785	0	0
5786	0	0
5787	0	0.00017048751808394893
5788	0	0.00017575601060835269
5789	0	0
5790	0	0
5791	0	0
5792	0	0
5793	0	0
5794	0	0.00013466008157796995
5795	0	0
5796	0	0.00013466008157796995
5797	0	0
5798	0	0.00017002013563855275
5799	0	0
5800	0	0
5801	0	0
5802	0	0
5803	0	0
5804	0	0
5805	0	0
5806	0	0.00017137889125386555
5807	0	0
5808	0	0
5809	0	0
5810	0	0
5811	0	0
5812	0	0
5813	0	0.00013466008157796995
5814	0	0
5815	0	0
5816	0	0
5817	0	0
5818	0	0
5819	0	0.0002500382701556084
5820	0	0.00013466008157796995
5821	0	0.00013466008157796995
5822	0	0.00013466008157796995
5823	0	0
5824	0	0
5825	0	0
5826	0	0
5827	0	0
5828	0	0
5829	0	0
5830	0	0
5831	0	0
5832	0	0.00016963817278631185
5833	0	0
5834	0	0
5835	0	0
5836	0	0
5837	0	0
5838	0	0
5839	0	0
5840	0	0
5841	0	0
5842	0	0
5843	0	0.00013466008157796995
5844	0	0.00022794848612189112
5845	0	0
5846	0	0
5847	0	0.00018735159218785094
5848	0	0
5849	0	0.00013466008157796995
5850	0	0
5851	0	0
5852	0	0.00013466008157796995
5853	0	0
5854	0	0
5855	0	0.00016920905061673782
5856	0	0
5857	0	0
5858	0	0
5859	0	0.00013466008157796995
5860	0	0
5861	0	0
5862	0	0
5863	0	0
5864	0	0
5865	0	0
5866	0	0
5867	0	0
5868	0	0.0001919662874162926
5869	0	0
5870	0	0
5871	0	0.00013466008157796995
5872	0	0
5873	0	0.00013466008157796995
5874	0	0.00017153185974548498
5875	0	0
5876	0	0
5877	0	0
5878	0	0
5879	0	0
5880	0	0
5881	0	0
5882	0	0
5883	0	0
5884	0	0.00013466008157796995
5885	0	0
5886	0	0
5887	0	0.0012985987035788835
5888	0	0
5889	0	0
5890	0	0
5891	0	0
5892	0	0
5893	0	0.00013466008157796995
5894	0	0
5895	0	0
5896	0	0
5897	0	0
5898	0	0
5899	0	0
5900	0	0
5901	0	0
5902	0	0.00013481517279810074
5903	0	0
5904	0	0
5905	0	0
5906	0	0
5907	0	0.00013466008157796995
5908	0	0
5909	0	0
5910	0	0
5911	0	0
5912	0	0.00016923556672358522
5913	0	0.00013466008157796995
5914	0	0
5915	0	0
5916	0	0.00013466008157796995
5917	0	0.0006487010590621312
5918	0	0.00017011476913102988
5919	0	0.00013466008157796995
5920	0	0.00027715762851551745
5921	0	0
5922	0	0
5923	0	0
5924	0	0
5925	0	0
5926	0	0
5927	0	0
5928	0	0.00013466008157796995
5929	0	0
5930	0	0
5931	0	0
5932	0	0.00047849731660790605
5933	0	0
5934	0	0
5935	0	0
5936	0	0
5937	0	0
5938	0	0
5939	0	0
5940	0	0
5941	0	0.00042119111076958335
5942	0	0
5943	0	0.00013466008157796995
5944	0	0.00013466008157796995
5945	0	0.00013466008157796995
5946	0	0
5947	0	0
5948	0	0
5949	0	0.00013466008157796995
5950	0	0
5951	0	0
5952	0	0.00013466008157796995
5953	0	0
5954	0	0.00013466008157796995
5955	0	0
5956	0	0
5957	0	0
5958	0	0
5959	0	0
5960	0	0
5961	0	0
5962	0	0.00013466008157796995
5963	0	0
5964	0	0
5965	0	0
5966	0	0
5967	0	0
5968	0	0
5969	0	0.0008796407574761646
5970	0	0
5971	0	0
5972	0	0
5973	0	0
5974	0	0
5975	0	0.00013466008157796995
5976	0	0
5977	0	0
5978	0	0
5979	0	0
5980	0	0.0002073843856537461
5981	0	0
5982	0	0
5983	0	0
5984	0	0.00017068941310752032
5985	0	0
5986	0	0
5987	0	0.00013466008157796995
5988	0	0
5989	0	0.00013466008157796995
5990	0	0.00013466008157796995
5991	0	0
5992	0	0.00013466008157796995
5993	0	0
5994	0	0
5995	0	0
5996	0	0.0007938188757817579
5997	0	0.00016924632500388878
5998	0	0
5999	0	0
6000	0	0
6001	0	0.00017041022635370587
6002	0	0.0001732080391088132
6003	0	0.00013466008157796995
6004	0	0.0007938188757817579
6005	0	0.0002492724932546153
6006	0	0
6007	0	0
6008	0	0
6009	0	0
6010	0	0
6011	0	0
6012	0	0
6013	0	0
6014	0	0
6015	0	0
6016	0	0
6017	0	0
6018	0	0
6019	0	0
6020	0	0
6021	0	0
6022	0	0.00015103328324606215
6023	0	0
6024	0	0
6025	0	0
6026	0	0.00017331992538816644
6027	0	0
6028	0	0
6029	0	0.00016740648491415434
6030	0	0
6031	0	0
6032	0	0
6033	0	0
6034	0	0
6035	0	0
6036	0	0.00013466008157796995
6037	0	0
6038	0	0
6039	0	0
6040	0	0
6041	0	0.0001434764209377119
6042	0	0
6043	0	0
6044	0	0
6045	0	0
6046	0	0.00019146466826122985
6047	0	0
6048	0	0.00013466008157796995
6049	0	0
6050	0	0
6051	0	0
6052	0	0
6053	0	0
6054	0	0.0014529776699855443
6055	0	0.0007948494475007144
6056	0	0
6057	0	0
6058	0	0
6059	0	0.0001700630381036134
6060	0	0.00016926646337363303
6061	0	0
6062	0	0
6063	0	0
6064	0	0.00013466008157796995
6065	0	0
6066	0	0.00013466008157796995
6067	0	0
6068	0	0
6069	0	0
6070	0	0
6071	0	0
6072	0	0.0003056436919870499
6073	0	0
6074	0	0
6075	0	0
6076	0	0
6077	0	0
6078	0	0.00013466008157796995
6079	0	0
6080	0	0.00013466008157796995
6081	0	0
6082	0	0
6083	0	0
6084	0	0
6085	0	0
6086	0	0
6087	0	0.00017022612234868884
6088	0	0.00013466008157796995
6089	0	0
6090	0	0.00013466008157796995
6091	0	0
6092	0	0
6093	0	0
6094	0	0
6095	0	0
6096	0	0
6097	0	0
6098	0	0
6099	0	0.00013466008157796995
6100	0	0
6101	0	0
6102	0	0
6103	0	0.0002492724932546153
6104	0	0
6105	0	0
6106	0	0
6107	0	0.00013466008157796995
6108	0	0.00027715762851551745
6109	0	0
6110	0	0
6111	0	0
6112	0	0
6113	0	0.00013466008157796995
6114	0	0
6115	0	0
6116	0	0
6117	0	0
6118	0	0
6119	0	0
6120	0	0
6121	0	0
6122	0	0.0001461213227456345
6123	0	0
6124	0	0.00013466008157796995
6125	0	0
6126	0	0.0001447358979891036
6127	0	0
6128	0	0
6129	0	0.00013466008157796995
6130	0	0
6131	0	0.00013466008157796995
6132	0	0.00013466008157796995
6133	0	0.00013466008157796995
6134	0	0
6135	0	0.0008099644234045521
6136	0	0
6137	0	0
6138	0	0
6139	0	0
6140	0	0
6141	0	0.00017118016318691108
6142	0	0
6143	0	0
6144	0	0
6145	0	0
6146	0	0
6147	0	0
6148	0	0
6149	0	0.0002492724932546153
6150	0	0
6151	0	0
6152	0	0
6153	0	0.00027555230886128044
6154	0	0
6155	0	0
6156	0	0.00013466008157796995
6157	0	0
6158	0	0
6159	0	0
6160	0	0
6161	0	0.00017059863907126666
6162	0	0
6163	0	0
6164	0	0.00016920478731329177
6165	0	0.00013466008157796995
6166	0	0
6167	0	0
6168	0	0
6169	0	0
6170	0	0
6171	0	0
6172	0	0
6173	0	0
6174	0	0
6175	0	0
6176	0	0
6177	0	0
6178	0	0
6179	0	0
6180	0	0
6181	0	0.00016923556672358522
6182	0	0
6183	0	0
6184	0	0
6185	0	0
6186	0	0.00036388490493126065
6187	0	0
6188	0	0
6189	0	0
6190	0	0
6191	0	0
6192	0	0.00013466008157796995
6193	0	0.000157582563913299
6194	0	0
6195	0	0.0001742032404843339
6196	0	0
6197	0	0
6198	0	0
6199	0	0
6200	0	0
6201	0	0
6202	0	0
6203	0	0
6204	0	0.00024617066885199976
6205	0	0
6206	0	0
6207	0	0.00019095521559705548
6208	0	0
6209	0	0
6210	0	0
6211	0	0
6212	0	0
6213	0	0
6214	0	0
6215	0	0
6216	0	0
6217	0	0
6218	0	0
6219	0	0.00013466008157796995
6220	0	0
6221	0	0
6222	0	0
6223	0	0.0009652203261071134
6224	0	0
6225	0	0.00013466008157796995
6226	0	0
6227	0	0
6228	0	0
6229	0	0
6230	0	0
6231	0	0
6232	0	0
6233	0	0.00017119033795528484
6234	0	0
6235	0	0
6236	0	0
6237	0	0.00013654681091885139
6238	0	0
6239	0	0
6240	0	0
6241	0	0
6242	0	0.00016923556672358522
6243	0	0
6244	0	0
6245	0	0
6246	0	0
6247	0	0.00013466008157796995
6248	0	0
6249	0	0.00013466008157796995
6250	0	0
6251	0	0
6252	0	0
6253	0	0
6254	0	0
6255	0	0
6256	0	0
6257	0	0
6258	0	0
6259	0	0
6260	0	0
6261	0	0
6262	0	0.00013466008157796995
6263	0	0
6264	0	0
6265	0	0
6266	0	0
6267	0	0
6268	0	0
6269	0	0.00013466008157796995
6270	0	0
6271	0	0
6272	0	0.00013466008157796995
6273	0	0.00013466008157796995
6274	0	0.00013466008157796995
6275	0	0
6276	0	0
6277	0	0
6278	0	0
6279	0	0
6280	0	0
6281	0	0
6282	0	0
6283	0	0
6284	0	0
6285	0	0
6286	0	0
6287	0	0
6288	0	0.00016923556672358522
6289	0	0
6290	0	0.00013466008157796995
6291	0	0.00016916405036986818
6292	0	0
6293	0	0
6294	0	0
6295	0	0.00013466008157796995
6296	0	0.00013466008157796995
6297	0	0
6298	0	0
6299	0	0
6300	0	0.00013466008157796995
6301	0	0
6302	0	0
6303	0	0
6304	0	0
6305	0	0
6306	0	0.00013466008157796995
6307	0	0
6308	0	0
6309	0	0
6310	0	0
6311	0	0
6312	0	0
6313	0	0
6314	0	0
6315	0	0
6316	0	0
6317	0	0
6318	0	0
6319	0	0
6320	0	0
6321	0	0.00013466008157796995
6322	0	0.00017070662662917554
6323	0	0
6324	0	0
6325	0	0
6326	0	0
6327	0	0
6328	0	0
6329	0	0
6330	0	0
6331	0	0
6332	0	0.0001710745528484079
6333	0	0.00013466008157796995
6334	0	0
6335	0	0.00017047091941842782
6336	0	0.00013466008157796995
6337	0	0.0001737071259756379
6338	0	0
6339	0	0
6340	0	0
6341	0	0.00017500918021127874
6342	0	0
6343	0	0
6344	0	0
6345	0	0
6346	0	0
6347	0	0.00017072265203250654
6348	0	0
6349	0	0
6350	0	0
6351	0	0
6352	0	0.0003971826203591751
6353	0	0.0001561329056611977
6354	0	0
6355	0	0
6356	0	0
6357	0	0
6358	0	0
6359	0	0
6360	0	0.00017094357068021284
6361	0	0.00013466008157796995
6362	0	0
6363	0	0.00013466008157796995
6364	0	0
6365	0	0
6366	0	0
6367	0	0
6368	0	0.00024927249325461525
6369	0	0
6370	0	0
6371	0	0
6372	0	0
6373	0	0
6374	0	0.00013466008157796995
6375	0	0
6376	0	0
6377	0	0
6378	0	0
6379	0	0
6380	0	0
6381	0	0
6382	0	0
6383	0	0
6384	0	0
6385	0	0
6386	0	0.00013466008157796995
6387	0	0
6388	0	0
6389	0	0
6390	0	0
6391	0	0
6392	0	0
6393	0	0
6394	0	0
6395	0	0.00013466008157796995
6396	0	0.00033056295434422323
6397	0	0
6398	0	0
6399	0	0
6400	0	0
6401	0	0
6402	0	0
6403	0	0
6404	0	0
6405	0	0
6406	0	0
6407	0	0
6408	0	0
6409	0	0
6410	0	0
6411	0	0.00017022540274363746
6412	0	0
6413	0	0
6414	0	0.0001705321835069163
6415	0	0
6416	0	0.00017122853556025787
6417	0	0
6418	0	0.00013466008157796995
6419	0	0
6420	0	0.00013466008157796995
6421	0	0
6422	0	0
6423	0	0
6424	0	0.00017419303489761518
6425	0	0
6426	0	0
6427	0	0
6428	0	0.0001798900384486795
6429	0	0
6430	0	0
6431	0	0.00013466008157796995
6432	0	0
6433	0	0.00013466008157796995
6434	0	0
6435	0	0
6436	0	0
6437	0	0
6438	0	0.00047849731660790605
6439	0	0
6440	0	0
6441	0	0
6442	0	0
6443	0	0
6444	0	0.00013466008157796995
6445	0	0
6446	0	0
6447	0	0
6448	0	0
6449	0	0
6450	0	0.00013466008157796995
6451	0	0.0001919662874162926
6452	0	0
6453	0	0.0001696499045694551
6454	0	0.00013466008157796995
6455	0	0
6456	0	0
6457	0	0.00013466008157796995
6458	0	0.00013466008157796995
6459	0	0
6460	0	0
6461	0	0
6462	0	0
6463	0	0
6464	0	0
6465	0	0.00017415159659080084
6466	0	0
6467	0	0
6468	0	0
6469	0	0.00013466008157796995
6470	0	0
6471	0	0
6472	0	0
6473	0	0
6474	0	0.00013466008157796995
6475	0	0
6476	0	0
6477	0	0
6478	0	0
6479	0	0
6480	0	0.00013466008157796995
6481	0	0.00013466008157796995
6482	0	0
6483	0	0
6484	0	0
6485	0	0.0001377577143259874
6486	0	0
6487	0	0.00013466008157796995
6488	0	0
6489	0	0
6490	0	0
6491	0	0
6492	0	0
6493	0	0
6494	0	0
6495	0	0
6496	0	0.00017402338315958748
6497	0	0
6498	0	0
6499	0	0.00013466008157796995
6500	0	0
6501	0	0
6502	0	0
6503	0	0
6504	0	0
6505	0	0
6506	0	0
6507	0	0
6508	0	0
6509	0	0
6510	0	0
6511	0	0
6512	0	0
6513	0	0
6514	0	0
6515	0	0
6516	0	0
6517	0	0
6518	0	0
6519	0	0.00013466008157796995
6520	0	0
6521	0	0
6522	0	0
6523	0	0
6524	0	0
6525	0	0
6526	0	0
6527	0	0.00017098879456400618
6528	0	0
6529	0	0
6530	0	0
6531	0	0
6532	0	0
6533	0	0
6534	0	0
6535	0	0
6536	0	0
6537	0	0
6538	0	0
6539	0	0
6540	0	0.00013466008157796995
6541	0	0.000142220648230589
6542	0	0
6543	0	0.00013466008157796995
6544	0	0
6545	0	0
6546	0	0
6547	0	0
6548	0	0.00017001582772531264
6549	0	0
6550	0	0
6551	0	0
6552	0	0
6553	0	0.0016525065686352613
6554	0	0.0007938188757817579
6555	0	0
6556	0	0
6557	0	0
6558	0	0.00013466008157796995
6559	0	0
6560	0	0
6561	0	0
6562	0	0
6563	0	0
6564	0	0
6565	0	0
6566	0	0.00013466008157796995
6567	0	0
6568	0	0.00013466008157796995
6569	0	0
6570	0	0
6571	0	0
6572	0	0
6573	0	0
6574	0	0.00017092920320677574
6575	0	0
6576	0	0.0002310859678952593
6577	0	0.0001461213227456345
6578	0	0
6579	0	0.00013466008157796995
6580	0	0
6581	0	0
6582	0	0
6583	0	0
6584	0	0
6585	0	0
6586	0	0
6587	0	0
6588	0	0
6589	0	0.00013466008157796995
6590	0	0
6591	0	0
6592	0	0
6593	0	0.00023525644955067862
6594	0	0
6595	0	0.00017250282088074423
6596	0	0
6597	0	0
6598	0	0
6599	0	0
6600	0	0.0009006337750979183
6601	0	0.0002492724932546153
6602	0	0.00013466008157796995
6603	0	0
6604	0	0.00023781125208695075
6605	0	0
6606	0	0
6607	0	0
6608	0	0
6609	0	0
6610	0	0.00013466008157796995
6611	0	0.000157582563913299
6612	0	0.00013625192062903448
6613	0	0.0001919662874162926
6614	0	0
6615	0	0
6616	0	0.00027560319682295287
6617	0	0
6618	0	0.00013466008157796995
6619	0	0
6620	0	0
6621	0	0
6622	0	0
6623	0	0
6624	0	0
6625	0	0
6626	0	0
6627	0	0.0001690184640036576
6628	0	0
6629	0	0.00016927680561038704
6630	0	0
6631	0	0
6632	0	0
6633	0	0
6634	0	0
6635	0	0
6636	0	0
6637	0	0
6638	0	0.00016920478731329177
6639	0	0
6640	0	0
6641	0	0
6642	0	0
6643	0	0
6644	0	0
6645	0	0
6646	0	0
6647	0	0
6648	0	0
6649	0	0.00013466008157796995
6650	0	0
6651	0	0
6652	0	0
6653	0	0
6654	0	0.00013466008157796995
6655	0	0
6656	0	0
6657	0	0
6658	0	0.00016916405036986818
6659	0	0.0014165236362618046
6660	0	0
6661	0	0
6662	0	0.00013466008157796995
6663	0	0.00013466008157796995
6664	0	0
6665	0	0
6666	0	0.00032879738425745276
6667	0	0
6668	0	0
6669	0	0.00013466008157796995
6670	0	0
6671	0	0.00013466008157796995
6672	0	0.0001696499045694551
6673	0	0
6674	0	0
6675	0	0
6676	0	0
6677	0	0
6678	0	0
6679	0	0.00013466008157796995
6680	0	0.00013466008157796995
6681	0	0
6682	0	0.00013466008157796995
6683	0	0.00013466008157796995
6684	0	0.00013466008157796995
6685	0	0
6686	0	0
6687	0	0.00019429779178732056
6688	0	0.00013466008157796995
6689	0	0.0004339447189197255
6690	0	0
6691	0	0
6692	0	0
6693	0	0.00013654681091885139
6694	0	0
6695	0	0.00013466008157796995
6696	0	0
6697	0	0.00038290862467673596
6698	0	0
6699	0	0
6700	0	0
6701	0	0
6702	0	0
6703	0	0
6704	0	0.00013466008157796995
6705	0	0
6706	0	0
6707	0	0.00013466008157796995
6708	0	0
6709	0	0
6710	0	0
6711	0	0
6712	0	0
6713	0	0.00013466008157796995
6714	0	0
6715	0	0
6716	0	0
6717	0	0
6718	0	0.0001705641233929358
6719	0	0
6720	0	0
6721	0	0
6722	0	0
6723	0	0
6724	0	0
6725	0	0.00016962202822953814
6726	0	0
6727	0	0
6728	0	0
6729	0	0
6730	0	0
6731	0	0.00013466008157796995
6732	0	0
6733	0	0
6734	0	0
6735	0	0
6736	0	0
6737	0	0
6738	0	0
6739	0	0
6740	0	0
6741	0	0.00017262616337821585
6742	0	0
6743	0	0.0001866360069976434
6744	0	0
6745	0	0
6746	0	0
6747	0	0
6748	0	0
6749	0	0
6750	0	0.00013466008157796995
6751	0	0
6752	0	0
6753	0	0
6754	0	0
6755	0	0.0001734540101495474
6756	0	0
6757	0	0
6758	0	0
6759	0	0
6760	0	0
6761	0	0
6762	0	0
6763	0	0
6764	0	0
6765	0	0
6766	0	0
6767	0	0.0002492724932546153
6768	0	0
6769	0	0
6770	0	0
6771	0	0.00016926646337363303
6772	0	0
6773	0	0.00017115432205590616
6774	0	0
6775	0	0.00013466008157796995
6776	0	0
6777	0	0
6778	0	0.00017047689850713238
6779	0	0
6780	0	0
6781	0	0
6782	0	0
6783	0	0
6784	0	0
6785	0	0.00017057559510351178
6786	0	0
6787	0	0
6788	0	0
6789	0	0
6790	0	0.00013466008157796995
6791	0	0
6792	0	0.0001434764209377119
6793	0	0
6794	0	0.00013466008157796995
6795	0	0
6796	0	0
6797	0	0
6798	0	0
6799	0	0
6800	0	0.00016926646337363303
6801	0	0
6802	0	0
6803	0	0
6804	0	0
6805	0	0
6806	0	0
6807	0	0
6808	0	0.00013466008157796995
6809	0	0.00013466008157796995
6810	0	0
6811	0	0.00013466008157796995
6812	0	0.0002492724932546153
6813	0	0.00013466008157796995
6814	0	0
6815	0	0.00013466008157796995
6816	0	0
6817	0	0
6818	0	0
6819	0	0
6820	0	0
6821	0	0
6822	0	0
6823	0	0.0001718589432636659
6824	0	0.00013466008157796995
6825	0	0.00013466008157796995
6826	0	0
6827	0	0
6828	0	0
6829	0	0
6830	0	0
6831	0	0
6832	0	0.00016923556672358522
6833	0	0.00013466008157796995
6834	0	0
6835	0	0
6836	0	0
6837	0	0
6838	0	0
6839	0	0.00017286421880351838
6840	0	0
6841	0	0
6842	0	0
6843	0	0
6844	0	0
6845	0	0
6846	0	0
6847	0	0
6848	0	0
6849	0	0
6850	0	0
6851	0	0
6852	0	0
6853	0	0
6854	0	0
6855	0	0
6856	0	0.00036090865494638663
6857	0	0.003654751793896744
6858	0	0.00013466008157796995
6859	0	0
6860	0	0
6861	0	0
6862	0	0
6863	0	0
6864	0	0
6865	0	0
6866	0	0
6867	0	0
6868	0	0.00013466008157796995
6869	0	0
6870	0	0.00020893923322331165
6871	0	0
6872	0	0
6873	0	0
6874	0	0
6875	0	0
6876	0	0
6877	0	0
6878	0	0
6879	0	0
6880	0	0
6881	0	0
6882	0	0
6883	0	0.0001412147129647062
6884	0	0
6885	0	0
6886	0	0
6887	0	0
6888	0	0
6889	0	0
6890	0	0
6891	0	0.00013466008157796995
6892	0	0
6893	0	0
6894	0	0
6895	0	0.00013692504114205605
6896	0	0
6897	0	0
6898	0	0
6899	0	0
6900	0	0
6901	0	0.00015376215019074417
6902	0	0
6903	0	0
6904	0	0
6905	0	0
6906	0	0
6907	0	0.00013466008157796995
6908	0	0
6909	0	0.00013466008157796995
6910	0	0.00013466008157796995
6911	0	0.00013466008157796995
6912	0	0
6913	0	0
6914	0	0
6915	0	0
6916	0	0
6917	0	0.001063015895889028
6918	0	0.00013466008157796995
6919	0	0
6920	0	0.0007938188757817579
6921	0	0
6922	0	0
6923	0	0.00013466008157796995
6924	0	0
6925	0	0
6926	0	0
6927	0	0
6928	0	0
6929	0	0.00015103328324606215
6930	0	0
6931	0	0
6932	0	0.0001702244921383166
6933	0	0
6934	0	0
6935	0	0
6936	0	0.00013466008157796995
6937	0	0
6938	0	0
6939	0	0
6940	0	0.00013466008157796995
6941	0	0
6942	0	0
6943	0	0
6944	0	0
6945	0	0
6946	0	0
6947	0	0
6948	0	0.0001697473068310824
6949	0	0
6950	0	0.00013466008157796995
6951	0	0
6952	0	0.00013466008157796995
6953	0	0
6954	0	0
6955	0	0
6956	0	0
6957	0	0.00013466008157796995
6958	0	0
6959	0	0
6960	0	0
6961	0	0
6962	0	0
6963	0	0.00035446763861235795
6964	0	0.00013466008157796995
6965	0	0.00013466008157796995
6966	0	0
6967	0	0
6968	0	0
6969	0	0
6970	0	0
6971	0	0
6972	0	0.00038835077611710085
6973	0	0
6974	0	0
6975	0	0
6976	0	0
6977	0	0.0001697523646890749
6978	0	0
6979	0	0.000306578699092938
6980	0	0
6981	0	0.0002492724932546153
6982	0	0
6983	0	0
6984	0	0
6985	0	0
6986	0	0
6987	0	0
6988	0	0.00013466008157796995
6989	0	0
6990	0	0
6991	0	0.00013466008157796995
6992	0	0.000157582563913299
6993	0	0
6994	0	0
6995	0	0.00013466008157796995
6996	0	0.00013466008157796995
6997	0	0
6998	0	0
6999	0	0
7000	0	0
7001	0	0
7002	0	0.00013466008157796995
7003	0	0
7004	0	0
7005	0	0
7006	0	0.00013466008157796995
7007	0	0
7008	0	0.00013466008157796995
7009	0	0
7010	0	0
7011	0	0
7012	0	0.00013466008157796995
7013	0	0
7014	0	0
7015	0	0
7016	0	0
7017	0	0.00013466008157796995
7018	0	0.0001713948017175965
7019	0	0
7020	0	0
7021	0	0.00016987398689157645
7022	0	0.00013466008157796995
7023	0	0
7024	0	0
7025	0	0
7026	0	0
7027	0	0.00013466008157796995
7028	0	0
7029	0	0
7030	0	0
7031	0	0
7032	0	0
7033	0	0
7034	0	0
7035	0	0.00016923556672358522
7036	0	0
7037	0	0
7038	0	0
7039	0	0
7040	0	0.00019827406970716118
7041	0	0
7042	0	0
7043	0	0.00015103328324606215
7044	0	0
7045	0	0
7046	0	0
7047	0	0
7048	0	0
7049	0	0
7050	0	0
7051	0	0
7052	0	0.00013466008157796995
7053	0	0.00015376215019074417
7054	0	0
7055	0	0.00013466008157796995
7056	0	0
7057	0	0
7058	0	0
7059	0	0
7060	0	0
7061	0	0
7062	0	0
7063	0	0.00013466008157796995
7064	0	0
7065	0	0.00013466008157796995
7066	0	0
7067	0	0
7068	0	0
7069	0	0
7070	0	0.00013466008157796995
7071	0	0.0001724930614078171
7072	0	0
7073	0	0.00040208904215680914
7074	0	0.00013466008157796995
7075	0	0
7076	0	0
7077	0	0
7078	0	0.0003822488889660464
7079	0	0.00013466008157796995
7080	0	0
7081	0	0
7082	0	0
7083	0	0
7084	0	0
7085	0	0
7086	0	0
7087	0	0.00017157536689028756
7088	0	0
7089	0	0
7090	0	0
7091	0	0
7092	0	0.00013466008157796995
7093	0	0
7094	0	0
7095	0	0
7096	0	0
7097	0	0
7098	0	0
7099	0	0
7100	0	0
7101	0	0
7102	0	0
7103	0	0
7104	0	0
7105	0	0
7106	0	0
7107	0	0
7108	0	0
7109	0	0
7110	0	0
7111	0	0
7112	0	0
7113	0	0
7114	0	0
7115	0	0
7116	0	0
7117	0	0.0001710081910931682
7118	0	0
7119	0	0
7120	0	0.00013466008157796995
7121	0	0
7122	0	0
7123	0	0.00014357438026393126
7124	0	0
7125	0	0
7126	0	0
7127	0	0
7128	0	0
7129	0	0
7130	0	0
7131	0	0
7132	0	0
7133	0	0
7134	0	0
7135	0	0.00013466008157796995
7136	0	0
7137	0	0
7138	0	0.0001910111839856539
7139	0	0
7140	0	0
7141	0	0
7142	0	0.00018664409426190695
7143	0	0
7144	0	0
7145	0	0.00013466008157796995
7146	0	0
7147	0	0
7148	0	0
7149	0	0
7150	0	0
7151	0	0
7152	0	0
7153	0	0
7154	0	0
7155	0	0
7156	0	0
7157	0	0
7158	0	0.0001696199806099052
7159	0	0
7160	0	0
7161	0	0.0002492724932546153
7162	0	0
7163	0	0
7164	0	0
7165	0	0
7166	0	0
7167	0	0
7168	0	0.00013466008157796995
7169	0	0
7170	0	0.00013466008157796995
7171	0	0
7172	0	0.0002874766304801638
7173	0	0
7174	0	0
7175	0	0
7176	0	0.00013466008157796995
7177	0	0.0009942531691528099
7178	0	0.00019670424163235298
7179	0	0.00018923742047161058
7180	0	0
7181	0	0.0001919662874162926
7182	0	0.001996185631832487
7183	0	0.0002524661677653441
7184	0	0
7185	0	0
7186	0	0
7187	0	0
7188	0	0
7189	0	0.00016916405036986818
7190	0	0
7191	0	0
7192	0	0
7193	0	0.00013466008157796995
7194	0	0.00013466008157796995
7195	0	0
7196	0	0.00013466008157796995
7197	0	0
7198	0	0
7199	0	0
7200	0	0
7201	0	0
7202	0	0
7203	0	0
7204	0	0
7205	0	0.00013466008157796995
7206	0	0
7207	0	0
7208	0	0.00013466008157796995
7209	0	0
7210	0	0
7211	0	0
7212	0	0
7213	0	0
7214	0	0
7215	0	0
7216	0	0
7217	0	0
7218	0	0
7219	0	0
7220	0	0
7221	0	0
7222	0	0
7223	0	0.00013466008157796995
7224	0	0
7225	0	0.00013466008157796995
7226	0	0.00013466008157796995
7227	0	0.00017073398617735008
7228	0	0
7229	0	0.00013466008157796995
7230	0	0
7231	0	0.00020342752858395715
7232	0	0
7233	0	0
7234	0	0
7235	0	0
7236	0	0
7237	0	0.0002656456949227075
7238	0	0
7239	0	0
7240	0	0
7241	0	0
7242	0	0
7243	0	0
7244	0	0.00016923556672358522
7245	0	0.00022345648451839494
7246	0	0.00015471725362138286
7247	0	0
7248	0	0
7249	0	0
7250	0	0.00016848206141320993
7251	0	0
7252	0	0
7253	0	0.0002492724932546153
7254	0	0
7255	0	0
7256	0	0
7257	0	0
7258	0	0.00033585809111688527
7259	0	0
7260	0	0
7261	0	0
7262	0	0
7263	0	0
7264	0	0
7265	0	0.00013466008157796995
7266	0	0.00013481538294880552
7267	0	0
7268	0	0
7269	0	0
7270	0	0
7271	0	0.00026359904471419594
7272	0	0
7273	0	0
7274	0	0
7275	0	0.00013466008157796995
7276	0	0.0002393623975081384
7277	0	0
7278	0	0.00013466008157796995
7279	0	0.00013466008157796995
7280	0	0
7281	0	0
7282	0	0
7283	0	0
7284	0	0.00013466008157796995
7285	0	0.00013466008157796995
7286	0	0
7287	0	0
7288	0	0
7289	0	0.00016921881862490843
7290	0	0
7291	0	0
7292	0	0
7293	0	0.00016926646337363303
7294	0	0
7295	0	0
7296	0	0
7297	0	0.00013466008157796995
7298	0	0
7299	0	0.0001734621462144462
7300	0	0.00013466008157796995
7301	0	0.00017094357068021284
7302	0	0
7303	0	0
7304	0	0.00013466008157796995
7305	0	0.00013466008157796995
7306	0	0.00016916405036986818
7307	0	0
7308	0	0.00017188855483123204
7309	0	0.00038512835194965046
7310	0	0.0001754538761321339
7311	0	0
7312	0	0.00013466008157796995
7313	0	0
7314	0	0
7315	0	0
7316	0	0
7317	0	0.000157582563913299
7318	0	0
7319	0	0
7320	0	0
7321	0	0.0004727548037882508
7322	0	0
7323	0	0.00013466008157796995
7324	0	0
7325	0	0
7326	0	0
7327	0	0
7328	0	0.00013466008157796995
7329	0	0
7330	0	0
7331	0	0
7332	0	0
7333	0	0
7334	0	0
7335	0	0
7336	0	0
7337	0	0
7338	0	0
7339	0	0
7340	0	0.0001721165361391991
7341	0	0
7342	0	0.00013466008157796995
7343	0	0
7344	0	0
7345	0	0
7346	0	0.00014962519862502985
7347	0	0
7348	0	0
7349	0	0
7350	0	0
7351	0	0
7352	0	0
7353	0	0
7354	0	0.0002753407592684867
7355	0	0
7356	0	0
7357	0	0
7358	0	0
7359	0	0
7360	0	0
7361	0	0.00013466008157796995
7362	0	0
7363	0	0.00013466008157796995
7364	0	0
7365	0	0.00013466008157796995
7366	0	0
7367	0	0
7368	0	0
7369	0	0
7370	0	0.00013466008157796995
7371	0	0
7372	0	0.00017143811262685797
7373	0	0
7374	0	0
7375	0	0
7376	0	0
7377	0	0.00013466008157796995
7378	0	0.00013466008157796995
7379	0	0
7380	0	0
7381	0	0
7382	0	0
7383	0	0
7384	0	0
7385	0	0.00013466008157796995
7386	0	0
7387	0	0
7388	0	0
7389	0	0
7390	0	0
7391	0	0
7392	0	0.00017059315867728716
7393	0	0
7394	0	0
7395	0	0
7396	0	0
7397	0	0
7398	0	0.0001461213227456345
7399	0	0
7400	0	0
7401	0	0
7402	0	0
7403	0	0
7404	0	0
7405	0	0
7406	0	0.00017072998936097796
7407	0	0.0007938188757817579
7408	0	0
7409	0	0
7410	0	0.000312877472544642
7411	0	0
7412	0	0
7413	0	0
7414	0	0
7415	0	0
7416	0	0
7417	0	0.00023154095720770527
7418	0	0
7419	0	0
7420	0	0
7421	0	0
7422	0	0.0001841132547522826
7423	0	0.00017018031592565594
7424	0	0.00013466008157796995
7425	0	0
7426	0	0
7427	0	0
7428	0	0
7429	0	0
7430	0	0.00013466008157796995
7431	0	0
7432	0	0
7433	0	0
7434	0	0.00013466008157796995
7435	0	0
7436	0	0.00016994613177143407
7437	0	0
7438	0	0
7439	0	0
7440	0	0
7441	0	0
7442	0	0
7443	0	0
7444	0	0
7445	0	0
7446	0	0
7447	0	0
7448	0	0.0001588560351541506
7449	0	0
7450	0	0
7451	0	0
7452	0	0
7453	0	0
7454	0	0.00013466008157796995
7455	0	0
7456	0	0
7457	0	0
7458	0	0
7459	0	0.00013466008157796995
7460	0	0
7461	0	0
7462	0	0
7463	0	0
7464	0	0
7465	0	0
7466	0	0
7467	0	0
7468	0	0
7469	0	0.0001671335982196861
7470	0	0.00013466008157796995
7471	0	0.00013466008157796995
7472	0	0
7473	0	0
7474	0	0.00017029453754642234
7475	0	0
7476	0	0
7477	0	0
7478	0	0
7479	0	0.00020893923322331165
7480	0	0
7481	0	0
7482	0	0
7483	0	0
7484	0	0
7485	0	0
7486	0	0
7487	0	0
7488	0	0
7489	0	0
7490	0	0
7491	0	0
7492	0	0.00013466008157796995
7493	0	0.00013466008157796995
7494	0	0.00016457652612368
7495	0	0
7496	0	0.00013466008157796995
7497	0	0.00017227524992971278
7498	0	0
7499	0	0
7500	0	0.00013466008157796995
7501	0	0
7502	0	0.000157582563913299
7503	0	0
7504	0	0
7505	0	0
7506	0	0
7507	0	0
7508	0	0
7509	0	0
7510	0	0
7511	0	0
7512	0	0
7513	0	0
7514	0	0
7515	0	0
7516	0	0.00013466008157796995
7517	0	0.00013466008157796995
7518	0	0
7519	0	0.00013466008157796995
7520	0	0
7521	0	0
7522	0	0
7523	0	0.00013466008157796995
7524	0	0
7525	0	0
7526	0	0
7527	0	0
7528	0	0.0007938188757817579
7529	0	0.00013466008157796995
7530	0	0
7531	0	0.00017156429268362704
7532	0	0
7533	0	0
7534	0	0.0006886200713484225
7535	0	0
7536	0	0
7537	0	0
7538	0	0.0007938188757817579
7539	0	0.00016924632500388878
7540	0	0
7541	0	0
7542	0	0
7543	0	0
7544	0	0
7545	0	0
7546	0	0
7547	0	0.00013466008157796995
7548	0	0.0001371415411000624
7549	0	0
7550	0	0
7551	0	0
7552	0	0
7553	0	0
7554	0	0
7555	0	0
7556	0	0
7557	0	0.00013466008157796995
7558	0	0
7559	0	0
7560	0	0
7561	0	0
7562	0	0
7563	0	0.00013466008157796995
7564	0	0
7565	0	0
7566	0	0.00017294087587010985
7567	0	0
7568	0	0.00013466008157796995
7569	0	0.00016926646337363303
7570	0	0
7571	0	0
7572	0	0
7573	0	0
7574	0	0
7575	0	0
7576	0	0
7577	0	0
7578	0	0
7579	0	0.0004618435600057663
7580	0	0
7581	0	0
7582	0	0
7583	0	0
7584	0	0
7585	0	0.0001480315296069119
7586	0	0
7587	0	0.00013466008157796995
7588	0	0
7589	0	0
7590	0	0
7591	0	0
7592	0	0
7593	0	0
7594	0	0
7595	0	0.00013466008157796995
7596	0	0.00013466008157796995
7597	0	0
7598	0	0
7599	0	0.00013466008157796995
7600	0	0
7601	0	0
7602	0	0
7603	0	0.00017391231580884254
7604	0	0
7605	0	0
7606	0	0.0001793053478330242
7607	0	0.0001665154104288761
7608	0	0
7609	0	0
7610	0	0
7611	0	0
7612	0	0
7613	0	0.00013466008157796995
7614	0	0.00013466008157796995
7615	0	0
7616	0	0
7617	0	0.00016905905006869783
7618	0	0
7619	0	0
7620	0	0
7621	0	0
7622	0	0.00017068538316538664
7623	0	0
7624	0	0
7625	0	0.00013466008157796995
7626	0	0
7627	0	0.0004097659716704793
7628	0	0
7629	0	0
7630	0	0
7631	0	0.00017150766962332619
7632	0	0.00013466008157796995
7633	0	0.00013654681091885139
7634	0	0
7635	0	0
7636	0	0
7637	0	0.00013466008157796995
7638	0	0
7639	0	0
7640	0	0
7641	0	0.0001919662874162926
7642	0	0
7643	0	0
7644	0	0
7645	0	0.0001919662874162926
7646	0	0
7647	0	0
7648	0	0.00013466008157796995
7649	0	0
7650	0	0
7651	0	0.00013466008157796995
7652	0	0
7653	0	0
7654	0	0
7655	0	0
7656	0	0
7657	0	0
7658	0	0
7659	0	0.00013466008157796995
7660	0	0
7661	0	0
7662	0	0
7663	0	0
7664	0	0
7665	0	0
7666	0	0
7667	0	0.00017286421880351838
7668	0	0
7669	0	0
7670	0	0.00032123689066581234
7671	0	0
7672	0	0.00017097148845972158
7673	0	0
7674	0	0
7675	0	0.00013466008157796995
7676	0	0.00015121520770904095
7677	0	0.00013466008157796995
7678	0	0
7679	0	0.0001919662874162926
7680	0	0
7681	0	0
7682	0	0
7683	0	0
7684	0	0.00016916405036986818
7685	0	0
7686	0	0
7687	0	0
7688	0	0.00038828439828455
7689	0	0
7690	0	0
7691	0	0.00020424477394371317
7692	0	0
7693	0	0
7694	0	0.00013466008157796995
7695	0	0
7696	0	0
7697	0	0.00015376215019074417
7698	0	0.00013466008157796995
7699	0	0.00013466008157796995
7700	0	0
7701	0	0.00016946423225111914
7702	0	0.00013466008157796995
7703	0	0
7704	0	0
7705	0	0.0001805050462486281
7706	0	0.00013466008157796995
7707	0	0.00013466008157796995
7708	0	0.0007938188757817579
7709	0	0
7710	0	0
7711	0	0
7712	0	0
7713	0	0
7714	0	0
7715	0	0
7716	0	0
7717	0	0
7718	0	0
7719	0	0
7720	0	0
7721	0	0
7722	0	0
7723	0	0.0002492724932546153
7724	0	0
7725	0	0.00013466008157796995
7726	0	0
7727	0	0
7728	0	0
7729	0	0
7730	0	0
7731	0	0
7732	0	0.0003723540239361499
7733	0	0
7734	0	0.00013466008157796995
7735	0	0
7736	0	0
7737	0	0.00013466008157796995
7738	0	0
7739	0	0
7740	0	0
7741	0	0.00013466008157796995
7742	0	0
7743	0	0
7744	0	0
7745	0	0
7746	0	0
7747	0	0
7748	0	0
7749	0	0
7750	0	0.00013466008157796995
7751	0	0
7752	0	0
7753	0	0
7754	0	0.00013466008157796995
7755	0	0
7756	0	0
7757	0	0
7758	0	0
7759	0	0
7760	0	0
7761	0	0.00013466008157796995
7762	0	0
7763	0	0
7764	0	0
7765	0	0
7766	0	0
7767	0	0
7768	0	0.00013466008157796995
7769	0	0
7770	0	0
7771	0	0
7772	0	0
7773	0	0
7774	0	0
7775	0	0
7776	0	0.00013466008157796995
7777	0	0
7778	0	0
7779	0	0
7780	0	0
7781	0	0
7782	0	0
7783	0	0
7784	0	0
7785	0	0
7786	0	0.00013466008157796995
7787	0	0
7788	0	0
7789	0	0
7790	0	0
7791	0	0
7792	0	0
7793	0	0
7794	0	0
7795	0	0
7796	0	0
7797	0	0
7798	0	0
7799	0	0
7800	0	0
7801	0	0
7802	0	0
7803	0	0
7804	0	0
7805	0	0
7806	0	0
7807	0	0.00013466008157796995
7808	0	0.0029094570835555165
7809	0	0
7810	0	0
7811	0	0
7812	0	0.00017009607689342723
7813	0	0
7814	0	0.00014836373949582974
7815	0	0.00013466008157796995
7816	0	0.00013466008157796995
7817	0	0
7818	0	0
7819	0	0.00016920478731329177
7820	0	0.00013466008157796995
7821	0	0.00013466008157796995
7822	0	0
7823	0	0.00013466008157796995
7824	0	0
7825	0	0
7826	0	0
7827	0	0
7828	0	0.00016993554520065802
7829	0	0
7830	0	0
7831	0	0.00013466008157796995
7832	0	0
7833	0	0
7834	0	0.001166171786667778
7835	0	0
7836	0	0
7837	0	0
7838	0	0.0002492724932546153
7839	0	0
7840	0	0
7841	0	0
7842	0	0
7843	0	0
7844	0	0
7845	0	0
7846	0	0
7847	0	0
7848	0	0
7849	0	0.00013466008157796995
7850	0	0
7851	0	0
7852	0	0.00013466008157796995
7853	0	0
7854	0	0.00013466008157796995
7855	0	0
7856	0	0
7857	0	0
7858	0	0
7859	0	0.0001706931462294744
7860	0	0
7861	0	0
7862	0	0.00013466008157796995
7863	0	0
7864	0	0
7865	0	0.00013466008157796995
7866	0	0
7867	0	0
7868	0	0
7869	0	0.0001919662874162926
7870	0	0
7871	0	0
7872	0	0
7873	0	0.0009983205714785223
7874	0	0
7875	0	0.0006533096862205993
7876	0	0
7877	0	0
7878	0	0
7879	0	0
7880	0	0.0001697945794456004
7881	0	0
7882	0	0
7883	0	0
7884	0	0
7885	0	0.00030816963682249454
7886	0	0
7887	0	0
7888	0	0
7889	0	0
7890	0	0
7891	0	0.0001461213227456345
7892	0	0
7893	0	0
7894	0	0.00013654681091885139
7895	0	0
7896	0	0
7897	0	0.00017159889825691516
7898	0	0
7899	0	0
7900	0	0.00013466008157796995
7901	0	0.00013466008157796995
7902	0	0
7903	0	0
7904	0	0
7905	0	0
7906	0	0
7907	0	0
7908	0	0.0001919662874162926
7909	0	0.00013466008157796995
7910	0	0
7911	0	0.0001713371325959703
7912	0	0
7913	0	0
7914	0	0
7915	0	0
7916	0	0
7917	0	0
7918	0	0
7919	0	0
7920	0	0.0005051615113512762
7921	0	0
7922	0	0
7923	0	0
7924	0	0
7925	0	0
7926	0	0
7927	0	0.00013466008157796995
7928	0	0
7929	0	0.00017129918931927524
7930	0	0.0004236955060865709
7931	0	0
7932	0	0
7933	0	0
7934	0	0
7935	0	0.00016923556672358522
7936	0	0
7937	0	0
7938	0	0
7939	0	0
7940	0	0
7941	0	0
7942	0	0
7943	0	0.00013466008157796995
7944	0	0
7945	0	0
7946	0	0
7947	0	0
7948	0	0
7949	0	0.0001406923137714776
7950	0	0
7951	0	0.00013466008157796995
7952	0	0.00013466008157796995
7953	0	0
7954	0	0
7955	0	0
7956	0	0
7957	0	0
7958	0	0
7959	0	0
7960	0	0
7961	0	0.00013466008157796995
7962	0	0
7963	0	0
7964	0	0
7965	0	0
7966	0	0
7967	0	0
7968	0	0.00013466008157796995
7969	0	0.00013466008157796995
7970	0	0
7971	0	0
7972	0	0.001313952363797956
7973	0	0
7974	0	0
7975	0	0
7976	0	0
7977	0	0
7978	0	0
7979	0	0.0001919662874162926
7980	0	0
7981	0	0.0010284011954615716
7982	0	0
7983	0	0.00022306160845181273
7984	0	0
7985	0	0
7986	0	0.00016923556672358522
7987	0	0.0002792008554661636
7988	0	0
7989	0	0
7990	0	0
7991	0	0
7992	0	0
7993	0	0
7994	0	0
7995	0	0
7996	0	0.00022512320200475562
7997	0	0
7998	0	0
7999	0	0
8000	0	0
8001	0	0
8002	0	0.00013466008157796995
8003	0	0
8004	0	0
8005	0	0
8006	0	0.00016331318449713128
8007	0	0
8008	0	0
8009	0	0
8010	0	0
8011	0	0
8012	0	0
8013	0	0
8014	0	0
8015	0	0
8016	0	0
8017	0	0
8018	0	0
8019	0	0
8020	0	0
8021	0	0.00016808870165032486
8022	0	0
8023	0	0.00013466008157796995
8024	0	0
8025	0	0
8026	0	0
8027	0	0
8028	0	0.00013774069020714975
8029	0	0.00013466008157796995
8030	0	0
8031	0	0
8032	0	0.00020424477394371317
8033	0	0
8034	0	0.0007938188757817579
8035	0	0
8036	0	0
8037	0	0.00014117725792821056
8038	0	0
8039	0	0.00019614044315019512
8040	0	0.00015376215019074417
8041	0	0
8042	0	0
8043	0	0
8044	0	0
8045	0	0
8046	0	0
8047	0	0.00047849731660790605
8048	0	0
8049	0	0
8050	0	0
8051	0	0
8052	0	0.0007938188757817579
8053	0	0
8054	0	0.00026757195394248303
8055	0	0.00017242133157862233
8056	0	0
8057	0	0
8058	0	0
8059	0	0.0001461213227456345
8060	0	0
8061	0	0
8062	0	0
8063	0	0
8064	0	0
8065	0	0
8066	0	0
8067	0	0
8068	0	0
8069	0	0
8070	0	0.00016916405036986818
8071	0	0
8072	0	0
8073	0	0.00013466008157796995
8074	0	0
8075	0	0
8076	0	0.00013466008157796995
8077	0	0
8078	0	0.0005358035224462287
8079	0	0
8080	0	0
8081	0	0
8082	0	0
8083	0	0
8084	0	0.00013466008157796995
8085	0	0
8086	0	0
8087	0	0
8088	0	0.00016920478731329177
8089	0	0
8090	0	0.0003149249638270704
8091	0	0
8092	0	0.00013466008157796995
8093	0	0
8094	0	0
8095	0	0
8096	0	0
8097	0	0
8098	0	0
8099	0	0.00016916405036986818
8100	0	0
8101	0	0
8102	0	0
8103	0	0
8104	0	0
8105	0	0.00013466008157796995
8106	0	0
8107	0	0.0001692449799714435
8108	0	0
8109	0	0
8110	0	0
8111	0	0
8112	0	0
8113	0	0.00013466008157796995
8114	0	0
8115	0	0.00013466008157796995
8116	0	0
8117	0	0
8118	0	0.00016916405036986818
8119	0	0
8120	0	0.00017078948072990052
8121	0	0.00017126436046624807
8122	0	0
8123	0	0
8124	0	0
8125	0	0
8126	0	0
8127	0	0
8128	0	0.00013466008157796995
8129	0	0.0002380861114211555
8130	0	0
8131	0	0
8132	0	0
8133	0	0
8134	0	0.00013466008157796995
8135	0	0.00013466008157796995
8136	0	0
8137	0	0.0002550138152774463
8138	0	0
8139	0	0
8140	0	0
8141	0	0
8142	0	0
8143	0	0
8144	0	0.00013466008157796995
8145	0	0
8146	0	0
8147	0	0
8148	0	0
8149	0	0
8150	0	0
8151	0	0
8152	0	0.00013466008157796995
8153	0	0.00016822961555837076
8154	0	0
8155	0	0
8156	0	0.0001712090074724458
8157	0	0.00016920478731329177
8158	0	0
8159	0	0.00013466008157796995
8160	0	0
8161	0	0
8162	0	0
8163	0	0.00013466008157796995
8164	0	0.00013466008157796995
8165	0	0
8166	0	0
8167	0	0.00013466008157796995
8168	0	0
8169	0	0
8170	0	0.00013466008157796995
8171	0	0
8172	0	0.00013466008157796995
8173	0	0
8174	0	0
8175	0	0
8176	0	0
8177	0	0.00015376215019074417
8178	0	0.000170787236266095
8179	0	0
8180	0	0
8181	0	0.00013466008157796995
8182	0	0
8183	0	0.00013466008157796995
8184	0	0
8185	0	0
8186	0	0
8187	0	0.00013466008157796995
8188	0	0
8189	0	0
8190	0	0
8191	0	0.0001461213227456345
8192	0	0
8193	0	0.00013466008157796995
8194	0	0.00013466008157796995
8195	0	0.00013865231284889367
8196	0	0
8197	0	0
8198	0	0
8199	0	0
8200	0	0
8201	0	0
8202	0	0
8203	0	0.00013466008157796995
8204	0	0
8205	0	0
8206	0	0
8207	0	0
8208	0	0
8209	0	0
8210	0	0
8211	0	0
8212	0	0
8213	0	0
8214	0	0
8215	0	0
8216	0	0
8217	0	0
8218	0	0
8219	0	0
8220	0	0
8221	0	0
8222	0	0
8223	0	0
8224	0	0.00013466008157796995
8225	0	0
8226	0	0.00013466008157796995
8227	0	0.00032879738425745276
8228	0	0
8229	0	0
8230	0	0
8231	0	0.00013466008157796995
8232	0	0
8233	0	0
8234	0	0.0002492724932546153
8235	0	0.00017059863907126666
8236	0	0
8237	0	0
8238	0	0
8239	0	0
8240	0	0
8241	0	0
8242	0	0.00013466008157796995
8243	0	0.00013654681091885139
8244	0	0
8245	0	0.00013466008157796995
8246	0	0
8247	0	0
8248	0	0
8249	0	0
8250	0	0.00013466008157796995
8251	0	0
8252	0	0.00017074669262314617
8253	0	0
8254	0	0
8255	0	0
8256	0	0
8257	0	0
8258	0	0
8259	0	0.00013466008157796995
8260	0	0
8261	0	0
8262	0	0
8263	0	0
8264	0	0
8265	0	0
8266	0	0
8267	0	0
8268	0	0
8269	0	0
8270	0	0
8271	0	0
8272	0	0
8273	0	0
8274	0	0
8275	0	0
8276	0	0
8277	0	0
8278	0	0.0002188114818881878
8279	0	0
8280	0	0
8281	0	0
8282	0	0
8283	0	0.00017070335776045426
8284	0	0
8285	0	0.00013466008157796995
8286	0	0
8287	0	0.00022794848612189112
8288	0	0
8289	0	0
8290	0	0
8291	0	0
8292	0	0
8293	0	0.00013466008157796995
8294	0	0
8295	0	0
8296	0	0
8297	0	0.00013466008157796995
8298	0	0
8299	0	0
8300	0	0.00013466008157796995
8301	0	0.00013466008157796995
8302	0	0.00013466008157796995
8303	0	0
8304	0	0
8305	0	0
8306	0	0
8307	0	0
8308	0	0
8309	0	0
8310	0	0
8311	0	0
8312	0	0.00013466008157796995
8313	0	0
8314	0	0
8315	0	0
8316	0	0.0001565316126962201
8317	0	0
8318	0	0
8319	0	0.00013466008157796995
8320	0	0
8321	0	0
8322	0	0
8323	0	0
8324	0	0.00013466008157796995
8325	0	0.00016920478731329177
8326	0	0
8327	0	0
8328	0	0
8329	0	0.00015355223734884554
8330	0	0
8331	0	0
8332	0	0
8333	0	0
8334	0	0
8335	0	0.00017286421880351838
8336	0	0
8337	0	0.00013466008157796995
8338	0	0
8339	0	0
8340	0	0
8341	0	0.00019437733902091087
8342	0	0
8343	0	0
8344	0	0.00013466008157796995
8345	0	0.0008264270334317282
8346	0	0
8347	0	0
8348	0	0
8349	0	0
8350	0	0
8351	0	0
8352	0	0
8353	0	0
8354	0	0.0006870301597599542
8355	0	0
8356	0	0
8357	0	0
8358	0	0
8359	0	0
8360	0	0.0001771560189952949
8361	0	0
8362	0	0
8363	0	0
8364	0	0
8365	0	0
8366	0	0
8367	0	0.00017096570860195047
8368	0	0
8369	0	0
8370	0	0
8371	0	0.00013466008157796995
8372	0	0
8373	0	0.00013466008157796995
8374	0	0
8375	0	0
8376	0	0
8377	0	0
8378	0	0.00020381105186920043
8379	0	0.0001827412760225196
8380	0	0
8381	0	0
8382	0	0
8383	0	0
8384	0	0
8385	0	0.00013466008157796995
8386	0	0
8387	0	0.00013466008157796995
8388	0	0
8389	0	0
8390	0	0
8391	0	0
8392	0	0
8393	0	0
8394	0	0
8395	0	0
8396	0	0.00013466008157796995
8397	0	0
8398	0	0.00027464558521453456
8399	0	0
8400	0	0
8401	0	0
8402	0	0
8403	0	0.00013466008157796995
8404	0	0
8405	0	0.00017096521947149239
8406	0	0
8407	0	0
8408	0	0
8409	0	0
8410	0	0
8411	0	0
8412	0	0
8413	0	0.00013466008157796995
8414	0	0
8415	0	0.00013466008157796995
8416	0	0
8417	0	0.0001919662874162926
8418	0	0
8419	0	0
8420	0	0.00017505398526551072
8421	0	0
8422	0	0
8423	0	0
8424	0	0
8425	0	0
8426	0	0
8427	0	0.0001461213227456345
8428	0	0
8429	0	0
8430	0	0.00013466008157796995
8431	0	0
8432	0	0
8433	0	0.00021527805235154184
8434	0	0
8435	0	0.00013466008157796995
8436	0	0
8437	0	0
8438	0	0
8439	0	0
8440	0	0.00013466008157796995
8441	0	0
8442	0	0
8443	0	0
8444	0	0.000157582563913299
8445	0	0
8446	0	0.0001706925068559381
8447	0	0.00024076527412287142
8448	0	0.0001899586339490359
8449	0	0
8450	0	0
8451	0	0.00016991721488319756
8452	0	0
8453	0	0
8454	0	0
8455	0	0
8456	0	0
8457	0	0
8458	0	0
8459	0	0.00013466008157796995
8460	0	0.0007759212992464332
8461	0	0
8462	0	0
8463	0	0.0014358108733638604
8464	0	0
8465	0	0.00013466008157796995
8466	0	0
8467	0	0
8468	0	0
8469	0	0
8470	0	0
8471	0	0
8472	0	0
8473	0	0
8474	0	0.00023017042464184109
8475	0	0
8476	0	0
8477	0	0.00018430761171008627
8478	0	0
8479	0	0
8480	0	0
8481	0	0
8482	0	0
8483	0	0
8484	0	0.00025309290697717013
8485	0	0.0001593984395715504
8486	0	0
8487	0	0
8488	0	0
8489	0	0
8490	0	0
8491	0	0.00013466008157796995
8492	0	0.0011081334474739987
8493	0	0
8494	0	0
8495	0	0
8496	0	0
8497	0	0
8498	0	0
8499	0	0
8500	0	0
8501	0	0.00031753961749777604
8502	0	0
8503	0	0
8504	0	0.00013466008157796995
8505	0	0
8506	0	0
8507	0	0
8508	0	0.00019631688231797675
8509	0	0.0001919662874162926
8510	0	0
8511	0	0
8512	0	0
8513	0	0.00021322773716792146
8514	0	0
8515	0	0
8516	0	0
8517	0	0.00016984932528380452
8518	0	0
8519	0	0
8520	0	0
8521	0	0
8522	0	0
8523	0	0
8524	0	0
8525	0	0
8526	0	0
8527	0	0
8528	0	0.00013466008157796995
8529	0	0
8530	0	0
8531	0	0.00013466008157796995
8532	0	0
8533	0	0.00017079123820952882
8534	0	0.00013466008157796995
8535	0	0
8536	0	0
8537	0	0
8538	0	0
8539	0	0
8540	0	0
8541	0	0
8542	0	0
8543	0	0.00013466008157796995
8544	0	0
8545	0	0
8546	0	0
8547	0	0
8548	0	0
8549	0	0
8550	0	0
8551	0	0
8552	0	0
8553	0	0
8554	0	0
8555	0	0
8556	0	0
8557	0	0.00013466008157796995
8558	0	0
8559	0	0.00013466008157796995
8560	0	0
8561	0	0
8562	0	0
8563	0	0
8564	0	0
8565	0	0.00017403775386651873
8566	0	0
8567	0	0
8568	0	0.00013466008157796995
8569	0	0
8570	0	0.00017018803098946467
8571	0	0
8572	0	0
8573	0	0.002374126578598638
8574	0	0
8575	0	0.0001767361287758757
8576	0	0
8577	0	0.00017286421880351838
8578	0	0
8579	0	0.00013466008157796995
8580	0	0
8581	0	0
8582	0	0
8583	0	0
8584	0	0
8585	0	0.00017099203580613618
8586	0	0
8587	0	0
8588	0	0
8589	0	0
8590	0	0.00013466008157796995
8591	0	0.00017079047578948608
8592	0	0
8593	0	0.00013466008157796995
8594	0	0.00016172134544606675
8595	0	0
8596	0	0
8597	0	0
8598	0	0.00013466008157796995
8599	0	0
8600	0	0
8601	0	0
8602	0	0
8603	0	0
8604	0	0
8605	0	0
8606	0	0
8607	0	0
8608	0	0
8609	0	0
8610	0	0
8611	0	0
8612	0	0.00013466008157796995
8613	0	0
8614	0	0
8615	0	0
8616	0	0
8617	0	0
8618	0	0.00021106835602906687
8619	0	0
8620	0	0
8621	0	0
8622	0	0.00013466008157796995
8623	0	0
8624	0	0.00013466008157796995
8625	0	0
8626	0	0.0001919662874162926
8627	0	0
8628	0	0.00013466008157796995
8629	0	0.0014688831850242618
8630	0	0
8631	0	0
8632	0	0.00013466008157796995
8633	0	0
8634	0	0
8635	0	0.00013466008157796995
8636	0	0
8637	0	0
8638	0	0
8639	0	0
8640	0	0
8641	0	0.00013466008157796995
8642	0	0.00022794848612189112
8643	0	0.0001447358979891036
8644	0	0.00013466008157796995
8645	0	0
8646	0	0
8647	0	0.00013466008157796995
8648	0	0
8649	0	0
8650	0	0.00013466008157796995
8651	0	0
8652	0	0.0002450536726079609
8653	0	0
8654	0	0
8655	0	0.00013466008157796995
8656	0	0
8657	0	0
8658	0	0
8659	0	0.00013466008157796995
8660	0	0.00017321839651823426
8661	0	0
8662	0	0
8663	0	0.00013466008157796995
8664	0	0.00017012727053298296
8665	0	0
8666	0	0
8667	0	0
8668	0	0
8669	0	0
8670	0	0
8671	0	0
8672	0	0.00016921450231791675
8673	0	0
8674	0	0
8675	0	0.00013466008157796995
8676	0	0
8677	0	0
8678	0	0.00013466008157796995
8679	0	0
8680	0	0
8681	0	0.00014898663303755064
8682	0	0.00013466008157796995
8683	0	0
8684	0	0
8685	0	0
8686	0	0.0002492724932546153
8687	0	0.00015103328324606215
8688	0	0
8689	0	0
8690	0	0.00023644246258467592
8691	0	0.00017037573853183124
8692	0	0.00019863928422573368
8693	0	0.0007711497231616037
8694	0	0.00013466008157796995
8695	0	0
8696	0	0.000582690418132129
8697	0	0.00016916405036986818
8698	0	0.00013466008157796995
8699	0	0.00013466008157796995
8700	0	0
8701	0	0.00013466008157796995
8702	0	0
8703	0	0
8704	0	0.00017135059161823538
8705	0	0.00015355223734884554
8706	0	0
8707	0	0
8708	0	0
8709	0	0
8710	0	0
8711	0	0
8712	0	0
8713	0	0
8714	0	0
8715	0	0
8716	0	0
8717	0	0
8718	0	0
8719	0	0
8720	0	0
8721	0	0
8722	0	0
8723	0	0.0001919662874162926
8724	0	0
8725	0	0.00018180012986599803
8726	0	0
8727	0	0
8728	0	0
8729	0	0.00013466008157796995
8730	0	0.00013466008157796995
8731	0	0
8732	0	0
8733	0	0
8734	0	0
8735	0	0
8736	0	0
8737	0	0
8738	0	0
8739	0	0
8740	0	0
8741	0	0.0001919662874162926
8742	0	0
8743	0	0
8744	0	0
8745	0	0.00013466008157796995
8746	0	0
8747	0	0
8748	0	0
8749	0	0.00017206507230336875
8750	0	0
8751	0	0
8752	0	0
8753	0	0
8754	0	0
8755	0	0.00019761008041552138
8756	0	0
8757	0	0
8758	0	0
8759	0	0
8760	0	0
8761	0	0
8762	0	0.0005292685401262175
8763	0	0
8764	0	0
8765	0	0
8766	0	0
8767	0	0
8768	0	0
8769	0	0
8770	0	0.00013466008157796995
8771	0	0
8772	0	0
8773	0	0
8774	0	0
8775	0	0
8776	0	0
8777	0	0
8778	0	0.0001919662874162926
8779	0	0
8780	0	0.0001919662874162926
8781	0	0
8782	0	0
8783	0	0
8784	0	0.00013466008157796995
8785	0	0.0001696123132249131
8786	0	0
8787	0	0
8788	0	0
8789	0	0.00017089960199198167
8790	0	0
8791	0	0
8792	0	0
8793	0	0.00027792559617377657
8794	0	0
8795	0	0
8796	0	0.0003096401754093287
8797	0	0
8798	0	0
8799	0	0
8800	0	0
8801	0	0
8802	0	0.00018646720705806975
8803	0	0
8804	0	0
8805	0	0
8806	0	0
8807	0	0
8808	0	0
8809	0	0
8810	0	0
8811	0	0
8812	0	0
8813	0	0.00013466008157796995
8814	0	0.00016920478731329177
8815	0	0
8816	0	0
8817	0	0.00013466008157796995
8818	0	0
8819	0	0.00013466008157796995
8820	0	0.00021106835602906687
8821	0	0
8822	0	0
8823	0	0.00013466008157796995
8824	0	0
8825	0	0
8826	0	0.0001588560351541506
8827	0	0.00013466008157796995
8828	0	0
8829	0	0.00015103328324606215
8830	0	0.00017664298386953654
8831	0	0
8832	0	0
8833	0	0
8834	0	0
8835	0	0
8836	0	0
8837	0	0
8838	0	0
8839	0	0.00013466008157796995
8840	0	0
8841	0	0
8842	0	0
8843	0	0
8844	0	0
8845	0	0
8846	0	0
8847	0	0
8848	0	0.00013466008157796995
8849	0	0
8850	0	0.00029156534123651434
8851	0	0
8852	0	0
8853	0	0
8854	0	0
8855	0	0
8856	0	0
8857	0	0.0008221266012863292
8858	0	0
8859	0	0
8860	0	0
8861	0	0
8862	0	0.00016923556672358522
8863	0	0
8864	0	0
8865	0	0
8866	0	0
8867	0	0
8868	0	0
8869	0	0
8870	0	0
8871	0	0
8872	0	0
8873	0	0
8874	0	0
8875	0	0
8876	0	0.00013466008157796995
8877	0	0
8878	0	0
8879	0	0
8880	0	0
8881	0	0
8882	0	0.00044446844008093047
8883	0	0
8884	0	0
8885	0	0.0002326065246813203
8886	0	0
8887	0	0
8888	0	0
8889	0	0
8890	0	0
8891	0	0
8892	0	0.00013466008157796995
8893	0	0.00013466008157796995
8894	0	0
8895	0	0.00013466008157796995
8896	0	0
8897	0	0
8898	0	0
8899	0	0
8900	0	0.00017173327427566222
8901	0	0
8902	0	0
8903	0	0
8904	0	0
8905	0	0
8906	0	0.00017189441686084724
8907	0	0.00013466008157796995
8908	0	0
8909	0	0
8910	0	0
8911	0	0.00039754589068735787
8912	0	0
8913	0	0
8914	0	0
8915	0	0
8916	0	0
8917	0	0
8918	0	0
8919	0	0.0001919662874162926
8920	0	0
8921	0	0
8922	0	0
8923	0	0.00013466008157796995
8924	0	0
8925	0	0
8926	0	0
8927	0	0
8928	0	0.00017286421880351838
8929	0	0
8930	0	0.00013466008157796995
8931	0	0
8932	0	0
8933	0	0
8934	0	0.00013466008157796995
8935	0	0.00013466008157796995
8936	0	0
8937	0	0
8938	0	0
8939	0	0
8940	0	0
8941	0	0
8942	0	0
8943	0	0
8944	0	0
8945	0	0
8946	0	0.00013466008157796995
8947	0	0
8948	0	0
8949	0	0
8950	0	0
8951	0	0
8952	0	0
8953	0	0
8954	0	0
8955	0	0
8956	0	0.0001897858329437162
8957	0	0
8958	0	0
8959	0	0.0002263500109192862
8960	0	0.00016497585087651322
8961	0	0
8962	0	0
8963	0	0
8964	0	0.00013481538294880552
8965	0	0
8966	0	0
8967	0	0
8968	0	0
8969	0	0
8970	0	0
8971	0	0
8972	0	0
8973	0	0
8974	0	0
8975	0	0
8976	0	0
8977	0	0
8978	0	0
8979	0	0
8980	0	0
8981	0	0
8982	0	0
8983	0	0
8984	0	0
8985	0	0.00017018608816098146
8986	0	0.00013466008157796995
8987	0	0
8988	0	0.0002492724932546153
8989	0	0.00013466008157796995
8990	0	0.0002492724932546153
8991	0	0
8992	0	0.00013466008157796995
8993	0	0
8994	0	0
8995	0	0
8996	0	0
8997	0	0
8998	0	0
8999	0	0
9000	0	0
9001	0	0
9002	0	0
9003	0	0
9004	0	0.00013466008157796995
9005	0	0
9006	0	0
9007	0	0
9008	0	0
9009	0	0
9010	0	0.00013466008157796995
9011	0	0
9012	0	0
9013	0	0
9014	0	0.00013466008157796995
9015	0	0
9016	0	0
9017	0	0.00018333403658600018
9018	0	0
9019	0	0
9020	0	0
9021	0	0
9022	0	0
9023	0	0
9024	0	0
9025	0	0
9026	0	0
9027	0	0.00013466008157796995
9028	0	0
9029	0	0
9030	0	0.00016923556672358522
9031	0	0
9032	0	0
9033	0	0
9034	0	0
9035	0	0
9036	0	0
9037	0	0
9038	0	0
9039	0	0.00029822053071955606
9040	0	0
9041	0	0
9042	0	0
9043	0	0
9044	0	0
9045	0	0
9046	0	0
9047	0	0
9048	0	0
9049	0	0
9050	0	0
9051	0	0.00013466008157796995
9052	0	0
9053	0	0
9054	0	0
9055	0	0
9056	0	0
9057	0	0
9058	0	0
9059	0	0
9060	0	0
9061	0	0
9062	0	0.00017227524992971278
9063	0	0
9064	0	0
9065	0	0.00013466008157796995
9066	0	0
9067	0	0
9068	0	0.00013466008157796995
9069	0	0
9070	0	0
9071	0	0
9072	0	0.00013466008157796995
9073	0	0
9074	0	0
9075	0	0.00013466008157796995
9076	0	0.0002492724932546153
9077	0	0.00018814587369373777
9078	0	0.00013466008157796995
9079	0	0.00013466008157796995
9080	0	0
9081	0	0
9082	0	0
9083	0	0.00013466008157796995
9084	0	0.00013466008157796995
9085	0	0
9086	0	0
9087	0	0
9088	0	0
9089	0	0
9090	0	0
9091	0	0
9092	0	0
9093	0	0
9094	0	0.0003519223516643246
9095	0	0
9096	0	0
9097	0	0
9098	0	0
9099	0	0
9100	0	0
9101	0	0.00013466008157796995
9102	0	0.0001919662874162926
9103	0	0
9104	0	0
9105	0	0
9106	0	0
9107	0	0
9108	0	0.00013466008157796995
9109	0	0
9110	0	0
9111	0	0
9112	0	0
9113	0	0
9114	0	0
9115	0	0
9116	0	0.00013466008157796995
9117	0	0
9118	0	0
9119	0	0.00013466008157796995
9120	0	0.0001461213227456345
9121	0	0
9122	0	0.00013466008157796995
9123	0	0
9124	0	0
9125	0	0
9126	0	0
9127	0	0
9128	0	0.0001708661704368956
9129	0	0
9130	0	0.0002816659709039413
9131	0	0
9132	0	0
9133	0	0
9134	0	0
9135	0	0
9136	0	0
9137	0	0
9138	0	0
9139	0	0
9140	0	0
9141	0	0
9142	0	0
9143	0	0
9144	0	0
9145	0	0.0002517443501825825
9146	0	0
9147	0	0.00013466008157796995
9148	0	0
9149	0	0
9150	0	0
9151	0	0
9152	0	0.00013466008157796995
9153	0	0
9154	0	0
9155	0	0
9156	0	0
9157	0	0
9158	0	0.00016988638976381243
9159	0	0
9160	0	0.0009405209473938996
9161	0	0
9162	0	0
9163	0	0
9164	0	0
9165	0	0
9166	0	0
9167	0	0.00017072230470177352
9168	0	0
9169	0	0
9170	0	0.00016916405036986818
9171	0	0.0001588560351541506
9172	0	0
9173	0	0
9174	0	0
9175	0	0.00022282347517538946
9176	0	0
9177	0	0
9178	0	0
9179	0	0
9180	0	0
9181	0	0
9182	0	0.00019666428099057324
9183	0	0
9184	0	0.0005602960683524401
9185	0	0
9186	0	0.00013466008157796995
9187	0	0
9188	0	0
9189	0	0
9190	0	0
9191	0	0
9192	0	0
9193	0	0
9194	0	0
9195	0	0
9196	0	0.00013466008157796995
9197	0	0
9198	0	0
9199	0	0
9200	0	0.00016911329423821884
9201	0	0
9202	0	0
9203	0	0
9204	0	0
9205	0	0
9206	0	0.00013466008157796995
9207	0	0
9208	0	0.0004801500061722804
9209	0	0.0001736022328753263
9210	0	0
9211	0	0
9212	0	0
9213	0	0.00013466008157796995
9214	0	0
9215	0	0
9216	0	0
9217	0	0.00016916405036986818
9218	0	0
9219	0	0.00013466008157796995
9220	0	0
9221	0	0
9222	0	0
9223	0	0
9224	0	0
9225	0	0
9226	0	0
9227	0	0
9228	0	0
9229	0	0
9230	0	0
9231	0	0
9232	0	0
9233	0	0.00013466008157796995
9234	0	0
9235	0	0
9236	0	0.00013466008157796995
9237	0	0
9238	0	0.00016916405036986818
9239	0	0
9240	0	0
9241	0	0
9242	0	0
9243	0	0.00017828011261633863
9244	0	0
9245	0	0
9246	0	0
9247	0	0
9248	0	0
9249	0	0
9250	0	0
9251	0	0
9252	0	0
9253	0	0
9254	0	0
9255	0	0
9256	0	0.00013466008157796995
9257	0	0
9258	0	0
9259	0	0
9260	0	0.0001461213227456345
9261	0	0
9262	0	0
9263	0	0.00013466008157796995
9264	0	0
9265	0	0
9266	0	0
9267	0	0.00013466008157796995
9268	0	0.0007650283457995194
9269	0	0
9270	0	0
9271	0	0
9272	0	0
9273	0	0.00013466008157796995
9274	0	0
9275	0	0
9276	0	0.00013466008157796995
9277	0	0
9278	0	0
9279	0	0
9280	0	0
9281	0	0
9282	0	0
9283	0	0
9284	0	0
9285	0	0
9286	0	0
9287	0	0.0001708406389081059
9288	0	0
9289	0	0
9290	0	0
9291	0	0
9292	0	0
9293	0	0
9294	0	0
9295	0	0
9296	0	0
9297	0	0
9298	0	0
9299	0	0
9300	0	0
9301	0	0
9302	0	0
9303	0	0
9304	0	0
9305	0	0
9306	0	0
9307	0	0.00013466008157796995
9308	0	0
9309	0	0
9310	0	0
9311	0	0
9312	0	0
9313	0	0
9314	0	0.00032879738425745276
9315	0	0.00013466008157796995
9316	0	0
9317	0	0
9318	0	0
9319	0	0
9320	0	0
9321	0	0
9322	0	0
9323	0	0
9324	0	0
9325	0	0.00020411952491204173
9326	0	0
9327	0	0.00013466008157796995
9328	0	0.00013466008157796995
9329	0	0
9330	0	0
9331	0	0
9332	0	0
9333	0	0.00013466008157796995
9334	0	0.00013466008157796995
9335	0	0
9336	0	0
9337	0	0
9338	0	0
9339	0	0
9340	0	0
9341	0	0.00013466008157796995
9342	0	0.00013466008157796995
9343	0	0
9344	0	0.0001613577058691865
9345	0	0
9346	0	0.00013466008157796995
9347	0	0
9348	0	0
9349	0	0
9350	0	0
9351	0	0
9352	0	0
9353	0	0
9354	0	0
9355	0	0.00013466008157796995
9356	0	0
9357	0	0
9358	0	0
9359	0	0
9360	0	0
9361	0	0
9362	0	0
9363	0	0
9364	0	0
9365	0	0
9366	0	0
9367	0	0
9368	0	0
9369	0	0
9370	0	0
9371	0	0
9372	0	0
9373	0	0.00013466008157796995
9374	0	0.00017221684924514832
9375	0	0
9376	0	0
9377	0	0
9378	0	0
9379	0	0
9380	0	0
9381	0	0
9382	0	0.00016923556672358522
9383	0	0.00013481517279810074
9384	0	0
9385	0	0
9386	0	0
9387	0	0.00013466008157796995
9388	0	0
9389	0	0
9390	0	0
9391	0	0
9392	0	0
9393	0	0
9394	0	0
9395	0	0.00025250109097723294
9396	0	0
9397	0	0
9398	0	0.0044708296566777226
9399	0	0
9400	0	0
9401	0	0.00013754104930317523
9402	0	0
9403	0	0.00013466008157796995
9404	0	0
9405	0	0
9406	0	0.00013466008157796995
9407	0	0
9408	0	0.00013466008157796995
9409	0	0
9410	0	0.0001461213227456345
9411	0	0
9412	0	0
9413	0	0
9414	0	0
9415	0	0
9416	0	0.00013466008157796995
9417	0	0.00013466008157796995
9418	0	0
9419	0	0.00013466008157796995
9420	0	0.00013466008157796995
9421	0	0.00016331318449713128
9422	0	0
9423	0	0
9424	0	0
9425	0	0
9426	0	0
9427	0	0.0002492724932546153
9428	0	0.00021347479303435705
9429	0	0
9430	0	0
9431	0	0
9432	0	0
9433	0	0.0007060975626405275
9434	0	0.00013466008157796995
9435	0	0
9436	0	0
9437	0	0.00013466008157796995
9438	0	0.00013466008157796995
9439	0	0
9440	0	0
9441	0	0
9442	0	0
9443	0	0
9444	0	0
9445	0	0
9446	0	0
9447	0	0
9448	0	0
9449	0	0
9450	0	0
9451	0	0
9452	0	0
9453	0	0
9454	0	0.0002073843856537461
9455	0	0.00013466008157796995
9456	0	0
9457	0	0.00024927249325461525
9458	0	0
9459	0	0
9460	0	0
9461	0	0
9462	0	0.00017286421880351838
9463	0	0
9464	0	0
9465	0	0
9466	0	0
9467	0	0
9468	0	0
9469	0	0.0004753776167260111
9470	0	0
9471	0	0
9472	0	0.00013466008157796995
9473	0	0
9474	0	0
9475	0	0.0001461213227456345
9476	0	0.00013466008157796995
9477	0	0.00013466008157796995
9478	0	0
9479	0	0
9480	0	0
9481	0	0.0007938188757817579
9482	0	0
9483	0	0
9484	0	0
9485	0	0
9486	0	0.00017414576153867653
9487	0	0
9488	0	0
9489	0	0.00013466008157796995
9490	0	0
9491	0	0.00013466008157796995
9492	0	0
9493	0	0.00013466008157796995
9494	0	0
9495	0	0
9496	0	0
9497	0	0
9498	0	0
9499	0	0
9500	0	0.00017248978930687415
9501	0	0
9502	0	0
9503	0	0
9504	0	0
9505	0	0
9506	0	0
9507	0	0
9508	0	0
9509	0	0.0002492724932546153
9510	0	0
9511	0	0
9512	0	0.00033045628485890575
9513	0	0
9514	0	0.0001919662874162926
9515	0	0
9516	0	0
9517	0	0
9518	0	0
9519	0	0
9520	0	0
9521	0	0
9522	0	0
9523	0	0
9524	0	0.0001847044664884755
9525	0	0
9526	0	0.0002492724932546153
9527	0	0
9528	0	0
9529	0	0
9530	0	0
9531	0	0.00013466008157796995
9532	0	0
9533	0	0
9534	0	0
9535	0	0
9536	0	0.00017060881459311696
9537	0	0.00013466008157796995
9538	0	0
9539	0	0
9540	0	0
9541	0	0
9542	0	0
9543	0	0
9544	0	0
9545	0	0.00013466008157796995
9546	0	0
9547	0	0.00013466008157796995
9548	0	0
9549	0	0
9550	0	0
9551	0	0
9552	0	0
9553	0	0
9554	0	0
9555	0	0
9556	0	0.00015185194332946673
9557	0	0
9558	0	0
9559	0	0
9560	0	0.00013466008157796995
9561	0	0
9562	0	0.00024537953483237305
9563	0	0
9564	0	0
9565	0	0
9566	0	0
9567	0	0
9568	0	0
9569	0	0.00013466008157796995
9570	0	0
9571	0	0
9572	0	0.00013466008157796995
9573	0	0
9574	0	0
9575	0	0
9576	0	0.00013466008157796995
9577	0	0.00013466008157796995
9578	0	0.00037107741852117256
9579	0	0
9580	0	0
9581	0	0.00013466008157796995
9582	0	0
9583	0	0
9584	0	0.00024076527412287142
9585	0	0
9586	0	0
9587	0	0
9588	0	0
9589	0	0
9590	0	0
9591	0	0
9592	0	0
9593	0	0.0003080480889862283
9594	0	0
9595	0	0
9596	0	0
9597	0	0
9598	0	0
9599	0	0
9600	0	0.000310671999509961
9601	0	0
9602	0	0
9603	0	0
9604	0	0
9605	0	0.00013466008157796995
9606	0	0.0011372189934439102
9607	0	0
9608	0	0.00016923556672358522
9609	0	0.00013466008157796995
9610	0	0
9611	0	0
9612	0	0
9613	0	0
9614	0	0
9615	0	0
9616	0	0.0002349459417950346
9617	0	0
9618	0	0.00013466008157796995
9619	0	0
9620	0	0
9621	0	0
9622	0	0
9623	0	0
9624	0	0
9625	0	0.00013466008157796995
9626	0	0
9627	0	0
9628	0	0
9629	0	0
9630	0	0.00013466008157796995
9631	0	0
9632	0	0
9633	0	0
9634	0	0
9635	0	0.0001447358979891036
9636	0	0
9637	0	0
9638	0	0
9639	0	0
9640	0	0
9641	0	0
9642	0	0.00013466008157796995
9643	0	0.00014147122321464601
9644	0	0
9645	0	0.00013466008157796995
9646	0	0
9647	0	0
9648	0	0
9649	0	0.00013466008157796995
9650	0	0
9651	0	0.00013466008157796995
9652	0	0
9653	0	0
9654	0	0
9655	0	0
9656	0	0
9657	0	0.00013466008157796995
9658	0	0
9659	0	0
9660	0	0
9661	0	0
9662	0	0
9663	0	0
9664	0	0
9665	0	0
9666	0	0
9667	0	0.00016916405036986818
9668	0	0
9669	0	0
9670	0	0.00013466008157796995
9671	0	0
9672	0	0
9673	0	0
9674	0	0
9675	0	0
9676	0	0
9677	0	0
9678	0	0
9679	0	0
9680	0	0
9681	0	0
9682	0	0
9683	0	0.00026399529331983776
9684	0	0
9685	0	0
9686	0	0
9687	0	0
9688	0	0
9689	0	0
9690	0	0.0034036353804539742
9691	0	0
9692	0	0
9693	0	0
9694	0	0
9695	0	0.00013466008157796995
9696	0	0.00013466008157796995
9697	0	0
9698	0	0.00020342752858395715
9699	0	0
9700	0	0.00013466008157796995
9701	0	0
9702	0	0
9703	0	0
9704	0	0.00013466008157796995
9705	0	0
9706	0	0
9707	0	0.00013466008157796995
9708	0	0.00013466008157796995
9709	0	0
9710	0	0
9711	0	0
9712	0	0
9713	0	0
9714	0	0
9715	0	0
9716	0	0
9717	0	0.000345189385573265
9718	0	0
9719	0	0
9720	0	0
9721	0	0
9722	0	0
9723	0	0
9724	0	0.00013466008157796995
9725	0	0.00013466008157796995
9726	0	0
9727	0	0
9728	0	0
9729	0	0
9730	0	0
9731	0	0
9732	0	0
9733	0	0.00013466008157796995
9734	0	0
9735	0	0
9736	0	0
9737	0	0
9738	0	0
9739	0	0.00013466008157796995
9740	0	0
9741	0	0
9742	0	0
9743	0	0
9744	0	0
9745	0	0.00013466008157796995
9746	0	0
9747	0	0
9748	0	0.00017308022120995854
9749	0	0
9750	0	0
9751	0	0
9752	0	0
9753	0	0.00013466008157796995
9754	0	0
9755	0	0
9756	0	0
9757	0	0
9758	0	0.0002492724932546153
9759	0	0
9760	0	0
9761	0	0
9762	0	0
9763	0	0.00046148287834441823
9764	0	0
9765	0	0
9766	0	0.00013466008157796995
9767	0	0
9768	0	0
9769	0	0
9770	0	0
9771	0	0
9772	0	0
9773	0	0
9774	0	0
9775	0	0
9776	0	0
9777	0	0
9778	0	0.00017205077878380197
9779	0	0.00013466008157796995
9780	0	0
9781	0	0
9782	0	0
9783	0	0.0003603308326618327
9784	0	0
9785	0	0
9786	0	0
9787	0	0.00043185417992558817
9788	0	0
9789	0	0
9790	0	0.00017328352165107372
9791	0	0
9792	0	0
9793	0	0
9794	0	0.00013466008157796995
9795	0	0
9796	0	0.00013466008157796995
9797	0	0
9798	0	0
9799	0	0
9800	0	0
9801	0	0
9802	0	0.00013466008157796995
9803	0	0
9804	0	0
9805	0	0
9806	0	0
9807	0	0
9808	0	0.00013466008157796995
9809	0	0
9810	0	0
9811	0	0
9812	0	0
9813	0	0
9814	0	0
9815	0	0
9816	0	0.00013466008157796995
9817	0	0.00013466008157796995
9818	0	0.000252862902477547
9819	0	0
9820	0	0
9821	0	0.00013466008157796995
9822	0	0
9823	0	0
9824	0	0.00033950173643464317
9825	0	0
9826	0	0
9827	0	0
9828	0	0
9829	0	0
9830	0	0
9831	0	0
9832	0	0
9833	0	0
9834	0	0
9835	0	0
9836	0	0
9837	0	0
9838	0	0
9839	0	0
9840	0	0
9841	0	0
9842	0	0
9843	0	0
9844	0	0.00013466008157796995
9845	0	0
9846	0	0
9847	0	0
9848	0	0
9849	0	0.0001732618253739443
9850	0	0.00013466008157796995
9851	0	0
9852	0	0.00019464171797802502
9853	0	0
9854	0	0
9855	0	0
9856	0	0.00013466008157796995
9857	0	0
9858	0	0
9859	0	0
9860	0	0.00013466008157796995
9861	0	0
9862	0	0
9863	0	0
9864	0	0
9865	0	0
9866	0	0.00013466008157796995
9867	0	0
9868	0	0.0001713995422267207
9869	0	0
9870	0	0
9871	0	0
9872	0	0
9873	0	0
9874	0	0
9875	0	0
9876	0	0
9877	0	0
9878	0	0
9879	0	0.00017001582772531264
9880	0	0.00013466008157796995
9881	0	0
9882	0	0
9883	0	0.00013466008157796995
9884	0	0
9885	0	0
9886	0	0
9887	0	0
9888	0	0.00013466008157796995
9889	0	0
9890	0	0
9891	0	0
9892	0	0
9893	0	0.0015386621246168753
9894	0	0
9895	0	0
9896	0	0.0008851239666946685
9897	0	0
9898	0	0.00013466008157796995
9899	0	0
9900	0	0.00013466008157796995
9901	0	0.00013466008157796995
9902	0	0
9903	0	0
9904	0	0.00016920905061673782
9905	0	0
9906	0	0
9907	0	0
9908	0	0
9909	0	0
9910	0	0
9911	0	0
9912	0	0
9913	0	0
9914	0	0
9915	0	0
9916	0	0
9917	0	0
9918	0	0
9919	0	0
9920	0	0
9921	0	0
9922	0	0
9923	0	0
9924	0	0
9925	0	0
9926	0	0
9927	0	0
9928	0	0
9929	0	0.00013466008157796995
9930	0	0
9931	0	0
9932	0	0
9933	0	0
9934	0	0.00013466008157796995
9935	0	0.00013466008157796995
9936	0	0
9937	0	0.00013466008157796995
9938	0	0
9939	0	0
9940	0	0.0002701111135594599
9941	0	0.00022801818522304613
9942	0	0
9943	0	0
9944	0	0.0002429523264859618
9945	0	0.0002552743380768718
9946	0	0
9947	0	0
9948	0	0.0001939708254805961
9949	0	0
9950	0	0
9951	0	0
9952	0	0
9953	0	0
9954	0	0
9955	0	0.0002492724932546153
9956	0	0.00016920478731329177
9957	0	0
9958	0	0
9959	0	0
9960	0	0
9961	0	0
9962	0	0
9963	0	0
9964	0	0.000174748002794571
9965	0	0.0007938188757817579
9966	0	0
9967	0	0
9968	0	0
9969	0	0
9970	0	0
9971	0	0
9972	0	0
9973	0	0.0001759832750603175
9974	0	0
9975	0	0.00017099937208596715
9976	0	0.00013466008157796995
9977	0	0
9978	0	0
9979	0	0.0002492724932546153
9980	0	0
9981	0	0
9982	0	0
9983	0	0.00022794848612189112
9984	0	0.00013466008157796995
9985	0	0
9986	0	0
9987	0	0
9988	0	0
9989	0	0
9990	0	0
9991	0	0
9992	0	0
9993	0	0.00013466008157796995
9994	0	0
9995	0	0.00013678253364605598
9996	0	0
9997	0	0
9998	0	0
9999	0	0
10000	0	0.00013466008157796995
10001	0	0
10002	0	0
10003	0	0
10004	0	0
10005	0	0
10006	0	0
10007	0	0
10008	0	0
10009	0	0
10010	0	0.00013466008157796995
10011	0	0
10012	0	0.00013466008157796995
10013	0	0.0001690184640036576
10014	0	0.0013361550500161352
10015	0	0
10016	0	0
10017	0	0.00013466008157796995
10018	0	0
10019	0	0
10020	0	0
10021	0	0.00026879208793724685
10022	0	0
10023	0	0.00013466008157796995
10024	0	0
10025	0	0.00013466008157796995
10026	0	0
10027	0	0
10028	0	0.00021673304574533112
10029	0	0
10030	0	0
10031	0	0
10032	0	0.000157582563913299
10033	0	0
10034	0	0
10035	0	0
10036	0	0.00013466008157796995
10037	0	0
10038	0	0
10039	0	0.0004355008032094206
10040	0	0
10041	0	0
10042	0	0
10043	0	0
10044	0	0.00013466008157796995
10045	0	0
10046	0	0
10047	0	0.00016923556672358522
10048	0	0
10049	0	0
10050	0	0
10051	0	0
10052	0	0.00016917166691882114
10053	0	0
10054	0	0
10055	0	0.00013466008157796995
10056	0	0
10057	0	0.0002492724932546153
10058	0	0
10059	0	0
10060	0	0
10061	0	0
10062	0	0
10063	0	0.000306578699092938
10064	0	0
10065	0	0.00013466008157796995
10066	0	0.00015916644769715862
10067	0	0
10068	0	0
10069	0	0
10070	0	0
10071	0	0
10072	0	0
10073	0	0
10074	0	0.00013466008157796995
10075	0	0
10076	0	0
10077	0	0
10078	0	0
10079	0	0
10080	0	0
10081	0	0
10082	0	0.00013466008157796995
10083	0	0.00013466008157796995
10084	0	0
10085	0	0
10086	0	0
10087	0	0.00013466008157796995
10088	0	0.0001600741380801826
10089	0	0
10090	0	0.00013466008157796995
10091	0	0
10092	0	0
10093	0	0
10094	0	0.00015137439161414738
10095	0	0
10096	0	0.00024927249325461525
10097	0	0
10098	0	0
10099	0	0
10100	0	0.00013466008157796995
10101	0	0
10102	0	0.00013466008157796995
10103	0	0
10104	0	0
10105	0	0.00013466008157796995
10106	0	0
10107	0	0
10108	0	0.00023842225645654037
10109	0	0
10110	0	0
10111	0	0
10112	0	0.000316181842260963
10113	0	0
10114	0	0
10115	0	0
10116	0	0
10117	0	0
10118	0	0
10119	0	0
10120	0	0
10121	0	0
10122	0	0
10123	0	0.00013466008157796995
10124	0	0
10125	0	0
10126	0	0.00013466008157796995
10127	0	0
10128	0	0
10129	0	0
10130	0	0
10131	0	0
10132	0	0.0001834289288960745
10133	0	0
10134	0	0
10135	0	0.00013466008157796995
10136	0	0.0001473947939864861
10137	0	0
10138	0	0
10139	0	0
10140	0	0.00013466008157796995
10141	0	0
10142	0	0
10143	0	0
10144	0	0
10145	0	0
10146	0	0
10147	0	0
10148	0	0.0001473947939864861
10149	0	0
10150	0	0
10151	0	0
10152	0	0
10153	0	0.00013466008157796995
10154	0	0
10155	0	0
10156	0	0
10157	0	0
10158	0	0
10159	0	0
10160	0	0
10161	0	0
10162	0	0
10163	0	0
10164	0	0
10165	0	0
10166	0	0.00013466008157796995
10167	0	0
10168	0	0
10169	0	0
10170	0	0
10171	0	0
10172	0	0
10173	0	0
10174	0	0
10175	0	0
10176	0	0
10177	0	0
10178	0	0
10179	0	0.00043674512551645405
10180	0	0
10181	0	0
10182	0	0
10183	0	0
10184	0	0
10185	0	0.0002663194247521122
10186	0	0
10187	0	0
10188	0	0
10189	0	0
10190	0	0
10191	0	0.00013466008157796995
10192	0	0
10193	0	0
10194	0	0
10195	0	0
10196	0	0
10197	0	0
10198	0	0.00013466008157796995
10199	0	0.007729202262014351
10200	0	0.00020551126332452074
10201	0	0
10202	0	0.0002640495091915834
10203	0	0.0014863861616043197
10204	0	0
10205	0	0
10206	0	0
10207	0	0
10208	0	0.00013466008157796995
10209	0	0
10210	0	0.00013466008157796995
10211	0	0.00013466008157796995
10212	0	0
10213	0	0
10214	0	0
10215	0	0
10216	0	0
10217	0	0
10218	0	0.0010515593749911326
10219	0	0
10220	0	0.00013466008157796995
10221	0	0
10222	0	0.0005985155929010464
10223	0	0.00016923556672358522
10224	0	0
10225	0	0
10226	0	0.0001718589432636659
10227	0	0
10228	0	0
10229	0	0
10230	0	0.00013466008157796995
10231	0	0
10232	0	0.00013466008157796995
10233	0	0
10234	0	0.00013466008157796995
10235	0	0.0009025632398114937
10236	0	0
10237	0	0
10238	0	0
10239	0	0
10240	0	0.00042164592192703033
10241	0	0
10242	0	0.00013466008157796995
10243	0	0
10244	0	0
10245	0	0
10246	0	0
10247	0	0
10248	0	0
10249	0	0
10250	0	0
10251	0	0
10252	0	0
10253	0	0.00016882561176507864
10254	0	0
10255	0	0
10256	0	0
10257	0	0
10258	0	0
10259	0	0
10260	0	0.00013466008157796995
10261	0	0
10262	0	0
10263	0	0
10264	0	0
10265	0	0.00013466008157796995
10266	0	0.00016920478731329177
10267	0	0
10268	0	0
10269	0	0
10270	0	0
10271	0	0.00013466008157796995
10272	0	0
10273	0	0.00013781006996473256
10274	0	0
10275	0	0
10276	0	0
10277	0	0
10278	0	0.00013466008157796995
10279	0	0
10280	0	0
10281	0	0
10282	0	0
10283	0	0.00013466008157796995
10284	0	0
10285	0	0
10286	0	0.00016969654627119115
10287	0	0
10288	0	0.0005538704024339086
10289	0	0.00013466008157796995
10290	0	0.00013466008157796995
10291	0	0
10292	0	0.00013466008157796995
10293	0	0
10294	0	0.00016999661186461367
10295	0	0.00017286421880351838
10296	0	0
10297	0	0
10298	0	0.00033585809111688527
10299	0	0
10300	0	0
10301	0	0
10302	0	0.00013466008157796995
10303	0	0
10304	0	0
10305	0	0
10306	0	0.00016993554520065802
10307	0	0.0002930974426603102
10308	0	0
10309	0	0
10310	0	0.00013466008157796995
10311	0	0
10312	0	0.0002492724932546153
10313	0	0
10314	0	0
10315	0	0
10316	0	0
10317	0	0
10318	0	0.0005740076596717771
10319	0	0
10320	0	0
10321	0	0
10322	0	0
10323	0	0
10324	0	0
10325	0	0
10326	0	0
10327	0	0
10328	0	0
10329	0	0
10330	0	0
10331	0	0
10332	0	0
10333	0	0
10334	0	0
10335	0	0
10336	0	0
10337	0	0
10338	0	0.00013466008157796995
10339	0	0.00013466008157796995
10340	0	0
10341	0	0.00013466008157796995
10342	0	0
10343	0	0
10344	0	0
10345	0	0
10346	0	0
10347	0	0
10348	0	0
10349	0	0.00020406452671611013
10350	0	0
10351	0	0.00014507939173039226
10352	0	0
10353	0	0
10354	0	0
10355	0	0.00013466008157796995
10356	0	0
10357	0	0
10358	0	0
10359	0	0
10360	0	0.00013466008157796995
10361	0	0
10362	0	0
10363	0	0
10364	0	0
10365	0	0.00036388490493126065
10366	0	0
10367	0	0
10368	0	0
10369	0	0
10370	0	0
10371	0	0.0007631352115660887
10372	0	0
10373	0	0
10374	0	0
10375	0	0
10376	0	0.00013466008157796995
10377	0	0
10378	0	0
10379	0	0
10380	0	0
10381	0	0
10382	0	0.00022356980250805552
10383	0	0.004346711337060456
10384	0	0
10385	0	0
10386	0	0
10387	0	0
10388	0	0
10389	0	0
10390	0	0
10391	0	0.00013466008157796995
10392	0	0
10393	0	0.00013466008157796995
10394	0	0
10395	0	0
10396	0	0
10397	0	0
10398	0	0
10399	0	0
10400	0	0
10401	0	0
10402	0	0
10403	0	0
10404	0	0
10405	0	0
10406	0	0
10407	0	0
10408	0	0
10409	0	0
10410	0	0
10411	0	0.00013466008157796995
10412	0	0
10413	0	0
10414	0	0
10415	0	0
10416	0	0
10417	0	0
10418	0	0
10419	0	0
10420	0	0
10421	0	0.00185384625672765
10422	0	0
10423	0	0
10424	0	0.00013466008157796995
10425	0	0
10426	0	0.00013466008157796995
10427	0	0
10428	0	0.0012216831452498997
10429	0	0
10430	0	0
10431	0	0
10432	0	0
10433	0	0
10434	0	0.00016920478731329177
10435	0	0
10436	0	0
10437	0	0
10438	0	0
10439	0	0
10440	0	0
10441	0	0
10442	0	0
10443	0	0
10444	0	0.0008863534518805643
10445	0	0
10446	0	0
10447	0	0
10448	0	0
10449	0	0
10450	0	0
10451	0	0.0002780784799249783
10452	0	0.0006591889933090854
10453	0	0
10454	0	0
10455	0	0
10456	0	0
10457	0	0
10458	0	0
10459	0	0
10460	0	0
10461	0	0
10462	0	0.00013466008157796995
10463	0	0
10464	0	0
10465	0	0
10466	0	0
10467	0	0.00021801328533340846
10468	0	0
10469	0	0.00016993272134877078
10470	0	0.0001919662874162926
10471	0	0
10472	0	0
10473	0	0.0002492724932546153
10474	0	0
10475	0	0
10476	0	0.00013466008157796995
10477	0	0
10478	0	0
10479	0	0.00013466008157796995
10480	0	0
10481	0	0.00013466008157796995
10482	0	0
10483	0	0.00023067236907255183
10484	0	0
10485	0	0.00013466008157796995
10486	0	0
10487	0	0.0001919662874162926
10488	0	0.0001710102532317809
10489	0	0
10490	0	0
10491	0	0
10492	0	0
10493	0	0.00024609669728361286
10494	0	0
10495	0	0
10496	0	0
10497	0	0
10498	0	0.00013466008157796995
10499	0	0.00024816769822082934
10500	0	0
10501	0	0.0006404391345792144
10502	0	0
10503	0	0
10504	0	0
10505	0	0
10506	0	0
10507	0	0
10508	0	0
10509	0	0.0002075947165947489
10510	0	0.0005275638110137563
10511	0	0
10512	0	0
10513	0	0
10514	0	0
10515	0	0
10516	0	0
10517	0	0
10518	0	0.00017650637196215568
10519	0	0
10520	0	0
10521	0	0.00013466008157796995
10522	0	0
10523	0	0
10524	0	0
10525	0	0
10526	0	0
10527	0	0.004132596883348042
10528	0	0
10529	0	0
10530	0	0
10531	0	0
10532	0	0.0005859586606437241
10533	0	0
10534	0	0
10535	0	0
10536	0	0
10537	0	0
10538	0	0
10539	0	0
10540	0	0
10541	0	0
10542	0	0.00017218606038598507
10543	0	0
10544	0	0
10545	0	0
10546	0	0
10547	0	0.00013466008157796995
10548	0	0
10549	0	0
10550	0	0.0005661977497321886
10551	0	0
10552	0	0.00013466008157796995
10553	0	0
10554	0	0.00016916405036986818
10555	0	0
10556	0	0
10557	0	0
10558	0	0
10559	0	0.0009300858189534916
10560	0	0
10561	0	0.00013466008157796995
10562	0	0
10563	0	0
10564	0	0
10565	0	0.00036374368517012607
10566	0	0
10567	0	0
10568	0	0
10569	0	0
10570	0	0
10571	0	0
10572	0	0.00013466008157796995
10573	0	0.00021106835602906687
10574	0	0
10575	0	0
10576	0	0
10577	0	0
10578	0	0
10579	0	0.0001447358979891036
10580	0	0
10581	0	0
10582	0	0
10583	0	0
10584	0	0.0002492724932546153
10585	0	0
10586	0	0.00013466008157796995
10587	0	0
10588	0	0
10589	0	0.00013466008157796995
10590	0	0.0027554638952505955
10591	0	0.00013466008157796995
10592	0	0
10593	0	0
10594	0	0
10595	0	0
10596	0	0
10597	0	0.00013466008157796995
10598	0	0.0001715172585009664
10599	0	0
10600	0	0.00017097008224918234
10601	0	0
10602	0	0
10603	0	0.00014421111588435706
10604	0	0
10605	0	0
10606	0	0.00017094357068021284
10607	0	0
10608	0	0
10609	0	0.0001411286192273786
10610	0	0
10611	0	0
10612	0	0
10613	0	0
10614	0	0
10615	0	0
10616	0	0.00013466008157796995
10617	0	0.00013466008157796995
10618	0	0
10619	0	0.00013466008157796995
10620	0	0.00013466008157796995
10621	0	0
10622	0	0.00013466008157796995
10623	0	0
10624	0	0.0009907344256280442
10625	0	0.00013466008157796995
10626	0	0
10627	0	0
10628	0	0
10629	0	0
10630	0	0
10631	0	0
10632	0	0
10633	0	0
10634	0	0
10635	0	0
10636	0	0
10637	0	0
10638	0	0
10639	0	0
10640	0	0.0001871330101193906
10641	0	0
10642	0	0
10643	0	0
10644	0	0.00013466008157796995
10645	0	0
10646	0	0
10647	0	0
10648	0	0
10649	0	0
10650	0	0
10651	0	0.00013839862929218433
10652	0	0
10653	0	0.00016916405036986818
10654	0	0
10655	0	0
10656	0	0
10657	0	0.00013466008157796995
10658	0	0
10659	0	0.00013466008157796995
10660	0	0
10661	0	0.00013466008157796995
10662	0	0
10663	0	0.00015103328324606215
10664	0	0
10665	0	0
10666	0	0
10667	0	0.00013466008157796995
10668	0	0
10669	0	0.00013466008157796995
10670	0	0
10671	0	0
10672	0	0
10673	0	0
10674	0	0
10675	0	0
10676	0	0.00013466008157796995
10677	0	0
10678	0	0
10679	0	0
10680	0	0
10681	0	0
10682	0	0
10683	0	0
10684	0	0.0002793582513197347
10685	0	0
10686	0	0.00013466008157796995
10687	0	0
10688	0	0.0004884241711536094
10689	0	0
10690	0	0
10691	0	0
10692	0	0
10693	0	0
10694	0	0
10695	0	0
10696	0	0
10697	0	0
10698	0	0
10699	0	0
10700	0	0.0002780784799249783
10701	0	0
10702	0	0
10703	0	0.00013466008157796995
10704	0	0
10705	0	0
10706	0	0
10707	0	0
10708	0	0
10709	0	0
10710	0	0.00013466008157796995
10711	0	0.00013466008157796995
10712	0	0
10713	0	0
10714	0	0.00013466008157796995
10715	0	0
10716	0	0
10717	0	0
10718	0	0
10719	0	0
10720	0	0
10721	0	0
10722	0	0.0003530539464651973
10723	0	0
10724	0	0
10725	0	0
10726	0	0
10727	0	0
10728	0	0.00018669047798990736
10729	0	0
10730	0	0.00018559893121203455
10731	0	0
10732	0	0
10733	0	0.00013466008157796995
10734	0	0
10735	0	0
10736	0	0
10737	0	0.0002492724932546153
10738	0	0.00013466008157796995
10739	0	0.00032879738425745276
10740	0	0
10741	0	0
10742	0	0.0010216892020836717
10743	0	0
10744	0	0
10745	0	0
10746	0	0
10747	0	0.00017642017282431464
10748	0	0
10749	0	0.00013466008157796995
10750	0	0.00020987447674076848
10751	0	0
10752	0	0
10753	0	0
10754	0	0
10755	0	0
10756	0	0
10757	0	0
10758	0	0
10759	0	0
10760	0	0
10761	0	0.0003638849049312606
10762	0	0.00013466008157796995
10763	0	0
10764	0	0
10765	0	0
10766	0	0
10767	0	0
10768	0	0
10769	0	0
10770	0	0
10771	0	0
10772	0	0
10773	0	0
10774	0	0
10775	0	0
10776	0	0
10777	0	0
10778	0	0.00035814388808337426
10779	0	0
10780	0	0.00013466008157796995
10781	0	0.0002574959176796998
10782	0	0.00013466008157796995
10783	0	0
10784	0	0
10785	0	0
10786	0	0
10787	0	0
10788	0	0.00013466008157796995
10789	0	0
10790	0	0.00013466008157796995
10791	0	0
10792	0	0.000166279369965238
10793	0	0.00017326480452602318
10794	0	0
10795	0	0
10796	0	0
10797	0	0.00016926646337363303
10798	0	0
10799	0	0
10800	0	0
10801	0	0.0016246214333743595
10802	0	0
10803	0	0.00013466008157796995
10804	0	0
10805	0	0
10806	0	0
10807	0	0
10808	0	0
10809	0	0
10810	0	0
10811	0	0.0002518410510504484
10812	0	0.00013466008157796995
10813	0	0
10814	0	0
10815	0	0.0003392198461326846
10816	0	0
10817	0	0.00019081437516623974
10818	0	0
10819	0	0
10820	0	0.00013466008157796995
10821	0	0.00013466008157796995
10822	0	0.0001749877302954316
10823	0	0
10824	0	0
10825	0	0.00013466008157796995
10826	0	0
10827	0	0.00013466008157796995
10828	0	0
10829	0	0.00022061939033545398
10830	0	0
10831	0	0
10832	0	0
10833	0	0
10834	0	0
10835	0	0
10836	0	0
10837	0	0.00013466008157796995
10838	0	0
10839	0	0
10840	0	0.0007938188757817579
10841	0	0.00013466008157796995
10842	0	0
10843	0	0
10844	0	0
10845	0	0
10846	0	0.00013466008157796995
10847	0	0
10848	0	0
10849	0	0
10850	0	0
10851	0	0
10852	0	0
10853	0	0.000139966211748185
10854	0	0.00013466008157796995
10855	0	0
10856	0	0
10857	0	0.00017188653892822155
10858	0	0
10859	0	0
10860	0	0
10861	0	0.00016848206141320993
10862	0	0
10863	0	0
10864	0	0
10865	0	0
10866	0	0
10867	0	0
10868	0	0
10869	0	0.00013466008157796995
10870	0	0
10871	0	0
10872	0	0
10873	0	0
10874	0	0
10875	0	0
10876	0	0
10877	0	0
10878	0	0
10879	0	0
10880	0	0
10881	0	0
10882	0	0.001532931504033043
10883	0	0.00013466008157796995
10884	0	0
10885	0	0
10886	0	0
10887	0	0.005082095852286498
10888	0	0
10889	0	0
10890	0	0
10891	0	0
10892	0	0
10893	0	0
10894	0	0
10895	0	0
10896	0	0.00013466008157796995
10897	0	0
10898	0	0
10899	0	0
10900	0	0.00015817031987061514
10901	0	0
10902	0	0
10903	0	0
10904	0	0
10905	0	0
10906	0	0
10907	0	0
10908	0	0
10909	0	0.00013466008157796995
10910	0	0
10911	0	0.00013466008157796995
10912	0	0
10913	0	0
10914	0	0
10915	0	0
10916	0	0
10917	0	0
10918	0	0
10919	0	0.00013466008157796995
10920	0	0
10921	0	0
10922	0	0
10923	0	0.0001755930857482004
10924	0	0.00013466008157796995
10925	0	0
10926	0	0
10927	0	0
10928	0	0
10929	0	0
10930	0	0
10931	0	0.000157582563913299
10932	0	0
10933	0	0
10934	0	0
10935	0	0
10936	0	0.00013466008157796995
10937	0	0
10938	0	0.00018014064526367536
10939	0	0
10940	0	0
10941	0	0.0005986217230336647
10942	0	0
10943	0	0.00013758434887177736
10944	0	0
10945	0	0
10946	0	0.00013466008157796995
10947	0	0
10948	0	0
10949	0	0.00013466008157796995
10950	0	0.00013466008157796995
10951	0	0
10952	0	0
10953	0	0
10954	0	0
10955	0	0
10956	0	0
10957	0	0
10958	0	0
10959	0	0.0002752545990330112
10960	0	0
10961	0	0.00013466008157796995
10962	0	0.00013466008157796995
10963	0	0.00013466008157796995
10964	0	0
10965	0	0
10966	0	0
10967	0	0
10968	0	0
10969	0	0
10970	0	0
10971	0	0.0001707555244627789
10972	0	0
10973	0	0
10974	0	0
10975	0	0
10976	0	0
10977	0	0.0004266190644726291
10978	0	0.0001919662874162926
10979	0	0.00013466008157796995
10980	0	0.0002492724932546153
10981	0	0
10982	0	0
10983	0	0
10984	0	0
10985	0	0
10986	0	0
10987	0	0
10988	0	0
10989	0	0
10990	0	0.00013466008157796995
10991	0	0.00013466008157796995
10992	0	0
10993	0	0.000489822290050019
10994	0	0
10995	0	0
10996	0	0.00018608872784313136
10997	0	0
10998	0	0
10999	0	0
11000	0	0
11001	0	0
11002	0	0.00013466008157796995
11003	0	0.00036094612514468
11004	0	0.00013466008157796995
11005	0	0.00013466008157796995
11006	0	0
11007	0	0
11008	0	0
11009	0	0
11010	0	0
11011	0	0
11012	0	0
11013	0	0
11014	0	0
11015	0	0
11016	0	0.00013466008157796995
11017	0	0.00013466008157796995
11018	0	0.0005824227266496367
11019	0	0
11020	0	0.0018820747360203125
11021	0	0.0001702361504139306
11022	0	0
11023	0	0
11024	0	0
11025	0	0
11026	0	0
11027	0	0
11028	0	0
11029	0	0
11030	0	0.00013466008157796995
11031	0	0
11032	0	0
11033	0	0
11034	0	0
11035	0	0
11036	0	0
11037	0	0
11038	0	0.00013466008157796995
11039	0	0
11040	0	0
11041	0	0.00014671763070762055
11042	0	0.0006107071599521777
11043	0	0
11044	0	0
11045	0	0
11046	0	0.00017308644382797695
11047	0	0
11048	0	0.0003755325217558417
11049	0	0
11050	0	0
11051	0	0.00013466008157796995
11052	0	0
11053	0	0
11054	0	0
11055	0	0
11056	0	0
11057	0	0.0001480002147403336
11058	0	0.00028468679841824133
11059	0	0
11060	0	0
11061	0	0
11062	0	0
11063	0	0
11064	0	0
11065	0	0
11066	0	0
11067	0	0
11068	0	0
11069	0	0.00013466008157796995
11070	0	0
11071	0	0.00048097008370250434
11072	0	0.00013466008157796995
11073	0	0.00013466008157796995
11074	0	0
11075	0	0
11076	0	0
11077	0	0
11078	0	0
11079	0	0
11080	0	0
11081	0	0
11082	0	0
11083	0	0
11084	0	0
11085	0	0
11086	0	0
11087	0	0
11088	0	0
11089	0	0
11090	0	0
11091	0	0
11092	0	0
11093	0	0
11094	0	0
11095	0	0.0013094263285468495
11096	0	0.00013466008157796995
11097	0	0
11098	0	0.00016924632500388878
11099	0	0.00013466008157796995
11100	0	0
11101	0	0
11102	0	0
11103	0	0.00013466008157796995
11104	0	0
11105	0	0.00013466008157796995
11106	0	0.00013466008157796995
11107	0	0
11108	0	0.00013722521650597107
11109	0	0
11110	0	0
11111	0	0.00013466008157796995
11112	0	0
11113	0	0.00013466008157796995
11114	0	0
11115	0	0
11116	0	0
11117	0	0
11118	0	0
11119	0	0
11120	0	0.00013466008157796995
11121	0	0
11122	0	0
11123	0	0.00013466008157796995
11124	0	0
11125	0	0
11126	0	0
11127	0	0
11128	0	0
11129	0	0
11130	0	0
11131	0	0
11132	0	0
11133	0	0.00025595821726908627
11134	0	0.00013466008157796995
11135	0	0
11136	0	0
11137	0	0
11138	0	0
11139	0	0
11140	0	0
11141	0	0.00017146229741663526
11142	0	0.00013466008157796995
11143	0	0
11144	0	0
11145	0	0
11146	0	0.0001919662874162926
11147	0	0.0006504159341228741
11148	0	0.00014484785150478287
11149	0	0
11150	0	0
11151	0	0
11152	0	0
11153	0	0.0001690184640036576
11154	0	0
11155	0	0
11156	0	0
11157	0	0
11158	0	0
11159	0	0.00013466008157796995
11160	0	0
11161	0	0
11162	0	0
11163	0	0.000157582563913299
11164	0	0
11165	0	0
11166	0	0
11167	0	0
11168	0	0.0004923271403619554
11169	0	0
11170	0	0
11171	0	0
11172	0	0
11173	0	0
11174	0	0.00013466008157796995
11175	0	0
11176	0	0
11177	0	0.000731426524743138
11178	0	0.0001919662874162926
11179	0	0.00013466008157796995
11180	0	0
11181	0	0
11182	0	0.0002492724932546153
11183	0	0
11184	0	0
11185	0	0
11186	0	0
11187	0	0
11188	0	0
11189	0	0
11190	0	0.00015103328324606215
11191	0	0
11192	0	0
11193	0	0
11194	0	0
11195	0	0
11196	0	0.00014421111588435706
11197	0	0
11198	0	0
11199	0	0
11200	0	0
11201	0	0
11202	0	0
11203	0	0
11204	0	0
11205	0	0.0002492724932546153
11206	0	0
11207	0	0.0005894346179257387
11208	0	0.0001391857333421957
11209	0	0.00013466008157796995
11210	0	0
11211	0	0
11212	0	0
11213	0	0
11214	0	0
11215	0	0
11216	0	0
11217	0	0.00016973753777134231
11218	0	0
11219	0	0.00013466008157796995
11220	0	0.0004686049503576689
11221	0	0
11222	0	0
11223	0	0
11224	0	0
11225	0	0
11226	0	0
11227	0	0
11228	0	0
11229	0	0
11230	0	0.00014067253596100707
11231	0	0
11232	0	0
11233	0	0
11234	0	0
11235	0	0
11236	0	0.00013466008157796995
11237	0	0
11238	0	0.00013466008157796995
11239	0	0
11240	0	0
11241	0	0
11242	0	0
11243	0	0
11244	0	0
11245	0	0.0001919662874162926
11246	0	0
11247	0	0.0003029447505097711
11248	0	0.00013466008157796995
11249	0	0
11250	0	0
11251	0	0
11252	0	0
11253	0	0.0001566274604826603
11254	0	0
11255	0	0.00015908757537976004
11256	0	0
11257	0	0.00035433387062487354
11258	0	0.00013466008157796995
11259	0	0
11260	0	0
11261	0	0
11262	0	0.0009458757436419007
11263	0	0.00016916405036986818
11264	0	0
11265	0	0
11266	0	0.00013466008157796995
11267	0	0
11268	0	0.0001919662874162926
11269	0	0.00013466008157796995
11270	0	0
11271	0	0
11272	0	0
11273	0	0.00015477744921575087
11274	0	0
11275	0	0
11276	0	0
11277	0	0
11278	0	0
11279	0	0.00013466008157796995
11280	0	0
11281	0	0.00016331318449713128
11282	0	0
11283	0	0
11284	0	0
11285	0	0
11286	0	0.00013466008157796995
11287	0	0.0006574571679102346
11288	0	0
11289	0	0
11290	0	0
11291	0	0
11292	0	0
11293	0	0.00037366723624873444
11294	0	0.00027782780138939334
11295	0	0
11296	0	0.0003118602712141141
11297	0	0
11298	0	0.00013466008157796995
11299	0	0
11300	0	0.00024927249325461525
11301	0	0
11302	0	0.00017286421880351838
11303	0	0
11304	0	0.00013466008157796995
11305	0	0.00014554915907966104
11306	0	0
11307	0	0
11308	0	0
11309	0	0.0002100209255838943
11310	0	0
11311	0	0
11312	0	0
11313	0	0
11314	0	0.00013466008157796995
11315	0	0.00013466008157796995
11316	0	0
11317	0	0
11318	0	0
11319	0	0
11320	0	0.000306578699092938
11321	0	0
11322	0	0
11323	0	0.0006961058961067963
11324	0	0.00013466008157796995
11325	0	0.000606423096925211
11326	0	0.00013466008157796995
11327	0	0
11328	0	0
11329	0	0
11330	0	0
11331	0	0
11332	0	0
11333	0	0
11334	0	0.00013466008157796995
11335	0	0
11336	0	0
11337	0	0.00014201286195669657
11338	0	0
11339	0	0.00013466008157796995
11340	0	0.0002148887697516217
11341	0	0
11342	0	0
11343	0	0.00018242684941631134
11344	0	0
11345	0	0
11346	0	0
11347	0	0.00013466008157796995
11348	0	0
11349	0	0
11350	0	0
11351	0	0
11352	0	0.0002007826267760346
11353	0	0.00013466008157796995
11354	0	0
11355	0	0
11356	0	0
11357	0	0
11358	0	0
11359	0	0
11360	0	0
11361	0	0
11362	0	0
11363	0	0
11364	0	0.000306578699092938
11365	0	0.0001851986973934812
11366	0	0
11367	0	0
11368	0	0
11369	0	0
11370	0	0
11371	0	0.0002249978997827301
11372	0	0.00013466008157796995
11373	0	0
11374	0	0
11375	0	0
11376	0	0
11377	0	0
11378	0	0
11379	0	0
11380	0	0
11381	0	0
11382	0	0.00023246974771560093
11383	0	0
11384	0	0
11385	0	0.0003742050636331597
11386	0	0
11387	0	0.0023822248789107246
11388	0	0
11389	0	0
11390	0	0
11391	0	0
11392	0	0
11393	0	0
11394	0	0
11395	0	0
11396	0	0
11397	0	0.00013466008157796995
11398	0	0.0008700502066747492
11399	0	0.0002665004978970845
11400	0	0.00022249509282138823
11401	0	0
11402	0	0
11403	0	0
11404	0	0
11405	0	0.00013466008157796995
11406	0	0.0001947155658869696
11407	0	0.00013466008157796995
11408	0	0
11409	0	0
11410	0	0.00013466008157796995
11411	0	0.00013466008157796995
11412	0	0.00013466008157796995
11413	0	0
11414	0	0
11415	0	0
11416	0	0
11417	0	0
11418	0	0
11419	0	0
11420	0	0
11421	0	0
11422	0	0
11423	0	0.0001919662874162926
11424	0	0.00013466008157796995
11425	0	0
11426	0	0
11427	0	0
11428	0	0
11429	0	0
11430	0	0
11431	0	0.00022881433437563838
11432	0	0.00023097056256192586
11433	0	0
11434	0	0
11435	0	0.00013466008157796995
11436	0	0.00013466008157796995
11437	0	0.00013466008157796995
11438	0	0
11439	0	0
11440	0	0.00014241665062107823
11441	0	0
11442	0	0
11443	0	0
11444	0	0.00013466008157796995
11445	0	0
11446	0	0
11447	0	0
11448	0	0
11449	0	0.00013466008157796995
11450	0	0.00013466008157796995
11451	0	0
11452	0	0
11453	0	0.00013864128712386464
11454	0	0
11455	0	0
11456	0	0
11457	0	0
11458	0	0
11459	0	0.00044469843298432417
11460	0	0
11461	0	0
11462	0	0.00013466008157796995
11463	0	0.00013466008157796995
11464	0	0.00013466008157796995
11465	0	0.0002579263425034784
11466	0	0
11467	0	0
11468	0	0
11469	0	0
11470	0	0
11471	0	0
11472	0	0
11473	0	0.00013466008157796995
11474	0	0
11475	0	0
11476	0	0
11477	0	0.0002511272187026035
11478	0	0
11479	0	0
11480	0	0
11481	0	0
11482	0	0
11483	0	0
11484	0	0
11485	0	0.00060345029909763
11486	0	0
11487	0	0
11488	0	0
11489	0	0.00013466008157796995
11490	0	0
11491	0	0
11492	0	0
11493	0	0
11494	0	0
11495	0	0
11496	0	0.00013466008157796995
11497	0	0.0002663521386019179
11498	0	0
11499	0	0
11500	0	0
11501	0	0
11502	0	0
11503	0	0
11504	0	0
11505	0	0
11506	0	0
11507	0	0
11508	0	0.0004477590719404177
11509	0	0
11510	0	0
11511	0	0
11512	0	0.00023017042464184109
11513	0	0
11514	0	0.0003415342910936851
11515	0	0
11516	0	0.00013466008157796995
11517	0	0.00013466008157796995
11518	0	0
11519	0	0
11520	0	0
11521	0	0
11522	0	0.00013466008157796995
11523	0	0.00013466008157796995
11524	0	0.00013466008157796995
11525	0	0
11526	0	0
11527	0	0.0002299208757320176
11528	0	0.0003759847253281981
11529	0	0.00013466008157796995
11530	0	0.00013466008157796995
11531	0	0
11532	0	0.0001473947939864861
11533	0	0.00013466008157796995
11534	0	0.00015377374649715002
11535	0	0
11536	0	0
11537	0	0
11538	0	0
11539	0	0
11540	0	0
11541	0	0
11542	0	0
11543	0	0
11544	0	0
11545	0	0.0008184481654401974
11546	0	0
11547	0	0.00024738018060281125
11548	0	0
11549	0	0
11550	0	0
11551	0	0
11552	0	0
11553	0	0
11554	0	0
11555	0	0
11556	0	0
11557	0	0
11558	0	0
11559	0	0.00021559131202001654
11560	0	0
11561	0	0
11562	0	0
11563	0	0
11564	0	0
11565	0	0
11566	0	0
11567	0	0
11568	0	0
11569	0	0
11570	0	0
11571	0	0
11572	0	0
11573	0	0
11574	0	0
11575	0	0
11576	0	0
11577	0	0
11578	0	0
11579	0	0.00013466008157796995
11580	0	0.00013466008157796995
11581	0	0
11582	0	0
11583	0	0
11584	0	0
11585	0	0
11586	0	0
11587	0	0.0014481112237077862
11588	0	0
11589	0	0
11590	0	0
11591	0	0.00013466008157796995
11592	0	0
11593	0	0
11594	0	0
11595	0	0
11596	0	0.000157582563913299
11597	0	0
11598	0	0
11599	0	0
11600	0	0
11601	0	0
11602	0	0
11603	0	0
11604	0	0
11605	0	0
11606	0	0
11607	0	0
11608	0	0
11609	0	0
11610	0	0
11611	0	0
11612	0	0
11613	0	0
11614	0	0
11615	0	0
11616	0	0
11617	0	0
11618	0	0
11619	0	0
11620	0	0
11621	0	0
11622	0	0
11623	0	0
11624	0	0
11625	0	0
11626	0	0.00013466008157796995
11627	0	0
11628	0	0.00021837413629400475
11629	0	0
11630	0	0
11631	0	0.00013466008157796995
11632	0	0
11633	0	0
11634	0	0
11635	0	0
11636	0	0
11637	0	0
11638	0	0.00013466008157796995
11639	0	0
11640	0	0
11641	0	0.00013466008157796995
11642	0	0
11643	0	0
11644	0	0
11645	0	0
11646	0	0
11647	0	0
11648	0	0
11649	0	0
11650	0	0
11651	0	0
11652	0	0
11653	0	0
11654	0	0
11655	0	0
11656	0	0
11657	0	0
11658	0	0.00013466008157796995
11659	0	0
11660	0	0.00014791290606893677
11661	0	0
11662	0	0
11663	0	0
11664	0	0.00013466008157796995
11665	0	0
11666	0	0
11667	0	0
11668	0	0
11669	0	0
11670	0	0
11671	0	0
11672	0	0
11673	0	0
11674	0	0
11675	0	0
11676	0	0
11677	0	0
11678	0	0
11679	0	0
11680	0	0
11681	0	0
11682	0	0
11683	0	0.00013466008157796995
11684	0	0
11685	0	0
11686	0	0
11687	0	0
11688	0	0
11689	0	0
11690	0	0
11691	0	0
11692	0	0
11693	0	0
11694	0	0
11695	0	0
11696	0	0
11697	0	0
11698	0	0
11699	0	0
11700	0	0
11701	0	0
11702	0	0
11703	0	0
11704	0	0
11705	0	0
11706	0	0
11707	0	0
11708	0	0
11709	0	0
11710	0	0
11711	0	0
11712	0	0
11713	0	0
11714	0	0
11715	0	0
11716	0	0
11717	0	0
11718	0	0
11719	0	0.00013466008157796995
11720	0	0
11721	0	0
11722	0	0
11723	0	0
11724	0	0
11725	0	0
11726	0	0
11727	0	0
11728	0	0
11729	0	0
11730	0	0
11731	0	0
11732	0	0
11733	0	0
11734	0	0
11735	0	0
11736	0	0
11737	0	0
11738	0	0
11739	0	0.00013466008157796995
11740	0	0
11741	0	0
11742	0	0
11743	0	0
11744	0	0
11745	0	0.00013466008157796995
11746	0	0.00013466008157796995
11747	0	0
11748	0	0
11749	0	0
11750	0	0
11751	0	0
11752	0	0
11753	0	0
11754	0	0
11755	0	0
11756	0	0
11757	0	0
11758	0	0
11759	0	0
11760	0	0
11761	0	0
11762	0	0
11763	0	0
11764	0	0
11765	0	0.00013466008157796995
11766	0	0
11767	0	0
11768	0	0
11769	0	0.00013466008157796995
11770	0	0
11771	0	0
11772	0	0
11773	0	0.00013466008157796995
11774	0	0
11775	0	0
11776	0	0
11777	0	0
11778	0	0
11779	0	0
11780	0	0.00013466008157796995
11781	0	0
11782	0	0.00013466008157796995
11783	0	0.0003358295048197669
11784	0	0
11785	0	0
11786	0	0
11787	0	0
11788	0	0
11789	0	0
11790	0	0
11791	0	0
11792	0	0
11793	0	0
11794	0	0
11795	0	0
11796	0	0
11797	0	0.00013466008157796995
11798	0	0
11799	0	0
11800	0	0
11801	0	0
11802	0	0
11803	0	0
11804	0	0
11805	0	0
11806	0	0
11807	0	0
11808	0	0
11809	0	0
11810	0	0
11811	0	0
11812	0	0
11813	0	0
11814	0	0
11815	0	0
11816	0	0
11817	0	0
11818	0	0
11819	0	0
11820	0	0.00013466008157796995
11821	0	0
11822	0	0
11823	0	0
11824	0	0
11825	0	0
11826	0	0
11827	0	0
11828	0	0
11829	0	0
11830	0	0
11831	0	0
11832	0	0
11833	0	0
11834	0	0
11835	0	0
11836	0	0
11837	0	0
11838	0	0
11839	0	0
11840	0	0
11841	0	0
11842	0	0
11843	0	0
11844	0	0
11845	0	0
11846	0	0
11847	0	0
11848	0	0
11849	0	0.00013466008157796995
11850	0	0
11851	0	0
11852	0	0
11853	0	0
11854	0	0
11855	0	0
11856	0	0
11857	0	0
11858	0	0
11859	0	0
11860	0	0
11861	0	0
11862	0	0
11863	0	0
11864	0	0
11865	0	0
11866	0	0
11867	0	0
11868	0	0
11869	0	0
11870	0	0.00017787465908349466
11871	0	0
11872	0	0
11873	0	0
11874	0	0
11875	0	0
11876	0	0
11877	0	0
11878	0	0.00013466008157796995
11879	0	0
11880	0	0.0001473947939864861
11881	0	0.001206307239718088
11882	0	0
11883	0	0
11884	0	0
11885	0	0.00015376215019074417
11886	0	0
11887	0	0
11888	0	0
11889	0	0
11890	0	0
11891	0	0
11892	0	0
11893	0	0.000596435958310921
11894	0	0
11895	0	0.00013466008157796995
11896	0	0
11897	0	0.0002023257711500442
11898	0	0
11899	0	0
11900	0	0
11901	0	0
11902	0	0.00013466008157796995
11903	0	0
11904	0	0
11905	0	0.00013466008157796995
11906	0	0
11907	0	0
11908	0	0
11909	0	0
11910	0	0
11911	0	0
11912	0	0
11913	0	0.00013466008157796995
11914	0	0
11915	0	0
11916	0	0
11917	0	0
11918	0	0
11919	0	0
11920	0	0
11921	0	0
11922	0	0
11923	0	0
11924	0	0.00015376215019074417
11925	0	0
11926	0	0
11927	0	0
11928	0	0
11929	0	0
11930	0	0
11931	0	0
11932	0	0
11933	0	0
11934	0	0
11935	0	0
11936	0	0.00013466008157796995
11937	0	0
11938	0	0
11939	0	0
11940	0	0
11941	0	0
11942	0	0
11943	0	0
11944	0	0
11945	0	0
11946	0	0
11947	0	0
11948	0	0
11949	0	0
11950	0	0.00013466008157796995
11951	0	0
11952	0	0
11953	0	0
11954	0	0
11955	0	0
11956	0	0
11957	0	0.00021298887875309915
11958	0	0
11959	0	0
11960	0	0
11961	0	0
11962	0	0
11963	0	0
11964	0	0
11965	0	0.00037645984117257864
11966	0	0
11967	0	0
11968	0	0
11969	0	0
11970	0	0
11971	0	0
11972	0	0
11973	0	0
11974	0	0
11975	0	0
11976	0	0
11977	0	0
11978	0	0
11979	0	0
11980	0	0
11981	0	0
11982	0	0
11983	0	0
11984	0	0.00013466008157796995
11985	0	0.00018578884887621595
11986	0	0
11987	0	0
11988	0	0
11989	0	0
11990	0	0
11991	0	0
11992	0	0.00020151732172267976
11993	0	0.00015376215019074417
11994	0	0
11995	0	0
11996	0	0
11997	0	0.0004015826931904509
11998	0	0
11999	0	0
12000	0	0.00013466008157796995
12001	0	0
12002	0	0
12003	0	0
12004	0	0
12005	0	0
12006	0	0
12007	0	0
12008	0	0
12009	0	0
12010	0	0
12011	0	0
12012	0	0
12013	0	0.0005426119656728
12014	0	0
12015	0	0
12016	0	0
12017	0	0
12018	0	0
12019	0	0
12020	0	0
12021	0	0.0005629045911797152
12022	0	0
12023	0	0
12024	0	0
12025	0	0
12026	0	0
12027	0	0
12028	0	0
12029	0	0
12030	0	0
12031	0	0
12032	0	0
12033	0	0.00013466008157796995
12034	0	0
12035	0	0.00013466008157796995
12036	0	0.0002914394809033576
12037	0	0
12038	0	0
12039	0	0
12040	0	0
12041	0	0
12042	0	0
12043	0	0
12044	0	0
12045	0	0.00013466008157796995
12046	0	0
12047	0	0
12048	0	0
12049	0	0
12050	0	0
12051	0	0.00013466008157796995
12052	0	0
12053	0	0
12054	0	0.00021152316718651385
12055	0	0
12056	0	0
12057	0	0
12058	0	0
12059	0	0
12060	0	0
12061	0	0
12062	0	0.0008277915435160021
12063	0	0
12064	0	0
12065	0	0
12066	0	0
12067	0	0.00036648973246936625
12068	0	0
12069	0	0
12070	0	0
12071	0	0.00044266504455806765
12072	0	0
12073	0	0
12074	0	0.0003960543980503902
12075	0	0
12076	0	0
12077	0	0.00013466008157796995
12078	0	0
12079	0	0
12080	0	0
12081	0	0
12082	0	0
12083	0	0
12084	0	0
12085	0	0
12086	0	0
12087	0	0
12088	0	0
12089	0	0
12090	0	0
12091	0	0
12092	0	0
12093	0	0
12094	0	0
12095	0	0
12096	0	0
12097	0	0
12098	0	0
12099	0	0.0001805050462486281
12100	0	0
12101	0	0
12102	0	0
12103	0	0
12104	0	0
12105	0	0.00022233367854429265
12106	0	0
12107	0	0
12108	0	0
12109	0	0
12110	0	0
12111	0	0.000392538007850422
12112	0	0.0003670682526826811
12113	0	0.00015103328324606215
12114	0	0
12115	0	0
12116	0	0
12117	0	0
12118	0	0
12119	0	0
12120	0	0
12121	0	0.0001453623853394704
12122	0	0
12123	0	0.00013466008157796995
12124	0	0
12125	0	0
12126	0	0
12127	0	0
12128	0	0
12129	0	0
12130	0	0
12131	0	0
12132	0	0
12133	0	0
12134	0	0
12135	0	0
12136	0	0.0007263959681279095
12137	0	0
12138	0	0
12139	0	0
12140	0	0
12141	0	0
12142	0	0
12143	0	0
12144	0	0
12145	0	0
12146	0	0
12147	0	0
12148	0	0
12149	0	0
12150	0	0
12151	0	0
12152	0	0
12153	0	0
12154	0	0
12155	0	0
12156	0	0
12157	0	0.00013466008157796995
12158	0	0.0053599004478101136
12159	0	0
12160	0	0
12161	0	0
12162	0	0
12163	0	0
12164	0	0
12165	0	0
12166	0	0
12167	0	0.00013949026795109906
12168	0	0
12169	0	0
12170	0	0
12171	0	0
12172	0	0.00022216574827077376
12173	0	0
12174	0	0
12175	0	0
12176	0	0
12177	0	0
12178	0	0
12179	0	0
12180	0	0
12181	0	0.0005398480156134484
12182	0	0.00013466008157796995
12183	0	0
12184	0	0
12185	0	0
12186	0	0
12187	0	0
12188	0	0
12189	0	0
12190	0	0
12191	0	0
12192	0	0
12193	0	0
12194	0	0
12195	0	0
12196	0	0.00038789875378059894
12197	0	0
12198	0	0
12199	0	0
12200	0	0
12201	0	0
12202	0	0
12203	0	0
12204	0	0
12205	0	0
12206	0	0.00025873657836913755
12207	0	0
12208	0	0
12209	0	0.0005010104689015328
12210	0	0
12211	0	0
12212	0	0
12213	0	0
12214	0	0
12215	0	0
12216	0	0
12217	0	0
12218	0	0.0006838878297715594
12219	0	0
12220	0	0.00013466008157796995
12221	0	0
12222	0	0
12223	0	0
12224	0	0
12225	0	0.00027147864801696536
12226	0	0
12227	0	0
12228	0	0
12229	0	0
12230	0	0.0008545400282167209
12231	0	0.00013466008157796995
12232	0	0
12233	0	0.00013466008157796995
12234	0	0
12235	0	0.00013466008157796995
12236	0	0
12237	0	0
12238	0	0
12239	0	0
12240	0	0.00013466008157796995
12241	0	0
12242	0	0
12243	0	0
12244	0	0
12245	0	0
12246	0	0.00013466008157796995
12247	0	0
12248	0	0
12249	0	0
12250	0	0
12251	0	0.00040208904215680914
12252	0	0
12253	0	0
12254	0	0
12255	0	0
12256	0	0
12257	0	0.00016695737363507705
12258	0	0
12259	0	0
12260	0	0
12261	0	0.00013466008157796995
12262	0	0
12263	0	0.00013466008157796995
12264	0	0
12265	0	0
12266	0	0
12267	0	0
12268	0	0
12269	0	0
12270	0	0
12271	0	0
12272	0	0
12273	0	0
12274	0	0.00030536436016245127
12275	0	0.00013466008157796995
12276	0	0.00013466008157796995
12277	0	0
12278	0	0
12279	0	0
12280	0	0
12281	0	0
12282	0	0.00017286421880351838
12283	0	0
12284	0	0
12285	0	0.00013466008157796995
12286	0	0
12287	0	0
12288	0	0
12289	0	0.00013466008157796995
12290	0	0
12291	0	0
12292	0	0
12293	0	0
12294	0	0
12295	0	0.00013466008157796995
12296	0	0
12297	0	0
12298	0	0
12299	0	0.00013466008157796995
12300	0	0
12301	0	0
12302	0	0.00013466008157796995
12303	0	0
12304	0	0
12305	0	0
12306	0	0
12307	0	0
12308	0	0.00013466008157796995
12309	0	0
12310	0	0
12311	0	0
12312	0	0
12313	0	0
12314	0	0
12315	0	0
12316	0	0.00028960885790118137
12317	0	0
12318	0	0
12319	0	0
12320	0	0
12321	0	0
12322	0	0
12323	0	0
12324	0	0
12325	0	0
12326	0	0.001984465703989431
12327	0	0
12328	0	0.00014217564955676637
12329	0	0
12330	0	0
12331	0	0.00013466008157796995
12332	0	0
12333	0	0
12334	0	0.00013466008157796995
12335	0	0.00013466008157796995
12336	0	0
12337	0	0
12338	0	0.00013466008157796995
12339	0	0.0002870033824893469
12340	0	0
12341	0	0.0002487656698669926
12342	0	0.00013466008157796995
12343	0	0
12344	0	0
12345	0	0
12346	0	0
12347	0	0
12348	0	0
12349	0	0
12350	0	0
12351	0	0
12352	0	0
12353	0	0
12354	0	0
12355	0	0.00013466008157796995
12356	0	0
12357	0	0
12358	0	0
12359	0	0
12360	0	0.00015103328324606215
12361	0	0
12362	0	0
12363	0	0
12364	0	0
12365	0	0
12366	0	0
12367	0	0
12368	0	0
12369	0	0.00013466008157796995
12370	0	0
12371	0	0
12372	0	0
12373	0	0
12374	0	0.00013466008157796995
12375	0	0
12376	0	0
12377	0	0
12378	0	0
12379	0	0
12380	0	0.0001414019881471844
12381	0	0
12382	0	0
12383	0	0
12384	0	0
12385	0	0
12386	0	0
12387	0	0
12388	0	0
12389	0	0
12390	0	0
12391	0	0.00013466008157796995
12392	0	0.0001824152531099055
12393	0	0
12394	0	0
12395	0	0.00013466008157796995
12396	0	0
12397	0	0
12398	0	0
12399	0	0
12400	0	0
12401	0	0
12402	0	0.00018432545997118294
12403	0	0.00013466008157796995
12404	0	0
12405	0	0
12406	0	0
12407	0	0
12408	0	0
12409	0	0
12410	0	0
12411	0	0
12412	0	0
12413	0	0
12414	0	0
12415	0	0
12416	0	0
12417	0	0.00013466008157796995
12418	0	0
12419	0	0
12420	0	0.00013466008157796995
12421	0	0
12422	0	0
12423	0	0
12424	0	0.00013466008157796995
12425	0	0
12426	0	0
12427	0	0
12428	0	0
12429	0	0
12430	0	0
12431	0	0
12432	0	0
12433	0	0
12434	0	0
12435	0	0
12436	0	0
12437	0	0
12438	0	0
12439	0	0.00013466008157796995
12440	0	0
12441	0	0
12442	0	0
12443	0	0.00018055466201125867
12444	0	0.00014507939173039226
12445	0	0
12446	0	0
12447	0	0
12448	0	0.00013466008157796995
12449	0	0
12450	0	0
12451	0	0
12452	0	0.00033893115570598077
12453	0	0
12454	0	0.0004680780064554837
12455	0	0
12456	0	0.00013466008157796995
12457	0	0.00015376215019074417
12458	0	0
12459	0	0.00013466008157796995
12460	0	0.00013466008157796995
12461	0	0
12462	0	0
12463	0	0
12464	0	0
12465	0	0
12466	0	0
12467	0	0.00032568076770571216
12468	0	0.00013466008157796995
12469	0	0
12470	0	0
12471	0	0
12472	0	0.00013466008157796995
12473	0	0.0001473947939864861
12474	0	0
12475	0	0
12476	0	0.00014476138123534232
12477	0	0
12478	0	0
12479	0	0
12480	0	0
12481	0	0
12482	0	0
12483	0	0
12484	0	0
12485	0	0
12486	0	0
12487	0	0
12488	0	0
12489	0	0
12490	0	0
12491	0	0.00016331318449713128
12492	0	0
12493	0	0
12494	0	0
12495	0	0
12496	0	0
12497	0	0
12498	0	0.00013466008157796995
12499	0	0
12500	0	0
12501	0	0.00013466008157796995
12502	0	0
12503	0	0
12504	0	0.0005599304166502471
12505	0	0.001484579838508024
12506	0	0.00013466008157796995
12507	0	0
12508	0	0.014772137517776559
12509	0	0
12510	0	0
12511	0	0
12512	0	0
12513	0	0
12514	0	0.00022180569036639425
12515	0	0
12516	0	0
12517	0	0
12518	0	0.00013466008157796995
12519	0	0
12520	0	0
12521	0	0
12522	0	0
12523	0	0.00013466008157796995
12524	0	0
12525	0	0
12526	0	0
12527	0	0.00013466008157796995
12528	0	0
12529	0	0
12530	0	0
12531	0	0
12532	0	0
12533	0	0.00013466008157796995
12534	0	0.00031869836676536517
12535	0	0
12536	0	0
12537	0	0
12538	0	0.00019035519498399197
12539	0	0.00013466008157796995
12540	0	0
12541	0	0
12542	0	0
12543	0	0
12544	0	0
12545	0	0
12546	0	0
12547	0	0
12548	0	0
12549	0	0.0001605040567599586
12550	0	0.00013466008157796995
12551	0	0
12552	0	0.00016808870165032486
12553	0	0.0002094310358622576
12554	0	0
12555	0	0
12556	0	0
12557	0	0
12558	0	0
12559	0	0
12560	0	0
12561	0	0.00013466008157796995
12562	0	0.00013466008157796995
12563	0	0
12564	0	0
12565	0	0.00013466008157796995
12566	0	0.00013466008157796995
12567	0	0.00035940042718321687
12568	0	0.0002053377354452346
12569	0	0.00013466008157796995
12570	0	0.00014507939173039226
12571	0	0
12572	0	0
12573	0	0.00015103328324606215
12574	0	0.00013466008157796995
12575	0	0
12576	0	0
12577	0	0
12578	0	0
12579	0	0
12580	0	0
12581	0	0
12582	0	0
12583	0	0
12584	0	0
12585	0	0
12586	0	0
12587	0	0
12588	0	0
12589	0	0.00015376215019074417
12590	0	0
12591	0	0
12592	0	0.0001473947939864861
12593	0	0.00013466008157796995
12594	0	0
12595	0	0
12596	0	0
12597	0	0
12598	0	0
12599	0	0
12600	0	0
12601	0	0
12602	0	0.00015376215019074417
12603	0	0
12604	0	0
12605	0	0
12606	0	0.00013466008157796995
12607	0	0.00013466008157796995
12608	0	0
12609	0	0
12610	0	0.0001414019881471844
12611	0	0
12612	0	0.00016331318449713128
12613	0	0
12614	0	0.00013466008157796995
12615	0	0
12616	0	0
12617	0	0
12618	0	0
12619	0	0
12620	0	0
12621	0	0
12622	0	0
12623	0	0
12624	0	0.00013466008157796995
12625	0	0.00013466008157796995
12626	0	0
12627	0	0
12628	0	0
12629	0	0
12630	0	0
12631	0	0
12632	0	0.0001902494219368126
12633	0	0
12634	0	0
12635	0	0
12636	0	0
12637	0	0
12638	0	0
12639	0	0
12640	0	0
12641	0	0.00013466008157796995
12642	0	0
12643	0	0
12644	0	0
12645	0	0.00013466008157796995
12646	0	0.00013466008157796995
12647	0	0
12648	0	0
12649	0	0.000358426682547406
12650	0	0
12651	0	0.00015103328324606215
12652	0	0
12653	0	0
12654	0	0.00016331318449713128
12655	0	0
12656	0	0.00013466008157796995
12657	0	0
12658	0	0
12659	0	0
12660	0	0
12661	0	0.00013466008157796995
12662	0	0.00013466008157796995
12663	0	0.0002457988538202974
12664	0	0
12665	0	0
12666	0	0
12667	0	0.0002693013012565909
12668	0	0
12669	0	0
12670	0	0
12671	0	0
12672	0	0
12673	0	0.00015376215019074417
12674	0	0.00017013535185883636
12675	0	0
12676	0	0
12677	0	0
12678	0	0
12679	0	0
12680	0	0
12681	0	0
12682	0	0
12683	0	0
12684	0	0
12685	0	0
12686	0	0.00017360261809443238
12687	0	0
12688	0	0
12689	0	0.00024737120783224845
12690	0	0.00022061939033545392
12691	0	0
12692	0	0
12693	0	0
12694	0	0.00019633247452778384
12695	0	0.00013466008157796995
12696	0	0.00017968638616522347
12697	0	0
12698	0	0.00015103328324606215
12699	0	0.00013466008157796995
12700	0	0.0002394262743582193
12701	0	0.0002561422403809719
12702	0	0
12703	0	0.0001605040567599586
12704	0	0
12705	0	0.00017668463252607322
12706	0	0.00027383229575675356
12707	0	0
12708	0	0.00015463042603677937
12709	0	0.0002497852814714211
12710	0	0
12711	0	0.00014898663303755064
12712	0	0
12713	0	0
12714	0	0.00013466008157796995
12715	0	0
12716	0	0
12717	0	0.00013466008157796995
12718	0	0.00013466008157796995
12719	0	0
12720	0	0
12721	0	0
12722	0	0.00013466008157796995
12723	0	0
12724	0	0.00015103328324606215
12725	0	0
12726	0	0
12727	0	0
12728	0	0.00013466008157796995
12729	0	0
12730	0	0.00013466008157796995
12731	0	0
12732	0	0
12733	0	0.00013466008157796995
12734	0	0
12735	0	0
12736	0	0
12737	0	0
12738	0	0.00018096365418297436
12739	0	0
12740	0	0
12741	0	0
12742	0	0
12743	0	0
12744	0	0
12745	0	0
12746	0	0.0002597802389098745
12747	0	0.0002749723151747878
12748	0	0
12749	0	0.0003586987231746248
12750	0	0
12751	0	0
12752	0	0
12753	0	0.00016916635578510944
12754	0	0
12755	0	0.00013466008157796995
12756	0	0.00013466008157796995
12757	0	0.0001542226612265609
12758	0	0
12759	0	0
12760	0	0
12761	0	0
12762	0	0
12763	0	0
12764	0	0
12765	0	0.0002603749911584842
12766	0	0.00013466008157796995
12767	0	0
12768	0	0.00013466008157796995
12769	0	0.00015376215019074417
12770	0	0.0008212634336779991
12771	0	0
12772	0	0.00023072712606831748
12773	0	0
12774	0	0
12775	0	0
12776	0	0
12777	0	0
12778	0	0
12779	0	0.0001919662874162926
12780	0	0.00025464496479085967
12781	0	0
12782	0	0
12783	0	0
12784	0	0.0002937011701384657
12785	0	0
12786	0	0
12787	0	0
12788	0	0.00013466008157796995
12789	0	0
12790	0	0
12791	0	0
12792	0	0
12793	0	0.00013466008157796995
12794	0	0.00013466008157796995
12795	0	0
12796	0	0
12797	0	0
12798	0	0
12799	0	0
12800	0	0
12801	0	0
12802	0	0
12803	0	0
12804	0	0.00013466008157796995
12805	0	0
12806	0	0
12807	0	0.00041133668995235837
12808	0	0.00029756644108075734
12809	0	0.00013466008157796995
12810	0	0.00019056050747509276
12811	0	0
12812	0	0.00017286421880351838
12813	0	0
12814	0	0
12815	0	0.00013466008157796995
12816	0	0
12817	0	0
12818	0	0
12819	0	0
12820	0	0
12821	0	0.00013466008157796995
12822	0	0
12823	0	0
12824	0	0
12825	0	0
12826	0	0
12827	0	0
12828	0	0
12829	0	0.00025123956254983305
12830	0	0
12831	0	0
12832	0	0
12833	0	0
12834	0	0
12835	0	0
12836	0	0.00019514474226060174
12837	0	0
12838	0	0
12839	0	0
12840	0	0.0004465635519313842
12841	0	0.00018099738325461485
12842	0	0
12843	0	0.0002079783155181769
12844	0	0
12845	0	0.0002023855975687149
12846	0	0
12847	0	0
12848	0	0
12849	0	0
12850	0	0.00025177966826009455
12851	0	0
12852	0	0.00013466008157796995
12853	0	0
12854	0	0
12855	0	0
12856	0	0
12857	0	0.00013466008157796995
12858	0	0
12859	0	0
12860	0	0
12861	0	0
12862	0	0.00043080158412052996
12863	0	0.00035624407748615093
12864	0	0.00016331318449713128
12865	0	0
12866	0	0.00014507939173039226
12867	0	0
12868	0	0
12869	0	0
12870	0	0
12871	0	0.00013466008157796995
12872	0	0.00013466008157796995
12873	0	0
12874	0	0
12875	0	0.00013466008157796995
12876	0	0.00013466008157796995
12877	0	0
12878	0	0.00013466008157796995
12879	0	0
12880	0	0.00013466008157796995
12881	0	0
12882	0	0
12883	0	0.00013466008157796995
12884	0	0
12885	0	0.00013466008157796995
12886	0	0.0001473947939864861
12887	0	0
12888	0	0
12889	0	0
12890	0	0.00013466008157796995
12891	0	0.00013466008157796995
12892	0	0
12893	0	0.0002648029566015557
12894	0	0.00030375976170334977
12895	0	0.00016331318449713128
12896	0	0
12897	0	0
12898	0	0
12899	0	0
12900	0	0.00018541700674905575
12901	0	0
12902	0	0
12903	0	0
12904	0	0
12905	0	0
12906	0	0
12907	0	0
12908	0	0.00020342752858395715
12909	0	0
12910	0	0
12911	0	0
12912	0	0
12913	0	0
12914	0	0
12915	0	0
12916	0	0.00014898663303755064
12917	0	0.00013466008157796995
12918	0	0.00016331318449713128
12919	0	0
12920	0	0
12921	0	0
12922	0	0
12923	0	0.00013466008157796995
12924	0	0
12925	0	0
12926	0	0.00013466008157796995
12927	0	0
12928	0	0.00019601824136445686
12929	0	0
12930	0	0
12931	0	0
12932	0	0.00016975463273159524
12933	0	0
12934	0	0
12935	0	0.00013466008157796995
12936	0	0.00013466008157796995
12937	0	0
12938	0	0.0001768037110333636
12939	0	0
12940	0	0
12941	0	0
12942	0	0
12943	0	0
12944	0	0
12945	0	0
12946	0	0.000245217676858607
12947	0	0
12948	0	0
12949	0	0
12950	0	0
12951	0	0
12952	0	0
12953	0	0
12954	0	0
12955	0	0
12956	0	0
12957	0	0
12958	0	0
12959	0	0
12960	0	0
12961	0	0
12962	0	0
12963	0	0
12964	0	0
12965	0	0.00019010569631764578
12966	0	0
12967	0	0
12968	0	0
12969	0	0
12970	0	0
12971	0	0
12972	0	0.00034860325004104127
12973	0	0
12974	0	0.00013466008157796995
12975	0	0.0001473947939864861
12976	0	0
12977	0	0
12978	0	0
12979	0	0
12980	0	0
12981	0	0
12982	0	0
12983	0	0
12984	0	0
12985	0	0
12986	0	0
12987	0	0
12988	0	0.00017763973595671197
12989	0	0.00018781955061631994
12990	0	0.00013466008157796995
12991	0	0
12992	0	0.00013466008157796995
12993	0	0
12994	0	0
12995	0	0.0001714997853311774
12996	0	0
12997	0	0
12998	0	0.00014898663303755064
12999	0	0
13000	0	0.00042098367037681606
13001	0	0.00022061939033545398
13002	0	0.00013466008157796995
13003	0	0
13004	0	0.00026324583001010395
13005	0	0
13006	0	0.00019383296264233147
13007	0	0.000157582563913299
13008	0	0
13009	0	0
13010	0	0
13011	0	0.0002007896238707645
13012	0	0.00015103328324606215
13013	0	0.00013466008157796995
13014	0	0.00013466008157796995
13015	0	0
13016	0	0
13017	0	0.00013466008157796995
13018	0	0
13019	0	0.00041710294551063195
13020	0	0.00019673638286107887
13021	0	0
13022	0	0
13023	0	0
13024	0	0
13025	0	0.00013466008157796995
13026	0	0
13027	0	0
13028	0	0
13029	0	0
13030	0	0.00013466008157796995
13031	0	0.0002029452091080836
13032	0	0
13033	0	0
13034	0	0
13035	0	0.00015376215019074417
13036	0	0
13037	0	0.00017286421880351838
13038	0	0.0001473947939864861
13039	0	0
13040	0	0
13041	0	0
13042	0	0
13043	0	0.00013466008157796995
13044	0	0
13045	0	0.00013466008157796995
13046	0	0.0002846806858157867
13047	0	0
13048	0	0
13049	0	0.00013466008157796995
13050	0	0
13051	0	0
13052	0	0
13053	0	0
13054	0	0.00015376215019074417
13055	0	0
13056	0	0
13057	0	0
13058	0	0.00019717594249250376
13059	0	0
13060	0	0
13061	0	0
13062	0	0
13063	0	0
13064	0	0.0001473947939864861
13065	0	0
13066	0	0
13067	0	0.00013466008157796995
13068	0	0
13069	0	0.00013466008157796995
13070	0	0
13071	0	0.0003175618256925971
13072	0	0
13073	0	0
13074	0	0
13075	0	0.00017286421880351838
13076	0	0
13077	0	0
13078	0	0.00019533724070089982
13079	0	0
13080	0	0.00013466008157796995
13081	0	0
13082	0	0
13083	0	0.007076254270030963
13084	0	0
13085	0	0
13086	0	0.00013466008157796995
13087	0	0.00017286421880351838
13088	0	0
13089	0	0
13090	0	0.00021727596547553243
13091	0	0.0001719091153728797
13092	0	0.0001739557655813912
13093	0	0
13094	0	0.00018099738325461485
13095	0	0.0001646090381583805
13096	0	0
13097	0	0
13098	0	0
13099	0	0.0002053377354452346
13100	0	0
13101	0	0
13102	0	0
13103	0	0.00015376215019074417
13104	0	0
13105	0	0.0002015173217226797
13106	0	0
13107	0	0
13108	0	0
13109	0	0
13110	0	0.00013466008157796995
13111	0	0
13112	0	0
13113	0	0
13114	0	0
13115	0	0.00013466008157796995
13116	0	0.00014898663303755064
13117	0	0
13118	0	0.00017960612537273283
13119	0	0
13120	0	0.0001473947939864861
13121	0	0.00013466008157796995
13122	0	0.0001473947939864861
13123	0	0.00030755958481134345
13124	0	0
13125	0	0
13126	0	0.00017155564484532915
13127	0	0.00013466008157796995
13128	0	0
13129	0	0.00013466008157796995
13130	0	0
13131	0	0
13132	0	0
13133	0	0
13134	0	0
13135	0	0
13136	0	0
13137	0	0
13138	0	0
13139	0	0
13140	0	0
13141	0	0
13142	0	0
13143	0	0
13144	0	0
13145	0	0
13146	0	0
13147	0	0
13148	0	0.000157582563913299
13149	0	0
13150	0	0
13151	0	0.0003206413627953903
13152	0	0
13153	0	0
13154	0	0.00018559893121203455
13155	0	0
13156	0	0
13157	0	0.00013466008157796995
13158	0	0
13159	0	0
13160	0	0.00018051158629650387
13161	0	0
13162	0	0
13163	0	0
13164	0	0
13165	0	0
13166	0	0.00022935176455843645
13167	0	0
13168	0	0.00026138493964656306
13169	0	0
13170	0	0
13171	0	0
13172	0	0.0004147754468602879
13173	0	0
13174	0	0.000157582563913299
13175	0	0
13176	0	0
13177	0	0.00019790826142035027
13178	0	0
13179	0	0
13180	0	0
13181	0	0
13182	0	0
13183	0	0
13184	0	0.0003619396251241763
13185	0	0.00016331318449713128
13186	0	0
13187	0	0
13188	0	0.00021790211969717775
13189	0	0
13190	0	0.00022622936180838034
13191	0	0.0001564642989439514
13192	0	0
13193	0	0.00021647265353548132
13194	0	0.00013466008157796995
13195	0	0
13196	0	0
13197	0	0.00020207914727011426
13198	0	0
13199	0	0
13200	0	0
13201	0	0
13202	0	0.00022887700981012813
13203	0	0.0001942974203832295
13204	0	0
13205	0	0.00013466008157796995
13206	0	0.00013466008157796995
13207	0	0.00013466008157796995
13208	0	0
13209	0	0
13210	0	0.0002973369728557932
13211	0	0
13212	0	0.00016432447048251344
13213	0	0
13214	0	0
13215	0	0
13216	0	0
13217	0	0
13218	0	0.0003390814316083804
13219	0	0
13220	0	0
13221	0	0
13222	0	0.00013466008157796995
13223	0	0.0001910111839856539
13224	0	0
13225	0	0
13226	0	0
13227	0	0
13228	0	0.00013466008157796995
13229	0	0
13230	0	0
13231	0	0
13232	0	0
13233	0	0.00013466008157796995
13234	0	0
13235	0	0
13236	0	0
13237	0	0
13238	0	0
13239	0	0
13240	0	0
13241	0	0
13242	0	0
13243	0	0.00019514474226060174
13244	0	0
13245	0	0
13246	0	0.00039940501180451573
13247	0	0.0002015280231616785
13248	0	0.00014256245351337447
13249	0	0.0007172255468644769
13250	0	0.00013466008157796995
13251	0	0.00013466008157796995
13252	0	0.00017507354009377258
13253	0	0.00013466008157796995
13254	0	0
13255	0	0
13256	0	0
13257	0	0
13258	0	0.00022298887891499024
13259	0	0.00013466008157796995
13260	0	0
13261	0	0
13262	0	0.0003038393430128277
13263	0	0
13264	0	0
13265	0	0
13266	0	0.00015376215019074417
13267	0	0
13268	0	0
13269	0	0
13270	0	0
13271	0	0
13272	0	0
13273	0	0
13274	0	0
13275	0	0.0003793810344947467
13276	0	0
13277	0	0.0002777125963783207
13278	0	0.0002492724932546153
13279	0	0.0001619487510247903
13280	0	0
13281	0	0
13282	0	0.00017324923235096344
13283	0	0
13284	0	0
13285	0	0.00013466008157796995
13286	0	0.0002263500109192862
13287	0	0
13288	0	0
13289	0	0
13290	0	0
13291	0	0
13292	0	0
13293	0	0.00022061939033545398
13294	0	0.00021267150829349236
13295	0	0.00013466008157796995
13296	0	0
13297	0	0
13298	0	0
13299	0	0
13300	0	0.00015376215019074417
13301	0	0.00013466008157796995
13302	0	0
13303	0	0.00017028534658425408
13304	0	0.00016331318449713128
13305	0	0
13306	0	0
13307	0	0
13308	0	0.00017968638616522347
13309	0	0
13310	0	0.00015376215019074417
13311	0	0.0003004235880954885
13312	0	0.00023528659650456967
13313	0	0
13314	0	0
13315	0	0
13316	0	0.00017125312637121775
13317	0	0.0002710041318059774
13318	0	0
13319	0	0.00021911289016656235
13320	0	0
13321	0	0
13322	0	0
13323	0	0.00013466008157796995
13324	0	0.0001542226612265609
13325	0	0
13326	0	0.00013466008157796995
13327	0	0.0001414019881471844
13328	0	0.00020464162606597584
13329	0	0
13330	0	0
13331	0	0
13332	0	0
13333	0	0
13334	0	0
13335	0	0
13336	0	0
13337	0	0
13338	0	0
13339	0	0
13340	0	0
13341	0	0.00013466008157796995
13342	0	0.0002506624642518397
13343	0	0
13344	0	0.00023637058710886761
13345	0	0
13346	0	0
13347	0	0
13348	0	0.0002022667473950722
13349	0	0
13350	0	0
13351	0	0.0010526509217690053
13352	0	0.0002215093940019664
13353	0	0.0002970276647865509
13354	0	0.00013466008157796995
13355	0	0
13356	0	0
13357	0	0
13358	0	0
13359	0	0
13360	0	0
13361	0	0
13362	0	0
13363	0	0
13364	0	0
13365	0	0
13366	0	0
13367	0	0
13368	0	0
13369	0	0
13370	0	0.0001473947939864861
13371	0	0
13372	0	0
13373	0	0.00013466008157796995
13374	0	0.00018403295462833313
13375	0	0
13376	0	0.00029846906630092134
13377	0	0
13378	0	0
13379	0	0
13380	0	0
13381	0	0
13382	0	0
13383	0	0
13384	0	0.0003323664917201832
13385	0	0
13386	0	0
13387	0	0
13388	0	0
13389	0	0
13390	0	0
13391	0	0.00013466008157796995
13392	0	0.0002442003361116861
13393	0	0.00013466008157796995
13394	0	0
13395	0	0
13396	0	0
13397	0	0
13398	0	0
13399	0	0
13400	0	0
13401	0	0
13402	0	0
13403	0	0.0002648807852488193
13404	0	0
13405	0	0
13406	0	0
13407	0	0
13408	0	0
13409	0	0
13410	0	0
13411	0	0
13412	0	0
13413	0	0
13414	0	0
13415	0	0
13416	0	0
13417	0	0
13418	0	0.0001989703792409765
13419	0	0
13420	0	0.00028309833602074266
13421	0	0
13422	0	0
13423	0	0
13424	0	0
13425	0	0
13426	0	0
13427	0	0
13428	0	0
13429	0	0
13430	0	0.0001406923137714776
13431	0	0
13432	0	0
13433	0	0.00014921403861627413
13434	0	0.00029903296852620354
13435	0	0
13436	0	0
13437	0	0.00013466008157796995
13438	0	0
13439	0	0.00013466008157796995
13440	0	0
13441	0	0
13442	0	0
13443	0	0.00016989119007957532
13444	0	0.00013466008157796995
13445	0	0
13446	0	0
13447	0	0
13448	0	0
13449	0	0
13450	0	0.0001483331412165873
13451	0	0
13452	0	0.000269719376691349
13453	0	0
13454	0	0
13455	0	0
13456	0	0
13457	0	0
13458	0	0
13459	0	0
13460	0	0
13461	0	0.0002906603085822928
13462	0	0.00019037444836522807
13463	0	0
13464	0	0
13465	0	0
13466	0	0.00013466008157796995
13467	0	0
13468	0	0.00013466008157796995
13469	0	0
13470	0	0
13471	0	0
13472	0	0
13473	0	0
13474	0	0
13475	0	0
13476	0	0
13477	0	0
13478	0	0
13479	0	0
13480	0	0
13481	0	0
13482	0	0
13483	0	0
13484	0	0.00013466008157796995
13485	0	0
13486	0	0.00013466008157796995
13487	0	0.00013466008157796995
13488	0	0
13489	0	0
13490	0	0.00021270567619587608
13491	0	0
13492	0	0
13493	0	0
13494	0	0
13495	0	0.00014102743778222803
13496	0	0
13497	0	0.0002593013387379684
13498	0	0
13499	0	0
13500	0	0
13501	0	0
13502	0	0
13503	0	0
13504	0	0
13505	0	0.00027485460812361423
13506	0	0
13507	0	0
13508	0	0.00014898663303755064
13509	0	0.0002778121528460616
13510	0	0
13511	0	0
13512	0	0
13513	0	0
13514	0	0.0001461213227456345
13515	0	0
13516	0	0
13517	0	0
13518	0	0.00025782707766150485
13519	0	0
13520	0	0
13521	0	0.0002694107679869436
13522	0	0
13523	0	0
13524	0	0
13525	0	0
13526	0	0
13527	0	0
13528	0	0
13529	0	0
13530	0	0
13531	0	0
13532	0	0
13533	0	0
13534	0	0.0002515010679261056
13535	0	0.00013466008157796995
13536	0	0
13537	0	0
13538	0	0
13539	0	0.0007938188757817579
13540	0	0.0001473947939864861
13541	0	0
13542	0	0.0002276234821601378
13543	0	0
13544	0	0.0004422033862436349
13545	0	0
13546	0	0
13547	0	0
13548	0	0
13549	0	0
13550	0	0
13551	0	0
13552	0	0
13553	0	0
13554	0	0
13555	0	0.00013466008157796995
13556	0	0
13557	0	0
13558	0	0
13559	0	0
13560	0	0
13561	0	0
13562	0	0
13563	0	0
13564	0	0.00023734658138692974
13565	0	0
13566	0	0
13567	0	0
13568	0	0
13569	0	0
13570	0	0
13571	0	0
13572	0	0.00014921403861627413
13573	0	0
13574	0	0.00013466008157796995
13575	0	0
13576	0	0
13577	0	0
13578	0	0
13579	0	0
13580	0	0
13581	0	0
13582	0	0.0009942531691528099
13583	0	0
13584	0	0
13585	0	0
13586	0	0
13587	0	0
13588	0	0
13589	0	0
13590	0	0.00013466008157796995
13591	0	0.00019037444836522807
13592	0	0.0002697082449497331
13593	0	0.00013466008157796995
13594	0	0
13595	0	0
13596	0	0
13597	0	0
13598	0	0
13599	0	0
13600	0	0.0002606161564476789
13601	0	0
13602	0	0
13603	0	0.00013466008157796995
13604	0	0
13605	0	0
13606	0	0
13607	0	0
13608	0	0
13609	0	0
13610	0	0.00013466008157796995
13611	0	0
13612	0	0
13613	0	0
13614	0	0
13615	0	0.0014909069530849397
13616	0	0
13617	0	0
13618	0	0
13619	0	0
13620	0	0.00034191752602657024
13621	0	0.00019272684483030087
13622	0	0
13623	0	0
13624	0	0
13625	0	0
13626	0	0
13627	0	0
13628	0	0
13629	0	0.00013466008157796995
13630	0	0
13631	0	0
13632	0	0
13633	0	0
13634	0	0
13635	0	0.0001605040567599586
13636	0	0
13637	0	0
13638	0	0.00013466008157796995
13639	0	0.00017286421880351838
13640	0	0.00017968638616522347
13641	0	0
13642	0	0
13643	0	0
13644	0	0
13645	0	0.00017059586289465309
13646	0	0
13647	0	0
13648	0	0
13649	0	0
13650	0	0
13651	0	0.00024354187267078303
13652	0	0
13653	0	0
13654	0	0
13655	0	0
13656	0	0
13657	0	0
13658	0	0
13659	0	0
13660	0	0
13661	0	0
13662	0	0
13663	0	0
13664	0	0
13665	0	0
13666	0	0
13667	0	0.0004211911107695833
13668	0	0.00013466008157796995
13669	0	0
13670	0	0
13671	0	0
13672	0	0
13673	0	0
13674	0	0.00013466008157796995
13675	0	0
13676	0	0.00013466008157796995
13677	0	0.0018060910851957143
13678	0	0
13679	0	0
13680	0	0
13681	0	0
13682	0	0.0006189762431719077
13683	0	0.003205566924114041
13684	0	0.0020585112775788027
13685	0	0
13686	0	0
13687	0	0
13688	0	0.00013466008157796995
13689	0	0
13690	0	0
13691	0	0
13692	0	0.00015103328324606215
13693	0	0
13694	0	0
13695	0	0
13696	0	0
13697	0	0
13698	0	0
13699	0	0
13700	0	0
13701	0	0
13702	0	0
13703	0	0.0017017784628490502
13704	0	0.00015376215019074417
13705	0	0
13706	0	0
13707	0	0.00013466008157796995
13708	0	0
13709	0	0
13710	0	0
13711	0	0
13712	0	0
13713	0	0
13714	0	0.0008605386888633905
13715	0	0.00013466008157796995
13716	0	0
13717	0	0
13718	0	0
13719	0	0
13720	0	0
13721	0	0
13722	0	0
13723	0	0.00020378527023093214
13724	0	0
13725	0	0
13726	0	0
13727	0	0.00013466008157796995
13728	0	0.00013466008157796995
13729	0	0
13730	0	0.0007077221399611968
13731	0	0
13732	0	0
13733	0	0.001252131095425262
13734	0	0
13735	0	0
13736	0	0
13737	0	0.00013466008157796995
13738	0	0
13739	0	0.00017013535185883636
13740	0	0
13741	0	0.00013466008157796995
13742	0	0.0005588264688556571
13743	0	0.00013466008157796995
13744	0	0.00013466008157796995
13745	0	0
13746	0	0
13747	0	0
13748	0	0.00013466008157796995
13749	0	0
13750	0	0.00013466008157796995
13751	0	0
13752	0	0
13753	0	0
13754	0	0.00013466008157796995
13755	0	0
13756	0	0.00014898663303755064
13757	0	0
13758	0	0.0005613914207990296
13759	0	0
13760	0	0.00017907736272260974
13761	0	0.0006411035961617064
13762	0	0.000157582563913299
13763	0	0
13764	0	0.0001473947939864861
13765	0	0.001030349499513444
13766	0	0.0007305054755263276
13767	0	0.0020682756304360025
13768	0	0
13769	0	0.00021474963869188982
13770	0	0
13771	0	0.0002745932298086361
13772	0	0
13773	0	0.00015376215019074417
13774	0	0
13775	0	0
13776	0	0.000691609060843475
13777	0	0.0018442952224212636
13778	0	0.0011630623731847148
13779	0	0
13780	0	0
13781	0	0
13782	0	0.0002230049848192901
13783	0	0.00021186162984264937
13784	0	0.00014898663303755064
13785	0	0.001037446393945696
13786	0	0.00019276435672326128
13787	0	0
13788	0	0.00015103328324606215
13789	0	0
13790	0	0
13791	0	0.00014950865313121956
13792	0	0.00017695751922054145
13793	0	0.00041191296315766437
13794	0	0
13795	0	0.00040999754990229845
13796	0	0.00019960711486140232
13797	0	0.0015959683304551983
13798	0	0.00025207721506716527
13799	0	0.0002148887697516217
13800	0	0
13801	0	0
13802	0	0.0002125234718234584
13803	0	0.0006789721395560915
13804	0	0
13805	0	0.0001473947939864861
13806	0	0
13807	0	0.0013049754672665814
13808	0	0.0009289103229424945
13809	0	0
13810	0	0.0005666729900770364
13811	0	0
13812	0	0.0002773184273649828
13813	0	0.00015103328324606215
13814	0	0.0005879663865833945
13815	0	0.0002223048669777576
13816	0	0
13817	0	0.0001473947939864861
13818	0	0
13819	0	0
13820	0	0
13821	0	0
13822	0	0.0005053509966309684
13823	0	0.0001473947939864861
13824	0	0
13825	0	0
13826	0	0
13827	0	0.00047100756279901124
13828	0	0
13829	0	0.00015103328324606215
13830	0	0.0002492724932546153
13831	0	0.0008014254978324888
13832	0	0.0001910111839856539
13833	0	0
13834	0	0.0012738737918708593
13835	0	0.0005532684299170739
13836	0	0
13837	0	0.000157582563913299
13838	0	0
13839	0	0
13840	0	0.0006523076777309475
13841	0	0
13842	0	0
13843	0	0.00017946311523338586
13844	0	0.0005339306160276005
13845	0	0
13846	0	0
13847	0	0
13848	0	0
13849	0	0.00019256684954387944
13850	0	0
13851	0	0
13852	0	0.00015572853960676506
13853	0	0
13854	0	0.000530375685234347
13855	0	0
13856	0	0.000157582563913299
13857	0	0.0002457988538202974
13858	0	0
13859	0	0
13860	0	0.0002148887697516217
13861	0	0
13862	0	0.0007738349846415675
13863	0	0.0005053766560130239
13864	0	0
13865	0	0
13866	0	0
13867	0	0
13868	0	0.0015577641932296498
13869	0	0
13870	0	0.00018143922004440954
13871	0	0
13872	0	0
13873	0	0
13874	0	0.0001919662874162926
13875	0	0
13876	0	0.0006377922864918094
13877	0	0
13878	0	0.00029896935857411306
13879	0	0
13880	0	0.00024334413926382881
13881	0	0.00013466008157796995
13882	0	0.00017826851630993283
13883	0	0.0002541761035921149
13884	0	0.00077601843589432
13885	0	0
13886	0	0
13887	0	0
13888	0	0
13889	0	0.0002462340048681328
13890	0	0.000289482082462642
13891	0	0
13892	0	0
13893	0	0
13894	0	0
13895	0	0.00014507939173039226
13896	0	0
13897	0	0
13898	0	0
13899	0	0.0006427999254251004
13900	0	0
13901	0	0.00015103328324606215
13902	0	0.0006518611761034337
13903	0	0
13904	0	0.0001864714797032144
13905	0	0
13906	0	0
13907	0	0
13908	0	0.00020331067313524639
13909	0	0
13910	0	0.00015376215019074417
13911	0	0
13912	0	0.000157582563913299
13913	0	0
13914	0	0.00015229276029745384
13915	0	0.00020770275346395901
13916	0	0.00016145259339848446
13917	0	0.00022730511434992495
13918	0	0.00018101333172302242
13919	0	0
13920	0	0.00015376215019074417
13921	0	0
13922	0	0.0010066721747638903
13923	0	0.00017286421880351838
13924	0	0
13925	0	0
13926	0	0
13927	0	0.0002768601249990644
13928	0	0.00020376457908887076
13929	0	0.00020426944054700548
13930	0	0.00013466008157796995
13931	0	0
13932	0	0.00014284668241201605
13933	0	0
13934	0	0.0006372382788348141
13935	0	0.0002558800656486913
13936	0	0.0004062072809332447
13937	0	0
13938	0	0
13939	0	0
13940	0	0
13941	0	0.0006250428100409547
13942	0	0
13943	0	0.0002670535889593739
13944	0	0.00014421111588435706
13945	0	0.00017286421880351838
13946	0	0
13947	0	0.00015604219033531403
13948	0	0.00020292201305294552
13949	0	0
13950	0	0.000157582563913299
13951	0	0
13952	0	0
13953	0	0.0001488789146055237
13954	0	0.0001839420962449534
13955	0	0
13956	0	0.0002929606034747652
13957	0	0
13958	0	0
13959	0	0
13960	0	0
13961	0	0.00017573403179182415
13962	0	0.00020708887513905082
13963	0	0.0001542226612265609
13964	0	0
13965	0	0.0003720572381865001
13966	0	0.00016189531464184064
13967	0	0
13968	0	0
13969	0	0.0005888065499815631
13970	0	0
13971	0	0.00013466008157796995
13972	0	0
13973	0	0
13974	0	0.0007984893943572425
13975	0	0.0002492724932546153
13976	0	0.00013466008157796995
13977	0	0
13978	0	0.00016331318449713128
13979	0	0
13980	0	0.0002901955674780679
13981	0	0
13982	0	0.00015103328324606215
13983	0	0
13984	0	0
13985	0	0.00015376215019074417
13986	0	0
13987	0	0.0008437266179091631
13988	0	0
13989	0	0.00016058431755244925
13990	0	0
13991	0	0.0001473947939864861
13992	0	0.00019531481534367976
13993	0	0.00030024123956616245
13994	0	0
13995	0	0.00015377374649715002
13996	0	0
13997	0	0
13998	0	0.0002421323569833044
13999	0	0.00015376215019074417
14000	0	0.00016331318449713128
14001	0	0
14002	0	0.0001671335982196861
14003	0	0
14004	0	0
14005	0	0.0001521510577584435
14006	0	0
14007	0	0.00023034713623970587
14008	0	0.00018622733507256238
14009	0	0.00014898663303755064
14010	0	0
14011	0	0.00015376215019074417
14012	0	0.0007050709889477299
14013	0	0
14014	0	0.00037848434308530946
14015	0	0
14016	0	0.00013466008157796995
14017	0	0
14018	0	0
14019	0	0
14020	0	0.0002561213649801082
14021	0	0
14022	0	0
14023	0	0
14024	0	0.00016257848955048611
14025	0	0.0010090100663269026
14026	0	0.00015376215019074417
14027	0	0
14028	0	0
14029	0	0
14030	0	0
14031	0	0
14032	0	0.00045902469905242813
14033	0	0.0001810508196375645
14034	0	0
14035	0	0
14036	0	0.00013466008157796995
14037	0	0.00026359904471419594
14038	0	0
14039	0	0.0001434764209377119
14040	0	0
14041	0	0
14042	0	0
14043	0	0
14044	0	0.0004214639974640515
14045	0	0.0002970352979808018
14046	0	0
14047	0	0
14048	0	0.00017286421880351838
14049	0	0
14050	0	0.00014507939173039226
14051	0	0
14052	0	0.00017286421880351838
14053	0	0
14054	0	0.00015376215019074417
14055	0	0.00014507939173039226
14056	0	0.00025673342583338167
14057	0	0
14058	0	0.00015236022880386104
14059	0	0.0002600515176861093
14060	0	0
14061	0	0
14062	0	0
14063	0	0
14064	0	0
14065	0	0
14066	0	0.00014507939173039226
14067	0	0.00018892555884098743
14068	0	0.00019418620450231715
14069	0	0.00035433387062487354
14070	0	0
14071	0	0.008825716908360468
14072	0	0
14073	0	0.00019483159770820874
14074	0	0.0001542226612265609
14075	0	0.00016331318449713128
14076	0	0.00013466008157796995
14077	0	0
14078	0	0
14079	0	0
14080	0	0
14081	0	0
14082	0	0
14083	0	0
14084	0	0.00014284668241201605
14085	0	0.00014898663303755064
14086	0	0.00017013535185883636
14087	0	0.00017286421880351838
14088	0	0
14089	0	0.0002015173217226797
14090	0	0
14091	0	0
14092	0	0
14093	0	0
14094	0	0.001401466266125146
14095	0	0
14096	0	0
14097	0	0
14098	0	0
14099	0	0
14100	0	0
14101	0	0.00013466008157796995
14102	0	0
14103	0	0
14104	0	0.0002013763105271087
14105	0	0
14106	0	0
14107	0	0
14108	0	0
14109	0	0
14110	0	0
14111	0	0.00019878845477799774
14112	0	0
14113	0	0
14114	0	0.0001978268610033808
14115	0	0.00021065966266850555
14116	0	0
14117	0	0
14118	0	0
14119	0	0
14120	0	0
14121	0	0.00017116466132042698
14122	0	0
14123	0	0.00014898663303755064
14124	0	0.00013466008157796995
14125	0	0.00016344676539652132
14126	0	0.00019056436602940947
14127	0	0
14128	0	0
14129	0	0
14130	0	0.00016808870165032486
14131	0	0
14132	0	0
14133	0	0
14134	0	0
14135	0	0.00015103328324606215
14136	0	0
14137	0	0.00015103328324606215
14138	0	0
14139	0	0.00018554976198025084
14140	0	0
14141	0	0
14142	0	0.00017960612537273283
14143	0	0.00017031727632181516
14144	0	0
14145	0	0
14146	0	0.00020724794230651198
14147	0	0
14148	0	0
14149	0	0
14150	0	0.0001414019881471844
14151	0	0.00017125312637121775
14152	0	0
14153	0	0
14154	0	0.00016331318449713128
14155	0	0.0001886228625563711
14156	0	0
14157	0	0.0001473947939864861
14158	0	0
14159	0	0.0001876263280393099
14160	0	0.000157582563913299
14161	0	0.0002791483384778361
14162	0	0
14163	0	0
14164	0	0
14165	0	0
14166	0	0
14167	0	0.00015182129829960668
14168	0	0
14169	0	0.000157582563913299
14170	0	0.00018493392955870835
14171	0	0
14172	0	0.0002932637927850352
14173	0	0
14174	0	0.00018892555884098743
14175	0	0
14176	0	0.0001886228625563711
14177	0	0.00015376215019074417
14178	0	0
14179	0	0
14180	0	0
14181	0	0.0005428985765024019
14182	0	0.00014898663303755064
14183	0	0
14184	0	0.00017569033192174654
14185	0	0
14186	0	0
14187	0	0
14188	0	0.0001622433655397357
14189	0	0.00024927249325461525
14190	0	0
14191	0	0
14192	0	0.00017469819415905373
14193	0	0.00027903431472187096
14194	0	0.0001844597263329429
14195	0	0.0002981786724237946
14196	0	0
14197	0	0
14198	0	0
14199	0	0.00014898663303755064
14200	0	0
14201	0	0.00013466008157796995
14202	0	0.00016535983470564278
14203	0	0.00017222225992527264
14204	0	0.00017222225992527264
14205	0	0.0001853766164094177
14206	0	0.00019904240850441895
14207	0	0
14208	0	0
14209	0	0.00017664833161725368
14210	0	0.00023781125208695075
14211	0	0
14212	0	0
14213	0	0
14214	0	0.00015377374649715002
14215	0	0
14216	0	0
14217	0	0
14218	0	0
14219	0	0.00016331318449713128
14220	0	0.00015376215019074417
14221	0	0
14222	0	0.00015376215019074417
14223	0	0
14224	0	0
14225	0	0.0003033187240042338
14226	0	0
14227	0	0
14228	0	0.0001723975760758316
14229	0	0
14230	0	0
14231	0	0
14232	0	0
14233	0	0
14234	0	0
14235	0	0.00013466008157796995
14236	0	0
14237	0	0
14238	0	0.00013466008157796995
14239	0	0
14240	0	0
14241	0	0
14242	0	0.00020195287949889058
14243	0	0.00014898663303755064
14244	0	0.00025097747043606087
14245	0	0
14246	0	0
14247	0	0
14248	0	0
14249	0	0
14250	0	0
14251	0	0.00015103328324606215
14252	0	0
14253	0	0
14254	0	0.00015103328324606215
14255	0	0
14256	0	0
14257	0	0.00015376215019074417
14258	0	0.00016331318449713128
14259	0	0.00017251330341403625
14260	0	0
14261	0	0.00015103328324606215
14262	0	0
14263	0	0
14264	0	0.00015376215019074417
14265	0	0
14266	0	0.00016916635578510944
14267	0	0.0003089712616178922
14268	0	0.00019195116553122365
14269	0	0.00015376215019074417
14270	0	0
14271	0	0
14272	0	0
14273	0	0
14274	0	0.0002435622884010671
14275	0	0
14276	0	0.0001719091153728797
14277	0	0
14278	0	0
14279	0	0.0002120033826650515
14280	0	0.00017222225992527264
14281	0	0.00015376215019074417
14282	0	0
14283	0	0
14284	0	0
14285	0	0
14286	0	0.00024496735069639376
14287	0	0
14288	0	0.00017632987982326456
14289	0	0
14290	0	0
14291	0	0.00018574558671028313
14292	0	0.00013466008157796995
14293	0	0.000157582563913299
14294	0	0
14295	0	0.00014421111588435706
14296	0	0
14297	0	0
14298	0	0
14299	0	0.00015527907916881742
14300	0	0
14301	0	0
14302	0	0.00013466008157796995
14303	0	0
14304	0	0
14305	0	0
14306	0	0
14307	0	0
14308	0	0.00013466008157796995
14309	0	0
14310	0	0
14311	0	0.00021142236208136533
14312	0	0.00014284668241201605
14313	0	0
14314	0	0
14315	0	0
14316	0	0
14317	0	0
14318	0	0
14319	0	0
14320	0	0.0002244135125014693
14321	0	0.00016404787944377644
14322	0	0
14323	0	0.00023405941172001415
14324	0	0
14325	0	0
14326	0	0
14327	0	0
14328	0	0
14329	0	0
14330	0	0
14331	0	0
14332	0	0
14333	0	0.00019832411282714633
14334	0	0
14335	0	0
14336	0	0
14337	0	0
14338	0	0.0001835590007367381
14339	0	0
14340	0	0.00013466008157796995
14341	0	0.00022186822741504866
14342	0	0
14343	0	0
14344	0	0
14345	0	0
14346	0	0
14347	0	0
14348	0	0.0012362261560859987
14349	0	0
14350	0	0.00017763973595671197
14351	0	0.00019369248898530985
14352	0	0
14353	0	0
14354	0	0.0002788806996044153
14355	0	0.00013466008157796995
14356	0	0
14357	0	0.0001983336436205507
14358	0	0
14359	0	0
14360	0	0.0002080276274537617
14361	0	0
14362	0	0.00013466008157796995
14363	0	0.00015103328324606215
14364	0	0
14365	0	0
14366	0	0.00020015288825033872
14367	0	0.00014507939173039226
14368	0	0.0002697389953397305
14369	0	0
14370	0	0.0002030309172762035
14371	0	0
14372	0	0
14373	0	0.00013466008157796995
14374	0	0.00014003696015045454
14375	0	0.00013466008157796995
14376	0	0
14377	0	0
14378	0	0
14379	0	0
14380	0	0
14381	0	0
14382	0	0.00019297433289921
14383	0	0.00013466008157796995
14384	0	0
14385	0	0.00023472032565441002
14386	0	0
14392	1	0.007130390713260166
14393	1	0.00013466008157796995
14394	1	0.01206712682006435
14395	1	0.00033239127596931817
14401	1	0.00017681637093029928
14402	1	0.0012919003880363454
14405	1	0.0017198685452682124
14406	1	0.0011732422057885111
14407	1	0.00031039295761718763
14408	1	0.00013466008157796995
14404	1	0.00018032417832282145
14413	1	0.0003192999437807896
14416	1	0.0019385625703595684
14417	1	0.0003051179383918326
14418	1	0.0011723042635480077
14423	1	0.00015413670055570053
14424	1	0.00030190097042499337
14425	1	0.0012441452165044098
14412	1	0.00015379685416089727
14429	1	0.00025363539767279036
14430	1	0.00019694825381995324
14431	1	0.00082136751686272
14436	1	0.00013466008157796995
14440	1	0.0017392338450510046
14451	1	0.0029702026704260436
14453	1	0.0005731648474485034
14421	1	0.00013466008157796995
14458	1	0.00032381395100455624
14397	1	0.00017417374354878755
14459	1	0.0019622170827648896
14461	1	0.0003026313598837823
14396	1	0.00013466008157796995
14464	1	0.0011089713355672843
14465	1	0.0002492724932546153
14410	1	0.00022414171398754928
14387	1	0.00013466008157796995
14467	1	0.0001471430454067819
14468	1	0.000604589842073974
14471	1	0.0002560057420760936
14447	1	0.00016897697403671597
14475	1	0.00013466008157796995
14403	1	0.00013466008157796995
14478	1	0.00017659531853087712
14388	1	0.00018354904899876395
14420	1	0.00015094830006951864
14456	1	0.00017555404940166784
14435	1	0.00016331803634939173
14398	1	0.00013466008157796995
14460	1	0.00016662558193930778
14409	1	0.00022714379972964852
14487	1	0.0020164702985888796
14389	1	0.00013466008157796995
14488	1	0.00030248617016813574
14489	1	0.0007077221399611968
14490	1	0.00021709225344796975
14443	1	0.00013466008157796995
14493	1	0.00020332072934376604
14494	1	0.00016331318449713128
14449	1	0.00013466008157796995
14491	1	0.000172303559505018
14442	1	0.0001462906713491662
14463	1	0.00013466008157796995
14496	1	0.0010493701716836688
14484	1	0.00015260040442035408
14414	1	0.00013466008157796995
14497	1	0.00017641399280613856
14498	1	0.00017358862390497246
14499	1	0.00013466008157796995
14474	1	0.00017887935159783186
14500	1	0.00014154197161691555
14462	1	0.0001781742073138729
14481	1	0.00015894765678111107
14502	1	0.00013466008157796995
14438	1	0.00013466008157796995
14503	1	0.00032950118142826705
14448	1	0.0001530635028953169
14504	1	0.0001472068499640705
14505	1	0.00015678648026826793
14444	1	0.00013466008157796995
14437	1	0.00020982697963809762
14507	1	0.0001596639843540901
14470	1	0.00013466008157796995
14411	1	0.00013466008157796995
14485	1	0.00016586184855187368
14415	1	0.00018108008184415593
14509	1	0.0011503199065809894
14445	1	0.00017405743510507906
14390	1	0.00016702223852550004
14452	1	0.0001714254730718162
14428	1	0.00017418104183741464
14482	1	0.0002405192820148195
14433	1	0.00017454594927615791
14510	1	0.00016507580695037028
14466	1	0.00016923086502207153
14495	1	0.00017350687225784324
14511	1	0.0001565728295282575
14455	1	0.00013466008157796995
14512	1	0.00027098401519990236
14513	1	0.0001561547348619658
14492	1	0.000163171953740727
14514	1	0.00013466008157796995
14446	1	0.0001699370645329507
14483	1	0.00022637652102397313
14427	1	0.00013466008157796995
14515	1	0.00016245755616884727
14516	1	0.00013466008157796995
14432	1	0.0001715364000967949
14472	1	0.00018111076666017545
14469	1	0.0001786060310612421
14517	1	0.00016286184963873533
14518	1	0.0002492724932546153
14519	1	0.00015524627080978177
14520	1	0.0004900332906329455
14508	1	0.00016658465404703756
14476	1	0.0001629587406469086
14521	1	0.000269651693042348
14522	1	0.0008879883311701383
14523	1	0.0002710409864116044
14506	1	0.00015047852999116614
14473	1	0.0001754973916881918
14399	1	0.00016995994223126655
14439	1	0.0001766403779201992
14480	1	0.0001592390862742733
14454	1	0.0001750777940496123
14524	1	0.00013466008157796995
14525	1	0.00020701767559583902
14441	1	0.0001719664156858422
14419	1	0.00013466008157796995
14422	1	0.00014376122160428788
14434	1	0.00013466008157796995
14426	1	0.00016923236799435928
14486	1	0.00016073033594811675
14527	1	0.0001541757045613805
14501	1	0.00016772996925817088
14457	1	0.000175440449510758
14391	1	0.0001894634064687648
14400	1	0.0001601481283836418
14528	1	0.00016923501837388564
14529	1	0.0004878994015081331
14530	1	0.0001897858329437162
14531	1	0.00015229276029745384
14526	1	0.0001474624138944123
14532	1	0.0002546660185099868
14533	1	0.0001897858329437162
14534	1	0.00016406261016952371
14450	1	0.00014466698921937216
14479	1	0.00014636800765933938
14535	1	0.00013466008157796995
14536	1	0.00013466008157796995
14537	1	0.0001873231778276899
14538	1	0.00013466008157796995
14539	1	0.00013466008157796995
14540	1	0.00020135211896418683
14477	2	0.00013803103486257717
