0	6.488006064409443e-05
1	0.004578409014627072
2	0
3	0
4	7.752569269243648e-05
5	9.294870358894904e-05
6	4.590642794637031e-05
7	5.3710517423344255e-05
8	9.304721509892608e-05
9	0
10	4.590642794637031e-05
11	0.0004629042154134185
12	4.9385705836363304e-05
13	0.00011124860991285544
14	4.590642794637031e-05
15	5.4688906297806336e-05
16	5.39239537161826e-05
17	0.0011505963773206934
18	4.590642794637031e-05
19	5.891324374132688e-05
20	4.590642794637031e-05
21	4.590642794637031e-05
22	7.987572907508293e-05
23	8.693746024498517e-05
24	0
25	0.009097296016507134
26	0
27	0.01041075293742324
28	4.590642794637031e-05
29	9.983413383184817e-05
30	0
31	0.0013605546618590157
32	4.590642794637031e-05
33	4.590642794637031e-05
34	4.590642794637031e-05
35	0
36	6.256097254416747e-05
37	5.566153979258774e-05
38	4.590642794637031e-05
39	9.361313179267016e-05
40	0.0001009629255400652
41	0
42	6.541665163880517e-05
43	0.00025459352372666247
44	4.590642794637031e-05
45	0
46	0
47	0.0050589405082883815
48	4.590642794637031e-05
49	0.00016947212158134465
50	5.704011719434789e-05
51	0.00012761242768268135
52	7.231136708851236e-05
53	5.4771091639934215e-05
54	6.541665163880517e-05
55	7.842602237552697e-05
56	0
57	0.003452101838122028
58	0
59	8.721947364585098e-05
60	5.2409835843848595e-05
61	7.040281559237609e-05
62	6.671733321830083e-05
63	0.00011867206171595965
64	4.590642794637031e-05
65	4.590642794637031e-05
66	0
67	0.00026754891431682727
68	0.00029878281768085617
69	4.590642794637031e-05
70	5.3710517423344255e-05
71	0
72	0.012132447645387142
73	4.590642794637031e-05
74	5.24282456707529e-05
75	0
76	6.973051843058858e-05
77	4.590642794637031e-05
78	0
79	8.492687533124002e-05
80	0
81	5.4771091639934215e-05
82	0.0005266878720383625
83	0.00015392715313778193
84	4.87594477078621e-05
85	9.538065346225619e-05
86	8.748382455225295e-05
87	0
88	0.004486107801742671
89	5.2445041878322984e-05
90	4.590642794637031e-05
91	7.053051675444104e-05
92	0.00043367000868873635
93	0.00036042240697225413
94	8.865129484625122e-05
95	0.00012245882924669414
96	7.499013459852109e-05
97	6.726642928936274e-05
98	0.001074618648122496
99	7.805665564460198e-05
100	0
101	4.820174838077441e-05
102	0.0004187245055900046
103	7.787591400841704e-05
104	0.0005719759863833742
105	7.194158663758114e-05
106	8.194298299036815e-05
107	4.590642794637031e-05
108	4.590642794637031e-05
109	0
110	0.000834746025130515
111	4.590642794637031e-05
112	5.566153979258774e-05
113	0.00011844058666889727
114	6.60665390769741e-05
115	0
116	0
117	0
118	0.0001370218572882556
119	0
120	0.002255154313198072
121	0
122	0.00013611758133002773
123	4.590642794637031e-05
124	0.0015519832367546648
125	0
126	0.00011646753205992137
127	0.00021017511219549725
128	4.590642794637031e-05
129	4.590642794637031e-05
130	5.3710517423344255e-05
131	0
132	0
133	0.00011628655478678108
134	9.887410712336942e-05
135	7.03103863980532e-05
136	0
137	5.385906312349715e-05
138	0
139	4.590642794637031e-05
140	0
141	6.538637128173607e-05
142	5.8503295356524955e-05
143	5.566153979258774e-05
144	0.00018533664573038748
145	7.741193844376573e-05
146	0.0011153009049806916
147	0.00012817829186340414
148	0.00017303329118613085
149	0
150	0
151	4.590642794637031e-05
152	8.03022109360682e-05
153	0.000624788665150591
154	4.590642794637031e-05
155	0.00010061796859201539
156	0.0001927683997252926
157	0.0001126553168985126
158	4.590642794637031e-05
159	0
160	4.590642794637031e-05
161	4.590642794637031e-05
162	0
163	0.00019974512198187692
164	0
165	4.590642794637031e-05
166	0.0006273470625598068
167	4.590642794637031e-05
168	0.0001136658009179592
169	0.00018724258591525916
170	0.00039870652671665177
171	0
172	4.590642794637031e-05
173	0
174	0
175	0.00039536610035309294
176	0
177	0.00014178719338892826
178	0.00012120626200968386
179	0.00011698870279271997
180	0.00018194934672630364
181	0
182	0
183	7.749411104056277e-05
184	0.00015481424623962916
185	6.601457182181338e-05
186	4.590642794637031e-05
187	5.3710517423344255e-05
188	8.540964928866912e-05
189	0.0002666469544681666
190	0
191	0.0002444631567876886
192	0
193	0.001161756787114004
194	4.590642794637031e-05
195	0.00600296011741789
196	0
197	0.005673351209880316
198	0
199	0
200	9.733667590674892e-05
201	0.00015656781047059527
202	4.590642794637031e-05
203	0.00010478697261826861
204	0
205	7.51717634850226e-05
206	0.00021069560399428541
207	0.00010473739200170992
208	0
209	4.590642794637031e-05
210	0.0004028697835498825
211	0.00011923339584788721
212	0.0008236618653991675
213	4.590642794637031e-05
214	0.0007092319739538065
215	0
216	5.0620874992378425e-05
217	0
218	0.0003220526021761367
219	4.590642794637031e-05
220	0
221	0
222	0.0004940318623700475
223	0
224	6.131250142240373e-05
225	0.0001478771232820505
226	0.0001325556903859302
227	0.0001258982312445211
228	0.0001206999558547574
229	5.5108859961839154e-05
230	4.590642794637031e-05
231	0.00019125883976706736
232	6.026164473936908e-05
233	0.00010929395924547534
234	7.537015580000908e-05
235	4.590642794637031e-05
236	5.3710517423344255e-05
237	4.590642794637031e-05
238	0.00019650276886178257
239	0
240	5.148077757278027e-05
241	9.852548336121848e-05
242	4.590642794637031e-05
243	4.590642794637031e-05
244	0
245	4.590642794637031e-05
246	0
247	5.0242033211355837e-05
248	4.590642794637031e-05
249	6.089568270135319e-05
250	5.557515592949715e-05
251	0.00010738100224843338
252	0
253	0.00010110432520925346
254	0.0013915142815520785
255	5.2445041878322984e-05
256	0.00018818718483312957
257	0
258	0.0001110361529294963
259	6.958470138305682e-05
260	5.182448379791766e-05
261	8.519168266153974e-05
262	5.445042848356728e-05
263	5.960691036028597e-05
264	4.590642794637031e-05
265	0
266	0.004618913560033438
267	0
268	0.0001476313249701062
269	4.590642794637031e-05
270	0.00031242366199778904
271	0
272	4.590642794637031e-05
273	0
274	4.590642794637031e-05
275	5.566153979258774e-05
276	0
277	0.0004895120460694525
278	6.634281433919931e-05
279	0.00013263265880101885
280	0.00045591682768436614
281	0
282	5.148077757278027e-05
283	5.566153979258774e-05
284	4.590642794637031e-05
285	6.541665163880517e-05
286	0
287	0
288	0
289	4.590642794637031e-05
290	6.685318738054046e-05
291	0.00011886789600228123
292	0
293	0
294	5.566153979258774e-05
295	4.590642794637031e-05
296	4.590642794637031e-05
297	6.516187793459988e-05
298	6.478062117549963e-05
299	0
300	0.0001606110471177321
301	0
302	0.00016506405750891455
303	0
304	0.000193509758426637
305	7.780134343857215e-05
306	0.0001148988681415367
307	4.590642794637031e-05
308	0.0006214652957662376
309	4.590642794637031e-05
310	6.82750950176543e-05
311	9.079425414488504e-05
312	6.288120877941231e-05
313	6.094362590955586e-05
314	5.566153979258774e-05
315	0.00031640897116400713
316	0
317	0
318	0
319	0
320	5.829429315853404e-05
321	0
322	4.590642794637031e-05
323	5.7984185470258556e-05
324	4.590642794637031e-05
325	9.003314530975549e-05
326	0.0007148946843353588
327	0.00027352215363994625
328	4.590642794637031e-05
329	0
330	0
331	5.498665851931677e-05
332	0.00021244511938850696
333	0
334	0
335	9.234374786002255e-05
336	0
337	0.004758023486832265
338	0
339	0.0003064625199826241
340	4.590642794637031e-05
341	0
342	0.00017717812258929319
343	0.0002453389704305794
344	8.17610666701088e-05
345	4.590642794637031e-05
346	0
347	0
348	0.00013303195952076092
349	5.749970144002329e-05
350	0.00023025940314149425
351	0.000146405570205235
352	8.461109595353821e-05
353	0.00039616101656446797
354	8.321020482043925e-05
355	7.68786358444111e-05
356	0.00017128604609210186
357	4.590642794637031e-05
358	0.0004070633626826139
359	8.239049279883001e-05
360	4.590642794637031e-05
361	4.915813189510945e-05
362	8.278878412412343e-05
363	0.00010785330768263627
364	0.00013279203440350924
365	0
366	4.590642794637031e-05
367	0
368	0.0001101565538711734
369	0
370	4.590642794637031e-05
371	0.0014093182487338006
372	0.00024197765766345502
373	0
374	0
375	5.891324374132688e-05
376	0
377	0.00010842151172019734
378	8.624794944553706e-05
379	0.00010827534791335426
380	7.569380451431165e-05
381	7.468705714878664e-05
382	0.0009963476904647618
383	0
384	0
385	6.489877485651558e-05
386	5.3710517423344255e-05
387	0
388	4.590642794637031e-05
389	0
390	9.173655421570187e-05
391	0
392	0.0004328043147987771
393	0
394	5.891324374132688e-05
395	0.0014934600183554457
396	0
397	4.590642794637031e-05
398	4.590642794637031e-05
399	6.030538004575852e-05
400	4.590642794637031e-05
401	4.590642794637031e-05
402	0.00046870083112134775
403	0
404	4.590642794637031e-05
405	0
406	0
407	0.00040994046268960627
408	4.590642794637031e-05
409	4.590642794637031e-05
410	0
411	0.0027428236088876943
412	0
413	0
414	0
415	0
416	0
417	4.590642794637031e-05
418	0
419	0.00018975375105764029
420	6.85590680870512e-05
421	5.3710517423344255e-05
422	4.590642794637031e-05
423	5.945043853779352e-05
424	0.0004056020930973381
425	0.00020582602614903687
426	0
427	0
428	6.397774109984855e-05
429	0
430	0.0005105917073698846
431	4.590642794637031e-05
432	7.967739152642035e-05
433	4.590642794637031e-05
434	0
435	0.002264142597727079
436	0.00010408626707713256
437	8.206465049382335e-05
438	0
439	5.0242033211355837e-05
440	0.000346550033879843
441	0
442	0
443	5.846311169847778e-05
444	0.00010969664960015977
445	4.590642794637031e-05
446	0
447	5.4550634900456276e-05
448	0
449	0.00020072426245288275
450	6.26421198799142e-05
451	6.124270728651041e-05
452	0
453	0
454	0
455	0.0003194499644105331
456	0.0003653345921880695
457	0.00011526916429912657
458	4.590642794637031e-05
459	0.00013678770104648134
460	0.00016714328885953763
461	5.4688906297806336e-05
462	0
463	6.734402863182068e-05
464	0
465	0.0001475078558393539
466	0.0001157952947174983
467	0
468	6.902453754466963e-05
469	6.875953437673184e-05
470	4.590642794637031e-05
471	0.00012135664696965783
472	8.073597691251512e-05
473	4.943559854269309e-05
474	6.288026910639516e-05
475	8.287541437771661e-05
476	8.586676729922705e-05
477	5.566153979258774e-05
478	0
479	6.262203697795956e-05
480	0.00039608703509030283
481	6.031602071040215e-05
482	0
483	8.396489990599736e-05
484	7.79803191623252e-05
485	6.541665163880517e-05
486	0
487	0
488	0.0017370509968934627
489	0
490	0.0007631597825533791
491	0
492	0
493	0.00017108310193483342
494	4.590642794637031e-05
495	0.0001560030934010598
496	5.6826438503663896e-05
497	0
498	8.213040097595157e-05
499	4.590642794637031e-05
500	0
501	0
502	0
503	9.198077801583733e-05
504	5.678594451556216e-05
505	0
506	6.26421198799142e-05
507	4.590642794637031e-05
508	0
509	4.590642794637031e-05
510	0.0001027783921841709
511	4.590642794637031e-05
512	0
513	4.590642794637031e-05
514	5.891324374132688e-05
515	0
516	0
517	8.036042821853437e-05
518	0.00011176211679444408
519	0
520	0
521	6.9836637616357e-05
522	0.00012442308921349062
523	0.00015997286047524917
524	0.00010738225079017579
525	9.809819583641884e-05
526	0.00031464120093978044
527	7.223164282534143e-05
528	7.236218807476268e-05
529	5.6826438503663896e-05
530	5.36125430201942e-05
531	0.0003779379004294676
532	4.590642794637031e-05
533	4.590642794637031e-05
534	4.590642794637031e-05
535	0
536	4.590642794637031e-05
537	0.00012388651898771017
538	0
539	0.000655008039264956
540	0.00013301214876455713
541	0.0001717382888126704
542	0
543	0.00012811216260543722
544	4.590642794637031e-05
545	4.590642794637031e-05
546	4.590642794637031e-05
547	4.590642794637031e-05
548	6.0529276754800164e-05
549	0
550	8.318109382311791e-05
551	4.590642794637031e-05
552	0.0001195186887610555
553	4.590642794637031e-05
554	0.0009294910390028557
555	9.446378226530451e-05
556	4.590642794637031e-05
557	0
558	5.891324374132688e-05
559	0
560	0
561	4.590642794637031e-05
562	0.000117986713593891
563	0
564	0.0001029906449850971
565	0.0002575818429667309
566	4.590642794637031e-05
567	0.0001478771232820505
568	4.590642794637031e-05
569	9.37282123795757e-05
570	0.00019660357963968095
571	0
572	4.590642794637031e-05
573	0
574	0
575	6.614512251352611e-05
576	0
577	6.557734866539747e-05
578	6.125211526527763e-05
579	9.507146628877992e-05
580	0
581	0
582	0.00010850700464829384
583	9.679517532458547e-05
584	4.590642794637031e-05
585	0.0002459867646030551
586	4.590642794637031e-05
587	0
588	8.88727034306402e-05
589	4.590642794637031e-05
590	0
591	0
592	0.0001060279469254536
593	0.0005439328661685945
594	0.00029023603533655245
595	8.878213697695345e-05
596	4.590642794637031e-05
597	0
598	0
599	0
600	0
601	0
602	0
603	0
604	0.000758196986531367
605	4.590642794637031e-05
606	9.521008075143549e-05
607	4.590642794637031e-05
608	4.590642794637031e-05
609	4.590642794637031e-05
610	0.00010137942837518189
611	0
612	0
613	6.746806395719517e-05
614	8.434300926722501e-05
615	9.110773206686533e-05
616	0.0002569133921820416
617	0
618	6.048784674640858e-05
619	0
620	0
621	4.590642794637031e-05
622	0
623	0.00011999079870620814
624	0
625	5.957034890439554e-05
626	7.899081185681172e-05
627	0
628	9.387060328995774e-05
629	0
630	0.00010819799303058817
631	4.590642794637031e-05
632	0
633	6.652886072362666e-05
634	5.8789309211745085e-05
635	0
636	0
637	0
638	4.590642794637031e-05
639	7.811518684313654e-05
640	7.001190964467234e-05
641	4.590642794637031e-05
642	4.915813189510945e-05
643	0
644	0
645	4.590642794637031e-05
646	0.000316824022407965
647	0
648	4.980847268485729e-05
649	0
650	0
651	5.945043853779352e-05
652	0.00011915829932121542
653	0
654	4.590642794637031e-05
655	9.860945562995076e-05
656	0.00023115079751495282
657	0
658	4.590642794637031e-05
659	0
660	5.3171420551186685e-05
661	7.240384086041177e-05
662	4.590642794637031e-05
663	0
664	4.590642794637031e-05
665	0.0001791215813981038
666	8.028394287028339e-05
667	0
668	4.590642794637031e-05
669	0.0029778927706979835
670	4.590642794637031e-05
671	0
672	0.0001921495598669543
673	0
674	0
675	0.00019686818370422642
676	4.590642794637031e-05
677	9.190018173952675e-05
678	5.4754976490729054e-05
679	8.711951192551461e-05
680	4.590642794637031e-05
681	0
682	0
683	0
684	5.704887303050592e-05
685	4.590642794637031e-05
686	0.00047809221550109836
687	4.590642794637031e-05
688	5.2409835843848595e-05
689	4.590642794637031e-05
690	0
691	4.590642794637031e-05
692	0.0001816278033156822
693	4.590642794637031e-05
694	4.590642794637031e-05
695	7.452851294961215e-05
696	5.78224220603735e-05
697	5.3710517423344255e-05
698	0
699	0.00012205076169198905
700	4.590642794637031e-05
701	5.78224220603735e-05
702	0.0001661514763033188
703	4.590642794637031e-05
704	6.829193622338252e-05
705	0.00014420654525071155
706	0
707	0.00014416415515773346
708	0.00015462572358285862
709	6.489877485651558e-05
710	4.590642794637031e-05
711	0
712	0
713	7.182506918404812e-05
714	0.00010550646083347799
715	0
716	0
717	0
718	0.0002631465860439766
719	4.590642794637031e-05
720	0
721	0.00012216145563602107
722	0
723	6.271969276323029e-05
724	0.0005377564648596512
725	5.078398386947903e-05
726	0.00024133336342699747
727	8.890471475644277e-05
728	0
729	0
730	0.00017291965244490865
731	0.00014541071779153417
732	0.0001787851532120938
733	0
734	0
735	0
736	0
737	5.0242033211355837e-05
738	4.590642794637031e-05
739	0
740	5.5200580565941716e-05
741	0
742	0
743	4.590642794637031e-05
744	8.625069984313846e-05
745	0.0004971914333699073
746	0
747	0.00010903235702954205
748	7.544932222818279e-05
749	9.269660284909537e-05
750	4.590642794637031e-05
751	0.00012864901046220157
752	0.0004222045573925164
753	5.891324374132688e-05
754	7.040281559237609e-05
755	0
756	0.00013595946612006892
757	0.0005047258364097932
758	6.268914015494476e-05
759	0.00029948630787900393
760	0
761	6.932324269155289e-05
762	6.048784674640858e-05
763	0.00047703555749236575
764	4.590642794637031e-05
765	5.0242033211355837e-05
766	0
767	4.590642794637031e-05
768	0.00018906147871496564
769	0.0003085800578682885
770	0
771	0
772	0.00010648137110014265
773	0
774	4.590642794637031e-05
775	8.859507682003681e-05
776	0.0001385276404814
777	0.0009869254852560825
778	5.588836828636437e-05
779	0
780	0.00014600554893516557
781	0.00019642316332209317
782	0
783	0
784	4.590642794637031e-05
785	0.00043072053504913596
786	6.792302444556116e-05
787	0
788	0
789	6.014104443306308e-05
790	0.00018914578170988564
791	8.033190967711983e-05
792	0.00012367540974436716
793	6.401968999343016e-05
794	7.590486951919785e-05
795	4.590642794637031e-05
796	7.04247807019211e-05
797	0.0002770451114373876
798	0
799	0
800	0
801	4.590642794637031e-05
802	0
803	0
804	0
805	4.590642794637031e-05
806	0.00011051289817813163
807	0
808	5.7165825905788325e-05
809	8.125588940019238e-05
810	0
811	0.0001704980388495922
812	8.111716049241428e-05
813	4.590642794637031e-05
814	0
815	4.590642794637031e-05
816	0
817	6.300764235577767e-05
818	0.00010155119613790987
819	6.346562926956169e-05
820	0
821	0.0007491062376610267
822	6.125211526527763e-05
823	7.666503428800112e-05
824	0
825	0.00048015625038881415
826	0
827	8.154474054328821e-05
828	8.068187024487576e-05
829	4.590642794637031e-05
830	0.00015474627939300622
831	0
832	6.422523987117745e-05
833	5.971690573608503e-05
834	0
835	4.590642794637031e-05
836	4.590642794637031e-05
837	0.00035401104895589657
838	4.590642794637031e-05
839	0
840	9.573692833811114e-05
841	8.471176261583174e-05
842	0.0010708067906001425
843	0
844	0.0003204776953065958
845	4.590642794637031e-05
846	8.854392317015752e-05
847	0
848	4.590642794637031e-05
849	5.548570665171399e-05
850	0
851	4.590642794637031e-05
852	4.590642794637031e-05
853	0
854	6.210676340503053e-05
855	0
856	0.0003025799272663128
857	4.590642794637031e-05
858	0.0001765889889974774
859	0
860	9.96741385867314e-05
861	6.691675951075548e-05
862	6.931869637729214e-05
863	0.00011822287304127639
864	4.590642794637031e-05
865	0.00010233971341939224
866	6.632115191327293e-05
867	4.590642794637031e-05
868	6.541665163880517e-05
869	4.590642794637031e-05
870	6.124270728651041e-05
871	0
872	4.590642794637031e-05
873	0
874	4.590642794637031e-05
875	4.590642794637031e-05
876	0.0007316399685032414
877	7.139108766427373e-05
878	0
879	7.734537953159296e-05
880	4.590642794637031e-05
881	0
882	4.590642794637031e-05
883	0.0004433280549714614
884	0
885	6.588704665063694e-05
886	9.318289674562093e-05
887	6.541665163880517e-05
888	0.00011696790363324895
889	0
890	5.148077757278027e-05
891	0
892	4.590642794637031e-05
893	4.590642794637031e-05
894	4.590642794637031e-05
895	8.878213697695345e-05
896	4.590642794637031e-05
897	5.24282456707529e-05
898	0
899	6.918267948248849e-05
900	4.590642794637031e-05
901	0
902	0
903	0
904	6.541665163880517e-05
905	5.566153979258774e-05
906	0.00013600006356526077
907	5.0242033211355837e-05
908	0
909	0
910	4.590642794637031e-05
911	0.00010652506738057013
912	6.585431260787768e-05
913	0
914	0
915	8.920230272780495e-05
916	0
917	4.590642794637031e-05
918	0
919	8.542381694922574e-05
920	0
921	5.303146371490648e-05
922	0
923	4.590642794637031e-05
924	0.000107332168855031
925	4.590642794637031e-05
926	6.151460690031819e-05
927	7.180625947122052e-05
928	6.541665163880517e-05
929	6.364791342065577e-05
930	0.0006225609296612422
931	6.884769691276301e-05
932	4.590642794637031e-05
933	0.0002314706271314833
934	0
935	4.590642794637031e-05
936	0
937	0
938	6.541665163880517e-05
939	4.590642794637031e-05
940	0
941	0
942	0.00018444846383518327
943	0
944	4.590642794637031e-05
945	0
946	0
947	0.00015127875125541508
948	0.00010590833266074971
949	5.2409835843848595e-05
950	4.590642794637031e-05
951	0
952	4.590642794637031e-05
953	9.292219800851967e-05
954	0
955	0
956	0.0004751795245036861
957	4.590642794637031e-05
958	0
959	4.590642794637031e-05
960	0.00021008231025100503
961	0
962	0
963	0.00015089083608920548
964	4.590642794637031e-05
965	0
966	0
967	7.788726977643858e-05
968	0
969	0
970	5.909119067228588e-05
971	7.38985800701423e-05
972	0
973	4.590642794637031e-05
974	6.145783363955446e-05
975	4.590642794637031e-05
976	4.590642794637031e-05
977	0
978	0.000303834466982766
979	4.590642794637031e-05
980	8.476948854203903e-05
981	4.590642794637031e-05
982	8.908015342907184e-05
983	0
984	4.590642794637031e-05
985	0.00011025754358061975
986	0
987	0.00016441654931410757
988	0
989	4.590642794637031e-05
990	0.00015786356785956284
991	5.5784543054327655e-05
992	0.0015017609086845536
993	0
994	0
995	5.77908410588718e-05
996	0
997	8.71754173074454e-05
998	0.00014565644254052116
999	9.163539645865487e-05
1000	4.590642794637031e-05
1001	0.0001294001941728829
1002	0.0002222913122392861
1003	6.998395487298896e-05
1004	6.290456133411117e-05
1005	0.0005073254979661838
1006	0.00023503602709953197
1007	6.112232713140507e-05
1008	4.590642794637031e-05
1009	6.883543711796068e-05
1010	4.590642794637031e-05
1011	7.650613933648076e-05
1012	8.863548766177318e-05
1013	0
1014	0
1015	0
1016	0
1017	0.000223794074542838
1018	0.00030148062413580263
1019	9.95429240272589e-05
1020	4.590642794637031e-05
1021	0
1022	9.95429240272589e-05
1023	0.0001229910104362186
1024	4.590642794637031e-05
1025	4.590642794637031e-05
1026	0.00030313891721296036
1027	5.148077757278027e-05
1028	0
1029	7.576331636720844e-05
1030	0.00024267253707747574
1031	0.00010189900929341918
1032	5.148077757278027e-05
1033	0.00017823234290479352
1034	5.092792987702215e-05
1035	4.590642794637031e-05
1036	5.3710517423344255e-05
1037	0
1038	6.08045290734992e-05
1039	0.0001038228618813235
1040	4.590642794637031e-05
1041	7.299475051756511e-05
1042	0
1043	0
1044	0
1045	0
1046	6.134240988434552e-05
1047	6.685318738054046e-05
1048	6.125211526527763e-05
1049	4.590642794637031e-05
1050	6.465614068806695e-05
1051	7.062572171608057e-05
1052	0.0001830905510969746
1053	4.590642794637031e-05
1054	8.114645892398466e-05
1055	5.333764328118007e-05
1056	4.590642794637031e-05
1057	5.891324374132688e-05
1058	0
1059	0
1060	8.791817095313271e-05
1061	4.915813189510945e-05
1062	0
1063	0
1064	0
1065	9.722647730691381e-05
1066	4.9385705836363304e-05
1067	8.67312321664841e-05
1068	4.590642794637031e-05
1069	0
1070	0
1071	0
1072	0.00011822287304127639
1073	0.0003248412164439538
1074	0
1075	8.97137488636068e-05
1076	4.590642794637031e-05
1077	5.2409835843848595e-05
1078	0.00010819564758951118
1079	6.541665163880517e-05
1080	5.0242033211355837e-05
1081	6.79728931675514e-05
1082	4.590642794637031e-05
1083	0
1084	0
1085	0.00021131281926056392
1086	4.590642794637031e-05
1087	0
1088	0
1089	0
1090	0
1091	0.0001777216510665848
1092	4.590642794637031e-05
1093	0
1094	0
1095	7.126671737015803e-05
1096	0.00020736858769487902
1097	0
1098	0.0001711483560105499
1099	6.175727657916284e-05
1100	4.590642794637031e-05
1101	0
1102	0
1103	9.947037097189595e-05
1104	5.929898833635011e-05
1105	0.000144318641205501
1106	4.590642794637031e-05
1107	0
1108	6.422523987117745e-05
1109	4.590642794637031e-05
1110	0
1111	0
1112	7.05750000413346e-05
1113	0
1114	6.365880745459171e-05
1115	4.590642794637031e-05
1116	5.566153979258774e-05
1117	0.000126080507569962
1118	0
1119	0.00014490999492001533
1120	0
1121	0.00022680619215795233
1122	4.590642794637031e-05
1123	0.0002090866136741068
1124	0.00025019901565143603
1125	4.590642794637031e-05
1126	6.216494769006603e-05
1127	8.47739701712208e-05
1128	4.590642794637031e-05
1129	4.590642794637031e-05
1130	4.590642794637031e-05
1131	5.148077757278027e-05
1132	0.00012155247281228003
1133	5.3710517423344255e-05
1134	4.590642794637031e-05
1135	0.0001062622832585507
1136	5.891324374132688e-05
1137	7.359816157220404e-05
1138	0
1139	4.590642794637031e-05
1140	7.382914317917129e-05
1141	5.2409835843848595e-05
1142	4.590642794637031e-05
1143	0
1144	0.0004149023046781397
1145	4.590642794637031e-05
1146	0.00012727765560998754
1147	0
1148	5.8789309211745085e-05
1149	0.00017711404767204199
1150	6.826243071003348e-05
1151	0
1152	0
1153	4.590642794637031e-05
1154	0
1155	5.148077757278027e-05
1156	6.392975022197752e-05
1157	4.590642794637031e-05
1158	0.00012233064883937503
1159	0
1160	4.590642794637031e-05
1161	4.590642794637031e-05
1162	0.0002922325547151461
1163	4.590642794637031e-05
1164	0.0005339941182014464
1165	0
1166	8.67312321664841e-05
1167	6.437496059134618e-05
1168	6.541665163880517e-05
1169	0
1170	5.358749953173275e-05
1171	8.324041032980272e-05
1172	0.00010179899412947087
1173	9.818919518867873e-05
1174	4.590642794637031e-05
1175	4.590642794637031e-05
1176	0.0001788465255771097
1177	5.78224220603735e-05
1178	0.00012080953687078974
1179	6.076302139188445e-05
1180	0
1181	4.590642794637031e-05
1182	0
1183	8.216259652222626e-05
1184	5.891324374132688e-05
1185	5.3710517423344255e-05
1186	0
1187	0.0001333798286792167
1188	7.001190964467234e-05
1189	8.748382455225295e-05
1190	0
1191	5.8656595781160574e-05
1192	4.590642794637031e-05
1193	0
1194	0
1195	4.590642794637031e-05
1196	6.701464955615327e-05
1197	6.031602071040215e-05
1198	0.0010805618636604607
1199	0.00010085130457590002
1200	4.590642794637031e-05
1201	5.078398386947903e-05
1202	0
1203	0.00012536921957861173
1204	6.167869534400918e-05
1205	0.00010914913810155909
1206	0
1207	0.0001115057901683403
1208	6.572309798988702e-05
1209	0
1210	5.078398386947903e-05
1211	6.819131811464153e-05
1212	5.891324374132688e-05
1213	4.590642794637031e-05
1214	4.590642794637031e-05
1215	8.208586786534203e-05
1216	5.2409835843848595e-05
1217	0
1218	4.590642794637031e-05
1219	0.00025642951805397984
1220	5.21713171073972e-05
1221	0
1222	0.0017497937812278206
1223	0
1224	0.00016644925920522016
1225	0.00019013335172237607
1226	0
1227	6.0660786842935146e-05
1228	4.590642794637031e-05
1229	6.036616000503755e-05
1230	8.741272445332824e-05
1231	0.0002471173524021753
1232	7.68399819702024e-05
1233	0
1234	5.566153979258774e-05
1235	0
1236	0
1237	0
1238	0.00022759043223070065
1239	0
1240	0
1241	4.590642794637031e-05
1242	0
1243	5.39239537161826e-05
1244	0
1245	0.0001561137799589973
1246	4.9385705836363304e-05
1247	4.590642794637031e-05
1248	7.053051675444104e-05
1249	4.590642794637031e-05
1250	4.590642794637031e-05
1251	0
1252	0
1253	0
1254	4.590642794637031e-05
1255	4.590642794637031e-05
1256	0
1257	0
1258	5.891324374132688e-05
1259	5.566153979258774e-05
1260	4.590642794637031e-05
1261	0.00019217426832332526
1262	7.514047027600907e-05
1263	5.891324374132688e-05
1264	8.462225181362557e-05
1265	0
1266	0.0008643536293914493
1267	0
1268	9.323348926396545e-05
1269	4.590642794637031e-05
1270	0.00012705951257184443
1271	0.00012802385029229285
1272	0
1273	0
1274	0.0001448408733503953
1275	9.653239749885472e-05
1276	7.721993117770702e-05
1277	0.000201978094513039
1278	0
1279	6.281048878634444e-05
1280	4.590642794637031e-05
1281	0.00015694563583856707
1282	0
1283	4.590642794637031e-05
1284	6.541665163880517e-05
1285	0
1286	0.00011582962420190466
1287	4.980847268485729e-05
1288	4.590642794637031e-05
1289	0
1290	0
1291	0.00011756948825756345
1292	0.0001478771232820505
1293	0.00038088873285574236
1294	4.590642794637031e-05
1295	5.891324374132688e-05
1296	4.590642794637031e-05
1297	4.590642794637031e-05
1298	0.00012541800066890907
1299	4.590642794637031e-05
1300	4.590642794637031e-05
1301	0
1302	0
1303	0
1304	0
1305	5.9193887474584165e-05
1306	0
1307	5.891324374132688e-05
1308	6.61561767916175e-05
1309	7.307118111311591e-05
1310	6.935076099997288e-05
1311	4.590642794637031e-05
1312	4.590642794637031e-05
1313	4.590642794637031e-05
1314	4.590642794637031e-05
1315	0.00038709013187042336
1316	9.842366944877123e-05
1317	0.00012326971890419774
1318	0.00013708454284831008
1319	4.590642794637031e-05
1320	7.44079569871624e-05
1321	0
1322	0
1323	4.590642794637031e-05
1324	4.590642794637031e-05
1325	0.0001478771232820505
1326	6.541665163880517e-05
1327	8.896793922949513e-05
1328	0
1329	0
1330	0
1331	0
1332	4.590642794637031e-05
1333	8.127648996520469e-05
1334	4.590642794637031e-05
1335	6.12514464171821e-05
1336	8.957673037373133e-05
1337	0.00020343332458670456
1338	4.915813189510945e-05
1339	4.590642794637031e-05
1340	4.590642794637031e-05
1341	4.590642794637031e-05
1342	4.590642794637031e-05
1343	0.00010089241955210554
1344	7.32207411157791e-05
1345	0.00018744246407880122
1346	0
1347	0.00014661894113330055
1348	0
1349	0
1350	7.139912783581439e-05
1351	0
1352	5.3710517423344255e-05
1353	0
1354	0
1355	8.328527964185488e-05
1356	4.590642794637031e-05
1357	0
1358	0
1359	4.590642794637031e-05
1360	4.590642794637031e-05
1361	0
1362	7.401300666484036e-05
1363	8.385492307646838e-05
1364	0.00011703467358754703
1365	0
1366	4.590642794637031e-05
1367	0.00023047663716723742
1368	7.373285294606598e-05
1369	0
1370	0
1371	0
1372	4.590642794637031e-05
1373	4.590642794637031e-05
1374	0.0001847018498958491
1375	5.8880168724453305e-05
1376	4.590642794637031e-05
1377	0
1378	0
1379	0
1380	4.590642794637031e-05
1381	0
1382	0
1383	9.552592430709307e-05
1384	0
1385	5.890531026160713e-05
1386	0.0001144909459938396
1387	4.590642794637031e-05
1388	0
1389	8.761398344549609e-05
1390	0
1391	0.00033298140782266967
1392	0
1393	0.00011436262515411177
1394	7.51009524546107e-05
1395	0
1396	4.590642794637031e-05
1397	0.0001233932328477276
1398	7.040281559237609e-05
1399	4.590642794637031e-05
1400	4.590642794637031e-05
1401	0
1402	4.590642794637031e-05
1403	4.87594477078621e-05
1404	0
1405	0
1406	0.00018742722059576281
1407	0.0003111279807307085
1408	7.655034088678275e-05
1409	4.590642794637031e-05
1410	0
1411	4.590642794637031e-05
1412	0
1413	4.590642794637031e-05
1414	0
1415	0.00012697638250622765
1416	0.00010925421136815065
1417	0
1418	0.00010774465975375132
1419	0
1420	5.602316913095844e-05
1421	0
1422	4.590642794637031e-05
1423	4.590642794637031e-05
1424	0
1425	0
1426	0.0010763068295780948
1427	4.590642794637031e-05
1428	0.00013700353043798774
1429	0
1430	0.00035485063361769757
1431	4.834520590792466e-05
1432	4.590642794637031e-05
1433	0
1434	4.590642794637031e-05
1435	0
1436	4.590642794637031e-05
1437	0.0002034032323364734
1438	5.341015979372498e-05
1439	4.590642794637031e-05
1440	0.00010793856951356488
1441	0
1442	4.590642794637031e-05
1443	4.590642794637031e-05
1444	9.744932440996488e-05
1445	4.590642794637031e-05
1446	4.590642794637031e-05
1447	0.00021973280585104788
1448	4.590642794637031e-05
1449	0.00018637896805049462
1450	0.00011532713886459399
1451	6.398553922009683e-05
1452	0
1453	0.0001496712697657679
1454	0
1455	0
1456	0
1457	0
1458	4.590642794637031e-05
1459	5.891324374132688e-05
1460	0
1461	0
1462	8.930248660253553e-05
1463	7.118285449733747e-05
1464	4.590642794637031e-05
1465	0
1466	0
1467	0
1468	4.590642794637031e-05
1469	0
1470	4.590642794637031e-05
1471	4.590642794637031e-05
1472	4.980847268485729e-05
1473	7.77178676639004e-05
1474	0
1475	8.492687533124002e-05
1476	0
1477	4.590642794637031e-05
1478	0
1479	0
1480	4.590642794637031e-05
1481	0
1482	6.541665163880517e-05
1483	0
1484	0
1485	5.3710517423344255e-05
1486	0
1487	0
1488	0
1489	8.647890157825167e-05
1490	4.590642794637031e-05
1491	0.0002111784952835255
1492	4.590642794637031e-05
1493	9.299313771013776e-05
1494	0
1495	5.9363990142928796e-05
1496	0
1497	0
1498	0.00014981216965297047
1499	0
1500	9.047620828291275e-05
1501	0.0002057987852229879
1502	4.590642794637031e-05
1503	5.50687872506395e-05
1504	6.125211526527763e-05
1505	4.590642794637031e-05
1506	7.53044390337535e-05
1507	4.590642794637031e-05
1508	4.87594477078621e-05
1509	0
1510	0.00019480436439429967
1511	8.651609641669406e-05
1512	4.590642794637031e-05
1513	9.653239749885472e-05
1514	5.968211596507935e-05
1515	8.985251567698495e-05
1516	4.834520590792466e-05
1517	6.24196595450636e-05
1518	0.0006235680188215914
1519	6.300930613711598e-05
1520	4.590642794637031e-05
1521	0
1522	0
1523	0
1524	0
1525	5.3710517423344255e-05
1526	0.0005158536553731717
1527	0.000123028763159287
1528	0.00016045560078516846
1529	8.83046912252576e-05
1530	4.590642794637031e-05
1531	5.403343435079664e-05
1532	4.590642794637031e-05
1533	0.00015278800658810628
1534	4.590642794637031e-05
1535	8.047139227376543e-05
1536	0
1537	9.302539193933233e-05
1538	4.590642794637031e-05
1539	5.798867213220822e-05
1540	0
1541	5.891324374132688e-05
1542	0
1543	0
1544	5.2409835843848595e-05
1545	0
1546	0
1547	0.00012979931934243357
1548	4.590642794637031e-05
1549	0.00015085312117303076
1550	0
1551	5.568445431201966e-05
1552	0
1553	0
1554	0
1555	4.915813189510945e-05
1556	0
1557	0
1558	4.590642794637031e-05
1559	4.590642794637031e-05
1560	5.0620874992378425e-05
1561	9.810055329876339e-05
1562	0.00014859439915978218
1563	0
1564	7.508447646241538e-05
1565	4.590642794637031e-05
1566	0
1567	0
1568	0.00018541181232180408
1569	0
1570	4.590642794637031e-05
1571	6.685318738054046e-05
1572	7.140935680629368e-05
1573	6.721021661956617e-05
1574	0
1575	5.3710517423344255e-05
1576	4.590642794637031e-05
1577	6.541665163880517e-05
1578	0
1579	4.590642794637031e-05
1580	0
1581	4.590642794637031e-05
1582	0
1583	5.0242033211355837e-05
1584	4.590642794637031e-05
1585	5.577100633281645e-05
1586	0
1587	5.3935139510248166e-05
1588	0
1589	7.639102663069347e-05
1590	0
1591	0.00014743617097911718
1592	6.943722781129678e-05
1593	0
1594	0
1595	0
1596	0
1597	8.830337910334809e-05
1598	5.078398386947903e-05
1599	8.661350676617074e-05
1600	0
1601	0
1602	8.745830169248094e-05
1603	8.740229607303218e-05
1604	4.590642794637031e-05
1605	0
1606	5.568445431201966e-05
1607	6.507524820668845e-05
1608	0.0001258020626577422
1609	0.00010286108862620401
1610	0.00011779600978741661
1611	6.79728931675514e-05
1612	0
1613	4.590642794637031e-05
1614	0
1615	9.304721509892608e-05
1616	5.148077757278027e-05
1617	6.826967140029698e-05
1618	4.590642794637031e-05
1619	0
1620	4.915813189510945e-05
1621	7.874918831145915e-05
1622	0
1623	4.590642794637031e-05
1624	0.0001040875846808643
1625	0
1626	4.590642794637031e-05
1627	0
1628	6.241494226496896e-05
1629	6.478062117549963e-05
1630	4.590642794637031e-05
1631	0
1632	0
1633	0
1634	0
1635	0
1636	4.590642794637031e-05
1637	0
1638	6.422523987117745e-05
1639	5.999714505757327e-05
1640	0
1641	7.66979953914037e-05
1642	0
1643	0.00020279075601702508
1644	4.590642794637031e-05
1645	0
1646	4.94347803715294e-05
1647	0
1648	5.4141920893288555e-05
1649	6.75631031679911e-05
1650	7.178962869707078e-05
1651	4.590642794637031e-05
1652	9.670658302102834e-05
1653	0.0001721518830044719
1654	0.0002162676489567348
1655	0
1656	0
1657	6.875953437673184e-05
1658	0.00013633783939181145
1659	8.566342629772388e-05
1660	4.590642794637031e-05
1661	0
1662	0.00010062163106771113
1663	0
1664	0
1665	4.590642794637031e-05
1666	0
1667	0
1668	7.505500243387852e-05
1669	4.590642794637031e-05
1670	0
1671	0
1672	4.590642794637031e-05
1673	0
1674	5.3710517423344255e-05
1675	0
1676	0
1677	9.468198717745745e-05
1678	0
1679	0.0011210394264380777
1680	5.891324374132688e-05
1681	5.148077757278027e-05
1682	9.437538405359626e-05
1683	4.590642794637031e-05
1684	0
1685	9.335684670896365e-05
1686	0.00032458712350219305
1687	4.590642794637031e-05
1688	4.590642794637031e-05
1689	0
1690	0
1691	5.6823128477279076e-05
1692	5.566153979258774e-05
1693	4.590642794637031e-05
1694	0.00010903235702954205
1695	4.590642794637031e-05
1696	4.590642794637031e-05
1697	0.00016348715349030323
1698	5.6119542317929465e-05
1699	8.151454206610586e-05
1700	0
1701	0
1702	0
1703	4.590642794637031e-05
1704	4.590642794637031e-05
1705	0.00019459372306374415
1706	4.590642794637031e-05
1707	0.0004087597601206769
1708	5.566153979258774e-05
1709	0
1710	0
1711	0.00013839056316254758
1712	6.98301250516369e-05
1713	5.759155913385548e-05
1714	0
1715	0.00013850206263755282
1716	5.457763847634135e-05
1717	0
1718	0
1719	5.4688906297806336e-05
1720	9.224831903862e-05
1721	6.556850276900952e-05
1722	0
1723	4.590642794637031e-05
1724	4.590642794637031e-05
1725	0
1726	8.865129484625122e-05
1727	6.031602071040215e-05
1728	6.823060536150562e-05
1729	0.000377061159694663
1730	6.605724767378835e-05
1731	0.000246232729622802
1732	0.00011930578916329418
1733	0.0001579095147012722
1734	5.1932798370945814e-05
1735	0
1736	7.619350419359786e-05
1737	4.590642794637031e-05
1738	4.590642794637031e-05
1739	0
1740	6.79728931675514e-05
1741	5.7165825905788325e-05
1742	5.578109558711704e-05
1743	0
1744	0
1745	4.590642794637031e-05
1746	9.42829910552256e-05
1747	0.00022906356644511913
1748	0
1749	0.00016061597105201635
1750	7.876918149454366e-05
1751	4.590642794637031e-05
1752	4.590642794637031e-05
1753	0
1754	5.2409835843848595e-05
1755	6.541665163880517e-05
1756	6.189368584014288e-05
1757	4.590642794637031e-05
1758	0
1759	0
1760	0.00016861082478074508
1761	0.00011855419203672247
1762	0.0003133520467494962
1763	0
1764	0
1765	0
1766	0
1767	0
1768	6.845577205637282e-05
1769	4.590642794637031e-05
1770	0
1771	4.590642794637031e-05
1772	6.091273946065406e-05
1773	0.00018592473505168365
1774	8.492687533124002e-05
1775	9.951720047068385e-05
1776	5.2409835843848595e-05
1777	6.556850276900952e-05
1778	0
1779	0.00025758966009628624
1780	4.590642794637031e-05
1781	0
1782	0
1783	4.590642794637031e-05
1784	7.341395698354324e-05
1785	0.00010263222314737428
1786	6.478473413710306e-05
1787	0
1788	4.590642794637031e-05
1789	0.00012475010131140203
1790	8.576512399180158e-05
1791	0
1792	4.590642794637031e-05
1793	0.0004241712853654663
1794	0
1795	0
1796	0
1797	6.778513802326932e-05
1798	0
1799	6.782460420676986e-05
1800	0
1801	8.328856379258287e-05
1802	6.96272324460146e-05
1803	0
1804	7.192005953628346e-05
1805	4.590642794637031e-05
1806	0
1807	0
1808	0
1809	0
1810	0
1811	4.590642794637031e-05
1812	5.21713171073972e-05
1813	5.2409835843848595e-05
1814	0
1815	5.566153979258774e-05
1816	0.0002423569415922106
1817	5.148077757278027e-05
1818	9.96741385867314e-05
1819	4.590642794637031e-05
1820	0.0001478771232820505
1821	0.00011018243678945366
1822	0
1823	9.514682171294556e-05
1824	9.141859958047618e-05
1825	5.891324374132688e-05
1826	0
1827	7.444402632894576e-05
1828	6.997961954542625e-05
1829	0
1830	4.590642794637031e-05
1831	5.2305053234596346e-05
1832	8.288461784169413e-05
1833	4.590642794637031e-05
1834	8.290673178375246e-05
1835	0
1836	0
1837	8.206465049382335e-05
1838	4.590642794637031e-05
1839	7.426750367770634e-05
1840	4.590642794637031e-05
1841	4.87594477078621e-05
1842	6.797576182352683e-05
1843	7.991552703042092e-05
1844	7.007705508948889e-05
1845	4.590642794637031e-05
1846	0
1847	0
1848	0
1849	6.0517206125301374e-05
1850	0
1851	8.510361991301946e-05
1852	4.590642794637031e-05
1853	5.704011719434789e-05
1854	0
1855	0
1856	4.590642794637031e-05
1857	0
1858	0.00011586849335272693
1859	6.541665163880517e-05
1860	4.590642794637031e-05
1861	0
1862	4.590642794637031e-05
1863	6.541665163880517e-05
1864	8.361184511049299e-05
1865	0
1866	0.00017579887841229374
1867	0
1868	0
1869	9.455064963508698e-05
1870	9.304721509892608e-05
1871	9.873443625359543e-05
1872	4.590642794637031e-05
1873	0
1874	0.00010596093665497654
1875	7.401300666484036e-05
1876	4.590642794637031e-05
1877	5.6326631529132824e-05
1878	4.820174838077441e-05
1879	0
1880	0
1881	0
1882	0
1883	5.930962466644636e-05
1884	4.590642794637031e-05
1885	4.590642794637031e-05
1886	4.590642794637031e-05
1887	0.0001015748741862582
1888	8.964132237724815e-05
1889	0.00013356979093387552
1890	5.0242033211355837e-05
1891	4.590642794637031e-05
1892	4.590642794637031e-05
1893	5.3710517423344255e-05
1894	0
1895	6.541665163880517e-05
1896	0
1897	4.590642794637031e-05
1898	5.891324374132688e-05
1899	6.541665163880517e-05
1900	0
1901	0
1902	0.00013881515890954492
1903	5.566153979258774e-05
1904	0
1905	0
1906	0
1907	0
1908	0
1909	0
1910	0
1911	0
1912	6.370026481761374e-05
1913	7.183295176704366e-05
1914	0
1915	4.590642794637031e-05
1916	0
1917	5.3710517423344255e-05
1918	0
1919	4.590642794637031e-05
1920	0.00011554308708429946
1921	8.474356390323475e-05
1922	0
1923	5.5108859961839154e-05
1924	0.00010825963960537339
1925	0
1926	9.733667590674892e-05
1927	7.608332945177063e-05
1928	4.590642794637031e-05
1929	0.0001120866836603096
1930	4.590642794637031e-05
1931	6.518817177467414e-05
1932	7.245764623606676e-05
1933	6.005158385960572e-05
1934	0
1935	7.198824481034055e-05
1936	9.863564617512585e-05
1937	0
1938	0
1939	4.590642794637031e-05
1940	4.9453741344994835e-05
1941	4.590642794637031e-05
1942	5.59944997696881e-05
1943	0.00011681790480330959
1944	0.00018180097828915975
1945	0.0001181702536590515
1946	0
1947	6.407846237684853e-05
1948	0
1949	6.27955879576853e-05
1950	0
1951	0.00017417295838310709
1952	0
1953	8.332058650803926e-05
1954	0
1955	0
1956	4.590642794637031e-05
1957	5.774253964946501e-05
1958	0.00013017488970979186
1959	4.590642794637031e-05
1960	0.0002915519048530532
1961	7.118285449733747e-05
1962	4.590642794637031e-05
1963	0
1964	4.590642794637031e-05
1965	0
1966	0.0006638422318300996
1967	0.00011524015747060123
1968	4.590642794637031e-05
1969	7.099100126521513e-05
1970	8.21180490807868e-05
1971	6.478395393122177e-05
1972	0
1973	0.00015334735731953322
1974	0.0004177276547793623
1975	4.590642794637031e-05
1976	0
1977	0.0002405296098477271
1978	0.00013782745979056303
1979	6.231464918908778e-05
1980	7.44730243319813e-05
1981	5.566153979258774e-05
1982	0
1983	0.00014598201016904734
1984	5.5068966775121596e-05
1985	0
1986	4.590642794637031e-05
1987	5.3710517423344255e-05
1988	6.541665163880517e-05
1989	4.590642794637031e-05
1990	0
1991	4.590642794637031e-05
1992	0
1993	0.00039378554654525134
1994	0
1995	5.6714775667454176e-05
1996	7.79803191623252e-05
1997	0
1998	6.210676340503053e-05
1999	0.00017591858839673965
2000	4.590642794637031e-05
2001	4.590642794637031e-05
2002	0
2003	0
2004	0
2005	0
2006	0
2007	5.566153979258774e-05
2008	0
2009	0
2010	4.590642794637031e-05
2011	0
2012	4.590642794637031e-05
2013	0
2014	0
2015	0.00016860894053661137
2016	8.763370026815396e-05
2017	0.00011273614888642582
2018	0
2019	8.590861241638447e-05
2020	4.590642794637031e-05
2021	5.891324374132688e-05
2022	6.274741318331253e-05
2023	7.791704732381513e-05
2024	4.590642794637031e-05
2025	0.00011769525766173315
2026	4.590642794637031e-05
2027	4.590642794637031e-05
2028	4.590642794637031e-05
2029	0
2030	4.590642794637031e-05
2031	0
2032	0
2033	0.00016731836343832887
2034	6.541665163880517e-05
2035	4.590642794637031e-05
2036	0
2037	0
2038	9.86761030360511e-05
2039	4.590642794637031e-05
2040	0.00013013770571707663
2041	4.590642794637031e-05
2042	0
2043	4.590642794637031e-05
2044	0
2045	4.590642794637031e-05
2046	0
2047	6.0369716965351527e-05
2048	4.590642794637031e-05
2049	7.444982508812668e-05
2050	0
2051	6.787900062845515e-05
2052	0
2053	0.000348427357779397
2054	4.590642794637031e-05
2055	0
2056	4.590642794637031e-05
2057	0
2058	5.078398386947903e-05
2059	0.00034226030294128045
2060	0.00015486030570586464
2061	0.00014679532024793437
2062	4.980847268485729e-05
2063	6.373047506526096e-05
2064	0
2065	4.590642794637031e-05
2066	0
2067	0
2068	6.0099432159633717e-05
2069	4.590642794637031e-05
2070	0
2071	0
2072	7.763421452861085e-05
2073	5.566153979258774e-05
2074	0
2075	0.0001764217937018835
2076	0.0001860182761505019
2077	0
2078	0
2079	0
2080	6.541665163880517e-05
2081	0
2082	4.590642794637031e-05
2083	0
2084	0
2085	0.00015324144678916204
2086	5.498665851931677e-05
2087	6.330500635537478e-05
2088	7.145897346663764e-05
2089	5.255981781551542e-05
2090	0.00030887462938233726
2091	0
2092	5.3710517423344255e-05
2093	4.590642794637031e-05
2094	5.76703299341129e-05
2095	0
2096	0
2097	8.629851866055761e-05
2098	7.095350018974582e-05
2099	4.590642794637031e-05
2100	0
2101	7.191976141415282e-05
2102	4.590642794637031e-05
2103	4.590642794637031e-05
2104	0.00022751821216300373
2105	0.00011604265353787853
2106	8.353437771285529e-05
2107	0
2108	0
2109	5.982353950634228e-05
2110	6.0427117574737567e-05
2111	7.095247265083355e-05
2112	0.00010522156758519758
2113	0.00015254871578448742
2114	0
2115	0
2116	9.588367085810067e-05
2117	0.00010384702206284338
2118	4.590642794637031e-05
2119	4.590642794637031e-05
2120	0
2121	4.590642794637031e-05
2122	4.87594477078621e-05
2123	0
2124	6.96256440141607e-05
2125	0
2126	0.00011822287304127639
2127	4.590642794637031e-05
2128	6.792302444556116e-05
2129	0.0001555441506838766
2130	0.00015272107867170785
2131	8.153558500990353e-05
2132	4.590642794637031e-05
2133	0.00034146267782974145
2134	4.9385705836363304e-05
2135	0.00012498620728637993
2136	7.189303565699476e-05
2137	0
2138	4.590642794637031e-05
2139	5.78224220603735e-05
2140	5.891324374132688e-05
2141	0
2142	5.3710517423344255e-05
2143	0.0004793615922892842
2144	4.590642794637031e-05
2145	6.076972958170126e-05
2146	4.590642794637031e-05
2147	0
2148	5.17985001703373e-05
2149	0.00035062892811628334
2150	0
2151	0
2152	4.590642794637031e-05
2153	4.590642794637031e-05
2154	5.0242033211355837e-05
2155	0
2156	0
2157	0.00022595765787759096
2158	4.590642794637031e-05
2159	4.590642794637031e-05
2160	0
2161	4.590642794637031e-05
2162	9.288254487003952e-05
2163	0
2164	0
2165	7.54933399127224e-05
2166	0.00034090040440935924
2167	0
2168	0.00014349626357771378
2169	0
2170	0
2171	0
2172	4.590642794637031e-05
2173	0
2174	6.541665163880517e-05
2175	8.76317311638484e-05
2176	8.198405952634831e-05
2177	0
2178	0.0002992226958262069
2179	6.605724767378835e-05
2180	0.0001199127225198858
2181	0
2182	0
2183	0
2184	0
2185	0.0001098567947460331
2186	4.590642794637031e-05
2187	0
2188	5.566153979258774e-05
2189	0
2190	6.88210726029625e-05
2191	0
2192	0.00022660202056457013
2193	4.590642794637031e-05
2194	9.812457427624789e-05
2195	4.590642794637031e-05
2196	0
2197	0.0001639638690178748
2198	4.590642794637031e-05
2199	4.590642794637031e-05
2200	0
2201	5.78224220603735e-05
2202	4.590642794637031e-05
2203	0
2204	5.498665851931677e-05
2205	0
2206	4.590642794637031e-05
2207	4.590642794637031e-05
2208	0
2209	4.590642794637031e-05
2210	0
2211	4.590642794637031e-05
2212	0
2213	0.0007568334741783737
2214	0.00014103832927827344
2215	4.590642794637031e-05
2216	5.6850682567946174e-05
2217	4.590642794637031e-05
2218	0
2219	0.0001408463195220394
2220	0
2221	0.0002401710972183294
2222	0
2223	4.590642794637031e-05
2224	0.00017398797092984907
2225	4.590642794637031e-05
2226	5.759155913385548e-05
2227	0.0007369399557174221
2228	4.590642794637031e-05
2229	7.013518881870442e-05
2230	0
2231	0.0005217192663336719
2232	6.350850174719405e-05
2233	4.590642794637031e-05
2234	4.590642794637031e-05
2235	5.3710517423344255e-05
2236	4.590642794637031e-05
2237	0
2238	0
2239	0
2240	0
2241	0.0001088321528870847
2242	4.590642794637031e-05
2243	4.590642794637031e-05
2244	4.590642794637031e-05
2245	0
2246	8.639924437647771e-05
2247	0
2248	0
2249	6.927491719650198e-05
2250	0
2251	0
2252	0
2253	0
2254	0
2255	0.00014413619757960353
2256	0.0001327129933898498
2257	5.595882548642735e-05
2258	4.590642794637031e-05
2259	4.590642794637031e-05
2260	4.590642794637031e-05
2261	0.00010647295665504066
2262	8.49209419742287e-05
2263	6.502512920096706e-05
2264	0
2265	0
2266	4.590642794637031e-05
2267	4.590642794637031e-05
2268	0
2269	0
2270	9.622137411208601e-05
2271	0
2272	0.00012280720422440614
2273	0.00040311431690281106
2274	0.00012263649206591915
2275	4.590642794637031e-05
2276	5.873201935399609e-05
2277	0
2278	0
2279	0.00021273368911478243
2280	4.590642794637031e-05
2281	5.566153979258774e-05
2282	6.902453754466963e-05
2283	7.053051675444104e-05
2284	6.537784605877185e-05
2285	7.987572907508293e-05
2286	4.950496520458899e-05
2287	8.492687533124002e-05
2288	0.00017809947321822736
2289	0
2290	0.00010678299786614733
2291	0.0001309207736625757
2292	0.00010043067344414866
2293	0
2294	9.366280549043137e-05
2295	6.541665163880517e-05
2296	8.218906809808659e-05
2297	7.322630538710548e-05
2298	0
2299	0
2300	0.00014339351189698188
2301	4.590642794637031e-05
2302	0
2303	5.385906312349715e-05
2304	7.967739152642035e-05
2305	9.656023441882183e-05
2306	4.590642794637031e-05
2307	0
2308	0
2309	0
2310	5.566153979258774e-05
2311	0
2312	0
2313	7.192005953628346e-05
2314	0
2315	0
2316	5.4771091639934215e-05
2317	0
2318	0
2319	0
2320	8.911995141803433e-05
2321	0
2322	4.590642794637031e-05
2323	4.590642794637031e-05
2324	0.00012178826600554728
2325	4.590642794637031e-05
2326	0
2327	0
2328	0.00011430056136009122
2329	4.590642794637031e-05
2330	4.590642794637031e-05
2331	5.891324374132688e-05
2332	0
2333	6.85590680870512e-05
2334	9.28638442673955e-05
2335	9.28638442673955e-05
2336	0
2337	5.078398386947903e-05
2338	4.590642794637031e-05
2339	5.0242033211355837e-05
2340	0
2341	4.590642794637031e-05
2342	6.78197070987896e-05
2343	7.016500116249664e-05
2344	0.0004985232279387202
2345	6.880674050369882e-05
2346	0
2347	0
2348	0.00010218582862394839
2349	5.104410885158868e-05
2350	9.6620688913333e-05
2351	0
2352	4.590642794637031e-05
2353	0
2354	4.590642794637031e-05
2355	0
2356	7.09659845904779e-05
2357	0
2358	0.00021087440387720683
2359	0
2360	0.00010248009828969105
2361	4.590642794637031e-05
2362	6.053909571569645e-05
2363	4.590642794637031e-05
2364	0.000341273931428656
2365	6.541665163880517e-05
2366	0
2367	0.00040369058184933386
2368	0
2369	0
2370	6.736929280409079e-05
2371	7.746647581166487e-05
2372	0.0001860182761505019
2373	0.00015505280811084742
2374	4.590642794637031e-05
2375	8.12352421453923e-05
2376	0.00014490999492001533
2377	6.905141738208812e-05
2378	0.00011554308708429946
2379	0
2380	0.00010260220687042605
2381	9.273096480821397e-05
2382	0
2383	5.996790311364809e-05
2384	4.590642794637031e-05
2385	4.590642794637031e-05
2386	0
2387	5.566153979258774e-05
2388	7.924151463591691e-05
2389	6.401968999343016e-05
2390	4.590642794637031e-05
2391	7.908949506361906e-05
2392	0
2393	0.00020564859493172734
2394	6.926513659953058e-05
2395	4.590642794637031e-05
2396	4.590642794637031e-05
2397	4.590642794637031e-05
2398	0
2399	0
2400	8.255638175631036e-05
2401	9.323348926396545e-05
2402	0
2403	0
2404	0.00012135794222951988
2405	0
2406	5.385906312349715e-05
2407	0
2408	0.0001731316399060099
2409	4.590642794637031e-05
2410	4.590642794637031e-05
2411	0.00014575020631574478
2412	5.891324374132688e-05
2413	0.00018382042103790507
2414	0.00020706930072087379
2415	0
2416	0.00012783714160333965
2417	0.00021535495999518484
2418	0.0002866940260381479
2419	0
2420	4.590642794637031e-05
2421	6.153372916232867e-05
2422	6.37721620005483e-05
2423	4.590642794637031e-05
2424	0
2425	6.72470408843568e-05
2426	7.109066934499734e-05
2427	0
2428	0.00011618851663847281
2429	5.894742920195497e-05
2430	0
2431	0.00035218753046345144
2432	9.950236077426697e-05
2433	9.065867266260601e-05
2434	6.685318738054046e-05
2435	0
2436	4.590642794637031e-05
2437	0.0001189392248030315
2438	6.605724767378835e-05
2439	6.50347580412346e-05
2440	4.590642794637031e-05
2441	6.300973222853885e-05
2442	8.492687533124002e-05
2443	0.00011006955843649887
2444	6.541665163880517e-05
2445	5.148077757278027e-05
2446	0.00014280769854952224
2447	9.70965881344164e-05
2448	0
2449	6.920555038401095e-05
2450	0
2451	0
2452	0
2453	0
2454	0.00023762596219147652
2455	9.762724482763645e-05
2456	0.00011002700564826926
2457	6.246568495756528e-05
2458	4.918104243106959e-05
2459	0.00011263957694621056
2460	0
2461	0.0002469142547572562
2462	0
2463	6.517488934171783e-05
2464	4.590642794637031e-05
2465	0
2466	0
2467	0.00015503208508189302
2468	5.2409835843848595e-05
2469	0
2470	5.183816952681807e-05
2471	0
2472	4.590642794637031e-05
2473	0
2474	5.799143141463464e-05
2475	0
2476	0.00020148129755328555
2477	0
2478	4.590642794637031e-05
2479	0
2480	0
2481	4.590642794637031e-05
2482	0
2483	7.053051675444104e-05
2484	0.00022173198942399493
2485	7.990965280484731e-05
2486	0
2487	6.231118814562578e-05
2488	0.00013422080395676956
2489	0
2490	0
2491	6.0529276754800164e-05
2492	0
2493	0
2494	5.4503660666370816e-05
2495	0
2496	0
2497	5.557473307940895e-05
2498	0
2499	5.518450231968496e-05
2500	0.00013012450588433775
2501	0
2502	0
2503	6.746806395719517e-05
2504	0
2505	0
2506	8.492687533124002e-05
2507	5.0242033211355837e-05
2508	6.566904917823848e-05
2509	0.00011786377046733971
2510	0
2511	0.0001009629255400652
2512	8.627051757280938e-05
2513	4.590642794637031e-05
2514	0
2515	0.00018952774403220078
2516	0.00010858183596266233
2517	4.590642794637031e-05
2518	0
2519	0.00016059866673403294
2520	7.981625511554349e-05
2521	7.350293407205716e-05
2522	0.00011305287540484886
2523	4.590642794637031e-05
2524	7.046054101450788e-05
2525	6.366013277723036e-05
2526	9.326212769870057e-05
2527	7.769420305849688e-05
2528	0.00013505419340852068
2529	4.590642794637031e-05
2530	0
2531	0
2532	4.590642794637031e-05
2533	0
2534	0
2535	5.4688906297806336e-05
2536	0.0002941127897966428
2537	5.460991987929309e-05
2538	0
2539	4.590642794637031e-05
2540	5.148077757278027e-05
2541	0
2542	0.0003596756340212424
2543	6.175727657916284e-05
2544	6.864314289749287e-05
2545	0
2546	4.590642794637031e-05
2547	5.078398386947903e-05
2548	5.78224220603735e-05
2549	4.590642794637031e-05
2550	0
2551	0.000164596330558622
2552	5.518450231968496e-05
2553	0
2554	7.366514773666555e-05
2555	7.955041856440449e-05
2556	0
2557	0
2558	0.00010531216570653152
2559	0
2560	0.00015950315460896256
2561	6.398553922009683e-05
2562	6.56846210986592e-05
2563	4.590642794637031e-05
2564	0
2565	7.132773959284758e-05
2566	4.590642794637031e-05
2567	0
2568	4.590642794637031e-05
2569	0
2570	4.590642794637031e-05
2571	0
2572	0
2573	0.0001117082604761895
2574	5.0242033211355837e-05
2575	0
2576	0
2577	5.971690573608503e-05
2578	7.92322911269694e-05
2579	0
2580	6.587163105540873e-05
2581	0.00013611758133002773
2582	0
2583	0.00011208879926477168
2584	4.590642794637031e-05
2585	0.00019431947523150091
2586	9.791549912661587e-05
2587	4.590642794637031e-05
2588	4.590642794637031e-05
2589	0
2590	0.0004985059906350034
2591	0
2592	0
2593	5.3710517423344255e-05
2594	0.00014580635456595028
2595	0
2596	9.601065428398135e-05
2597	0
2598	4.590642794637031e-05
2599	4.590642794637031e-05
2600	4.590642794637031e-05
2601	0
2602	0.0001282814048142153
2603	0
2604	0.00041898438532120665
2605	0
2606	0
2607	0
2608	0
2609	0
2610	6.955988884650679e-05
2611	0
2612	4.590642794637031e-05
2613	5.84362062684241e-05
2614	6.541665163880517e-05
2615	8.049546990888994e-05
2616	4.980847268485729e-05
2617	0
2618	9.665708664464928e-05
2619	4.590642794637031e-05
2620	0
2621	4.590642794637031e-05
2622	6.486106666672222e-05
2623	9.592241265655763e-05
2624	0.00019062199018193143
2625	8.886626567080657e-05
2626	0
2627	4.590642794637031e-05
2628	4.590642794637031e-05
2629	0
2630	0
2631	4.590642794637031e-05
2632	0
2633	0
2634	5.550015464532386e-05
2635	0
2636	0
2637	0.00010372808190559996
2638	5.659187156417222e-05
2639	0
2640	0
2641	0
2642	8.147168522764789e-05
2643	0
2644	5.704011719434789e-05
2645	5.358749953173275e-05
2646	0
2647	5.3860192111862066e-05
2648	0
2649	0.00022696245028993713
2650	0
2651	0
2652	0
2653	4.590642794637031e-05
2654	0
2655	0
2656	0
2657	9.277383728584634e-05
2658	0.0013590122695557444
2659	0
2660	7.235772050535597e-05
2661	5.403343435079664e-05
2662	9.427686868728353e-05
2663	4.590642794637031e-05
2664	0.00011776841907889638
2665	5.566153979258774e-05
2666	7.865506314544596e-05
2667	0
2668	0
2669	6.720058883552847e-05
2670	0
2671	4.590642794637031e-05
2672	0.00014843851885222863
2673	4.590642794637031e-05
2674	6.154491924861312e-05
2675	4.590642794637031e-05
2676	6.541665163880517e-05
2677	0
2678	4.590642794637031e-05
2679	8.661350676617074e-05
2680	4.590642794637031e-05
2681	8.665990849969051e-05
2682	0
2683	6.350850174719405e-05
2684	0
2685	0
2686	0.00012168917103803158
2687	4.590642794637031e-05
2688	0
2689	0
2690	5.968211596507935e-05
2691	0
2692	6.957865135255971e-05
2693	0
2694	0
2695	5.891324374132688e-05
2696	0.00018606693655203905
2697	0.00010889300003337702
2698	0
2699	6.300764235577767e-05
2700	0
2701	4.590642794637031e-05
2702	6.631873766878228e-05
2703	6.261279904244202e-05
2704	4.590642794637031e-05
2705	0
2706	0
2707	0.00025907917774168764
2708	7.690697447887239e-05
2709	5.3710517423344255e-05
2710	0
2711	0
2712	0
2713	0.00019924766438107297
2714	4.590642794637031e-05
2715	4.590642794637031e-05
2716	4.590642794637031e-05
2717	0.00014754971472655224
2718	5.566153979258774e-05
2719	9.460081022051627e-05
2720	8.937577756793745e-05
2721	0
2722	8.862926054039164e-05
2723	0
2724	5.568445431201966e-05
2725	4.590642794637031e-05
2726	4.590642794637031e-05
2727	0
2728	9.200501329458482e-05
2729	0
2730	4.590642794637031e-05
2731	0.00012372692380886673
2732	0
2733	8.147382550788209e-05
2734	5.891324374132688e-05
2735	0
2736	0.0010031693560246836
2737	0.00012270758935004894
2738	4.590642794637031e-05
2739	4.590642794637031e-05
2740	0
2741	0
2742	4.590642794637031e-05
2743	0
2744	0
2745	0
2746	0
2747	7.015004565252264e-05
2748	9.887890764153934e-05
2749	0
2750	6.0733835271357684e-05
2751	0
2752	4.590642794637031e-05
2753	0
2754	4.590642794637031e-05
2755	4.590642794637031e-05
2756	0.00015180225216873637
2757	5.260338346387476e-05
2758	0.00011147868496424203
2759	0
2760	0
2761	0
2762	0
2763	4.590642794637031e-05
2764	4.590642794637031e-05
2765	6.362636090605917e-05
2766	4.590642794637031e-05
2767	4.590642794637031e-05
2768	7.010714856658725e-05
2769	5.78224220603735e-05
2770	0
2771	0.00016482811787795723
2772	0
2773	7.04006179370671e-05
2774	7.248319436246981e-05
2775	6.300930613711598e-05
2776	6.051032884660391e-05
2777	0
2778	0
2779	6.259662116138232e-05
2780	8.032983389822109e-05
2781	0
2782	0
2783	0
2784	0
2785	0
2786	0
2787	7.382914317917129e-05
2788	4.590642794637031e-05
2789	4.590642794637031e-05
2790	0.00010899117484173958
2791	0
2792	0
2793	0
2794	0.0002881463499442691
2795	0
2796	0
2797	0
2798	7.404825450179669e-05
2799	0
2800	0
2801	0
2802	0
2803	0
2804	6.671798728450658e-05
2805	0
2806	4.590642794637031e-05
2807	6.172639928347362e-05
2808	0
2809	0
2810	5.670203972102637e-05
2811	0
2812	0.0005306044785510956
2813	0
2814	0
2815	0
2816	4.590642794637031e-05
2817	5.3860192111862066e-05
2818	0
2819	0
2820	4.590642794637031e-05
2821	6.943829902724429e-05
2822	6.826243071003348e-05
2823	0.00025841912620022363
2824	0
2825	0
2826	0.0001478771232820505
2827	6.981627779603843e-05
2828	7.270230472519302e-05
2829	4.590642794637031e-05
2830	0.00012130979569843296
2831	7.090853054628744e-05
2832	0
2833	7.673729086021754e-05
2834	0
2835	0
2836	5.891324374132688e-05
2837	0.00013957389650800318
2838	6.446257669299961e-05
2839	0.00022342001320940988
2840	4.590642794637031e-05
2841	6.905024438725507e-05
2842	0
2843	5.618178975680705e-05
2844	6.57143250731741e-05
2845	4.590642794637031e-05
2846	5.891324374132688e-05
2847	6.541665163880517e-05
2848	4.590642794637031e-05
2849	4.590642794637031e-05
2850	9.335684670896365e-05
2851	8.906550453679392e-05
2852	4.590642794637031e-05
2853	5.0242033211355837e-05
2854	6.124020033254136e-05
2855	6.672482243532676e-05
2856	0.00018528194195526696
2857	0.00014579380039523234
2858	4.590642794637031e-05
2859	6.767681476226801e-05
2860	6.048784674640858e-05
2861	0
2862	0.00015541233957480936
2863	4.590642794637031e-05
2864	4.590642794637031e-05
2865	7.791777612701428e-05
2866	7.143423900868011e-05
2867	4.590642794637031e-05
2868	6.82365627608774e-05
2869	0
2870	9.288519000875683e-05
2871	4.590642794637031e-05
2872	0
2873	7.349466254136515e-05
2874	0
2875	0.00010279387348107565
2876	5.566153979258774e-05
2877	0
2878	4.980847268485729e-05
2879	0
2880	0
2881	4.590642794637031e-05
2882	9.301580692919624e-05
2883	0.00013525472050762255
2884	0
2885	0.00015798488141532865
2886	0
2887	0
2888	0
2889	0
2890	6.0427117574737567e-05
2891	6.0427117574737567e-05
2892	0
2893	0
2894	0
2895	0
2896	0
2897	0.00012935508841397682
2898	5.566153979258774e-05
2899	0
2900	0.0003015126166605102
2901	0
2902	0.0001224777123105445
2903	6.0270041923990095e-05
2904	7.017926059730435e-05
2905	0
2906	0
2907	7.126797617881014e-05
2908	5.348715357440108e-05
2909	5.891324374132688e-05
2910	0.0002773098900484789
2911	4.590642794637031e-05
2912	4.590642794637031e-05
2913	0
2914	5.566153979258774e-05
2915	4.590642794637031e-05
2916	5.3710517423344255e-05
2917	0
2918	0
2919	4.590642794637031e-05
2920	0
2921	0
2922	0.00010248009828969105
2923	4.590642794637031e-05
2924	0
2925	0.00016071586910843864
2926	0
2927	0
2928	4.590642794637031e-05
2929	0.00012427324719725024
2930	0
2931	4.590642794637031e-05
2932	7.661203480567788e-05
2933	0
2934	0
2935	4.590642794637031e-05
2936	7.957143941692563e-05
2937	4.590642794637031e-05
2938	0
2939	0.00013145369499694928
2940	0
2941	0.0001802849378151
2942	0
2943	0
2944	5.891324374132688e-05
2945	4.915813189510945e-05
2946	8.205538718125774e-05
2947	0.00020655367819814033
2948	4.590642794637031e-05
2949	5.7326339678089556e-05
2950	5.092792987702215e-05
2951	6.234595617554869e-05
2952	0
2953	0.00036889308455324057
2954	4.590642794637031e-05
2955	0
2956	4.590642794637031e-05
2957	4.590642794637031e-05
2958	0
2959	4.590642794637031e-05
2960	0
2961	9.292516390483734e-05
2962	6.622980925902259e-05
2963	4.590642794637031e-05
2964	0
2965	5.078398386947903e-05
2966	0
2967	0
2968	0
2969	0
2970	4.590642794637031e-05
2971	5.148077757278027e-05
2972	5.4688906297806336e-05
2973	0
2974	0
2975	4.590642794637031e-05
2976	0
2977	0.000112857600066282
2978	0
2979	0.00013775489807091676
2980	5.3171420551186685e-05
2981	0
2982	0
2983	5.566153979258774e-05
2984	0.00011677992781870669
2985	0
2986	0.00016295489955234414
2987	4.590642794637031e-05
2988	6.407846237684853e-05
2989	4.590642794637031e-05
2990	0.00010995208453945353
2991	6.446257669299961e-05
2992	0
2993	0
2994	4.590642794637031e-05
2995	0.00014490999492001533
2996	0.00015439304355766725
2997	0
2998	7.139108766427373e-05
2999	5.3710517423344255e-05
3000	4.590642794637031e-05
3001	0
3002	0
3003	4.590642794637031e-05
3004	0
3005	0
3006	5.678594451556216e-05
3007	0
3008	5.891324374132688e-05
3009	4.590642794637031e-05
3010	7.705541899316972e-05
3011	0.0003360280545997158
3012	0
3013	0
3014	0
3015	8.911995141803433e-05
3016	4.590642794637031e-05
3017	0
3018	5.566153979258774e-05
3019	0
3020	4.590642794637031e-05
3021	4.590642794637031e-05
3022	0.0001275030510551511
3023	0
3024	0
3025	0.0002969759827016247
3026	0
3027	0
3028	4.590642794637031e-05
3029	0.00019780449599247793
3030	6.486106666672222e-05
3031	0
3032	0
3033	0.00015952671750469233
3034	6.0498767441804796e-05
3035	4.590642794637031e-05
3036	0
3037	0.0002694030106552115
3038	4.590642794637031e-05
3039	0.0003183375025766029
3040	4.590642794637031e-05
3041	0
3042	5.9959295662304074e-05
3043	4.590642794637031e-05
3044	6.182654584544141e-05
3045	4.590642794637031e-05
3046	0
3047	0.00022015683612523973
3048	0.0001085132975778952
3049	4.590642794637031e-05
3050	7.116560753480042e-05
3051	0
3052	0
3053	0
3054	0
3055	0
3056	6.558307974558545e-05
3057	0
3058	4.590642794637031e-05
3059	0
3060	4.590642794637031e-05
3061	0
3062	5.4503660666370816e-05
3063	9.501718461123146e-05
3064	0
3065	0
3066	8.943828587906905e-05
3067	8.492687533124002e-05
3068	0
3069	7.720683976328942e-05
3070	0
3071	0
3072	4.590642794637031e-05
3073	0
3074	4.590642794637031e-05
3075	8.629851866055761e-05
3076	4.590642794637031e-05
3077	0
3078	4.590642794637031e-05
3079	6.816891833177101e-05
3080	9.8327089655773e-05
3081	0
3082	6.60665390769741e-05
3083	0
3084	5.385906312349715e-05
3085	4.590642794637031e-05
3086	7.175571145119679e-05
3087	0
3088	0.00010772355573011064
3089	0
3090	0
3091	0.0001750883268093576
3092	4.590642794637031e-05
3093	0.00013329514488399867
3094	8.492687533124002e-05
3095	0
3096	0
3097	5.7056977189748285e-05
3098	0.00011738447120328138
3099	4.590642794637031e-05
3100	0
3101	0
3102	0
3103	0
3104	0
3105	5.2409835843848595e-05
3106	4.590642794637031e-05
3107	0
3108	0.00016444331399671766
3109	4.590642794637031e-05
3110	0.00012356945112670307
3111	4.590642794637031e-05
3112	4.590642794637031e-05
3113	5.6756294728672345e-05
3114	0
3115	0
3116	4.590642794637031e-05
3117	4.590642794637031e-05
3118	9.871264934884154e-05
3119	0
3120	4.590642794637031e-05
3121	7.892322137422729e-05
3122	0
3123	6.241232802772485e-05
3124	0
3125	5.550015464532386e-05
3126	5.385906312349715e-05
3127	0.000274589722308303
3128	8.393391970009386e-05
3129	4.590642794637031e-05
3130	0
3131	4.590642794637031e-05
3132	6.588704665063694e-05
3133	4.590642794637031e-05
3134	5.891324374132688e-05
3135	5.324550186207372e-05
3136	0
3137	4.590642794637031e-05
3138	6.131250142240373e-05
3139	9.60605645792176e-05
3140	0
3141	0
3142	0.00016106714475593292
3143	6.998395487298896e-05
3144	0
3145	0.00014159463318038566
3146	0
3147	0.00011109629856568214
3148	4.590642794637031e-05
3149	4.590642794637031e-05
3150	0
3151	7.257835451518742e-05
3152	8.694341748755441e-05
3153	0
3154	0
3155	0
3156	4.590642794637031e-05
3157	0
3158	7.283913892659776e-05
3159	0
3160	0
3161	0
3162	0
3163	0
3164	4.590642794637031e-05
3165	4.590642794637031e-05
3166	0.00013181205666461213
3167	4.590642794637031e-05
3168	4.590642794637031e-05
3169	5.0242033211355837e-05
3170	0
3171	6.568486363254303e-05
3172	0
3173	0
3174	6.541665163880517e-05
3175	8.436384096841115e-05
3176	8.199173804426056e-05
3177	0.00023973301335099718
3178	4.590642794637031e-05
3179	5.78224220603735e-05
3180	5.988846998232367e-05
3181	6.30369172917098e-05
3182	0
3183	0
3184	0
3185	0
3186	0
3187	0.0006092507959205761
3188	0
3189	4.590642794637031e-05
3190	0
3191	0
3192	0
3193	4.590642794637031e-05
3194	0.00010463129825966689
3195	0
3196	4.590642794637031e-05
3197	7.720683976328942e-05
3198	8.492687533124002e-05
3199	0
3200	0
3201	4.590642794637031e-05
3202	0
3203	4.590642794637031e-05
3204	0
3205	0
3206	4.590642794637031e-05
3207	0
3208	4.590642794637031e-05
3209	4.590642794637031e-05
3210	7.201094429983072e-05
3211	5.2409835843848595e-05
3212	0.00019206330083457827
3213	7.699167376580318e-05
3214	0
3215	7.875940206131273e-05
3216	4.590642794637031e-05
3217	9.422020485510455e-05
3218	4.590642794637031e-05
3219	0
3220	7.649521256716811e-05
3221	5.891324374132688e-05
3222	0
3223	0
3224	0
3225	4.590642794637031e-05
3226	0.00010588349509876228
3227	6.555694161038791e-05
3228	0
3229	0
3230	0.0005088265183802661
3231	0
3232	6.265157763165837e-05
3233	0
3234	8.105514294104798e-05
3235	4.590642794637031e-05
3236	8.50466946442825e-05
3237	6.446257669299961e-05
3238	0
3239	0
3240	7.001675658558651e-05
3241	0
3242	0
3243	0
3244	8.635322254364474e-05
3245	0
3246	5.965315480154991e-05
3247	0
3248	5.349373716009498e-05
3249	0.000233248569488207
3250	4.590642794637031e-05
3251	9.449694974928941e-05
3252	0.00011528511839077934
3253	0.00026322579901568816
3254	6.232690030074656e-05
3255	4.590642794637031e-05
3256	8.914969926514695e-05
3257	4.590642794637031e-05
3258	0
3259	4.590642794637031e-05
3260	5.8078215143408767e-05
3261	0
3262	8.48961945329648e-05
3263	0
3264	0.00010206053126247517
3265	4.590642794637031e-05
3266	0
3267	6.15375755232872e-05
3268	7.641258959492558e-05
3269	0
3270	0
3271	0
3272	0
3273	5.3710517423344255e-05
3274	5.891324374132688e-05
3275	7.001190964467234e-05
3276	0.00032076243202609853
3277	5.4895684965936817e-05
3278	0
3279	4.590642794637031e-05
3280	4.590642794637031e-05
3281	6.774360823001965e-05
3282	0
3283	4.590642794637031e-05
3284	4.590642794637031e-05
3285	0.00010166012147123174
3286	0
3287	0
3288	4.590642794637031e-05
3289	0
3290	0
3291	6.398553922009683e-05
3292	0
3293	4.590642794637031e-05
3294	4.590642794637031e-05
3295	6.541665163880517e-05
3296	0
3297	8.91880986353322e-05
3298	0
3299	4.915813189510945e-05
3300	0.0001756487584382755
3301	0.00013706602699930056
3302	0
3303	5.394158851247098e-05
3304	0
3305	4.590642794637031e-05
3306	0
3307	4.590642794637031e-05
3308	4.590642794637031e-05
3309	0
3310	6.671733321830083e-05
3311	0.0001067522877719717
3312	0.00012286672263847864
3313	0
3314	0.00011397181196264928
3315	5.092792987702215e-05
3316	0
3317	7.109619631345461e-05
3318	8.912264485721445e-05
3319	8.881091845217166e-05
3320	4.590642794637031e-05
3321	5.393420065205288e-05
3322	4.590642794637031e-05
3323	0
3324	7.941753970628443e-05
3325	0
3326	0
3327	0.0001150226743206213
3328	0
3329	0
3330	0
3331	5.224725064641164e-05
3332	4.590642794637031e-05
3333	6.076972958170126e-05
3334	8.682047126373969e-05
3335	8.415484498913355e-05
3336	0
3337	0
3338	0
3339	0
3340	0
3341	0
3342	5.2409835843848595e-05
3343	0.00013598511091146516
3344	5.972664906762597e-05
3345	6.015295141898921e-05
3346	0
3347	5.659187156417222e-05
3348	4.590642794637031e-05
3349	4.590642794637031e-05
3350	0
3351	0
3352	0
3353	5.909119067228588e-05
3354	4.590642794637031e-05
3355	4.590642794637031e-05
3356	5.772549379420859e-05
3357	6.541665163880517e-05
3358	4.590642794637031e-05
3359	4.980847268485729e-05
3360	5.0242033211355837e-05
3361	0
3362	6.405167381367126e-05
3363	0
3364	4.590642794637031e-05
3365	0.000114326289008705
3366	0.0002271306831108947
3367	5.24282456707529e-05
3368	0
3369	0.00013154752932440305
3370	7.661203480567788e-05
3371	0
3372	6.288026910639516e-05
3373	0
3374	4.590642794637031e-05
3375	0
3376	6.31821296826438e-05
3377	4.590642794637031e-05
3378	0.00016931494022841897
3379	0
3380	0
3381	0
3382	5.610939114496375e-05
3383	0
3384	5.909058175571457e-05
3385	4.590642794637031e-05
3386	0
3387	0.0002783401269443025
3388	0
3389	7.007705508948889e-05
3390	0
3391	0.00012994253570564548
3392	7.956180755204057e-05
3393	4.590642794637031e-05
3394	8.235632055112062e-05
3395	0.0002085890993774718
3396	0
3397	0
3398	6.397774109984855e-05
3399	0
3400	0.0001133845620547899
3401	0
3402	4.590642794637031e-05
3403	0.0001010435645965457
3404	0.00010544390494119384
3405	9.215356444477771e-05
3406	7.387487141715891e-05
3407	0
3408	9.421143642826887e-05
3409	0.00019062199018193143
3410	0
3411	0
3412	7.44079569871624e-05
3413	7.601853993595996e-05
3414	4.590642794637031e-05
3415	0.00010471862791115792
3416	5.891324374132688e-05
3417	4.590642794637031e-05
3418	9.302539193933233e-05
3419	5.092792987702215e-05
3420	0.00017369479270339775
3421	0
3422	0
3423	0
3424	0
3425	6.685318738054046e-05
3426	0
3427	0
3428	7.007113255661958e-05
3429	0
3430	4.590642794637031e-05
3431	5.847774726078469e-05
3432	0
3433	0
3434	0.00012199719902464155
3435	4.590642794637031e-05
3436	9.84519726278501e-05
3437	0
3438	0
3439	5.8880168724453305e-05
3440	8.580942018682589e-05
3441	0.00014181258448402588
3442	5.9417728555115316e-05
3443	4.590642794637031e-05
3444	5.3103502462807685e-05
3445	0
3446	5.3710517423344255e-05
3447	4.590642794637031e-05
3448	4.590642794637031e-05
3449	0.000209283404920066
3450	0
3451	6.0369716965351527e-05
3452	4.590642794637031e-05
3453	0
3454	0
3455	8.920230272780495e-05
3456	0
3457	5.686966810768475e-05
3458	8.111112746959673e-05
3459	0
3460	4.590642794637031e-05
3461	0
3462	6.701464955615327e-05
3463	0.00020526085021354797
3464	0.00011985252329790032
3465	4.590642794637031e-05
3466	0.00012253015125476228
3467	9.699913671220586e-05
3468	9.78534798733528e-05
3469	4.590642794637031e-05
3470	0.00013975482389774911
3471	4.590642794637031e-05
3472	0
3473	8.925763723594332e-05
3474	0
3475	6.588704665063694e-05
3476	4.590642794637031e-05
3477	6.537780394775301e-05
3478	0.00013968631688603472
3479	9.653239749885472e-05
3480	0
3481	0
3482	6.809970881334465e-05
3483	4.590642794637031e-05
3484	0
3485	0
3486	4.590642794637031e-05
3487	5.84362062684241e-05
3488	6.300764235577767e-05
3489	0.00012276341226947083
3490	0
3491	0.00010738225079017579
3492	4.590642794637031e-05
3493	4.590642794637031e-05
3494	0.00010929395924547534
3495	5.5183815693099034e-05
3496	0
3497	0
3498	6.688080889851727e-05
3499	0
3500	5.7693215065951516e-05
3501	8.206465049382335e-05
3502	4.590642794637031e-05
3503	8.950932439758383e-05
3504	0
3505	0
3506	0
3507	4.590642794637031e-05
3508	7.664024084058959e-05
3509	4.590642794637031e-05
3510	4.590642794637031e-05
3511	4.590642794637031e-05
3512	8.621052488961305e-05
3513	0.00015564873931057108
3514	5.568445431201966e-05
3515	8.217930651189598e-05
3516	4.590642794637031e-05
3517	6.671798728450658e-05
3518	0.00013483406574354013
3519	0
3520	5.3710517423344255e-05
3521	4.590642794637031e-05
3522	0
3523	0.00019075181660885347
3524	4.590642794637031e-05
3525	5.148077757278027e-05
3526	0
3527	0
3528	6.685318738054046e-05
3529	0
3530	0.00010470506848352893
3531	6.444981584603584e-05
3532	4.590642794637031e-05
3533	4.590642794637031e-05
3534	0
3535	0
3536	0.0002292665658262045
3537	4.590642794637031e-05
3538	0
3539	0.00010149455520923347
3540	0
3541	0
3542	9.186217463430566e-05
3543	0
3544	8.570274420641889e-05
3545	5.078398386947903e-05
3546	0
3547	4.590642794637031e-05
3548	4.590642794637031e-05
3549	6.799364925267785e-05
3550	4.590642794637031e-05
3551	5.490203440576621e-05
3552	4.590642794637031e-05
3553	0
3554	0
3555	6.048784674640858e-05
3556	0
3557	5.891324374132688e-05
3558	0
3559	0.0003596739876568424
3560	0
3561	4.590642794637031e-05
3562	5.995023336025036e-05
3563	0.00042408053903750584
3564	0
3565	4.590642794637031e-05
3566	4.590642794637031e-05
3567	0
3568	4.590642794637031e-05
3569	8.675652530054396e-05
3570	0
3571	0
3572	0.0001338689287164818
3573	0
3574	5.971690573608503e-05
3575	0.00014232835473957842
3576	0
3577	0.00014062862960222586
3578	4.590642794637031e-05
3579	0
3580	0
3581	0
3582	0
3583	7.991552703042092e-05
3584	4.590642794637031e-05
3585	7.189303565699476e-05
3586	0
3587	0.0002940301102212712
3588	4.590642794637031e-05
3589	0
3590	7.182104262283532e-05
3591	0.00015946525132727154
3592	0.00014516553542690723
3593	0.00011294510517191841
3594	4.590642794637031e-05
3595	0
3596	0
3597	7.126311608554551e-05
3598	8.492687533124002e-05
3599	0
3600	0
3601	4.590642794637031e-05
3602	0
3603	7.025312944665296e-05
3604	0
3605	5.341015979372498e-05
3606	4.590642794637031e-05
3607	4.918104243106959e-05
3608	4.590642794637031e-05
3609	0
3610	4.590642794637031e-05
3611	6.392363179490341e-05
3612	5.947276408137223e-05
3613	5.306630127325818e-05
3614	0.00014255165254637198
3615	6.300764235577767e-05
3616	4.590642794637031e-05
3617	0.00010059499583845858
3618	5.891324374132688e-05
3619	6.478395393122177e-05
3620	0
3621	4.590642794637031e-05
3622	0
3623	0
3624	0
3625	0
3626	0.00011613316530502228
3627	0
3628	0
3629	0.00018072047505498652
3630	0.00016329922077695032
3631	0
3632	4.590642794637031e-05
3633	4.590642794637031e-05
3634	0
3635	8.437561539170534e-05
3636	0
3637	0
3638	0
3639	6.45536745751275e-05
3640	4.590642794637031e-05
3641	4.590642794637031e-05
3642	6.541665163880517e-05
3643	5.3710517423344255e-05
3644	0
3645	4.590642794637031e-05
3646	0
3647	0
3648	4.590642794637031e-05
3649	4.590642794637031e-05
3650	0.00015370069325774613
3651	0
3652	8.52027022898996e-05
3653	4.590642794637031e-05
3654	0
3655	7.426750367770634e-05
3656	0
3657	7.343916206423615e-05
3658	4.590642794637031e-05
3659	0.00034224229376526676
3660	0.00010886026201223385
3661	0
3662	0
3663	5.566153979258774e-05
3664	0
3665	0
3666	4.590642794637031e-05
3667	4.590642794637031e-05
3668	0
3669	0.00012393725478199624
3670	0
3671	8.050834567781594e-05
3672	5.566153979258774e-05
3673	6.083127270264886e-05
3674	0
3675	4.590642794637031e-05
3676	0
3677	4.9385705836363304e-05
3678	0
3679	0.0003450561001425552
3680	4.590642794637031e-05
3681	0
3682	5.3710517423344255e-05
3683	4.590642794637031e-05
3684	0
3685	0
3686	4.590642794637031e-05
3687	9.110210810641474e-05
3688	6.541665163880517e-05
3689	4.590642794637031e-05
3690	0
3691	4.590642794637031e-05
3692	0
3693	0
3694	0
3695	0
3696	0
3697	0.0003203528275575677
3698	0
3699	4.590642794637031e-05
3700	6.317228985262963e-05
3701	5.490341547306577e-05
3702	4.590642794637031e-05
3703	5.21713171073972e-05
3704	5.932582351366678e-05
3705	0
3706	4.590642794637031e-05
3707	0.00024418177147984604
3708	5.3710517423344255e-05
3709	0
3710	4.590642794637031e-05
3711	6.841647163452205e-05
3712	7.108949121139263e-05
3713	6.530896394738676e-05
3714	0
3715	0
3716	7.559626594097719e-05
3717	4.590642794637031e-05
3718	0
3719	0
3720	0.00036521059366880447
3721	5.3710517423344255e-05
3722	0.00011272056263225093
3723	0.00010813499089279169
3724	4.590642794637031e-05
3725	8.933501579748874e-05
3726	7.029420756191389e-05
3727	0
3728	0
3729	5.6823128477279076e-05
3730	0
3731	0
3732	8.217893495107237e-05
3733	0.0001767283683060294
3734	0
3735	0
3736	6.32488490063124e-05
3737	0
3738	7.269329124541426e-05
3739	0
3740	5.092792987702215e-05
3741	4.590642794637031e-05
3742	0
3743	0
3744	4.918104243106959e-05
3745	8.435634313227566e-05
3746	8.906365012462128e-05
3747	6.175727657916284e-05
3748	9.094776935419032e-05
3749	6.534087775735663e-05
3750	6.957865135255971e-05
3751	0
3752	6.167869534400918e-05
3753	6.14937037489107e-05
3754	8.837192301385469e-05
3755	0
3756	4.590642794637031e-05
3757	8.906365012462128e-05
3758	0
3759	0
3760	0
3761	4.590642794637031e-05
3762	4.590642794637031e-05
3763	0
3764	0
3765	0
3766	4.590642794637031e-05
3767	4.590642794637031e-05
3768	0.00010300598660496655
3769	0
3770	0
3771	6.981627779603843e-05
3772	0
3773	0
3774	4.590642794637031e-05
3775	5.9193887474584165e-05
3776	4.590642794637031e-05
3777	5.0314661839232825e-05
3778	0
3779	4.590642794637031e-05
3780	0
3781	6.211016555563763e-05
3782	0
3783	4.590642794637031e-05
3784	6.455813918874701e-05
3785	4.590642794637031e-05
3786	5.566153979258774e-05
3787	5.105152326603197e-05
3788	7.27948935335794e-05
3789	5.4141920893288555e-05
3790	0
3791	4.590642794637031e-05
3792	0
3793	4.590642794637031e-05
3794	0
3795	0.00010582189560182008
3796	5.148077757278027e-05
3797	0
3798	8.439394730678068e-05
3799	9.884311870149843e-05
3800	0.00043860732780714984
3801	0.00013092255867392473
3802	6.922787592758966e-05
3803	7.582210427477043e-05
3804	0
3805	4.590642794637031e-05
3806	5.891324374132688e-05
3807	4.590642794637031e-05
3808	4.590642794637031e-05
3809	0
3810	5.891324374132688e-05
3811	6.814999379931715e-05
3812	4.590642794637031e-05
3813	0
3814	9.634924127092039e-05
3815	4.915813189510945e-05
3816	8.251978821696132e-05
3817	7.144417895430056e-05
3818	7.269573792170865e-05
3819	0
3820	0.00010635420326026134
3821	0
3822	0
3823	0
3824	0
3825	0
3826	4.590642794637031e-05
3827	8.828978342807519e-05
3828	8.645915262241989e-05
3829	0
3830	0
3831	0
3832	8.647890157825167e-05
3833	5.830987407494178e-05
3834	0
3835	0
3836	4.590642794637031e-05
3837	0.00010206053126247517
3838	0.00016138165175189797
3839	7.650613933648076e-05
3840	0
3841	0
3842	7.523263535195705e-05
3843	0.00012952075643352508
3844	0
3845	0
3846	4.590642794637031e-05
3847	0
3848	0
3849	4.590642794637031e-05
3850	0.0009650669756221443
3851	0.00018141084677618364
3852	0
3853	0.00013667709522172827
3854	0
3855	6.503917730914452e-05
3856	4.590642794637031e-05
3857	0
3858	4.590642794637031e-05
3859	8.151375940672964e-05
3860	8.737606386495259e-05
3861	4.590642794637031e-05
3862	0
3863	0
3864	0
3865	4.590642794637031e-05
3866	5.566153979258774e-05
3867	4.590642794637031e-05
3868	0
3869	0.00019383597331535353
3870	7.775204984272578e-05
3871	4.590642794637031e-05
3872	0
3873	5.092792987702215e-05
3874	6.808504785601709e-05
3875	0
3876	0
3877	0
3878	6.541665163880517e-05
3879	0
3880	0
3881	4.590642794637031e-05
3882	7.72001284792743e-05
3883	0
3884	5.566153979258774e-05
3885	0
3886	9.809819583641884e-05
3887	0
3888	0
3889	4.590642794637031e-05
3890	0
3891	4.590642794637031e-05
3892	0
3893	0
3894	0
3895	0
3896	0
3897	4.590642794637031e-05
3898	0
3899	0
3900	0
3901	0
3902	5.982353950634228e-05
3903	4.590642794637031e-05
3904	4.590642794637031e-05
3905	0
3906	0
3907	0.00010217473194146322
3908	9.776801991823773e-05
3909	0
3910	0
3911	4.590642794637031e-05
3912	8.625069984313846e-05
3913	4.590642794637031e-05
3914	5.514275370966556e-05
3915	6.860400128256221e-05
3916	0
3917	6.893616719541157e-05
3918	4.590642794637031e-05
3919	4.590642794637031e-05
3920	0
3921	9.428927435533884e-05
3922	0
3923	0
3924	0
3925	0
3926	0
3927	0
3928	7.289961752588647e-05
3929	0
3930	0
3931	5.891324374132688e-05
3932	4.590642794637031e-05
3933	4.590642794637031e-05
3934	0
3935	0.0002469046044560818
3936	0
3937	0.00022422635097492475
3938	4.590642794637031e-05
3939	4.590642794637031e-05
3940	8.372428101794341e-05
3941	4.590642794637031e-05
3942	4.590642794637031e-05
3943	0.000171181372572607
3944	9.132136783438855e-05
3945	5.0242033211355837e-05
3946	0
3947	0
3948	4.590642794637031e-05
3949	4.590642794637031e-05
3950	7.96335163883512e-05
3951	0.00035787057025210567
3952	0
3953	0
3954	9.95429240272589e-05
3955	5.8541632725474954e-05
3956	0.00010685967129824708
3957	6.975225690379069e-05
3958	4.590642794637031e-05
3959	7.466471386111448e-05
3960	0
3961	5.490603286724967e-05
3962	4.590642794637031e-05
3963	5.607411956492764e-05
3964	0
3965	0.0001277296527005199
3966	0
3967	9.158607487324729e-05
3968	5.6472776787316976e-05
3969	6.823060536150562e-05
3970	4.590642794637031e-05
3971	0
3972	6.048784674640858e-05
3973	0.00011324939279620106
3974	0
3975	0
3976	5.456367807525893e-05
3977	5.759155913385548e-05
3978	4.590642794637031e-05
3979	0
3980	6.373047506526096e-05
3981	5.929559054610604e-05
3982	0
3983	0.00015442285026545836
3984	0.00010576997547521426
3985	8.122716716893068e-05
3986	5.566153979258774e-05
3987	6.37907996644356e-05
3988	0.00015091974155076522
3989	0
3990	0
3991	0
3992	0.00027020467549683996
3993	6.319245500701899e-05
3994	0.00011993295133416158
3995	4.590642794637031e-05
3996	0
3997	8.031853477272321e-05
3998	0
3999	5.5108859961839154e-05
4000	4.590642794637031e-05
4001	4.590642794637031e-05
4002	4.590642794637031e-05
4003	4.590642794637031e-05
4004	6.771979098061653e-05
4005	5.490203440576621e-05
4006	0
4007	0
4008	0
4009	0
4010	4.590642794637031e-05
4011	0
4012	0
4013	0
4014	0
4015	6.541665163880517e-05
4016	0.0001403677282473727
4017	0.0001905844313674228
4018	0.00017678187595278374
4019	4.590642794637031e-05
4020	0
4021	4.590642794637031e-05
4022	0
4023	9.595188157122718e-05
4024	7.379759583587791e-05
4025	8.753520007249763e-05
4026	0
4027	0
4028	4.590642794637031e-05
4029	6.422523987117745e-05
4030	5.341015979372498e-05
4031	0
4032	0
4033	4.590642794637031e-05
4034	5.2409835843848595e-05
4035	4.590642794637031e-05
4036	4.590642794637031e-05
4037	6.686587891845373e-05
4038	0
4039	0
4040	0
4041	0
4042	4.590642794637031e-05
4043	5.490203440576621e-05
4044	4.590642794637031e-05
4045	5.891324374132688e-05
4046	4.590642794637031e-05
4047	7.871210106300463e-05
4048	4.590642794637031e-05
4049	0
4050	0
4051	0
4052	7.139108766427373e-05
4053	0.00021287903717142872
4054	8.586676729922705e-05
4055	5.2409835843848595e-05
4056	0
4057	6.541665163880517e-05
4058	5.0242033211355837e-05
4059	0.00014720259737787092
4060	0
4061	0
4062	0
4063	0
4064	4.590642794637031e-05
4065	4.590642794637031e-05
4066	0
4067	0
4068	4.590642794637031e-05
4069	0
4070	4.590642794637031e-05
4071	6.541665163880517e-05
4072	6.219195965669379e-05
4073	4.590642794637031e-05
4074	0.00025778344044751975
4075	6.884571534313323e-05
4076	0
4077	5.947276408137223e-05
4078	4.590642794637031e-05
4079	0.00013044300229497066
4080	0
4081	0
4082	0
4083	0
4084	5.148077757278027e-05
4085	6.50347580412346e-05
4086	4.590642794637031e-05
4087	0
4088	7.20293293481514e-05
4089	8.111057554801779e-05
4090	4.590642794637031e-05
4091	0.00013135813762311742
4092	0
4093	5.148077757278027e-05
4094	4.590642794637031e-05
4095	0.0002264172962627837
4096	0
4097	0
4098	0.00018141862413433536
4099	8.492687533124002e-05
4100	8.731749694328252e-05
4101	0
4102	4.590642794637031e-05
4103	5.3710517423344255e-05
4104	4.590642794637031e-05
4105	0
4106	6.444650167654564e-05
4107	0
4108	0
4109	0
4110	0
4111	0
4112	4.590642794637031e-05
4113	0
4114	0
4115	0
4116	4.590642794637031e-05
4117	5.2409835843848595e-05
4118	5.566153979258774e-05
4119	9.054225364612244e-05
4120	0
4121	5.3710517423344255e-05
4122	0
4123	6.541665163880517e-05
4124	0
4125	0
4126	5.490203440576621e-05
4127	9.066442767020835e-05
4128	5.319523940768025e-05
4129	5.3710517423344255e-05
4130	0
4131	8.492687533124002e-05
4132	7.941753970628443e-05
4133	0
4134	6.791023126802234e-05
4135	0
4136	4.590642794637031e-05
4137	9.323348926396545e-05
4138	6.083127270264886e-05
4139	0.00012198212854402168
4140	0
4141	0
4142	4.87594477078621e-05
4143	5.909119067228588e-05
4144	6.015295141898921e-05
4145	4.590642794637031e-05
4146	0
4147	7.047510040472882e-05
4148	4.590642794637031e-05
4149	4.590642794637031e-05
4150	5.148077757278027e-05
4151	5.3171420551186685e-05
4152	0
4153	0
4154	6.366013277723036e-05
4155	0
4156	4.820174838077441e-05
4157	4.590642794637031e-05
4158	0
4159	0
4160	0
4161	0
4162	0
4163	5.378934660998035e-05
4164	4.590642794637031e-05
4165	0.0004831718549535793
4166	0
4167	4.590642794637031e-05
4168	4.590642794637031e-05
4169	0.00011487112552981485
4170	0.00010968148347638108
4171	0
4172	9.535483553845767e-05
4173	4.834520590792466e-05
4174	0.0002698549402249428
4175	0
4176	0
4177	4.590642794637031e-05
4178	0.00010881224685550003
4179	0
4180	6.748840260742966e-05
4181	0
4182	5.686966810768475e-05
4183	6.097737293477079e-05
4184	0.0003584318666258529
4185	0
4186	4.590642794637031e-05
4187	0.00010494188565727978
4188	4.590642794637031e-05
4189	0.00016572090019194584
4190	0
4191	5.50687872506395e-05
4192	0
4193	8.755680066044536e-05
4194	4.590642794637031e-05
4195	4.590642794637031e-05
4196	7.350293407205716e-05
4197	4.590642794637031e-05
4198	5.9193887474584165e-05
4199	0
4200	5.8541632725474954e-05
4201	4.590642794637031e-05
4202	4.590642794637031e-05
4203	0.000102072796759843
4204	8.206465049382335e-05
4205	0
4206	0
4207	6.826243071003348e-05
4208	0
4209	0
4210	8.233512220373546e-05
4211	8.881022302979273e-05
4212	8.925763723594332e-05
4213	0
4214	4.590642794637031e-05
4215	8.661350676617074e-05
4216	5.1166922036634615e-05
4217	4.590642794637031e-05
4218	8.347069699884326e-05
4219	0.0001206999558547574
4220	5.2409835843848595e-05
4221	5.5108859961839154e-05
4222	5.148077757278027e-05
4223	6.541665163880517e-05
4224	0.00010283842524371552
4225	0
4226	4.590642794637031e-05
4227	0
4228	0
4229	0
4230	6.823060536150562e-05
4231	6.823060536150562e-05
4232	4.590642794637031e-05
4233	4.915813189510945e-05
4234	4.590642794637031e-05
4235	0
4236	0
4237	6.669030933901213e-05
4238	0
4239	0
4240	0
4241	0
4242	0
4243	0
4244	6.903369947772265e-05
4245	7.421404158680018e-05
4246	4.590642794637031e-05
4247	8.648490665037176e-05
4248	0
4249	0
4250	0.00010302745508429882
4251	5.113081717895857e-05
4252	0.00011978986001404398
4253	6.308570678621768e-05
4254	4.590642794637031e-05
4255	4.590642794637031e-05
4256	7.001190964467234e-05
4257	7.5102816601913e-05
4258	0
4259	0.0001437495427775466
4260	0
4261	4.590642794637031e-05
4262	0
4263	4.590642794637031e-05
4264	9.28638442673955e-05
4265	5.811326538335263e-05
4266	0
4267	0
4268	0
4269	0
4270	0.0001398494250050601
4271	0
4272	0
4273	0.00014838662573282886
4274	7.349746030065618e-05
4275	4.590642794637031e-05
4276	0
4277	4.590642794637031e-05
4278	0
4279	0
4280	4.590642794637031e-05
4281	4.590642794637031e-05
4282	4.590642794637031e-05
4283	7.416856897765877e-05
4284	6.445451835086327e-05
4285	0
4286	4.590642794637031e-05
4287	0
4288	0
4289	4.590642794637031e-05
4290	0
4291	5.993637464341566e-05
4292	6.407580464334245e-05
4293	6.163362853961478e-05
4294	0
4295	0.0003279544130887866
4296	9.624216278400826e-05
4297	0.00011913383036818384
4298	5.759155913385548e-05
4299	4.590642794637031e-05
4300	4.590642794637031e-05
4301	7.062572171608057e-05
4302	5.556842128098946e-05
4303	4.590642794637031e-05
4304	4.590642794637031e-05
4305	0.0003042741690154144
4306	6.261279904244202e-05
4307	5.679096819258142e-05
4308	0
4309	0
4310	0.0002909084381867029
4311	0.0001373240223092748
4312	0
4313	0
4314	0
4315	6.359390944478945e-05
4316	0
4317	9.094776935419032e-05
4318	0
4319	0
4320	0
4321	0
4322	0
4323	0
4324	5.0620874992378425e-05
4325	5.2409835843848595e-05
4326	0.00010163946651531942
4327	4.590642794637031e-05
4328	6.433579734124696e-05
4329	0.00010761444850373596
4330	0
4331	4.590642794637031e-05
4332	5.4503660666370816e-05
4333	4.590642794637031e-05
4334	9.066890278321845e-05
4335	6.687312486282981e-05
4336	4.9385705836363304e-05
4337	5.078398386947903e-05
4338	0
4339	0
4340	0
4341	0
4342	4.590642794637031e-05
4343	0
4344	5.891324374132688e-05
4345	4.590642794637031e-05
4346	6.14054423032445e-05
4347	4.590642794637031e-05
4348	0
4349	5.0242033211355837e-05
4350	0
4351	0.00014579380039523234
4352	0
4353	0
4354	0
4355	0
4356	0
4357	9.281972827970216e-05
4358	6.902453754466963e-05
4359	0
4360	4.590642794637031e-05
4361	4.590642794637031e-05
4362	4.590642794637031e-05
4363	0
4364	6.29129494388131e-05
4365	6.537287245801501e-05
4366	6.918267948248849e-05
4367	0.0001518854910753243
4368	0
4369	4.590642794637031e-05
4370	4.590642794637031e-05
4371	5.566153979258774e-05
4372	6.736929280409079e-05
4373	4.590642794637031e-05
4374	4.590642794637031e-05
4375	5.4380372956844896e-05
4376	0.00010614837404096254
4377	0
4378	0
4379	0.0001558913210082057
4380	0
4381	0
4382	0
4383	8.492687533124002e-05
4384	6.587163105540873e-05
4385	5.7650325735841734e-05
4386	5.092792987702215e-05
4387	7.690535428626487e-05
4388	0.0005282267925903152
4389	4.590642794637031e-05
4390	4.590642794637031e-05
4391	4.590642794637031e-05
4392	6.256097254416747e-05
4393	4.590642794637031e-05
4394	4.915813189510945e-05
4395	7.062572171608057e-05
4396	7.072600420435298e-05
4397	0
4398	0
4399	4.590642794637031e-05
4400	0.00010906193638999436
4401	6.478395393122177e-05
4402	4.590642794637031e-05
4403	4.590642794637031e-05
4404	0
4405	6.446257669299961e-05
4406	5.7693215065951516e-05
4407	5.891324374132688e-05
4408	9.212227892255562e-05
4409	5.891324374132688e-05
4410	4.590642794637031e-05
4411	4.590642794637031e-05
4412	6.373595641389255e-05
4413	9.366703939807146e-05
4414	6.244241433764966e-05
4415	0.0003307881509376622
4416	0
4417	4.590642794637031e-05
4418	0.00022707379494332164
4419	5.623734867421404e-05
4420	0
4421	0
4422	4.87594477078621e-05
4423	4.590642794637031e-05
4424	0
4425	0
4426	0
4427	9.956985317600194e-05
4428	0
4429	0
4430	6.482953064337647e-05
4431	4.590642794637031e-05
4432	0
4433	0
4434	4.590642794637031e-05
4435	4.590642794637031e-05
4436	5.566153979258774e-05
4437	0.00011260647899799509
4438	7.787591400841704e-05
4439	4.590642794637031e-05
4440	8.492687533124002e-05
4441	0
4442	7.269573792170865e-05
4443	8.471176261583174e-05
4444	4.590642794637031e-05
4445	0
4446	4.590642794637031e-05
4447	5.0242033211355837e-05
4448	7.928998401798697e-05
4449	0
4450	0
4451	5.4895684965936817e-05
4452	5.891324374132688e-05
4453	4.590642794637031e-05
4454	5.4503660666370816e-05
4455	0
4456	5.306630127325818e-05
4457	0
4458	0.00026295920830712773
4459	4.590642794637031e-05
4460	0
4461	0
4462	0
4463	5.566153979258774e-05
4464	8.87616060113278e-05
4465	4.590642794637031e-05
4466	9.360957956159658e-05
4467	4.590642794637031e-05
4468	0.00014912439712498434
4469	4.590642794637031e-05
4470	4.590642794637031e-05
4471	4.590642794637031e-05
4472	5.830987407494178e-05
4473	4.590642794637031e-05
4474	0.00010981194493093743
4475	4.590642794637031e-05
4476	7.047510040472882e-05
4477	9.852548336121848e-05
4478	8.492687533124002e-05
4479	7.969592992076133e-05
4480	0
4481	0
4482	0
4483	4.590642794637031e-05
4484	4.590642794637031e-05
4485	4.590642794637031e-05
4486	0
4487	9.611346868352058e-05
4488	4.590642794637031e-05
4489	0
4490	6.478062117549963e-05
4491	0
4492	0
4493	4.590642794637031e-05
4494	4.590642794637031e-05
4495	4.915813189510945e-05
4496	5.2336954956089135e-05
4497	6.083127270264886e-05
4498	0
4499	0
4500	0
4501	0
4502	4.590642794637031e-05
4503	0
4504	0
4505	0
4506	0.00010763434116907839
4507	4.590642794637031e-05
4508	0
4509	0
4510	7.247541445641342e-05
4511	0.00017360193228647828
4512	5.891324374132688e-05
4513	7.289528577728023e-05
4514	7.047510040472882e-05
4515	0
4516	0.00011304356227326099
4517	0
4518	0
4519	4.590642794637031e-05
4520	7.686422479805253e-05
4521	0
4522	4.590642794637031e-05
4523	0
4524	0
4525	4.915813189510945e-05
4526	0
4527	0.00036581637753356423
4528	0
4529	6.365880745459171e-05
4530	6.131250142240373e-05
4531	4.590642794637031e-05
4532	5.0242033211355837e-05
4533	0
4534	0
4535	0.00011556928779207572
4536	9.304721509892608e-05
4537	0
4538	0
4539	0.00017539191164024366
4540	9.679517532458547e-05
4541	5.566153979258774e-05
4542	0
4543	6.26421198799142e-05
4544	4.590642794637031e-05
4545	4.590642794637031e-05
4546	0
4547	0
4548	6.572309798988702e-05
4549	4.590642794637031e-05
4550	4.590642794637031e-05
4551	0.00013478224316991992
4552	0
4553	0
4554	4.590642794637031e-05
4555	7.175154930041772e-05
4556	4.590642794637031e-05
4557	6.367452557641629e-05
4558	8.285973244922615e-05
4559	6.216494769006603e-05
4560	7.001190964467234e-05
4561	0
4562	0
4563	0
4564	6.367257135779342e-05
4565	0
4566	0
4567	0
4568	5.078398386947903e-05
4569	4.590642794637031e-05
4570	0
4571	0
4572	0.00021901005002068083
4573	5.0620874992378425e-05
4574	0.00011877132611421416
4575	0.0008653852087271575
4576	6.0529276754800164e-05
4577	4.590642794637031e-05
4578	0
4579	0
4580	0
4581	6.588704665063694e-05
4582	0
4583	0
4584	4.590642794637031e-05
4585	4.590642794637031e-05
4586	9.515920129457636e-05
4587	4.590642794637031e-05
4588	0
4589	0.00010443709902367488
4590	4.590642794637031e-05
4591	0
4592	4.590642794637031e-05
4593	8.127648996520469e-05
4594	0.0001202049017231168
4595	4.590642794637031e-05
4596	0
4597	0.0001010768074172471
4598	5.161638381222994e-05
4599	4.590642794637031e-05
4600	0.00012137952406605506
4601	0
4602	0
4603	0
4604	9.249207301970149e-05
4605	4.590642794637031e-05
4606	0
4607	0.0001887572633015173
4608	5.891324374132688e-05
4609	4.590642794637031e-05
4610	0
4611	8.483943845918402e-05
4612	6.362453170636332e-05
4613	0
4614	0
4615	4.590642794637031e-05
4616	7.269329124541426e-05
4617	0
4618	5.891324374132688e-05
4619	4.590642794637031e-05
4620	8.280273590407217e-05
4621	0
4622	4.590642794637031e-05
4623	4.590642794637031e-05
4624	6.134859764104402e-05
4625	0
4626	0
4627	6.261279904244202e-05
4628	5.566153979258774e-05
4629	6.8945638250036e-05
4630	4.590642794637031e-05
4631	0.00010813989663558788
4632	0
4633	0
4634	0
4635	0
4636	5.566153979258774e-05
4637	0
4638	8.849239977698724e-05
4639	0.00017642168203126272
4640	4.590642794637031e-05
4641	0
4642	4.590642794637031e-05
4643	0
4644	0
4645	4.590642794637031e-05
4646	4.590642794637031e-05
4647	0
4648	9.087675635637329e-05
4649	0
4650	0
4651	8.748382455225295e-05
4652	0
4653	4.590642794637031e-05
4654	0
4655	0
4656	0
4657	0
4658	4.590642794637031e-05
4659	9.471401802844221e-05
4660	4.590642794637031e-05
4661	4.590642794637031e-05
4662	0
4663	6.967648302234216e-05
4664	0.00010237874316044597
4665	8.429608285819594e-05
4666	0
4667	0.00017630917420579148
4668	8.886626567080657e-05
4669	4.590642794637031e-05
4670	0
4671	0
4672	0
4673	8.013347718514636e-05
4674	0
4675	4.590642794637031e-05
4676	4.590642794637031e-05
4677	4.590642794637031e-05
4678	5.3710517423344255e-05
4679	0
4680	6.792302444556116e-05
4681	0
4682	8.047980352228637e-05
4683	0
4684	4.590642794637031e-05
4685	5.772549379420859e-05
4686	0
4687	0
4688	0
4689	0
4690	7.275336689359729e-05
4691	0
4692	0
4693	0.00010132560531214403
4694	4.590642794637031e-05
4695	6.525441830139897e-05
4696	0.00012771797197012907
4697	0
4698	6.0839998468432125e-05
4699	0
4700	0
4701	4.590642794637031e-05
4702	0
4703	0.00020758291884204907
4704	6.26642976684043e-05
4705	0
4706	0
4707	8.659345218031762e-05
4708	5.891324374132688e-05
4709	8.87212474262111e-05
4710	4.590642794637031e-05
4711	0.00013700353043798774
4712	0.00010408066127800334
4713	4.590642794637031e-05
4714	4.590642794637031e-05
4715	4.590642794637031e-05
4716	4.590642794637031e-05
4717	0
4718	0
4719	0
4720	0.00011713517509376461
4721	4.590642794637031e-05
4722	0
4723	0
4724	0.00010827669618143739
4725	9.180312800779776e-05
4726	9.301466831286128e-05
4727	4.590642794637031e-05
4728	0.00010155212351720346
4729	4.590642794637031e-05
4730	0
4731	0
4732	0
4733	4.590642794637031e-05
4734	0
4735	6.866835558754431e-05
4736	9.374578032712244e-05
4737	8.49209419742287e-05
4738	5.409336456818533e-05
4739	6.704025014575321e-05
4740	6.680189277115643e-05
4741	6.541665163880517e-05
4742	0
4743	0
4744	5.5147565972317046e-05
4745	0
4746	4.590642794637031e-05
4747	4.590642794637031e-05
4748	4.590642794637031e-05
4749	6.373582562794704e-05
4750	0
4751	0
4752	0
4753	4.980847268485729e-05
4754	4.590642794637031e-05
4755	6.422523987117745e-05
4756	4.590642794637031e-05
4757	0.00012075162303900018
4758	0
4759	6.671733321830083e-05
4760	0.00010392497530134326
4761	0
4762	4.590642794637031e-05
4763	0
4764	0
4765	4.590642794637031e-05
4766	4.590642794637031e-05
4767	0.00024320478230399926
4768	4.590642794637031e-05
4769	0.00015849020496829134
4770	5.818114211358822e-05
4771	0.00021316428963254574
4772	0
4773	0
4774	0
4775	4.590642794637031e-05
4776	0
4777	8.648524324107828e-05
4778	0
4779	0
4780	7.159581639909841e-05
4781	4.590642794637031e-05
4782	0
4783	7.309730048311107e-05
4784	5.0620874992378425e-05
4785	5.89273103397311e-05
4786	6.12358894189977e-05
4787	5.148077757278027e-05
4788	0.00011320023068406403
4789	5.9318239475534363e-05
4790	4.590642794637031e-05
4791	0
4792	0
4793	0
4794	0
4795	5.490341547306577e-05
4796	4.590642794637031e-05
4797	5.3860192111862066e-05
4798	9.780078987913692e-05
4799	4.590642794637031e-05
4800	5.3710517423344255e-05
4801	0.00016189283546890054
4802	0
4803	0.00012185014776610952
4804	9.10521382407023e-05
4805	4.590642794637031e-05
4806	0
4807	5.4895684965936817e-05
4808	8.072109643669531e-05
4809	0
4810	0.0001763849610350239
4811	4.590642794637031e-05
4812	5.837400129424987e-05
4813	0
4814	4.590642794637031e-05
4815	0.000344924481950295
4816	0.0001471994789688916
4817	8.826309159160414e-05
4818	0
4819	8.458899719352319e-05
4820	0.00010251492240118931
4821	0
4822	8.870697312410669e-05
4823	5.550015464532386e-05
4824	4.590642794637031e-05
4825	0
4826	0
4827	0
4828	4.590642794637031e-05
4829	0
4830	0
4831	0.00012465041211602942
4832	0
4833	0.0002791566422464267
4834	5.566153979258774e-05
4835	4.590642794637031e-05
4836	0
4837	0
4838	6.541665163880517e-05
4839	0
4840	0
4841	0
4842	4.590642794637031e-05
4843	4.590642794637031e-05
4844	0
4845	0
4846	4.590642794637031e-05
4847	6.048784674640858e-05
4848	0
4849	4.590642794637031e-05
4850	4.590642794637031e-05
4851	4.590642794637031e-05
4852	7.32207411157791e-05
4853	4.590642794637031e-05
4854	6.685318738054046e-05
4855	0
4856	0
4857	0
4858	0.0001973872556582112
4859	6.041033220512898e-05
4860	0
4861	5.566153979258774e-05
4862	0
4863	6.246949413822621e-05
4864	4.590642794637031e-05
4865	5.566153979258774e-05
4866	0
4867	0
4868	0
4869	0
4870	7.27948935335794e-05
4871	0
4872	0
4873	0
4874	7.043315811945581e-05
4875	4.590642794637031e-05
4876	4.590642794637031e-05
4877	4.590642794637031e-05
4878	5.0314661839232825e-05
4879	7.917258305591055e-05
4880	4.590642794637031e-05
4881	4.590642794637031e-05
4882	4.590642794637031e-05
4883	9.31633163971688e-05
4884	0
4885	4.590642794637031e-05
4886	4.590642794637031e-05
4887	0
4888	4.590642794637031e-05
4889	5.891324374132688e-05
4890	0.0002419138388476871
4891	6.241596132401805e-05
4892	7.49804951442826e-05
4893	8.117955953701087e-05
4894	4.590642794637031e-05
4895	5.3710517423344255e-05
4896	0.00016189862101632926
4897	0
4898	0
4899	0
4900	0
4901	0
4902	4.915813189510945e-05
4903	4.590642794637031e-05
4904	0.0001727132758461742
4905	5.0242033211355837e-05
4906	0
4907	7.077767659722073e-05
4908	9.78098264453706e-05
4909	4.590642794637031e-05
4910	0
4911	0
4912	0.00012595994997404843
4913	6.87462514098088e-05
4914	0
4915	0
4916	0
4917	4.590642794637031e-05
4918	0.00010451090663620936
4919	5.704887303050592e-05
4920	0.00018263785912604071
4921	7.150315271745282e-05
4922	4.590642794637031e-05
4923	0.0001205805774668247
4924	4.590642794637031e-05
4925	4.590642794637031e-05
4926	0.000196194681368953
4927	0
4928	0
4929	0
4930	5.385906312349715e-05
4931	6.373047506526096e-05
4932	0
4933	0
4934	8.26148243245309e-05
4935	6.292167491074867e-05
4936	8.805471459915317e-05
4937	0
4938	5.4688906297806336e-05
4939	4.590642794637031e-05
4940	5.891324374132688e-05
4941	4.590642794637031e-05
4942	4.590642794637031e-05
4943	0
4944	4.590642794637031e-05
4945	4.590642794637031e-05
4946	4.590642794637031e-05
4947	0
4948	0
4949	0
4950	7.192005953628346e-05
4951	0
4952	0
4953	0.00010845594792968526
4954	0
4955	0
4956	0
4957	0
4958	0
4959	5.891324374132688e-05
4960	0.00013750857632294775
4961	0
4962	0
4963	0
4964	0.00010665068416776899
4965	0
4966	0
4967	0
4968	0
4969	0
4970	5.148077757278027e-05
4971	0
4972	0.00010353776915607943
4973	5.091833927519183e-05
4974	5.891324374132688e-05
4975	0
4976	0.00010813989663558788
4977	8.127648996520469e-05
4978	9.844621399233851e-05
4979	5.805680000757416e-05
4980	0
4981	4.590642794637031e-05
4982	0
4983	4.590642794637031e-05
4984	5.165649665990322e-05
4985	0
4986	0.00010295880432523681
4987	0
4988	0.00012085793516997672
4989	0
4990	0.0001492539925080206
4991	6.460639593933434e-05
4992	4.590642794637031e-05
4993	4.590642794637031e-05
4994	8.33564549067212e-05
4995	9.28638442673955e-05
4996	0
4997	4.590642794637031e-05
4998	5.890531026160713e-05
4999	0
5000	0
5001	0.00010749582344686121
5002	8.386505547321497e-05
5003	6.943829902724429e-05
5004	6.850772627114929e-05
5005	8.89057157488243e-05
5006	9.34619699771211e-05
5007	0
5008	5.84362062684241e-05
5009	5.078398386947903e-05
5010	0
5011	8.265494806343101e-05
5012	0
5013	0
5014	0.00014187719913327795
5015	4.590642794637031e-05
5016	0.00019315309486173083
5017	0
5018	0.00010651450351133249
5019	4.590642794637031e-05
5020	0
5021	7.51717634850226e-05
5022	0.00011474748827988936
5023	0
5024	7.343916206423615e-05
5025	0
5026	4.590642794637031e-05
5027	7.05750000413346e-05
5028	0
5029	5.99084854485691e-05
5030	0
5031	4.590642794637031e-05
5032	6.678103219386296e-05
5033	0
5034	0
5035	4.590642794637031e-05
5036	0
5037	0.00011058967497461084
5038	4.590642794637031e-05
5039	4.590642794637031e-05
5040	5.566153979258774e-05
5041	0
5042	0
5043	5.965315480154991e-05
5044	0
5045	0
5046	6.541665163880517e-05
5047	5.566153979258774e-05
5048	4.590642794637031e-05
5049	0
5050	7.721993117770702e-05
5051	0.00017145479528517135
5052	0
5053	4.590642794637031e-05
5054	0.0001392231206472122
5055	0
5056	6.932324269155289e-05
5057	4.590642794637031e-05
5058	8.842730901798672e-05
5059	4.590642794637031e-05
5060	0.00013447787410417146
5061	9.471401802844221e-05
5062	5.610865955899958e-05
5063	6.026164473936908e-05
5064	0.0001242642605022099
5065	9.56357709193891e-05
5066	0.00010195333066652146
5067	0.00016517790212630594
5068	6.3627690787335e-05
5069	8.492687533124002e-05
5070	5.525837859031694e-05
5071	0
5072	4.590642794637031e-05
5073	5.2409835843848595e-05
5074	4.590642794637031e-05
5075	0
5076	6.726642928936274e-05
5077	0
5078	8.206465049382335e-05
5079	8.256646950151908e-05
5080	0
5081	6.13070969926888e-05
5082	0
5083	7.49036743964364e-05
5084	0
5085	8.93021264929134e-05
5086	0
5087	0
5088	4.915813189510945e-05
5089	0.00015195903719559487
5090	0
5091	4.590642794637031e-05
5092	4.590642794637031e-05
5093	0
5094	5.566153979258774e-05
5095	0
5096	0
5097	4.590642794637031e-05
5098	4.590642794637031e-05
5099	0
5100	0
5101	4.590642794637031e-05
5102	8.817857927997916e-05
5103	4.590642794637031e-05
5104	0
5105	0
5106	0
5107	5.3710517423344255e-05
5108	4.590642794637031e-05
5109	0
5110	0
5111	0
5112	0
5113	0
5114	0
5115	0
5116	0
5117	4.590642794637031e-05
5118	4.590642794637031e-05
5119	4.590642794637031e-05
5120	0
5121	0.00017129222835272524
5122	5.566153979258774e-05
5123	0
5124	4.590642794637031e-05
5125	8.0220081222662e-05
5126	0
5127	0.0002001556991796404
5128	0.0002859021675527539
5129	0.0001599543656744057
5130	4.590642794637031e-05
5131	4.590642794637031e-05
5132	4.590642794637031e-05
5133	4.918104243106959e-05
5134	0
5135	0.00013627771969054048
5136	4.590642794637031e-05
5137	0
5138	4.590642794637031e-05
5139	0
5140	0.00012169956440956015
5141	0
5142	0
5143	8.50416728079775e-05
5144	0
5145	4.590642794637031e-05
5146	6.089568270135319e-05
5147	4.590642794637031e-05
5148	0
5149	5.704887303050592e-05
5150	0
5151	4.590642794637031e-05
5152	0.00017066275312641293
5153	4.590642794637031e-05
5154	6.300973222853885e-05
5155	0
5156	0
5157	0
5158	5.6852557312033535e-05
5159	0
5160	4.590642794637031e-05
5161	8.492687533124002e-05
5162	0.0001584974860466961
5163	0
5164	4.590642794637031e-05
5165	0
5166	0
5167	6.916770556588259e-05
5168	4.590642794637031e-05
5169	0
5170	4.590642794637031e-05
5171	4.590642794637031e-05
5172	0
5173	0
5174	4.590642794637031e-05
5175	4.590642794637031e-05
5176	0.0001796352291271403
5177	0.00012130979569843296
5178	0
5179	4.590642794637031e-05
5180	4.590642794637031e-05
5181	6.470737377500269e-05
5182	0
5183	5.306630127325818e-05
5184	4.590642794637031e-05
5185	0
5186	5.104410885158868e-05
5187	7.780304076464013e-05
5188	0
5189	0.0004561182049365771
5190	6.141693830514271e-05
5191	6.819547034985139e-05
5192	0.0001556889337094072
5193	7.05750000413346e-05
5194	4.590642794637031e-05
5195	5.2409835843848595e-05
5196	5.891324374132688e-05
5197	0
5198	9.158607487324729e-05
5199	6.799364925267785e-05
5200	0
5201	7.555987569472902e-05
5202	0
5203	9.529367372765655e-05
5204	4.590642794637031e-05
5205	0
5206	0
5207	4.590642794637031e-05
5208	6.300930613711598e-05
5209	8.863548766177318e-05
5210	6.398553922009683e-05
5211	0.00010217570086266492
5212	0
5213	4.590642794637031e-05
5214	0.00011987171283365538
5215	0
5216	0
5217	0
5218	4.590642794637031e-05
5219	6.289416449523639e-05
5220	5.17985001703373e-05
5221	7.077767659722073e-05
5222	0
5223	6.372134798875555e-05
5224	0
5225	8.349260871875011e-05
5226	6.433579734124696e-05
5227	6.541665163880517e-05
5228	4.590642794637031e-05
5229	0.0001411387297819974
5230	6.45536745751275e-05
5231	5.100303648599242e-05
5232	4.590642794637031e-05
5233	0.00032249478486736695
5234	5.891324374132688e-05
5235	0
5236	6.541665163880517e-05
5237	5.8541632725474954e-05
5238	4.590642794637031e-05
5239	0
5240	0
5241	0
5242	4.590642794637031e-05
5243	5.498665851931677e-05
5244	5.575816445368715e-05
5245	8.739937020092259e-05
5246	5.891383665441591e-05
5247	5.2409835843848595e-05
5248	0.0001933896941104808
5249	0
5250	0
5251	0
5252	0
5253	6.79728931675514e-05
5254	0
5255	7.230849843253692e-05
5256	0
5257	0
5258	0
5259	7.686422479805253e-05
5260	0.00010678299786614733
5261	0
5262	5.6826438503663896e-05
5263	0
5264	0
5265	6.57480090629794e-05
5266	8.357600460324185e-05
5267	9.208232128531545e-05
5268	0
5269	4.590642794637031e-05
5270	4.590642794637031e-05
5271	0
5272	0
5273	6.048784674640858e-05
5274	0
5275	0
5276	9.725727230567074e-05
5277	0
5278	0
5279	0.0001287579018380997
5280	4.590642794637031e-05
5281	0
5282	0
5283	0
5284	0
5285	4.590642794637031e-05
5286	5.034202119246705e-05
5287	0
5288	4.590642794637031e-05
5289	4.590642794637031e-05
5290	0.00015768700562189325
5291	0
5292	6.727441916081688e-05
5293	0
5294	0
5295	0
5296	0
5297	0
5298	0
5299	0
5300	0
5301	5.2336954956089135e-05
5302	0
5303	0
5304	0
5305	6.231464918908778e-05
5306	0.00013407744975002428
5307	0
5308	0
5309	8.492687533124002e-05
5310	0
5311	4.590642794637031e-05
5312	5.566153979258774e-05
5313	0
5314	0
5315	6.300973222853885e-05
5316	5.394158851247098e-05
5317	4.590642794637031e-05
5318	4.590642794637031e-05
5319	8.023021225094624e-05
5320	4.590642794637031e-05
5321	7.92322911269694e-05
5322	0
5323	0.00012059573590165967
5324	4.590642794637031e-05
5325	6.408906280785824e-05
5326	0
5327	0
5328	0
5329	0
5330	4.590642794637031e-05
5331	0
5332	0.00010955515141498385
5333	6.877979095586286e-05
5334	4.590642794637031e-05
5335	0
5336	4.590642794637031e-05
5337	7.92636476479671e-05
5338	4.590642794637031e-05
5339	7.419687016646179e-05
5340	4.590642794637031e-05
5341	5.490203440576621e-05
5342	0.00010763053544921131
5343	0.00028329751291844275
5344	5.87006602101554e-05
5345	0
5346	8.18348212587431e-05
5347	6.048784674640858e-05
5348	0
5349	0
5350	0
5351	4.590642794637031e-05
5352	0
5353	4.87594477078621e-05
5354	0
5355	0
5356	0
5357	4.590642794637031e-05
5358	4.590642794637031e-05
5359	0
5360	5.686173796828145e-05
5361	6.739400301328885e-05
5362	5.0242033211355837e-05
5363	6.206625103168304e-05
5364	6.0427117574737567e-05
5365	4.590642794637031e-05
5366	5.148077757278027e-05
5367	0
5368	6.88894487090601e-05
5369	4.918104243106959e-05
5370	0
5371	6.13070969926888e-05
5372	0
5373	6.153372916232867e-05
5374	8.774869679905234e-05
5375	8.173039945919667e-05
5376	5.091833927519183e-05
5377	8.696330631453839e-05
5378	8.465353923676284e-05
5379	4.590642794637031e-05
5380	8.150403850723832e-05
5381	4.590642794637031e-05
5382	0
5383	0
5384	0
5385	6.736929280409079e-05
5386	0
5387	0
5388	0
5389	0
5390	8.544515683289352e-05
5391	0
5392	0
5393	0
5394	4.87594477078621e-05
5395	7.696988069424685e-05
5396	0
5397	0
5398	0
5399	4.590642794637031e-05
5400	6.541665163880517e-05
5401	4.590642794637031e-05
5402	4.590642794637031e-05
5403	4.590642794637031e-05
5404	4.590642794637031e-05
5405	6.541665163880517e-05
5406	0
5407	0
5408	4.590642794637031e-05
5409	5.891324374132688e-05
5410	6.746806395719517e-05
5411	5.0242033211355837e-05
5412	0
5413	9.399660898846853e-05
5414	5.891324374132688e-05
5415	4.590642794637031e-05
5416	0
5417	7.001190964467234e-05
5418	7.661203480567788e-05
5419	4.590642794637031e-05
5420	0
5421	0
5422	0
5423	5.891324374132688e-05
5424	0
5425	0
5426	8.640829018489952e-05
5427	6.422523987117745e-05
5428	5.092792987702215e-05
5429	4.590642794637031e-05
5430	0
5431	0
5432	5.333764328118007e-05
5433	0
5434	4.590642794637031e-05
5435	0
5436	0
5437	5.2409835843848595e-05
5438	5.566153979258774e-05
5439	0
5440	0
5441	5.78224220603735e-05
5442	0
5443	0
5444	0
5445	0
5446	4.590642794637031e-05
5447	4.590642794637031e-05
5448	9.521038102158497e-05
5449	0
5450	0
5451	7.197589117443358e-05
5452	0
5453	0
5454	0.00011819620698908708
5455	4.9385705836363304e-05
5456	4.590642794637031e-05
5457	4.590642794637031e-05
5458	0
5459	0
5460	0
5461	5.891324374132688e-05
5462	0
5463	0
5464	6.541665163880517e-05
5465	6.57143250731741e-05
5466	7.92636476479671e-05
5467	5.2409835843848595e-05
5468	0
5469	8.206465049382335e-05
5470	0
5471	0
5472	4.590642794637031e-05
5473	0.00012484914632526238
5474	4.590642794637031e-05
5475	0
5476	4.590642794637031e-05
5477	5.391438063370434e-05
5478	5.8541632725474954e-05
5479	5.3250335274206517e-05
5480	0
5481	0
5482	0.00018170884940957763
5483	6.0733835271357684e-05
5484	4.590642794637031e-05
5485	4.590642794637031e-05
5486	5.3710517423344255e-05
5487	4.590642794637031e-05
5488	4.590642794637031e-05
5489	0
5490	7.901275433459203e-05
5491	6.844146487327676e-05
5492	0
5493	4.590642794637031e-05
5494	4.590642794637031e-05
5495	0
5496	0
5497	0
5498	6.54142626737003e-05
5499	0
5500	5.161638381222994e-05
5501	0
5502	0.00012851260972160847
5503	4.590642794637031e-05
5504	4.590642794637031e-05
5505	0
5506	0
5507	4.590642794637031e-05
5508	4.590642794637031e-05
5509	0.0006422910917379871
5510	0
5511	6.42459475469433e-05
5512	0
5513	0
5514	0.0001581627756215785
5515	0
5516	0
5517	0
5518	0
5519	6.541665163880517e-05
5520	0.00010297573302067135
5521	6.79728931675514e-05
5522	0
5523	0.00012767463880925082
5524	8.08225623981629e-05
5525	9.780078987913692e-05
5526	4.590642794637031e-05
5527	4.590642794637031e-05
5528	4.590642794637031e-05
5529	0.0001256782066335991
5530	0
5531	7.322807587913476e-05
5532	0
5533	4.590642794637031e-05
5534	0
5535	6.422523987117745e-05
5536	0.00013453198113521218
5537	0
5538	0
5539	0.00011537087488797267
5540	4.590642794637031e-05
5541	0
5542	0.0001516032659239859
5543	0
5544	0
5545	0
5546	4.590642794637031e-05
5547	0
5548	0
5549	4.590642794637031e-05
5550	0
5551	0
5552	5.578109558711704e-05
5553	8.050834567781594e-05
5554	8.050834567781594e-05
5555	5.995023336025036e-05
5556	0
5557	0
5558	7.701526953448531e-05
5559	4.590642794637031e-05
5560	4.590642794637031e-05
5561	0
5562	0
5563	4.590642794637031e-05
5564	0
5565	4.590642794637031e-05
5566	6.076302139188445e-05
5567	0
5568	4.590642794637031e-05
5569	0
5570	0
5571	4.590642794637031e-05
5572	0
5573	8.761398344549609e-05
5574	0
5575	4.590642794637031e-05
5576	0
5577	4.590642794637031e-05
5578	4.590642794637031e-05
5579	0
5580	8.492687533124002e-05
5581	0.0001417702474395572
5582	0
5583	6.671733321830083e-05
5584	0
5585	9.651163714676139e-05
5586	0
5587	0
5588	0
5589	5.566153979258774e-05
5590	4.590642794637031e-05
5591	4.590642794637031e-05
5592	0
5593	0.0001899093070391776
5594	0
5595	7.010714856658725e-05
5596	0.00011365497669213257
5597	4.590642794637031e-05
5598	4.590642794637031e-05
5599	0
5600	4.590642794637031e-05
5601	4.590642794637031e-05
5602	0.0001239035436167624
5603	4.820174838077441e-05
5604	0
5605	0
5606	0.0003796846931377662
5607	4.590642794637031e-05
5608	4.590642794637031e-05
5609	0
5610	0
5611	0
5612	0
5613	0
5614	8.675652530054396e-05
5615	4.590642794637031e-05
5616	5.811326538335263e-05
5617	0
5618	0
5619	0.00012338860419085817
5620	4.590642794637031e-05
5621	7.054776776508591e-05
5622	0
5623	0.0001309745504036505
5624	0
5625	4.590642794637031e-05
5626	7.720683976328942e-05
5627	4.590642794637031e-05
5628	9.095878915213087e-05
5629	8.288461784169413e-05
5630	6.265514442518981e-05
5631	6.736929280409079e-05
5632	4.590642794637031e-05
5633	0
5634	4.590642794637031e-05
5635	4.590642794637031e-05
5636	5.891324374132688e-05
5637	0.00033865301453716017
5638	0.0001527908508134045
5639	0
5640	4.590642794637031e-05
5641	6.532847344777832e-05
5642	5.909119067228588e-05
5643	0
5644	7.92636476479671e-05
5645	0
5646	4.590642794637031e-05
5647	6.658088104186813e-05
5648	4.590642794637031e-05
5649	0
5650	0
5651	0
5652	4.590642794637031e-05
5653	0
5654	0
5655	8.314481460228235e-05
5656	0.00019889476093909434
5657	0.00018004467279576121
5658	0.00011485684171190363
5659	0
5660	0
5661	0.00012230894466278672
5662	7.168154079983206e-05
5663	5.515664694711922e-05
5664	0.00015083290285131738
5665	0.00014302621431199213
5666	4.915813189510945e-05
5667	0
5668	4.950496520458899e-05
5669	7.810938985911483e-05
5670	4.590642794637031e-05
5671	9.110773206686533e-05
5672	4.590642794637031e-05
5673	0.00010268474077659276
5674	0
5675	4.590642794637031e-05
5676	0
5677	0
5678	0
5679	0.0001860182761505019
5680	0.00016395646501337103
5681	0
5682	6.617337885948781e-05
5683	0
5684	0
5685	0
5686	0
5687	6.015295141898921e-05
5688	0.0001762505814174967
5689	0
5690	4.590642794637031e-05
5691	9.797794001779086e-05
5692	4.590642794637031e-05
5693	0
5694	5.525837859031694e-05
5695	6.575049087708156e-05
5696	0
5697	0
5698	0.00012379722266768638
5699	6.403746132488774e-05
5700	6.50347580412346e-05
5701	5.2409835843848595e-05
5702	0.00016121381145782233
5703	0
5704	5.909119067228588e-05
5705	6.929999933735786e-05
5706	6.0944911844291444e-05
5707	5.4380372956844896e-05
5708	5.96623593634757e-05
5709	4.590642794637031e-05
5710	7.51717634850226e-05
5711	6.291794561333866e-05
5712	0
5713	7.169551087327613e-05
5714	0
5715	4.590642794637031e-05
5716	0
5717	0
5718	0
5719	5.795686022699184e-05
5720	0
5721	0
5722	0
5723	0
5724	5.148077757278027e-05
5725	0.0005983592531588294
5726	0
5727	8.92720891087136e-05
5728	0
5729	0
5730	0
5731	8.804705420422415e-05
5732	0
5733	0
5734	0
5735	0
5736	4.590642794637031e-05
5737	4.590642794637031e-05
5738	9.796929460061789e-05
5739	0.00012149443426802311
5740	0
5741	0
5742	0
5743	4.590642794637031e-05
5744	5.3710517423344255e-05
5745	0.00011822287304127639
5746	5.704011719434789e-05
5747	4.590642794637031e-05
5748	4.590642794637031e-05
5749	4.590642794637031e-05
5750	7.96096065692879e-05
5751	6.866835558754431e-05
5752	6.914108018352077e-05
5753	7.159581639909841e-05
5754	0
5755	4.590642794637031e-05
5756	0
5757	7.012030126349626e-05
5758	4.590642794637031e-05
5759	4.590642794637031e-05
5760	5.6826438503663896e-05
5761	0
5762	0
5763	5.3710517423344255e-05
5764	6.808504785601709e-05
5765	0
5766	0
5767	4.590642794637031e-05
5768	6.478395393122177e-05
5769	5.182448379791766e-05
5770	0
5771	0
5772	5.805680000757416e-05
5773	0
5774	0
5775	4.590642794637031e-05
5776	0
5777	0
5778	5.679096819258142e-05
5779	9.278139942449919e-05
5780	6.541665163880517e-05
5781	5.490203440576621e-05
5782	5.566153979258774e-05
5783	0.00012075162303900018
5784	0
5785	5.891324374132688e-05
5786	5.148077757278027e-05
5787	0
5788	6.300973222853885e-05
5789	0
5790	8.365174081567221e-05
5791	4.590642794637031e-05
5792	0
5793	0
5794	0
5795	0
5796	4.590642794637031e-05
5797	0
5798	0
5799	0
5800	7.608359937190269e-05
5801	0
5802	0
5803	0
5804	0
5805	4.590642794637031e-05
5806	0.00035781946811521597
5807	0
5808	0
5809	0
5810	4.590642794637031e-05
5811	0
5812	0.00018432469167136743
5813	5.8880168724453305e-05
5814	0.00012097487472732627
5815	0
5816	4.590642794637031e-05
5817	0.00012520551546125086
5818	8.206465049382335e-05
5819	4.915813189510945e-05
5820	7.657953234458036e-05
5821	4.590642794637031e-05
5822	5.8541632725474954e-05
5823	4.590642794637031e-05
5824	4.590642794637031e-05
5825	0.00015723954665043007
5826	0.00011913867914516957
5827	0
5828	5.3710517423344255e-05
5829	5.929898833635011e-05
5830	0
5831	4.590642794637031e-05
5832	7.115608353323128e-05
5833	8.492687533124002e-05
5834	5.891324374132688e-05
5835	4.590642794637031e-05
5836	0
5837	0
5838	0.00020134754811815633
5839	0
5840	0
5841	0
5842	0
5843	0
5844	0
5845	4.915813189510945e-05
5846	0
5847	0
5848	0
5849	6.799364925267785e-05
5850	4.915813189510945e-05
5851	4.590642794637031e-05
5852	0
5853	4.590642794637031e-05
5854	0
5855	8.763370026815396e-05
5856	8.497997380843351e-05
5857	4.590642794637031e-05
5858	0
5859	4.590642794637031e-05
5860	4.590642794637031e-05
5861	0
5862	4.590642794637031e-05
5863	0
5864	4.590642794637031e-05
5865	4.590642794637031e-05
5866	0
5867	0
5868	0
5869	0
5870	4.590642794637031e-05
5871	0
5872	0
5873	4.590642794637031e-05
5874	0
5875	0
5876	9.324924630986745e-05
5877	0.0004680602884886133
5878	4.590642794637031e-05
5879	5.2409835843848595e-05
5880	0
5881	0.00016674201587272514
5882	0
5883	5.6119542317929465e-05
5884	0
5885	0
5886	0
5887	0
5888	4.590642794637031e-05
5889	0
5890	0
5891	4.590642794637031e-05
5892	6.864408794540607e-05
5893	0.00014992076592711324
5894	0.00011020229354048876
5895	6.051494039953519e-05
5896	0
5897	0
5898	0.00012100372515805358
5899	0
5900	5.525837859031694e-05
5901	4.590642794637031e-05
5902	6.362636090605917e-05
5903	6.163362853961478e-05
5904	4.590642794637031e-05
5905	0
5906	6.216494769006603e-05
5907	0
5908	5.0620874992378425e-05
5909	8.177139597539868e-05
5910	8.072637763062854e-05
5911	4.590642794637031e-05
5912	0.00013076322625921223
5913	0.00010857474509509521
5914	0
5915	4.590642794637031e-05
5916	0
5917	9.498754455920153e-05
5918	7.047510040472882e-05
5919	0
5920	0.00021336723225541735
5921	4.590642794637031e-05
5922	4.590642794637031e-05
5923	0
5924	4.9453741344994835e-05
5925	4.590642794637031e-05
5926	0
5927	0.00013500502622230222
5928	0
5929	4.590642794637031e-05
5930	4.943559854269309e-05
5931	0
5932	0
5933	0.00035628130102769877
5934	0
5935	0
5936	0.0002676533858084392
5937	0
5938	0.00010745855603110926
5939	0
5940	0
5941	0
5942	4.590642794637031e-05
5943	0
5944	0
5945	4.590642794637031e-05
5946	4.590642794637031e-05
5947	0.000145814889136994
5948	0
5949	0.00011241125574014224
5950	0
5951	7.366514773666555e-05
5952	0
5953	0
5954	4.590642794637031e-05
5955	6.172446679886048e-05
5956	4.590642794637031e-05
5957	9.624216278400826e-05
5958	5.891324374132688e-05
5959	0
5960	0
5961	0
5962	5.8165978524929985e-05
5963	0
5964	4.590642794637031e-05
5965	4.590642794637031e-05
5966	0.00024897286134204665
5967	0
5968	0
5969	4.9453741344994835e-05
5970	0
5971	0
5972	0
5973	4.590642794637031e-05
5974	0
5975	0
5976	4.590642794637031e-05
5977	0
5978	4.590642794637031e-05
5979	8.083081783215363e-05
5980	4.590642794637031e-05
5981	4.590642794637031e-05
5982	6.866835558754431e-05
5983	7.108235384521972e-05
5984	0.00012216145563602107
5985	0
5986	0
5987	8.748382455225295e-05
5988	5.891324374132688e-05
5989	0
5990	0
5991	0
5992	5.891383665441591e-05
5993	0
5994	0
5995	8.492687533124002e-05
5996	0
5997	5.891324374132688e-05
5998	9.873443625359543e-05
5999	4.590642794637031e-05
6000	0.00011823169220530585
6001	4.590642794637031e-05
6002	4.590642794637031e-05
6003	4.590642794637031e-05
6004	0
6005	4.590642794637031e-05
6006	0
6007	0
6008	5.83208983892285e-05
6009	7.197589117443358e-05
6010	4.590642794637031e-05
6011	4.590642794637031e-05
6012	5.9417728555115316e-05
6013	4.590642794637031e-05
6014	0
6015	0
6016	4.590642794637031e-05
6017	0
6018	4.590642794637031e-05
6019	0
6020	5.0242033211355837e-05
6021	0
6022	4.590642794637031e-05
6023	4.590642794637031e-05
6024	0
6025	0.00014554282234774773
6026	4.590642794637031e-05
6027	0
6028	4.590642794637031e-05
6029	8.179361429903592e-05
6030	4.590642794637031e-05
6031	0.00020692337965656286
6032	0
6033	5.2409835843848595e-05
6034	0
6035	0
6036	6.233109226150246e-05
6037	4.590642794637031e-05
6038	5.7326339678089556e-05
6039	6.373595641389255e-05
6040	0
6041	0
6042	0
6043	0
6044	0
6045	4.590642794637031e-05
6046	4.590642794637031e-05
6047	0
6048	8.18348212587431e-05
6049	0
6050	0
6051	0.00027721969670514615
6052	0
6053	0
6054	0
6055	4.590642794637031e-05
6056	0
6057	4.590642794637031e-05
6058	7.109619631345461e-05
6059	4.590642794637031e-05
6060	5.0620874992378425e-05
6061	0
6062	0
6063	7.74098297874132e-05
6064	6.883504415238817e-05
6065	4.590642794637031e-05
6066	4.590642794637031e-05
6067	7.001190964467234e-05
6068	0
6069	0
6070	0.00011228348277912178
6071	4.590642794637031e-05
6072	8.536579804361213e-05
6073	5.6325761359735023e-05
6074	0.00010079364920571881
6075	7.108235384521972e-05
6076	4.590642794637031e-05
6077	4.590642794637031e-05
6078	0
6079	4.590642794637031e-05
6080	0
6081	0
6082	7.73434841298093e-05
6083	4.590642794637031e-05
6084	0.0008313065000826378
6085	4.590642794637031e-05
6086	4.590642794637031e-05
6087	0
6088	4.590642794637031e-05
6089	8.085130815967204e-05
6090	0.0002392619540469252
6091	0
6092	0
6093	0
6094	0
6095	9.579836282481279e-05
6096	0
6097	0.00026063658064650653
6098	5.0242033211355837e-05
6099	4.590642794637031e-05
6100	0
6101	0
6102	5.092792987702215e-05
6103	0
6104	0.00035803755972188826
6105	0
6106	8.372945037932517e-05
6107	0
6108	8.817857927997916e-05
6109	5.4847488154684425e-05
6110	6.277577329042935e-05
6111	0
6112	4.590642794637031e-05
6113	5.490203440576621e-05
6114	5.4262161554709094e-05
6115	5.148077757278027e-05
6116	6.41532185089718e-05
6117	0
6118	4.590642794637031e-05
6119	6.405167381367126e-05
6120	5.891324374132688e-05
6121	6.131250142240373e-05
6122	0
6123	0
6124	6.021392532082254e-05
6125	4.590642794637031e-05
6126	0
6127	5.566153979258774e-05
6128	0
6129	0
6130	0
6131	7.348524240530743e-05
6132	5.54533388688407e-05
6133	0
6134	4.590642794637031e-05
6135	4.590642794637031e-05
6136	0
6137	6.590407981247584e-05
6138	0
6139	0
6140	0
6141	4.590642794637031e-05
6142	6.27955879576853e-05
6143	0
6144	5.460991987929309e-05
6145	4.590642794637031e-05
6146	0
6147	0
6148	4.590642794637031e-05
6149	4.590642794637031e-05
6150	0
6151	0
6152	4.590642794637031e-05
6153	5.24282456707529e-05
6154	5.891324374132688e-05
6155	4.590642794637031e-05
6156	4.590642794637031e-05
6157	6.11626182273679e-05
6158	0
6159	0
6160	9.830986971010382e-05
6161	0
6162	5.3710517423344255e-05
6163	7.554966229172532e-05
6164	4.918104243106959e-05
6165	4.590642794637031e-05
6166	0.0002836747453289281
6167	0
6168	4.590642794637031e-05
6169	7.099100126521513e-05
6170	0.0001426948623373539
6171	4.590642794637031e-05
6172	0.00012186354727969039
6173	4.590642794637031e-05
6174	5.3710517423344255e-05
6175	0
6176	0
6177	0.0001460159624632291
6178	0.00015828204735747844
6179	0
6180	0
6181	0
6182	0.00010551301626907001
6183	5.659187156417222e-05
6184	0
6185	0
6186	5.4895684965936817e-05
6187	4.590642794637031e-05
6188	8.382521001521796e-05
6189	4.590642794637031e-05
6190	0
6191	0
6192	6.797576182352683e-05
6193	0
6194	6.285441673041623e-05
6195	0
6196	0
6197	0.00012299221728304392
6198	0
6199	4.590642794637031e-05
6200	0.00010929395924547534
6201	0
6202	7.772146720285222e-05
6203	0
6204	0.00010467879083667047
6205	4.590642794637031e-05
6206	4.590642794637031e-05
6207	0.00011650183614468145
6208	5.3710517423344255e-05
6209	0
6210	6.178558919931186e-05
6211	0
6212	8.665990849969051e-05
6213	0.00013866851586983155
6214	0
6215	6.541665163880517e-05
6216	4.590642794637031e-05
6217	0
6218	0
6219	5.078398386947903e-05
6220	0
6221	6.167912716246268e-05
6222	0
6223	5.891324374132688e-05
6224	0
6225	0
6226	0.00012452588707707367
6227	0
6228	7.5256957000475e-05
6229	0
6230	0
6231	0
6232	8.665990849969051e-05
6233	0
6234	0
6235	7.067392488263087e-05
6236	4.590642794637031e-05
6237	5.77908410588718e-05
6238	0
6239	0
6240	0
6241	0
6242	0
6243	7.353510387772472e-05
6244	6.617337885948781e-05
6245	0
6246	6.57143250731741e-05
6247	4.590642794637031e-05
6248	0.0001273124506812304
6249	0
6250	4.590642794637031e-05
6251	0
6252	0
6253	0
6254	0.00019042759438394382
6255	0
6256	0
6257	6.401968999343016e-05
6258	0.00014060827299686797
6259	4.590642794637031e-05
6260	0
6261	0
6262	4.590642794637031e-05
6263	0
6264	0
6265	4.590642794637031e-05
6266	0.00010555937192443335
6267	0
6268	4.590642794637031e-05
6269	4.590642794637031e-05
6270	4.590642794637031e-05
6271	0
6272	0
6273	6.139158900870669e-05
6274	0
6275	0
6276	0
6277	8.777860853278403e-05
6278	0.000145980732563487
6279	6.11626182273679e-05
6280	6.778513802326932e-05
6281	0.0001119682251841453
6282	0
6283	5.891324374132688e-05
6284	0
6285	5.148077757278027e-05
6286	5.9193887474584165e-05
6287	0
6288	8.947169632071807e-05
6289	0
6290	0
6291	8.964422275457879e-05
6292	6.805261085410203e-05
6293	4.590642794637031e-05
6294	0
6295	0
6296	0
6297	0.00011189301749626497
6298	0.00010906154315006883
6299	4.590642794637031e-05
6300	4.590642794637031e-05
6301	0
6302	7.139912783581439e-05
6303	0
6304	0.00017147883822710684
6305	5.811326538335263e-05
6306	4.590642794637031e-05
6307	0.00010118539507493574
6308	5.306630127325818e-05
6309	0
6310	0
6311	4.590642794637031e-05
6312	4.590642794637031e-05
6313	0
6314	7.283617862390007e-05
6315	0
6316	0
6317	5.148077757278027e-05
6318	0
6319	4.590642794637031e-05
6320	0
6321	0
6322	0
6323	4.590642794637031e-05
6324	0
6325	0
6326	5.811326538335263e-05
6327	0
6328	0
6329	0
6330	0
6331	0
6332	6.981627779603843e-05
6333	0
6334	5.930962466644636e-05
6335	4.590642794637031e-05
6336	0
6337	0
6338	0
6339	0
6340	0
6341	0
6342	5.148077757278027e-05
6343	0
6344	5.566153979258774e-05
6345	0
6346	5.525837859031694e-05
6347	0.00012356945112670307
6348	5.566153979258774e-05
6349	4.590642794637031e-05
6350	0
6351	8.068187024487576e-05
6352	4.590642794637031e-05
6353	4.590642794637031e-05
6354	0
6355	0
6356	4.590642794637031e-05
6357	0
6358	4.590642794637031e-05
6359	5.255981781551542e-05
6360	0
6361	4.590642794637031e-05
6362	5.3710517423344255e-05
6363	0
6364	4.590642794637031e-05
6365	0
6366	4.590642794637031e-05
6367	8.777886245478975e-05
6368	7.192005953628346e-05
6369	8.492687533124002e-05
6370	4.590642794637031e-05
6371	4.590642794637031e-05
6372	0.00019557864448851672
6373	6.79728931675514e-05
6374	4.943559854269309e-05
6375	0
6376	0
6377	0
6378	0
6379	6.32629603175288e-05
6380	0.00011950468126509197
6381	0
6382	0
6383	5.7326339678089556e-05
6384	5.148077757278027e-05
6385	6.068403270734556e-05
6386	0
6387	0
6388	4.590642794637031e-05
6389	6.541665163880517e-05
6390	6.346562926956169e-05
6391	0
6392	4.590642794637031e-05
6393	8.491750230599626e-05
6394	4.590642794637031e-05
6395	0
6396	4.590642794637031e-05
6397	0
6398	0
6399	5.160933354849469e-05
6400	4.590642794637031e-05
6401	4.590642794637031e-05
6402	0
6403	0
6404	0
6405	0
6406	0.00023351330358319696
6407	0
6408	0
6409	0
6410	0
6411	0
6412	4.590642794637031e-05
6413	5.6745441108834124e-05
6414	0
6415	0.0001241364206458759
6416	0.00011153877464098116
6417	4.590642794637031e-05
6418	0
6419	9.873443625359543e-05
6420	5.566153979258774e-05
6421	0.00015836933451026037
6422	4.590642794637031e-05
6423	6.274741318331253e-05
6424	0
6425	5.891324374132688e-05
6426	0
6427	0
6428	5.148077757278027e-05
6429	5.50687872506395e-05
6430	6.541665163880517e-05
6431	0
6432	0
6433	4.590642794637031e-05
6434	0
6435	4.590642794637031e-05
6436	0
6437	4.590642794637031e-05
6438	4.590642794637031e-05
6439	7.816915149811535e-05
6440	0
6441	0
6442	4.590642794637031e-05
6443	0
6444	0
6445	0
6446	0
6447	6.79728931675514e-05
6448	0
6449	0
6450	6.076972958170126e-05
6451	0
6452	0
6453	0
6454	0.00010476345621367262
6455	0.00018803645396788562
6456	4.590642794637031e-05
6457	0
6458	5.034202119246705e-05
6459	0
6460	0.0001133171358121429
6461	6.399346453410024e-05
6462	0
6463	0
6464	0
6465	0
6466	4.590642794637031e-05
6467	4.590642794637031e-05
6468	0
6469	4.590642794637031e-05
6470	0
6471	4.590642794637031e-05
6472	0
6473	5.550015464532386e-05
6474	0
6475	0
6476	0
6477	4.590642794637031e-05
6478	4.590642794637031e-05
6479	6.015295141898921e-05
6480	0
6481	4.590642794637031e-05
6482	6.796380271597907e-05
6483	0
6484	0
6485	0
6486	4.590642794637031e-05
6487	0
6488	0
6489	0.00019645819874330707
6490	0
6491	0
6492	6.288026910639516e-05
6493	0
6494	4.590642794637031e-05
6495	0
6496	0
6497	0
6498	0.00027821515812223623
6499	8.635632467597596e-05
6500	0.0001407381607922599
6501	0
6502	0
6503	0.00010119430836069663
6504	0
6505	0.00016495641141917971
6506	0
6507	7.695979045141372e-05
6508	0
6509	0.00010571556683880129
6510	0
6511	9.679895706714752e-05
6512	9.079072311675906e-05
6513	4.590642794637031e-05
6514	4.590642794637031e-05
6515	0
6516	0
6517	0
6518	4.590642794637031e-05
6519	4.590642794637031e-05
6520	0
6521	0
6522	4.590642794637031e-05
6523	0
6524	4.590642794637031e-05
6525	8.536579804361213e-05
6526	0
6527	5.3710517423344255e-05
6528	7.782495518680643e-05
6529	0
6530	0
6531	0
6532	5.566153979258774e-05
6533	0
6534	4.590642794637031e-05
6535	6.792302444556116e-05
6536	0
6537	8.870835327728518e-05
6538	0
6539	0
6540	0
6541	7.159581639909841e-05
6542	0
6543	0
6544	4.590642794637031e-05
6545	6.541665163880517e-05
6546	9.793120284297543e-05
6547	0
6548	4.590642794637031e-05
6549	0
6550	8.114645892398466e-05
6551	0.00013434369878038944
6552	0
6553	0
6554	0
6555	0
6556	4.590642794637031e-05
6557	0
6558	6.541665163880517e-05
6559	4.590642794637031e-05
6560	0
6561	4.590642794637031e-05
6562	0
6563	0
6564	6.932324269155289e-05
6565	4.590642794637031e-05
6566	0.00010327716622052508
6567	0
6568	4.590642794637031e-05
6569	4.590642794637031e-05
6570	0
6571	0
6572	4.590642794637031e-05
6573	7.544803930683123e-05
6574	8.204629971662749e-05
6575	5.891324374132688e-05
6576	0
6577	4.590642794637031e-05
6578	0
6579	0
6580	4.590642794637031e-05
6581	0
6582	4.590642794637031e-05
6583	5.2409835843848595e-05
6584	0.00015347697693768637
6585	4.590642794637031e-05
6586	0
6587	0
6588	0.00010841448975007672
6589	0.00010457843385317206
6590	0
6591	7.144417895430056e-05
6592	0
6593	0
6594	8.777860853278403e-05
6595	0.00015977957058923979
6596	0
6597	0
6598	0
6599	4.590642794637031e-05
6600	4.590642794637031e-05
6601	8.155074567033229e-05
6602	4.590642794637031e-05
6603	4.590642794637031e-05
6604	0
6605	4.590642794637031e-05
6606	4.590642794637031e-05
6607	7.569380451431165e-05
6608	4.590642794637031e-05
6609	7.815899278124233e-05
6610	4.590642794637031e-05
6611	4.590642794637031e-05
6612	0
6613	0
6614	0
6615	0
6616	7.151347070758477e-05
6617	0
6618	0
6619	0
6620	0
6621	0
6622	0
6623	0
6624	0
6625	0
6626	0
6627	4.590642794637031e-05
6628	4.590642794637031e-05
6629	9.095324575581554e-05
6630	0
6631	8.466384469002904e-05
6632	0
6633	5.732796454427667e-05
6634	0
6635	0
6636	8.492687533124002e-05
6637	6.671733321830083e-05
6638	0
6639	0
6640	0
6641	0
6642	0
6643	4.590642794637031e-05
6644	0
6645	0
6646	0
6647	4.590642794637031e-05
6648	0
6649	4.590642794637031e-05
6650	9.597865507493407e-05
6651	5.3710517423344255e-05
6652	0
6653	6.422473721812266e-05
6654	4.590642794637031e-05
6655	7.001190964467234e-05
6656	8.585871601345743e-05
6657	6.274741318331253e-05
6658	4.590642794637031e-05
6659	0
6660	5.891324374132688e-05
6661	0
6662	0
6663	0
6664	0
6665	0
6666	0
6667	0
6668	4.590642794637031e-05
6669	0
6670	0
6671	4.590642794637031e-05
6672	6.997961954542625e-05
6673	4.590642794637031e-05
6674	0
6675	8.596108322084756e-05
6676	5.078398386947903e-05
6677	0.00010857474509509521
6678	4.590642794637031e-05
6679	0
6680	4.590642794637031e-05
6681	0
6682	9.273096480821397e-05
6683	4.590642794637031e-05
6684	5.811326538335263e-05
6685	7.694007719662177e-05
6686	4.590642794637031e-05
6687	4.590642794637031e-05
6688	0
6689	7.269329124541426e-05
6690	0
6691	8.825262823047457e-05
6692	0
6693	0
6694	0
6695	0
6696	4.590642794637031e-05
6697	5.3710517423344255e-05
6698	4.590642794637031e-05
6699	8.053149326280624e-05
6700	7.964511863448838e-05
6701	5.891324374132688e-05
6702	0.00015806476780902165
6703	0
6704	0
6705	0
6706	4.590642794637031e-05
6707	6.932324269155289e-05
6708	0
6709	7.990745921478734e-05
6710	0
6711	7.488673023709315e-05
6712	0
6713	4.590642794637031e-05
6714	0
6715	5.0242033211355837e-05
6716	4.590642794637031e-05
6717	0
6718	0
6719	0
6720	0
6721	0
6722	4.590642794637031e-05
6723	0
6724	0
6725	4.590642794637031e-05
6726	0
6727	0
6728	0
6729	0
6730	7.38204129848602e-05
6731	9.699913671220586e-05
6732	0
6733	4.590642794637031e-05
6734	0
6735	5.3710517423344255e-05
6736	7.815046980008812e-05
6737	0
6738	4.590642794637031e-05
6739	0.0005983592531588294
6740	7.040443284745475e-05
6741	4.590642794637031e-05
6742	0
6743	7.58158131783094e-05
6744	0
6745	6.271969276323029e-05
6746	0
6747	0.00019193806552783303
6748	5.5108859961839154e-05
6749	0
6750	0
6751	5.732796454427667e-05
6752	8.410438770918669e-05
6753	0
6754	0
6755	7.441840662758973e-05
6756	0
6757	5.2409835843848595e-05
6758	5.182448379791766e-05
6759	0.0001634511537269706
6760	0
6761	0
6762	0
6763	7.564893567487076e-05
6764	6.227202425262148e-05
6765	0
6766	0
6767	0
6768	5.891324374132688e-05
6769	0
6770	4.590642794637031e-05
6771	0.00011635965741117102
6772	0
6773	0
6774	0
6775	4.590642794637031e-05
6776	0
6777	0.0004969846619876957
6778	0
6779	0.00013944388282264794
6780	0
6781	0.00012991265904264686
6782	4.590642794637031e-05
6783	0
6784	4.590642794637031e-05
6785	7.400769411572042e-05
6786	4.590642794637031e-05
6787	0
6788	4.590642794637031e-05
6789	5.891324374132688e-05
6790	0
6791	0
6792	0
6793	0.0003499658316581204
6794	0
6795	0
6796	4.590642794637031e-05
6797	0.00011776841907889638
6798	6.591904991702425e-05
6799	0
6800	0.00014014982820523167
6801	0
6802	0
6803	7.601853993595996e-05
6804	0
6805	0
6806	0
6807	0
6808	4.590642794637031e-05
6809	0
6810	4.590642794637031e-05
6811	6.398553922009683e-05
6812	4.590642794637031e-05
6813	7.382914317917129e-05
6814	4.590642794637031e-05
6815	6.131250142240373e-05
6816	0
6817	4.590642794637031e-05
6818	4.590642794637031e-05
6819	7.109619631345461e-05
6820	4.590642794637031e-05
6821	0
6822	0
6823	9.210987966184137e-05
6824	0
6825	0
6826	0
6827	5.270544529373398e-05
6828	0
6829	0
6830	0
6831	4.590642794637031e-05
6832	6.541665163880517e-05
6833	0
6834	4.590642794637031e-05
6835	0
6836	5.3710517423344255e-05
6837	0
6838	0
6839	0.00022636098666596588
6840	4.590642794637031e-05
6841	4.590642794637031e-05
6842	0
6843	6.760422109085467e-05
6844	4.590642794637031e-05
6845	0
6846	4.590642794637031e-05
6847	0.00010384386899024395
6848	4.590642794637031e-05
6849	0
6850	4.590642794637031e-05
6851	0
6852	0.00033268187497353214
6853	0
6854	0
6855	4.590642794637031e-05
6856	0
6857	4.918104243106959e-05
6858	4.590642794637031e-05
6859	4.590642794637031e-05
6860	0
6861	4.590642794637031e-05
6862	7.27948935335794e-05
6863	0
6864	5.566153979258774e-05
6865	4.590642794637031e-05
6866	0
6867	0
6868	4.590642794637031e-05
6869	7.772146720285222e-05
6870	6.45536745751275e-05
6871	4.590642794637031e-05
6872	0
6873	8.94398122580272e-05
6874	8.468066761209183e-05
6875	0.00012130979569843296
6876	0
6877	0
6878	0
6879	4.590642794637031e-05
6880	4.915813189510945e-05
6881	0
6882	0.00011929550083266102
6883	0
6884	0
6885	0
6886	4.590642794637031e-05
6887	5.3710517423344255e-05
6888	5.566153979258774e-05
6889	0
6890	6.85590680870512e-05
6891	0.00011851034963885391
6892	5.566153979258774e-05
6893	0
6894	0
6895	0.00015417422797542733
6896	4.834520590792466e-05
6897	0
6898	0
6899	5.148077757278027e-05
6900	4.590642794637031e-05
6901	0.000126257518667184
6902	0
6903	0
6904	6.572309798988702e-05
6905	5.891324374132688e-05
6906	5.891324374132688e-05
6907	0
6908	9.304721509892608e-05
6909	0
6910	0
6911	0
6912	9.270764221881879e-05
6913	0
6914	0
6915	7.410912609828885e-05
6916	0.00013156630591482007
6917	0
6918	8.84507687356968e-05
6919	8.795643610167074e-05
6920	0
6921	0
6922	4.590642794637031e-05
6923	8.776217376480286e-05
6924	6.154491924861312e-05
6925	0
6926	0
6927	4.590642794637031e-05
6928	0
6929	0
6930	0
6931	0
6932	5.891324374132688e-05
6933	0
6934	4.590642794637031e-05
6935	0.000220197115023095
6936	0
6937	0
6938	0.00036456157023872235
6939	0
6940	0
6941	0
6942	0
6943	4.915813189510945e-05
6944	0
6945	0
6946	4.590642794637031e-05
6947	0
6948	0
6949	5.891324374132688e-05
6950	5.679096819258142e-05
6951	0
6952	0
6953	9.913294507863314e-05
6954	4.590642794637031e-05
6955	0
6956	5.148077757278027e-05
6957	4.590642794637031e-05
6958	0
6959	0
6960	0
6961	0
6962	0
6963	0
6964	0.0001312631917174175
6965	6.270803363155526e-05
6966	0
6967	5.811290246064997e-05
6968	4.590642794637031e-05
6969	0
6970	4.590642794637031e-05
6971	0
6972	4.590642794637031e-05
6973	7.001190964467234e-05
6974	4.590642794637031e-05
6975	4.820174838077441e-05
6976	0
6977	0
6978	7.137308871201115e-05
6979	6.168791021716325e-05
6980	0
6981	0
6982	7.466318471765045e-05
6983	5.894742920195497e-05
6984	0
6985	0
6986	6.465713606744011e-05
6987	8.473752303464185e-05
6988	4.980847268485729e-05
6989	0
6990	6.366013277723036e-05
6991	0
6992	0
6993	0.00021482688090938119
6994	0
6995	5.401320831161732e-05
6996	5.847774726078469e-05
6997	0.00011101465031755124
6998	0
6999	0
7000	7.05750000413346e-05
7001	0
7002	0
7003	0
7004	0
7005	8.411549144374031e-05
7006	4.590642794637031e-05
7007	4.918104243106959e-05
7008	0
7009	0.000209283404920066
7010	6.398553922009683e-05
7011	0
7012	4.590642794637031e-05
7013	4.590642794637031e-05
7014	0.0002529633987543588
7015	0
7016	0
7017	6.605724767378835e-05
7018	4.590642794637031e-05
7019	0
7020	0
7021	0
7022	5.034202119246705e-05
7023	0
7024	0
7025	0
7026	0
7027	4.590642794637031e-05
7028	5.498665851931677e-05
7029	0
7030	0
7031	5.161638381222994e-05
7032	4.87594477078621e-05
7033	0
7034	0
7035	8.83046912252576e-05
7036	0
7037	5.148077757278027e-05
7038	5.3710517423344255e-05
7039	0
7040	6.398553922009683e-05
7041	4.590642794637031e-05
7042	0
7043	5.3710517423344255e-05
7044	0
7045	4.590642794637031e-05
7046	6.905141738208812e-05
7047	0
7048	0
7049	5.525837859031694e-05
7050	4.590642794637031e-05
7051	4.590642794637031e-05
7052	0
7053	8.825757916803531e-05
7054	4.9385705836363304e-05
7055	0
7056	5.255981781551542e-05
7057	0
7058	8.567400577713893e-05
7059	7.175571145119679e-05
7060	4.590642794637031e-05
7061	7.662074399920148e-05
7062	0
7063	0
7064	5.353851305343085e-05
7065	0
7066	0
7067	4.590642794637031e-05
7068	0
7069	0
7070	0.00020676148149930554
7071	0
7072	0
7073	0
7074	5.4688906297806336e-05
7075	4.590642794637031e-05
7076	7.365122542997207e-05
7077	0
7078	0
7079	5.078398386947903e-05
7080	0
7081	4.590642794637031e-05
7082	0
7083	9.323348926396545e-05
7084	4.915813189510945e-05
7085	0
7086	0.00011716875597279096
7087	4.590642794637031e-05
7088	4.590642794637031e-05
7089	0.00012013056734965932
7090	0
7091	0
7092	4.590642794637031e-05
7093	6.541665163880517e-05
7094	4.590642794637031e-05
7095	0.00020588540988490152
7096	0
7097	0
7098	9.612909997565387e-05
7099	4.590642794637031e-05
7100	0.00015805291249238688
7101	6.854391769012173e-05
7102	0
7103	4.590642794637031e-05
7104	5.566153979258774e-05
7105	6.94754256073733e-05
7106	5.2409835843848595e-05
7107	6.851136678983071e-05
7108	0
7109	0
7110	0
7111	4.590642794637031e-05
7112	0
7113	5.566153979258774e-05
7114	0.00020447119009715827
7115	0
7116	0
7117	0.0001215968917016605
7118	0
7119	0
7120	5.891324374132688e-05
7121	9.798412933517586e-05
7122	4.590642794637031e-05
7123	0.0001034362320337194
7124	0
7125	0
7126	0
7127	4.590642794637031e-05
7128	4.590642794637031e-05
7129	5.566153979258774e-05
7130	0.00010217473194146322
7131	0
7132	0
7133	6.522538329806516e-05
7134	0
7135	0.0005265483876955216
7136	0
7137	4.590642794637031e-05
7138	5.78224220603735e-05
7139	5.8440150313737656e-05
7140	0.00017427064122926318
7141	0
7142	0.00010547242013410388
7143	9.211253009050982e-05
7144	6.935076099997288e-05
7145	0
7146	0
7147	0
7148	0
7149	0
7150	0
7151	0.00010421737907049062
7152	0
7153	0
7154	0
7155	0
7156	0.00011063254844523712
7157	8.068187024487576e-05
7158	0
7159	9.073338861647614e-05
7160	0
7161	4.590642794637031e-05
7162	5.891324374132688e-05
7163	0.0001927683997252926
7164	4.590642794637031e-05
7165	0.00013125968683127084
7166	4.590642794637031e-05
7167	0
7168	7.332732597218952e-05
7169	0
7170	4.590642794637031e-05
7171	0
7172	0
7173	0
7174	0
7175	0
7176	4.590642794637031e-05
7177	5.3103502462807685e-05
7178	0
7179	0
7180	0
7181	4.590642794637031e-05
7182	0
7183	0
7184	6.365880745459171e-05
7185	8.604529147478316e-05
7186	0
7187	6.277577329042935e-05
7188	4.590642794637031e-05
7189	0
7190	0.00010079364920571881
7191	4.590642794637031e-05
7192	0
7193	0
7194	0
7195	0
7196	5.490603286724967e-05
7197	4.590642794637031e-05
7198	5.092792987702215e-05
7199	0.00010445122890290587
7200	0
7201	0
7202	0.00019829852768554073
7203	0.00012252141811812557
7204	0
7205	0
7206	7.269329124541426e-05
7207	6.233142861815884e-05
7208	4.590642794637031e-05
7209	0
7210	8.887579251420001e-05
7211	0
7212	5.566153979258774e-05
7213	5.2409835843848595e-05
7214	4.590642794637031e-05
7215	4.590642794637031e-05
7216	0
7217	0
7218	0
7219	4.590642794637031e-05
7220	0
7221	5.393420065205288e-05
7222	0
7223	0
7224	0
7225	0
7226	5.091833927519183e-05
7227	4.590642794637031e-05
7228	0
7229	7.27865761205087e-05
7230	6.246568495756528e-05
7231	0
7232	0
7233	0
7234	0
7235	4.590642794637031e-05
7236	8.87518048780434e-05
7237	4.590642794637031e-05
7238	5.795916879552132e-05
7239	0
7240	0
7241	4.590642794637031e-05
7242	0
7243	0
7244	0
7245	5.9994893067632536e-05
7246	0
7247	0
7248	4.590642794637031e-05
7249	6.094362590955586e-05
7250	4.590642794637031e-05
7251	4.590642794637031e-05
7252	8.437303713073154e-05
7253	0
7254	7.331097923364778e-05
7255	4.590642794637031e-05
7256	4.590642794637031e-05
7257	4.590642794637031e-05
7258	4.590642794637031e-05
7259	7.546716947274656e-05
7260	0
7261	5.490603286724967e-05
7262	6.359390944478945e-05
7263	4.590642794637031e-05
7264	4.590642794637031e-05
7265	0
7266	0
7267	0
7268	0
7269	0.00021172359629450228
7270	0
7271	0
7272	4.590642794637031e-05
7273	0
7274	4.590642794637031e-05
7275	0
7276	4.590642794637031e-05
7277	0
7278	0
7279	0
7280	4.590642794637031e-05
7281	0
7282	0
7283	7.374065106631426e-05
7284	0
7285	0
7286	5.361003401954231e-05
7287	7.56684941774329e-05
7288	0
7289	0
7290	0.00040854071244622375
7291	4.590642794637031e-05
7292	9.167399007795838e-05
7293	0
7294	0
7295	0
7296	0
7297	0
7298	9.292219800851967e-05
7299	4.590642794637031e-05
7300	0.00012382589809767095
7301	4.590642794637031e-05
7302	4.87594477078621e-05
7303	6.048784674640858e-05
7304	4.590642794637031e-05
7305	4.590642794637031e-05
7306	4.590642794637031e-05
7307	0
7308	0.00010938044598287522
7309	0
7310	5.148077757278027e-05
7311	4.590642794637031e-05
7312	0
7313	4.590642794637031e-05
7314	7.584457061857725e-05
7315	4.915813189510945e-05
7316	0
7317	0
7318	4.590642794637031e-05
7319	4.590642794637031e-05
7320	0
7321	4.590642794637031e-05
7322	4.590642794637031e-05
7323	4.590642794637031e-05
7324	5.306630127325818e-05
7325	5.2409835843848595e-05
7326	6.802689825189833e-05
7327	0
7328	5.2409835843848595e-05
7329	0
7330	4.590642794637031e-05
7331	5.092792987702215e-05
7332	4.590642794637031e-05
7333	0
7334	0
7335	0
7336	4.590642794637031e-05
7337	4.590642794637031e-05
7338	0
7339	0
7340	0
7341	0
7342	4.820174838077441e-05
7343	8.862223599599401e-05
7344	4.590642794637031e-05
7345	4.590642794637031e-05
7346	4.590642794637031e-05
7347	6.094362590955586e-05
7348	7.095034170324441e-05
7349	0.0001349578514338352
7350	4.590642794637031e-05
7351	0
7352	0
7353	4.590642794637031e-05
7354	0
7355	6.258945014602062e-05
7356	4.590642794637031e-05
7357	0
7358	0
7359	5.385906312349715e-05
7360	5.3710517423344255e-05
7361	5.891324374132688e-05
7362	4.590642794637031e-05
7363	5.4895684965936817e-05
7364	0
7365	0
7366	0
7367	8.299641714532623e-05
7368	4.590642794637031e-05
7369	4.590642794637031e-05
7370	4.590642794637031e-05
7371	5.566153979258774e-05
7372	0
7373	0
7374	0.00011320023068406403
7375	0
7376	0
7377	0
7378	4.590642794637031e-05
7379	4.590642794637031e-05
7380	0
7381	0
7382	0
7383	5.566153979258774e-05
7384	6.155318516137744e-05
7385	4.590642794637031e-05
7386	0
7387	0
7388	0
7389	6.675151867892891e-05
7390	0.00012979931934243357
7391	0
7392	0
7393	0
7394	0
7395	5.5183815693099034e-05
7396	7.546716947274656e-05
7397	0
7398	5.566153979258774e-05
7399	0
7400	5.566153979258774e-05
7401	0
7402	0
7403	0
7404	6.502512920096706e-05
7405	7.223164282534143e-05
7406	0
7407	4.590642794637031e-05
7408	0
7409	0
7410	0.0001120866836603096
7411	0
7412	0
7413	4.590642794637031e-05
7414	0
7415	0
7416	6.530086157066539e-05
7417	0
7418	0
7419	4.590642794637031e-05
7420	0
7421	0
7422	8.492687533124002e-05
7423	5.8880168724453305e-05
7424	0.00012548283555592802
7425	4.590642794637031e-05
7426	0
7427	0
7428	4.590642794637031e-05
7429	6.541665163880517e-05
7430	5.6089940052604116e-05
7431	7.038503353645039e-05
7432	0
7433	0
7434	4.590642794637031e-05
7435	5.24282456707529e-05
7436	0
7437	0.000258228751055929
7438	0
7439	0
7440	4.590642794637031e-05
7441	7.472583080730434e-05
7442	8.50011643996552e-05
7443	0.00010981321371334673
7444	0.00017933355208433398
7445	4.590642794637031e-05
7446	0
7447	6.0099432159633717e-05
7448	0
7449	0
7450	0.0001246637212196377
7451	0.00015415944326829591
7452	0
7453	4.590642794637031e-05
7454	0
7455	4.590642794637031e-05
7456	6.541665163880517e-05
7457	0
7458	9.418068092331426e-05
7459	7.1513319543204e-05
7460	8.611207874024157e-05
7461	0
7462	4.9453741344994835e-05
7463	0
7464	0
7465	7.865506314544596e-05
7466	4.590642794637031e-05
7467	0
7468	0
7469	0.0001474173975495168
7470	0
7471	0
7472	6.905553589415605e-05
7473	0
7474	0
7475	5.385906312349715e-05
7476	0
7477	0
7478	0
7479	6.541665163880517e-05
7480	0
7481	0.0001206999558547574
7482	0
7483	0
7484	0
7485	5.3710517423344255e-05
7486	4.590642794637031e-05
7487	0
7488	4.980847268485729e-05
7489	4.590642794637031e-05
7490	6.685318738054046e-05
7491	0
7492	4.590642794637031e-05
7493	5.891324374132688e-05
7494	0
7495	0
7496	4.590642794637031e-05
7497	0
7498	0
7499	0
7500	6.246949413822621e-05
7501	0
7502	5.84362062684241e-05
7503	0
7504	4.590642794637031e-05
7507	4.590642794637031e-05
7510	0.00013286843307952733
7511	0.00020787672631464898
7512	4.9406942321920006e-05
7513	4.918104243106959e-05
7516	4.850779110536163e-05
7517	0.00023847569436055103
7518	0.0003363545337069389
7519	0.00013839676487708912
7520	4.590642794637031e-05
7521	0.00013517355139439335
7522	0.000238404234763888
7523	0.00013612404780243034
7524	8.956554739186746e-05
7525	6.407580464334245e-05
7528	0.00015051043213714486
7529	6.443121898513343e-05
7530	4.590642794637031e-05
7531	0.00016689550587357756
7532	0.00012274741373186776
7533	8.492687533124002e-05
7534	4.590642794637031e-05
7535	4.590642794637031e-05
7536	0.00017217525294889832
7537	7.374065106631426e-05
7538	5.566153979258774e-05
7539	0.00018852871583927125
7540	0.0001239035436167624
7541	9.90373824036809e-05
7542	4.590642794637031e-05
7543	0.00016779163016831654
7544	0.00013719667131028605
7547	6.995620851799179e-05
7548	0.0003176111629553535
7549	0.00013187152547547217
7550	0.00021950203188805895
7551	0.00010160418822176548
7552	0.0001615102466879831
7553	5.3710517423344255e-05
7554	4.590642794637031e-05
7557	0.0008259551225621338
7558	0.0002640120018160942
7559	0.00026678140020861945
7560	0.000131639274941851
7561	0.0001508311357181602
7562	0.00011485780588289781
7565	0.0002275180641878466
7566	4.590642794637031e-05
7567	7.855910738008904e-05
7570	6.405092464654526e-05
7571	8.979103805301494e-05
7572	0.0002945775136328441
7573	4.590642794637031e-05
7574	0.00011842897369770025
7575	4.590642794637031e-05
7576	0.0003651959472873043
7577	0.00018954378988321358
7578	0.0002323294067174589
7579	5.8224917280720134e-05
7580	0.0001726571634635936
7581	4.590642794637031e-05
7582	5.545553290951147e-05
7583	4.590642794637031e-05
7584	0.0001598032048908379
7585	0.00013593438610539897
7586	4.590642794637031e-05
7587	6.32596223864854e-05
7588	8.492687533124002e-05
7589	4.590642794637031e-05
7590	0.00011419221086989231
7591	0.0002034806327908113
7594	4.590642794637031e-05
7597	7.319701838379692e-05
7598	6.541665163880517e-05
7599	4.74672458417651e-05
7602	0.00013599952671387725
7607	0.00032459793140243086
7608	0.00022995377184778967
7609	0.00013628831089377913
7610	0.000131639274941851
7611	0.00032931545111106273
7612	0.00018917801552448447
7613	4.8908000822129515e-05
7614	0.0002768558506210514
7615	0.00019992832477301297
7616	0.0001415065240393011
7617	0.00012624838210883562
7618	4.590642794637031e-05
7619	0.00011034404075862256
7620	0.00011633524006670506
7621	7.51717634850226e-05
7622	0.00029015792200942517
7623	8.69407068161755e-05
7624	0.00012953579962951355
7625	0.00036593202549156645
7628	4.590642794637031e-05
7631	8.492687533124002e-05
7632	0.0002921897296165162
7634	0.00020654304061917497
7635	0.0001534117553187014
7636	0.00023079009967176347
7639	0.00016889391276719645
7640	0.00024226228898239499
7641	0.0005177052506531066
7642	0.0002473591914291988
7645	4.590642794637031e-05
7646	0.0001249641459847869
7647	9.508817694478877e-05
7648	0.00010166927468149985
7649	0.0001612954408848008
7650	0.00045845213782789795
7651	0.00010573778060317053
7654	6.629128918076583e-05
7657	0.0002061006743127282
7658	4.590642794637031e-05
7659	0.00014527771549818977
7660	0.00033163320453969753
7661	0.0001738231932303629
7662	4.590642794637031e-05
7665	0.00028374115688929
7666	5.965949951199732e-05
7667	0.0001613047444619777
7668	0.0001566763982341271
7669	4.8908000822129515e-05
7672	0.00026096180414702613
7673	6.268411286920182e-05
7674	0.00013338201756278728
7675	0.00011826039036849981
7676	9.056866396966067e-05
7677	0.00028441636972911
7678	0.0002444742517643895
7679	0.0002122001965964886
7680	4.590642794637031e-05
7681	0.00012302539566193707
7682	0.0003097885964121659
7683	0.00011834692004823781
7684	0.00042848549790051556
7685	0.00014999000943136795
7686	0.00014245947132931946
7687	4.590642794637031e-05
7688	6.541665163880517e-05
7689	0.0001085093926247868
7692	4.590642794637031e-05
7693	0.00013844986798986872
7694	0.0004452876614926172
7695	0.00014056709701314624
7696	0.00011711561006931046
7697	4.590642794637031e-05
7700	0.00015896468663670931
7701	4.590642794637031e-05
7702	4.768008464568257e-05
7703	0.00012498635249155447
7704	9.299080559449402e-05
7705	5.566153979258774e-05
7706	4.590642794637031e-05
7707	0.00011989013755525938
7709	0.00013346784009705422
7710	0.00010824393838762142
7711	5.7943857196366904e-05
7712	0.00012276188867148242
7713	8.907562197125753e-05
7714	0.00017761181726647343
7715	0.00018191518212606504
7716	0.0012981060087067728
7717	0.0001189700024101073
7718	8.492687533124002e-05
7719	0.00023868492438338578
7722	4.590642794637031e-05
7723	0.0004496083036206239
7724	0.0003781804326375701
7725	4.590642794637031e-05
7726	0.0003078874029254465
7727	0.00037779919241062585
7728	4.590642794637031e-05
7729	4.590642794637031e-05
7730	0.00013818782720704544
7731	5.663168663584091e-05
7736	0.00015097964631192253
7737	0.00010303595512963042
7738	7.315667526259226e-05
7739	0.0004286371501529702
7740	0.0003440517099540112
7743	6.907196638613849e-05
7744	8.825647510224366e-05
7745	0.00018422465453208286
7749	0.0002567339674161354
7750	7.435883749783781e-05
7751	0.00015321265825476204
7752	9.828029775988668e-05
7757	0.00018451665376476392
7758	0.00022248797923260318
7761	0.0002786218070964251
7762	0.0003617563491541965
7763	5.2409835843848595e-05
7764	0.0001887707034930933
7765	0.00013844986798986872
7766	5.566153979258774e-05
7767	0.0001267219891919461
7768	0.00014280613513739012
7771	5.5314825439168236e-05
7772	0.0001215968917016605
7773	5.7948308247721654e-05
7774	9.207043323114133e-05
7775	0.00014377447553303965
7776	0.0001285425807219769
7777	0.0002810265256391312
7778	4.590642794637031e-05
7779	0.00015593044444740735
7780	4.590642794637031e-05
7785	4.696103463244787e-05
7786	9.525779605908375e-05
7787	4.590642794637031e-05
7788	0.00022228179729360812
7789	5.725029633686609e-05
7790	0.00022703965811918424
7791	0.00022697559830148323
7792	0.0001136051035000652
7793	0.0004592547465275144
7794	0.00012869779554981672
7795	0.00026210969663941353
7796	0.0001180969640307851
7797	0.0001187901043033072
7798	0.00012394732271610973
7799	0.00023239495286886847
7800	4.590642794637031e-05
7801	7.16219137614746e-05
7802	0.00020452251431089883
7803	8.64876932266348e-05
7804	0.00013984345539647122
7805	0.00016477345467404045
7806	0.00020585240586094288
7807	4.8614859809243815e-05
7808	6.542932882554966e-05
7809	0.00012771951317359665
7810	7.357838100736454e-05
7811	4.590642794637031e-05
7812	0.00011771897310265759
7813	0.00012229637893653128
7816	0.0003715419443194467
7817	0.0010137113609956284
7818	0.0001567340473735759
7819	0.00015826861806205242
7820	0.00021085256069228053
7823	0.0001985444102798116
7824	0.00024301596179808835
7825	0.00024306318294944922
7826	4.590642794637031e-05
7827	0.00023499162883626015
7828	5.161638381222994e-05
7829	4.590642794637031e-05
7830	0.00015130413592156076
7831	0.0003755081480133663
7832	0.0001280073147382618
7833	0.0002456639188666618
7834	0.00022853663361638643
7835	5.2409835843848595e-05
7836	7.871013391430746e-05
7837	6.270803363155526e-05
7838	0.0002935962813164323
7839	5.566153979258774e-05
7840	4.590642794637031e-05
7841	6.897609426138785e-05
7842	4.590642794637031e-05
7843	4.7960135703468714e-05
7844	4.590642794637031e-05
7845	4.915813189510945e-05
7846	0.00011463728822255745
7847	4.7221272402641324e-05
7848	0.00018022068595965215
7849	4.590642794637031e-05
7850	5.8782988689373366e-05
7851	4.590642794637031e-05
7852	0.00020101624095045128
7853	9.764199096209142e-05
7856	0.0001044024548009992
7857	0.00023486527203440838
7858	5.891324374132688e-05
7859	0.0005333920721556104
7860	0.0001158272065598142
7861	0.0001642939014175065
7862	0.00022448581721671833
7863	9.253462881312625e-05
7864	5.891324374132688e-05
7865	0.0001894298520401777
7868	8.891634479493035e-05
7869	6.879809553054589e-05
7870	0.00011170520053071149
7875	0.0005008257413429562
7876	0.0003578583308084746
7877	4.590642794637031e-05
7878	0.00022407152682661757
7879	0.00021709415437842989
7880	4.590642794637031e-05
7881	0.00016678101154256808
7882	0.00020963244904638245
7883	0.0003453057043313454
7884	0.0002233280442771806
7889	0.0001575731387242489
7890	4.590642794637031e-05
7891	4.590642794637031e-05
7894	4.590642794637031e-05
7895	0.00015097964631192253
7896	4.590642794637031e-05
7899	4.590642794637031e-05
7900	8.492687533124002e-05
7901	0.0003246751065046865
7902	0.00010628175681720158
7903	0.0004235318847598446
7904	7.78139089362456e-05
7905	0.00010998643197534761
7906	6.928547827692551e-05
7907	0.0001734482189621592
7908	4.590642794637031e-05
7909	0.00010326537814946631
7910	0.0004913950955533384
7911	0.0001219824403133774
7912	0.0001973848838153307
7913	6.789897395459545e-05
7914	4.590642794637031e-05
7915	0.0001517473425523539
7916	0.00012550814061150454
7917	0.00015210487641777117
7918	0.00015724332042614612
7919	4.590642794637031e-05
7920	8.492687533124002e-05
7921	9.286811248098707e-05
7922	0.000295071583832458
7923	0.00013416980949591413
7924	0.00014927330393995305
7925	0.00013284539122017781
7926	0.0001560999945053795
7927	4.590642794637031e-05
7928	0.0002613814738118771
7929	4.590642794637031e-05
7930	7.168154079983206e-05
7931	4.590642794637031e-05
7932	4.590642794637031e-05
7933	4.590642794637031e-05
7936	9.017798644748686e-05
7937	9.158607487324729e-05
7938	8.720306809535744e-05
7939	0.00033682292391139316
7940	0.00020240641607717998
7941	6.541665163880517e-05
7942	5.566153979258774e-05
7943	0.0002770301208021765
7944	0.00036116243366727505
7947	0.00022163391113881348
7948	0.00012262626535856816
7949	5.078398386947903e-05
7952	0.00010466030103386081
7953	4.590642794637031e-05
7954	0.00024470272908421045
7955	0.00024506765953655256
7956	5.891324374132688e-05
7957	4.590642794637031e-05
7960	4.899492910195359e-05
7961	0.0002242978309198081
7962	7.061537408535293e-05
7963	0.0003488558774330356
7964	4.590642794637031e-05
7965	0.0001087106500906238
7966	8.492687533124002e-05
7967	0.0001612954408848008
7968	5.348715357440108e-05
7969	0.0003415293435551888
7970	0.0003306744153499343
7971	0.00022583083491142726
7972	5.876931222562768e-05
7973	0.0004903765205171259
7974	0.0007899505545834357
7975	0.00012550814061150454
7976	5.779126221853095e-05
7977	4.590642794637031e-05
7978	9.616174212604867e-05
7979	4.590642794637031e-05
7980	6.541665163880517e-05
7981	8.492687533124002e-05
7982	0.000131639274941851
7983	9.220958091012107e-05
7984	9.325087475874911e-05
7985	0.00021482901138150965
7986	6.605870105412585e-05
7987	0.000300627020435534
7988	5.936221593612493e-05
7989	0.00012203917282449865
7990	9.928786269468587e-05
7991	8.598148201731758e-05
7992	0.00045403991848797073
7993	0.00014014564629590177
7994	0.00012085497094471174
7995	4.590642794637031e-05
7996	0.00010443709902367488
7997	0.0003215550222495589
7998	6.439578418608652e-05
7999	0.00010430576148130442
8000	0.00012263110693413892
8001	0.00020031588826967053
8002	0.00014508326863037546
8003	0.00026295920830712773
8004	0.0005718373768310657
8005	0.00017192220420291976
8006	0.00010573778060317053
8007	0.001223988509803691
8008	8.492687533124002e-05
8009	0.0008153753481719328
8010	0.00013889602777739094
8011	5.566153979258774e-05
8012	6.266275529372977e-05
8013	0.00013599952671387725
8014	0.0003015414440941128
8015	0.00015134450755053703
8016	0.00014132553034153456
8017	7.702062238986335e-05
8018	0.00023908767861465253
8020	0.0006980486725847355
8021	0.00028527822612846884
8022	0.0001544669992877525
8023	6.407580464334245e-05
8026	0.00017453091149889865
8028	7.647244506451825e-05
8029	0.0002536271374631759
8030	0.0001260969575457731
8031	0.0001802841694517137
8032	0.0006179595017309634
8033	8.887248321708403e-05
8034	4.590642794637031e-05
8035	0.00035703607848861884
8036	6.671733321830083e-05
8037	0.0001353774969308939
8042	0.00014040493952374486
8043	5.891324374132688e-05
8044	0.00017873993714944032
8045	4.696103463244787e-05
8046	0.0001901845156503009
8047	0.00011822287304127639
8048	0.0002441880401397506
8049	0.00015637230531414145
8050	4.590642794637031e-05
8051	8.983763262802625e-05
8052	0.000131639274941851
8053	0.00015559149923631582
8054	0.00012560042251488662
8057	0.0003666163394919681
8058	9.922860467023763e-05
8059	0.00036130250637070777
8060	4.590642794637031e-05
8061	5.0242033211355837e-05
8062	4.590642794637031e-05
8063	0.0001417777007516254
8064	5.84362062684241e-05
8065	0.00015050109738745134
8066	0.00022333625581488816
8067	4.590642794637031e-05
8070	0.00012175022545344817
8071	0.00021745607230098642
8072	0.0001434575464085446
8073	0.0002958830518637068
8074	0.0001244146976496967
8075	0.00014040493952374486
8076	0.0002756484142944919
8077	7.51717634850226e-05
8078	0.00011744391481863146
8081	0.0001561360574541802
8082	7.476400321089942e-05
8083	5.891324374132688e-05
8084	9.054022518252985e-05
8085	0.00012168331338422044
8086	0.00010443709902367488
8087	6.145166540030309e-05
8088	0.0005346057369447952
8089	0.0004224957604561525
8090	0.00033730002279239423
8091	6.94584187926222e-05
8092	0.00011747404898350265
8093	0.00033535726828404303
8094	0.00014040493952374486
8095	8.790755549864654e-05
8096	0.00021208891449136786
8097	0.0003832011160340195
8100	0.00020317676181411213
8101	4.590642794637031e-05
8102	0.0001308011992249563
8103	9.659676380323904e-05
8104	0.0003616724140273171
8105	0.0001363632225238688
8106	4.590642794637031e-05
8107	0.00020237568281469866
8108	9.631826023977565e-05
8109	9.681986743436024e-05
8112	0.0001320058767598272
8113	5.348715357440108e-05
8114	0.0001929377660096123
8115	7.534561363963657e-05
8116	4.590642794637031e-05
8117	0.00010451286719025714
8118	0.00012567293668443858
8119	0.00012135469302914303
8120	4.590642794637031e-05
8122	0.0005292455955013872
8125	7.790405467787892e-05
8126	0.00013771282183632725
8127	0.0004626440690778082
8128	6.558995495565021e-05
8129	0.00020642276431066624
8132	0.0003281473107250184
8133	0.00012752416060252662
8134	8.492687533124002e-05
8135	0.0003468164928616148
8136	0.00017518767531696548
8137	6.541665163880517e-05
8138	0.00017324590912960183
8139	0.00018007685008827862
8140	0.00010888062350969423
8141	0.00023494694552984895
8144	0.00022064912028100635
8145	0.00013933849630244036
8146	6.726830860493084e-05
8147	0.0001872316545214035
8148	0.00011910824804410924
8149	0.00010317383957396224
8150	0.00020615109518132678
8151	0.0001501452451661713
8152	8.770154180707638e-05
8153	0.00039055505111624937
8155	8.749125791300663e-05
8156	5.372468030011961e-05
8157	0.0001422569989807667
8158	4.590642794637031e-05
8159	4.590642794637031e-05
8160	0.0002504973262138751
8161	0.00012838678907744794
8162	5.2409835843848595e-05
8163	0.00012031575077817062
8164	0.0004744695208552272
8167	4.590642794637031e-05
8169	0.0001520504354690344
8170	4.590642794637031e-05
8171	0.00013115999227329207
8172	5.438301254068729e-05
8173	4.590642794637031e-05
8174	4.590642794637031e-05
8177	0.00021063791820699173
8179	0.00020486233514033111
8180	0.00016792377232917617
8181	5.566153979258774e-05
8182	6.541665163880517e-05
8183	9.132986968880065e-05
8184	0.00017816623624943272
8185	0.00017576658536359028
8186	0.00014040493952374486
8187	8.492687533124002e-05
8188	4.590642794637031e-05
8189	6.68615546790679e-05
8190	6.541665163880517e-05
8191	0.00027697956571723934
8192	0.00014791088062547072
8193	6.00305392872671e-05
8196	4.590642794637031e-05
8197	4.73000153529728e-05
8198	0.0003762326332945666
8199	9.063954663985789e-05
8200	0.0010079299301638059
8201	0.00010163324642731175
8204	0.0001029017609679999
8207	4.590642794637031e-05
8208	0.00023628372876974046
8209	0.00019144980350254204
8212	0.0001532028866897906
8213	4.590642794637031e-05
8214	5.3710517423344255e-05
8215	0.00018564192357670424
8216	7.923180022522197e-05
8217	6.541665163880517e-05
8218	4.7221272402641324e-05
8219	6.37721620005483e-05
8220	4.590642794637031e-05
8221	0.0002455056213393045
8222	0.00016874223301406208
8223	8.193647696812439e-05
8224	0.000158302097797008
8225	0.0001116376453026699
8226	4.590642794637031e-05
8227	0.00011549289244938796
8230	4.590642794637031e-05
8231	0.00018276497480876306
8232	4.820174838077441e-05
8233	0.0001015748741862582
8234	4.590642794637031e-05
8236	4.971306519027672e-05
8237	0.0001464685849928995
8238	4.590642794637031e-05
8239	0.0003219810446643133
8241	0.00034704074979723316
8242	0.00011760333080581378
8243	4.590642794637031e-05
8244	0.0001107773041279973
8245	9.79336911261966e-05
8246	8.492687533124002e-05
8247	0.0002118839632459756
8252	0.00042747258505795085
8253	0.0003558311282135238
8256	4.590642794637031e-05
8257	9.143028322871831e-05
8258	6.0181317611019365e-05
8260	0.0005152675700661526
8261	8.297585296199654e-05
8262	0.0001412852584919557
8263	4.590642794637031e-05
8264	0.00014086710231403117
8265	4.590642794637031e-05
8266	0.00034313558310506385
8267	0.00013586546220380674
8268	4.590642794637031e-05
8269	6.541665163880517e-05
8270	0.00013599952671387725
8271	7.566879962128395e-05
8272	0.00012928011679256635
8273	0.00012839838951993174
8274	5.2409835843848595e-05
8275	0.00012394732271610973
8276	0.0001289792572574888
8277	0.0001126517866152078
8280	0.00028269127924901476
8281	0.00011034404075862256
8284	5.3710517423344255e-05
8285	9.017798644748686e-05
8290	4.590642794637031e-05
8291	0.00014178521719236594
8292	0.00031459664442679626
8295	4.590642794637031e-05
8296	0.0001615660131861948
8297	0.00013500311614182282
8298	5.891324374132688e-05
8299	0.00016470423392801802
8300	0.00020378054994489174
8303	5.891324374132688e-05
8304	4.590642794637031e-05
8305	0.0001202182441205617
8306	0.00017722747554225462
8307	0.0001077666987946785
8308	8.346319834889201e-05
8309	7.295825002576974e-05
8310	0.00030099206082134664
8311	0.0002533624568486824
8312	4.590642794637031e-05
8313	9.171401499974846e-05
8314	0.0001194014830821737
8315	0.00011115530545546374
8317	9.588218535315116e-05
8318	7.585241978027317e-05
8319	4.590642794637031e-05
8320	9.699189486584446e-05
8321	4.768008464568257e-05
8322	0.00020101630343835876
8323	0.0001225147754978433
8324	0.00010597914885964435
8325	0.000209084316317882
8326	4.9453741344994835e-05
8327	6.541665163880517e-05
8328	0.0001435073126433346
8329	0.00010687587698522924
8330	9.368676847840944e-05
8331	0.0003465281512533776
8332	4.590642794637031e-05
8333	0.0003770832573475904
8336	4.590642794637031e-05
8337	0.00022608777538207588
8338	9.984779595005005e-05
8339	0.00016342375912718318
8340	0.00026558405569620364
8341	0.0001523017096809475
8342	0.0008206495882013699
8345	6.407580464334245e-05
8346	4.590642794637031e-05
8347	8.492687533124002e-05
8350	0.00011398620398681605
8351	6.168791021716325e-05
8352	4.590642794637031e-05
8353	0.00016049822508508232
8354	8.492687533124002e-05
8357	6.281564178611663e-05
8358	0.00032230517295448623
8359	4.590642794637031e-05
8360	0.00011393619841071889
8361	0.00011070089141098797
8362	6.5844507421534e-05
8363	0.00018332114578119548
8364	5.418349254316086e-05
8365	0.00014850201016556412
8366	4.590642794637031e-05
8367	5.148077757278027e-05
8368	0.00010998643197534761
8369	8.271113691698799e-05
8370	0.00014132553034153456
8371	8.624171978751105e-05
8372	4.590642794637031e-05
8373	4.590642794637031e-05
8374	0.00013844986798986872
8375	8.123258506749671e-05
8376	0.00015870771438172723
8377	8.492687533124002e-05
8378	5.078398386947903e-05
8379	0.0002687926129242066
8380	0.0001485908023624235
8381	4.590642794637031e-05
8382	7.972539348490407e-05
8383	4.590642794637031e-05
8384	9.896140491309562e-05
8385	0.00029058606405336733
8386	4.590642794637031e-05
8387	6.541665163880517e-05
8388	0.00011065263409489379
8391	4.590642794637031e-05
8392	5.5838565567696506e-05
8393	4.590642794637031e-05
8394	0.00044391911308715913
8395	0.00026698656608694857
8396	0.0002109617370631986
8397	0.00010359818856388908
8398	6.138553458425438e-05
8399	0.0003682630520149089
8400	0.00014113132008477277
8403	0.00024123569872799177
8404	0.0001985018077663458
8405	0.00013613298951029886
8406	4.590642794637031e-05
8407	5.431005196062543e-05
8408	4.590642794637031e-05
8409	9.998224372290622e-05
8410	0.00023049803829125178
8411	4.7221272402641324e-05
8412	6.24605571399514e-05
8416	4.590642794637031e-05
8417	4.590642794637031e-05
8418	0.00016871192611054352
8419	7.452142269527476e-05
8420	4.590642794637031e-05
8421	8.522062638043483e-05
8426	0.00019549619073343813
8429	8.64482279952252e-05
8430	0.00031211884780301373
8431	8.492687533124002e-05
8433	0.00015730873575901474
8434	9.963161690695446e-05
8437	0.00010087311978746992
8439	0.00018410239352322308
8440	0.00016243946601066217
8441	8.492687533124002e-05
8442	0.0001098988736137673
8445	0.00017178733871927302
8446	4.590642794637031e-05
8447	0.00012394138935909843
8448	0.00013599952671387725
8449	4.590642794637031e-05
8450	0.0001969805390671733
8451	8.261944380241396e-05
8452	0.00016271297815491763
8453	0.00017941125053374827
8454	9.158607487324729e-05
8455	0.00015031546148100905
8456	7.825142474148429e-05
8457	4.590642794637031e-05
8458	4.590642794637031e-05
8459	0.0001989616521773914
8460	0.0002225804089945469
8461	6.433579734124696e-05
8462	4.590642794637031e-05
8463	4.590642794637031e-05
8464	0.000131639274941851
8465	4.590642794637031e-05
8466	0.00010862145401656283
8467	0.0001113656133064109
8468	8.492687533124002e-05
8469	0.00023645762815540996
8470	5.3710517423344255e-05
8471	0.00012184820427018592
8472	0.00014667222882458142
8473	4.590642794637031e-05
8474	0.0004286455799653932
8477	0.00013844986798986872
8478	7.257652496569306e-05
8479	0.00019920023626271934
8480	4.590642794637031e-05
8481	0.00011553576492702034
8482	0.0002206653607342457
8483	5.891324374132688e-05
8484	0.00033160996003286653
8487	4.590642794637031e-05
8488	8.492687533124002e-05
8490	0.00017657077842470647
8491	4.590642794637031e-05
8492	4.590642794637031e-05
8493	4.590642794637031e-05
8494	5.566153979258774e-05
8495	5.148077757278027e-05
8498	4.8908000822129515e-05
8499	4.590642794637031e-05
8500	5.5498336999431876e-05
8501	7.192005953628346e-05
8502	4.590642794637031e-05
8503	0.00010583103822408313
8505	6.94584187926222e-05
8506	0.00011421051339564874
8507	0.00018070973087179658
8508	4.590642794637031e-05
8509	0.00015064258120393335
8510	6.541665163880517e-05
8511	5.550015464532386e-05
8512	9.143028322871831e-05
8513	0.00028540766090423607
8514	4.590642794637031e-05
8515	7.360243402606408e-05
8516	0.00013757036685411813
8517	0.00027071509652882295
8519	0.00014942769991409258
8520	0.00013844986798986872
8521	5.891324374132688e-05
8522	7.842346743376175e-05
8523	8.750369800670821e-05
8524	5.891324374132688e-05
8525	4.590642794637031e-05
8526	4.590642794637031e-05
8529	0.00016098996179465886
8530	6.42999708178835e-05
8533	5.891324374132688e-05
8534	0.0002432760474322661
8535	0.00012051576562397282
8536	0.00013844986798986872
8537	5.72871084222205e-05
8538	0.0001837448505225959
8539	6.87462514098088e-05
8540	0.00019836934643238468
8541	0.00016275706068476667
8542	0.00013235709707804742
8543	0.0003005268647397337
8544	8.282976745625987e-05
8545	0.0002724530991793577
8546	4.8908000822129515e-05
8547	0.00041911903166485024
8548	9.602554123458547e-05
8549	6.226753283681448e-05
8550	0.00017261669053575594
8551	4.590642794637031e-05
8552	0.000145306318030353
8553	0.00012988484460626875
8554	0.00011139361076799949
8555	6.541665163880517e-05
8556	0.0002013162515917106
8557	0.0003814303831571663
8558	0.00019843902386803156
8559	9.458919265593327e-05
8560	0.00010201715329898613
8561	0.00012140718534671035
8562	0.0002740931193608487
8563	4.590642794637031e-05
8564	0.0002056683216946047
8565	0.0002389334638902532
8566	7.192005953628346e-05
8567	0.0002601793242516433
8570	0.00011680801460655542
8571	7.029420756191389e-05
8572	0.0001577384719340646
8573	8.522932135157284e-05
8574	0.00014996235992753538
8577	0.00012600310842262815
8578	0.00012563698056365633
8579	0.0001393576964150201
8580	0.00014178521719236594
8581	5.078398386947903e-05
8584	6.541665163880517e-05
8585	8.209886880758902e-05
8586	4.590642794637031e-05
8587	0.00010946650607698796
8588	8.492687533124002e-05
8589	0.0008950062258989526
8590	0.00010140266446527419
8591	4.590642794637031e-05
8592	8.492687533124002e-05
8593	0.00010969822599552193
8594	4.590642794637031e-05
8595	0.00020174095030400487
8597	9.189883281058568e-05
8598	4.590642794637031e-05
8599	0.0003198705534092125
8600	4.590642794637031e-05
8601	0.00011889414585518625
8602	0.00012394732271610973
8603	4.590642794637031e-05
8604	6.542017243476064e-05
8605	4.768008464568257e-05
8606	0.00011354187008014448
8607	0.0001385394836274457
8608	4.590642794637031e-05
8609	0.000142895284394232
8610	0.000321243377755546
8611	8.492687533124002e-05
8612	0.00022531267163790092
8613	0.00036661790873173197
8614	4.590642794637031e-05
8615	4.590642794637031e-05
8616	0.0003775390420589757
8619	0.0005353190963631018
8620	4.590642794637031e-05
8621	0.0003117037911213984
8622	9.668738409625562e-05
8623	0.00011139361076799949
8624	0.0001469083474212231
8625	0.00010695473597471315
8626	9.092386012375004e-05
8627	0.00018776213468326534
8628	7.099100126521513e-05
8629	8.492687533124002e-05
8630	8.492687533124002e-05
8632	0.000119145242330633
8633	0.00012141246814027947
8634	5.566153979258774e-05
8635	0.00014151666321742779
8636	0.0001706160622944587
8637	4.590642794637031e-05
8638	0.0004897847532912287
8639	6.541665163880517e-05
8640	4.590642794637031e-05
8641	0.00012754496623645602
8644	0.00011904883809725455
8645	5.891324374132688e-05
8646	0.0003043298436293825
8647	5.2409835843848595e-05
8648	0.00016238349750976103
8649	4.590642794637031e-05
8650	8.634168847119414e-05
8651	4.590642794637031e-05
8652	0.0002409189927319949
8653	4.590642794637031e-05
8654	4.590642794637031e-05
8655	0.00014465402965156644
8656	0.000239708283343401
8657	6.899560393183823e-05
8660	0.00020059951568733806
8661	0.0001631548548816602
8666	0.0001242755755321185
8667	0.00022744045921841598
8668	4.590642794637031e-05
8669	0.00010443709902367488
8670	8.0197124133074e-05
8671	4.590642794637031e-05
8672	9.432260049653194e-05
8673	6.95456457825138e-05
8674	9.69708530060174e-05
8675	7.991552703042092e-05
8676	8.190652377871612e-05
8677	8.886626567080657e-05
8679	4.590642794637031e-05
8680	0.00012390954588385457
8681	7.885842793007035e-05
8682	0.00015019613793356752
8683	0.00025622513206373
8684	4.590642794637031e-05
8685	0.00010443709902367488
8686	4.590642794637031e-05
8687	0.0002615365638485392
8690	5.078398386947903e-05
8691	6.918655258038746e-05
8692	0.00035154801998205055
8693	9.855524978968108e-05
8694	6.373658310639227e-05
8695	4.590642794637031e-05
8698	5.3710517423344255e-05
8699	0.00014666277311547465
8700	0.0017050873994404858
8701	4.590642794637031e-05
8702	4.980847268485729e-05
8703	4.590642794637031e-05
8704	4.590642794637031e-05
8707	6.0474061636721664e-05
8710	8.492687533124002e-05
8711	6.541665163880517e-05
8712	4.590642794637031e-05
8713	0.0001753988402434173
8714	4.590642794637031e-05
8715	0.0001505635036280639
8716	6.785542960035952e-05
8717	0.00018342078324965294
8720	4.590642794637031e-05
8721	4.590642794637031e-05
8722	7.021340494396906e-05
8723	4.768008464568257e-05
8724	7.215135777768565e-05
8725	4.590642794637031e-05
8726	9.143028322871831e-05
8727	4.590642794637031e-05
8728	8.492687533124002e-05
8729	0.0004187730579070958
8730	4.590642794637031e-05
8731	0.0002427192449421461
8732	4.590642794637031e-05
8733	0.00032503488375524995
8734	0.00022047416150104842
8735	0.0004508263887099005
8736	0.00032743082766124046
8737	4.590642794637031e-05
8738	4.590642794637031e-05
8739	0.00023441002464415992
8740	5.566153979258774e-05
8741	4.590642794637031e-05
8742	0.00022029764779004344
8743	0.00012949665566778249
8744	6.541665163880517e-05
8745	0.00012857043176979488
8746	6.541665163880517e-05
8747	4.590642794637031e-05
8750	4.590642794637031e-05
8751	0.00013740587343800872
8752	0.00013499867674721575
8753	4.590642794637031e-05
8754	0.00023727317603406404
8755	0.00015372785011229307
8756	0.0001242355942912795
8757	0.00014013671749531968
8758	5.566153979258774e-05
8759	8.492687533124002e-05
8760	0.0001206165992545956
8761	0.0002655442103259308
8762	0.00011419600038152428
8763	0.0001182861469614427
8764	7.139924288259052e-05
8765	0.00016296777010097946
8766	0.00013599952671387725
8767	4.590642794637031e-05
8768	0.00014040493952374486
8769	0.00020250538800965678
8771	0.00023187831595987285
8772	5.3710517423344255e-05
8773	0.000131639274941851
8775	0.00010896515877370219
8776	4.590642794637031e-05
8777	0.00015876145435505122
8778	0.0001492602003873111
8781	0.00012821141897914064
8782	5.195643468292365e-05
8783	4.590642794637031e-05
8784	0.00019660529787253673
8785	0.00010281124704930532
8786	0.0001281360377948461
8787	4.590642794637031e-05
8788	5.891324374132688e-05
8789	7.316049299182851e-05
8790	4.590642794637031e-05
8791	4.590642794637031e-05
8792	6.407580464334245e-05
8793	0.00015238860690078616
8795	0.00026382971708837727
8796	7.749337004744723e-05
8797	9.8843986891212e-05
8798	4.590642794637031e-05
8801	7.429160188487839e-05
8802	9.818192744263089e-05
8803	0.0002704252872819536
8804	5.891324374132688e-05
8805	5.566153979258774e-05
8806	0.00021200073163844547
8807	0.000124286357092852
8810	4.590642794637031e-05
8811	0.00012626465309798998
8812	6.232480372235872e-05
8813	4.590642794637031e-05
8814	5.2409835843848595e-05
8815	0.00011013905363759369
8816	4.590642794637031e-05
8817	8.002871176708508e-05
8818	4.590642794637031e-05
8819	4.590642794637031e-05
8820	4.590642794637031e-05
8821	4.590642794637031e-05
8822	0.00010251492240118931
8823	0.0002110085161037408
8824	0.00018258239954720837
8825	0.000194398213617952
8826	4.590642794637031e-05
8827	5.195643468292365e-05
8828	0.00012652202885847817
8829	9.114934818030226e-05
8831	0.00013599952671387725
8832	0.00022457569002823287
8833	8.492687533124002e-05
8834	0.00011392462611447154
8835	0.0001429215929193672
8836	5.976698727235345e-05
8837	0.00029460256260212915
8838	4.590642794637031e-05
8839	8.680776381261336e-05
8842	4.590642794637031e-05
8843	0.00011222637549136816
8844	0.00016804181662042692
8845	0.0001224069859882554
8846	8.085130815967204e-05
8848	0.00012768277544244688
8849	0.00019906810986891952
8850	9.798720019063059e-05
8851	6.366195522042485e-05
8852	5.7752284577161287e-05
8855	7.323490399255448e-05
8856	7.61625825650625e-05
8857	4.590642794637031e-05
8858	0.00042204047277548065
8859	0.00012129606250081674
8860	0.0002322638000474977
8861	4.590642794637031e-05
8862	0.0002708824979682863
8863	4.590642794637031e-05
8866	4.590642794637031e-05
8867	0.00013014489043479836
8868	5.4324901651069105e-05
8869	0.00012814132324443894
8870	5.891324374132688e-05
8871	0.0002856585195121478
8872	4.590642794637031e-05
8873	0.00014551246514287288
8874	4.590642794637031e-05
8875	0.00015094874656559326
8876	8.492687533124002e-05
8877	0.00011184711821994549
8878	4.590642794637031e-05
8879	8.051644014632478e-05
8880	7.850136325602622e-05
8881	8.492687533124002e-05
8882	6.503917730914452e-05
8883	0.00010263049471973699
8884	0.0001273865395558449
8885	8.538286435744375e-05
8886	6.719030833811742e-05
8887	0.00015349332263008838
8888	0.00016708160045495352
8889	0.00018170270004206346
8890	4.590642794637031e-05
8891	0.00010443709902367488
8892	0.00017487495017298838
8893	0.00017733937042573253
8894	0.00011711561006931046
8895	0.00010856367534236353
8896	4.590642794637031e-05
8897	4.590642794637031e-05
8898	0.000498298738576352
8899	0.00014001369464692752
8900	0.00016267860891176926
8901	0.00015619487507233012
8902	0.00010868200751750492
8903	4.590642794637031e-05
8904	4.590642794637031e-05
8905	0.0002931069370263543
8906	0.00012394732271610973
8907	6.0595618231107514e-05
8908	4.590642794637031e-05
8909	4.590642794637031e-05
8910	0.00014320849121717179
8914	4.590642794637031e-05
8915	8.492687533124002e-05
8916	4.590642794637031e-05
8917	0.0001165190127661628
8918	0.0001454079945837182
8921	0.0003406076143328334
8922	0.000131639274941851
8923	4.590642794637031e-05
8924	0.00010281937716168862
8927	4.971306519027672e-05
8928	6.091881303641344e-05
8929	0.00040428131076739705
8930	8.464463110412104e-05
8931	0.00019485337867921023
8932	4.590642794637031e-05
8933	0.00015284246205148319
8934	4.590642794637031e-05
8935	0.00010750355660165546
8938	6.51431951884803e-05
8939	4.590642794637031e-05
8940	8.410438770918669e-05
8941	6.957865135255971e-05
8942	7.842346743376175e-05
8943	4.590642794637031e-05
8944	9.305613520308789e-05
8945	0.00014193061621177732
8946	0.00033128361991116627
8947	0.00010752560953777572
8948	5.2409835843848595e-05
8949	0.00011315189046970385
8950	8.692993761497048e-05
8951	0.0006925065983019537
8954	9.655347781262006e-05
8955	0.00013252558018920235
8956	6.12358894189977e-05
8957	4.590642794637031e-05
8958	4.590642794637031e-05
8963	5.891324374132688e-05
8964	0.00015106624588141716
8965	8.352573143719557e-05
8966	0.0001374309482152217
8967	0.00028113269987346107
8968	7.261719791780019e-05
8969	5.2409835843848595e-05
8970	7.59222259392348e-05
8971	0.0002492905445646971
8972	0.00021150874461723862
8973	9.169003686122768e-05
8977	0.0001629592296833168
8978	9.325087475874912e-05
8979	0.0002217323737093579
8982	0.0003163015905506837
8983	0.00011843798709115415
8984	4.9399812594002224e-05
8985	4.590642794637031e-05
8986	0.00010968821013992171
8988	9.74519475610647e-05
8989	0.0001297567401720726
8990	4.590642794637031e-05
8991	0.00013844986798986872
8992	0.00018402570898162085
8993	4.696103463244787e-05
8994	0.00015764475717768603
8995	0.00011385690622795271
8996	0.00010888395533124682
8999	6.541665163880517e-05
9002	8.733939242606152e-05
9003	0.0003260300214312888
9004	8.492687533124002e-05
9005	6.605724767378835e-05
9006	0.00027567166596719373
9007	0.00012776419979060406
9008	6.541665163880517e-05
9009	0.00012860005026701333
9010	8.492687533124002e-05
9011	4.590642794637031e-05
9012	7.571273967602221e-05
9013	0.00016068283137461828
9016	4.590642794637031e-05
9017	9.54487749080502e-05
9018	0.0003757812319291827
9019	0.00012044178483742826
9020	9.873938626341306e-05
9021	0.00010406594369069646
9022	0.00013163118567945732
9023	8.492687533124002e-05
9026	6.623823229947611e-05
9027	6.605724767378835e-05
9028	5.8224917280720134e-05
9029	0.0005393988768877433
9030	0.0001434575464085446
9033	4.590642794637031e-05
9034	7.64069451106051e-05
9035	6.541665163880517e-05
9036	0.00011124398176719389
9037	0.00023113480992510208
9038	4.590642794637031e-05
9039	0.00019138463337526446
9040	7.029420756191389e-05
9041	0.00026219323591975056
9042	4.590642794637031e-05
9044	0.00011224118850064883
9045	6.901028414584328e-05
9046	0.00015915018014492105
9047	6.407580464334245e-05
9048	4.590642794637031e-05
9049	7.091356195163894e-05
9050	5.891324374132688e-05
9051	8.548001448618237e-05
9052	4.590642794637031e-05
9053	0.0010819198486838586
9054	4.590642794637031e-05
9055	0.00018822291419343646
9056	0.00012760303814139323
9057	0.0001130644596427343
9058	7.280470608013195e-05
9061	4.590642794637031e-05
9062	4.590642794637031e-05
9063	0.00017082124510891156
9064	0.00016117697619026942
9065	0.0002217323737093579
9066	0.00024155411060091775
9067	0.00023179875780005946
9068	7.991552703042092e-05
9069	0.00017576658536359028
9070	0.0002008374466490505
9071	5.1014559240389616e-05
9072	7.844036369312014e-05
9073	8.16969265925731e-05
9074	5.7948308247721654e-05
9075	9.029898803198229e-05
9076	0.00013599952671387725
9077	4.834520590792466e-05
9078	5.566153979258774e-05
9079	9.261879653262684e-05
9080	4.9453741344994835e-05
9081	9.503384468728433e-05
9082	0.00040653497624388386
9083	9.006228815154385e-05
9084	0.00012886969308095985
9085	4.590642794637031e-05
9086	0.000310365222247175
9089	0.00012597535571597378
9090	9.695632304081271e-05
9091	0.00018121759013742483
9092	0.00015836859990210739
9095	4.834520590792466e-05
9096	9.051916912206679e-05
9097	0.00013175141219308367
9098	0.0003982785731035921
9099	0.00021847560198655092
9100	8.492687533124002e-05
9101	0.00012848447085228107
9102	4.590642794637031e-05
9103	0.00010269376400815778
9104	0.00018647151730223944
9105	6.541665163880517e-05
9106	5.891324374132688e-05
9107	0.00014974711267678835
9108	9.057087903236455e-05
9109	4.590642794637031e-05
9110	0.00032798228681201006
9111	0.00011946612808570846
9112	4.590642794637031e-05
9117	9.015868928886726e-05
9118	9.549060804029892e-05
9119	0.00018168523843302466
9120	0.0001224455907105817
9121	0.0003130902546003659
9122	0.00012573064231749247
9123	0.00013844986798986872
9124	9.994438791325149e-05
9125	0.0003089918540347081
9126	0.0002907524519357805
9127	6.99129523855689e-05
9128	4.590642794637031e-05
9129	8.492687533124002e-05
9130	4.590642794637031e-05
9131	9.605055790932271e-05
9132	0.00010834182397195777
9133	4.590642794637031e-05
9134	0.00012938066328023774
9135	7.981540723681971e-05
9136	0.00021021567559215303
9137	0.00010260466448925036
9138	4.590642794637031e-05
9139	4.590642794637031e-05
9140	4.834520590792466e-05
9141	5.498665851931677e-05
9142	4.768008464568257e-05
9143	0.00014104870731330106
9144	0.00013844986798986872
9146	0.00020641418097057905
9148	0.00041999539389913417
9149	9.339404506287591e-05
9152	7.175571145119679e-05
9153	6.765514902881053e-05
9154	0.0002708987633447426
9155	4.834520590792466e-05
9156	4.590642794637031e-05
9157	4.590642794637031e-05
9158	0.00016268938338333318
9159	0.00015495320946829692
9160	0.0001322653580719511
9161	4.696103463244787e-05
9162	8.538286435744375e-05
9163	0.0001093146549467836
9164	0.0003378852067249771
9165	0.0001280169164530343
9166	4.590642794637031e-05
9167	0.0008321075825676461
9168	5.84362062684241e-05
9171	4.590642794637031e-05
9172	0.00017750714368196935
9173	7.763011002850032e-05
9174	0.00019754529664345555
9175	0.00011809870539884482
9176	8.492687533124002e-05
9177	9.602554123458547e-05
9178	0.0003373975823744131
9179	4.590642794637031e-05
9181	4.590642794637031e-05
9182	0.00013844986798986872
9183	7.720107168090009e-05
9184	0.00013508921269682575
9185	0.00011711561006931046
9186	8.394152509384422e-05
9189	6.541665163880517e-05
9190	0.0002522469645080867
9191	0.00015448655389718055
9194	0.00021024600821289389
9195	4.590642794637031e-05
9196	0.00010772059346949862
9197	4.590642794637031e-05
9198	0.0001933752415710674
9199	5.0242033211355837e-05
9200	5.078398386947903e-05
9203	5.891324374132688e-05
9204	4.590642794637031e-05
9205	0.0003065098783725182
9206	0.00012333370374276436
9209	0.0001121251392474139
9210	0.00018091935613009726
9211	0.0001268922781850611
9212	0.00011744391481863146
9213	0.00020029181990462592
9216	4.590642794637031e-05
9217	0.00014887007157263123
9218	0.00030508225772670156
9219	0.00012367497566617938
9220	0.0002191748172863963
9221	0.00016693765580231635
9222	4.590642794637031e-05
9223	4.696103463244787e-05
9224	7.37732422772616e-05
9225	5.7948308247721654e-05
9226	0.00045131696128826313
9227	4.590642794637031e-05
9228	0.00013342821127660065
9229	4.590642794637031e-05
9230	4.590642794637031e-05
9231	4.590642794637031e-05
9232	7.506256677638969e-05
9233	6.226753283681448e-05
9234	0.00020342351575396712
9235	5.2959313674970566e-05
9236	0.00022539149723630565
9237	6.987454117562363e-05
9238	8.492687533124002e-05
9239	0.00010214273062791547
9240	0.00011882568982738937
9241	4.7221272402641324e-05
9242	0.00016383678060573938
9243	0.0004954938571515679
9244	0.00022595005998703361
9245	0.00010850369124284886
9246	0.00019838440229961362
9247	6.541665163880517e-05
9248	0.00011591230174726832
9249	4.590642794637031e-05
9250	0.00020160693726913888
9251	6.747035939590357e-05
9252	4.7221272402641324e-05
9253	0.00012001919908726522
9254	0.00023515683367574517
9255	0.00026025072423804655
9256	7.229647979237342e-05
9257	6.818109993131382e-05
9258	0.00011094050692115317
9259	5.718462918646771e-05
9260	0.0002352315958136607
9261	4.590642794637031e-05
9262	6.541665163880517e-05
9265	9.181744890149605e-05
9266	7.734731743446775e-05
9267	8.353273991082513e-05
9268	0.00022345535526279982
9269	4.590642794637031e-05
9272	0.00011711561006931046
9273	0.00013694620503134657
9274	4.590642794637031e-05
9277	0.0005120753656253381
9278	7.794751300953972e-05
9279	0.00018039951876411612
9280	4.590642794637031e-05
9283	0.00014040493952374486
9284	6.541665163880517e-05
9285	9.110569791175518e-05
9286	0.00014999601517219063
9287	4.590642794637031e-05
9290	0.00013485023421597582
9291	0.00011822287304127639
9292	0.00011987823704788994
9293	9.572124990222877e-05
9294	4.590642794637031e-05
9295	0.00010064401916082147
9296	8.296546300437823e-05
9297	0.00014878011749507253
9298	4.590642794637031e-05
9299	0.00010673472802660847
9300	0.00014670925035728375
9301	0.0001653219754394301
9302	6.765514902881053e-05
9303	0.00015098478985463857
9304	0.00013599952671387725
9309	5.078398386947903e-05
9310	4.590642794637031e-05
9311	4.590642794637031e-05
9312	0.00011711561006931046
9313	0.0001155726217087724
9314	0.00017426276105031647
9315	5.891324374132688e-05
9316	0.00010483539560089931
9317	0.0002410082445969205
9318	8.492687533124002e-05
9319	4.590642794637031e-05
9320	7.805538995187946e-05
9321	0.0003959093004355053
9322	4.590642794637031e-05
9323	5.2409835843848595e-05
9324	7.797818574590851e-05
9325	8.492687533124002e-05
9326	7.09954879271648e-05
9327	0.00028212315649332726
9328	0.00011046346944825039
9329	8.492687533124002e-05
9330	0.0006370961208228978
9333	6.122126329672439e-05
9334	4.590642794637031e-05
9335	7.510721192364695e-05
9336	0.00014040493952374486
9337	0.00011124398176719389
9338	6.954322795749382e-05
9339	0.00015796009168230358
9342	5.891324374132688e-05
9343	0.00022570870300272908
9344	0.0019911545982227636
9345	0.00020141908431507173
9346	0.00014040493952374486
9347	0.00013844986798986872
9348	7.412014357172795e-05
9349	0.00010540130312692802
9352	6.697746953419995e-05
9353	0.00018361695846852197
9354	5.183859055555658e-05
9355	8.492687533124002e-05
9356	0.00017039936862695283
9357	0.00023839184675863488
9358	0.00019913436613050513
9359	4.590642794637031e-05
9360	0.00012769174277689886
9363	8.492687533124002e-05
9364	4.590642794637031e-05
9365	8.707890863130873e-05
9368	8.492687533124002e-05
9369	0.00023743441106166313
9370	0.00023828883321084894
9371	0.0001925613874680633
9372	5.2959313674970566e-05
9374	0.00020401947352630587
9375	8.512526764622651e-05
9378	6.808714029414841e-05
9379	4.590642794637031e-05
9380	0.0003574119286963252
9383	4.590642794637031e-05
9385	0.00016839807352163498
9386	9.850202107593901e-05
9387	0.00018406427660973916
9388	0.00019624215474600305
9389	0.00011867789184932885
9390	4.590642794637031e-05
9391	8.942317607800375e-05
9392	6.195748925520719e-05
9395	4.590642794637031e-05
9400	4.590642794637031e-05
9401	0.00015462677808395943
9402	6.3319543763825e-05
9403	0.00027059608549032387
9404	0.00017407770928253564
9405	0.0002083043761046474
9407	6.541665163880517e-05
9408	6.541665163880517e-05
9411	7.856478430274679e-05
9412	0.00023628372876974046
9413	0.00014040493952374486
9416	4.590642794637031e-05
9417	6.541665163880517e-05
9419	5.2959313674970566e-05
9420	4.590642794637031e-05
9421	5.501929524836606e-05
9422	0.00019174181085437994
9423	0.00011345539304680671
9424	8.492687533124002e-05
9425	4.590642794637031e-05
9426	9.502519067234432e-05
9427	0.00011442155459835432
9430	0.00019644458557799592
9433	8.492687533124002e-05
9434	0.0002707274338021201
9437	4.590642794637031e-05
9438	4.590642794637031e-05
9439	0.00012108509787869306
9440	0.00013850721799555328
9441	0.00038320600643085653
9442	0.00030494192591948993
9443	8.492687533124002e-05
9444	4.590642794637031e-05
9445	0.0002800571309258163
9446	9.567947414993804e-05
9447	6.542932882554966e-05
9451	4.590642794637031e-05
9454	0.00010096459794004653
9455	4.768008464568257e-05
9456	0.0002656809765583097
9457	8.492687533124002e-05
9458	0.00020219089703293674
9459	0.00030262847427888417
9460	4.590642794637031e-05
9461	0.00017934062626788686
9462	0.0004138784656390784
9463	8.953881819256285e-05
9464	7.865565291747559e-05
9465	8.100306340676235e-05
9466	4.590642794637031e-05
9467	4.834520590792466e-05
9468	9.602554123458547e-05
9469	4.590642794637031e-05
9470	0.0004033966849158583
9471	5.078398386947903e-05
9472	8.492687533124002e-05
9473	0.00015282259228468624
9474	0.000141538369145452
9475	0.0006900785956948387
9476	0.00023047413991868988
9477	0.0001236663876676937
9478	0.00046472269044777603
9479	0.0006223899959463717
9480	0.00020431080685806306
9481	4.590642794637031e-05
9482	0.00012183100441446613
9483	0.00015878641861977972
9484	0.00011744391481863146
9485	0.0002235994001639458
9486	9.994400175225794e-05
9487	0.0002610305240903867
9488	0.00013267414945097143
9490	0.00013599952671387725
9491	9.424180648630673e-05
9492	8.980443125434874e-05
9493	0.00013599952671387725
9494	0.00013441553972867498
9495	4.590642794637031e-05
9496	5.566153979258774e-05
9497	5.348715357440108e-05
9498	0.00033646057021165314
9499	0.00029925712316836536
9500	5.6976384248858756e-05
9501	4.590642794637031e-05
9502	4.590642794637031e-05
9505	5.891324374132688e-05
9506	4.590642794637031e-05
9507	0.00033280921594759487
9508	6.852057691607169e-05
9509	4.590642794637031e-05
9510	8.1001669677592e-05
9511	0.00023759776838357273
9513	0.00030544896975726895
9516	6.886309514320555e-05
9517	8.492687533124002e-05
9518	4.590642794637031e-05
9519	0.0001685171030526522
9520	0.00022982244060579317
9521	0.00017945789311475964
9522	0.00013599952671387725
9523	0.00025361316661921915
9524	6.541665163880517e-05
9526	6.541665163880517e-05
9527	0.00012916076715350044
9528	9.325087475874912e-05
9529	9.229170494497831e-05
9530	4.590642794637031e-05
9531	4.590642794637031e-05
9532	9.447598029438117e-05
9535	9.368763764788282e-05
9536	9.687330522817367e-05
9537	0.00016576224883793338
9541	9.79336911261966e-05
9544	4.590642794637031e-05
9547	0.00022006883387000752
9548	0.0001473653075823727
9549	0.00013500220943866504
9550	4.590642794637031e-05
9553	6.88008208318121e-05
9554	4.590642794637031e-05
9555	0.0001818184081056429
9556	0.00011063102270463768
9557	0.00016110452720983074
9558	4.590642794637031e-05
9559	0.00020763731270193592
9560	0.0001041122316164016
9561	0.00013599952671387725
9562	4.590642794637031e-05
9564	0.00012850109406536153
9565	0.00010814850754241113
9566	8.492687533124002e-05
9567	0.00021298809723289345
9568	8.135000098762697e-05
9569	0.0002241003846021489
9570	0.00011076868109619569
9571	4.590642794637031e-05
9572	6.541665163880517e-05
9573	0.0002386095214772751
9574	4.590642794637031e-05
9575	4.590642794637031e-05
9576	8.341009526962363e-05
9577	0.0001200782305142006
9578	0.000206441049436165
9579	4.590642794637031e-05
9580	0.00018045141451252056
9581	4.590642794637031e-05
9582	0.00037024092678103715
9583	0.0002561174961141899
9584	4.590642794637031e-05
9587	0.0003155380694569872
9588	6.900927030869264e-05
9589	6.413036978570187e-05
9592	0.00010233275998494556
9593	0.00020329147735074406
9595	8.239143247184717e-05
9598	0.00022613778651922551
9599	0.00010403639729263976
9600	0.0002581326074227915
9601	9.017798644748686e-05
9602	0.00010412741474575856
9603	0.00010911905329484012
9604	0.00015801102203547433
9605	4.590642794637031e-05
9606	0.00023472141603006784
9607	4.590642794637031e-05
9609	4.590642794637031e-05
9610	5.300105474361935e-05
9611	6.806718864601454e-05
9612	5.0242033211355837e-05
9613	5.7937750318288035e-05
9614	0.00013075265136333017
9615	8.205928871794855e-05
9616	6.382835073220928e-05
9617	4.590642794637031e-05
9618	4.590642794637031e-05
9619	4.590642794637031e-05
9620	4.590642794637031e-05
9621	8.711379392164372e-05
9622	0.00013844986798986872
9623	0.00011882936150491328
9624	8.492687533124002e-05
9625	0.00013599952671387725
9626	0.00012377322580079837
9627	4.590642794637031e-05
9629	4.590642794637031e-05
9630	0.0001988732254905128
9631	6.242490266533359e-05
9634	8.492687533124002e-05
9635	0.0002654294946820278
9636	9.230655409802139e-05
9637	9.791748413535867e-05
9638	0.0002762495610579228
9639	8.783159152064665e-05
9640	4.590642794637031e-05
9641	0.00016254799933951368
9642	0.0002963757877065473
9643	0.00012308639349165423
9644	0.000140213490662458
9645	6.991430086310604e-05
9646	6.375370423434438e-05
9647	0.00010348302407786932
9648	0.00013672167852934875
9649	0.0003482064969143994
9650	0.00031441622863945923
9651	4.7960135703468714e-05
9652	0.00011743515988350409
9653	7.785325468923037e-05
9654	0.00035728654664652796
9657	5.3710517423344255e-05
9658	0.00011822287304127639
9659	0.00019243220270357114
9660	4.590642794637031e-05
9661	7.965401746763077e-05
9662	0.00011972623222241062
9663	8.492687533124002e-05
9664	0.00011399827632943961
9665	4.590642794637031e-05
9666	8.492687533124002e-05
9667	0.00021566738814752132
9668	0.0003168619960966851
9669	0.00011705893265474639
9670	5.82217537954686e-05
9673	4.590642794637031e-05
9674	0.0002478677197080361
9675	5.3710517423344255e-05
9676	0.00014501030386997093
9677	9.761438499189251e-05
9680	4.590642794637031e-05
9681	6.382928091554381e-05
9682	9.325087475874912e-05
9683	0.0002576222422697456
9684	0.00019055722322015175
9685	4.590642794637031e-05
9686	0.00011125965067394105
9687	4.590642794637031e-05
9688	0.0001798827435253652
9689	0.0002279508309508659
9690	4.590642794637031e-05
9691	4.590642794637031e-05
9692	0.00013844986798986872
9693	7.31078844937533e-05
9696	9.79336911261966e-05
9697	0.00010702804374814499
9698	4.590642794637031e-05
9699	0.00026331316755700716
9700	0.0006372738859146649
9703	0.00015144679369687934
9706	0.0001893113193404748
9707	0.00011714949422543075
9708	0.00033290388668927713
9709	6.995864720942167e-05
9710	6.541665163880517e-05
9713	4.590642794637031e-05
9714	8.656587379734954e-05
9715	6.957865135255971e-05
9718	0.00014040493952374486
9719	0.00013844986798986872
9720	0.0002665102130860717
9721	0.00014791090270789548
9722	4.590642794637031e-05
9723	4.590642794637031e-05
9724	4.590642794637031e-05
9725	0.0001594409077035037
9726	8.330102335687045e-05
9727	0.0003042573779172191
9728	6.407580464334245e-05
9731	0.0002839930128882367
9732	0.0001625669761008115
9733	4.590642794637031e-05
9734	7.114361260947022e-05
9735	0.0001784323816115135
9738	0.0001821636853694904
9739	6.922328888271159e-05
9740	0.00010206922570263117
9741	0.00038252721741928653
9742	0.00024178923897432943
9743	9.640453290118856e-05
9744	0.00023882163679846824
9745	0.00021287115124586398
9746	4.590642794637031e-05
9747	4.590642794637031e-05
9748	7.547488995639481e-05
9749	4.590642794637031e-05
9750	0.00016985531932450996
9751	9.572349394375235e-05
9752	6.87462514098088e-05
9755	6.611556594757335e-05
9756	4.590642794637031e-05
9757	0.00014225019693705037
9758	0.0005885383788482638
9759	0.0001608862001814164
9760	0.0002611675171330302
9761	0.0001389940649138192
9762	0.0003441300945037868
9763	0.00010305843024196467
9764	4.590642794637031e-05
9765	4.590642794637031e-05
9766	6.866835558754431e-05
9767	0.00015596644671894903
9768	0.00022923788597079665
9769	7.842346743376175e-05
9771	7.32207411157791e-05
9772	4.74672458417651e-05
9773	4.590642794637031e-05
9774	9.657168319382819e-05
9775	4.590642794637031e-05
9776	0.00010128741718373197
9777	0.0002952616385023872
9778	9.300976025117551e-05
9779	0.00015159828873642124
9780	9.795628484068296e-05
9782	5.24477891320655e-05
9783	4.590642794637031e-05
9784	6.91978315502138e-05
9785	8.531404556144785e-05
9786	0.000131639274941851
9787	9.970734782550886e-05
9789	0.00015313905827460592
9790	4.590642794637031e-05
9791	0.00012018577299234434
9792	0.00011654423208028167
9793	6.541665163880517e-05
9795	4.9406942321920006e-05
9796	0.000147822169260221
9797	0.00018332359993360528
9798	4.590642794637031e-05
9799	0.00010491805069586728
9800	4.590642794637031e-05
9801	0.00022118948720439705
9802	0.00015681462603590014
9803	0.00019968427898346935
9804	4.590642794637031e-05
9805	6.289416449523639e-05
9806	0.00012148690196695832
9807	4.590642794637031e-05
9808	0.00012095369324769375
9809	4.590642794637031e-05
9811	4.590642794637031e-05
9812	0.00016437265943309678
9813	4.590642794637031e-05
9814	0.0001973332326860154
9815	9.050122495765e-05
9816	0.0001546346857763957
9817	7.539859197879922e-05
9818	0.00016357209898794635
9821	4.590642794637031e-05
9822	0.0001704440722864935
9823	0.00013599952671387725
9824	0.00026580964074602627
9825	0.000131639274941851
9826	0.00013727761201792215
9827	4.768008464568257e-05
9828	5.678594451556216e-05
9829	8.445591553387486e-05
9830	4.590642794637031e-05
9831	4.590642794637031e-05
9832	4.590642794637031e-05
9833	4.590642794637031e-05
9834	0.00011255609786772492
9835	5.566153979258774e-05
9836	0.00014359767462774522
9837	4.590642794637031e-05
9838	0.00016757218060873682
9839	9.79336911261966e-05
9840	8.4718419028604e-05
9841	4.590642794637031e-05
9842	0.0001711478688217177
9844	0.00016181741250461892
9845	0.0004970169776696896
9846	0.0003933249178096901
9847	0.00023711575373691493
9848	0.0003263768275372474
9849	0.0001986086192369673
9850	0.00013954267035871888
9851	0.0001389940649138192
9852	0.00025242018904000403
9853	5.833039152831577e-05
9854	0.00011135285619647517
9855	4.590642794637031e-05
9856	4.590642794637031e-05
9857	7.496575660194632e-05
9858	6.140159243153641e-05
9861	7.769981739579608e-05
9862	0.00026378220347259116
9863	0.00035043572297455806
9864	0.00013686941378848052
9865	8.924698895136887e-05
9866	0.00011414846553206448
9867	9.017798644748686e-05
9869	4.590642794637031e-05
9870	4.590642794637031e-05
9871	4.590642794637031e-05
9872	5.965949951199732e-05
9873	9.525031712719988e-05
9874	0.00017515343689516858
9876	0.00023753035247529088
9877	4.768008464568257e-05
9878	4.590642794637031e-05
9879	4.7221272402641324e-05
9882	0.00026515823390409524
9883	0.00014178521719236594
9886	4.590642794637031e-05
9887	0.00015991516321617972
9888	4.590642794637031e-05
9889	4.590642794637031e-05
9890	6.45173217712097e-05
9891	0.00012257476081247842
9892	5.361003401954231e-05
9894	0.00014372450450354104
9895	5.891324374132688e-05
9896	5.891324374132688e-05
9897	0.000131639274941851
9898	8.64876932266348e-05
9899	0.00014475822798804027
9900	0.0002523394746476271
9901	4.590642794637031e-05
9902	0.000125711585415743
9903	0.00011129314338044512
9904	0.00016245970329011882
9905	6.975225690379069e-05
9906	0.0001501976293903634
9907	0.00016770744084954173
9908	0.00012782751927113795
9909	9.637645203751129e-05
9910	0.00048670952038314856
9911	0.00015016005136996225
9912	0.00019884288394398015
9913	0.00012394732271610973
9914	0.0001548109728803129
9915	4.590642794637031e-05
9918	0.00022613778651922551
9919	0.00028747890045713645
9920	4.590642794637031e-05
9921	0.0003502912510262752
9922	0.00044953012002068893
9923	6.09736106507466e-05
9924	4.590642794637031e-05
9925	4.590642794637031e-05
9926	4.590642794637031e-05
9927	0.0002217323737093579
9928	0.00012804089492683828
9929	4.590642794637031e-05
9930	4.590642794637031e-05
9931	0.0001402539779065442
9932	6.539585080268668e-05
9933	0.00019653031532459704
9934	0.0002013844271896094
9935	4.8908000822129515e-05
9936	0.0005230369424510986
9937	0.00011837089990202358
9938	0.0001246269784863792
9939	4.590642794637031e-05
9940	5.891324374132688e-05
9941	0.00019012673001249302
9942	0.00014178521719236594
9944	0.00016204987019894615
9945	0.00013844986798986872
9946	0.00023187831595987285
9947	0.00012004870305647522
9948	4.590642794637031e-05
9949	9.64130018440056e-05
9950	0.00012394732271610973
9951	4.590642794637031e-05
9954	6.120856417573098e-05
9955	7.404323678401471e-05
9956	0.00017030293622250815
9957	4.590642794637031e-05
9960	5.718462918646771e-05
9961	0.0001580114313974043
9962	0.00039300536531689244
9963	4.590642794637031e-05
9964	0.00016317847072452456
9965	4.590642794637031e-05
9966	0.0001373295601367777
9970	0.0001612954408848008
9971	0.0003479849765328849
9972	8.640173144235981e-05
9973	9.025217183663282e-05
9974	8.492687533124002e-05
9975	0.0005714595333910287
9976	4.590642794637031e-05
9977	6.292225572940172e-05
9978	4.590642794637031e-05
9980	0.0004837007959605318
9981	0.00011007888766209552
9982	0.00010017105779665352
9983	0.0001622831427040913
9984	0.00011372545145765511
9985	6.400998194571576e-05
9988	0.00013070012088716245
9989	6.905642699932478e-05
9992	0.00011281199755631576
9993	8.844872684742442e-05
9994	8.492687533124002e-05
9995	0.00029535659122589873
9996	0.00020164345920164252
9997	0.0003130277259530143
9998	0.00028353187004344474
9999	4.590642794637031e-05
10000	4.590642794637031e-05
10001	9.985839705395314e-05
10005	4.590642794637031e-05
10006	4.590642794637031e-05
10007	4.590642794637031e-05
10008	0.000125746447888784
10009	0.00018811865310119943
10010	4.590642794637031e-05
10011	4.590642794637031e-05
10012	0.00018622181463679862
10013	4.590642794637031e-05
10014	0.0001188252083896407
10015	0.00013599952671387725
10016	6.901028414584328e-05
10017	6.0474061636721664e-05
10018	0.00013599952671387725
10019	0.0001561360574541802
10020	4.590642794637031e-05
10021	0.00014040493952374486
10022	9.144803462828994e-05
10023	0.00011711561006931046
10024	0.0002105257563360029
10027	0.00043908627597823006
10028	4.590642794637031e-05
10029	0.00013168125615394859
10030	0.00011124398176719389
10031	0.0001978943115936873
10032	6.852057691607169e-05
10033	0.0004020951019200316
10034	8.180763662676867e-05
10035	8.211455365560604e-05
10036	0.0001434575464085446
10037	5.3710517423344255e-05
10038	5.891324374132688e-05
10039	0.00011799705397357381
10040	0.00015012426093119556
10041	4.7221272402641324e-05
10042	0.00028243827277013285
10043	6.541665163880517e-05
10044	5.195643468292365e-05
10045	4.971306519027672e-05
10046	0.00022768853244882587
10047	4.590642794637031e-05
10048	5.0242033211355837e-05
10049	0.00010056316873360568
10050	0.00010800565498131392
10051	0.00010006666630911242
10052	0.0003400568971396058
10053	8.492687533124002e-05
10054	6.251674737857375e-05
10055	0.0003144532471736326
10056	0.00032669733466959914
10057	4.590642794637031e-05
10058	6.033722184941037e-05
10059	0.0001069663623551239
10060	6.697746953419995e-05
10061	0.0001406617205467987
10062	9.671002017732148e-05
10063	4.590642794637031e-05
10064	4.590642794637031e-05
10065	4.590642794637031e-05
10066	4.590642794637031e-05
10069	0.00013599952671387725
10070	4.590642794637031e-05
10071	4.590642794637031e-05
10072	0.0004130678356303376
10073	4.590642794637031e-05
10074	0.00015796009168230358
10075	0.00013599952671387725
10076	4.590642794637031e-05
10077	4.590642794637031e-05
10078	4.590642794637031e-05
10079	8.492687533124002e-05
10080	4.590642794637031e-05
10081	8.492687533124002e-05
10082	0.000148394330183442
10083	6.0686900440639146e-05
10086	0.000132281152631937
10087	0.00023828191774692584
10088	0.0002683100254070887
10089	0.00012466749190727852
10090	0.00019079561442562386
10091	4.590642794637031e-05
10092	0.0001389940649138192
10093	4.590642794637031e-05
10094	0.00018943914203439966
10095	4.7221272402641324e-05
10096	5.891324374132688e-05
10097	0.00011705239238079335
10098	4.590642794637031e-05
10099	0.0001389940649138192
10100	5.24477891320655e-05
10101	4.590642794637031e-05
10103	0.00016342940432972615
10107	6.671733321830083e-05
10108	0.00019641296860322798
10109	7.860687719712075e-05
10110	4.590642794637031e-05
10111	5.0620874992378425e-05
10112	0.00022338949579056968
10113	4.590642794637031e-05
10114	0.00010475292596282256
10115	0.00025536399238403534
10117	0.00015796009168230358
10118	4.590642794637031e-05
10119	7.991552703042092e-05
10120	4.7221272402641324e-05
10122	9.602554123458547e-05
10123	4.590642794637031e-05
10124	5.982353950634228e-05
10125	0.00010146044569612155
10126	0.00016913597768228867
10127	6.11626182273679e-05
10128	4.590642794637031e-05
10129	8.492687533124002e-05
10130	0.0003162308852867324
10131	4.590642794637031e-05
10132	4.590642794637031e-05
10133	5.076858580126585e-05
10134	0.00019809368503002697
10135	0.00012261298952612608
10136	4.590642794637031e-05
10139	6.446257669299961e-05
10140	0.0002757006044736287
10141	4.590642794637031e-05
10142	6.694831689525023e-05
10143	0.00013411796887397343
10144	0.00013884144043814077
10145	0.00015215598043841078
10146	4.7221272402641324e-05
10149	4.590642794637031e-05
10150	4.590642794637031e-05
10151	4.590642794637031e-05
10152	4.590642794637031e-05
10153	7.566524639579381e-05
10154	8.492687533124002e-05
10155	4.590642794637031e-05
10156	0.00019655318276491396
10157	4.590642794637031e-05
10158	7.483336164039799e-05
10159	4.590642794637031e-05
10160	0.00011575451832780576
10161	4.590642794637031e-05
10164	0.00012740742321792732
10165	9.724862453933065e-05
10166	6.367257135779342e-05
10167	4.590642794637031e-05
10168	9.978527714022615e-05
10169	6.541665163880517e-05
10170	0.00015780931476610963
10171	4.590642794637031e-05
10172	6.647125832488273e-05
10173	9.8843986891212e-05
10174	4.590642794637031e-05
10175	4.590642794637031e-05
10178	0.0001031359701432352
10179	5.891324374132688e-05
10180	0.00010086022468006183
10181	5.566153979258774e-05
10183	5.708617985619007e-05
10184	8.492687533124002e-05
10185	0.00013844986798986872
10186	8.492687533124002e-05
10187	0.00020833444464496819
10188	6.042296343181291e-05
10189	0.00010063447561996787
10190	5.891324374132688e-05
10192	0.0002839930128882367
10193	0.00023628372876974046
10194	8.492687533124002e-05
10195	6.541665163880517e-05
10196	4.590642794637031e-05
10197	0.0001966633824803975
10198	4.590642794637031e-05
10199	4.590642794637031e-05
10200	4.590642794637031e-05
10202	0.00014530299590062015
10203	0.00021904636434006005
10204	0.00010375928258590706
10205	0.00017123923836069108
10206	0.00015594225787641188
10207	5.3860192111862066e-05
10208	8.492687533124002e-05
10209	0.00012394732271610973
10210	0.00011855943225742315
10211	4.590642794637031e-05
10216	9.942575072285579e-05
10218	6.99732972879396e-05
10219	0.0001946097573065253
10220	0.00011814816854089982
10221	4.990137851196412e-05
10222	4.590642794637031e-05
10223	5.0242033211355837e-05
10224	6.741706374766206e-05
10229	0.00013844986798986872
10230	0.00018328967009311964
10231	0.00010695372660260637
10232	0.00012600261313785289
10233	0.00027081886514042234
10234	4.590642794637031e-05
10235	0.00016839807352163498
10236	4.590642794637031e-05
10238	0.00010443709902367488
10239	0.00014040493952374486
10240	4.590642794637031e-05
10241	4.590642794637031e-05
10242	7.858989554054202e-05
10243	0.00013829855753404941
10244	8.492687533124002e-05
10245	0.00012199130425097364
10246	0.0007994432234302137
10247	8.470875434415568e-05
10248	0.0003702077953555481
10249	0.000274814716298298
10250	0.00026449009967066293
10251	0.00020831329756145276
10252	5.391955553433462e-05
10253	6.849936628815581e-05
10254	4.590642794637031e-05
10255	4.590642794637031e-05
10256	0.0005990951394633514
10257	0.0001206956187673706
10258	4.590642794637031e-05
10259	4.590642794637031e-05
10260	5.566153979258774e-05
10261	0.0002511190129215516
10263	6.719030833811742e-05
10264	9.055944034298611e-05
10265	7.526635739854492e-05
10266	6.541665163880517e-05
10267	0.0002261398395550546
10268	0.00028156380175513854
10269	0.00010208736674325146
10270	0.00019429522619986392
10271	0.00014040493952374486
10272	0.0006999833038645458
10273	0.00011711561006931046
10274	4.9406942321920006e-05
10277	0.00012394732271610973
10280	0.00013203482075616863
10281	4.590642794637031e-05
10282	5.891324374132688e-05
10283	9.900295606825466e-05
10284	4.768008464568257e-05
10285	0.0002619148273325046
10286	5.0242033211355837e-05
10287	6.866835558754431e-05
10288	0.00013088688523627738
10289	0.00023049803829125178
10290	0.00016644923213852907
10291	0.0008140284712939196
10294	4.768008464568257e-05
10295	0.00010484377270877235
10296	0.000131639274941851
10299	0.00011711561006931046
10300	4.590642794637031e-05
10301	0.00014661894113330055
10302	0.00034911326425549543
10303	4.590642794637031e-05
10304	6.541665163880517e-05
10305	4.590642794637031e-05
10306	7.385640741850105e-05
10307	8.597845413878159e-05
10308	4.590642794637031e-05
10309	0.00014040493952374486
10310	8.492687533124002e-05
10313	5.2409835843848595e-05
10315	0.0002014097810274782
10316	7.44730243319813e-05
10317	7.192005953628346e-05
10318	7.784560636300998e-05
10319	0.00014040493952374486
10320	0.00010945108890912055
10321	0.00010045599508676898
10322	4.590642794637031e-05
10324	0.0001393394143010001
10325	4.590642794637031e-05
10326	4.590642794637031e-05
10327	4.590642794637031e-05
10328	0.00014068239977481188
10329	8.46017049363661e-05
10332	8.211455365560604e-05
10333	0.00015268685316954878
10334	6.541665163880517e-05
10335	0.00016504271617894952
10336	4.590642794637031e-05
10337	5.3710517423344255e-05
10338	0.00010821827893508351
10339	9.468198717745745e-05
10340	4.590642794637031e-05
10341	4.590642794637031e-05
10342	4.590642794637031e-05
10343	8.206465049382335e-05
10344	0.00040896950772713846
10345	7.5102816601913e-05
10346	7.991552703042092e-05
10347	4.590642794637031e-05
10348	7.51717634850226e-05
10349	4.590642794637031e-05
10350	4.590642794637031e-05
10351	0.00046987959145428944
10352	6.957659147280196e-05
10353	8.492687533124002e-05
10355	0.00010443709902367488
10356	0.0002839930128882367
10357	4.590642794637031e-05
10358	0.0001125588262234649
10359	0.0001761308896839726
10360	0.00015038380844517764
10361	0.00041920207698045725
10362	0.0009603186695434872
10363	8.072200012580463e-05
10364	4.590642794637031e-05
10366	0.0002275180641878466
10367	0.00011408480302183836
10368	0.00010534661538070854
10369	5.647641776225993e-05
10370	0.0001459597172612098
10371	0.00014619993724707106
10372	4.590642794637031e-05
10375	0.00014960847846137316
10376	0.00025778439812736506
10377	0.0001821772576370133
10378	4.590642794637031e-05
10380	0.00013485023421597582
10381	0.0001243408857424893
10382	0.0001436738298268001
10383	0.0001704975128811043
10387	0.00013844986798986872
10388	0.00013844986798986872
10389	4.590642794637031e-05
10392	0.00025455193914328766
10393	0.00014040493952374486
10394	5.891324374132688e-05
10395	0.00022853647475426893
10396	0.00010564517057014962
10397	4.590642794637031e-05
10398	5.566153979258774e-05
10399	6.304239452965917e-05
10400	0.00019484171099030682
10401	0.00030073403698366156
10402	0.00012066292346793499
10403	6.991430086310604e-05
10404	4.590642794637031e-05
10405	4.590642794637031e-05
10406	4.590642794637031e-05
10409	0.00014178521719236594
10410	0.00012410409995868948
10411	0.0001080061197543408
10412	0.00010498791697588477
10413	0.00018535181795041483
10414	0.000139960988087871
10415	0.0003172224033973171
10416	0.0002069280709230999
10417	4.590642794637031e-05
10418	0.00013599952671387725
10419	0.00012427868014028396
10420	0.00020091864832772667
10421	9.067027907031355e-05
10422	5.2409835843848595e-05
10423	4.590642794637031e-05
10424	0.00017387068160084555
10425	8.492687533124002e-05
10426	4.590642794637031e-05
10427	0.00018595654190319165
10428	0.00013747448610425592
10429	6.541665163880517e-05
10430	5.2409835843848595e-05
10431	0.0001586902912703868
10432	5.804246575991676e-05
10433	4.590642794637031e-05
10434	0.0002699196991339451
10435	0.00015904524272404891
10436	0.00011124398176719389
10437	0.0003811751178916071
10438	9.734277513899908e-05
10439	0.00016082872554989717
10440	8.980443125434874e-05
10441	4.590642794637031e-05
10442	7.566879962128395e-05
10443	0.00020064386068850988
10444	0.00026515823390409524
10445	0.00014178521719236594
10446	9.39804149387861e-05
10447	0.00012958911135453038
10448	4.590642794637031e-05
10449	0.00011298895617788062
10450	0.0002476701458393061
10451	7.778756722168572e-05
10452	0.0002337692958345133
10455	5.69378955938759e-05
10456	5.3710517423344255e-05
10457	0.0001341269370182818
10458	5.2409835843848595e-05
10459	0.00015699599733575735
10460	5.545553290951147e-05
10461	6.541665163880517e-05
10462	5.566153979258774e-05
10463	0.00014574278527202576
10464	0.00012288366391120141
10467	4.590642794637031e-05
10468	0.00020922123337215395
10469	0.00019419398773294665
10470	0.00025729405968838025
10471	4.590642794637031e-05
10472	0.00017597458589593603
10473	4.590642794637031e-05
10474	4.590642794637031e-05
10475	4.590642794637031e-05
10476	5.891324374132688e-05
10477	5.891324374132688e-05
10478	8.255890876627732e-05
10479	9.978346877675418e-05
10481	0.0002768121650134842
10482	0.00013533185489394433
10483	7.71721755938795e-05
10484	4.590642794637031e-05
10485	4.590642794637031e-05
10486	4.590642794637031e-05
10487	8.492687533124002e-05
10488	4.590642794637031e-05
10489	0.00010443709902367488
10490	5.2409835843848595e-05
10493	0.00016830662083645805
10494	0.00040886543631618263
10495	0.00014178521719236594
10496	9.017798644748686e-05
10497	4.590642794637031e-05
10498	9.139078171455495e-05
10499	0.00021376317822376616
10501	0.0002801914011722906
10502	4.590642794637031e-05
10503	4.590642794637031e-05
10506	6.704250361317474e-05
10507	0.00017740857903600802
10508	0.00013844986798986872
10509	0.00035122391572157735
10510	4.590642794637031e-05
10511	6.541665163880517e-05
10512	5.460991987929309e-05
10514	0.0001458358319592615
10515	8.346319834889201e-05
10516	6.463698397916306e-05
10518	0.0001015748741862582
10519	0.00011290800823935848
10520	7.154067258336622e-05
10521	4.590642794637031e-05
10523	4.590642794637031e-05
10525	0.00019039314802934146
10526	8.352573143719557e-05
10527	9.273096480821397e-05
10530	0.0001446192424704424
10531	0.00013105033633307217
10532	5.0242033211355837e-05
10533	5.078398386947903e-05
10534	4.590642794637031e-05
10535	0.00016179978090209582
10536	0.00014327729575209963
10537	5.092792987702215e-05
10538	0.00040115789467558684
10539	8.492687533124002e-05
10540	4.590642794637031e-05
10541	4.590642794637031e-05
10542	4.590642794637031e-05
10543	4.590642794637031e-05
10545	4.590642794637031e-05
10546	8.492687533124002e-05
10547	7.870004704816943e-05
10548	5.647641776225993e-05
10549	4.590642794637031e-05
10550	0.00010695225589360313
10551	4.590642794637031e-05
10552	4.590642794637031e-05
10553	4.590642794637031e-05
10554	0.00010045224455530913
10556	4.590642794637031e-05
10557	0.0001956005313602253
10558	0.0002219535562577117
10559	8.492687533124002e-05
10560	0.00023608807069600143
10561	0.0001104888302535667
10562	4.590642794637031e-05
10563	4.74672458417651e-05
10564	4.590642794637031e-05
10565	4.590642794637031e-05
10566	8.492687533124002e-05
10567	0.00014052159336914975
10568	4.590642794637031e-05
10569	4.590642794637031e-05
10570	4.590642794637031e-05
10571	0.00010947979355975389
10572	0.00013844986798986872
10573	0.00010367879373852119
10574	0.00017577979043527782
10577	0.0002275180641878466
10578	0.0002275180641878466
10579	4.590642794637031e-05
10580	0.00013932772489255737
10581	4.590642794637031e-05
10582	0.0008543016107126828
10583	4.590642794637031e-05
10584	4.590642794637031e-05
10585	5.286585324968265e-05
10586	0.0001464871071789753
10587	0.00032201657576522115
10588	4.590642794637031e-05
10590	0.00012416768649798753
10591	8.492687533124002e-05
10592	0.0001187901043033072
10593	4.590642794637031e-05
10594	5.3710517423344255e-05
10595	8.211455365560604e-05
10596	0.00041730490618226964
10597	0.00012188797727497285
10598	4.590642794637031e-05
10599	0.00016426435339494464
10600	0.00012960047272887992
10601	4.590642794637031e-05
10602	0.00018351578019477172
10603	0.00011629265678816084
10604	4.73000153529728e-05
10605	8.492687533124002e-05
10606	5.0242033211355837e-05
10607	0.0003081907223158713
10608	5.0242033211355837e-05
10609	0.00010443709902367488
10610	4.590642794637031e-05
10611	4.590642794637031e-05
10613	9.391751099673148e-05
10614	7.114361260947022e-05
10615	4.590642794637031e-05
10616	0.00012394732271610973
10617	8.492687533124002e-05
10618	0.00012506694402839597
10619	4.768008464568257e-05
10620	0.00010473250501139886
10621	0.00010203114714064236
10622	4.590642794637031e-05
10624	4.696103463244787e-05
10625	4.768008464568257e-05
10626	9.935752713078424e-05
10627	0.00039769826095808423
10629	4.590642794637031e-05
10630	0.00023049803829125178
10634	5.148077757278027e-05
10635	0.00012394732271610973
10636	0.0001515591439728221
10637	0.00021594759238955223
10638	0.00013613607222519522
10639	0.00024478936446980045
10640	4.590642794637031e-05
10641	0.00012521668327968418
10642	8.492687533124002e-05
10643	4.590642794637031e-05
10644	4.590642794637031e-05
10645	0.00010919010011886795
10646	0.0002839930128882367
10647	0.00013972893191839086
10648	9.54619137015318e-05
10649	0.0006026965058589541
10650	4.590642794637031e-05
10651	0.00010118539507493574
10652	5.6951640753070195e-05
10653	8.792844820699924e-05
10654	4.590642794637031e-05
10655	0.0002645412288756421
10656	0.0001108155427542961
10657	0.00012394732271610973
10658	0.00010467052859846692
10659	0.00015521817037955776
10660	0.00011945490003851228
10661	4.590642794637031e-05
10662	7.99151721794245e-05
10663	4.9453741344994835e-05
10664	9.446680172601092e-05
10665	8.492687533124002e-05
10666	0.00015032263679894622
10667	7.441114309146098e-05
10668	0.0001110680427936051
10669	0.00010261831031515415
10670	0.0002217323737093579
10671	4.590642794637031e-05
10672	0.00010771910130567476
10673	0.00014146730964245132
10674	0.00033825954303400897
10675	8.492687533124002e-05
10676	6.836311836714911e-05
10677	4.590642794637031e-05
10678	0.0005949172029656374
10679	4.590642794637031e-05
10680	0.00027012783916029274
10681	4.590642794637031e-05
10682	9.108901943440197e-05
10683	0.00017065972232672071
10684	8.582983610817249e-05
10685	6.541665163880517e-05
10686	6.0232750739110176e-05
10687	8.725669360077032e-05
10688	4.590642794637031e-05
10689	0.00024447378197224096
10690	0.00011553576492702034
10691	6.397505243183577e-05
10692	6.541665163880517e-05
10693	4.590642794637031e-05
10694	6.541665163880517e-05
10695	0.00010041661068608198
10696	0.00032875279486501146
10697	0.00011919312448135713
10698	0.00030762670929525613
10699	0.0001100737662521554
10700	0.00011399827632943961
10702	4.590642794637031e-05
10703	0.00011385690622795271
10704	7.261719791780019e-05
10705	0.00010850003996714326
10706	5.4322074815579255e-05
10707	0.00013201650479301635
10708	4.590642794637031e-05
10709	0.00026675128612745216
10710	0.00017978466956943855
10711	0.00014178521719236594
10712	4.590642794637031e-05
10714	4.915813189510945e-05
10715	0.00010223122233429312
10716	8.492687533124002e-05
10717	0.00010788690833244138
10718	4.590642794637031e-05
10719	7.095350018974582e-05
10720	8.492687533124002e-05
10721	0.0001913471422565953
10722	4.590642794637031e-05
10723	4.590642794637031e-05
10726	0.00019898480814589195
10727	8.492687533124002e-05
10730	0.0001042059177475253
10731	5.566153979258774e-05
10732	4.590642794637031e-05
10733	0.00011669988068888798
10734	7.994881597312102e-05
10735	4.590642794637031e-05
10736	6.605870105412585e-05
10737	4.590642794637031e-05
10738	4.590642794637031e-05
10739	0.00013844986798986872
10740	8.873351257514644e-05
10741	8.112820299996647e-05
10742	0.00011007888766209552
10743	0.00013844986798986872
10744	0.00012394732271610973
10745	8.66531529625513e-05
10746	0.0002534775213356156
10747	0.000131639274941851
10748	4.590642794637031e-05
10750	4.590642794637031e-05
10751	4.74672458417651e-05
10752	4.590642794637031e-05
10755	6.541665163880517e-05
10756	4.590642794637031e-05
10757	5.891324374132688e-05
10758	0.00028986288540620457
10759	0.00016130297442023026
10760	0.0003263768275372474
10761	7.566879962128395e-05
10762	4.590642794637031e-05
10765	5.3710517423344255e-05
10767	0.00014707317440441615
10768	6.962214696800453e-05
10769	4.590642794637031e-05
10770	6.406516380684285e-05
10771	0.00010726319663507161
10772	6.838652991153077e-05
10773	0.0001551153725912405
10774	0.00018247799379341432
10775	4.590642794637031e-05
10776	0.00014632351817028843
10779	4.590642794637031e-05
10780	4.590642794637031e-05
10781	0.00013844986798986872
10782	4.590642794637031e-05
10783	0.00035702737503920086
10784	9.79336911261966e-05
10785	8.102483059275305e-05
10786	0.00026405424683310425
10787	4.590642794637031e-05
10788	4.590642794637031e-05
10789	4.590642794637031e-05
10790	6.541665163880517e-05
10791	5.0847328751597325e-05
10792	8.67766529817976e-05
10793	0.00010508023272057621
10794	0.0002839930128882367
10795	0.00027563133831152526
10796	0.00014282847150463233
10797	4.590642794637031e-05
10800	4.590642794637031e-05
10801	4.590642794637031e-05
10802	4.590642794637031e-05
10803	0.00014942995836708575
10804	4.590642794637031e-05
10805	8.84507687356968e-05
10806	9.002656292118292e-05
10807	5.391438063370434e-05
10808	8.092716754727867e-05
10809	0.0001224451058828485
10812	7.51717634850226e-05
10813	7.163218671002408e-05
10814	9.414379134367708e-05
10815	0.00010258825975312133
10816	4.590642794637031e-05
10817	5.418349254316086e-05
10818	0.00018617117960074303
10819	4.590642794637031e-05
10820	8.492687533124002e-05
10821	4.590642794637031e-05
10822	0.00010766835387489445
10823	9.325087475874912e-05
10824	8.492687533124002e-05
10825	4.590642794637031e-05
10826	5.324550186207372e-05
10827	4.73000153529728e-05
10828	4.590642794637031e-05
10829	4.590642794637031e-05
10830	9.074268280473226e-05
10831	0.00010235008825027427
10832	0.0001214086964585838
10833	0.00021608163185511204
10834	0.0002500665112199804
10835	4.590642794637031e-05
10836	8.882892006972699e-05
10837	0.00012952167234251972
10838	4.590642794637031e-05
10839	4.590642794637031e-05
10840	0.00010443709902367488
10841	8.492687533124002e-05
10842	4.590642794637031e-05
10843	6.541665163880517e-05
10844	7.00410957651991e-05
10845	4.590642794637031e-05
10848	4.590642794637031e-05
10849	8.492687533124002e-05
10850	8.492687533124002e-05
10851	4.590642794637031e-05
10853	0.0001624266339074118
10854	4.590642794637031e-05
10855	4.590642794637031e-05
10856	7.975654239627708e-05
10857	0.0005451870885213436
10858	7.679761545939217e-05
10859	4.590642794637031e-05
10860	9.498653362561764e-05
10861	0.0002027345340425011
10862	4.590642794637031e-05
10863	4.590642794637031e-05
10864	0.00015254413172674427
10867	4.590642794637031e-05
10870	4.590642794637031e-05
10871	0.00010748279608933775
10872	4.590642794637031e-05
10873	4.590642794637031e-05
10874	6.912635811288604e-05
10875	0.00016269526651318497
10876	0.00010467052859846692
10877	5.2409835843848595e-05
10878	4.590642794637031e-05
10879	7.913746562481352e-05
10880	0.00016851656620126866
10881	0.00010012938834947019
10882	4.590642794637031e-05
10883	0.00011966220877154638
10884	6.541665163880517e-05
10885	0.00010443709902367488
10886	6.442087409841447e-05
10887	0.00021943528155780786
10888	0.00015479203298732254
10889	4.590642794637031e-05
10892	0.0001969805390671733
10893	4.590642794637031e-05
10894	9.63758195646983e-05
10895	0.0001815046150654297
10896	4.590642794637031e-05
10899	8.492687533124002e-05
10900	4.590642794637031e-05
10901	6.612531725528318e-05
10902	6.541665163880517e-05
10903	6.730879699234297e-05
10904	4.590642794637031e-05
10907	0.000178640613243457
10909	4.590642794637031e-05
10910	0.00023619483169770542
10911	0.00011124398176719389
10912	9.471401802844221e-05
10913	0.00015991516321617972
10914	4.590642794637031e-05
10915	4.590642794637031e-05
10916	4.590642794637031e-05
10919	9.741124808474728e-05
10920	4.590642794637031e-05
10921	6.68514170842075e-05
10922	0.00013844986798986872
10923	4.590642794637031e-05
10924	0.00016694685158541176
10925	6.995864720942167e-05
10926	4.590642794637031e-05
10927	4.590642794637031e-05
10928	0.000245449993933181
10929	0.00014455448790060975
10930	7.297466622236101e-05
10931	4.590642794637031e-05
10933	0.00014330055964500724
10934	5.2409835843848595e-05
10935	0.0001183996841485746
10936	0.0001352125091078875
10937	0.00015975574251905254
10938	5.891324374132688e-05
10939	0.0001276285031028885
10940	4.590642794637031e-05
10941	6.541665163880517e-05
10942	0.00013127149863231358
10943	0.0001342768475176355
10944	0.00018628248347864865
10945	4.590642794637031e-05
10946	9.760476412015179e-05
10947	4.590642794637031e-05
10948	8.492687533124002e-05
10949	5.2409835843848595e-05
10951	0.00018638080795814056
10952	9.681986743436024e-05
10953	5.891324374132688e-05
10954	5.891324374132688e-05
10955	0.0003003271906761583
10956	0.0008297713798937541
10957	0.0001707718595779534
10958	4.590642794637031e-05
10959	0.0001829631088343392
10960	0.00023635219335988507
10961	6.876582510180082e-05
10963	4.590642794637031e-05
10964	0.00018132145375348926
10965	0.00016426845168047513
10968	6.226753283681448e-05
10969	4.590642794637031e-05
10970	4.73000153529728e-05
10971	8.492687533124002e-05
10972	9.494895816303928e-05
10973	4.590642794637031e-05
10974	4.590642794637031e-05
10975	0.00010582443226159306
10976	0.00011339615155782427
10977	4.590642794637031e-05
10978	0.00018229177916910498
10981	8.42806882459517e-05
10982	0.00018826277461840568
10983	0.00030360364368419834
10984	0.00016839807352163498
10986	4.590642794637031e-05
10987	0.00019000911547779165
10988	0.0003219084935331144
10989	4.590642794637031e-05
10990	0.00022021712598505413
10991	0.00016857502003364455
10992	0.00010812041955352066
10993	4.590642794637031e-05
10994	4.590642794637031e-05
10995	0.00022621720696324417
10996	0.00011711561006931046
10997	0.00027129663126942185
10998	0.00011955752238531191
10999	6.541665163880517e-05
11000	0.00028754145909806614
11002	0.00015396072368442973
11003	4.590642794637031e-05
11004	0.00020557458904847453
11005	4.590642794637031e-05
11006	5.6745441108834124e-05
11007	0.00013844986798986872
11008	4.590642794637031e-05
11009	4.590642794637031e-05
11010	0.00013555299461702187
11011	0.0001612954408848008
11013	4.590642794637031e-05
11014	0.00013608646966622022
11015	5.849004199008238e-05
11016	4.590642794637031e-05
11017	4.590642794637031e-05
11018	4.590642794637031e-05
11019	0.000254099386609139
11020	6.4780845799541e-05
11021	0.00013844986798986872
11022	5.566153979258774e-05
11023	7.670172058495531e-05
11024	0.00019526688221877943
11025	7.97241490132574e-05
11026	9.678068269789227e-05
11027	4.768008464568257e-05
11028	4.590642794637031e-05
11029	4.590642794637031e-05
11030	0.0004127057209392969
11031	8.960321934358151e-05
11032	4.590642794637031e-05
11033	5.566153979258774e-05
11034	4.590642794637031e-05
11035	0.000131639274941851
11036	6.385954465266947e-05
11037	5.8588073346452964e-05
11038	4.590642794637031e-05
11039	4.590642794637031e-05
11040	4.74672458417651e-05
11041	4.590642794637031e-05
11042	4.74672458417651e-05
11043	8.492687533124002e-05
11044	4.590642794637031e-05
11045	0.00012493006348417962
11046	0.0001874972556414339
11048	0.00014178521719236594
11049	4.590642794637031e-05
11050	4.590642794637031e-05
11051	0.0001762939354000334
11052	9.468198717745745e-05
11055	0.00013844986798986872
11057	0.00013469992153480775
11058	4.590642794637031e-05
11059	8.492687533124002e-05
11060	6.712618100773142e-05
11061	0.00016201315830379037
11062	4.590642794637031e-05
11063	4.590642794637031e-05
11064	4.590642794637031e-05
11065	8.038103569730399e-05
11066	7.267300307952001e-05
11067	0.0001546561436674069
11070	4.590642794637031e-05
11071	8.632046273784252e-05
11072	0.00014040493952374486
11073	0.00023187831595987285
11074	9.056866396966067e-05
11075	7.071529293771041e-05
11078	4.590642794637031e-05
11079	0.0002275180641878466
11080	0.00014178521719236594
11081	4.590642794637031e-05
11082	4.590642794637031e-05
11083	4.74672458417651e-05
11084	5.3710517423344255e-05
11085	6.541665163880517e-05
11086	0.00015612967340174192
11089	4.590642794637031e-05
11090	4.590642794637031e-05
11091	6.307950093105268e-05
11095	0.00033892826687408946
11096	0.00016397704238926822
11097	8.492687533124002e-05
11098	4.696103463244787e-05
11099	4.590642794637031e-05
11102	4.590642794637031e-05
11103	4.590642794637031e-05
11104	0.000220662644819774
11105	9.319864102245496e-05
11106	0.0001755198887613943
11107	7.93454731444557e-05
11111	4.768008464568257e-05
11112	4.590642794637031e-05
11113	0.00015846487421548183
11114	0.00012910472285866003
11115	0.00012394732271610973
11116	4.590642794637031e-05
11118	8.558087711200652e-05
11119	9.94011263260677e-05
11120	4.590642794637031e-05
11121	6.247263032867076e-05
11122	0.0001895353349093429
11123	5.2409835843848595e-05
11124	0.00013139026025171173
11125	0.00012882487863921847
11126	8.492687533124002e-05
11127	9.841318608073614e-05
11129	8.492687533124002e-05
11130	0.00011109629856568215
11131	4.590642794637031e-05
11132	5.0242033211355837e-05
11133	4.590642794637031e-05
11134	4.590642794637031e-05
11135	8.352573143719557e-05
11136	0.0001421129613500066
11137	4.590642794637031e-05
11138	4.590642794637031e-05
11139	0.0003263768275372474
11140	5.891324374132688e-05
11141	4.590642794637031e-05
11142	0.00018200477040506173
11143	8.492687533124002e-05
11148	5.0242033211355837e-05
11149	4.590642794637031e-05
11150	4.590642794637031e-05
11151	4.590642794637031e-05
11152	9.225092890870044e-05
11153	4.590642794637031e-05
11154	4.590642794637031e-05
11155	8.492687533124002e-05
11156	4.590642794637031e-05
11157	4.590642794637031e-05
11158	9.722945291021455e-05
11159	0.00016260566932384507
11160	4.590642794637031e-05
11161	4.590642794637031e-05
11162	8.492687533124002e-05
11163	0.00012394732271610973
11164	0.00011606019963513527
11165	7.565358746140591e-05
11166	4.590642794637031e-05
11168	7.725432251996187e-05
11169	8.492687533124002e-05
11170	6.273593405586552e-05
11171	4.590642794637031e-05
11172	8.492687533124002e-05
11173	4.590642794637031e-05
11174	8.123889127776372e-05
11175	4.590642794637031e-05
11176	4.590642794637031e-05
11177	0.00011565219528276814
11178	4.590642794637031e-05
11179	4.590642794637031e-05
11180	0.00012394732271610973
11181	0.0004416787782234769
11182	8.492687533124002e-05
11183	0.0005902585067599391
11184	8.722132454865196e-05
11185	9.569338894569722e-05
11186	4.590642794637031e-05
11187	4.590642794637031e-05
11188	0.00012537947984736018
11189	4.590642794637031e-05
11190	4.590642794637031e-05
11192	9.105992273524232e-05
11193	4.590642794637031e-05
11194	8.492687533124002e-05
11195	8.492687533124002e-05
11196	7.769981739579608e-05
11199	0.0003388645708312903
11200	0.00017583690083816333
11201	4.590642794637031e-05
11202	9.721004108823093e-05
11203	5.891324374132688e-05
11204	4.590642794637031e-05
11206	0.0001206768788834864
11207	8.016616314152806e-05
11208	8.175385671063988e-05
11209	9.006228815154385e-05
11210	0.00024428403316909886
11211	0.0001477512521914204
11212	0.00024031402611482186
11213	6.541665163880517e-05
11214	0.0001252770955874855
11215	0.00016806527638077876
11216	6.922328888271159e-05
11217	4.590642794637031e-05
11218	4.74672458417651e-05
11219	6.541665163880517e-05
11220	4.590642794637031e-05
11221	4.590642794637031e-05
11222	0.00019153028871503043
11223	4.590642794637031e-05
11224	4.590642794637031e-05
11225	0.00013695413851106634
11226	0.00010473110110208776
11227	0.00010222224673830853
11228	0.00011052162181537002
11229	4.590642794637031e-05
11230	4.590642794637031e-05
11231	0.00035216878083736626
11232	4.590642794637031e-05
11237	4.590642794637031e-05
11238	4.590642794637031e-05
11239	7.700566278538247e-05
11240	8.400374584539207e-05
11241	4.590642794637031e-05
11242	0.0001314146750356184
11243	4.590642794637031e-05
11244	5.891324374132688e-05
11245	5.8646997751584865e-05
11246	0.00032360722332842114
11247	4.590642794637031e-05
11250	0.00014040493952374486
11251	4.590642794637031e-05
11252	0.00015479203298732254
11253	4.73000153529728e-05
11254	4.590642794637031e-05
11255	4.590642794637031e-05
11256	0.00023049803829125178
11257	4.590642794637031e-05
7569	0.00010327185682983752
7568	0.000267584014814344
7545	0.00034101713373109514
7759	6.652959416552879e-05
7630	8.688590445392628e-05
7546	0.00011962232544886038
7755	4.590642794637031e-05
7935	0.00018828936829352904
7951	0.000180081521559885
7643	0.00034211026500175336
7784	0.0009418415838166923
7515	0.0001305109663651918
8040	0.00011002063023716788
7756	0.00020198821748584919
7596	0.0002283310277517241
8293	4.590642794637031e-05
7629	0.00010583233718335002
8176	0.000239147315823618
8278	9.011828389257691e-05
8485	4.590642794637031e-05
8355	5.8797146335542574e-05
7815	0.0002529791115931838
8435	0.0006965878731969401
8287	0.00024274105093771727
8228	0.00010176853850124241
8211	0.00010738225079017579
8424	9.79336911261966e-05
8436	0.00041463081207289003
7866	0.00017287926669393
8486	0.00012231354694531256
8154	0.00022729976103998275
7664	0.00018874237652456995
8504	0.0001744473629996764
8286	4.590642794637031e-05
7601	5.6089940052604116e-05
8240	0.00011465990340689998
8583	0.00010300598660496655
8569	0.00025508168718827486
8432	0.00039066101546428224
8809	0.00025550944821720923
7720	4.590642794637031e-05
8203	0.00018685371838733227
8582	8.492687533124002e-05
7732	0.0009889668764543605
8402	8.456784992108364e-05
8568	0.00012291982109599562
8912	0.00020733517564173537
7699	0.0001185506099083586
8348	4.590642794637031e-05
7644	0.00013093570386503293
7874	0.00030000820833325564
7600	7.18051877104342e-05
8532	0.00022638659312678943
7638	7.32207411157791e-05
8489	0.000276525007079675
8937	0.0003016706481472614
7526	0.00017576658536359028
7746	4.590642794637031e-05
9170	8.200766703999441e-05
7593	0.00030431738448595
8697	6.0686900440639146e-05
7867	7.032438558227912e-05
7663	0.00014792886207109715
8527	4.590642794637031e-05
8248	5.704011719434789e-05
7734	8.492687533124002e-05
7656	0.00011337928488270754
8779	0.00011465021339523404
7698	4.590642794637031e-05
9031	0.00023879863473896657
8110	0.0002108989498598589
8335	7.698177469881119e-05
7564	8.679412339543854e-05
8142	4.590642794637031e-05
7653	0.00020698841988887136
7508	0.00016609812666456308
8794	5.830368524381074e-05
8068	0.00013844986798986872
8229	0.00025916376442182464
7934	4.590642794637031e-05
9394	0.00018191644860491074
9436	6.524147523431274e-05
8659	7.842346743376175e-05
9381	6.541665163880517e-05
8259	5.762209482605422e-05
9432	0.00011742700827194419
9207	5.830368524381074e-05
8689	0.00012675292811822233
7893	0.00020533914742494497
7671	9.71207651390118e-05
7873	6.541665163880517e-05
8981	0.0002779583831204553
9150	4.590642794637031e-05
8279	0.00019693880030614337
9538	0.00022271653544255442
7814	0.00020821583909332088
9145	0.00017438751217622756
9397	9.246847371820459e-05
8662	4.590642794637031e-05
8531	0.000213763396248093
8165	4.590642794637031e-05
8194	4.590642794637031e-05
9043	0.00024808798356649753
9059	4.590642794637031e-05
7760	0.0003537163283902478
7885	0.00026033047098623024
8808	0.00031789084446322887
8975	9.482100357690538e-05
9308	6.290456133411117e-05
9215	0.00021726855747572558
7821	8.806943517228144e-05
9712	0.00032694152664360077
9542	4.915813189510945e-05
7782	0.00040576945808541427
8709	0.00014361333805307358
9717	0.00040036958597099777
8718	0.00020367706578486156
8518	6.54395661582371e-05
9060	8.585328162467984e-05
9678	0.0002410082445969205
7886	0.000671758819066565
9788	9.871344992317505e-05
8343	4.590642794637031e-05
8079	4.590642794637031e-05
7892	0.00014332512427091558
9504	0.00019359107248152687
9193	0.00016374770758050927
9551	0.00010497729979307968
9367	0.000257965837654728
8024	9.602554123458547e-05
8643	0.0004355441098717764
8706	0.00011744391481863146
8688	0.0002101726471090643
9264	0.0001204764683780269
8475	9.051916912206679e-05
9539	0.0002834190562078466
8428	0.00023847997968543712
9435	0.00018163120291044016
10121	0.00030578196112404
8344	0.00014713651353875714
9810	9.186079501448724e-05
8175	0.00011881477694337509
9429	0.00013045073061358805
10004	4.590642794637031e-05
8401	0.00018104688137470597
8025	0.00012264830994333426
7506	0.00010705442090948566
7563	4.590642794637031e-05
8356	0.0005216577268756733
9597	0.00014080146800725212
8953	0.0002816389873990967
9591	0.00010324609238122334
9701	6.317403632494804e-05
9453	0.0005776065126943822
8617	0.00025125563441394524
10085	0.00013420293169373175
8249	8.988711964316572e-05
8780	0.0003513045341093959
8962	7.842346743376175e-05
8283	0.00034226788472595455
9770	9.078779157197073e-05
8390	0.00016034778500247814
9881	0.0002405248799828032
9306	0.0002209738006778908
8254	7.192005953628346e-05
8705	4.590642794637031e-05
7627	0.00019220335171058273
7595	0.00010736526708328141
8678	9.745250880042122e-05
9633	0.00011765942184484845
8936	4.590642794637031e-05
8830	0.00040153701440608623
7509	0.00013980961837632838
7769	0.00011551218939065794
8178	4.590642794637031e-05
7887	0.00024848399527715293
7950	0.0002771125077334153
8974	7.263527587536658e-05
10067	7.192336860182468e-05
8056	0.00018325219004781837
9590	9.047000540796536e-05
8596	5.5306527725128464e-05
7872	0.0002567699932783815
8205	4.590642794637031e-05
9608	0.00025532226724346905
8316	0.00024557795834726415
8251	0.0001163030592098295
9594	4.590642794637031e-05
9399	0.00020251360531399395
9114	0.00010163324642731175
9361	8.492687533124002e-05
7592	6.813386585631202e-05
10311	4.590642794637031e-05
7946	0.0001502644291520636
7603	0.00019687025627465273
10453	6.344934290109785e-05
7514	9.593500316216786e-05
10407	4.590642794637031e-05
10330	6.541665163880517e-05
10384	0.00012839586084438336
10176	0.0001306742096799798
8130	4.590642794637031e-05
7721	0.0003750505499684683
9534	0.00010181650166151273
7637	4.590642794637031e-05
7783	0.00015467155244195717
8055	0.0002161414757129635
8575	0.00013188155683873713
10084	5.385906312349715e-05
8696	4.590642794637031e-05
8528	8.882892006972699e-05
7605	8.492687533124002e-05
10138	0.00019464350965861033
9503	0.00015011989888762418
7735	0.0003444816094353743
9452	7.022887795332001e-05
7527	0.00015970845070574141
9362	0.00018214023271650038
10163	0.0002858269509272296
9991	6.483483155665014e-05
8422	4.590642794637031e-05
9024	0.00014417774317980136
9586	6.541665163880517e-05
9305	4.590642794637031e-05
9916	0.00016986065710978022
8080	0.0003388946169083329
9868	0.00017439059320598294
10293	0.00011778506778893837
8131	0.00015115251304685862
10865	9.288063949673179e-05
9525	5.148077757278027e-05
9540	0.00037527292668988824
9885	0.0002392300826133844
8642	0.0001341502859147032
7781	4.590642794637031e-05
8497	0.0002068696738761893
7897	4.590642794637031e-05
10632	8.492687533124002e-05
9533	0.0001313172471978133
8389	5.891324374132688e-05
8349	0.00013129628197564486
8719	0.00014786568687479333
9281	4.590642794637031e-05
10191	7.412914292636164e-05
10522	0.00014771013878296673
9187	4.590642794637031e-05
10852	4.994819510018735e-05
10555	0.0002311276181715673
7888	0.00011643769643398821
7626	8.620841401495781e-05
7652	8.399035470810561e-05
9711	0.00020688542447271717
10980	8.492687533124002e-05
9672	0.0001236645949656084
9373	0.00022041861060594564
10214	4.590642794637031e-05
8282	4.590642794637031e-05
10373	0.00013976471244613975
8665	0.0001794136089294861
9968	8.492687533124002e-05
9116	7.022050831202992e-05
10262	9.441021898582784e-05
9860	6.541665163880517e-05
10323	0.00011033708730222407
10778	0.0005119601880319814
9001	0.00010248009828969105
10777	4.590642794637031e-05
8911	7.284646582972327e-05
8618	0.0002434102137376923
9449	0.0003627481155403384
9350	4.590642794637031e-05
11100	8.577898681121994e-05
8770	0.0001856832205003444
11094	0.00020495386062804245
8959	6.541665163880517e-05
9288	6.57480090629794e-05
8019	0.0002803646757698649
8952	4.590642794637031e-05
10754	9.974206294212931e-05
7742	0.00023554872806562353
8027	9.473662781948292e-05
9431	4.590642794637031e-05
9705	8.101441215823184e-05
9025	0.00010712699146172712
7747	5.148077757278027e-05
10374	0.00023779955171419868
8748	4.590642794637031e-05
9859	4.590642794637031e-05
10764	0.00023967732275310513
9952	4.590642794637031e-05
8041	0.00013069597646646374
7690	8.492687533124002e-05
10408	0.00015145668378482532
10633	0.00015765290653176409
9546	7.975286986936204e-05
9543	0.00010582443226159306
10529	7.376983718684103e-05
10753	0.00012672688651711373
10148	5.891324374132688e-05
11093	0.00010792193326277816
10724	0.00012077862462651331
8210	0.000291135602046873
7871	0.00011573360624911235
10314	0.00017055613792881717
9376	4.590642794637031e-05
8664	5.891324374132688e-05
7753	4.590642794637031e-05
11076	4.590642794637031e-05
8413	4.590642794637031e-05
9552	0.00024427498821394617
11054	0.0001186925712582443
10312	5.0242033211355837e-05
8438	5.195643468292365e-05
9716	9.79336911261966e-05
9115	5.718462918646771e-05
8663	5.2409835843848595e-05
8288	0.00011711561006931046
9990	5.891324374132688e-05
10623	0.0001129751819653775
9192	4.590642794637031e-05
7958	4.590642794637031e-05
8302	6.671733321830083e-05
10215	5.891324374132688e-05
10950	0.00010266927704382666
9188	5.891324374132688e-05
9406	0.00010041661068608198
9794	8.868507118673821e-05
10104	4.590642794637031e-05
11198	9.273096480821397e-05
10137	6.499460626352473e-05
9393	4.590642794637031e-05
10918	0.0001132344889716699
7770	0.0001451820046903948
10228	0.00010734181521308152
9087	4.590642794637031e-05
11144	4.590642794637031e-05
10465	0.0001016919132296397
9409	4.590642794637031e-05
7748	0.00028328401809806685
10354	5.830368524381074e-05
11205	8.399035470810561e-05
10517	0.00012813375119221938
8854	0.00019864561490484005
8840	0.0001632511041524152
10905	4.590642794637031e-05
11109	8.068082185292624e-05
10227	0.00010524148419410452
8334	6.847891096052113e-05
8774	0.00013515129386396517
8976	9.806552109487143e-05
10500	0.0002701425740041577
10890	9.468198717745745e-05
9753	9.974029641248346e-05
9917	0.0001641887586732927
9015	0.0001560310162367578
10201	0.0004355336751444435
10868	7.090604443733351e-05
9282	8.82218209811892e-05
7898	6.866835558754431e-05
8864	4.590642794637031e-05
8925	5.148077757278027e-05
10985	4.590642794637031e-05
8853	6.541665163880517e-05
9515	6.866835558754431e-05
8708	4.590642794637031e-05
9366	0.0001934591410262684
9351	0.00018654571721618435
9987	0.00014941908765029205
9410	0.00012952167234251972
10116	7.99151721794245e-05
8749	6.151460690031819e-05
11249	0.00021360452381252273
11056	0.0002702632136065955
9737	8.395198201267922e-05
9448	0.0005550405302619079
11001	4.590642794637031e-05
8476	8.467566682173517e-05
9331	5.2409835843848595e-05
10003	8.085130815967204e-05
9843	0.00031252056533521364
9585	4.590642794637031e-05
9151	0.00013062008039983414
11235	4.590642794637031e-05
11128	5.3710517423344255e-05
8202	4.590642794637031e-05
9415	0.00011224118850064883
10799	0.00026587974151429556
8987	5.2409835843848595e-05
8255	7.411644382053113e-05
8847	0.00010811676534976695
9271	0.00010582416600697139
11087	9.512983852983346e-05
8098	0.00016821782355444227
10628	5.5314825439168236e-05
10279	5.2409835843848595e-05
7691	7.001190964467234e-05
10917	9.96423123611401e-05
9201	4.590642794637031e-05
9514	4.590642794637031e-05
11146	4.590642794637031e-05
10026	7.664024084058959e-05
9014	5.0847328751597325e-05
10576	9.468198717745745e-05
10966	4.590642794637031e-05
11077	0.0001616866622134758
8443	6.3319543763825e-05
9730	0.0001242032817516129
9032	0.0002601450706322485
10725	0.000117802801796959
8250	4.590642794637031e-05
8166	0.00011986941775602292
9736	4.590642794637031e-05
10025	0.00014040493952374486
11069	0.00010752477223486818
10278	4.590642794637031e-05
9275	4.590642794637031e-05
9958	0.00013613298951029886
10766	0.00020120807493363292
9396	4.590642794637031e-05
11012	4.590642794637031e-05
7945	4.590642794637031e-05
10276	0.00014464609073680754
9545	0.00010754921659981667
10390	4.768008464568257e-05
9276	0.00025215141810913867
9959	0.0001618741490577735
9377	0.0001641563144292424
8960	5.982353950634228e-05
10492	0.00012277094274140468
8926	5.4661831643631006e-05
10528	4.590642794637031e-05
10763	4.590642794637031e-05
7655	4.590642794637031e-05
9729	0.00015406619062008226
8099	8.172718724395291e-05
8496	4.590642794637031e-05
9943	0.00013607118633811942
9428	4.590642794637031e-05
8124	0.00011822287304127639
9781	6.407580464334245e-05
9088	7.842346743376175e-05
10002	7.436037959752288e-05
9270	6.541665163880517e-05
10480	6.975225690379069e-05
10798	4.590642794637031e-05
9671	4.7221272402641324e-05
10275	4.590642794637031e-05
10891	6.60665390769741e-05
11233	4.590642794637031e-05
9704	4.590642794637031e-05
8425	7.371146494578749e-05
11197	4.590642794637031e-05
9000	0.00013338201756278728
9180	5.3710517423344255e-05
10297	5.566153979258774e-05
9880	4.590642794637031e-05
10105	0.0001104858004631944
10225	0.00014756735684486226
9953	9.79336911261966e-05
10365	4.590642794637031e-05
11147	7.32207411157791e-05
7708	0.00014307376250327248
9893	0.00017385219962952542
7555	7.991552703042092e-05
10386	8.492687533124002e-05
10869	6.603873965752814e-05
9695	0.0008530489186787893
9875	8.004931940813131e-05
9512	4.590642794637031e-05
7741	0.00011711561006931046
9093	0.00021611654230221084
11068	4.590642794637031e-05
11108	4.590642794637031e-05
11047	5.566153979258774e-05
10147	4.590642794637031e-05
10810	0.00017747031537473844
10102	4.590642794637031e-05
10908	7.991552703042092e-05
10811	0.0001408370133841235
10292	4.590642794637031e-05
7822	6.089989909862007e-05
9147	9.273096480821397e-05
8038	4.590642794637031e-05
10298	0.00015858842857957272
8143	5.566153979258774e-05
8799	4.590642794637031e-05
9208	7.78139089362456e-05
10505	0.0001555097504063121
8576	0.00010735279645089128
9489	0.00032000528478822533
11053	0.00020421502940955194
7505	4.590642794637031e-05
11092	9.273096480821397e-05
9169	4.590642794637031e-05
9263	6.300930613711598e-05
10379	4.590642794637031e-05
10466	0.00013057269050769315
10226	0.00010858183596266233
8235	0.00013203995169904206
9094	0.00032442741971838913
10237	6.407580464334245e-05
10729	0.00012394732271610973
8301	4.590642794637031e-05
7556	7.991552703042092e-05
8800	0.00015145668378482532
10504	4.590642794637031e-05
11110	0.0012491790350025538
8415	0.0006961501675727059
9340	0.00013338201756278728
8841	9.221649090919991e-05
9202	7.51717634850226e-05
10162	7.91976775074497e-05
10612	4.590642794637031e-05
10182	0.0005033804996202103
9332	0.00012711299397816155
8658	4.590642794637031e-05
10932	0.00015462461943145054
11088	0.00021730470260353978
8069	0.00010467879083667047
8289	0.00021079318311894018
9414	4.590642794637031e-05
10749	0.0002410082445969205
7633	7.991552703042092e-05
11191	5.0242033211355837e-05
7855	0.00012394732271610973
10217	8.416666441592724e-05
10962	0.0001555097504063121
9384	0.0001102281237883432
11234	8.869677627282231e-05
7604	0.0001016919132296397
7606	0.00011822287304127639
7670	4.590642794637031e-05
7733	9.244846404723958e-05
7754	5.2409835843848595e-05
7854	4.590642794637031e-05
7959	7.842346743376175e-05
8039	5.891324374132688e-05
8111	6.377667106611809e-05
8123	8.492687533124002e-05
8195	5.566153979258774e-05
8206	5.566153979258774e-05
8294	5.078398386947903e-05
8414	9.79336911261966e-05
8423	5.2409835843848595e-05
8427	4.590642794637031e-05
8444	6.384984420844828e-05
8631	4.590642794637031e-05
8865	5.566153979258774e-05
8913	0.00012427367990610748
8961	4.590642794637031e-05
8980	7.991552703042092e-05
9113	4.590642794637031e-05
9214	4.590642794637031e-05
9289	5.9894384860698194e-05
9307	4.590642794637031e-05
9341	0.00010248009828969105
9382	5.704011719434789e-05
9398	4.590642794637031e-05
9418	4.590642794637031e-05
9450	4.590642794637031e-05
9563	4.590642794637031e-05
9596	4.590642794637031e-05
9628	4.590642794637031e-05
9632	4.590642794637031e-05
9679	0.00014846480455342207
9694	4.590642794637031e-05
9702	5.93416709567912e-05
9754	0.00013065638101478853
9884	4.590642794637031e-05
9969	6.398553922009683e-05
9979	0.00022231095694935635
9986	4.590642794637031e-05
10068	5.610865955899958e-05
10106	5.891324374132688e-05
10177	5.96623593634757e-05
10331	9.325087475874911e-05
10385	4.590642794637031e-05
10391	6.617337885948781e-05
10454	7.289961752588647e-05
10491	4.590642794637031e-05
10513	4.590642794637031e-05
10544	5.891324374132688e-05
10575	4.590642794637031e-05
10589	7.478720522442376e-05
10631	4.590642794637031e-05
10701	0.0001098988736137673
10728	4.590642794637031e-05
10866	8.545091264816722e-05
10906	5.148077757278027e-05
10967	5.891324374132688e-05
10979	4.590642794637031e-05
11101	6.41532185089718e-05
11117	4.590642794637031e-05
11145	5.566153979258774e-05
11167	5.148077757278027e-05
11236	5.3710517423344255e-05
11248	0.00011351043519359228
8121	0.00026295920830712773
8168	0.00026295920830712773
8919	4.590642794637031e-05
8920	8.492687533124002e-05
8997	4.590642794637031e-05
8998	8.492687533124002e-05
9655	4.590642794637031e-05
9656	8.492687533124002e-05
9819	4.590642794637031e-05
9820	8.492687533124002e-05
9967	0.00026295920830712773
10212	4.590642794637031e-05
10213	8.492687533124002e-05
10524	0.00026295920830712773
10713	0.00026295920830712773
10846	4.590642794637031e-05
10847	8.492687533124002e-05
10897	4.590642794637031e-05
10898	8.492687533124002e-05
