16320	0.00282333960742135
36848	0.0037644528098951333
36849	0.0010755579456843238
4962	0.00026888948642108095
36850	0.0010755579456843238
33279	0.00026888948642108095
36851	0.0018822264049475667
4658	0.007260016133369186
31277	0.00026888948642108095
36852	0.0013444474321054048
36853	0.00026888948642108095
1010	0.0005377789728421619
36854	0.0005377789728421619
17753	0.00026888948642108095
36855	0.0008066684592632429
2747	0.0008066684592632429
36856	0.00013444474321054048
29690	0.00013444474321054048
36857	0.0005377789728421619
35807	0.00026888948642108095
36858	0.0026888948642108095
7704	0.015730034955633236
36859	0.0010755579456843238
17882	0.00026888948642108095
36860	0.00820112933584297
495	0.5658779241731657
36861	0.0005377789728421619
25040	0.00026888948642108095
11251	0.0010755579456843238
36862	0.0034955633234740524
36863	0.00040333422963162143
2258	0.0012100026888948643
36864	0.0034955633234740524
462	0.03401452003226674
36865	0.0008066684592632429
466	0.0013444474321054048
36866	0.004302231782737295
702	0.06453347674105943
18711	0.00013444474321054048
36867	0.00013444474321054048
36868	0.00026888948642108095
2608	0.0010755579456843238
36869	0.00026888948642108095
32589	0.0005377789728421619
29805	0.00026888948642108095
36870	0.0016133369185264857
36871	0.00013444474321054048
33392	0.00013444474321054048
36872	0.0005377789728421619
9629	0.00026888948642108095
36873	0.00013444474321054048
3171	0.00013444474321054048
36874	0.005243344985211078
36875	0.00026888948642108095
15229	0.0005377789728421619
36876	0.00040333422963162143
30798	0.0012100026888948643
36877	0.002016671148158107
36878	0.0024200053777897286
36879	0.0005377789728421619
7666	0.00026888948642108095
36880	0.007797795106211348
1181	0.18822264049475668
36881	0.015057811239580533
11709	0.0008066684592632429
36882	0.00013444474321054048
14930	0.00013444474321054048
17372	0.00026888948642108095
36883	0.0016133369185264857
36884	0.0021511158913686476
36813	0.00026888948642108095
36885	0.00013444474321054048
2328	0.00013444474321054048
36886	0.0005377789728421619
8626	0.00026888948642108095
22912	0.00013444474321054048
36887	0.00013444474321054048
36888	0.00026888948642108095
36889	0.0005377789728421619
36890	0.0021511158913686476
3872	0.0032266738370529714
36891	0.0012100026888948643
8888	0.00040333422963162143
6231	0.00026888948642108095
36892	0.0008066684592632429
18707	0.0005377789728421619
36893	0.0026888948642108095
36894	0.0005377789728421619
20568	0.00026888948642108095
36895	0.0012100026888948643
18389	0.00040333422963162143
36896	0.0005377789728421619
26504	0.00026888948642108095
36897	0.00013444474321054048
10209	0.00013444474321054048
36898	0.0005377789728421619
8286	0.0026888948642108095
36899	0.00013444474321054048
7261	0.00013444474321054048
36900	0.0005377789728421619
20829	0.00026888948642108095
21784	0.00026888948642108095
36901	0.0032266738370529714
36902	0.028233396074213497
16824	0.0006722237160527024
36903	0.00013444474321054048
7679	0.00013444474321054048
3810	0.00040333422963162143
36904	0.0012100026888948643
36905	0.00013444474321054048
19832	0.00013444474321054048
36906	0.0013444474321054048
1410	0.013444474321054048
36907	0.0008066684592632429
10989	0.00026888948642108095
36908	0.004571121269158376
731	0.04544232320516268
1997	0.00026888948642108095
36909	0.0005377789728421619
1316	0.00013444474321054048
36910	0.00013444474321054048
3689	0.00013444474321054048
36911	0.00013444474321054048
36912	0.0013444474321054048
109	0.0032266738370529714
36913	0.00026888948642108095
36914	0.0005377789728421619
36915	0.0024200053777897286
1988	0.010755579456843238
36916	0.00013444474321054048
24809	0.00013444474321054048
36917	0.0008066684592632429
2110	0.0013444474321054048
10489	0.0008066684592632429
36918	0.012100026888948642
36919	0.0010755579456843238
11581	0.0013444474321054048
36920	0.00026888948642108095
36921	0.0021511158913686476
36922	0.00013444474321054048
35539	0.00013444474321054048
36923	0.0005377789728421619
1465	0.00026888948642108095
4183	0.00026888948642108095
36924	0.0005377789728421619
36925	0.012368916375369722
211	0.4798332885184192
1222	0.01398225329389621
36926	0.0026888948642108095
36927	0.00013444474321054048
9726	0.00013444474321054048
36928	0.0016133369185264857
4239	0.00040333422963162143
36929	0.0005377789728421619
3318	0.00026888948642108095
36930	0.0021511158913686476
7068	0.0005377789728421619
36931	0.003092229093842431
1367	0.07730572734606077
36932	0.00026888948642108095
4013	0.0005377789728421619
36933	0.012368916375369724
36934	0.004571121269158376
36935	0.0032266738370529714
1921	0.004033342296316214
36936	0.0005377789728421619
25523	0.00026888948642108095
36937	0.0018822264049475667
24459	0.0008066684592632429
36938	0.0005377789728421619
17838	0.0021511158913686476
36939	0.0032266738370529714
248	0.007528905619790267
36940	0.014788921753159451
25259	0.00026888948642108095
27783	0.00026888948642108095
36941	0.0008066684592632429
31157	0.00040333422963162143
36942	0.0016133369185264857
12313	0.00026888948642108095
36943	0.0029577843506318905
36944	0.0008066684592632429
7307	0.00026888948642108095
15515	0.005377789728421619
36945	0.0021511158913686476
36946	0.00040333422963162143
6737	0.002016671148158107
36947	0.0008066684592632429
20948	0.0010755579456843238
34901	0.00013444474321054048
36948	0.00013444474321054048
292	0.0037644528098951333
36949	0.0016133369185264857
36950	0.00013444474321054048
2980	0.00013444474321054048
32744	0.00040333422963162143
36951	0.0012100026888948643
36952	0.0012100026888948643
2354	0.012100026888948644
36953	0.00026888948642108095
3314	0.0008066684592632429
36954	0.00013444474321054048
1358	0.00013444474321054048
36955	0.00026888948642108095
18565	0.0005377789728421619
459	0.00026888948642108095
36956	0.0005377789728421619
36957	0.0013444474321054048
5027	0.00026888948642108095
11411	0.00013444474321054048
36958	0.00013444474321054048
36959	0.0008066684592632429
1435	0.0056466792148427
36960	0.002016671148158107
10523	0.0016133369185264857
36961	0.0005377789728421619
17177	0.00026888948642108095
36962	0.00040333422963162143
4832	0.0012100026888948643
36963	0.0008066684592632429
1607	0.0008066684592632429
36964	0.00026888948642108095
806	0.0005377789728421619
36965	0.00820112933584297
36966	0.0005377789728421619
21044	0.00026888948642108095
36967	0.0008066684592632429
28885	0.00026888948642108095
21468	0.00026888948642108095
36968	0.004840010755579457
36969	0.0008066684592632429
3784	0.006453347674105943
24677	0.00013444474321054048
36970	0.00013444474321054048
36971	0.004974455498789998
225	0.29349287442861
36972	0.0009411132024737833
5984	0.007528905619790267
36973	0.00040333422963162143
2906	0.0012100026888948643
36974	0.00013444474321054048
16357	0.00013444474321054048
1866	0.00040333422963162143
36975	0.0076633503630008076
36976	0.00026888948642108095
5618	0.0005377789728421619
7514	0.005377789728421619
36977	0.00282333960742135
36978	0.0016133369185264857
3331	0.020973379940844313
3202	0.00026888948642108095
36979	0.0005377789728421619
36980	0.010217800484001078
10800	0.00026888948642108095
36981	0.0010755579456843238
900	0.010755579456843238
36982	0.0018822264049475667
2452	0.026351169669265935
36983	0.0008066684592632429
1801	0.0010755579456843238
36984	0.0008066684592632429
3200	0.0010755579456843238
36985	0.00026888948642108095
2900	0.0005377789728421619
428	0.5590212422694281
36986	0.015864479698843775
36987	0.0013444474321054048
26373	0.00026888948642108095
36988	0.0010755579456843238
3740	0.0008066684592632429
36989	0.00026888948642108095
12628	0.0005377789728421619
36990	0.006453347674105943
11493	0.00040333422963162143
15919	0.00013444474321054048
36991	0.00013444474321054048
36992	0.0012100026888948643
3540	0.012100026888948644
36993	0.010217800484001076
423	0.16079591287980638
36994	0.00013444474321054048
18879	0.00013444474321054048
36995	0.0008066684592632429
11636	0.00026888948642108095
36996	0.0010755579456843238
14143	0.00860446356547459
32222	0.00026888948642108095
36997	0.0005377789728421619
13288	0.0010755579456843238
36998	0.0016133369185264857
36999	0.0016133369185264857
34062	0.00040333422963162143
37000	0.00040333422963162143
1350	0.0012100026888948643
37001	0.0014788921753159452
2137	0.017746706103791345
37002	0.00013444474321054048
27631	0.00013444474321054048
37003	0.0008066684592632429
4094	0.0010755579456843238
37004	0.0005377789728421619
29069	0.00026888948642108095
37005	0.002554450121000269
255	0.05108900242000538
37006	0.00013444474321054048
1624	0.00013444474321054048
37007	0.00013444474321054048
16193	0.00013444474321054048
37008	0.00013444474321054048
3634	0.00013444474321054048
37009	0.0016133369185264857
28666	0.00040333422963162143
37010	0.0024200053777897286
37011	0.00013444474321054048
32213	0.00013444474321054048
37012	0.0005377789728421619
16796	0.00026888948642108095
37013	0.010890024200053779
698	0.15125033611185804
37014	0.00026888948642108095
37015	0.0005377789728421619
35098	0.00026888948642108095
37016	0.0024200053777897286
37017	0.0005377789728421619
110	0.00026888948642108095
37018	0.0024200053777897286
37019	0.00026888948642108095
11922	0.0005377789728421619
37020	0.0008066684592632429
6868	0.00026888948642108095
37021	0.0005377789728421619
32597	0.0021511158913686476
37022	0.0005377789728421619
5353	0.00026888948642108095
6111	0.0032266738370529714
37023	0.0005377789728421619
37024	0.0008066684592632429
4568	0.0008066684592632429
37025	0.00013444474321054048
3361	0.00013444474321054048
37026	0.0009411132024737833
860	0.006587792417316484
166	0.07058349018553374
37027	0.010217800484001076
37028	0.0008066684592632429
17375	0.00026888948642108095
8650	0.008066684592632429
37029	0.0021511158913686476
37030	0.002016671148158107
24612	0.00040333422963162143
37031	0.0008066684592632429
15688	0.004840010755579457
37032	0.0005377789728421619
24571	0.00026888948642108095
37033	0.00013444474321054048
2562	0.00013444474321054048
37034	0.00026888948642108095
16468	0.0005377789728421619
37035	0.0005377789728421619
7263	0.00026888948642108095
37036	0.00013444474321054048
33746	0.00013444474321054048
37037	0.00026888948642108095
37038	0.0005377789728421619
37039	0.0010755579456843238
4625	0.0010755579456843238
37040	0.00013444474321054048
13223	0.00013444474321054048
37041	0.0009411132024737833
37042	0.00013444474321054048
8136	0.00013444474321054048
37043	0.0008066684592632429
13207	0.00026888948642108095
37044	0.002016671148158107
2425	0.030250067222371606
37045	0.00013444474321054048
18570	0.00013444474321054048
37046	0.0005377789728421619
922	0.0037644528098951333
1531	0.00013444474321054048
37047	0.00013444474321054048
37048	0.010217800484001076
37049	0.00026888948642108095
10372	0.0005377789728421619
36342	0.00040333422963162143
37050	0.006856681903737564
37051	0.0010755579456843238
29245	0.00026888948642108095
37052	0.0012100026888948643
10069	0.00040333422963162143
37053	0.00013444474321054048
20556	0.00013444474321054048
37054	0.01667114815810702
32457	0.00026888948642108095
37055	0.0010755579456843238
2531	0.0024200053777897286
33512	0.00026888948642108095
37056	0.0005377789728421619
37057	0.00040333422963162143
5084	0.0012100026888948643
37058	0.006991126646948105
25809	0.0005377789728421619
37059	0.00013444474321054048
37060	0.00013444474321054048
2639	0.0024200053777897286
37061	0.008335574079053509
37062	0.0008066684592632429
1194	0.00026888948642108095
7070	0.0008066684592632429
37063	0.0013444474321054048
37064	0.00013444474321054048
21168	0.00013444474321054048
37065	0.00026888948642108095
23808	0.0005377789728421619
37066	0.0010755579456843238
21747	0.00026888948642108095
13172	0.00026888948642108095
37067	0.0005377789728421619
4048	0.00040333422963162143
37068	0.01936004302231783
37069	0.016133369185264857
37070	0.0005377789728421619
30334	0.00026888948642108095
9619	0.00040333422963162143
37071	0.004436676525947836
37072	0.00013444474321054048
35666	0.00013444474321054048
37073	0.0008066684592632429
2570	0.0016133369185264857
37074	0.00013444474321054048
6211	0.00013444474321054048
37075	0.0006722237160527024
4585	0.004705566012368916
37076	0.0012100026888948643
14576	0.00040333422963162143
14991	0.00040333422963162143
37077	0.0016133369185264857
37078	0.00026888948642108095
17646	0.0005377789728421619
34685	0.00013444474321054048
37079	0.00013444474321054048
6649	0.00026888948642108095
37080	0.0008066684592632429
37081	0.0010755579456843238
6297	0.0010755579456843238
37082	0.00013444474321054048
12128	0.00013444474321054048
37083	0.002016671148158107
7611	0.032266738370529714
37084	0.00013444474321054048
5127	0.00013444474321054048
37085	0.00026888948642108095
7109	0.0008066684592632429
37086	0.0005377789728421619
14918	0.00026888948642108095
37087	0.00040333422963162143
1958	0.0012100026888948643
33790	0.00026888948642108095
37088	0.0005377789728421619
13080	0.00013444474321054048
37089	0.00013444474321054048
37090	0.0010755579456843238
4901	0.0010755579456843238
37091	0.00013444474321054048
16763	0.00013444474321054048
37092	0.00040333422963162143
192	0.0012100026888948643
37093	0.007528905619790267
2015	0.018822264049475665
37094	0.0032266738370529714
3855	0.018284485076633505
37095	0.0009411132024737833
279	0.007528905619790267
1648	0.002016671148158107
37096	0.012368916375369722
37097	0.0018822264049475667
6559	0.006453347674105943
37098	0.00013444474321054048
26120	0.00013444474321054048
3770	0.00026888948642108095
37099	0.006991126646948105
4536	0.0016133369185264857
37100	0.0032266738370529714
37101	0.0005377789728421619
13923	0.00026888948642108095
37102	0.00013444474321054048
14110	0.00013444474321054048
4237	0.00026888948642108095
37103	0.0005377789728421619
37104	0.00026888948642108095
24956	0.0005377789728421619
19572	0.00026888948642108095
37105	0.0010755579456843238
37106	0.0005377789728421619
27508	0.00026888948642108095
16489	0.00026888948642108095
37107	0.0005377789728421619
12370	0.00026888948642108095
37108	0.0005377789728421619
37109	0.00013444474321054048
21503	0.00013444474321054048
37110	0.00013444474321054048
13487	0.00013444474321054048
37111	0.0016133369185264857
37112	0.0016133369185264857
37113	0.015326700726001615
22565	0.0016133369185264857
37114	0.0013444474321054048
2560	0.0026888948642108095
28113	0.00013444474321054048
37115	0.00013444474321054048
37116	0.0010755579456843238
895	0.00026888948642108095
37117	0.0005377789728421619
20745	0.00026888948642108095
37118	0.012368916375369722
15211	0.00013444474321054048
37119	0.00013444474321054048
37120	0.0005377789728421619
7885	0.00026888948642108095
37121	0.006050013444474322
37122	0.0008066684592632429
1466	0.0056466792148427
37123	0.002016671148158107
37124	0.00013444474321054048
3619	0.00013444474321054048
37125	0.0034955633234740524
1842	0.02581339069642377
3721	0.00026888948642108095
37126	0.004571121269158376
11003	0.00026888948642108095
37127	0.0018822264049475667
37128	0.00013444474321054048
28869	0.00013444474321054048
843	0.002016671148158107
37129	0.012368916375369722
10742	0.00040333422963162143
37130	0.004033342296316214
21297	0.00013444474321054048
37131	0.00013444474321054048
1611	0.00026888948642108095
37132	0.0005377789728421619
23619	0.00026888948642108095
37133	0.007797795106211348
37134	0.00013444474321054048
16203	0.00013444474321054048
37135	0.00013444474321054048
22257	0.00013444474321054048
37136	0.0016133369185264857
22175	0.00040333422963162143
37137	0.010217800484001078
37138	0.0008066684592632429
28196	0.00026888948642108095
1092	0.00026888948642108095
37139	0.0021511158913686476
37140	0.003092229093842431
11466	0.004840010755579457
37141	0.0056466792148427
37142	0.0010755579456843238
13858	0.00026888948642108095
5056	0.00026888948642108095
37143	0.0005377789728421619
37144	0.010217800484001078
37145	0.00013444474321054048
30993	0.00013444474321054048
37146	0.0005377789728421619
1484	0.0032266738370529714
37147	0.00013444474321054048
5181	0.00013444474321054048
9214	0.00026888948642108095
37148	0.0008066684592632429
37149	0.00040333422963162143
1995	0.0012100026888948643
37150	0.0021511158913686476
14535	0.00026888948642108095
37151	0.00013444474321054048
1283	0.00013444474321054048
37152	0.00013444474321054048
27405	0.00013444474321054048
37153	0.00013444474321054048
28964	0.00013444474321054048
37154	0.00013444474321054048
4327	0.00013444474321054048
37155	0.00013444474321054048
2273	0.00013444474321054048
37156	0.00013444474321054048
17786	0.00013444474321054048
34392	0.0010755579456843238
37157	0.0010755579456843238
37158	0.00040333422963162143
11281	0.0012100026888948643
37159	0.0008066684592632429
22961	0.00026888948642108095
37160	0.0005377789728421619
14399	0.00026888948642108095
37161	0.0010755579456843238
761	0.0008066684592632429
37162	0.00026888948642108095
32663	0.0005377789728421619
31575	0.00026888948642108095
37163	0.0010755579456843238
37164	0.00026888948642108095
37165	0.00013444474321054048
17970	0.00013444474321054048
37166	0.00013444474321054048
26824	0.00013444474321054048
37167	0.0005377789728421619
7414	0.00026888948642108095
37168	0.00040333422963162143
37169	0.0012100026888948643
37170	0.00013444474321054048
37171	0.00013444474321054048
37172	0.0021511158913686476
1165	0.0112933584296854
37173	0.0005377789728421619
9921	0.00026888948642108095
37174	0.0008066684592632429
63	0.00026888948642108095
37175	0.00013444474321054048
18974	0.00013444474321054048
37176	0.0005377789728421619
14679	0.00026888948642108095
37177	0.00013444474321054048
32115	0.00013444474321054048
37178	0.0010755579456843238
17386	0.0016133369185264857
37179	0.0010755579456843238
14058	0.0016133369185264857
37180	0.0008066684592632429
22012	0.0008066684592632429
37181	0.00040333422963162143
10721	0.0012100026888948643
37182	0.0032266738370529714
3503	0.013310029577843507
37183	0.0010755579456843238
7712	0.0010755579456843238
37184	0.00282333960742135
16485	0.0013444474321054048
18809	0.0005377789728421619
37185	0.0021511158913686476
18800	0.00013444474321054048
37186	0.00013444474321054048
13987	0.00026888948642108095
37187	0.0005377789728421619
8353	0.002016671148158107
37188	0.00040333422963162143
37189	0.0005377789728421619
3409	0.00026888948642108095
37190	0.012100026888948642
37191	0.0024200053777897286
3861	0.004302231782737295
37192	0.00013444474321054048
28301	0.00013444474321054048
37193	0.0016133369185264857
2567	0.00040333422963162143
1257	0.00026888948642108095
37194	0.0005377789728421619
37195	0.00013444474321054048
34756	0.00013444474321054048
37196	0.015057811239580533
37197	0.0010755579456843238
37198	0.00026888948642108095
33789	0.0005377789728421619
37199	0.004033342296316214
37200	0.0005377789728421619
28041	0.00026888948642108095
37201	0.00040333422963162143
3031	0.0012100026888948643
37202	0.0013444474321054048
18509	0.0010755579456843238
21493	0.00040333422963162143
37203	0.0012100026888948643
37204	0.0006722237160527024
251	0.003361118580263512
37205	0.0013444474321054048
1600	0.0024200053777897286
37206	0.00040333422963162143
37207	0.00013444474321054048
1227	0.00013444474321054048
764	0.00026888948642108095
37208	0.0008066684592632429
37209	0.0005377789728421619
19099	0.0021511158913686476
37210	0.00026888948642108095
31924	0.0008066684592632429
37211	0.0012100026888948643
10025	0.00040333422963162143
37212	0.0005377789728421619
5296	0.00026888948642108095
37213	0.00013444474321054048
25295	0.00013444474321054048
37214	0.0016133369185264857
37215	0.00013444474321054048
883	0.00013444474321054048
37216	0.0005377789728421619
3121	0.00026888948642108095
37217	0.0016133369185264857
37218	0.00013444474321054048
23595	0.00013444474321054048
37219	0.00026888948642108095
2370	0.0005377789728421619
20757	0.00026888948642108095
37220	0.0008066684592632429
37221	0.0005377789728421619
12460	0.00026888948642108095
37222	0.0010755579456843238
37223	0.004033342296316214
37224	0.0005377789728421619
36324	0.00026888948642108095
37225	0.0008066684592632429
36369	0.00026888948642108095
37226	0.0008066684592632429
415	0.0056466792148427
37227	0.0009411132024737833
1739	0.00026888948642108095
37228	0.0005377789728421619
37229	0.004974455498789998
37230	0.00026888948642108095
10399	0.0005377789728421619
37231	0.00013444474321054048
16110	0.00013444474321054048
6680	0.00026888948642108095
37232	0.0010755579456843238
28796	0.00026888948642108095
37233	0.0008066684592632429
37234	0.0021511158913686476
6656	0.010352245227211617
37235	0.00013444474321054048
8182	0.00013444474321054048
37236	0.00013444474321054048
8274	0.00013444474321054048
37237	0.0005377789728421619
20290	0.00026888948642108095
37238	0.014788921753159451
37239	0.00013444474321054048
9580	0.00013444474321054048
37240	0.00013444474321054048
6765	0.00013444474321054048
37241	0.00013444474321054048
8421	0.00013444474321054048
37242	0.002285560634579188
1775	0.06856681903737565
37243	0.0005377789728421619
26898	0.00026888948642108095
37244	0.00026888948642108095
3611	0.0005377789728421619
37245	0.0032266738370529714
3207	0.02554450121000269
37246	0.0005377789728421619
8163	0.00026888948642108095
37247	0.0008066684592632429
2710	0.0010755579456843238
51	0.00026888948642108095
37248	0.005377789728421619
1874	0.00013444474321054048
37249	0.00013444474321054048
37250	0.00040333422963162143
16668	0.0012100026888948643
37251	0.00013444474321054048
29570	0.00013444474321054048
5282	0.0010755579456843238
37252	0.0010755579456843238
37253	0.00026888948642108095
30507	0.0008066684592632429
37254	0.00026888948642108095
21787	0.0008066684592632429
37255	0.003630008066684593
4301	0.0008066684592632429
37256	0.00026888948642108095
6122	0.01411669803710675
37257	0.0029577843506318905
37258	0.00013444474321054048
32209	0.00013444474321054048
37259	0.004974455498789998
37260	0.00026888948642108095
37261	0.0021511158913686476
8190	0.0005377789728421619
37262	0.002016671148158107
30117	0.002016671148158107
37263	0.00013444474321054048
32456	0.00013444474321054048
37264	0.014788921753159451
504	0.00026888948642108095
37265	0.0008066684592632429
14468	0.00026888948642108095
6492	0.0005377789728421619
37266	0.004302231782737295
37267	0.0008066684592632429
11074	0.0010755579456843238
37268	0.00013444474321054048
26448	0.00013444474321054048
37269	0.0016133369185264857
13355	0.00040333422963162143
1264	0.005377789728421619
37270	0.0016133369185264857
37271	0.003361118580263512
37272	0.00013444474321054048
13865	0.00013444474321054048
37273	0.0018822264049475667
37274	0.00013444474321054048
3983	0.00013444474321054048
37275	0.0010755579456843238
37276	0.006991126646948105
37277	0.00013444474321054048
2326	0.00013444474321054048
37278	0.010890024200053779
34460	0.00040333422963162143
37279	0.00026888948642108095
6498	0.0005377789728421619
37280	0.0008066684592632429
28607	0.0008066684592632429
37281	0.0008066684592632429
4145	0.0008066684592632429
37282	0.0008066684592632429
37283	0.00026888948642108095
7437	0.0005377789728421619
37284	0.004302231782737295
30755	0.0005377789728421619
37285	0.0021511158913686476
691	0.00282333960742135
37286	0.00040333422963162143
13214	0.0012100026888948643
17626	0.00013444474321054048
37287	0.00013444474321054048
37288	0.0005377789728421619
37289	0.007797795106211348
37290	0.00013444474321054048
11778	0.00013444474321054048
37291	0.00040333422963162143
5583	0.002016671148158107
33060	0.00026888948642108095
37292	0.0005377789728421619
37293	0.00013444474321054048
13116	0.00013444474321054048
37294	0.005377789728421619
14481	0.0005377789728421619
37295	0.0005377789728421619
10527	0.00026888948642108095
37296	0.00013444474321054048
7898	0.00013444474321054048
37297	0.0013444474321054048
37298	0.0009411132024737833
1310	0.00847001882226405
17450	0.00026888948642108095
37299	0.0013444474321054048
37300	0.00040333422963162143
37301	0.0012100026888948643
252	0.00040333422963162143
9094	0.00040333422963162143
37302	0.0056466792148427
37303	0.00013444474321054048
6229	0.00013444474321054048
37304	0.0032266738370529714
37305	0.0005377789728421619
12437	0.00026888948642108095
37306	0.0009411132024737833
37307	0.00040333422963162143
3281	0.0016133369185264857
37308	0.0005377789728421619
19741	0.00026888948642108095
37309	0.0012100026888948643
3105	0.00040333422963162143
4841	0.002016671148158107
37310	0.005108900242000538
37311	0.00013444474321054048
5356	0.00013444474321054048
37312	0.00282333960742135
1298	0.008738908308685131
37313	0.0005377789728421619
26620	0.00026888948642108095
37314	0.0008066684592632429
1453	0.00026888948642108095
37315	0.00026888948642108095
16052	0.0005377789728421619
37316	0.0009411132024737833
37317	0.0010755579456843238
9632	0.00026888948642108095
37318	0.0012100026888948643
37319	0.00013444474321054048
25052	0.00013444474321054048
37320	0.00013444474321054048
9579	0.00013444474321054048
37321	0.0016133369185264857
21279	0.00040333422963162143
37322	0.00013444474321054048
2860	0.00013444474321054048
37323	0.00026888948642108095
22915	0.0005377789728421619
37324	0.00013444474321054048
18995	0.00013444474321054048
37325	0.00040333422963162143
2631	0.0016133369185264857
37326	0.0008066684592632429
13240	0.0013444474321054048
37327	0.0006722237160527024
19533	0.004705566012368916
37328	0.00026888948642108095
37329	0.0005377789728421619
37330	0.00040333422963162143
4409	0.0012100026888948643
799	0.00040333422963162143
37331	0.0012100026888948643
37332	0.0018822264049475667
949	0.009680021511158914
20972	0.00026888948642108095
37333	0.0008066684592632429
37334	0.00026888948642108095
23103	0.0005377789728421619
16241	0.0010755579456843238
37335	0.004033342296316214
8411	0.00013444474321054048
37336	0.00013444474321054048
37337	0.00026888948642108095
35843	0.00026888948642108095
37338	0.0005377789728421619
37339	0.0005377789728421619
8528	0.0037644528098951333
37340	0.00013444474321054048
3313	0.00013444474321054048
37341	0.00013444474321054048
72	0.00013444474321054048
37342	0.00013444474321054048
324	0.00013444474321054048
37343	0.004974455498789998
37344	0.00026888948642108095
4903	0.0010755579456843238
37345	0.00013444474321054048
6054	0.00013444474321054048
1901	0.0021511158913686476
37346	0.0032266738370529714
37347	0.0029577843506318905
37348	0.00013444474321054048
4403	0.00013444474321054048
37349	0.00040333422963162143
3186	0.0016133369185264857
37350	0.0005377789728421619
409	0.00026888948642108095
37351	0.0008066684592632429
35053	0.00026888948642108095
37352	0.0013444474321054048
4819	0.00026888948642108095
37353	0.007260016133369186
37354	0.010217800484001078
37355	0.0005377789728421619
19252	0.00026888948642108095
37356	0.005377789728421619
28579	0.0005377789728421619
37357	0.00040333422963162143
37358	0.0012100026888948643
37359	0.0005377789728421619
20790	0.00026888948642108095
37360	0.016133369185264857
37361	0.008335574079053509
37362	0.00013444474321054048
7416	0.00013444474321054048
37363	0.0010755579456843238
1219	0.0024200053777897286
37364	0.0009411132024737833
37365	0.0010755579456843238
328	0.0010755579456843238
37366	0.0008066684592632429
469	0.00026888948642108095
37367	0.0012100026888948643
1214	0.014520032266738371
37368	0.00013444474321054048
3518	0.00013444474321054048
10529	0.00013444474321054048
37369	0.00013444474321054048
37370	0.00026888948642108095
2446	0.0005377789728421619
37371	0.00013444474321054048
6844	0.00013444474321054048
19663	0.00026888948642108095
37372	0.0005377789728421619
37373	0.0005377789728421619
28192	0.00026888948642108095
37374	0.0010755579456843238
3906	0.002016671148158107
37375	0.0013444474321054048
37376	0.0008066684592632429
32673	0.00026888948642108095
37377	0.0005377789728421619
37378	0.0005377789728421619
16474	0.00026888948642108095
37379	0.00013444474321054048
2119	0.00013444474321054048
37380	0.00026888948642108095
3735	0.0005377789728421619
37381	0.00013444474321054048
7310	0.00013444474321054048
5095	0.00026888948642108095
37382	0.0005377789728421619
37383	0.00013444474321054048
15287	0.00013444474321054048
37384	0.0008066684592632429
37385	0.00040333422963162143
37386	0.003630008066684593
37387	0.00013444474321054048
6249	0.00013444474321054048
1520	0.00026888948642108095
37388	0.0005377789728421619
37389	0.0021511158913686476
29928	0.00026888948642108095
37390	0.00013444474321054048
30843	0.00013444474321054048
32311	0.00026888948642108095
37391	0.0026888948642108095
37392	0.01667114815810702
5104	0.00026888948642108095
37393	0.0006722237160527024
3089	0.003361118580263512
37394	0.0013444474321054048
2122	0.0032266738370529714
37395	0.00013444474321054048
9059	0.00013444474321054048
14854	0.00026888948642108095
37396	0.0008066684592632429
37397	0.014788921753159451
37398	0.0016133369185264857
16003	0.0013444474321054048
19914	0.00026888948642108095
37399	0.0010755579456843238
37400	0.0005377789728421619
2025	0.0037644528098951333
37401	0.00013444474321054048
707	0.00013444474321054048
37402	0.00013444474321054048
13957	0.00013444474321054048
37403	0.00026888948642108095
37404	0.0008066684592632429
20031	0.00013444474321054048
37405	0.00013444474321054048
37406	0.00026888948642108095
361	0.0005377789728421619
31601	0.00026888948642108095
37407	0.0005377789728421619
37408	0.0012100026888948643
37409	0.0009411132024737833
37410	0.0005377789728421619
10615	0.0021511158913686476
37411	0.0005377789728421619
9324	0.0021511158913686476
37412	0.00040333422963162143
8571	0.00026888948642108095
37413	0.0005377789728421619
37414	0.004974455498789998
37415	0.00026888948642108095
27090	0.0005377789728421619
37416	0.00013444474321054048
18667	0.00013444474321054048
37417	0.00013444474321054048
9575	0.00013444474321054048
37418	0.00013444474321054048
37419	0.00013444474321054048
37420	0.00013444474321054048
32258	0.00013444474321054048
37421	0.010217800484001078
1569	0.00026888948642108095
37422	0.00026888948642108095
12095	0.0005377789728421619
37423	0.00013444474321054048
3752	0.00013444474321054048
37424	0.012368916375369722
37425	0.00013444474321054048
26605	0.00013444474321054048
37426	0.00013444474321054048
25389	0.00013444474321054048
37427	0.004302231782737295
37428	0.0005377789728421619
4004	0.0026888948642108095
37429	0.0005377789728421619
5701	0.00026888948642108095
15334	0.00026888948642108095
37430	0.0005377789728421619
37431	0.00026888948642108095
1585	0.0005377789728421619
37432	0.00013444474321054048
7886	0.00013444474321054048
37433	0.00013444474321054048
16625	0.00013444474321054048
21135	0.00026888948642108095
37434	0.011831137402527562
37435	0.00026888948642108095
4283	0.0005377789728421619
37436	0.0005377789728421619
4226	0.00026888948642108095
37437	0.00040333422963162143
3992	0.0016133369185264857
37438	0.007260016133369186
37439	0.00013444474321054048
12764	0.00013444474321054048
37440	0.0016133369185264857
5120	0.006722237160527024
20892	0.00013444474321054048
37441	0.00013444474321054048
37442	0.002016671148158107
37443	0.0016133369185264857
30157	0.00026888948642108095
37444	0.0008066684592632429
37445	0.00040333422963162143
1577	0.0012100026888948643
2019	0.00026888948642108095
37446	0.0005377789728421619
37447	0.0005377789728421619
2133	0.00026888948642108095
37448	0.0005377789728421619
4009	0.0026888948642108095
23389	0.0008066684592632429
37449	0.0010755579456843238
37450	0.0010755579456843238
7822	0.002016671148158107
37451	0.00013444474321054048
3277	0.00013444474321054048
37452	0.0005377789728421619
24870	0.00026888948642108095
37453	0.0010755579456843238
13075	0.0010755579456843238
37454	0.00026888948642108095
34531	0.0005377789728421619
19579	0.00026888948642108095
37455	0.004571121269158376
37456	0.00013444474321054048
14318	0.00013444474321054048
37457	0.0010755579456843238
3885	0.0024200053777897286
37458	0.00026888948642108095
22120	0.0008066684592632429
37459	0.0012100026888948643
11016	0.00040333422963162143
37460	0.002554450121000269
23458	0.00026888948642108095
37461	0.007797795106211348
37462	0.00026888948642108095
11631	0.0005377789728421619
37463	0.0006722237160527024
1427	0.004033342296316214
37464	0.010217800484001078
3738	0.00026888948642108095
37465	0.011831137402527562
37466	0.0026888948642108095
1221	0.01936004302231783
37467	0.0032266738370529714
33028	0.00040333422963162143
37468	0.0005377789728421619
9510	0.0026888948642108095
37469	0.0005377789728421619
987	0.00026888948642108095
20453	0.00026888948642108095
37470	0.0016133369185264857
37471	0.00013444474321054048
13506	0.00013444474321054048
37472	0.0012100026888948643
11564	0.00040333422963162143
37473	0.0008066684592632429
37474	0.0008066684592632429
37475	0.00013444474321054048
12997	0.00013444474321054048
37476	0.00026888948642108095
1683	0.0005377789728421619
37477	0.00013444474321054048
21562	0.00013444474321054048
37478	0.012772250605001345
333	0.0006722237160527024
37479	0.00040333422963162143
9165	0.0012100026888948643
37480	0.00013444474321054048
30546	0.00013444474321054048
37481	0.00040333422963162143
1782	0.0012100026888948643
37482	0.00013444474321054048
5062	0.00013444474321054048
37483	0.0016133369185264857
34445	0.00026888948642108095
22611	0.00040333422963162143
37484	0.003630008066684593
31391	0.00026888948642108095
37485	0.007797795106211348
37486	0.02500672223716053
37487	0.0005377789728421619
14708	0.00026888948642108095
37488	0.0005377789728421619
10048	0.0021511158913686476
37489	0.0008066684592632429
4974	0.0008066684592632429
37490	0.002554450121000269
37491	0.00013444474321054048
20520	0.00013444474321054048
5651	0.00026888948642108095
37492	0.0005377789728421619
37493	0.0013444474321054048
353	0.024200053777897287
37494	0.0018822264049475667
33215	0.00026888948642108095
37495	0.004840010755579457
37496	0.0024200053777897286
1053	0.013175584834632968
37497	0.0005377789728421619
13529	0.0026888948642108095
37498	0.0008066684592632429
7973	0.0010755579456843238
37499	0.00026888948642108095
835	0.0005377789728421619
37500	0.0005377789728421619
24820	0.00026888948642108095
37501	0.00040333422963162143
12084	0.0016133369185264857
37502	0.00013444474321054048
36628	0.00013444474321054048
37503	0.00026888948642108095
14556	0.0005377789728421619
37504	0.00040333422963162143
37505	0.0012100026888948643
37506	0.0009411132024737833
37507	0.0034955633234740524
37508	0.0005377789728421619
14931	0.00026888948642108095
37509	0.0005377789728421619
14598	0.00026888948642108095
12405	0.00013444474321054048
37510	0.00013444474321054048
30456	0.00026888948642108095
37511	0.0008066684592632429
37512	0.0005377789728421619
28321	0.00026888948642108095
37513	0.0016133369185264857
9158	0.0013444474321054048
37514	0.014788921753159451
37515	0.0005377789728421619
37516	0.0008066684592632429
17986	0.00026888948642108095
37517	0.00847001882226405
32041	0.00013444474321054048
37518	0.00013444474321054048
37519	0.00013444474321054048
27403	0.00013444474321054048
37520	0.003092229093842431
37521	0.0008066684592632429
2987	0.004840010755579457
37522	0.0017477816617370262
1681	0.04719010486689971
37523	0.0005377789728421619
10413	0.0021511158913686476
26743	0.0005377789728421619
37524	0.00026888948642108095
37525	0.00013444474321054048
795	0.00013444474321054048
37526	0.0013444474321054048
37527	0.00013444474321054048
15077	0.00013444474321054048
37528	0.0005377789728421619
3090	0.00026888948642108095
37529	0.014788921753159451
37530	0.00013444474321054048
1064	0.00013444474321054048
37531	0.0021511158913686476
9040	0.0056466792148427
314	0.00013444474321054048
37532	0.00013444474321054048
23603	0.00040333422963162143
37533	0.0016133369185264857
37534	0.00026888948642108095
356	0.0008066684592632429
37535	0.0005377789728421619
29624	0.00026888948642108095
37536	0.0018822264049475667
12090	0.00026888948642108095
37537	0.0008066684592632429
37538	0.00013444474321054048
10580	0.00013444474321054048
37539	0.005243344985211078
24237	0.00040333422963162143
37540	0.00026888948642108095
16680	0.0008066684592632429
37541	0.0008066684592632429
37542	0.007260016133369186
17074	0.00026888948642108095
37543	0.0008066684592632429
37544	0.0008066684592632429
37545	0.00040333422963162143
711	0.0016133369185264857
37546	0.007797795106211348
36241	0.00013444474321054048
37547	0.00013444474321054048
37548	0.01667114815810702
37549	0.0006722237160527024
37550	0.0005377789728421619
30071	0.0032266738370529714
37551	0.004840010755579457
712	0.0016133369185264857
37552	0.00040333422963162143
1724	0.0024200053777897286
37553	0.0013444474321054048
37554	0.0021511158913686476
37555	0.0008066684592632429
11357	0.0010755579456843238
37556	0.002016671148158107
37557	0.0005377789728421619
36251	0.00026888948642108095
37558	0.00013444474321054048
18956	0.00013444474321054048
37559	0.0005377789728421619
5267	0.00026888948642108095
1418	0.0008066684592632429
37560	0.0008066684592632429
37561	0.00040333422963162143
26355	0.0012100026888948643
4385	0.0005377789728421619
37562	0.00026888948642108095
37563	0.00026888948642108095
34365	0.0005377789728421619
37564	0.00026888948642108095
7233	0.0005377789728421619
37565	0.0005377789728421619
6012	0.00026888948642108095
20875	0.00013444474321054048
37566	0.00013444474321054048
37567	0.0056466792148427
41	0.026620059155687013
37568	0.0024200053777897286
3722	0.01936004302231783
37569	0.00013444474321054048
15420	0.00013444474321054048
37570	0.002016671148158107
37571	0.0029577843506318905
37572	0.00013444474321054048
9725	0.00013444474321054048
37573	0.0024200053777897286
37574	0.00026888948642108095
770	0.0016133369185264857
37575	0.00040333422963162143
37576	0.00013444474321054048
32109	0.00013444474321054048
37577	0.0010755579456843238
37578	0.0012100026888948643
37579	0.0013444474321054048
5011	0.02016671148158107
37580	0.0012100026888948643
7095	0.00040333422963162143
37581	0.00026888948642108095
3553	0.0005377789728421619
37582	0.0026888948642108095
37583	0.005108900242000538
655	0.06883570852379672
37584	0.010486689970422156
37585	0.00013444474321054048
1170	0.00013444474321054048
37586	0.0024200053777897286
3398	0.002016671148158107
1999	0.00026888948642108095
37587	0.0005377789728421619
37588	0.002285560634579188
37589	0.00040333422963162143
4341	0.002016671148158107
37590	0.00013444474321054048
14645	0.00013444474321054048
37591	0.0005377789728421619
4415	0.00026888948642108095
25035	0.00040333422963162143
37592	0.0016133369185264857
37593	0.0018822264049475667
37594	0.00013444474321054048
548	0.00013444474321054048
22228	0.00026888948642108095
37595	0.007797795106211348
37596	0.00013444474321054048
18028	0.00013444474321054048
37597	0.00013444474321054048
14111	0.00013444474321054048
37598	0.007260016133369186
7810	0.0013444474321054048
37599	0.01976337725194945
5730	0.00026888948642108095
37600	0.0005377789728421619
37601	0.00013444474321054048
7178	0.00013444474321054048
28050	0.00026888948642108095
37602	0.0008066684592632429
10137	0.00026888948642108095
37603	0.0005377789728421619
37604	0.00013444474321054048
11242	0.00013444474321054048
37605	0.011831137402527562
37606	0.0018822264049475667
37607	0.004033342296316214
26080	0.00026888948642108095
37608	0.0005377789728421619
37609	0.0026888948642108095
37610	0.0005377789728421619
18677	0.00026888948642108095
37611	0.00013444474321054048
3887	0.00013444474321054048
37612	0.00040333422963162143
37613	0.0005377789728421619
12712	0.00026888948642108095
27075	0.00026888948642108095
37614	0.0008066684592632429
37615	0.0026888948642108095
2006	0.0169400376445281
33267	0.00040333422963162143
37616	0.003630008066684593
37617	0.011831137402527562
7926	0.00026888948642108095
37618	0.0018822264049475667
37619	0.007260016133369186
37620	0.0026888948642108095
37621	0.00013444474321054048
13161	0.00013444474321054048
37622	0.00026888948642108095
2496	0.0005377789728421619
31753	0.00040333422963162143
37623	0.0016133369185264857
37624	0.00013444474321054048
2561	0.00013444474321054048
37625	0.00013444474321054048
9153	0.00013444474321054048
37626	0.015730034955633236
37627	0.0005377789728421619
11716	0.00026888948642108095
10915	0.00013444474321054048
37628	0.00013444474321054048
23843	0.00026888948642108095
37629	0.0005377789728421619
37630	0.00013444474321054048
30903	0.00013444474321054048
37631	0.0013444474321054048
37632	0.00013444474321054048
20671	0.00013444474321054048
37633	0.0009411132024737833
14801	0.006587792417316484
37634	0.00013444474321054048
7753	0.00013444474321054048
37635	0.00013444474321054048
283	0.00013444474321054048
37636	0.0009411132024737833
37637	0.00013444474321054048
552	0.00013444474321054048
37638	0.0006722237160527024
3268	0.003361118580263512
37639	0.004840010755579457
37640	0.005108900242000538
1373	0.00026888948642108095
37641	0.0005377789728421619
20975	0.00026888948642108095
37642	0.0005377789728421619
37643	0.00013444474321054048
23188	0.00013444474321054048
7144	0.0032266738370529714
37644	0.012368916375369722
37645	0.00013444474321054048
9027	0.00013444474321054048
37646	0.00013444474321054048
7179	0.00013444474321054048
901	0.004302231782737295
37647	0.004571121269158376
37648	0.00013444474321054048
18123	0.00013444474321054048
178	0.00013444474321054048
37649	0.00013444474321054048
37650	0.0005377789728421619
24114	0.00026888948642108095
37651	0.00013444474321054048
476	0.00013444474321054048
37652	0.00013444474321054048
6295	0.00013444474321054048
37653	0.01573003495563324
8236	0.00040333422963162143
37654	0.0018822264049475667
37655	0.00026888948642108095
15141	0.00026888948642108095
37656	0.0005377789728421619
37657	0.0005377789728421619
13077	0.00026888948642108095
37658	0.00040333422963162143
37659	0.00013444474321054048
25440	0.00013444474321054048
37660	0.015057811239580533
4692	0.0010755579456843238
37661	0.00026888948642108095
7102	0.00040333422963162143
37662	0.0012100026888948643
37663	0.00026888948642108095
963	0.0005377789728421619
37664	0.0008066684592632429
33010	0.0010755579456843238
37665	0.01398225329389621
15455	0.00026888948642108095
37666	0.0034955633234740524
37667	0.00013444474321054048
31711	0.00013444474321054048
37668	0.0005377789728421619
37669	0.00013444474321054048
22431	0.00013444474321054048
37670	0.00026888948642108095
37671	0.0012100026888948643
7387	0.00040333422963162143
37672	0.0008066684592632429
37673	0.00040333422963162143
7284	0.00026888948642108095
37674	0.0010755579456843238
37675	0.0013444474321054048
5855	0.004302231782737295
37676	0.00040333422963162143
37677	0.0012100026888948643
1654	0.00026888948642108095
37678	0.0005377789728421619
34129	0.00040333422963162143
37679	0.0016133369185264857
18488	0.00040333422963162143
37680	0.006856681903737564
16576	0.00026888948642108095
37681	0.004840010755579457
6060	0.00013444474321054048
37682	0.00013444474321054048
8559	0.00013444474321054048
37683	0.00013444474321054048
37684	0.0012100026888948643
21070	0.00040333422963162143
37685	0.00013444474321054048
23748	0.00013444474321054048
28890	0.00040333422963162143
37686	0.0016133369185264857
37687	0.00013444474321054048
3814	0.00013444474321054048
218	0.00026888948642108095
37688	0.004033342296316214
37689	0.0012100026888948643
7979	0.010890024200053779
37690	0.00026888948642108095
1750	0.0005377789728421619
37691	0.0008066684592632429
1190	0.0010755579456843238
37692	0.00026888948642108095
3928	0.00026888948642108095
37693	0.0008066684592632429
37694	0.007260016133369186
37695	0.0013444474321054048
12603	0.0024200053777897286
37696	0.00013444474321054048
21894	0.00013444474321054048
15713	0.0008066684592632429
37697	0.0008066684592632429
21823	0.0010755579456843238
37698	0.0032266738370529714
37699	0.0026888948642108095
4035	0.00026888948642108095
37700	0.00040333422963162143
37701	0.004302231782737295
37702	0.0005377789728421619
10916	0.00026888948642108095
37703	0.0037644528098951333
37704	0.00013444474321054048
16482	0.00013444474321054048
37705	0.0005377789728421619
37706	0.00026888948642108095
37707	0.0005377789728421619
37708	0.00026888948642108095
598	0.0005377789728421619
37709	0.00013444474321054048
22196	0.00013444474321054048
33970	0.00026888948642108095
37710	0.0005377789728421619
37711	0.0005377789728421619
7800	0.00026888948642108095
37712	0.0008066684592632429
9545	0.00026888948642108095
37713	0.0032266738370529714
21071	0.00026888948642108095
37714	0.0008066684592632429
37715	0.00013444474321054048
16530	0.00013444474321054048
37716	0.0008066684592632429
37717	0.0018822264049475667
335	0.0451734337187416
37718	0.0010755579456843238
37719	0.0010755579456843238
232	0.00026888948642108095
37720	0.0010755579456843238
1565	0.0024200053777897286
4464	0.00026888948642108095
37721	0.0005377789728421619
37722	0.00040333422963162143
2587	0.0012100026888948643
37723	0.00013444474321054048
9171	0.00013444474321054048
37724	0.011831137402527562
15073	0.00013444474321054048
37725	0.00013444474321054048
37726	0.0006722237160527024
589	0.004705566012368916
37727	0.00013444474321054048
16137	0.00013444474321054048
37728	0.00026888948642108095
6626	0.0005377789728421619
37729	0.00013444474321054048
6996	0.00013444474321054048
37730	0.0008066684592632429
37731	0.0012100026888948643
37732	0.003092229093842431
37733	0.0013444474321054048
37734	0.00013444474321054048
14796	0.00013444474321054048
37735	0.00013444474321054048
29907	0.00013444474321054048
37736	0.00013444474321054048
12530	0.00013444474321054048
37737	0.0016133369185264857
37738	0.00026888948642108095
4562	0.0005377789728421619
37739	0.002016671148158107
37740	0.0005377789728421619
27394	0.00026888948642108095
37741	0.0012100026888948643
3485	0.012100026888948644
19405	0.00026888948642108095
37742	0.0005377789728421619
33692	0.00026888948642108095
37743	0.0005377789728421619
13494	0.00026888948642108095
37744	0.0008066684592632429
37745	0.0006722237160527024
2434	0.004033342296316214
37746	0.00040333422963162143
37747	0.0018822264049475667
4186	0.0037644528098951333
37748	0.0005377789728421619
9481	0.0010755579456843238
37749	0.0008066684592632429
6818	0.00026888948642108095
37750	0.0008066684592632429
37751	0.0016133369185264857
1523	0.00040333422963162143
5333	0.00026888948642108095
37752	0.0005377789728421619
37753	0.0010755579456843238
4317	0.0024200053777897286
37754	0.0006722237160527024
6136	0.003361118580263512
37755	0.00013444474321054048
22974	0.00013444474321054048
37756	0.0008066684592632429
3639	0.0008066684592632429
37757	0.0029577843506318905
24399	0.00026888948642108095
37758	0.00026888948642108095
13746	0.0005377789728421619
37759	0.00013444474321054048
5626	0.00013444474321054048
37760	0.0009411132024737833
7457	0.012234471632159183
1714	0.00040333422963162143
37761	0.01936004302231783
37762	0.0005377789728421619
24397	0.00026888948642108095
37763	0.0005377789728421619
11453	0.00026888948642108095
37764	0.0005377789728421619
25561	0.00026888948642108095
31011	0.00026888948642108095
37765	0.004571121269158376
37766	0.00013444474321054048
37767	0.00013444474321054048
37768	0.00040333422963162143
804	0.002016671148158107
37769	0.0006722237160527024
37770	0.0010755579456843238
12580	0.00026888948642108095
37771	0.0008066684592632429
1796	0.00026888948642108095
37772	0.00026888948642108095
11892	0.0005377789728421619
37773	0.00026888948642108095
15188	0.0008066684592632429
37774	0.00013444474321054048
19918	0.00013444474321054048
37775	0.004571121269158376
37776	0.006453347674105943
3731	0.00026888948642108095
37777	0.0010755579456843238
28699	0.00026888948642108095
37778	0.00820112933584297
37779	0.0009411132024737833
8339	0.007528905619790267
37780	0.0005377789728421619
29101	0.00026888948642108095
37781	0.0005377789728421619
1109	0.00026888948642108095
37782	0.0005377789728421619
7605	0.00026888948642108095
37783	0.0005377789728421619
22859	0.00026888948642108095
37784	0.0032266738370529714
37785	0.0012100026888948643
37786	0.00013444474321054048
13871	0.00013444474321054048
37787	0.0013444474321054048
37788	0.0008066684592632429
35189	0.0008066684592632429
37789	0.00013444474321054048
4705	0.00013444474321054048
37790	0.0012100026888948643
37791	0.00040333422963162143
907	0.0008066684592632429
37792	0.0008066684592632429
37793	0.0056466792148427
37794	0.0018822264049475667
37795	0.0018822264049475667
3707	0.0010755579456843238
37796	0.006722237160527024
37797	0.00013444474321054048
12708	0.00013444474321054048
2953	0.00026888948642108095
37798	0.0005377789728421619
37799	0.0010755579456843238
37800	0.002016671148158107
37801	0.010486689970422158
37802	0.0026888948642108095
37803	0.0009411132024737833
37804	0.0016133369185264857
2440	0.008066684592632429
9462	0.0008066684592632429
37805	0.00026888948642108095
34227	0.00026888948642108095
37806	0.004033342296316214
37807	0.0012100026888948643
37808	0.010217800484001076
37809	0.0005377789728421619
2039	0.00026888948642108095
36146	0.00040333422963162143
37810	0.0012100026888948643
5985	0.00013444474321054048
37811	0.00013444474321054048
37812	0.00013444474321054048
27616	0.00013444474321054048
37813	0.0021511158913686476
37814	0.0037644528098951333
37815	0.0005377789728421619
20260	0.00026888948642108095
37816	0.0005377789728421619
7834	0.00026888948642108095
37817	0.00013444474321054048
18189	0.00013444474321054048
37818	0.0008066684592632429
826	0.00026888948642108095
37819	0.00026888948642108095
11092	0.00013444474321054048
37820	0.00013444474321054048
37821	0.00026888948642108095
13667	0.0005377789728421619
37822	0.0005377789728421619
1424	0.00026888948642108095
37823	0.00013444474321054048
17208	0.00013444474321054048
37824	0.00026888948642108095
17120	0.0005377789728421619
37825	0.0016133369185264857
37826	0.00013444474321054048
24009	0.00013444474321054048
37827	0.0005377789728421619
12439	0.00026888948642108095
37828	0.00026888948642108095
4115	0.0005377789728421619
37829	0.0018822264049475667
37830	0.00013444474321054048
1867	0.00013444474321054048
37831	0.00026888948642108095
37832	0.0005377789728421619
37833	0.0010755579456843238
37834	0.0005377789728421619
26477	0.00026888948642108095
37835	0.00013444474321054048
33810	0.00013444474321054048
37836	0.00026888948642108095
8524	0.0010755579456843238
37837	0.0005377789728421619
23265	0.00026888948642108095
14336	0.0016133369185264857
37838	0.00040333422963162143
35573	0.00026888948642108095
37839	0.0005377789728421619
37840	0.00013444474321054048
21446	0.00013444474321054048
37841	0.0021511158913686476
37842	0.00013444474321054048
281	0.00013444474321054048
37843	0.00013444474321054048
16769	0.00013444474321054048
37844	0.00013444474321054048
1229	0.00013444474321054048
17747	0.00026888948642108095
37845	0.006991126646948105
37846	0.0024200053777897286
3183	0.006050013444474322
37847	0.003361118580263512
28510	0.00026888948642108095
37848	0.0005377789728421619
37849	0.007260016133369186
31913	0.00026888948642108095
37850	0.0005377789728421619
37851	0.00040333422963162143
6954	0.0016133369185264857
131	0.00026888948642108095
37852	0.0005377789728421619
37853	0.00013444474321054048
2363	0.00013444474321054048
37854	0.0013444474321054048
37855	0.00013444474321054048
994	0.00013444474321054048
37856	0.00013444474321054048
12795	0.00013444474321054048
37857	0.00013444474321054048
34936	0.00013444474321054048
10162	0.00026888948642108095
37858	0.006991126646948105
37859	0.0005377789728421619
10201	0.00026888948642108095
37860	0.0005377789728421619
33819	0.00026888948642108095
37861	0.002016671148158107
7424	0.03428340951868782
37862	0.0024200053777897286
37863	0.007260016133369186
37864	0.00040333422963162143
1912	0.0010755579456843238
37865	0.0010755579456843238
37866	0.0005377789728421619
20681	0.00026888948642108095
37867	0.0010755579456843238
22092	0.0013444474321054048
37868	0.00013444474321054048
16973	0.00013444474321054048
37869	0.00040333422963162143
37870	0.0005377789728421619
18936	0.00026888948642108095
37871	0.00013444474321054048
8725	0.00013444474321054048
37872	0.00040333422963162143
37873	0.00820112933584297
37874	0.00013444474321054048
25140	0.00013444474321054048
37875	0.0016133369185264857
37876	0.00013444474321054048
3113	0.00013444474321054048
37877	0.0008066684592632429
15859	0.0010755579456843238
28613	0.00026888948642108095
37878	0.0034955633234740524
37879	0.00013444474321054048
59	0.00013444474321054048
37880	0.007260016133369186
37881	0.007797795106211348
37882	0.00013444474321054048
11874	0.00013444474321054048
37883	0.00040333422963162143
37884	0.00026888948642108095
1095	0.0005377789728421619
37885	0.0013444474321054048
37886	0.00013444474321054048
29676	0.00013444474321054048
37887	0.0013444474321054048
37888	0.0009411132024737833
37889	0.00026888948642108095
10362	0.0010755579456843238
37890	0.007260016133369186
37891	0.00013444474321054048
1777	0.00013444474321054048
37892	0.00026888948642108095
3985	0.0005377789728421619
37893	0.00013444474321054048
25213	0.00013444474321054048
37894	0.0005377789728421619
11158	0.00026888948642108095
37895	0.010217800484001078
37896	0.0026888948642108095
32858	0.0005377789728421619
37897	0.00013444474321054048
20666	0.00013444474321054048
37898	0.00026888948642108095
28271	0.0008066684592632429
37899	0.00013444474321054048
5420	0.00013444474321054048
37900	0.0008066684592632429
24928	0.00026888948642108095
16064	0.00026888948642108095
37901	0.011831137402527562
37902	0.00013444474321054048
34307	0.00013444474321054048
37903	0.0005377789728421619
1240	0.0037644528098951333
37904	0.007260016133369186
37905	0.00013444474321054048
29521	0.00013444474321054048
37906	0.0005377789728421619
11279	0.00026888948642108095
37907	0.00013444474321054048
13083	0.00013444474321054048
37908	0.00013444474321054048
10804	0.00013444474321054048
37909	0.00026888948642108095
9719	0.0008066684592632429
37910	0.00013444474321054048
7293	0.00013444474321054048
37911	0.002016671148158107
37912	0.002554450121000269
37913	0.002016671148158107
37914	0.00026888948642108095
19939	0.0008066684592632429
37915	0.00013444474321054048
3564	0.00013444474321054048
37916	0.00013444474321054048
15470	0.00013444474321054048
20053	0.00013444474321054048
37917	0.00013444474321054048
37918	0.0008066684592632429
8844	0.00026888948642108095
37919	0.004840010755579457
37920	0.0010755579456843238
37921	0.00013444474321054048
14706	0.00013444474321054048
37922	0.0024200053777897286
37923	0.00013444474321054048
1591	0.00013444474321054048
37924	0.00013444474321054048
1537	0.00013444474321054048
12350	0.00026888948642108095
37925	0.011831137402527562
37926	0.0005377789728421619
23205	0.00026888948642108095
37927	0.00013444474321054048
14740	0.00013444474321054048
37928	0.00040333422963162143
9253	0.0016133369185264857
37929	0.0008066684592632429
36331	0.00026888948642108095
11627	0.00026888948642108095
37930	0.0005377789728421619
37931	0.0012100026888948643
26487	0.00026888948642108095
37932	0.0005377789728421619
15768	0.0010755579456843238
37933	0.004840010755579457
37934	0.004840010755579457
37935	0.0005377789728421619
30899	0.00026888948642108095
37936	0.00026888948642108095
11770	0.0008066684592632429
37937	0.0010755579456843238
643	0.00026888948642108095
37938	0.00026888948642108095
30085	0.0005377789728421619
37939	0.0012100026888948643
37940	0.0029577843506318905
8430	0.0010755579456843238
37941	0.0012100026888948643
9313	0.00040333422963162143
37942	0.010217800484001076
37943	0.00026888948642108095
31093	0.0008066684592632429
37944	0.0016133369185264857
7948	0.00026888948642108095
37945	0.0010755579456843238
37946	0.0021511158913686476
1787	0.007528905619790267
37947	0.007797795106211348
37948	0.0013444474321054048
37949	0.0008066684592632429
18033	0.00026888948642108095
28718	0.00026888948642108095
37950	0.0013444474321054048
37951	0.0010755579456843238
37952	0.0012100026888948643
10186	0.00040333422963162143
37953	0.0005377789728421619
34452	0.00026888948642108095
13512	0.0013444474321054048
37954	0.0076633503630008076
37955	0.00026888948642108095
37956	0.0006722237160527024
23407	0.004033342296316214
37957	0.0005377789728421619
19892	0.00026888948642108095
37958	0.00013444474321054048
15082	0.00013444474321054048
37959	0.0006722237160527024
1437	0.003361118580263512
37960	0.0008066684592632429
311	0.0056466792148427
1720	0.032266738370529714
37961	0.0016133369185264857
37962	0.00040333422963162143
37963	0.010217800484001076
37964	0.0005377789728421619
21230	0.0021511158913686476
37965	0.002016671148158107
37966	0.0029577843506318905
37967	0.00013444474321054048
25907	0.00013444474321054048
37968	0.00040333422963162143
8520	0.0012100026888948643
37969	0.00013444474321054048
24705	0.00013444474321054048
33736	0.00013444474321054048
37970	0.00013444474321054048
37971	0.0032266738370529714
37972	0.00040333422963162143
37973	0.0005377789728421619
3762	0.00026888948642108095
37974	0.00040333422963162143
37975	0.010217800484001078
2407	0.00026888948642108095
9046	0.00026888948642108095
37976	0.0005377789728421619
37977	0.002554450121000269
23578	0.00026888948642108095
37978	0.0005377789728421619
37979	0.0008066684592632429
33842	0.00026888948642108095
22833	0.0005377789728421619
37980	0.0032266738370529714
37981	0.0005377789728421619
3483	0.0021511158913686476
37982	0.00026888948642108095
17620	0.0010755579456843238
37983	0.007260016133369186
37984	0.004033342296316214
13335	0.00026888948642108095
37985	0.0005377789728421619
37986	0.002016671148158107
18453	0.00026888948642108095
37987	0.0021511158913686476
37988	0.015057811239580533
37989	0.0013444474321054048
24403	0.002016671148158107
11676	0.00013444474321054048
37990	0.00013444474321054048
37991	0.0029577843506318905
5940	0.00013444474321054048
37992	0.00013444474321054048
176	0.00026888948642108095
37993	0.0005377789728421619
37994	0.00013444474321054048
22096	0.00013444474321054048
37995	0.00013444474321054048
9266	0.00013444474321054048
37996	0.00013444474321054048
1269	0.00013444474321054048
37997	0.00013444474321054048
1561	0.00013444474321054048
14487	0.0005377789728421619
37998	0.004302231782737295
37999	0.006453347674105943
38000	0.00013444474321054048
2649	0.00013444474321054048
38001	0.00013444474321054048
2594	0.00013444474321054048
38002	0.006991126646948105
38003	0.00013444474321054048
3439	0.00013444474321054048
38004	0.00026888948642108095
15781	0.0005377789728421619
38005	0.0010755579456843238
12575	0.010755579456843238
38006	0.0034955633234740524
38007	0.0013444474321054048
38008	0.00026888948642108095
38009	0.0005377789728421619
10594	0.00026888948642108095
38010	0.0021511158913686476
38011	0.0006722237160527024
125	0.004705566012368916
27578	0.00026888948642108095
38012	0.0005377789728421619
38013	0.0008066684592632429
26258	0.00026888948642108095
38014	0.0006722237160527024
38015	0.0005377789728421619
25273	0.00026888948642108095
28212	0.00026888948642108095
38016	0.0005377789728421619
38017	0.0005377789728421619
25121	0.00026888948642108095
38018	0.0008066684592632429
12601	0.004840010755579457
38019	0.014788921753159451
36302	0.00013444474321054048
38020	0.00013444474321054048
38021	0.00026888948642108095
10694	0.0005377789728421619
38022	0.0005377789728421619
5633	0.00026888948642108095
38023	0.0008066684592632429
195	0.004840010755579457
38024	0.00013444474321054048
25716	0.00013444474321054048
38025	0.00013444474321054048
25010	0.00013444474321054048
38026	0.012100026888948642
38027	0.0018822264049475667
38028	0.0032266738370529714
38029	0.0005377789728421619
11818	0.00026888948642108095
38030	0.00026888948642108095
38031	0.0009411132024737833
38032	0.002016671148158107
38033	0.00040333422963162143
5426	0.0012100026888948643
1006	0.00026888948642108095
38034	0.0005377789728421619
1203	0.008066684592632429
38035	0.004840010755579457
38036	0.0012100026888948643
38037	0.0010755579456843238
38038	0.0008066684592632429
38039	0.004840010755579457
38040	0.012906695348211886
38041	0.0008066684592632429
38042	0.010755579456843238
421	0.06238236084969078
38043	0.014788921753159451
14794	0.00026888948642108095
38044	0.0009411132024737833
38045	0.00013444474321054048
15704	0.00013444474321054048
34363	0.00013444474321054048
38046	0.00013444474321054048
38047	0.00026888948642108095
38048	0.0016133369185264857
7598	0.00026888948642108095
38049	0.0009411132024737833
38050	0.00013444474321054048
21406	0.00013444474321054048
38051	0.004571121269158376
5790	0.0010755579456843238
38052	0.0005377789728421619
20095	0.0021511158913686476
38053	0.007260016133369186
38054	0.0005377789728421619
5202	0.0026888948642108095
31341	0.00026888948642108095
38055	0.0005377789728421619
38056	0.004840010755579457
38057	0.00013444474321054048
932	0.00013444474321054048
38058	0.010217800484001078
38059	0.00013444474321054048
28893	0.00013444474321054048
38060	0.0005377789728421619
29266	0.00026888948642108095
24146	0.00026888948642108095
38061	0.0005377789728421619
3138	0.00026888948642108095
38062	0.0005377789728421619
38063	0.0024200053777897286
15246	0.00026888948642108095
38064	0.00013444474321054048
8396	0.00013444474321054048
38065	0.003092229093842431
38066	0.00026888948642108095
123	0.0005377789728421619
38067	0.0013444474321054048
38068	0.0029577843506318905
38069	0.00013444474321054048
5052	0.00013444474321054048
38070	0.0016133369185264857
38071	0.00013444474321054048
38072	0.00013444474321054048
38073	0.0016133369185264857
26625	0.00040333422963162143
32341	0.00040333422963162143
38074	0.0012100026888948643
38075	0.0013444474321054048
38076	0.00013444474321054048
26263	0.00013444474321054048
38077	0.0018822264049475667
38078	0.0008066684592632429
5691	0.0008066684592632429
38079	0.007797795106211348
38080	0.00013444474321054048
221	0.00013444474321054048
38081	0.00026888948642108095
930	0.0005377789728421619
38082	0.0008066684592632429
187	0.0010755579456843238
38083	0.0006722237160527024
38084	0.00013444474321054048
27877	0.00013444474321054048
38085	0.006453347674105943
38086	0.0008066684592632429
17044	0.00026888948642108095
19692	0.00013444474321054048
38087	0.00013444474321054048
15935	0.00026888948642108095
38088	0.0021511158913686476
38089	0.0005377789728421619
1744	0.00026888948642108095
38090	0.00026888948642108095
2149	0.0005377789728421619
38091	0.0056466792148427
38092	0.00013444474321054048
18332	0.00013444474321054048
6896	0.00013444474321054048
38093	0.00013444474321054048
5672	0.004302231782737295
38094	0.0013444474321054048
1925	0.00040333422963162143
38095	0.0012100026888948643
24726	0.00026888948642108095
38096	0.0008066684592632429
38097	0.0009411132024737833
38098	0.00026888948642108095
12959	0.0008066684592632429
38099	0.0005377789728421619
29318	0.00026888948642108095
38100	0.00013444474321054048
9980	0.00013444474321054048
38101	0.00013444474321054048
29955	0.00013444474321054048
38102	0.007260016133369186
14001	0.00026888948642108095
38103	0.0005377789728421619
38104	0.00013444474321054048
11689	0.00013444474321054048
25624	0.00013444474321054048
38105	0.00013444474321054048
38106	0.00013444474321054048
13633	0.00013444474321054048
11308	0.0008066684592632429
38107	0.00026888948642108095
38108	0.0006722237160527024
38109	0.0008066684592632429
24933	0.0010755579456843238
38110	0.0010755579456843238
38111	0.0008066684592632429
14785	0.00026888948642108095
38112	0.00013444474321054048
21994	0.00013444474321054048
38113	0.00013444474321054048
19725	0.00013444474321054048
38114	0.00013444474321054048
19494	0.00013444474321054048
38115	0.004840010755579457
411	0.03092229093842431
38116	0.0037644528098951333
12043	0.0008066684592632429
38117	0.00026888948642108095
2733	0.015057811239580533
38118	0.0056466792148427
38119	0.0018822264049475667
38120	0.0037644528098951333
38121	0.00026888948642108095
12958	0.0008066684592632429
38122	0.00013444474321054048
9425	0.00013444474321054048
38123	0.00040333422963162143
38124	0.00013444474321054048
34035	0.00013444474321054048
38125	0.00026888948642108095
38126	0.0008066684592632429
38127	0.003361118580263512
38128	0.0018822264049475667
38129	0.010083355740790535
24601	0.00040333422963162143
38130	0.0005377789728421619
38131	0.00026888948642108095
10780	0.00026888948642108095
38132	0.0029577843506318905
4049	0.00040333422963162143
38133	0.00282333960742135
38134	0.0008066684592632429
1233	0.00026888948642108095
38135	0.0012100026888948643
38136	0.00013444474321054048
32436	0.00013444474321054048
38137	0.00026888948642108095
23707	0.0005377789728421619
38138	0.00040333422963162143
10172	0.0016133369185264857
38139	0.00026888948642108095
23501	0.0005377789728421619
38140	0.0005377789728421619
16878	0.0021511158913686476
38141	0.0012100026888948643
34543	0.00040333422963162143
38142	0.00013444474321054048
30016	0.00013444474321054048
11358	0.00013444474321054048
38143	0.00013444474321054048
38144	0.00040333422963162143
38145	0.00013444474321054048
19969	0.00013444474321054048
35082	0.00026888948642108095
38146	0.0018822264049475667
38147	0.00026888948642108095
38148	0.0008066684592632429
38149	0.00026888948642108095
7707	0.0005377789728421619
38150	0.0009411132024737833
10553	0.006587792417316484
38151	0.00013444474321054048
25586	0.00013444474321054048
38152	0.00026888948642108095
22479	0.00013444474321054048
38153	0.00013444474321054048
38154	0.00026888948642108095
9064	0.0005377789728421619
38155	0.0005377789728421619
13801	0.00026888948642108095
38156	0.0005377789728421619
137	0.0021511158913686476
38157	0.00013444474321054048
26356	0.00013444474321054048
38158	0.002016671148158107
33525	0.0013444474321054048
13921	0.00026888948642108095
38159	0.0005377789728421619
38160	0.0013444474321054048
29638	0.00026888948642108095
38161	0.00013444474321054048
22917	0.00013444474321054048
38162	0.00013444474321054048
16224	0.00013444474321054048
38163	0.0005377789728421619
4942	0.00026888948642108095
38164	0.0005377789728421619
5981	0.00026888948642108095
38165	0.00013444474321054048
5401	0.00013444474321054048
38166	0.0005377789728421619
6564	0.00026888948642108095
38167	0.0016133369185264857
38168	0.0016133369185264857
3789	0.0010755579456843238
38169	0.0005377789728421619
23020	0.00026888948642108095
38170	0.0021511158913686476
2418	0.002016671148158107
6064	0.00013444474321054048
38171	0.00013444474321054048
38172	0.00013444474321054048
1971	0.00013444474321054048
38173	0.010890024200053779
38174	0.00013444474321054048
16200	0.00013444474321054048
38175	0.00820112933584297
38176	0.00026888948642108095
14564	0.0008066684592632429
38177	0.00013444474321054048
14872	0.00013444474321054048
38178	0.008066684592632429
25364	0.00040333422963162143
38179	0.0012100026888948643
5450	0.012100026888948644
30689	0.00026888948642108095
38180	0.0005377789728421619
38181	0.0032266738370529714
38182	0.00013444474321054048
30963	0.00013444474321054048
1008	0.0018822264049475667
38183	0.0008066684592632429
38184	0.00013444474321054048
15614	0.00013444474321054048
38185	0.0005377789728421619
38186	0.0006722237160527024
38187	0.00026888948642108095
4754	0.0008066684592632429
38188	0.00820112933584297
38189	0.00013444474321054048
5507	0.00013444474321054048
38190	0.0005377789728421619
3831	0.0021511158913686476
38191	0.00013444474321054048
1508	0.00013444474321054048
38192	0.0013444474321054048
38193	0.00013444474321054048
17715	0.00013444474321054048
38194	0.0010755579456843238
33737	0.0010755579456843238
38195	0.00040333422963162143
5589	0.0012100026888948643
38196	0.00013444474321054048
7223	0.00013444474321054048
38197	0.0005377789728421619
3345	0.0021511158913686476
38198	0.002554450121000269
38199	0.00013444474321054048
3916	0.00013444474321054048
38200	0.0026888948642108095
17136	0.0005377789728421619
38201	0.00026888948642108095
831	0.0005377789728421619
38202	0.00026888948642108095
20416	0.0010755579456843238
26691	0.00040333422963162143
38203	0.002016671148158107
38204	0.00040333422963162143
38205	0.00013444474321054048
18247	0.00013444474321054048
38206	0.0005377789728421619
2519	0.0021511158913686476
38207	0.0006722237160527024
5156	0.006050013444474322
5357	0.00040333422963162143
38208	0.0016133369185264857
8299	0.00282333960742135
38209	0.012368916375369722
38210	0.0008066684592632429
13470	0.0008066684592632429
34983	0.00026888948642108095
38211	0.0005377789728421619
38212	0.0010755579456843238
158	0.0010755579456843238
38213	0.0016133369185264857
38214	0.00026888948642108095
2226	0.0005377789728421619
38215	0.0008066684592632429
38216	0.0005377789728421619
297	0.00026888948642108095
38217	0.00013444474321054048
20974	0.00013444474321054048
6493	0.002016671148158107
38218	0.00040333422963162143
38219	0.0010755579456843238
18964	0.00026888948642108095
38220	0.00040333422963162143
32531	0.0012100026888948643
38221	0.0012100026888948643
38222	0.0008066684592632429
17981	0.0008066684592632429
38223	0.0021511158913686476
38224	0.00040333422963162143
10665	0.00013444474321054048
38225	0.00013444474321054048
38226	0.00578112395805324
38227	0.0029577843506318905
38228	0.00013444474321054048
4469	0.00013444474321054048
38229	0.0012100026888948643
38230	0.00026888948642108095
2480	0.0005377789728421619
38231	0.00026888948642108095
20930	0.0008066684592632429
38232	0.00013444474321054048
2875	0.00013444474321054048
2794	0.00013444474321054048
38233	0.00013444474321054048
38234	0.00013444474321054048
1536	0.00013444474321054048
38235	0.0005377789728421619
25983	0.00026888948642108095
38236	0.0005377789728421619
30851	0.00026888948642108095
38237	0.00013444474321054048
4044	0.00013444474321054048
38238	0.007797795106211348
38239	0.0008066684592632429
38240	0.00040333422963162143
6634	0.0012100026888948643
38241	0.006722237160527024
38242	0.0008066684592632429
12562	0.0008066684592632429
38243	0.0018822264049475667
38244	0.0006722237160527024
7126	0.004033342296316214
38245	0.0010755579456843238
38246	0.0024200053777897286
6050	0.00013444474321054048
38247	0.00013444474321054048
38248	0.002016671148158107
32004	0.00040333422963162143
38249	0.0013444474321054048
38250	0.00013444474321054048
23095	0.00013444474321054048
38251	0.0010755579456843238
23536	0.00026888948642108095
541	0.0112933584296854
38252	0.0037644528098951333
38253	0.00013444474321054048
16767	0.00013444474321054048
38254	0.0009411132024737833
366	0.005377789728421619
38255	0.0006722237160527024
38256	0.007260016133369186
31061	0.00013444474321054048
38257	0.00013444474321054048
18122	0.00013444474321054048
38258	0.00013444474321054048
38259	0.0008066684592632429
4973	0.004840010755579457
38260	0.0016133369185264857
38261	0.0012100026888948643
11724	0.00040333422963162143
38262	0.00013444474321054048
38263	0.00013444474321054048
38264	0.003630008066684593
3859	0.0008066684592632429
38265	0.0008066684592632429
38266	0.00026888948642108095
1673	0.0008066684592632429
38267	0.00013444474321054048
26433	0.00013444474321054048
38268	0.00013444474321054048
34924	0.00013444474321054048
38269	0.00013444474321054048
2320	0.00013444474321054048
38270	0.002016671148158107
38271	0.026216724926055396
38272	0.002016671148158107
2549	0.0013444474321054048
38273	0.004840010755579457
15843	0.00026888948642108095
38274	0.0005377789728421619
38275	0.00013444474321054048
12061	0.00013444474321054048
38276	0.00013444474321054048
5290	0.00013444474321054048
38277	0.00026888948642108095
38278	0.0005377789728421619
17264	0.00013444474321054048
38279	0.00013444474321054048
38280	0.00040333422963162143
38281	0.00026888948642108095
21281	0.0005377789728421619
38282	0.0005377789728421619
38283	0.0006722237160527024
246	0.003361118580263512
38284	0.00013444474321054048
30931	0.00013444474321054048
38285	0.0024200053777897286
38286	0.00013444474321054048
6257	0.00013444474321054048
38287	0.0005377789728421619
16873	0.00026888948642108095
38288	0.00820112933584297
38289	0.00013444474321054048
2655	0.00013444474321054048
38290	0.00040333422963162143
6115	0.002016671148158107
38291	0.00040333422963162143
38292	0.00026888948642108095
3905	0.0005377789728421619
38293	0.00026888948642108095
38294	0.00026888948642108095
38295	0.012637805861790804
38296	0.00026888948642108095
3903	0.0005377789728421619
26152	0.00026888948642108095
38297	0.0005377789728421619
38298	0.00040333422963162143
5616	0.0012100026888948643
38299	0.00040333422963162143
38300	0.0010755579456843238
38301	0.0008066684592632429
6828	0.0008066684592632429
38302	0.00013444474321054048
9393	0.00013444474321054048
22152	0.0008066684592632429
38303	0.00026888948642108095
38304	0.006991126646948105
38305	0.0005377789728421619
7783	0.00026888948642108095
38306	0.0005377789728421619
38307	0.0006722237160527024
1819	0.005377789728421619
38308	0.0005377789728421619
3532	0.00026888948642108095
38309	0.00026888948642108095
35256	0.0005377789728421619
38310	0.00013444474321054048
20944	0.00013444474321054048
38311	0.00013444474321054048
27391	0.00013444474321054048
38312	0.00013444474321054048
35095	0.00013444474321054048
38313	0.00026888948642108095
22632	0.0005377789728421619
9422	0.00013444474321054048
38314	0.00013444474321054048
14128	0.00026888948642108095
38315	0.0005377789728421619
38316	0.00013444474321054048
27055	0.00013444474321054048
38317	0.00013444474321054048
23998	0.00013444474321054048
38318	0.00026888948642108095
13343	0.0005377789728421619
18835	0.00026888948642108095
38319	0.0029577843506318905
38320	0.0008066684592632429
15358	0.00026888948642108095
38321	0.00013444474321054048
8209	0.00013444474321054048
38322	0.0006722237160527024
23061	0.00026888948642108095
38323	0.0021511158913686476
38324	0.00040333422963162143
38325	0.00013444474321054048
5082	0.00013444474321054048
25262	0.00013444474321054048
38326	0.00013444474321054048
38327	0.0005377789728421619
2058	0.00026888948642108095
38328	0.00026888948642108095
1037	0.0005377789728421619
38329	0.010217800484001078
11757	0.00026888948642108095
38330	0.0013444474321054048
38331	0.01667114815810702
33004	0.00026888948642108095
38332	0.0005377789728421619
38333	0.00013444474321054048
9875	0.00013444474321054048
38334	0.00013444474321054048
13458	0.00013444474321054048
38335	0.012906695348211886
38336	0.00013444474321054048
1196	0.00013444474321054048
38337	0.0016133369185264857
38338	0.00820112933584297
38339	0.00026888948642108095
18708	0.0005377789728421619
38340	0.010217800484001078
3160	0.00026888948642108095
38341	0.0005377789728421619
38342	0.00013444474321054048
1877	0.00013444474321054048
38343	0.00026888948642108095
2973	0.0008066684592632429
38344	0.0024200053777897286
38345	0.00013444474321054048
571	0.00013444474321054048
38346	0.006453347674105943
38347	0.00013444474321054048
18135	0.00013444474321054048
38348	0.00013444474321054048
12125	0.00013444474321054048
38349	0.00013444474321054048
9665	0.00013444474321054048
38350	0.00013444474321054048
33846	0.00013444474321054048
38351	0.0021511158913686476
31393	0.0016133369185264857
38352	0.00026888948642108095
38353	0.00026888948642108095
26921	0.00013444474321054048
38354	0.00013444474321054048
38355	0.0013444474321054048
4176	0.00282333960742135
20957	0.00026888948642108095
38356	0.0005377789728421619
38357	0.0034955633234740524
38358	0.00026888948642108095
6293	0.0005377789728421619
38359	0.0006722237160527024
38360	0.004974455498789998
27658	0.00013444474321054048
38361	0.00013444474321054048
31426	0.00013444474321054048
38362	0.00013444474321054048
38363	0.00026888948642108095
11329	0.0005377789728421619
38364	0.0018822264049475667
38365	0.0014788921753159452
38366	0.00013444474321054048
8308	0.00013444474321054048
38367	0.00026888948642108095
10638	0.0008066684592632429
38368	0.00040333422963162143
38369	0.00013444474321054048
7162	0.00013444474321054048
38370	0.003092229093842431
38371	0.0013444474321054048
991	0.0026888948642108095
38372	0.0010755579456843238
4560	0.0010755579456843238
38373	0.0008066684592632429
38374	0.0005377789728421619
19748	0.00026888948642108095
32569	0.00013444474321054048
38375	0.00013444474321054048
38376	0.00026888948642108095
9296	0.0005377789728421619
38377	0.0012100026888948643
22062	0.00040333422963162143
38378	0.0013444474321054048
38379	0.00026888948642108095
8415	0.0005377789728421619
2642	0.00026888948642108095
38380	0.0016133369185264857
38381	0.00026888948642108095
38382	0.004571121269158376
30540	0.00013444474321054048
38383	0.00013444474321054048
38384	0.00040333422963162143
8937	0.0016133369185264857
38385	0.00026888948642108095
13850	0.0005377789728421619
38386	0.0006722237160527024
10629	0.003361118580263512
38387	0.0005377789728421619
38388	0.00026888948642108095
38389	0.00578112395805324
38390	0.00013444474321054048
18585	0.00013444474321054048
38391	0.0005377789728421619
38392	0.0005377789728421619
10336	0.00026888948642108095
30448	0.00026888948642108095
38393	0.0008066684592632429
38394	0.00040333422963162143
38395	0.00013444474321054048
34511	0.00013444474321054048
38396	0.0010755579456843238
38397	0.00040333422963162143
6042	0.002016671148158107
38398	0.00013444474321054048
20512	0.00013444474321054048
38399	0.004571121269158376
38400	0.00040333422963162143
38401	0.0014788921753159452
38402	0.00013444474321054048
32578	0.00013444474321054048
38403	0.00013444474321054048
28487	0.00013444474321054048
38404	0.0013444474321054048
3475	0.0037644528098951333
38405	0.00013444474321054048
35970	0.00013444474321054048
38406	0.00040333422963162143
38407	0.005108900242000538
38408	0.0008066684592632429
17026	0.0008066684592632429
38409	0.00013444474321054048
5422	0.00013444474321054048
38410	0.00040333422963162143
8052	0.0012100026888948643
38411	0.00026888948642108095
1990	0.0005377789728421619
38412	0.00013444474321054048
1555	0.00013444474321054048
38413	0.0009411132024737833
38414	0.00040333422963162143
10205	0.0012100026888948643
38415	0.0005377789728421619
19972	0.00026888948642108095
38416	0.00013444474321054048
1799	0.00013444474321054048
38417	0.008873353051895672
38418	0.00013444474321054048
14774	0.00013444474321054048
10930	0.00040333422963162143
38419	0.002016671148158107
38420	0.0006722237160527024
16891	0.00013444474321054048
38421	0.00013444474321054048
38422	0.00013444474321054048
10279	0.00013444474321054048
38423	0.0010755579456843238
38424	0.00013444474321054048
8923	0.00013444474321054048
38425	0.00013444474321054048
18009	0.00013444474321054048
38426	0.00013444474321054048
22191	0.00013444474321054048
8255	0.00013444474321054048
38427	0.00013444474321054048
38428	0.00820112933584297
38429	0.0010755579456843238
38430	0.0024200053777897286
2989	0.0016133369185264857
38431	0.00026888948642108095
38432	0.0005377789728421619
6763	0.00026888948642108095
38433	0.0016133369185264857
13939	0.00013444474321054048
38434	0.00013444474321054048
38435	0.0012100026888948643
1768	0.00040333422963162143
38436	0.0012100026888948643
38437	0.0010755579456843238
5864	0.00026888948642108095
38438	0.0005377789728421619
11448	0.00026888948642108095
38439	0.00026888948642108095
35310	0.0005377789728421619
38440	0.0008066684592632429
5456	0.0008066684592632429
17393	0.00026888948642108095
38441	0.0005377789728421619
38442	0.00282333960742135
38443	0.00013444474321054048
3747	0.00013444474321054048
38444	0.00013444474321054048
14390	0.00013444474321054048
38445	0.0005377789728421619
17369	0.00026888948642108095
38446	0.00013444474321054048
30093	0.00013444474321054048
38447	0.0008066684592632429
2717	0.00026888948642108095
38448	0.0006722237160527024
38449	0.0005377789728421619
29421	0.00026888948642108095
38450	0.00013444474321054048
28062	0.00013444474321054048
38451	0.0005377789728421619
13646	0.00026888948642108095
38452	0.0016133369185264857
30363	0.00013444474321054048
38453	0.00013444474321054048
9445	0.00013444474321054048
38454	0.00013444474321054048
38455	0.00013444474321054048
24599	0.00013444474321054048
38456	0.00013444474321054048
18435	0.00013444474321054048
38457	0.00013444474321054048
25151	0.00013444474321054048
38458	0.00040333422963162143
38459	0.0026888948642108095
13361	0.00026888948642108095
38460	0.0013444474321054048
38461	0.0016133369185264857
14976	0.00013444474321054048
38462	0.00013444474321054048
33470	0.00026888948642108095
38463	0.0016133369185264857
8116	0.00013444474321054048
38464	0.00013444474321054048
38465	0.00013444474321054048
16652	0.00013444474321054048
2229	0.00013444474321054048
38466	0.00013444474321054048
38467	0.00040333422963162143
6028	0.0016133369185264857
38468	0.00820112933584297
24512	0.00026888948642108095
38469	0.0005377789728421619
38470	0.00026888948642108095
38471	0.006722237160527024
12797	0.0008066684592632429
38472	0.00013444474321054048
32738	0.00013444474321054048
38473	0.00026888948642108095
16084	0.0005377789728421619
38474	0.00040333422963162143
6221	0.0012100026888948643
38475	0.00040333422963162143
4636	0.0016133369185264857
38476	0.00013444474321054048
9357	0.00013444474321054048
10310	0.0010755579456843238
38477	0.0016133369185264857
38478	0.00013444474321054048
1059	0.00013444474321054048
38479	0.0005377789728421619
5000	0.0010755579456843238
38480	0.0018822264049475667
18397	0.00026888948642108095
38481	0.0008066684592632429
38482	0.0018822264049475667
460	0.00026888948642108095
38483	0.0005377789728421619
19124	0.00026888948642108095
38484	0.0016133369185264857
19543	0.00013444474321054048
38485	0.00013444474321054048
38486	0.004571121269158376
5277	0.00013444474321054048
38487	0.00013444474321054048
38488	0.00013444474321054048
33404	0.00013444474321054048
38489	0.00013444474321054048
11953	0.00013444474321054048
38490	0.00026888948642108095
25404	0.00013444474321054048
38491	0.00013444474321054048
38492	0.00040333422963162143
12922	0.0016133369185264857
1430	0.00026888948642108095
38493	0.0029577843506318905
12780	0.00013444474321054048
38494	0.00013444474321054048
13017	0.00026888948642108095
38495	0.0008066684592632429
38496	0.0037644528098951333
38497	0.012100026888948642
38498	0.00040333422963162143
38499	0.0005377789728421619
9995	0.00026888948642108095
38500	0.004571121269158376
38501	0.00820112933584297
38502	0.00013444474321054048
20675	0.00013444474321054048
38503	0.0026888948642108095
32921	0.00026888948642108095
38504	0.00013444474321054048
308	0.00013444474321054048
38505	0.00013444474321054048
10809	0.00013444474321054048
13875	0.00013444474321054048
38506	0.00013444474321054048
739	0.00026888948642108095
38507	0.0005377789728421619
38508	0.0008066684592632429
20941	0.00026888948642108095
38509	0.0029577843506318905
24006	0.00026888948642108095
38510	0.00026888948642108095
339	0.0008066684592632429
38511	0.00026888948642108095
38512	0.0018822264049475667
38513	0.0008066684592632429
9597	0.00026888948642108095
38514	0.0005377789728421619
34435	0.00026888948642108095
38515	0.0024200053777897286
30272	0.00026888948642108095
38516	0.012368916375369722
38517	0.0034955633234740524
38518	0.00013444474321054048
7632	0.00013444474321054048
38519	0.0008066684592632429
1188	0.004840010755579457
38520	0.010755579456843238
38521	0.00026888948642108095
38522	0.007797795106211348
38523	0.0005377789728421619
302	0.00026888948642108095
38524	0.0008066684592632429
24608	0.00026888948642108095
38525	0.00013444474321054048
11483	0.00013444474321054048
38526	0.00013444474321054048
26579	0.00013444474321054048
38527	0.002016671148158107
38528	0.00013444474321054048
3093	0.00013444474321054048
38529	0.0037644528098951333
38530	0.0012100026888948643
34735	0.00040333422963162143
38531	0.0010755579456843238
38532	0.002554450121000269
38533	0.00013444474321054048
21507	0.00013444474321054048
38534	0.0008066684592632429
2444	0.007260016133369186
38535	0.0006722237160527024
14977	0.00026888948642108095
38536	0.0005377789728421619
38537	0.002016671148158107
38538	0.004974455498789998
4102	0.00040333422963162143
38539	0.0012100026888948643
1199	0.0024200053777897286
38540	0.00040333422963162143
38541	0.0024200053777897286
38542	0.0005377789728421619
38543	0.00013444474321054048
13348	0.00013444474321054048
38544	0.00013444474321054048
18421	0.00013444474321054048
38545	0.0008066684592632429
2467	0.0008066684592632429
38546	0.007260016133369186
38547	0.0016133369185264857
8006	0.00013444474321054048
38548	0.00013444474321054048
38549	0.00013444474321054048
21392	0.00013444474321054048
38550	0.00820112933584297
38551	0.0005377789728421619
20366	0.00026888948642108095
38552	0.0009411132024737833
38553	0.0016133369185264857
38554	0.00013444474321054048
19185	0.00013444474321054048
38555	0.00820112933584297
38556	0.00040333422963162143
29801	0.00026888948642108095
38557	0.0008066684592632429
38558	0.014788921753159451
38559	0.0009411132024737833
38560	0.00026888948642108095
5587	0.0005377789728421619
38561	0.00013444474321054048
12756	0.00013444474321054048
38562	0.00026888948642108095
38563	0.00026888948642108095
6697	0.0008066684592632429
38564	0.0021511158913686476
38565	0.00026888948642108095
38566	0.002016671148158107
38567	0.0005377789728421619
38568	0.0008066684592632429
27351	0.0010755579456843238
38569	0.0013444474321054048
38570	0.00026888948642108095
38571	0.00013444474321054048
32836	0.00013444474321054048
38572	0.00013444474321054048
8859	0.00013444474321054048
38573	0.0013444474321054048
1713	0.0010755579456843238
38574	0.004033342296316214
38575	0.00026888948642108095
9512	0.0005377789728421619
146	0.00013444474321054048
38576	0.00013444474321054048
38577	0.0005377789728421619
2334	0.00026888948642108095
38578	0.00026888948642108095
16299	0.0005377789728421619
38579	0.00013444474321054048
19658	0.00013444474321054048
4679	0.00026888948642108095
38580	0.0005377789728421619
6139	0.00026888948642108095
38581	0.004302231782737295
38582	0.00013444474321054048
5362	0.00013444474321054048
38583	0.00026888948642108095
11289	0.0005377789728421619
38584	0.0024200053777897286
38585	0.00026888948642108095
9542	0.00013444474321054048
38586	0.00013444474321054048
38587	0.0021511158913686476
38588	0.0008066684592632429
20649	0.0010755579456843238
38589	0.0008066684592632429
38590	0.0005377789728421619
24423	0.00026888948642108095
38591	0.00013444474321054048
31801	0.00013444474321054048
38592	0.00013444474321054048
34313	0.00013444474321054048
38593	0.0037644528098951333
38594	0.00013444474321054048
880	0.00013444474321054048
38595	0.00013444474321054048
25735	0.00013444474321054048
38596	0.00040333422963162143
20609	0.0012100026888948643
10299	0.00026888948642108095
38597	0.0008066684592632429
13352	0.00013444474321054048
38598	0.00013444474321054048
38599	0.00026888948642108095
38600	0.00013444474321054048
13597	0.00013444474321054048
30539	0.00026888948642108095
38601	0.004840010755579457
38602	0.0026888948642108095
26444	0.00026888948642108095
38603	0.0005377789728421619
17334	0.00013444474321054048
38604	0.00013444474321054048
38605	0.0010755579456843238
38606	0.00013444474321054048
33620	0.00013444474321054048
36090	0.00013444474321054048
38607	0.00013444474321054048
38608	0.0012100026888948643
38609	0.00026888948642108095
38610	0.00026888948642108095
6768	0.0005377789728421619
38611	0.00026888948642108095
38612	0.0008066684592632429
8667	0.0010755579456843238
38613	0.0032266738370529714
28348	0.00026888948642108095
38614	0.004571121269158376
38615	0.0005377789728421619
5421	0.00026888948642108095
38616	0.0005377789728421619
10229	0.00026888948642108095
38617	0.0005377789728421619
29457	0.00026888948642108095
38618	0.012368916375369722
38619	0.00013444474321054048
16626	0.00013444474321054048
38620	0.00013444474321054048
1407	0.00013444474321054048
38621	0.004302231782737295
38622	0.0018822264049475667
38623	0.0012100026888948643
32706	0.00040333422963162143
38624	0.00026888948642108095
38625	0.00013444474321054048
21438	0.00013444474321054048
38626	0.00820112933584297
38627	0.00013444474321054048
10611	0.00013444474321054048
38628	0.00040333422963162143
2391	0.0016133369185264857
38629	0.00013444474321054048
12656	0.00013444474321054048
38630	0.00013444474321054048
25729	0.00013444474321054048
38631	0.003092229093842431
38632	0.00026888948642108095
7714	0.0005377789728421619
38633	0.00013444474321054048
1524	0.00013444474321054048
38634	0.0005377789728421619
9587	0.00026888948642108095
38635	0.00013444474321054048
6205	0.00013444474321054048
38636	0.0010755579456843238
38637	0.00013444474321054048
11089	0.00013444474321054048
38638	0.0013444474321054048
38639	0.0005377789728421619
6832	0.00026888948642108095
38640	0.0006722237160527024
8082	0.003361118580263512
38641	0.00040333422963162143
2527	0.002016671148158107
34232	0.00013444474321054048
38642	0.00013444474321054048
28678	0.00026888948642108095
38643	0.0018822264049475667
38644	0.0005377789728421619
8585	0.00026888948642108095
38645	0.0016133369185264857
38646	0.00013444474321054048
7770	0.00013444474321054048
38647	0.0008066684592632429
10918	0.00013444474321054048
38648	0.00013444474321054048
38649	0.0009411132024737833
38650	0.0032266738370529714
38651	0.00040333422963162143
38652	0.00026888948642108095
17654	0.0005377789728421619
38653	0.0006722237160527024
633	0.004705566012368916
38654	0.00040333422963162143
2292	0.002016671148158107
38655	0.00013444474321054048
4447	0.00013444474321054048
38656	0.0012100026888948643
15062	0.00013444474321054048
38657	0.00013444474321054048
38658	0.0005377789728421619
25924	0.00026888948642108095
38659	0.002016671148158107
38660	0.0005377789728421619
9768	0.00026888948642108095
38661	0.0008066684592632429
38662	0.0008066684592632429
38663	0.0005377789728421619
20243	0.00026888948642108095
38664	0.00026888948642108095
30213	0.0005377789728421619
3612	0.00013444474321054048
38665	0.00013444474321054048
8939	0.00026888948642108095
38666	0.0005377789728421619
38667	0.00013444474321054048
30460	0.00013444474321054048
38668	0.00026888948642108095
5969	0.0008066684592632429
38669	0.00013444474321054048
7880	0.00013444474321054048
38670	0.00013444474321054048
5522	0.00013444474321054048
38671	0.00013444474321054048
7752	0.00013444474321054048
23180	0.00026888948642108095
38672	0.004033342296316214
38673	0.00013444474321054048
10093	0.00013444474321054048
38674	0.0016133369185264857
38675	0.00026888948642108095
38676	0.0005377789728421619
38677	0.0005377789728421619
14647	0.00026888948642108095
38678	0.0012100026888948643
38679	0.00013444474321054048
14771	0.00013444474321054048
38680	0.00013444474321054048
35537	0.00013444474321054048
38681	0.0008066684592632429
2164	0.00026888948642108095
38682	0.00026888948642108095
95	0.0005377789728421619
1116	0.00026888948642108095
38683	0.0005377789728421619
38684	0.00013444474321054048
22104	0.00013444474321054048
38685	0.00820112933584297
38686	0.00013444474321054048
18057	0.00013444474321054048
38687	0.00040333422963162143
38688	0.00026888948642108095
2386	0.0005377789728421619
38689	0.0008066684592632429
5089	0.00026888948642108095
38690	0.002285560634579188
38691	0.0009411132024737833
38692	0.0008066684592632429
7670	0.0008066684592632429
38693	0.0012100026888948643
38694	0.0010755579456843238
18961	0.00026888948642108095
38695	0.014788921753159451
4645	0.00026888948642108095
17121	0.00013444474321054048
38696	0.00013444474321054048
19001	0.00013444474321054048
38697	0.00013444474321054048
38698	0.0012100026888948643
38699	0.0016133369185264857
38700	0.0010755579456843238
38701	0.0005377789728421619
1949	0.00026888948642108095
38702	0.00013444474321054048
20411	0.00013444474321054048
38703	0.0005377789728421619
4557	0.00026888948642108095
38704	0.0012100026888948643
38705	0.00013444474321054048
1467	0.00013444474321054048
38706	0.00013444474321054048
26227	0.00013444474321054048
38707	0.0016133369185264857
38708	0.00013444474321054048
38709	0.00013444474321054048
38710	0.0005377789728421619
38711	0.0012100026888948643
38712	0.0016133369185264857
38713	0.00013444474321054048
29393	0.00013444474321054048
38714	0.004840010755579457
38715	0.0005377789728421619
7639	0.00026888948642108095
15706	0.0008066684592632429
38716	0.00026888948642108095
38717	0.00026888948642108095
8805	0.00013444474321054048
38718	0.00013444474321054048
38719	0.0013444474321054048
38720	0.0010755579456843238
38721	0.00013444474321054048
16852	0.00013444474321054048
25617	0.00026888948642108095
38722	0.0010755579456843238
38723	0.00040333422963162143
67	0.002016671148158107
38724	0.016940037644528103
38725	0.0005377789728421619
20041	0.00026888948642108095
38726	0.00026888948642108095
777	0.0005377789728421619
38727	0.00013444474321054048
30078	0.00013444474321054048
38728	0.0009411132024737833
38729	0.0013444474321054048
38730	0.00013444474321054048
36211	0.00013444474321054048
38731	0.0013444474321054048
625	0.005377789728421619
38732	0.00013444474321054048
5840	0.00013444474321054048
38733	0.00013444474321054048
5384	0.00013444474321054048
24396	0.00013444474321054048
38734	0.00013444474321054048
26421	0.00026888948642108095
38735	0.0008066684592632429
38736	0.00013444474321054048
253	0.00013444474321054048
38737	0.0012100026888948643
30461	0.00040333422963162143
38738	0.00013444474321054048
14915	0.00013444474321054048
38739	0.0005377789728421619
9788	0.00026888948642108095
38740	0.00013444474321054048
22568	0.00013444474321054048
38741	0.0010755579456843238
15956	0.00026888948642108095
38742	0.014788921753159451
8964	0.00026888948642108095
38743	0.0017477816617370262
38744	0.00013444474321054048
9614	0.00013444474321054048
38745	0.0017477816617370262
38746	0.004571121269158376
38747	0.0005377789728421619
12033	0.0013444474321054048
38748	0.006453347674105943
38749	0.00026888948642108095
23946	0.0010755579456843238
38750	0.0005377789728421619
15886	0.0021511158913686476
38751	0.00013444474321054048
23908	0.00013444474321054048
38752	0.00013444474321054048
18630	0.00013444474321054048
38753	0.00026888948642108095
19805	0.0008066684592632429
38754	0.0008066684592632429
21572	0.00026888948642108095
38755	0.00013444474321054048
23080	0.00013444474321054048
30163	0.00040333422963162143
38756	0.007260016133369186
38757	0.011831137402527562
15282	0.00013444474321054048
38758	0.00013444474321054048
38759	0.0010755579456843238
38760	0.002285560634579188
38761	0.00026888948642108095
38762	0.0005377789728421619
5338	0.00026888948642108095
38763	0.00013444474321054048
21242	0.00013444474321054048
38764	0.00013444474321054048
14394	0.00013444474321054048
38765	0.0012100026888948643
38766	0.0010755579456843238
8974	0.00860446356547459
38767	0.00013444474321054048
5041	0.00013444474321054048
38768	0.010217800484001078
38769	0.00013444474321054048
23393	0.00013444474321054048
38770	0.0024200053777897286
38771	0.00013444474321054048
21499	0.00013444474321054048
38772	0.0005377789728421619
32851	0.00026888948642108095
38773	0.00013444474321054048
16291	0.00013444474321054048
38774	0.0008066684592632429
24806	0.00026888948642108095
38775	0.003361118580263512
38776	0.010486689970422158
38777	0.00013444474321054048
2883	0.00013444474321054048
38778	0.007797795106211348
38779	0.00013444474321054048
29580	0.00013444474321054048
38780	0.0005377789728421619
38781	0.0013444474321054048
16784	0.00026888948642108095
38782	0.00013444474321054048
31942	0.00013444474321054048
38783	0.00578112395805324
38784	0.0006722237160527024
38785	0.0008066684592632429
11727	0.00026888948642108095
38786	0.00026888948642108095
20140	0.0008066684592632429
38787	0.0005377789728421619
38788	0.0009411132024737833
38789	0.0032266738370529714
14700	0.00026888948642108095
38790	0.00013444474321054048
17644	0.00013444474321054048
5488	0.00013444474321054048
38791	0.00013444474321054048
38792	0.00013444474321054048
2300	0.00013444474321054048
38793	0.00013444474321054048
13378	0.00013444474321054048
38794	0.003092229093842431
38795	0.0005377789728421619
33933	0.00026888948642108095
38796	0.0005377789728421619
38797	0.00820112933584297
38798	0.00013444474321054048
32626	0.00013444474321054048
38799	0.00026888948642108095
27695	0.00013444474321054048
38800	0.00013444474321054048
38801	0.00026888948642108095
9277	0.0005377789728421619
38802	0.0008066684592632429
38803	0.00013444474321054048
20490	0.00013444474321054048
38804	0.014788921753159451
6944	0.00026888948642108095
38805	0.00820112933584297
13300	0.00026888948642108095
38806	0.0008066684592632429
38807	0.00013444474321054048
22331	0.00013444474321054048
38808	0.0005377789728421619
34469	0.00026888948642108095
38809	0.0016133369185264857
38810	0.002016671148158107
38811	0.011831137402527562
38812	0.002016671148158107
38813	0.0016133369185264857
38814	0.00026888948642108095
7449	0.0008066684592632429
12205	0.00040333422963162143
38815	0.0024200053777897286
38816	0.00013444474321054048
24942	0.00013444474321054048
38817	0.0032266738370529714
38818	0.0037644528098951333
38819	0.004302231782737295
38820	0.00013444474321054048
6131	0.00013444474321054048
38821	0.0008066684592632429
1451	0.00026888948642108095
38822	0.00013444474321054048
3723	0.00013444474321054048
38823	0.00013444474321054048
15500	0.00013444474321054048
38824	0.00013444474321054048
6990	0.00013444474321054048
38825	0.00026888948642108095
19365	0.0005377789728421619
24255	0.00026888948642108095
38826	0.01667114815810702
38827	0.00013444474321054048
15918	0.00013444474321054048
38828	0.011831137402527562
7198	0.0010755579456843238
38829	0.0008066684592632429
38830	0.00013444474321054048
38831	0.00013444474321054048
38832	0.00013444474321054048
18078	0.00013444474321054048
38833	0.00013444474321054048
1661	0.00013444474321054048
5417	0.00013444474321054048
38834	0.00013444474321054048
38835	0.00013444474321054048
14887	0.00013444474321054048
38836	0.00026888948642108095
38837	0.004033342296316214
38838	0.002554450121000269
38839	0.0024200053777897286
38840	0.00026888948642108095
13286	0.0005377789728421619
38841	0.0014788921753159452
38842	0.00040333422963162143
1144	0.002016671148158107
38843	0.00013444474321054048
8898	0.00013444474321054048
1315	0.00040333422963162143
38844	0.0024200053777897286
38845	0.00013444474321054048
781	0.00013444474321054048
38846	0.00026888948642108095
18252	0.0005377789728421619
38847	0.00026888948642108095
12790	0.0005377789728421619
38848	0.013444474321054046
38849	0.0021511158913686476
499	0.006722237160527024
38850	0.00040333422963162143
21997	0.0012100026888948643
38851	0.00013444474321054048
6977	0.00013444474321054048
28027	0.00026888948642108095
38852	0.0005377789728421619
38853	0.00820112933584297
38854	0.00013444474321054048
257	0.00013444474321054048
25163	0.00026888948642108095
38855	0.0005377789728421619
38856	0.00040333422963162143
817	0.0012100026888948643
38857	0.00026888948642108095
6053	0.0005377789728421619
38858	0.00026888948642108095
1690	0.0005377789728421619
38859	0.00040333422963162143
38860	0.00013444474321054048
6917	0.00013444474321054048
5513	0.00013444474321054048
38861	0.00013444474321054048
10444	0.00026888948642108095
38862	0.0008066684592632429
38863	0.00026888948642108095
38864	0.0037644528098951333
30565	0.0008066684592632429
38865	0.00013444474321054048
36485	0.00013444474321054048
38866	0.0012100026888948643
11	0.00040333422963162143
38867	0.0008066684592632429
19343	0.0010755579456843238
38868	0.0006722237160527024
38869	0.0008066684592632429
2045	0.0010755579456843238
38870	0.00013444474321054048
9042	0.00013444474321054048
2412	0.00026888948642108095
38871	0.0005377789728421619
38872	0.0006722237160527024
38873	0.002016671148158107
38874	0.004571121269158376
32475	0.00013444474321054048
38875	0.00013444474321054048
38876	0.00013444474321054048
28428	0.00013444474321054048
38877	0.0005377789728421619
4984	0.00026888948642108095
16296	0.00026888948642108095
38878	0.0010755579456843238
38879	0.00026888948642108095
23964	0.00026888948642108095
38880	0.0005377789728421619
38881	0.0010755579456843238
2721	0.0010755579456843238
38882	0.0010755579456843238
661	0.0024200053777897286
38883	0.00013444474321054048
6014	0.00013444474321054048
28668	0.00026888948642108095
38884	0.0005377789728421619
38885	0.0013444474321054048
38886	0.012100026888948642
38887	0.00040333422963162143
6109	0.002016671148158107
38888	0.00013444474321054048
9374	0.00013444474321054048
14952	0.00013444474321054048
38889	0.00013444474321054048
38890	0.00026888948642108095
30821	0.00026888948642108095
38891	0.0008066684592632429
38892	0.00013444474321054048
1674	0.00013444474321054048
38893	0.004840010755579457
38894	0.0008066684592632429
35628	0.00026888948642108095
38895	0.00013444474321054048
10682	0.00013444474321054048
38896	0.0005377789728421619
29948	0.00026888948642108095
38897	0.00013444474321054048
8148	0.00013444474321054048
38898	0.003092229093842431
38899	0.0005377789728421619
33561	0.00026888948642108095
38900	0.00013444474321054048
8100	0.00013444474321054048
38901	0.00013444474321054048
16424	0.00013444474321054048
38902	0.0018822264049475667
12291	0.0037644528098951333
38903	0.0010755579456843238
3893	0.0016133369185264857
38904	0.0016133369185264857
38905	0.004302231782737295
3189	0.00026888948642108095
4724	0.00026888948642108095
38906	0.011831137402527562
38907	0.00026888948642108095
8102	0.0005377789728421619
38908	0.00026888948642108095
381	0.00040333422963162143
38909	0.004033342296316214
38910	0.0008066684592632429
38911	0.0013444474321054048
38912	0.00013444474321054048
3133	0.00013444474321054048
38913	0.00040333422963162143
28498	0.0016133369185264857
38914	0.00026888948642108095
11788	0.0005377789728421619
38915	0.00026888948642108095
25565	0.0005377789728421619
38916	0.015057811239580533
38917	0.0010755579456843238
38918	0.0005377789728421619
35424	0.00026888948642108095
38919	0.0026888948642108095
5934	0.00026888948642108095
38920	0.0009411132024737833
38921	0.0016133369185264857
38922	0.002016671148158107
17317	0.00026888948642108095
38923	0.0005377789728421619
38924	0.00013444474321054048
29026	0.00013444474321054048
11501	0.00013444474321054048
38925	0.00013444474321054048
38926	0.00013444474321054048
2278	0.00013444474321054048
38927	0.00040333422963162143
38928	0.00013444474321054048
10184	0.00013444474321054048
38929	0.00026888948642108095
21798	0.0005377789728421619
38930	0.0005377789728421619
7360	0.00026888948642108095
36774	0.00013444474321054048
38931	0.00013444474321054048
38932	0.00040333422963162143
5131	0.0012100026888948643
38933	0.00013444474321054048
8864	0.00013444474321054048
38934	0.0006722237160527024
25077	0.00026888948642108095
38935	0.0010755579456843238
38936	0.00013444474321054048
1718	0.00013444474321054048
38937	0.003092229093842431
38938	0.00013444474321054048
24221	0.00013444474321054048
728	0.00013444474321054048
38939	0.00013444474321054048
38940	0.00013444474321054048
7871	0.00013444474321054048
38941	0.0032266738370529714
22124	0.00026888948642108095
38942	0.00013444474321054048
8250	0.00013444474321054048
38943	0.00013444474321054048
26994	0.00013444474321054048
38944	0.00040333422963162143
38945	0.0012100026888948643
38946	0.00040333422963162143
28545	0.0012100026888948643
38947	0.00026888948642108095
38948	0.0008066684592632429
38949	0.0008066684592632429
22139	0.00026888948642108095
38950	0.00026888948642108095
22284	0.0005377789728421619
38951	0.00026888948642108095
915	0.0005377789728421619
38952	0.00013444474321054048
2155	0.00013444474321054048
38953	0.007260016133369186
38954	0.00013444474321054048
11567	0.00013444474321054048
38955	0.0005377789728421619
4348	0.0026888948642108095
1506	0.00013444474321054048
38956	0.00013444474321054048
27468	0.00026888948642108095
38957	0.0005377789728421619
38958	0.00040333422963162143
38959	0.00026888948642108095
11023	0.0005377789728421619
38960	0.002016671148158107
38961	0.00013444474321054048
3053	0.00013444474321054048
2714	0.00282333960742135
38962	0.0018822264049475667
38963	0.00026888948642108095
19835	0.0005377789728421619
38964	0.0013444474321054048
38965	0.00013444474321054048
27814	0.00013444474321054048
38966	0.0008066684592632429
21932	0.00026888948642108095
34533	0.00013444474321054048
38967	0.00013444474321054048
38968	0.010217800484001076
38969	0.0010755579456843238
38970	0.00013444474321054048
15978	0.00013444474321054048
38971	0.0006722237160527024
4703	0.004705566012368916
38972	0.0005377789728421619
21223	0.00026888948642108095
36275	0.00013444474321054048
38973	0.00013444474321054048
38974	0.002554450121000269
38975	0.002016671148158107
38976	0.00026888948642108095
33499	0.0005377789728421619
38977	0.00040333422963162143
18062	0.0012100026888948643
38978	0.012100026888948642
1984	0.00013444474321054048
38979	0.00013444474321054048
38980	0.0012100026888948643
38981	0.0010755579456843238
2882	0.00026888948642108095
38982	0.00013444474321054048
38983	0.00013444474321054048
38984	0.00040333422963162143
38985	0.00013444474321054048
14374	0.00013444474321054048
23633	0.00013444474321054048
38986	0.00013444474321054048
38987	0.008335574079053509
38988	0.00040333422963162143
2474	0.0010755579456843238
38989	0.005243344985211078
38990	0.00040333422963162143
38991	0.0008066684592632429
38992	0.0006722237160527024
38993	0.00013444474321054048
25173	0.00013444474321054048
38994	0.00026888948642108095
15580	0.0005377789728421619
29295	0.00026888948642108095
38995	0.0005377789728421619
38996	0.00013444474321054048
1907	0.00013444474321054048
692	0.0008066684592632429
38997	0.00026888948642108095
38998	0.00013444474321054048
16887	0.00013444474321054048
38999	0.00013444474321054048
5190	0.00013444474321054048
39000	0.0010755579456843238
4831	0.00026888948642108095
39001	0.0016133369185264857
39002	0.00013444474321054048
36266	0.00013444474321054048
6681	0.00013444474321054048
39003	0.00013444474321054048
39004	0.0008066684592632429
39005	0.0006722237160527024
32903	0.00013444474321054048
39006	0.00013444474321054048
39007	0.00013444474321054048
16966	0.00013444474321054048
39008	0.00013444474321054048
16561	0.00013444474321054048
39009	0.00040333422963162143
419	0.00026888948642108095
39010	0.0005377789728421619
39011	0.00026888948642108095
24406	0.0005377789728421619
39012	0.00013444474321054048
23297	0.00013444474321054048
39013	0.0008066684592632429
39014	0.00820112933584297
39015	0.0008066684592632429
39016	0.0010755579456843238
26632	0.00026888948642108095
5511	0.0010755579456843238
39017	0.0008066684592632429
39018	0.0018822264049475667
39019	0.0008066684592632429
25726	0.00026888948642108095
39020	0.00026888948642108095
39021	0.00013444474321054048
28833	0.00013444474321054048
39022	0.00013444474321054048
1525	0.00013444474321054048
39023	0.0010755579456843238
39024	0.0008066684592632429
4101	0.0010755579456843238
39025	0.0016133369185264857
8361	0.0010755579456843238
39026	0.0008066684592632429
15736	0.0008066684592632429
39027	0.0010755579456843238
14571	0.0008066684592632429
39028	0.0005377789728421619
7383	0.00026888948642108095
39029	0.007797795106211348
39030	0.00026888948642108095
11884	0.0010755579456843238
36765	0.00026888948642108095
39031	0.0024200053777897286
39032	0.00026888948642108095
39033	0.0037644528098951333
39034	0.0013444474321054048
39035	0.0005377789728421619
664	0.0021511158913686476
39036	0.00013444474321054048
25685	0.00013444474321054048
39037	0.002016671148158107
32145	0.0010755579456843238
39038	0.0013444474321054048
11540	0.00026888948642108095
39039	0.00013444474321054048
10099	0.00013444474321054048
39040	0.00026888948642108095
14677	0.0010755579456843238
39041	0.00026888948642108095
12949	0.0008066684592632429
39042	0.00013444474321054048
5344	0.00013444474321054048
39043	0.00013444474321054048
2512	0.00013444474321054048
39044	0.00026888948642108095
9866	0.0005377789728421619
39045	0.0021511158913686476
39046	0.00013444474321054048
18913	0.00013444474321054048
39047	0.0008066684592632429
39048	0.0005377789728421619
8057	0.00026888948642108095
39049	0.00026888948642108095
2910	0.0005377789728421619
39050	0.0021511158913686476
39051	0.00013444474321054048
9372	0.00013444474321054048
39052	0.00013444474321054048
4059	0.00013444474321054048
39053	0.0024200053777897286
39054	0.00013444474321054048
2865	0.00013444474321054048
39055	0.00026888948642108095
39056	0.00820112933584297
39057	0.00026888948642108095
10744	0.0005377789728421619
39058	0.00013444474321054048
16062	0.00013444474321054048
39059	0.00013444474321054048
28478	0.00013444474321054048
39060	0.0006722237160527024
39061	0.00026888948642108095
1362	0.0005377789728421619
7841	0.00026888948642108095
39062	0.0024200053777897286
39063	0.00013444474321054048
36791	0.00013444474321054048
39064	0.00026888948642108095
5609	0.0005377789728421619
39065	0.00820112933584297
39066	0.00013444474321054048
12828	0.00013444474321054048
39067	0.00013444474321054048
5499	0.00013444474321054048
39068	0.00013444474321054048
12905	0.00013444474321054048
39069	0.0008066684592632429
13785	0.00026888948642108095
39070	0.0005377789728421619
39071	0.00013444474321054048
5439	0.00013444474321054048
33864	0.00013444474321054048
39072	0.00013444474321054048
5995	0.00013444474321054048
39073	0.00013444474321054048
39074	0.00040333422963162143
39075	0.007260016133369186
39076	0.0005377789728421619
39077	0.00026888948642108095
8066	0.0008066684592632429
39078	0.00013444474321054048
6823	0.00013444474321054048
39079	0.0005377789728421619
3336	0.00026888948642108095
39080	0.0005377789728421619
7597	0.00026888948642108095
39081	0.00013444474321054048
17009	0.00013444474321054048
39082	0.00013444474321054048
3371	0.00013444474321054048
39083	0.0005377789728421619
39084	0.00026888948642108095
21323	0.0005377789728421619
39085	0.0006722237160527024
3671	0.00013444474321054048
39086	0.00013444474321054048
39087	0.00013444474321054048
15102	0.00013444474321054048
39088	0.00026888948642108095
4531	0.0005377789728421619
39089	0.00026888948642108095
13979	0.0005377789728421619
39090	0.0013444474321054048
14925	0.004840010755579457
39091	0.0021511158913686476
39092	0.0008066684592632429
39093	0.00026888948642108095
1617	0.0005377789728421619
34025	0.00026888948642108095
39094	0.0005377789728421619
39095	0.00026888948642108095
39096	0.0010755579456843238
39097	0.00013444474321054048
4791	0.00013444474321054048
39098	0.0010755579456843238
9599	0.0016133369185264857
9563	0.00026888948642108095
39099	0.0032266738370529714
39100	0.00026888948642108095
7796	0.0005377789728421619
39101	0.0005377789728421619
12738	0.0026888948642108095
39102	0.00013444474321054048
550	0.00013444474321054048
39103	0.0009411132024737833
39104	0.00026888948642108095
33944	0.0005377789728421619
39105	0.00013444474321054048
6888	0.00013444474321054048
39106	0.007260016133369186
39107	0.00026888948642108095
7958	0.0005377789728421619
39108	0.00026888948642108095
2224	0.00013444474321054048
39109	0.00013444474321054048
39110	0.0013444474321054048
39111	0.0006722237160527024
39112	0.0010755579456843238
39113	0.00013444474321054048
6755	0.00013444474321054048
39114	0.012100026888948642
39115	0.0005377789728421619
23293	0.00026888948642108095
39116	0.0005377789728421619
39117	0.00026888948642108095
15235	0.0005377789728421619
39118	0.0008066684592632429
21895	0.0013444474321054048
11990	0.0010755579456843238
39119	0.0010755579456843238
39120	0.0010755579456843238
39121	0.00026888948642108095
39122	0.00013444474321054048
3434	0.00013444474321054048
39123	0.00026888948642108095
39124	0.002016671148158107
39125	0.00013444474321054048
75	0.00013444474321054048
28719	0.00026888948642108095
39126	0.0010755579456843238
39127	0.00013444474321054048
1981	0.00013444474321054048
39128	0.00013444474321054048
20343	0.00013444474321054048
1660	0.00013444474321054048
39129	0.00013444474321054048
1734	0.00026888948642108095
39130	0.0005377789728421619
39131	0.0005377789728421619
13996	0.00026888948642108095
21738	0.00026888948642108095
39132	0.0005377789728421619
39133	0.00013444474321054048
814	0.00013444474321054048
39134	0.0010755579456843238
39135	0.00026888948642108095
917	0.0005377789728421619
39136	0.00013444474321054048
14524	0.00013444474321054048
39137	0.0010755579456843238
8012	0.0008066684592632429
39138	0.0016133369185264857
23918	0.00026888948642108095
39139	0.0005377789728421619
39140	0.0005377789728421619
3547	0.00026888948642108095
39141	0.00820112933584297
39142	0.004302231782737295
39143	0.00013444474321054048
3021	0.00013444474321054048
39144	0.0010755579456843238
39145	0.0005377789728421619
17164	0.00026888948642108095
39146	0.002016671148158107
39147	0.004033342296316214
4788	0.00013444474321054048
39148	0.00013444474321054048
39149	0.0005377789728421619
23955	0.00026888948642108095
33718	0.00013444474321054048
39150	0.00013444474321054048
39151	0.00040333422963162143
39152	0.0005377789728421619
7286	0.00026888948642108095
39153	0.00040333422963162143
39154	0.00026888948642108095
2756	0.0005377789728421619
39155	0.0005377789728421619
14501	0.00026888948642108095
39156	0.00026888948642108095
39157	0.0018822264049475667
39158	0.0008066684592632429
39159	0.00013444474321054048
15639	0.00013444474321054048
39160	0.00026888948642108095
532	0.0005377789728421619
39161	0.002554450121000269
39162	0.007797795106211348
39163	0.00026888948642108095
9988	0.0005377789728421619
4258	0.00026888948642108095
39164	0.0008066684592632429
39165	0.00013444474321054048
36020	0.00013444474321054048
39166	0.0012100026888948643
39167	0.0016133369185264857
11171	0.00026888948642108095
39168	0.0005377789728421619
39169	0.00026888948642108095
39170	0.0032266738370529714
39171	0.0010755579456843238
39172	0.00013444474321054048
20859	0.00013444474321054048
39173	0.00013444474321054048
22413	0.00013444474321054048
39174	0.004571121269158376
39175	0.004974455498789998
33122	0.00026888948642108095
39176	0.011831137402527562
39177	0.0012100026888948643
39178	0.0005377789728421619
39179	0.00040333422963162143
5375	0.0012100026888948643
39180	0.00013444474321054048
7747	0.00013444474321054048
39181	0.00013444474321054048
36832	0.00013444474321054048
39182	0.00040333422963162143
2005	0.0016133369185264857
7182	0.0010755579456843238
39183	0.0032266738370529714
39184	0.00026888948642108095
39185	0.0005377789728421619
34583	0.00026888948642108095
39186	0.0018822264049475667
39187	0.0008066684592632429
39188	0.0021511158913686476
8915	0.00026888948642108095
39189	0.004571121269158376
7269	0.0010755579456843238
39190	0.00026888948642108095
39191	0.0006722237160527024
23696	0.00013444474321054048
39192	0.00013444474321054048
39193	0.0005377789728421619
39194	0.0026888948642108095
39195	0.0008066684592632429
15240	0.00013444474321054048
39196	0.00013444474321054048
39197	0.0008066684592632429
39198	0.007260016133369186
23668	0.00026888948642108095
39199	0.0005377789728421619
39200	0.00013444474321054048
7116	0.00013444474321054048
39201	0.00026888948642108095
39202	0.0005377789728421619
5394	0.00026888948642108095
39203	0.00026888948642108095
39204	0.00026888948642108095
4710	0.00026888948642108095
39205	0.0005377789728421619
34832	0.00026888948642108095
39206	0.0005377789728421619
39207	0.0013444474321054048
23974	0.0010755579456843238
39208	0.00013444474321054048
34521	0.00013444474321054048
39209	0.0008066684592632429
13840	0.00026888948642108095
39210	0.0005377789728421619
39211	0.00026888948642108095
39212	0.0008066684592632429
39213	0.00013444474321054048
22233	0.00013444474321054048
39214	0.00026888948642108095
1893	0.0005377789728421619
39215	0.00013444474321054048
9567	0.00013444474321054048
39216	0.004302231782737295
39217	0.00040333422963162143
1147	0.0012100026888948643
39218	0.0032266738370529714
39219	0.0008066684592632429
39220	0.00026888948642108095
39221	0.00013444474321054048
19680	0.00013444474321054048
9509	0.00026888948642108095
39222	0.0005377789728421619
39223	0.00013444474321054048
4623	0.00013444474321054048
39224	0.004436676525947836
10776	0.00040333422963162143
39225	0.0006722237160527024
39226	0.00026888948642108095
12028	0.0008066684592632429
39227	0.00013444474321054048
2358	0.00013444474321054048
39228	0.0021511158913686476
39229	0.00013444474321054048
6015	0.00013444474321054048
39230	0.004840010755579457
39231	0.00013444474321054048
3474	0.00013444474321054048
12917	0.00040333422963162143
39232	0.0016133369185264857
39233	0.003092229093842431
39234	0.0008066684592632429
39235	0.00013444474321054048
7106	0.00013444474321054048
39236	0.0006722237160527024
39237	0.00013444474321054048
14923	0.00013444474321054048
39238	0.00013444474321054048
18728	0.00013444474321054048
39239	0.0005377789728421619
21470	0.00026888948642108095
39240	0.0008066684592632429
39241	0.00013444474321054048
16040	0.00013444474321054048
28709	0.00026888948642108095
39242	0.0005377789728421619
39243	0.0012100026888948643
39244	0.00013444474321054048
22673	0.00013444474321054048
39245	0.00040333422963162143
39246	0.004033342296316214
39247	0.0012100026888948643
39248	0.00040333422963162143
39249	0.00026888948642108095
39250	0.0010755579456843238
39251	0.00013444474321054048
6412	0.00013444474321054048
39252	0.00040333422963162143
39253	0.0005377789728421619
39254	0.00026888948642108095
12253	0.00026888948642108095
39255	0.0008066684592632429
39256	0.0006722237160527024
39257	0.002016671148158107
39258	0.00013444474321054048
34406	0.00013444474321054048
39259	0.00013444474321054048
4746	0.00013444474321054048
39260	0.0009411132024737833
39261	0.007797795106211348
39262	0.00013444474321054048
6925	0.00013444474321054048
39263	0.0009411132024737833
20771	0.00013444474321054048
39264	0.00013444474321054048
39265	0.0005377789728421619
39266	0.0024200053777897286
39267	0.0005377789728421619
39268	0.00040333422963162143
39269	0.0005377789728421619
39270	0.00820112933584297
39271	0.00013444474321054048
7393	0.00013444474321054048
39272	0.00013444474321054048
5400	0.00013444474321054048
39273	0.0008066684592632429
11313	0.00026888948642108095
39274	0.0005377789728421619
34050	0.00026888948642108095
39275	0.003092229093842431
39276	0.00013444474321054048
18468	0.00013444474321054048
39277	0.00013444474321054048
5304	0.00013444474321054048
39278	0.00013444474321054048
3552	0.00013444474321054048
39279	0.00013444474321054048
7943	0.00013444474321054048
39280	0.0009411132024737833
32080	0.00013444474321054048
39281	0.00013444474321054048
39282	0.00013444474321054048
28053	0.00013444474321054048
16803	0.00026888948642108095
39283	0.0008066684592632429
39284	0.00013444474321054048
29909	0.00013444474321054048
39285	0.00026888948642108095
39286	0.0006722237160527024
2939	0.003361118580263512
39287	0.00026888948642108095
6149	0.0005377789728421619
39288	0.00013444474321054048
32685	0.00013444474321054048
39289	0.0018822264049475667
39290	0.00026888948642108095
31414	0.0008066684592632429
39291	0.00026888948642108095
39292	0.010755579456843238
7698	0.0024200053777897286
39293	0.00040333422963162143
2569	0.0012100026888948643
39294	0.0016133369185264857
39295	0.0009411132024737833
39296	0.0006722237160527024
39297	0.0013444474321054048
25083	0.00026888948642108095
39298	0.0005377789728421619
39299	0.00013444474321054048
25499	0.00013444474321054048
39300	0.00040333422963162143
39301	0.00013444474321054048
11516	0.00013444474321054048
2188	0.0024200053777897286
39302	0.00040333422963162143
39303	0.00026888948642108095
25801	0.0005377789728421619
39304	0.0024200053777897286
15373	0.0008066684592632429
39305	0.0016133369185264857
17866	0.00013444474321054048
39306	0.00013444474321054048
39307	0.00026888948642108095
39308	0.0005377789728421619
39309	0.0005377789728421619
4077	0.00026888948642108095
39310	0.00013444474321054048
15645	0.00013444474321054048
39311	0.00013444474321054048
27364	0.00013444474321054048
39312	0.002285560634579188
39313	0.00040333422963162143
39314	0.0005377789728421619
10893	0.00026888948642108095
39315	0.00013444474321054048
6240	0.00013444474321054048
39316	0.00026888948642108095
39317	0.0013444474321054048
16293	0.00040333422963162143
39318	0.0012100026888948643
39319	0.00013444474321054048
16946	0.00013444474321054048
39320	0.0005377789728421619
6456	0.00026888948642108095
39321	0.00026888948642108095
39322	0.00026888948642108095
39323	0.00026888948642108095
35007	0.00013444474321054048
39324	0.00013444474321054048
39325	0.007260016133369186
39326	0.015730034955633236
39327	0.00013444474321054048
30302	0.00013444474321054048
39328	0.0013444474321054048
39329	0.0005377789728421619
39330	0.00013444474321054048
16021	0.00013444474321054048
39331	0.0010755579456843238
39332	0.00013444474321054048
4421	0.00013444474321054048
39333	0.0006722237160527024
39334	0.00013444474321054048
5487	0.00013444474321054048
39335	0.0024200053777897286
39336	0.00026888948642108095
39337	0.00026888948642108095
21545	0.0024200053777897286
39338	0.00040333422963162143
39339	0.00013444474321054048
19351	0.00013444474321054048
39340	0.00026888948642108095
39341	0.00026888948642108095
5468	0.0005377789728421619
39342	0.00026888948642108095
6153	0.0010755579456843238
39343	0.012100026888948642
39344	0.00013444474321054048
12012	0.00013444474321054048
39345	0.00847001882226405
39346	0.00013444474321054048
16087	0.00013444474321054048
30920	0.00013444474321054048
39347	0.00013444474321054048
39348	0.0009411132024737833
39349	0.0010755579456843238
39350	0.0026888948642108095
39351	0.0009411132024737833
39352	0.0008066684592632429
39353	0.0005377789728421619
7253	0.0021511158913686476
39354	0.00013444474321054048
13473	0.00013444474321054048
39355	0.00026888948642108095
39356	0.00040333422963162143
23484	0.0012100026888948643
39357	0.00026888948642108095
39358	0.0014788921753159452
39359	0.003361118580263512
39360	0.0005377789728421619
2187	0.00026888948642108095
39361	0.00013444474321054048
8226	0.00013444474321054048
39362	0.00040333422963162143
39363	0.00013444474321054048
12968	0.00013444474321054048
21524	0.00013444474321054048
39364	0.00013444474321054048
5927	0.00026888948642108095
39365	0.0005377789728421619
39366	0.00026888948642108095
7092	0.0010755579456843238
30381	0.00026888948642108095
39367	0.004033342296316214
39368	0.00013444474321054048
5623	0.00013444474321054048
12818	0.00026888948642108095
39369	0.0016133369185264857
39370	0.00013444474321054048
36677	0.00013444474321054048
39371	0.010755579456843238
39372	0.00013444474321054048
17992	0.00013444474321054048
39373	0.0021511158913686476
16672	0.00026888948642108095
39374	0.00026888948642108095
39375	0.00013444474321054048
9749	0.00013444474321054048
39376	0.010217800484001076
39377	0.0008066684592632429
14479	0.00026888948642108095
39378	0.00013444474321054048
9044	0.00013444474321054048
39379	0.0010755579456843238
39380	0.00026888948642108095
39381	0.0005377789728421619
39382	0.002016671148158107
39383	0.00013444474321054048
2463	0.00013444474321054048
39384	0.0008066684592632429
39385	0.00026888948642108095
39386	0.00013444474321054048
6691	0.00013444474321054048
39387	0.00013444474321054048
8897	0.00013444474321054048
39388	0.00026888948642108095
39389	0.003092229093842431
39390	0.00026888948642108095
39391	0.00013444474321054048
23363	0.00013444474321054048
39392	0.0005377789728421619
10134	0.00026888948642108095
39393	0.0018822264049475667
39394	0.0009411132024737833
39395	0.00013444474321054048
25316	0.00013444474321054048
39396	0.00026888948642108095
528	0.0005377789728421619
10032	0.00026888948642108095
39397	0.0010755579456843238
39398	0.00013444474321054048
358	0.00013444474321054048
24154	0.00013444474321054048
39399	0.00013444474321054048
19829	0.00026888948642108095
39400	0.0005377789728421619
39401	0.0010755579456843238
16698	0.0016133369185264857
39402	0.00013444474321054048
6897	0.00013444474321054048
39403	0.00026888948642108095
12614	0.0005377789728421619
39404	0.00013444474321054048
2659	0.00013444474321054048
39405	0.00013444474321054048
32872	0.00013444474321054048
39406	0.00013444474321054048
24909	0.00013444474321054048
39407	0.0012100026888948643
39408	0.00040333422963162143
10357	0.0024200053777897286
39409	0.004571121269158376
39410	0.0009411132024737833
39411	0.0008066684592632429
5142	0.00026888948642108095
39412	0.00013444474321054048
36538	0.00013444474321054048
39413	0.00026888948642108095
39414	0.00820112933584297
39415	0.0005377789728421619
39416	0.0005377789728421619
11434	0.00026888948642108095
39417	0.00013444474321054048
35897	0.00013444474321054048
39418	0.00820112933584297
39419	0.0006722237160527024
39420	0.00820112933584297
39421	0.0012100026888948643
27754	0.00040333422963162143
39422	0.002285560634579188
39423	0.00013444474321054048
26135	0.00013444474321054048
39424	0.0008066684592632429
39425	0.00040333422963162143
39426	0.00013444474321054048
17099	0.00013444474321054048
39427	0.00013444474321054048
4374	0.00013444474321054048
39428	0.00013444474321054048
18050	0.00013444474321054048
39429	0.0005377789728421619
39430	0.00013444474321054048
27950	0.00013444474321054048
39431	0.00026888948642108095
33930	0.0010755579456843238
39432	0.00026888948642108095
39433	0.0005377789728421619
2966	0.00026888948642108095
39434	0.00013444474321054048
16811	0.00013444474321054048
7827	0.00013444474321054048
39435	0.00013444474321054048
39436	0.002016671148158107
11298	0.0010755579456843238
39437	0.0005377789728421619
12203	0.00026888948642108095
39438	0.0010755579456843238
39439	0.0006722237160527024
39440	0.004974455498789998
39441	0.002554450121000269
39442	0.00026888948642108095
14108	0.0005377789728421619
39443	0.00013444474321054048
27259	0.00013444474321054048
39444	0.00026888948642108095
39445	0.00013444474321054048
8786	0.00013444474321054048
39446	0.0006722237160527024
39447	0.010217800484001078
39448	0.0005377789728421619
39449	0.00026888948642108095
39450	0.00026888948642108095
39451	0.00013444474321054048
21859	0.00013444474321054048
14197	0.00013444474321054048
39452	0.00013444474321054048
39453	0.0016133369185264857
39454	0.00013444474321054048
12122	0.00013444474321054048
39455	0.00026888948642108095
39456	0.00013444474321054048
8540	0.00013444474321054048
39457	0.00013444474321054048
12658	0.00013444474321054048
32645	0.00026888948642108095
39458	0.007797795106211348
13159	0.00013444474321054048
39459	0.00013444474321054048
39460	0.00026888948642108095
11786	0.0005377789728421619
39461	0.0006722237160527024
39462	0.00026888948642108095
11629	0.0008066684592632429
39463	0.00026888948642108095
17161	0.0005377789728421619
39464	0.00026888948642108095
39465	0.006453347674105943
35139	0.00026888948642108095
39466	0.00013444474321054048
737	0.00013444474321054048
39467	0.0008066684592632429
35337	0.00026888948642108095
39468	0.014788921753159451
39469	0.0010755579456843238
39470	0.00013444474321054048
14347	0.00013444474321054048
39471	0.00013444474321054048
35538	0.00013444474321054048
39472	0.00013444474321054048
22695	0.00013444474321054048
39473	0.00026888948642108095
2827	0.0005377789728421619
39474	0.00013444474321054048
14030	0.00013444474321054048
39475	0.00026888948642108095
6608	0.0005377789728421619
39476	0.0014788921753159452
39477	0.0008066684592632429
6727	0.0010755579456843238
39478	0.0006722237160527024
39479	0.00013444474321054048
733	0.00013444474321054048
39480	0.0013444474321054048
39481	0.00026888948642108095
39482	0.00013444474321054048
20486	0.00013444474321054048
11400	0.00013444474321054048
39483	0.00013444474321054048
39484	0.00013444474321054048
29139	0.00013444474321054048
39485	0.00013444474321054048
26511	0.00013444474321054048
39486	0.00013444474321054048
10349	0.00013444474321054048
39487	0.0008066684592632429
14499	0.00013444474321054048
39488	0.00013444474321054048
39489	0.00013444474321054048
2767	0.00013444474321054048
39490	0.0013444474321054048
24971	0.00026888948642108095
39491	0.00026888948642108095
32334	0.0005377789728421619
39492	0.004974455498789998
39493	0.00040333422963162143
3896	0.0016133369185264857
39494	0.00040333422963162143
39495	0.0005377789728421619
13051	0.00026888948642108095
39496	0.00026888948642108095
33975	0.00026888948642108095
39497	0.0010755579456843238
39498	0.0005377789728421619
7918	0.00026888948642108095
39499	0.0016133369185264857
39500	0.00026888948642108095
9661	0.00026888948642108095
39501	0.0005377789728421619
39502	0.0008066684592632429
39503	0.00820112933584297
39504	0.00013444474321054048
39505	0.00013444474321054048
39506	0.00013444474321054048
129	0.00013444474321054048
39507	0.00013444474321054048
34413	0.00013444474321054048
39508	0.00013444474321054048
14739	0.00013444474321054048
12395	0.00026888948642108095
39509	0.0005377789728421619
29119	0.00013444474321054048
39510	0.00013444474321054048
39511	0.00040333422963162143
39512	0.00040333422963162143
39513	0.00013444474321054048
2804	0.00013444474321054048
34072	0.00013444474321054048
39514	0.00013444474321054048
39515	0.0021511158913686476
39516	0.004571121269158376
39517	0.0008066684592632429
28309	0.00026888948642108095
39518	0.0018822264049475667
39519	0.00026888948642108095
24416	0.0005377789728421619
39520	0.00026888948642108095
4401	0.0010755579456843238
39521	0.007260016133369186
39522	0.00013444474321054048
971	0.00013444474321054048
39523	0.0008066684592632429
39524	0.00026888948642108095
17179	0.0005377789728421619
39525	0.00013444474321054048
15506	0.00013444474321054048
39526	0.0008066684592632429
39527	0.00013444474321054048
27572	0.00013444474321054048
39528	0.00013444474321054048
8720	0.00013444474321054048
39529	0.004840010755579457
8316	0.00026888948642108095
39530	0.0008066684592632429
39531	0.00040333422963162143
39532	0.00013444474321054048
34701	0.00013444474321054048
39533	0.0021511158913686476
39534	0.0005377789728421619
11640	0.00026888948642108095
39535	0.00026888948642108095
12434	0.0008066684592632429
20991	0.00013444474321054048
39536	0.00013444474321054048
39537	0.007260016133369186
25138	0.00026888948642108095
39538	0.0029577843506318905
24832	0.00026888948642108095
39539	0.0010755579456843238
25272	0.00013444474321054048
39540	0.00013444474321054048
39541	0.00013444474321054048
5781	0.00013444474321054048
39542	0.00040333422963162143
39543	0.009680021511158914
9119	0.00026888948642108095
39544	0.0026888948642108095
39545	0.00026888948642108095
24730	0.0008066684592632429
39546	0.010217800484001078
29476	0.00026888948642108095
39547	0.0006722237160527024
39548	0.00040333422963162143
18981	0.0016133369185264857
39549	0.0009411132024737833
39550	0.00013444474321054048
4180	0.00013444474321054048
39551	0.00013444474321054048
20797	0.00013444474321054048
39552	0.00013444474321054048
28304	0.00013444474321054048
39553	0.00013444474321054048
9821	0.00013444474321054048
39554	0.00013444474321054048
2745	0.00013444474321054048
39555	0.00013444474321054048
2462	0.00013444474321054048
39556	0.0005377789728421619
13447	0.00026888948642108095
39557	0.00013444474321054048
20994	0.00013444474321054048
39558	0.0005377789728421619
39559	0.002016671148158107
39560	0.004840010755579457
39561	0.00013444474321054048
10853	0.00013444474321054048
39562	0.0016133369185264857
39563	0.00026888948642108095
18499	0.0005377789728421619
39564	0.00040333422963162143
39565	0.0010755579456843238
39566	0.00040333422963162143
7224	0.0016133369185264857
39567	0.00026888948642108095
39568	0.0026888948642108095
39569	0.0010755579456843238
39570	0.0012100026888948643
39571	0.00013444474321054048
1679	0.00013444474321054048
39572	0.0005377789728421619
12039	0.0026888948642108095
39573	0.00040333422963162143
39574	0.006453347674105943
39575	0.00013444474321054048
35940	0.00013444474321054048
8385	0.00026888948642108095
39576	0.0024200053777897286
39577	0.00013444474321054048
11377	0.00013444474321054048
39578	0.00013444474321054048
28256	0.00013444474321054048
10491	0.00013444474321054048
39579	0.00013444474321054048
39580	0.00013444474321054048
28899	0.00013444474321054048
39581	0.00013444474321054048
39582	0.00013444474321054048
27254	0.00013444474321054048
39583	0.00013444474321054048
39584	0.0008066684592632429
39585	0.00040333422963162143
39586	0.003092229093842431
39587	0.00013444474321054048
21982	0.00013444474321054048
39588	0.0005377789728421619
29077	0.00013444474321054048
39589	0.00013444474321054048
39590	0.0006722237160527024
39591	0.0005377789728421619
8818	0.00026888948642108095
39592	0.00013444474321054048
1468	0.00013444474321054048
39593	0.00013444474321054048
877	0.00013444474321054048
39594	0.0012100026888948643
39595	0.00820112933584297
39596	0.0018822264049475667
5655	0.00013444474321054048
39597	0.00013444474321054048
3970	0.0016133369185264857
39598	0.00040333422963162143
39599	0.00013444474321054048
1025	0.00013444474321054048
39600	0.00013444474321054048
33661	0.00013444474321054048
39601	0.00040333422963162143
11142	0.0012100026888948643
39602	0.00013444474321054048
12380	0.00013444474321054048
39603	0.0005377789728421619
20468	0.00026888948642108095
823	0.00040333422963162143
39604	0.002016671148158107
39605	0.00013444474321054048
32010	0.00013444474321054048
39606	0.0008066684592632429
39607	0.00013444474321054048
32898	0.00013444474321054048
39608	0.00820112933584297
39609	0.00040333422963162143
39610	0.0005377789728421619
27892	0.00026888948642108095
39611	0.0010755579456843238
39612	0.0005377789728421619
4632	0.00026888948642108095
39613	0.00013444474321054048
10674	0.00013444474321054048
39614	0.00013444474321054048
17581	0.00013444474321054048
39615	0.0018822264049475667
39616	0.0005377789728421619
4497	0.0026888948642108095
39617	0.004974455498789998
39618	0.0009411132024737833
39619	0.0009411132024737833
39620	0.0005377789728421619
39621	0.00013444474321054048
6409	0.00013444474321054048
39622	0.004571121269158376
39623	0.00026888948642108095
39624	0.00026888948642108095
6191	0.0005377789728421619
4829	0.00013444474321054048
39625	0.00013444474321054048
39626	0.00013444474321054048
17904	0.00013444474321054048
39627	0.00013444474321054048
11701	0.00013444474321054048
39628	0.0026888948642108095
11224	0.00026888948642108095
39629	0.0012100026888948643
39630	0.0005377789728421619
16841	0.00026888948642108095
39631	0.0005377789728421619
7046	0.00026888948642108095
39632	0.00013444474321054048
33882	0.00013444474321054048
39633	0.0010755579456843238
119	0.00040333422963162143
39634	0.0006722237160527024
39635	0.00026888948642108095
39636	0.0006722237160527024
6901	0.00026888948642108095
39637	0.0005377789728421619
39638	0.0005377789728421619
31454	0.00026888948642108095
39639	0.0009411132024737833
39640	0.00013444474321054048
1408	0.00013444474321054048
39641	0.00040333422963162143
39642	0.00013444474321054048
16755	0.00013444474321054048
39643	0.00013444474321054048
8982	0.00013444474321054048
39644	0.00820112933584297
39645	0.00026888948642108095
39646	0.00013444474321054048
24863	0.00013444474321054048
39647	0.00013444474321054048
5791	0.00013444474321054048
39648	0.0005377789728421619
10478	0.00026888948642108095
39649	0.007797795106211348
39650	0.0005377789728421619
39651	0.00040333422963162143
39652	0.0005377789728421619
30011	0.00026888948642108095
39653	0.00013444474321054048
26026	0.00013444474321054048
39654	0.00026888948642108095
39655	0.00013444474321054048
2271	0.00013444474321054048
2564	0.00013444474321054048
39656	0.00013444474321054048
39657	0.00026888948642108095
382	0.0005377789728421619
39658	0.00820112933584297
39659	0.00013444474321054048
4801	0.00013444474321054048
39660	0.00013444474321054048
21563	0.00013444474321054048
39661	0.00013444474321054048
2035	0.00013444474321054048
39662	0.0005377789728421619
39663	0.0006722237160527024
39664	0.0005377789728421619
39665	0.00820112933584297
39666	0.0010755579456843238
39667	0.0005377789728421619
39668	0.00013444474321054048
8207	0.00013444474321054048
39669	0.00013444474321054048
7470	0.00013444474321054048
39670	0.00040333422963162143
39671	0.0010755579456843238
26679	0.00026888948642108095
23876	0.00013444474321054048
39672	0.00013444474321054048
39673	0.00013444474321054048
6716	0.00013444474321054048
39674	0.00040333422963162143
39675	0.0010755579456843238
39676	0.0013444474321054048
39677	0.00040333422963162143
39678	0.00013444474321054048
10361	0.00013444474321054048
39679	0.00013444474321054048
28210	0.00013444474321054048
39680	0.00013444474321054048
20956	0.00013444474321054048
39681	0.0026888948642108095
39682	0.0013444474321054048
39683	0.00013444474321054048
1637	0.00013444474321054048
39684	0.00013444474321054048
19336	0.00013444474321054048
39685	0.0021511158913686476
39686	0.00013444474321054048
11547	0.00013444474321054048
39687	0.0009411132024737833
39688	0.0006722237160527024
39689	0.00013444474321054048
24116	0.00013444474321054048
2513	0.00013444474321054048
39690	0.00013444474321054048
11896	0.00013444474321054048
39691	0.00013444474321054048
39692	0.0016133369185264857
39693	0.00026888948642108095
16982	0.0005377789728421619
39694	0.00820112933584297
39695	0.0016133369185264857
39696	0.00026888948642108095
39697	0.0026888948642108095
39698	0.00026888948642108095
39699	0.00040333422963162143
35725	0.00013444474321054048
39700	0.00013444474321054048
28990	0.00013444474321054048
39701	0.00013444474321054048
39702	0.00013444474321054048
29790	0.00013444474321054048
39703	0.00040333422963162143
39704	0.0010755579456843238
4113	0.0008066684592632429
39705	0.0009411132024737833
26378	0.00026888948642108095
39706	0.0013444474321054048
39707	0.00013444474321054048
25331	0.00013444474321054048
39708	0.00013444474321054048
3901	0.00013444474321054048
1678	0.00040333422963162143
39709	0.006856681903737564
39710	0.0005377789728421619
39711	0.00040333422963162143
400	0.0012100026888948643
39712	0.00013444474321054048
1692	0.00013444474321054048
39713	0.00013444474321054048
20420	0.00013444474321054048
39714	0.00040333422963162143
39715	0.00013444474321054048
24425	0.00013444474321054048
39716	0.0006722237160527024
39717	0.0005377789728421619
2247	0.00026888948642108095
39718	0.0005377789728421619
39719	0.00026888948642108095
39720	0.0006722237160527024
39721	0.00013444474321054048
9791	0.00013444474321054048
39722	0.00013444474321054048
33201	0.00013444474321054048
39723	0.0008066684592632429
7366	0.00026888948642108095
39724	0.0009411132024737833
39725	0.00040333422963162143
39726	0.00820112933584297
39727	0.0009411132024737833
39728	0.0008066684592632429
39729	0.0013444474321054048
39730	0.0037644528098951333
39731	0.00013444474321054048
7583	0.00013444474321054048
39732	0.007260016133369186
39733	0.0005377789728421619
21482	0.00026888948642108095
39734	0.00040333422963162143
39735	0.0005377789728421619
39736	0.00026888948642108095
39737	0.00040333422963162143
39738	0.0016133369185264857
20754	0.00013444474321054048
39739	0.00013444474321054048
30529	0.00013444474321054048
39740	0.00013444474321054048
39741	0.00026888948642108095
39742	0.0008066684592632429
39743	0.00013444474321054048
22304	0.00013444474321054048
12857	0.00026888948642108095
39744	0.0005377789728421619
39745	0.0032266738370529714
39746	0.00013444474321054048
15775	0.00013444474321054048
39747	0.00026888948642108095
39748	0.0017477816617370262
39749	0.00013444474321054048
35045	0.00013444474321054048
39750	0.0005377789728421619
1605	0.00026888948642108095
12148	0.002016671148158107
39751	0.00040333422963162143
39752	0.007260016133369186
39753	0.00013444474321054048
58	0.00013444474321054048
39754	0.0008066684592632429
39755	0.0005377789728421619
39756	0.0008066684592632429
39757	0.0008066684592632429
35416	0.0010755579456843238
39758	0.00026888948642108095
39759	0.0013444474321054048
39760	0.0008066684592632429
39761	0.00013444474321054048
26358	0.00013444474321054048
39762	0.00013444474321054048
39763	0.00013444474321054048
39764	0.007260016133369186
39765	0.00013444474321054048
12808	0.00013444474321054048
39766	0.00026888948642108095
39767	0.00013444474321054048
28856	0.00013444474321054048
39768	0.00040333422963162143
39769	0.00013444474321054048
12704	0.00013444474321054048
17245	0.00040333422963162143
39770	0.0016133369185264857
39771	0.0016133369185264857
39772	0.0010755579456843238
10533	0.00026888948642108095
39773	0.00026888948642108095
39774	0.004571121269158376
39775	0.0012100026888948643
39776	0.00013444474321054048
3966	0.00013444474321054048
39777	0.0014788921753159452
39778	0.0006722237160527024
39779	0.00026888948642108095
5102	0.0005377789728421619
39780	0.00026888948642108095
3681	0.0005377789728421619
39781	0.00013444474321054048
10543	0.00013444474321054048
39782	0.00013444474321054048
22618	0.00013444474321054048
39783	0.00013444474321054048
7706	0.00013444474321054048
39784	0.0010755579456843238
8608	0.00013444474321054048
39785	0.00013444474321054048
39786	0.00013444474321054048
31962	0.00013444474321054048
39787	0.00026888948642108095
23866	0.00013444474321054048
39788	0.00013444474321054048
39789	0.00013444474321054048
9139	0.00013444474321054048
39790	0.00026888948642108095
9598	0.0005377789728421619
39791	0.00040333422963162143
39792	0.0005377789728421619
39793	0.00013444474321054048
10401	0.00013444474321054048
39794	0.0009411132024737833
39795	0.0010755579456843238
7916	0.0010755579456843238
39796	0.0010755579456843238
39797	0.0018822264049475667
39798	0.00013444474321054048
17800	0.00013444474321054048
21695	0.00026888948642108095
39799	0.0008066684592632429
39800	0.0018822264049475667
10521	0.00026888948642108095
39801	0.0008066684592632429
8055	0.00026888948642108095
39802	0.0005377789728421619
39803	0.00013444474321054048
29669	0.00013444474321054048
39804	0.00013444474321054048
1279	0.00013444474321054048
20249	0.00013444474321054048
39805	0.00013444474321054048
39806	0.00013444474321054048
25027	0.00013444474321054048
39807	0.00040333422963162143
39808	0.00026888948642108095
39809	0.00013444474321054048
12483	0.00013444474321054048
39810	0.00013444474321054048
23526	0.00013444474321054048
39811	0.00026888948642108095
10471	0.0010755579456843238
39812	0.00013444474321054048
1941	0.00013444474321054048
39813	0.00026888948642108095
6867	0.0008066684592632429
39814	0.00013444474321054048
17333	0.00013444474321054048
39815	0.00013444474321054048
4248	0.00013444474321054048
39816	0.00013444474321054048
22889	0.00013444474321054048
39817	0.0021511158913686476
39818	0.00026888948642108095
21789	0.0008066684592632429
39819	0.00013444474321054048
1738	0.00013444474321054048
39820	0.0005377789728421619
2214	0.00026888948642108095
39821	0.00040333422963162143
39822	0.00026888948642108095
39823	0.00013444474321054048
1486	0.00013444474321054048
39824	0.00013444474321054048
651	0.00013444474321054048
39825	0.0016133369185264857
18865	0.0024200053777897286
39826	0.0014788921753159452
39827	0.00040333422963162143
39828	0.00013444474321054048
25707	0.00013444474321054048
39829	0.00026888948642108095
17628	0.0008066684592632429
39830	0.0006722237160527024
16622	0.00013444474321054048
39831	0.00013444474321054048
39832	0.0008066684592632429
39833	0.002016671148158107
39834	0.00013444474321054048
3116	0.00013444474321054048
39835	0.002016671148158107
39836	0.00013444474321054048
7575	0.00013444474321054048
39837	0.0005377789728421619
39838	0.00013444474321054048
22709	0.00013444474321054048
39839	0.004033342296316214
39840	0.00013444474321054048
2134	0.00013444474321054048
39841	0.00026888948642108095
39842	0.0005377789728421619
36143	0.00026888948642108095
11835	0.00013444474321054048
39843	0.00013444474321054048
39844	0.00026888948642108095
39845	0.00026888948642108095
39846	0.00013444474321054048
11932	0.00013444474321054048
39847	0.00013444474321054048
913	0.00013444474321054048
39848	0.00040333422963162143
39849	0.00013444474321054048
16632	0.00013444474321054048
39850	0.007260016133369186
39851	0.0008066684592632429
546	0.0010755579456843238
39852	0.013444474321054046
39853	0.00013444474321054048
4849	0.00013444474321054048
39854	0.00026888948642108095
7242	0.0008066684592632429
39855	0.00013444474321054048
2535	0.00013444474321054048
39856	0.00040333422963162143
39857	0.0010755579456843238
39858	0.00026888948642108095
39859	0.00040333422963162143
39860	0.0005377789728421619
433	0.00013444474321054048
39861	0.00013444474321054048
39862	0.00013444474321054048
3931	0.00013444474321054048
39863	0.00013444474321054048
2765	0.00013444474321054048
39864	0.00013444474321054048
5379	0.00013444474321054048
39865	0.00013444474321054048
11873	0.00013444474321054048
39866	0.00013444474321054048
5671	0.00013444474321054048
39867	0.00026888948642108095
8278	0.0005377789728421619
39868	0.0005377789728421619
10669	0.00013444474321054048
39869	0.00013444474321054048
39870	0.00013444474321054048
36177	0.00013444474321054048
39871	0.00040333422963162143
24395	0.00013444474321054048
39872	0.00013444474321054048
39873	0.00026888948642108095
14757	0.00026888948642108095
39874	0.0010755579456843238
39875	0.0013444474321054048
39876	0.00026888948642108095
1708	0.0005377789728421619
39877	0.00013444474321054048
32787	0.00013444474321054048
39878	0.0012100026888948643
39879	0.00013444474321054048
18742	0.00013444474321054048
39880	0.0010755579456843238
39881	0.0010755579456843238
39882	0.00026888948642108095
39883	0.0008066684592632429
39884	0.0016133369185264857
7755	0.0010755579456843238
39885	0.00026888948642108095
39886	0.00820112933584297
39887	0.00013444474321054048
26296	0.00013444474321054048
39888	0.00013444474321054048
7038	0.00013444474321054048
39889	0.00013444474321054048
5285	0.00013444474321054048
39890	0.00013444474321054048
5612	0.00013444474321054048
39891	0.00026888948642108095
39892	0.014788921753159451
39893	0.0005377789728421619
36391	0.00026888948642108095
39894	0.00026888948642108095
39895	0.00013444474321054048
29024	0.00013444474321054048
39896	0.00013444474321054048
4921	0.00013444474321054048
39897	0.00013444474321054048
16657	0.00013444474321054048
39898	0.0026888948642108095
39899	0.0013444474321054048
39900	0.0005377789728421619
39901	0.00013444474321054048
36548	0.00013444474321054048
28371	0.00013444474321054048
39902	0.00013444474321054048
15266	0.00013444474321054048
39903	0.00013444474321054048
4503	0.00013444474321054048
39904	0.00013444474321054048
39905	0.0008066684592632429
16227	0.0008066684592632429
39906	0.00820112933584297
39907	0.00026888948642108095
39908	0.00026888948642108095
39909	0.003361118580263512
39910	0.0029577843506318905
39911	0.0021511158913686476
2806	0.00013444474321054048
39912	0.00013444474321054048
39913	0.0008066684592632429
8228	0.0010755579456843238
39914	0.00013444474321054048
11839	0.00013444474321054048
39915	0.0008066684592632429
39916	0.00013444474321054048
574	0.00013444474321054048
39917	0.007260016133369186
30152	0.00026888948642108095
39918	0.0021511158913686476
39919	0.00026888948642108095
39920	0.00013444474321054048
22489	0.00013444474321054048
39921	0.00013444474321054048
829	0.00013444474321054048
39922	0.0037644528098951333
39923	0.00013444474321054048
26391	0.00013444474321054048
39924	0.0005377789728421619
2099	0.00026888948642108095
39925	0.0005377789728421619
11040	0.00026888948642108095
39926	0.003361118580263512
39927	0.00013444474321054048
9778	0.00013444474321054048
39928	0.003361118580263512
39929	0.00013444474321054048
33881	0.00013444474321054048
39930	0.00026888948642108095
39931	0.00026888948642108095
39932	0.00013444474321054048
17220	0.00013444474321054048
39933	0.0005377789728421619
639	0.00026888948642108095
39934	0.00026888948642108095
39935	0.00026888948642108095
39936	0.0005377789728421619
39937	0.00013444474321054048
35120	0.00013444474321054048
39938	0.00013444474321054048
2665	0.00013444474321054048
39939	0.0008066684592632429
39940	0.00040333422963162143
21627	0.0012100026888948643
39941	0.00578112395805324
39942	0.00013444474321054048
29211	0.00013444474321054048
39943	0.007260016133369186
39944	0.00026888948642108095
3017	0.0005377789728421619
39945	0.00026888948642108095
14244	0.0008066684592632429
39946	0.00820112933584297
39947	0.00026888948642108095
39948	0.00013444474321054048
33508	0.00013444474321054048
39949	0.00026888948642108095
39950	0.00026888948642108095
11148	0.0005377789728421619
22377	0.0010755579456843238
39951	0.007260016133369186
39952	0.00026888948642108095
39953	0.00013444474321054048
28023	0.00013444474321054048
39954	0.0005377789728421619
39955	0.00013444474321054048
26548	0.00013444474321054048
39956	0.00013444474321054048
4610	0.00013444474321054048
39957	0.00026888948642108095
39958	0.00013444474321054048
1166	0.00013444474321054048
39959	0.00026888948642108095
39960	0.00026888948642108095
39961	0.0006722237160527024
39962	0.0008066684592632429
39963	0.00026888948642108095
39964	0.00013444474321054048
8591	0.00013444474321054048
39965	0.0005377789728421619
27193	0.00026888948642108095
39966	0.00013444474321054048
35211	0.00013444474321054048
39967	0.00026888948642108095
39968	0.00013444474321054048
24442	0.00013444474321054048
39969	0.0005377789728421619
1028	0.00013444474321054048
39970	0.00013444474321054048
39971	0.0024200053777897286
39972	0.00820112933584297
39973	0.00026888948642108095
39974	0.00013444474321054048
11189	0.00013444474321054048
39975	0.00013444474321054048
4352	0.00013444474321054048
39976	0.00040333422963162143
39977	0.00013444474321054048
19326	0.00013444474321054048
39978	0.00013444474321054048
9152	0.00013444474321054048
39979	0.0018822264049475667
39980	0.00026888948642108095
39981	0.00026888948642108095
39982	0.00026888948642108095
21115	0.0005377789728421619
31139	0.00013444474321054048
39983	0.00013444474321054048
39984	0.002016671148158107
39985	0.0005377789728421619
39986	0.00013444474321054048
14097	0.00013444474321054048
39987	0.00013444474321054048
2384	0.00013444474321054048
39988	0.0010755579456843238
39989	0.00013444474321054048
340	0.00013444474321054048
39990	0.00013444474321054048
9297	0.00013444474321054048
39991	0.00013444474321054048
27869	0.00013444474321054048
39992	0.0008066684592632429
39993	0.003092229093842431
39994	0.00013444474321054048
5943	0.00013444474321054048
39995	0.00013444474321054048
15066	0.00013444474321054048
39996	0.0005377789728421619
14816	0.00026888948642108095
39997	0.00026888948642108095
39998	0.00026888948642108095
39999	0.0006722237160527024
40000	0.0008066684592632429
40001	0.00013444474321054048
2327	0.00013444474321054048
40002	0.00013444474321054048
13276	0.00013444474321054048
40003	0.00013444474321054048
1839	0.00013444474321054048
40004	0.0005377789728421619
40005	0.0005377789728421619
40006	0.00820112933584297
40007	0.0008066684592632429
40008	0.00026888948642108095
40009	0.00013444474321054048
10100	0.00013444474321054048
40010	0.00026888948642108095
22733	0.0008066684592632429
40011	0.00013444474321054048
30926	0.00013444474321054048
40012	0.00013444474321054048
28092	0.00013444474321054048
557	0.00013444474321054048
40013	0.00013444474321054048
30663	0.00026888948642108095
40014	0.0005377789728421619
40015	0.00013444474321054048
416	0.00013444474321054048
40016	0.0005377789728421619
12596	0.00026888948642108095
40017	0.00013444474321054048
4881	0.00013444474321054048
40018	0.00013444474321054048
5594	0.00013444474321054048
40019	0.0005377789728421619
33628	0.00026888948642108095
40020	0.0005377789728421619
3710	0.00026888948642108095
40021	0.00013444474321054048
14295	0.00013444474321054048
40022	0.0016133369185264857
40023	0.0005377789728421619
12075	0.00026888948642108095
40024	0.0010755579456843238
40025	0.002016671148158107
40026	0.00026888948642108095
40027	0.0005377789728421619
621	0.00026888948642108095
40028	0.004571121269158376
40029	0.0005377789728421619
40030	0.00013444474321054048
15200	0.00013444474321054048
40031	0.0008066684592632429
40032	0.0009411132024737833
40033	0.00026888948642108095
40034	0.0008066684592632429
34106	0.00026888948642108095
40035	0.00026888948642108095
40036	0.0005377789728421619
40037	0.00013444474321054048
20443	0.00013444474321054048
10146	0.00026888948642108095
40038	0.0008066684592632429
40039	0.0024200053777897286
40040	0.00040333422963162143
40041	0.0005377789728421619
11511	0.00026888948642108095
40042	0.0008066684592632429
40043	0.0005377789728421619
34721	0.00026888948642108095
40044	0.00013444474321054048
17157	0.00013444474321054048
40045	0.00013444474321054048
8931	0.00013444474321054048
40046	0.00013444474321054048
591	0.00013444474321054048
40047	0.004974455498789998
40048	0.00820112933584297
40049	0.002016671148158107
40050	0.0012100026888948643
40051	0.00013444474321054048
9495	0.00013444474321054048
40052	0.00026888948642108095
11989	0.0008066684592632429
40053	0.00040333422963162143
40054	0.00013444474321054048
16015	0.00013444474321054048
40055	0.00013444474321054048
9703	0.00013444474321054048
40056	0.0006722237160527024
40057	0.00026888948642108095
36138	0.0005377789728421619
40058	0.0005377789728421619
40059	0.00013444474321054048
14215	0.00013444474321054048
40060	0.00013444474321054048
17239	0.00013444474321054048
648	0.00013444474321054048
40061	0.00013444474321054048
40062	0.00026888948642108095
8266	0.0008066684592632429
40063	0.0010755579456843238
40064	0.00013444474321054048
15307	0.00013444474321054048
40065	0.0006722237160527024
40066	0.00013444474321054048
12183	0.00013444474321054048
40067	0.00013444474321054048
27429	0.00013444474321054048
40068	0.00026888948642108095
40069	0.00013444474321054048
9102	0.00013444474321054048
10477	0.00013444474321054048
40070	0.00013444474321054048
34863	0.00013444474321054048
40071	0.00013444474321054048
40072	0.00026888948642108095
40073	0.00013444474321054048
25975	0.00013444474321054048
40074	0.0010755579456843238
40075	0.0009411132024737833
40076	0.00040333422963162143
2635	0.00013444474321054048
40077	0.00013444474321054048
40078	0.0012100026888948643
40079	0.0017477816617370262
40080	0.0006722237160527024
40081	0.0008066684592632429
40082	0.002554450121000269
40083	0.003092229093842431
40084	0.00040333422963162143
40085	0.003092229093842431
40086	0.0005377789728421619
13995	0.00040333422963162143
40087	0.0016133369185264857
40088	0.003630008066684593
18274	0.00040333422963162143
40089	0.00013444474321054048
5341	0.00013444474321054048
40090	0.00013444474321054048
40091	0.00013444474321054048
40092	0.0005377789728421619
40093	0.00013444474321054048
4089	0.00013444474321054048
40094	0.005108900242000538
40095	0.00026888948642108095
5588	0.0005377789728421619
40096	0.0009411132024737833
40097	0.00026888948642108095
26959	0.00013444474321054048
40098	0.00013444474321054048
40099	0.00026888948642108095
40100	0.00013444474321054048
13942	0.00013444474321054048
40101	0.0012100026888948643
40102	0.00013444474321054048
5070	0.00013444474321054048
40103	0.0008066684592632429
680	0.00013444474321054048
40104	0.00013444474321054048
40105	0.0021511158913686476
40106	0.00013444474321054048
8196	0.00013444474321054048
40107	0.00013444474321054048
22446	0.00013444474321054048
40108	0.00040333422963162143
40109	0.00026888948642108095
17788	0.0008066684592632429
40110	0.00026888948642108095
40111	0.0005377789728421619
40112	0.00820112933584297
40113	0.00013444474321054048
16119	0.00013444474321054048
40114	0.00040333422963162143
40115	0.0006722237160527024
40116	0.00040333422963162143
40117	0.00040333422963162143
40118	0.00013444474321054048
28822	0.00013444474321054048
7433	0.00026888948642108095
40119	0.0005377789728421619
40120	0.00026888948642108095
40121	0.00026888948642108095
7463	0.0008066684592632429
5572	0.00013444474321054048
40122	0.00013444474321054048
40123	0.0008066684592632429
2183	0.00026888948642108095
29367	0.00026888948642108095
40124	0.0008066684592632429
40125	0.0010755579456843238
9674	0.00026888948642108095
40126	0.00026888948642108095
40127	0.00013444474321054048
10556	0.00013444474321054048
40128	0.00013444474321054048
34163	0.00013444474321054048
40129	0.0009411132024737833
40130	0.006050013444474322
40131	0.0006722237160527024
40132	0.00013444474321054048
25446	0.00013444474321054048
40133	0.00026888948642108095
40134	0.00013444474321054048
40135	0.00013444474321054048
40136	0.00013444474321054048
24259	0.00013444474321054048
40137	0.0006722237160527024
40138	0.0010755579456843238
18887	0.0010755579456843238
40139	0.00013444474321054048
24480	0.00013444474321054048
40140	0.00013444474321054048
13720	0.00013444474321054048
40141	0.00013444474321054048
23810	0.00013444474321054048
40142	0.007260016133369186
40143	0.00013444474321054048
13533	0.00013444474321054048
40144	0.00013444474321054048
33073	0.00013444474321054048
40145	0.00026888948642108095
40146	0.00040333422963162143
40147	0.0005377789728421619
28466	0.00026888948642108095
40148	0.00013444474321054048
6628	0.00013444474321054048
10993	0.00013444474321054048
40149	0.00013444474321054048
40150	0.0010755579456843238
40151	0.00026888948642108095
40152	0.00013444474321054048
29685	0.00013444474321054048
40153	0.0008066684592632429
40154	0.00026888948642108095
40155	0.00013444474321054048
6225	0.00013444474321054048
40156	0.0006722237160527024
40157	0.00026888948642108095
14676	0.0005377789728421619
40158	0.00013444474321054048
7401	0.00013444474321054048
40159	0.00026888948642108095
40160	0.002016671148158107
40161	0.0012100026888948643
40162	0.00040333422963162143
40163	0.003092229093842431
1635	0.00013444474321054048
40164	0.00013444474321054048
40165	0.0005377789728421619
10933	0.00026888948642108095
40166	0.00013444474321054048
6930	0.00013444474321054048
40167	0.00040333422963162143
40168	0.0012100026888948643
40169	0.0005377789728421619
40170	0.00040333422963162143
8880	0.002016671148158107
36095	0.00026888948642108095
40171	0.0005377789728421619
40172	0.00013444474321054048
25320	0.00013444474321054048
6957	0.00026888948642108095
40173	0.0005377789728421619
40174	0.00026888948642108095
40175	0.00013444474321054048
25381	0.00013444474321054048
40176	0.00026888948642108095
40177	0.00026888948642108095
40178	0.00040333422963162143
40179	0.00026888948642108095
40180	0.0012100026888948643
40181	0.002016671148158107
40182	0.00040333422963162143
40183	0.00013444474321054048
23199	0.00013444474321054048
40184	0.00040333422963162143
40185	0.00820112933584297
40186	0.0005377789728421619
40187	0.00026888948642108095
28281	0.0005377789728421619
40188	0.00013444474321054048
6962	0.00013444474321054048
40189	0.00026888948642108095
40190	0.00013444474321054048
15814	0.00013444474321054048
40191	0.00026888948642108095
40192	0.00040333422963162143
40193	0.002016671148158107
40194	0.00026888948642108095
40195	0.0005377789728421619
40196	0.00013444474321054048
5841	0.00013444474321054048
40197	0.0018822264049475667
40198	0.0014788921753159452
40199	0.0005377789728421619
40200	0.0010755579456843238
40201	0.00013444474321054048
40202	0.00013444474321054048
40203	0.00040333422963162143
40204	0.0012100026888948643
40205	0.00013444474321054048
25260	0.00013444474321054048
2863	0.0010755579456843238
40206	0.00026888948642108095
40207	0.00013444474321054048
1603	0.00013444474321054048
40208	0.002554450121000269
40209	0.00578112395805324
40210	0.00040333422963162143
34306	0.00013444474321054048
40211	0.00013444474321054048
40212	0.0006722237160527024
40213	0.00013444474321054048
28422	0.00013444474321054048
40214	0.00026888948642108095
1330	0.0005377789728421619
40215	0.00040333422963162143
40216	0.00040333422963162143
40217	0.0005377789728421619
40218	0.0006722237160527024
14742	0.00013444474321054048
40219	0.00013444474321054048
40220	0.00013444474321054048
19613	0.00013444474321054048
40221	0.003092229093842431
40222	0.0009411132024737833
40223	0.00820112933584297
40224	0.00026888948642108095
40225	0.00040333422963162143
40226	0.0005377789728421619
40227	0.00013444474321054048
36258	0.00013444474321054048
40228	0.00013444474321054048
33103	0.00013444474321054048
40229	0.00026888948642108095
40230	0.00013444474321054048
29645	0.00013444474321054048
40231	0.0012100026888948643
40232	0.00040333422963162143
40233	0.0006722237160527024
40234	0.00013444474321054048
20189	0.00013444474321054048
40235	0.00040333422963162143
40236	0.00013444474321054048
11595	0.00013444474321054048
40237	0.00040333422963162143
40238	0.00026888948642108095
17710	0.0010755579456843238
40239	0.00040333422963162143
40240	0.00026888948642108095
40241	0.00026888948642108095
40242	0.00013444474321054048
23631	0.00013444474321054048
40243	0.0005377789728421619
40244	0.00013444474321054048
32742	0.00013444474321054048
40245	0.00040333422963162143
40246	0.00026888948642108095
40247	0.00026888948642108095
2896	0.0008066684592632429
27744	0.00026888948642108095
40248	0.0005377789728421619
40249	0.0005377789728421619
40250	0.0005377789728421619
40251	0.0009411132024737833
18759	0.00013444474321054048
40252	0.00013444474321054048
40253	0.0012100026888948643
40254	0.00820112933584297
40255	0.00013444474321054048
29193	0.00013444474321054048
16397	0.00013444474321054048
40256	0.00013444474321054048
40257	0.00013444474321054048
7701	0.00013444474321054048
40258	0.00013444474321054048
7914	0.00013444474321054048
40259	0.0006722237160527024
40260	0.0009411132024737833
40261	0.00026888948642108095
40262	0.007260016133369186
40263	0.00013444474321054048
19767	0.00013444474321054048
40264	0.0016133369185264857
40265	0.00040333422963162143
40266	0.0005377789728421619
40267	0.00013444474321054048
14758	0.00013444474321054048
40268	0.00013444474321054048
17240	0.00013444474321054048
40269	0.0013444474321054048
40270	0.00013444474321054048
6336	0.00013444474321054048
40271	0.0006722237160527024
40272	0.0014788921753159452
40273	0.0012100026888948643
11983	0.00013444474321054048
40274	0.00013444474321054048
40275	0.0006722237160527024
40276	0.00013444474321054048
13593	0.00013444474321054048
40277	0.00013444474321054048
27949	0.00013444474321054048
40278	0.0005377789728421619
40279	0.00013444474321054048
1261	0.00013444474321054048
40280	0.00026888948642108095
11985	0.0008066684592632429
40281	0.00013444474321054048
7379	0.00013444474321054048
13552	0.00013444474321054048
40282	0.00013444474321054048
40283	0.00040333422963162143
40284	0.00013444474321054048
40285	0.00013444474321054048
40286	0.002016671148158107
24550	0.00026888948642108095
40287	0.0005377789728421619
40288	0.00013444474321054048
4088	0.00013444474321054048
40289	0.0005377789728421619
40290	0.00013444474321054048
32527	0.00013444474321054048
40291	0.0008066684592632429
40292	0.00013444474321054048
3833	0.00013444474321054048
40293	0.00040333422963162143
40294	0.00040333422963162143
3241	0.00013444474321054048
40295	0.00013444474321054048
40296	0.00013444474321054048
29429	0.00013444474321054048
40297	0.00013444474321054048
20075	0.00013444474321054048
40298	0.00013444474321054048
12955	0.00013444474321054048
40299	0.00026888948642108095
1186	0.00013444474321054048
40300	0.00013444474321054048
40301	0.00013444474321054048
26097	0.00013444474321054048
40302	0.00013444474321054048
10502	0.00013444474321054048
40303	0.00013444474321054048
9998	0.00013444474321054048
19912	0.00013444474321054048
40304	0.00013444474321054048
40305	0.004840010755579457
40306	0.00026888948642108095
973	0.0008066684592632429
36521	0.00013444474321054048
40307	0.00013444474321054048
40308	0.00013444474321054048
21475	0.00013444474321054048
40309	0.00013444474321054048
5693	0.00013444474321054048
40310	0.00026888948642108095
40311	0.00013444474321054048
14467	0.00013444474321054048
40312	0.00013444474321054048
2409	0.00013444474321054048
40313	0.0021511158913686476
40314	0.00013444474321054048
13779	0.00013444474321054048
40315	0.00026888948642108095
40316	0.00026888948642108095
40317	0.0008066684592632429
40318	0.00026888948642108095
40319	0.0010755579456843238
40320	0.00013444474321054048
8141	0.00013444474321054048
40321	0.00013444474321054048
22610	0.00013444474321054048
40322	0.00026888948642108095
3225	0.0010755579456843238
40323	0.0012100026888948643
40324	0.00026888948642108095
2274	0.0005377789728421619
40325	0.00026888948642108095
40326	0.0009411132024737833
40327	0.00013444474321054048
28475	0.00013444474321054048
18156	0.00013444474321054048
40328	0.00013444474321054048
40329	0.00026888948642108095
10944	0.0010755579456843238
40330	0.0008066684592632429
40331	0.002554450121000269
40332	0.0006722237160527024
40333	0.00013444474321054048
20867	0.00013444474321054048
40334	0.00013444474321054048
1312	0.00013444474321054048
40335	0.0006722237160527024
40336	0.00026888948642108095
1950	0.0008066684592632429
40337	0.00026888948642108095
40338	0.00026888948642108095
40339	0.00026888948642108095
40340	0.00013444474321054048
34099	0.00013444474321054048
40341	0.00026888948642108095
40342	0.007260016133369186
13880	0.0005377789728421619
40343	0.00026888948642108095
40344	0.0018822264049475667
40345	0.00026888948642108095
33325	0.00013444474321054048
40346	0.00013444474321054048
40347	0.00026888948642108095
40348	0.00040333422963162143
40349	0.00013444474321054048
18237	0.00013444474321054048
40350	0.007260016133369186
12769	0.00013444474321054048
40351	0.00013444474321054048
40352	0.0006722237160527024
40353	0.00013444474321054048
14818	0.00013444474321054048
40354	0.00026888948642108095
40355	0.00013444474321054048
1790	0.00013444474321054048
40356	0.0005377789728421619
40357	0.00013444474321054048
17150	0.00013444474321054048
40358	0.00026888948642108095
14405	0.0005377789728421619
40359	0.0009411132024737833
40360	0.00013444474321054048
13983	0.00013444474321054048
40361	0.0014788921753159452
40362	0.0006722237160527024
40363	0.0017477816617370262
40364	0.00040333422963162143
40365	0.00040333422963162143
40366	0.0021511158913686476
40367	0.00013444474321054048
2233	0.00013444474321054048
40368	0.00013444474321054048
3599	0.00013444474321054048
40369	0.00013444474321054048
237	0.00013444474321054048
40370	0.00026888948642108095
40371	0.00013444474321054048
5504	0.00013444474321054048
36037	0.00013444474321054048
40372	0.00013444474321054048
40373	0.00013444474321054048
25986	0.00013444474321054048
40374	0.0006722237160527024
40375	0.00026888948642108095
40376	0.00013444474321054048
33708	0.00013444474321054048
40377	0.00013444474321054048
1554	0.00013444474321054048
40378	0.00013444474321054048
30028	0.00013444474321054048
40379	0.00026888948642108095
4391	0.0005377789728421619
40380	0.0005377789728421619
16526	0.00013444474321054048
40381	0.00013444474321054048
17452	0.00013444474321054048
40382	0.00013444474321054048
40383	0.00013444474321054048
4202	0.00013444474321054048
40384	0.00013444474321054048
5537	0.00013444474321054048
40385	0.00013444474321054048
6	0.00013444474321054048
40386	0.00026888948642108095
40387	0.00013444474321054048
21735	0.00013444474321054048
40388	0.00013444474321054048
29321	0.00013444474321054048
40389	0.00013444474321054048
28086	0.00013444474321054048
40390	0.0005377789728421619
2236	0.00013444474321054048
40391	0.00013444474321054048
40392	0.00013444474321054048
2056	0.00013444474321054048
40393	0.0009411132024737833
40394	0.00013444474321054048
24210	0.00013444474321054048
40395	0.00013444474321054048
22662	0.00013444474321054048
40396	0.00013444474321054048
34146	0.00013444474321054048
40397	0.00026888948642108095
40398	0.00026888948642108095
40399	0.00578112395805324
40400	0.002554450121000269
40401	0.00040333422963162143
40402	0.00013444474321054048
28725	0.00013444474321054048
40403	0.00013444474321054048
20582	0.00013444474321054048
40404	0.00026888948642108095
40405	0.00820112933584297
40406	0.00013444474321054048
1550	0.00013444474321054048
40407	0.0005377789728421619
40408	0.00040333422963162143
40409	0.00013444474321054048
7206	0.00013444474321054048
40410	0.0005377789728421619
18088	0.00013444474321054048
40411	0.00013444474321054048
40412	0.00026888948642108095
40413	0.00026888948642108095
40414	0.0006722237160527024
40415	0.00013444474321054048
7684	0.00013444474321054048
40416	0.00013444474321054048
28773	0.00013444474321054048
40417	0.00026888948642108095
6817	0.0010755579456843238
40418	0.004974455498789998
40419	0.00013444474321054048
1271	0.00013444474321054048
40420	0.0006722237160527024
40421	0.00026888948642108095
40422	0.00013444474321054048
13310	0.00013444474321054048
40423	0.00040333422963162143
40424	0.00026888948642108095
40425	0.00013444474321054048
18573	0.00013444474321054048
40426	0.00013444474321054048
16008	0.00013444474321054048
40427	0.00026888948642108095
40428	0.002554450121000269
40429	0.00013444474321054048
2705	0.00013444474321054048
40430	0.00013444474321054048
27133	0.00013444474321054048
40431	0.00013444474321054048
12951	0.00013444474321054048
40432	0.00013444474321054048
6999	0.00013444474321054048
40433	0.00013444474321054048
36756	0.00013444474321054048
40434	0.00040333422963162143
40435	0.0009411132024737833
40436	0.00026888948642108095
40437	0.00013444474321054048
11392	0.00013444474321054048
40438	0.002016671148158107
40439	0.00040333422963162143
40440	0.00013444474321054048
18228	0.00013444474321054048
40441	0.0010755579456843238
40442	0.0014788921753159452
40443	0.0005377789728421619
40444	0.00026888948642108095
40445	0.00026888948642108095
40446	0.00013444474321054048
17911	0.00013444474321054048
40447	0.00013444474321054048
18349	0.00013444474321054048
40448	0.0009411132024737833
40449	0.002016671148158107
40450	0.00013444474321054048
8134	0.00013444474321054048
40451	0.00026888948642108095
40452	0.00013444474321054048
19590	0.00013444474321054048
40453	0.00026888948642108095
40454	0.00026888948642108095
40455	0.00026888948642108095
22412	0.0005377789728421619
40456	0.00026888948642108095
40457	0.00026888948642108095
17500	0.0008066684592632429
18539	0.0010755579456843238
40458	0.00026888948642108095
40459	0.00013444474321054048
23210	0.00013444474321054048
40460	0.00013444474321054048
22553	0.00013444474321054048
40461	0.0013444474321054048
40462	0.00013444474321054048
25692	0.00013444474321054048
40463	0.00013444474321054048
8711	0.00013444474321054048
40464	0.0005377789728421619
40465	0.0008066684592632429
40466	0.00013444474321054048
15121	0.00013444474321054048
40467	0.00820112933584297
40468	0.00040333422963162143
40469	0.00820112933584297
40470	0.00013444474321054048
10370	0.00013444474321054048
40471	0.0006722237160527024
40472	0.00013444474321054048
8293	0.00013444474321054048
40473	0.00013444474321054048
9352	0.00013444474321054048
40474	0.00040333422963162143
40475	0.00013444474321054048
20654	0.00013444474321054048
40476	0.00013444474321054048
20187	0.00013444474321054048
40477	0.003092229093842431
40478	0.0008066684592632429
40479	0.00013444474321054048
12358	0.00013444474321054048
40480	0.0005377789728421619
40481	0.0005377789728421619
40482	0.00026888948642108095
40483	0.00013444474321054048
35368	0.00013444474321054048
40484	0.00013444474321054048
10995	0.00013444474321054048
40485	0.00013444474321054048
27987	0.00013444474321054048
24275	0.00282333960742135
40486	0.00040333422963162143
4597	0.0008066684592632429
40487	0.00026888948642108095
40488	0.00013444474321054048
27627	0.00013444474321054048
40489	0.00013444474321054048
893	0.00013444474321054048
40490	0.00026888948642108095
40491	0.00013444474321054048
36684	0.00013444474321054048
40492	0.00040333422963162143
40493	0.00013444474321054048
18136	0.00013444474321054048
23222	0.00013444474321054048
40494	0.00013444474321054048
40495	0.0016133369185264857
40496	0.00040333422963162143
40497	0.00026888948642108095
40498	0.007260016133369186
40499	0.00013444474321054048
32735	0.00013444474321054048
40500	0.00026888948642108095
40501	0.0037644528098951333
40502	0.00026888948642108095
5565	0.0008066684592632429
40503	0.00013444474321054048
14599	0.00013444474321054048
40504	0.00013444474321054048
28496	0.00013444474321054048
40505	0.00013444474321054048
23256	0.00013444474321054048
40506	0.00013444474321054048
11044	0.00013444474321054048
40507	0.00013444474321054048
40508	0.00013444474321054048
40509	0.0009411132024737833
40510	0.00026888948642108095
40511	0.00013444474321054048
18196	0.00013444474321054048
40512	0.0008066684592632429
40513	0.00013444474321054048
23294	0.00013444474321054048
40514	0.00013444474321054048
3637	0.00013444474321054048
40515	0.00013444474321054048
8448	0.00013444474321054048
40516	0.0010755579456843238
40517	0.0005377789728421619
40518	0.00013444474321054048
1327	0.00013444474321054048
40519	0.00820112933584297
40520	0.00040333422963162143
40521	0.0013444474321054048
40522	0.00026888948642108095
40523	0.003092229093842431
40524	0.00013444474321054048
19900	0.00013444474321054048
40525	0.00013444474321054048
12991	0.00013444474321054048
40526	0.00013444474321054048
40527	0.00013444474321054048
40528	0.0010755579456843238
40529	0.00026888948642108095
40530	0.00013444474321054048
9979	0.00013444474321054048
40531	0.00040333422963162143
40532	0.00040333422963162143
16925	0.00013444474321054048
40533	0.00013444474321054048
40534	0.00013444474321054048
5165	0.00013444474321054048
40535	0.00013444474321054048
8815	0.00013444474321054048
40536	0.00026888948642108095
5860	0.0008066684592632429
40537	0.00026888948642108095
40538	0.00013444474321054048
30109	0.00013444474321054048
40539	0.0012100026888948643
40540	0.00026888948642108095
40541	0.00013444474321054048
10264	0.00013444474321054048
40542	0.00013444474321054048
2958	0.00013444474321054048
40543	0.00040333422963162143
40544	0.0012100026888948643
40545	0.0005377789728421619
40546	0.00013444474321054048
32135	0.00013444474321054048
40547	0.0005377789728421619
40548	0.00013444474321054048
732	0.00013444474321054048
40549	0.0013444474321054048
40550	0.0006722237160527024
40551	0.00013444474321054048
683	0.00013444474321054048
40552	0.00026888948642108095
13722	0.0005377789728421619
40553	0.00013444474321054048
5086	0.00013444474321054048
40554	0.0018822264049475667
40555	0.0016133369185264857
40556	0.0008066684592632429
40557	0.00026888948642108095
40558	0.00013444474321054048
12913	0.00013444474321054048
40559	0.00013444474321054048
5243	0.00013444474321054048
40560	0.00013444474321054048
34067	0.00013444474321054048
40561	0.00013444474321054048
15413	0.00013444474321054048
40562	0.00013444474321054048
4076	0.00013444474321054048
40563	0.0012100026888948643
40564	0.00013444474321054048
3977	0.00013444474321054048
40565	0.00013444474321054048
2067	0.00013444474321054048
40566	0.0005377789728421619
40567	0.00040333422963162143
40568	0.0006722237160527024
40569	0.00013444474321054048
18827	0.00013444474321054048
40570	0.00026888948642108095
21167	0.0005377789728421619
27262	0.00013444474321054048
40571	0.00013444474321054048
40572	0.00013444474321054048
5639	0.00013444474321054048
40573	0.00040333422963162143
17987	0.0012100026888948643
40574	0.00013444474321054048
1558	0.00013444474321054048
40575	0.00040333422963162143
40576	0.00026888948642108095
15635	0.00013444474321054048
40577	0.00013444474321054048
40578	0.00026888948642108095
40579	0.00013444474321054048
23669	0.00013444474321054048
40580	0.0008066684592632429
40581	0.00026888948642108095
40582	0.00013444474321054048
9333	0.00013444474321054048
40583	0.0005377789728421619
40584	0.00013444474321054048
9031	0.00013444474321054048
40585	0.0006722237160527024
40586	0.00026888948642108095
2017	0.0010755579456843238
40587	0.0005377789728421619
40588	0.0006722237160527024
40589	0.00013444474321054048
11941	0.00013444474321054048
40590	0.002554450121000269
40591	0.0010755579456843238
40592	0.00013444474321054048
20961	0.00013444474321054048
40593	0.00013444474321054048
21685	0.00013444474321054048
40594	0.0006722237160527024
40595	0.00013444474321054048
9839	0.00013444474321054048
40596	0.00040333422963162143
40597	0.0008066684592632429
40598	0.00013444474321054048
4530	0.00013444474321054048
40599	0.007260016133369186
40600	0.00013444474321054048
12394	0.00013444474321054048
11309	0.00013444474321054048
40601	0.00013444474321054048
40602	0.00026888948642108095
24513	0.00013444474321054048
40603	0.00013444474321054048
40604	0.00026888948642108095
40605	0.00013444474321054048
16764	0.00013444474321054048
40606	0.00013444474321054048
32412	0.00013444474321054048
40607	0.00013444474321054048
9823	0.00013444474321054048
40608	0.00040333422963162143
40609	0.0008066684592632429
40610	0.0008066684592632429
40611	0.00013444474321054048
8996	0.00013444474321054048
40612	0.00013444474321054048
809	0.00013444474321054048
40613	0.00013444474321054048
14195	0.00013444474321054048
40614	0.0010755579456843238
40615	0.0014788921753159452
40616	0.00013444474321054048
28290	0.00013444474321054048
40617	0.0014788921753159452
40618	0.00013444474321054048
11972	0.00013444474321054048
8402	0.0024200053777897286
40619	0.00040333422963162143
40620	0.0012100026888948643
20403	0.00013444474321054048
40621	0.00013444474321054048
40622	0.00026888948642108095
40623	0.00013444474321054048
26907	0.00013444474321054048
40624	0.00040333422963162143
40625	0.00013444474321054048
11153	0.00013444474321054048
40626	0.00026888948642108095
40627	0.0012100026888948643
40628	0.00820112933584297
40629	0.00013444474321054048
11508	0.00013444474321054048
40630	0.00026888948642108095
40631	0.00820112933584297
40632	0.00026888948642108095
40633	0.00013444474321054048
10542	0.00013444474321054048
40634	0.00026888948642108095
121	0.0005377789728421619
40635	0.0009411132024737833
40636	0.00820112933584297
40637	0.00013444474321054048
2438	0.00013444474321054048
40638	0.00013444474321054048
5075	0.00013444474321054048
40639	0.0012100026888948643
40640	0.0010755579456843238
40641	0.00026888948642108095
40642	0.00013444474321054048
23145	0.00013444474321054048
40643	0.00026888948642108095
40644	0.00040333422963162143
40645	0.0005377789728421619
40646	0.00026888948642108095
40647	0.00013444474321054048
33598	0.00013444474321054048
40648	0.00013444474321054048
25650	0.00013444474321054048
40649	0.0008066684592632429
40650	0.00013444474321054048
9739	0.00013444474321054048
40651	0.00013444474321054048
13296	0.00013444474321054048
40652	0.00013444474321054048
24448	0.00013444474321054048
40653	0.00026888948642108095
40654	0.00026888948642108095
40655	0.00013444474321054048
20803	0.00013444474321054048
40656	0.00026888948642108095
40657	0.00013444474321054048
10150	0.00013444474321054048
40658	0.00013444474321054048
30296	0.00013444474321054048
40659	0.0005377789728421619
40660	0.002016671148158107
40661	0.00026888948642108095
40662	0.00040333422963162143
40663	0.0006722237160527024
40664	0.0012100026888948643
40665	0.00013444474321054048
9045	0.00013444474321054048
40666	0.00040333422963162143
40667	0.00013444474321054048
7490	0.00013444474321054048
906	0.00013444474321054048
40668	0.00013444474321054048
40669	0.0008066684592632429
40670	0.0005377789728421619
40671	0.0010755579456843238
40672	0.00013444474321054048
2033	0.00013444474321054048
40673	0.0014788921753159452
40674	0.00013444474321054048
25475	0.00013444474321054048
40675	0.0009411132024737833
40676	0.00040333422963162143
40677	0.00013444474321054048
9987	0.00013444474321054048
40678	0.00026888948642108095
520	0.0013444474321054048
40679	0.00013444474321054048
2255	0.00013444474321054048
40680	0.00040333422963162143
40681	0.00040333422963162143
40682	0.00013444474321054048
12353	0.00013444474321054048
40683	0.00026888948642108095
40684	0.0008066684592632429
40685	0.00026888948642108095
17585	0.00013444474321054048
40686	0.00013444474321054048
40687	0.00040333422963162143
1390	0.0016133369185264857
40688	0.007260016133369186
40689	0.00013444474321054048
27536	0.00013444474321054048
40690	0.0014788921753159452
40691	0.00040333422963162143
21172	0.0016133369185264857
12231	0.00013444474321054048
40692	0.00013444474321054048
40693	0.00026888948642108095
40694	0.00026888948642108095
40695	0.00026888948642108095
40696	0.00026888948642108095
40697	0.00013444474321054048
3230	0.00013444474321054048
40698	0.00013444474321054048
23284	0.00013444474321054048
40699	0.00013444474321054048
16894	0.00013444474321054048
40700	0.00013444474321054048
7105	0.00013444474321054048
40701	0.00013444474321054048
16281	0.00013444474321054048
40702	0.00040333422963162143
40703	0.0006722237160527024
40704	0.00026888948642108095
23884	0.0008066684592632429
40705	0.00013444474321054048
31787	0.00013444474321054048
40706	0.00013444474321054048
36835	0.00013444474321054048
27491	0.00013444474321054048
40707	0.00013444474321054048
40708	0.00026888948642108095
40709	0.0012100026888948643
40710	0.002016671148158107
40711	0.00013444474321054048
3073	0.00013444474321054048
40712	0.00026888948642108095
18817	0.0005377789728421619
40713	0.00026888948642108095
40714	0.00013444474321054048
7506	0.00013444474321054048
40715	0.00013444474321054048
2576	0.00013444474321054048
40716	0.00013444474321054048
7590	0.00013444474321054048
40717	0.0018822264049475667
40718	0.00040333422963162143
40719	0.0008066684592632429
40720	0.0009411132024737833
40721	0.00026888948642108095
40722	0.00026888948642108095
21458	0.0005377789728421619
40723	0.004974455498789998
40724	0.0005377789728421619
40725	0.00013444474321054048
709	0.00013444474321054048
40726	0.00013444474321054048
4158	0.00013444474321054048
40727	0.00026888948642108095
40728	0.0005377789728421619
40729	0.0012100026888948643
40730	0.00040333422963162143
40731	0.0008066684592632429
40732	0.0010755579456843238
40733	0.00013444474321054048
26753	0.00013444474321054048
2627	0.0008066684592632429
40734	0.00026888948642108095
40735	0.00013444474321054048
1629	0.00013444474321054048
30838	0.00013444474321054048
40736	0.00013444474321054048
40737	0.0008066684592632429
40738	0.0008066684592632429
40739	0.00026888948642108095
40740	0.004974455498789998
40741	0.0018822264049475667
40742	0.0008066684592632429
40743	0.00820112933584297
40744	0.00026888948642108095
40745	0.00013444474321054048
21480	0.00013444474321054048
40746	0.00013444474321054048
19245	0.00013444474321054048
40747	0.002554450121000269
40748	0.0012100026888948643
40749	0.00040333422963162143
40750	0.004974455498789998
40751	0.00013444474321054048
27380	0.00013444474321054048
40752	0.00026888948642108095
40753	0.00013444474321054048
28339	0.00013444474321054048
40754	0.00026888948642108095
27759	0.0005377789728421619
40755	0.0005377789728421619
40756	0.00026888948642108095
7878	0.0005377789728421619
40757	0.00013444474321054048
3999	0.00013444474321054048
40758	0.00026888948642108095
40759	0.00026888948642108095
17759	0.0010755579456843238
40760	0.00026888948642108095
40761	0.00026888948642108095
40762	0.00040333422963162143
40763	0.00040333422963162143
40764	0.00013444474321054048
23089	0.00013444474321054048
40765	0.00013444474321054048
33834	0.00013444474321054048
40766	0.00013444474321054048
5869	0.00013444474321054048
40767	0.00013444474321054048
17942	0.00013444474321054048
40768	0.00026888948642108095
11174	0.00013444474321054048
40769	0.00013444474321054048
40770	0.00013444474321054048
14813	0.00013444474321054048
40771	0.0012100026888948643
40772	0.00013444474321054048
29463	0.00013444474321054048
40773	0.00026888948642108095
40774	0.00026888948642108095
40775	0.00013444474321054048
14725	0.00013444474321054048
40776	0.00026888948642108095
40777	0.0005377789728421619
18795	0.00013444474321054048
40778	0.00013444474321054048
40779	0.00026888948642108095
40780	0.00040333422963162143
40781	0.007260016133369186
40782	0.0006722237160527024
40783	0.00013444474321054048
23150	0.00013444474321054048
40784	0.0005377789728421619
40785	0.0008066684592632429
9932	0.00013444474321054048
40786	0.00013444474321054048
40787	0.00013444474321054048
1494	0.00013444474321054048
29725	0.00013444474321054048
40788	0.00013444474321054048
40789	0.003092229093842431
40790	0.00013444474321054048
2069	0.00013444474321054048
40791	0.00026888948642108095
40792	0.00013444474321054048
29	0.00013444474321054048
40793	0.00013444474321054048
6363	0.00013444474321054048
40794	0.00013444474321054048
26570	0.00013444474321054048
40795	0.00026888948642108095
40796	0.00013444474321054048
1202	0.00013444474321054048
40797	0.00013444474321054048
15038	0.00013444474321054048
40798	0.00013444474321054048
10878	0.00013444474321054048
40799	0.00013444474321054048
9970	0.00013444474321054048
40800	0.00026888948642108095
40801	0.00013444474321054048
1538	0.00013444474321054048
40802	0.00026888948642108095
40803	0.00026888948642108095
40804	0.00013444474321054048
7011	0.00013444474321054048
40805	0.00013444474321054048
6879	0.00013444474321054048
40806	0.0008066684592632429
40807	0.00013444474321054048
11471	0.00013444474321054048
40808	0.00013444474321054048
27886	0.00013444474321054048
40809	0.00013444474321054048
2177	0.00013444474321054048
40810	0.0017477816617370262
40811	0.00040333422963162143
40812	0.00040333422963162143
40813	0.00013444474321054048
3339	0.00013444474321054048
40814	0.00026888948642108095
40815	0.00013444474321054048
12526	0.00013444474321054048
40816	0.0012100026888948643
40817	0.00013444474321054048
22352	0.00013444474321054048
40818	0.0012100026888948643
40819	0.00026888948642108095
40820	0.00013444474321054048
23712	0.00013444474321054048
40821	0.0008066684592632429
40822	0.007260016133369186
40823	0.00040333422963162143
40824	0.002016671148158107
40825	0.00013444474321054048
4426	0.00013444474321054048
40826	0.00013444474321054048
6849	0.00013444474321054048
40827	0.00026888948642108095
40828	0.0008066684592632429
40829	0.00040333422963162143
40830	0.00013444474321054048
23874	0.00013444474321054048
40831	0.00040333422963162143
40832	0.00013444474321054048
9030	0.00013444474321054048
40833	0.00013444474321054048
23004	0.00013444474321054048
40834	0.00026888948642108095
16156	0.0005377789728421619
40835	0.00040333422963162143
40836	0.0006722237160527024
40837	0.00013444474321054048
4229	0.00013444474321054048
40838	0.0008066684592632429
40839	0.00013444474321054048
5723	0.00013444474321054048
40840	0.00040333422963162143
40841	0.0010755579456843238
19478	0.00013444474321054048
40842	0.00013444474321054048
40843	0.0005377789728421619
40844	0.00013444474321054048
15777	0.00013444474321054048
40845	0.00013444474321054048
9086	0.00013444474321054048
40846	0.00040333422963162143
40847	0.00013444474321054048
8087	0.00013444474321054048
40848	0.00013444474321054048
4869	0.00013444474321054048
40849	0.00026888948642108095
40850	0.007260016133369186
40851	0.00013444474321054048
3534	0.00013444474321054048
40852	0.0008066684592632429
40853	0.00013444474321054048
5970	0.00013444474321054048
40854	0.0009411132024737833
40855	0.00013444474321054048
3236	0.00013444474321054048
40856	0.00026888948642108095
40857	0.00026888948642108095
40858	0.00026888948642108095
40859	0.00040333422963162143
40860	0.003092229093842431
40861	0.007260016133369186
21802	0.00013444474321054048
40862	0.00013444474321054048
40863	0.00013444474321054048
8461	0.00013444474321054048
40864	0.00013444474321054048
5586	0.00013444474321054048
40865	0.0009411132024737833
40866	0.00013444474321054048
2329	0.00013444474321054048
40867	0.00013444474321054048
15484	0.00013444474321054048
40868	0.00820112933584297
40869	0.00040333422963162143
40870	0.00013444474321054048
445	0.00013444474321054048
40871	0.00026888948642108095
40872	0.00013444474321054048
16167	0.00013444474321054048
40873	0.00013444474321054048
24562	0.00013444474321054048
40874	0.00026888948642108095
5048	0.0008066684592632429
40875	0.00013444474321054048
7044	0.00013444474321054048
40876	0.00026888948642108095
40877	0.00013444474321054048
4721	0.00013444474321054048
40878	0.00040333422963162143
40879	0.0005377789728421619
40880	0.00040333422963162143
40881	0.00013444474321054048
10149	0.00013444474321054048
40882	0.00013444474321054048
8769	0.00013444474321054048
40883	0.00013444474321054048
6613	0.00013444474321054048
40884	0.0005377789728421619
40885	0.00013444474321054048
249	0.00013444474321054048
40886	0.0010755579456843238
40887	0.00013444474321054048
7272	0.00013444474321054048
40888	0.00013444474321054048
10432	0.00013444474321054048
40889	0.00040333422963162143
40890	0.00013444474321054048
7855	0.00013444474321054048
40891	0.00026888948642108095
40892	0.00013444474321054048
14586	0.00013444474321054048
40893	0.00013444474321054048
2153	0.00013444474321054048
40894	0.00013444474321054048
32637	0.00013444474321054048
40895	0.0012100026888948643
40896	0.00820112933584297
40897	0.00040333422963162143
40898	0.002016671148158107
40899	0.00040333422963162143
40900	0.00013444474321054048
9494	0.00013444474321054048
40901	0.00026888948642108095
40902	0.003092229093842431
40903	0.00013444474321054048
7502	0.00013444474321054048
40904	0.00026888948642108095
40905	0.00013444474321054048
11973	0.00013444474321054048
40906	0.00013444474321054048
10433	0.00013444474321054048
40907	0.00040333422963162143
40908	0.00026888948642108095
40909	0.00013444474321054048
35566	0.00013444474321054048
40910	0.002016671148158107
40911	0.00013444474321054048
18425	0.00013444474321054048
40912	0.00013444474321054048
3047	0.00013444474321054048
40913	0.00013444474321054048
2706	0.00013444474321054048
40914	0.0016133369185264857
40915	0.00013444474321054048
7442	0.00013444474321054048
40916	0.00013444474321054048
12964	0.00013444474321054048
40917	0.0009411132024737833
40918	0.0006722237160527024
40919	0.0009411132024737833
40920	0.0012100026888948643
40921	0.002016671148158107
40922	0.00026888948642108095
40923	0.00026888948642108095
12650	0.0008066684592632429
40924	0.0006722237160527024
40925	0.0006722237160527024
40926	0.00026888948642108095
40927	0.00013444474321054048
13696	0.00013444474321054048
40928	0.00040333422963162143
40929	0.00040333422963162143
40930	0.00026888948642108095
40931	0.00013444474321054048
17954	0.00013444474321054048
40932	0.0012100026888948643
40933	0.00026888948642108095
40934	0.00013444474321054048
3757	0.00013444474321054048
40935	0.002016671148158107
40936	0.00013444474321054048
22661	0.00013444474321054048
40937	0.00013444474321054048
8442	0.00013444474321054048
40938	0.00013444474321054048
20245	0.00013444474321054048
40939	0.00013444474321054048
16746	0.00013444474321054048
40940	0.00013444474321054048
12375	0.00013444474321054048
40941	0.00040333422963162143
40942	0.0009411132024737833
12022	0.0005377789728421619
25097	0.00026888948642108095
12287	0.00026888948642108095
7983	0.00040333422963162143
15326	0.00040333422963162143
10189	0.00026888948642108095
35863	0.00026888948642108095
26275	0.0005377789728421619
32640	0.00040333422963162143
30621	0.00026888948642108095
5092	0.00040333422963162143
33758	0.00026888948642108095
6939	0.00040333422963162143
25004	0.00026888948642108095
34410	0.00040333422963162143
6964	0.00040333422963162143
35228	0.00040333422963162143
5573	0.00026888948642108095
23066	0.00026888948642108095
30567	0.00026888948642108095
2145	0.00040333422963162143
4242	0.00040333422963162143
31914	0.00026888948642108095
25041	0.00026888948642108095
4732	0.00026888948642108095
12707	0.00026888948642108095
35880	0.00040333422963162143
29220	0.00026888948642108095
32551	0.00026888948642108095
26312	0.00040333422963162143
28761	0.00026888948642108095
35822	0.00026888948642108095
11872	0.00026888948642108095
24893	0.00026888948642108095
11550	0.00040333422963162143
34118	0.00040333422963162143
1496	0.00026888948642108095
2419	0.0024200053777897286
10755	0.00026888948642108095
11227	0.00026888948642108095
10734	0.00026888948642108095
3984	0.00026888948642108095
33309	0.00026888948642108095
20446	0.00026888948642108095
851	0.00282333960742135
15857	0.00026888948642108095
135	0.006453347674105943
13055	0.00026888948642108095
6573	0.00040333422963162143
8382	0.0010755579456843238
2359	0.0010755579456843238
19199	0.00026888948642108095
16276	0.0010755579456843238
11603	0.00026888948642108095
4195	0.0005377789728421619
12528	0.00026888948642108095
36779	0.00026888948642108095
566	0.00026888948642108095
22559	0.00026888948642108095
7927	0.00026888948642108095
10640	0.00040333422963162143
6603	0.00026888948642108095
7303	0.00026888948642108095
27365	0.0010755579456843238
32421	0.00040333422963162143
22748	0.00026888948642108095
5521	0.00040333422963162143
20938	0.00040333422963162143
9258	0.00026888948642108095
4383	0.00026888948642108095
24869	0.00026888948642108095
547	0.00026888948642108095
24837	0.00026888948642108095
23792	0.00026888948642108095
2613	0.00026888948642108095
31769	0.00026888948642108095
12474	0.00026888948642108095
5155	0.0010755579456843238
36667	0.00026888948642108095
16959	0.0013444474321054048
11397	0.00026888948642108095
22878	0.0005377789728421619
28931	0.00026888948642108095
1480	0.00040333422963162143
5078	0.0013444474321054048
1924	0.00040333422963162143
30435	0.00040333422963162143
11732	0.00040333422963162143
33925	0.00026888948642108095
4096	0.00026888948642108095
26716	0.00026888948642108095
11958	0.00026888948642108095
4482	0.00026888948642108095
8107	0.00026888948642108095
25927	0.00040333422963162143
1831	0.00040333422963162143
4783	0.0018822264049475667
32556	0.0005377789728421619
4315	0.00026888948642108095
30613	0.00026888948642108095
19967	0.00026888948642108095
24387	0.00026888948642108095
19440	0.00026888948642108095
18270	0.0013444474321054048
2499	0.00040333422963162143
21366	0.00026888948642108095
12040	0.00026888948642108095
6532	0.0005377789728421619
32386	0.00040333422963162143
5205	0.00026888948642108095
20687	0.00040333422963162143
1089	0.00026888948642108095
1132	0.0016133369185264857
5932	0.00026888948642108095
6562	0.0005377789728421619
20333	0.0010755579456843238
6791	0.00026888948642108095
9002	0.00026888948642108095
31002	0.00026888948642108095
13336	0.00026888948642108095
4808	0.00026888948642108095
33898	0.00026888948642108095
20612	0.00026888948642108095
774	0.0010755579456843238
34164	0.00040333422963162143
14624	0.00040333422963162143
12404	0.00026888948642108095
35355	0.00026888948642108095
10884	0.00026888948642108095
12970	0.00026888948642108095
488	0.00026888948642108095
34420	0.00040333422963162143
16992	0.00026888948642108095
31831	0.00026888948642108095
25665	0.0005377789728421619
25444	0.0005377789728421619
3062	0.00026888948642108095
22979	0.00026888948642108095
1438	0.00040333422963162143
28423	0.00026888948642108095
17199	0.00026888948642108095
33379	0.00026888948642108095
2140	0.00026888948642108095
3179	0.0010755579456843238
22696	0.00026888948642108095
17260	0.00026888948642108095
9669	0.00040333422963162143
4816	0.00026888948642108095
21601	0.0005377789728421619
19298	0.00026888948642108095
28772	0.00040333422963162143
32853	0.00040333422963162143
1061	0.00026888948642108095
20569	0.00040333422963162143
3045	0.00026888948642108095
28449	0.00040333422963162143
5396	0.00040333422963162143
23107	0.00026888948642108095
27937	0.00026888948642108095
23608	0.00040333422963162143
1642	0.00026888948642108095
16444	0.00026888948642108095
22091	0.00040333422963162143
10948	0.00040333422963162143
14609	0.00026888948642108095
30431	0.00026888948642108095
3695	0.00026888948642108095
319	0.00026888948642108095
16100	0.00026888948642108095
30321	0.00040333422963162143
32761	0.00026888948642108095
11555	0.00040333422963162143
20254	0.00026888948642108095
19971	0.00026888948642108095
8511	0.00040333422963162143
36363	0.00026888948642108095
33088	0.00026888948642108095
3358	0.00026888948642108095
1643	0.00040333422963162143
6453	0.00026888948642108095
10754	0.0010755579456843238
16164	0.00040333422963162143
3853	0.00026888948642108095
2974	0.00026888948642108095
6303	0.00026888948642108095
28758	0.00040333422963162143
30193	0.00026888948642108095
32472	0.00040333422963162143
36207	0.00026888948642108095
18059	0.0005377789728421619
28735	0.00026888948642108095
5597	0.00040333422963162143
21472	0.00026888948642108095
29070	0.00026888948642108095
5665	0.00026888948642108095
34639	0.0005377789728421619
33571	0.00040333422963162143
18337	0.00026888948642108095
30333	0.00026888948642108095
34012	0.00040333422963162143
30372	0.00026888948642108095
6435	0.00040333422963162143
5802	0.00026888948642108095
10353	0.0018822264049475667
432	0.00026888948642108095
18771	0.00026888948642108095
11193	0.00026888948642108095
20456	0.00026888948642108095
29409	0.00026888948642108095
3110	0.0010755579456843238
24264	0.00026888948642108095
29726	0.00040333422963162143
28079	0.00040333422963162143
9321	0.00026888948642108095
9410	0.00040333422963162143
23065	0.00040333422963162143
11765	0.00026888948642108095
186	0.00026888948642108095
5740	0.00026888948642108095
21515	0.00040333422963162143
1399	0.00026888948642108095
34293	0.00040333422963162143
26435	0.00026888948642108095
25697	0.00040333422963162143
17155	0.00026888948642108095
35115	0.00026888948642108095
21785	0.00040333422963162143
7801	0.00040333422963162143
10891	0.00026888948642108095
16460	0.00026888948642108095
35643	0.00026888948642108095
34873	0.0005377789728421619
7591	0.00040333422963162143
2924	0.00026888948642108095
16326	0.00026888948642108095
27976	0.0005377789728421619
22054	0.00026888948642108095
24384	0.00026888948642108095
6022	0.00026888948642108095
31363	0.00026888948642108095
14629	0.00026888948642108095
3962	0.00026888948642108095
24846	0.00026888948642108095
18594	0.00026888948642108095
604	0.00026888948642108095
2931	0.00026888948642108095
27357	0.00026888948642108095
23092	0.00026888948642108095
7020	0.00026888948642108095
5913	0.00026888948642108095
21240	0.00040333422963162143
28515	0.00026888948642108095
1357	0.0032266738370529714
8607	0.00040333422963162143
17351	0.00026888948642108095
11534	0.00026888948642108095
12788	0.00026888948642108095
25862	0.00026888948642108095
15916	0.00026888948642108095
22687	0.00040333422963162143
21984	0.00026888948642108095
8664	0.00026888948642108095
4040	0.00026888948642108095
13464	0.00040333422963162143
5602	0.00026888948642108095
7746	0.00040333422963162143
12241	0.00026888948642108095
11305	0.00040333422963162143
11336	0.00026888948642108095
10675	0.00040333422963162143
23236	0.00040333422963162143
2036	0.00026888948642108095
18938	0.00026888948642108095
13922	0.00026888948642108095
36800	0.00026888948642108095
342	0.00026888948642108095
15072	0.00026888948642108095
25756	0.00026888948642108095
13771	0.00040333422963162143
16216	0.00040333422963162143
34686	0.00026888948642108095
3381	0.0013444474321054048
12108	0.0013444474321054048
8271	0.00026888948642108095
10188	0.00026888948642108095
1291	0.00026888948642108095
13374	0.00026888948642108095
6011	0.00026888948642108095
19893	0.00026888948642108095
26454	0.0010755579456843238
17457	0.00026888948642108095
14407	0.00026888948642108095
5718	0.00040333422963162143
31459	0.00026888948642108095
12988	0.00026888948642108095
897	0.00026888948642108095
25559	0.00026888948642108095
979	0.0010755579456843238
36460	0.00040333422963162143
4181	0.00026888948642108095
32924	0.0010755579456843238
28122	0.00026888948642108095
15330	0.00026888948642108095
27630	0.0005377789728421619
32868	0.00026888948642108095
23372	0.00026888948642108095
23524	0.00026888948642108095
8980	0.00026888948642108095
1881	0.00026888948642108095
20686	0.00026888948642108095
3063	0.00026888948642108095
386	0.00040333422963162143
5173	0.00026888948642108095
1810	0.00026888948642108095
22422	0.00026888948642108095
10228	0.00040333422963162143
12374	0.00040333422963162143
22829	0.00026888948642108095
11769	0.00040333422963162143
1313	0.00026888948642108095
3745	0.00026888948642108095
18218	0.00026888948642108095
29992	0.00026888948642108095
14580	0.00026888948642108095
755	0.00040333422963162143
36841	0.00026888948642108095
26688	0.00040333422963162143
36379	0.00026888948642108095
21202	0.00026888948642108095
13066	0.00026888948642108095
17680	0.00026888948642108095
30764	0.00026888948642108095
29097	0.00026888948642108095
3488	0.00026888948642108095
18723	0.00026888948642108095
23508	0.00026888948642108095
2279	0.00040333422963162143
20168	0.00040333422963162143
3219	0.00040333422963162143
36761	0.00040333422963162143
9880	0.00026888948642108095
3866	0.00026888948642108095
2173	0.0006722237160527024
3945	0.00026888948642108095
21332	0.00040333422963162143
13490	0.00026888948642108095
18149	0.0006722237160527024
6329	0.00040333422963162143
25390	0.00026888948642108095
28943	0.00040333422963162143
21536	0.00026888948642108095
23491	0.0005377789728421619
14661	0.00026888948642108095
3772	0.00040333422963162143
6308	0.00040333422963162143
8298	0.00040333422963162143
28044	0.00026888948642108095
2762	0.00026888948642108095
34576	0.00026888948642108095
15322	0.00026888948642108095
380	0.0010755579456843238
7347	0.00040333422963162143
4735	0.00026888948642108095
5732	0.0013444474321054048
15709	0.00026888948642108095
36653	0.00026888948642108095
13906	0.00040333422963162143
3147	0.00026888948642108095
17316	0.00040333422963162143
16207	0.00026888948642108095
31124	0.00026888948642108095
16352	0.00026888948642108095
5466	0.00040333422963162143
34579	0.00026888948642108095
2000	0.00026888948642108095
4438	0.00026888948642108095
3631	0.00040333422963162143
10393	0.00040333422963162143
31078	0.00026888948642108095
28117	0.00026888948642108095
11106	0.00026888948642108095
24530	0.00026888948642108095
15139	0.00026888948642108095
31925	0.00026888948642108095
21653	0.00026888948642108095
16354	0.00026888948642108095
29843	0.00026888948642108095
34405	0.00026888948642108095
10466	0.00040333422963162143
6571	0.00026888948642108095
28385	0.0005377789728421619
8712	0.00040333422963162143
5921	0.0010755579456843238
33022	0.00040333422963162143
19738	0.00026888948642108095
35695	0.0005377789728421619
9439	0.00026888948642108095
27418	0.00026888948642108095
1339	0.00040333422963162143
36193	0.00026888948642108095
20791	0.00040333422963162143
2886	0.0010755579456843238
19210	0.00026888948642108095
7258	0.00026888948642108095
23243	0.00026888948642108095
36198	0.00026888948642108095
12763	0.0005377789728421619
12615	0.00040333422963162143
29830	0.00026888948642108095
20379	0.00026888948642108095
34646	0.0005377789728421619
9197	0.00040333422963162143
8729	0.00026888948642108095
21644	0.00026888948642108095
3914	0.00026888948642108095
669	0.00026888948642108095
29489	0.00026888948642108095
26255	0.00040333422963162143
13208	0.00040333422963162143
21049	0.0010755579456843238
19970	0.00026888948642108095
24217	0.00026888948642108095
688	0.00026888948642108095
27227	0.00026888948642108095
20294	0.00026888948642108095
14544	0.00026888948642108095
27450	0.00040333422963162143
2626	0.00026888948642108095
1647	0.0021511158913686476
11147	0.00026888948642108095
2447	0.00026888948642108095
12207	0.00026888948642108095
25246	0.00026888948642108095
1342	0.00040333422963162143
25231	0.00026888948642108095
2143	0.00026888948642108095
9248	0.00026888948642108095
12265	0.00026888948642108095
6270	0.00040333422963162143
1544	0.00026888948642108095
23990	0.00040333422963162143
11399	0.00026888948642108095
30767	0.00026888948642108095
1502	0.0024200053777897286
29597	0.00026888948642108095
479	0.00026888948642108095
10962	0.00026888948642108095
7622	0.00026888948642108095
2596	0.00040333422963162143
5868	0.00026888948642108095
4865	0.0005377789728421619
3771	0.00026888948642108095
5560	0.00026888948642108095
12505	0.00026888948642108095
34364	0.0005377789728421619
13514	0.00026888948642108095
10885	0.00026888948642108095
3508	0.0013444474321054048
10418	0.00026888948642108095
12651	0.00026888948642108095
3580	0.00026888948642108095
27611	0.00026888948642108095
7469	0.00040333422963162143
3816	0.0016133369185264857
27463	0.00026888948642108095
4812	0.00026888948642108095
345	0.00026888948642108095
12099	0.00040333422963162143
24965	0.00026888948642108095
4614	0.00026888948642108095
33416	0.00026888948642108095
30625	0.00026888948642108095
14236	0.00026888948642108095
30834	0.00040333422963162143
35877	0.00026888948642108095
12631	0.00026888948642108095
8204	0.00026888948642108095
3981	0.00026888948642108095
35899	0.00040333422963162143
11337	0.00040333422963162143
11034	0.00026888948642108095
30882	0.00040333422963162143
34997	0.00026888948642108095
4565	0.0010755579456843238
29893	0.00026888948642108095
31349	0.00026888948642108095
9485	0.00040333422963162143
6950	0.00040333422963162143
27233	0.00026888948642108095
2844	0.00026888948642108095
34728	0.00026888948642108095
948	0.00026888948642108095
117	0.00026888948642108095
3003	0.00026888948642108095
9404	0.00026888948642108095
1322	0.00026888948642108095
18918	0.00026888948642108095
13499	0.00026888948642108095
29015	0.00026888948642108095
8443	0.00026888948642108095
4850	0.0005377789728421619
35078	0.00026888948642108095
36366	0.0005377789728421619
3988	0.00040333422963162143
3608	0.00040333422963162143
4680	0.00026888948642108095
3290	0.00040333422963162143
19395	0.00026888948642108095
3607	0.00040333422963162143
29541	0.00040333422963162143
23893	0.00026888948642108095
6428	0.00026888948642108095
27824	0.00040333422963162143
30659	0.00040333422963162143
18229	0.00040333422963162143
4695	0.00026888948642108095
1905	0.0010755579456843238
3150	0.00026888948642108095
4834	0.0005377789728421619
10632	0.00026888948642108095
16447	0.00026888948642108095
27023	0.00026888948642108095
1657	0.00026888948642108095
26717	0.00026888948642108095
8854	0.00026888948642108095
10078	0.00040333422963162143
3653	0.00026888948642108095
6081	0.00026888948642108095
28693	0.00026888948642108095
22160	0.00040333422963162143
34027	0.00026888948642108095
4648	0.0032266738370529714
35060	0.00026888948642108095
21296	0.00040333422963162143
14723	0.00026888948642108095
30832	0.00026888948642108095
17797	0.00040333422963162143
14591	0.00040333422963162143
7304	0.00026888948642108095
2097	0.00026888948642108095
3890	0.00026888948642108095
31158	0.00026888948642108095
12542	0.00026888948642108095
29416	0.00026888948642108095
35911	0.00026888948642108095
25791	0.00026888948642108095
24220	0.00026888948642108095
17368	0.00026888948642108095
11235	0.00026888948642108095
8269	0.00026888948642108095
8668	0.00026888948642108095
7687	0.00026888948642108095
7163	0.00026888948642108095
19836	0.00026888948642108095
27673	0.00026888948642108095
384	0.00026888948642108095
26969	0.00026888948642108095
33805	0.00026888948642108095
5237	0.00026888948642108095
19700	0.00026888948642108095
33300	0.00026888948642108095
25710	0.00026888948642108095
1632	0.00026888948642108095
15570	0.00026888948642108095
13220	0.00026888948642108095
2088	0.00040333422963162143
9534	0.00026888948642108095
26177	0.00026888948642108095
35106	0.00040333422963162143
24433	0.00026888948642108095
14730	0.00026888948642108095
17994	0.00026888948642108095
25485	0.00040333422963162143
10036	0.00026888948642108095
13791	0.0005377789728421619
1265	0.00026888948642108095
36011	0.00026888948642108095
20589	0.00026888948642108095
20321	0.00026888948642108095
10381	0.00026888948642108095
13142	0.00026888948642108095
19959	0.00026888948642108095
11950	0.00026888948642108095
31967	0.00026888948642108095
5922	0.00026888948642108095
15906	0.0005377789728421619
6313	0.00040333422963162143
35686	0.00040333422963162143
1388	0.0024200053777897286
29880	0.00026888948642108095
13505	0.00026888948642108095
238	0.00026888948642108095
23479	0.00026888948642108095
6009	0.00026888948642108095
25174	0.00026888948642108095
23657	0.00026888948642108095
32806	0.00040333422963162143
13380	0.00026888948642108095
558	0.00026888948642108095
28316	0.00040333422963162143
25172	0.00040333422963162143
28097	0.00026888948642108095
13401	0.00040333422963162143
3716	0.00026888948642108095
15152	0.00026888948642108095
15138	0.00026888948642108095
27290	0.00026888948642108095
36694	0.00040333422963162143
21796	0.00026888948642108095
35575	0.00026888948642108095
2234	0.00026888948642108095
21845	0.00026888948642108095
10897	0.00026888948642108095
11653	0.00026888948642108095
8267	0.00026888948642108095
9070	0.00026888948642108095
27518	0.00026888948642108095
30796	0.00026888948642108095
13010	0.00026888948642108095
27850	0.00026888948642108095
665	0.00026888948642108095
3447	0.00026888948642108095
6168	0.0005377789728421619
2962	0.00026888948642108095
28504	0.00026888948642108095
13302	0.00040333422963162143
26041	0.00026888948642108095
10731	0.00040333422963162143
5088	0.00026888948642108095
352	0.00026888948642108095
14180	0.00026888948642108095
7521	0.00026888948642108095
34798	0.00026888948642108095
12142	0.00026888948642108095
29222	0.00026888948642108095
28547	0.00026888948642108095
4709	0.00026888948642108095
20405	0.00026888948642108095
21701	0.00026888948642108095
7710	0.00026888948642108095
27994	0.00026888948642108095
2753	0.00026888948642108095
24602	0.00040333422963162143
11037	0.00040333422963162143
12069	0.00026888948642108095
26665	0.00026888948642108095
18096	0.00040333422963162143
3688	0.00026888948642108095
33223	0.00026888948642108095
35773	0.00026888948642108095
1256	0.0005377789728421619
18615	0.0013444474321054048
6032	0.00026888948642108095
18660	0.00026888948642108095
29218	0.00026888948642108095
21192	0.00026888948642108095
8336	0.00026888948642108095
34617	0.00026888948642108095
1972	0.00040333422963162143
17024	0.00040333422963162143
2202	0.00026888948642108095
18987	0.00026888948642108095
33024	0.0005377789728421619
5809	0.00026888948642108095
4756	0.00026888948642108095
17244	0.00040333422963162143
23085	0.00026888948642108095
5403	0.00026888948642108095
4736	0.00026888948642108095
23274	0.00026888948642108095
20324	0.00026888948642108095
8315	0.00026888948642108095
36127	0.00026888948642108095
2312	0.00026888948642108095
8833	0.00026888948642108095
11317	0.00026888948642108095
14417	0.00040333422963162143
30877	0.00026888948642108095
18552	0.00026888948642108095
4079	0.00026888948642108095
10517	0.00026888948642108095
16756	0.00026888948642108095
21883	0.00040333422963162143
16945	0.00040333422963162143
20437	0.00040333422963162143
16308	0.00026888948642108095
3711	0.00040333422963162143
23837	0.00026888948642108095
8698	0.00026888948642108095
4173	0.00026888948642108095
19695	0.00040333422963162143
10286	0.0010755579456843238
207	0.0010755579456843238
1338	0.00026888948642108095
14558	0.00026888948642108095
22720	0.00026888948642108095
27010	0.00026888948642108095
1090	0.00040333422963162143
14546	0.00026888948642108095
17331	0.00026888948642108095
21197	0.00040333422963162143
16706	0.00026888948642108095
21191	0.00040333422963162143
30421	0.00026888948642108095
19469	0.00026888948642108095
15490	0.00026888948642108095
32925	0.00040333422963162143
30921	0.00026888948642108095
3601	0.00026888948642108095
4314	0.00026888948642108095
29714	0.00026888948642108095
30361	0.00026888948642108095
33603	0.00026888948642108095
4977	0.00026888948642108095
18789	0.00026888948642108095
9106	0.00040333422963162143
10622	0.00026888948642108095
19957	0.00026888948642108095
18813	0.00026888948642108095
840	0.00026888948642108095
11682	0.00040333422963162143
36416	0.00040333422963162143
13702	0.00026888948642108095
25500	0.00040333422963162143
30657	0.00026888948642108095
19961	0.00026888948642108095
26786	0.00026888948642108095
18975	0.00026888948642108095
4541	0.00026888948642108095
15620	0.00040333422963162143
544	0.00026888948642108095
25570	0.00026888948642108095
19160	0.00026888948642108095
1854	0.00026888948642108095
22391	0.00026888948642108095
30440	0.00026888948642108095
20398	0.00026888948642108095
22469	0.00040333422963162143
12772	0.00026888948642108095
3501	0.00026888948642108095
17028	0.00026888948642108095
30527	0.00040333422963162143
7518	0.0005377789728421619
19761	0.00026888948642108095
1596	0.00026888948642108095
26917	0.00026888948642108095
26903	0.00026888948642108095
32590	0.00026888948642108095
15988	0.00026888948642108095
6180	0.00026888948642108095
21065	0.00040333422963162143
1297	0.0005377789728421619
15753	0.00040333422963162143
17258	0.00026888948642108095
508	0.00026888948642108095
28898	0.00026888948642108095
32330	0.00026888948642108095
15606	0.00026888948642108095
16758	0.00026888948642108095
27832	0.00026888948642108095
7328	0.00026888948642108095
28162	0.00026888948642108095
18755	0.00026888948642108095
9273	0.00040333422963162143
14171	0.00026888948642108095
24955	0.00026888948642108095
24284	0.00026888948642108095
1589	0.00026888948642108095
3963	0.00026888948642108095
1742	0.00026888948642108095
2321	0.00040333422963162143
5538	0.00026888948642108095
23078	0.00040333422963162143
13796	0.00026888948642108095
35195	0.00026888948642108095
20005	0.00026888948642108095
31491	0.00026888948642108095
5458	0.00026888948642108095
4914	0.00026888948642108095
16149	0.00026888948642108095
35759	0.00026888948642108095
14695	0.00026888948642108095
