0	9.86998908322763e-05
1	0.010530583016348379
2	0.0001013307211206118
3	8.70355606621487e-05
4	7.048239739448698e-05
5	0.0003128397081705631
6	6.904013893164836e-05
7	7.445809039273855e-05
8	8.75778219963312e-05
9	8.34057558115314e-05
10	0.00011095619882758237
11	0.00021136253406317223
12	0.00011343105868449947
13	9.606124081815875e-05
14	0.00011037059914100484
15	0.000102940985049795
16	8.56189278383861e-05
17	0.0017157651058378586
18	6.904013893164836e-05
19	0.00013131195988558647
20	6.904013893164836e-05
21	9.539644859746325e-05
22	0.00023587903226093203
23	0.00041689661586136667
24	8.28793926167174e-05
25	0.0006788568855657071
26	0.00011546533965892827
27	0.03916906233768456
28	0.00012640276494464204
29	0.0002067131978723901
30	9.817253558405253e-05
31	8.656284003292984e-05
32	0.0001515999918397904
33	0.00017297344212904658
34	6.904013893164836e-05
35	8.473921011683806e-05
36	0.0002920820055267147
37	9.490957416178342e-05
38	9.524124255263324e-05
39	0.00015096633724076523
40	0.0007466042795951402
41	9.924188340862832e-05
42	0.00010874913803915001
43	9.003237455490012e-05
44	6.904013893164836e-05
45	0.00013851579872164508
46	9.317176972954382e-05
47	0.001954115839237272
48	9.255518249064741e-05
49	0.00015857193107390288
50	6.904013893164836e-05
51	9.839778938744094e-05
52	0.00010783481149777218
53	0.0001077867438278896
54	0.0001579926006055885
55	0.00017415337264065469
56	8.063901595980693e-05
57	0.0025139203875988404
58	6.904013893164836e-05
59	0.0001344149369681301
60	0.00010739339582888888
61	8.707892596792046e-05
62	8.114752615450934e-05
63	0.0001258017670685738
64	9.510810108464003e-05
65	0.00011938538015569707
66	9.020272938653748e-05
67	0.0011055484340802247
68	8.660105269254022e-05
69	6.904013893164836e-05
70	0.00010057408459948519
71	0.00017524122324339144
72	0.0040834029917167745
73	9.198178876165198e-05
74	8.959023355603278e-05
75	9.912622318720011e-05
76	8.296535242641564e-05
77	6.904013893164836e-05
78	8.479219306092654e-05
79	0.0007169156276727591
80	7.386528165188763e-05
81	0.00010727709076844788
82	0.00043370916836431566
83	0.0008977557742354435
84	8.178744583290272e-05
85	0.0008752274057897308
86	0.0001149580007010938
87	9.263152669364679e-05
88	0.00636791808386131
89	9.653699532957863e-05
90	9.931028426098012e-05
91	0.0001616215337484913
92	0.0012280194605971406
93	0.0012687391895047787
94	9.585160679377526e-05
95	9.208638646060887e-05
96	0.00016558030724252566
97	0.0002261043371790285
98	9.097356551276097e-05
99	0.00011205586709694574
100	9.049899824102475e-05
101	9.654566450408811e-05
102	0.002705628355021238
103	0.00020096616685476513
104	8.373294454515164e-05
105	0.00011087340243731692
106	0.00010335624435972175
107	8.994689235136147e-05
108	0.00015665677804017466
109	7.924437120421457e-05
110	0.0025296932080475787
111	0.00010433405946237191
112	0.00010785395354146646
113	0.00013307919761548848
114	0.0001458695231809103
115	9.94825463246457e-05
116	9.486734457482966e-05
117	0.00011635534013837312
118	0.0002577268561342668
119	8.687293345908201e-05
120	0.009285115725664428
121	9.855718789849296e-05
122	0.0001002308493429074
123	0.00020065187327669273
124	0.00016779621595160063
125	8.867406948887799e-05
126	0.00015243107638105948
127	0.00039399739101244247
128	0.00010288186649279499
129	0.0001274467761451026
130	0.0001643904608471646
131	8.1929332062476e-05
132	0.00018999611161001913
133	9.606738870585265e-05
134	0.0002491441148386183
135	8.105391185798879e-05
136	9.17508917536714e-05
137	0.00011318968955027952
138	9.137736782099198e-05
139	6.904013893164836e-05
140	7.93248227660833e-05
141	0.0002419633397858492
142	0.00011633147469764532
143	0.00010571447394103163
144	0.00013587860631783736
145	0.00010880560291091557
146	8.492569288748841e-05
147	0.0002856875644444369
148	0.0006260490236968525
149	8.903105760725979e-05
150	0.000160473074752763
151	6.904013893164836e-05
152	9.423969476497044e-05
153	0.0006153777499855976
154	0.00031547178663484597
155	8.137592161300787e-05
156	9.340079318076183e-05
157	0.00016468934964502583
158	0.00011663852024797265
159	8.354058260512411e-05
160	9.49120913918728e-05
161	9.502346627827309e-05
162	9.017621047434233e-05
163	0.0005759353381061233
164	6.904013893164836e-05
165	9.404459701403879e-05
166	0.0014684116614658966
167	0.00011277936056323481
168	0.00011562816050808181
169	0.00019306267311765187
170	0.00017135059665580199
171	0.00010504753580514186
172	9.026704066504969e-05
173	9.019107969598706e-05
174	8.81286195897917e-05
175	0.0003712822927960061
176	0.000142553305720036
177	0.00019479802748120293
178	0.0005507882351031886
179	8.576615475123398e-05
180	0.0008391271765029494
181	9.157231869624601e-05
182	0.00010421102511456022
183	9.250160896020767e-05
184	0.00011162548472082641
185	0.0001442935494434528
186	6.904013893164836e-05
187	0.00020168597452914855
188	0.00017508973944292035
189	0.00023668644243981897
190	9.364922428246983e-05
191	0.0013057846593972251
192	7.013309935689858e-05
193	8.632536903722303e-05
194	0.00010110439667346275
195	0.0001635769861174596
196	8.696904940727624e-05
197	0.0019974479906177205
198	8.916794939225579e-05
199	9.264926627398608e-05
200	0.00014346608362113015
201	0.00029606974523448473
202	6.904013893164836e-05
203	8.528897688535324e-05
204	6.906272942122753e-05
205	0.00011963474130042087
206	0.00017875615549858338
207	8.344721783113998e-05
208	9.11550086929652e-05
209	0.0001142636464591942
210	0.00012182565893654275
211	8.106954085731398e-05
212	0.0005104098001343508
213	8.139679133524163e-05
214	0.0016155670978154474
215	8.336471007491217e-05
216	8.049681831042604e-05
217	6.904013893164836e-05
218	8.423560595316439e-05
219	0.00022778092256123521
220	9.640391671201566e-05
221	0.0001014803568397445
222	0.0005955300564225432
223	0.00010953203842028577
224	0.00011199194331007174
225	9.922877062756582e-05
226	0.0007369446658452087
227	0.00011414154921527701
228	8.785310753304487e-05
229	0.00011606070832642057
230	0.00020452827842202216
231	0.0013267175135637259
232	0.00021782338365635987
233	0.0001216537697042995
234	9.884470561137389e-05
235	8.572933400323262e-05
236	0.0001429563644436462
237	9.598798495012126e-05
238	0.000313353281752011
239	9.337430520175539e-05
240	8.535532754458015e-05
241	9.289789544435068e-05
242	0.00016871796706758975
243	6.904013893164836e-05
244	8.436294421438141e-05
245	8.604376341838325e-05
246	0.0001274799614509334
247	8.455491458471099e-05
248	6.904013893164836e-05
249	7.9538465563321e-05
250	0.00018510306532934826
251	0.00010494774328185354
252	0.00011085953720119625
253	9.838144092071588e-05
254	0.00013362982398403212
255	9.267669966539381e-05
256	8.42166886175788e-05
257	9.884259225381564e-05
258	0.0003475647174717269
259	9.76761160308527e-05
260	0.00017529989168188443
261	0.00018074985393050472
262	0.0001218427223749703
263	0.00019166814443169055
264	6.904013893164836e-05
265	8.037962590350491e-05
266	0.002388999238985475
267	0.00010064471544881688
268	0.00015666160028698713
269	0.00010066533313904237
270	0.0003715008751874545
271	0.00014896890952113844
272	0.00019903435980747532
273	9.639563970622782e-05
274	8.986716439729554e-05
275	9.09840805785916e-05
276	8.722119315934783e-05
277	8.856352971486079e-05
278	9.722897227501676e-05
279	0.00011794344825308612
280	0.00042035837464329817
281	0.00016485502580657898
282	0.00021957119486533562
283	0.00010801127944415786
284	6.904013893164836e-05
285	6.906062502749059e-05
286	0.00011453778503698686
287	0.00011255016314525804
288	0.00016001237779487743
289	0.0002385856968211825
290	9.758521524409988e-05
291	8.06332006378286e-05
292	9.336349243342572e-05
293	8.783151531630053e-05
294	8.286576956922562e-05
295	8.987740774144572e-05
296	9.180563093365197e-05
297	8.223483729815695e-05
298	0.00010649506039117136
299	8.69027828284994e-05
300	0.00018365805920856482
301	8.706541002020759e-05
302	0.00038850000660045397
303	8.295721071004784e-05
304	0.00022388458312753165
305	0.00027612780046801255
306	0.0002130436116663772
307	6.904013893164836e-05
308	0.001947500057003999
309	0.0001258639257227109
310	0.00012647981133896764
311	0.00011046290185413572
312	8.751114754412595e-05
313	0.00010384325792430456
314	0.0001010882829801215
315	0.0004720486148243546
316	0.00011460858350250429
317	0.00010823226837354178
318	0.00010369070552050384
319	6.909953337700214e-05
320	0.00010110631973172339
321	8.883655104947481e-05
322	0.00010102987079760821
323	9.566535193193744e-05
324	0.00016570250586113656
325	0.0001573298317317305
326	0.0008100286442423949
327	0.0003014243315824448
328	8.738847710139538e-05
329	8.140188590600292e-05
330	0.00012759085766226674
331	9.804967828106659e-05
332	0.001438737392367572
333	9.117031475148663e-05
334	0.00010465100703726325
335	0.000301786716323013
336	8.269607906405058e-05
337	0.002437744385149254
338	0.00018401439061531196
339	7.362334707828748e-05
340	6.960758778100178e-05
341	8.963276708000103e-05
342	0.0004228850460302053
343	0.0010107430383952637
344	0.00013397106378356885
345	8.98376040782239e-05
346	0.00010460267530359562
347	0.0001739765791851057
348	0.00010252510084907625
349	0.00010572136329260791
350	0.0001366100449864084
351	9.884797185376681e-05
352	0.000202589335657452
353	0.0007212658385122849
354	9.950344112436483e-05
355	9.2318383252998e-05
356	9.029138772133211e-05
357	0.0001299719099078865
358	9.939713940632468e-05
359	0.00016456831933875853
360	6.904013893164836e-05
361	8.237873525531612e-05
362	0.00026589108696357033
363	0.00011553013047841133
364	6.928030216266695e-05
365	9.140064354030614e-05
366	6.904013893164836e-05
367	9.817370998681352e-05
368	0.00021943576048083055
369	0.00011559142436247742
370	7.23677512915413e-05
371	0.00010074575748284953
372	0.00012842420518314215
373	7.994736963519902e-05
374	8.093354079554629e-05
375	0.00023902680081152285
376	8.309240210116305e-05
377	0.0003264008321472133
378	8.363545651521388e-05
379	0.00010469389997057362
380	8.871843821792066e-05
381	8.988902289498808e-05
382	8.9040122541227e-05
383	9.281668907062501e-05
384	9.799816645007572e-05
385	9.69167433372701e-05
386	0.00011786970921040383
387	0.00012875449303517656
388	0.0001441097785002998
389	0.00012415382134855243
390	0.00012872786687406833
391	8.722215369553926e-05
392	0.0002933704179454246
393	8.985939066194943e-05
394	0.00011783035285223943
395	0.002768216090287116
396	0.00014607651681963857
397	0.00029852639432823545
398	0.00011873737707514768
399	8.219016574416996e-05
400	9.408391410243796e-05
401	8.555081060402515e-05
402	8.932233049290862e-05
403	6.904013893164836e-05
404	0.00016045571060087718
405	8.119721494228396e-05
406	0.00020154038547031048
407	0.00020769539944939718
408	9.142839689272305e-05
409	9.29196153267612e-05
410	9.245038536350753e-05
411	8.959274698765743e-05
412	8.874273932625187e-05
413	0.0001679070515669053
414	0.00020366835914523515
415	7.864150375452801e-05
416	8.0607408035404e-05
417	6.904013893164836e-05
418	8.485150031455424e-05
419	0.0001415620532120729
420	9.823117643745083e-05
421	8.873435508228983e-05
422	0.00011740110447564037
423	0.00012438463761532158
424	0.00022001947270891054
425	0.00014660906589848878
426	0.00014150122985540631
427	8.036429699287535e-05
428	9.294802218385312e-05
429	8.686065519203693e-05
430	8.44291823689042e-05
431	0.00011645729047078614
432	9.08192193757061e-05
433	9.551620891261076e-05
434	0.00011671586168877368
435	0.006111548037042323
436	0.00011134815214462404
437	6.924187099988674e-05
438	7.819581481626309e-05
439	0.00011275151712686728
440	0.00032102913185823887
441	8.890906046850264e-05
442	0.00010090921826008014
443	8.233157770293666e-05
444	0.00017542886328007879
445	9.051611758866604e-05
446	8.249391816073544e-05
447	0.0001548508585684379
448	7.003114441253212e-05
449	0.00023828928969853283
450	9.056540627998747e-05
451	0.0005223798004350933
452	0.0001299733797611993
453	8.374230443956594e-05
454	8.861531858848153e-05
455	0.00030368210824371737
456	0.00048384829174448674
457	0.0001121755623763257
458	0.00010602871827456483
459	0.00017490362702012
460	0.00014658064579827922
461	8.981243498376357e-05
462	0.000104055741999211
463	9.106762263772278e-05
464	8.779626045305521e-05
465	0.000120195765297891
466	0.00012795482073513036
467	9.480376746282591e-05
468	0.00012196042460239825
469	8.781065868651935e-05
470	0.00015751977304090528
471	8.584624167453124e-05
472	0.0003125126469774616
473	9.370613048485423e-05
474	0.00010157717219906998
475	0.00010680475279652355
476	9.825557900861398e-05
477	9.501655373084897e-05
478	8.451331566723624e-05
479	0.00011257502155932014
480	0.0006076382756820023
481	9.63266328527373e-05
482	9.010864919321965e-05
483	8.531062042328494e-05
484	8.88425504643877e-05
485	0.00015705710889194876
486	0.00013212203826218225
487	9.45296719066156e-05
488	0.0030486630365831515
489	0.00012007832375728671
490	0.001857613931792906
491	8.510943471072143e-05
492	7.948357613794018e-05
493	0.00030211954215168916
494	7.849522767360204e-05
495	0.00010661887511386642
496	0.00010541497845247122
497	8.910521597568843e-05
498	0.0002887147075043241
499	8.393598309809546e-05
500	6.904013893164836e-05
501	0.000113890425832049
502	8.173160766372458e-05
503	0.00010967454536328538
504	9.675474347581469e-05
505	7.868890054334559e-05
506	9.589865606620525e-05
507	0.00012433782061221688
508	8.984470055454252e-05
509	9.160779900574951e-05
510	9.178337555468442e-05
511	0.00010520127741201103
512	0.0001064753667693236
513	9.88767112703202e-05
514	9.334629106434576e-05
515	9.251998533351091e-05
516	8.694642562940769e-05
517	9.125800751703978e-05
518	0.00013315745026771587
519	8.73200720563835e-05
520	6.904013893164836e-05
521	0.00016793300105741584
522	9.272614362099691e-05
523	9.003355272093294e-05
524	0.00017495024652980224
525	9.235141270574535e-05
526	0.00020549233410431517
527	8.438863423544249e-05
528	0.0002588210220085773
529	0.00010523233633033657
530	0.00017197272060027295
531	0.001788110081954463
532	0.00011194545673173941
533	0.00011751617707662851
534	8.493780596794357e-05
535	0.00010236849372681499
536	9.141412214653558e-05
537	9.331972592497799e-05
538	0.00010548862289197402
539	8.911026037973771e-05
540	0.00010969251280363882
541	8.331505356817706e-05
542	0.00010187204069264763
543	0.0001239549263181311
544	6.904013893164836e-05
545	0.00013358431419846847
546	0.0001272698654559174
547	0.00010347785888792119
548	0.00015160059304320463
549	8.692246870579024e-05
550	0.00010837603275801301
551	0.00013300427323974899
552	0.0001736960438941612
553	0.00011148015559704718
554	0.00010444428827008714
555	0.00011234627749204465
556	6.904013893164836e-05
557	9.364318859343034e-05
558	0.0001229269048292031
559	9.263347843568699e-05
560	0.00011705674465201302
561	8.448692141915563e-05
562	0.0003092794455599407
563	8.50848315189752e-05
564	0.00014241296930078354
565	0.0004102966173541235
566	0.00011729816700307625
567	9.740690974988222e-05
568	6.904013893164836e-05
569	0.00023636597543845664
570	0.0001055814749639678
571	0.00018451158109968706
572	0.00010061927156282608
573	9.498518753614402e-05
574	0.00015554299976971417
575	9.243147382723111e-05
576	8.871427402273832e-05
577	8.714341704764226e-05
578	0.00016434002910426464
579	6.904013893164836e-05
580	7.176235453091573e-05
581	8.10367030955998e-05
582	0.00011487508747918664
583	9.776119098657631e-05
584	0.00010218155134248191
585	8.669446119090405e-05
586	8.794140460457398e-05
587	0.00011790067838932211
588	8.290556567279381e-05
589	0.00012516584784661645
590	7.420145917569272e-05
591	0.00011778762215550832
592	0.00019677688370178806
593	8.602454311904705e-05
594	0.00024391599240374578
595	0.00011303152060690032
596	8.664045143218026e-05
597	0.00011570716849002176
598	9.275981599862088e-05
599	0.00015251490317536362
600	9.236605709066636e-05
601	0.00012036568256542388
602	0.00010637991596389202
603	0.00010630831200909253
604	0.0007889646549271351
605	6.904013893164836e-05
606	0.00027461695662330356
607	6.904013893164836e-05
608	0.00019078990674757353
609	0.00011212013823800612
610	0.0003134638229773947
611	0.00024659967985214904
612	0.0001002728122949417
613	0.0001366374561926162
614	0.0002412321040907226
615	8.650280097238422e-05
616	0.00040985842130055383
617	0.00012731528507624982
618	0.00017036302722863009
619	8.064363832110168e-05
620	8.424039216040745e-05
621	6.904013893164836e-05
622	8.309533862018749e-05
623	0.00031885397301594024
624	9.851563747842438e-05
625	0.00039410240439064224
626	8.728588578125485e-05
627	9.698222186103486e-05
628	0.00010596948142383598
629	0.00013987857665322955
630	9.283962225206592e-05
631	7.148109456440434e-05
632	9.418310774238091e-05
633	0.00012249550117904588
634	9.802220537471167e-05
635	9.024558891839159e-05
636	0.00010200589997543555
637	8.948355896263425e-05
638	0.00024165110187882204
639	0.00013131387541320312
640	0.00012259436364879536
641	6.904013893164836e-05
642	8.564801656772708e-05
643	0.00010581071537111778
644	0.0001232781672372539
645	9.947724045898799e-05
646	0.0002510339807602498
647	8.661681586344383e-05
648	9.699762698182386e-05
649	6.904013893164836e-05
650	0.0001599040943232714
651	0.00012094848142496557
652	0.00040041827009487397
653	0.00010345274776367769
654	9.402310363888802e-05
655	0.000338095795725746
656	8.864695597750589e-05
657	0.00031161968132567227
658	7.89869625489439e-05
659	7.975596229017994e-05
660	0.0001009688597724499
661	0.00010795852180125806
662	0.0001513254204918712
663	9.806176586393845e-05
664	0.00038939511003086236
665	0.001209646932161294
666	9.513580309329956e-05
667	8.377151433883839e-05
668	0.0001059953342096345
669	0.00017394135082562533
670	0.0002601852122414381
671	0.00012588146256423336
672	9.178186391269122e-05
673	8.944072759546749e-05
674	0.00011841738592979371
675	0.0007506943089151027
676	6.904013893164836e-05
677	0.00012766939062349767
678	0.00013250176884908247
679	0.00013377039543336418
680	6.904013893164836e-05
681	8.153959607144068e-05
682	8.792841807918805e-05
683	6.917025183882424e-05
684	0.00011741106306365027
685	9.190391612453273e-05
686	0.00027985643855997744
687	6.904013893164836e-05
688	9.879826935156176e-05
689	0.00013003564117025038
690	9.898955324032386e-05
691	0.00011074725427873234
692	0.0001803271197730582
693	6.904013893164836e-05
694	6.923821183160234e-05
695	9.406217786744775e-05
696	9.186545914833848e-05
697	9.961982474092221e-05
698	9.208023666005401e-05
699	0.0002503712493354068
700	8.723901506145536e-05
701	0.0001262189743287075
702	0.0002748099696231926
703	0.00018941638052957042
704	8.984585047586533e-05
705	0.0004575546018418471
706	9.106221025199019e-05
707	0.0001573459989551648
708	8.205514447306814e-05
709	9.28785000934384e-05
710	9.652871597362463e-05
711	8.469382207222339e-05
712	8.277881221881925e-05
713	0.00015000678003967958
714	9.699565147808792e-05
715	0.00010634727559435099
716	9.920925235143454e-05
717	0.00010496558545337851
718	0.00024506242365599293
719	0.00012169511509184201
720	0.00015565176526028378
721	8.395152066735485e-05
722	0.00014112564316928023
723	9.551480176375847e-05
724	0.0024662396511357515
725	0.00010079989272787965
726	8.71305142365405e-05
727	0.00017323756848360011
728	0.00014650011702321478
729	9.041801902517452e-05
730	8.872952808769744e-05
731	0.0003075399064496289
732	8.226386371368968e-05
733	7.97770672802622e-05
734	7.063113253656883e-05
735	0.0001861612639962931
736	0.00014555992295654406
737	9.719951288274508e-05
738	8.859990018207688e-05
739	8.468516031673396e-05
740	8.519210895058103e-05
741	8.09450231504409e-05
742	6.905318910329287e-05
743	7.01074903587703e-05
744	0.00014980878702319133
745	0.000290183203397556
746	8.232914817796856e-05
747	7.177829529288678e-05
748	9.233528272814882e-05
749	0.00014221122705886116
750	0.00023969641439125806
751	8.79207438186791e-05
752	0.0003491159633740458
753	8.560482327224842e-05
754	0.000227984998419248
755	9.606415394607906e-05
756	0.00032684808949375965
757	0.0005706323377177452
758	0.00015327609893411908
759	0.00014391769272427483
760	0.00012165713320595522
761	8.847567580577462e-05
762	0.0001049782548243303
763	0.0009696885353472891
764	9.605127656151218e-05
765	9.509183644984887e-05
766	8.947622156105312e-05
767	0.00010020368775994336
768	0.0004577552542469656
769	0.0001730368051934632
770	0.00015667872244567955
771	0.00012705398833649602
772	0.00022433730926611428
773	0.000176638556351228
774	9.499817111282725e-05
775	0.0001575300025316324
776	7.850472129335068e-05
777	0.0006989078736071644
778	0.0001966273073624956
779	8.129150478804215e-05
780	0.00011957703612560073
781	0.00010106819584353516
782	0.00014591488562842067
783	9.432437061308569e-05
784	6.904013893164836e-05
785	0.001238881334224729
786	9.401414083023044e-05
787	0.000101741881337257
788	8.319941409313413e-05
789	0.00011382926327359476
790	0.0007499564460422153
791	0.00020084718123168348
792	0.00019519336722334751
793	9.983224396127032e-05
794	0.00019233094533810337
795	0.00012816020857055215
796	0.0005687460679746931
797	0.0008884193725498553
798	8.51420475636482e-05
799	7.421955512592979e-05
800	6.904013893164836e-05
801	0.0002999397758454167
802	0.00010138214525162256
803	9.476599454290822e-05
804	9.149243871299197e-05
805	9.006510874816768e-05
806	9.881655353097625e-05
807	9.472086029619332e-05
808	8.73181723360395e-05
809	0.00010778915173771783
810	8.184934449563881e-05
811	0.0003197300526813242
812	0.00013094236811277452
813	7.706624275782928e-05
814	0.00013161158603684406
815	9.228718837539969e-05
816	9.782662315883784e-05
817	8.925984879150315e-05
818	0.00016423582633448992
819	0.00025722151506740243
820	9.35877417564897e-05
821	0.000122073734951872
822	0.00010587986589328052
823	0.00018957275768040273
824	8.461355984758646e-05
825	8.771250243009547e-05
826	0.0001004041055857806
827	0.00018335881770673943
828	0.0001061238522294593
829	0.00016397317361739816
830	0.0001029687657860717
831	0.00010656864914349056
832	9.717951088403907e-05
833	8.931256961277612e-05
834	0.0001361303093085896
835	8.261640697003156e-05
836	8.587081507381353e-05
837	8.819803518973291e-05
838	6.904013893164836e-05
839	7.050704346737978e-05
840	9.235869325672638e-05
841	0.00014795051394473306
842	9.114144765148294e-05
843	9.823536634650292e-05
844	0.000455847800373758
845	0.00011870499030340485
846	0.00018646697588300555
847	8.329659513617034e-05
848	0.0003362375866000578
849	0.00014707479946636355
850	8.035291544667472e-05
851	9.443863451073901e-05
852	0.0001258981244864226
853	0.00010635814591234223
854	0.00010640300167460733
855	0.00012913598063604148
856	0.0002492076041062437
857	8.044725261978914e-05
858	0.00015097965020750498
859	7.471017278820033e-05
860	0.0002664077834917919
861	0.00024999298775323585
862	0.0001555681269233189
863	8.933530424044879e-05
864	9.675308278374885e-05
865	8.659508574446965e-05
866	0.00013180004726765396
867	0.00010109915634949043
868	0.0001284632307691179
869	6.904013893164836e-05
870	8.171290388714033e-05
871	8.868063941236572e-05
872	6.904013893164836e-05
873	8.79261412842176e-05
874	8.730664427447477e-05
875	8.525002576264046e-05
876	0.0015832941024624741
877	0.0001528991773023111
878	0.00011284447683225027
879	0.00014582473950331386
880	0.00017275524598683392
881	8.543024344621658e-05
882	0.00010955998546069712
883	0.001856282702419853
884	7.909645546645526e-05
885	9.064144287978268e-05
886	0.00010144866020232675
887	8.000088026640685e-05
888	0.00031328457502609585
889	8.662734340672681e-05
890	9.575085941979862e-05
891	0.00011929268116471796
892	6.904013893164836e-05
893	6.911950688395435e-05
894	7.864471812360499e-05
895	0.00010620064984982904
896	6.904013893164836e-05
897	9.23610139352996e-05
898	9.516594816596199e-05
899	0.00010096696700593652
900	9.065105385441181e-05
901	9.067459005437005e-05
902	8.883267247051632e-05
903	9.230564258575088e-05
904	0.0002655880942789017
905	6.904013893164836e-05
906	0.00013420104177693605
907	0.00010119556768197757
908	0.00010133498955435484
909	8.035291544667472e-05
910	9.269228425122801e-05
911	9.957363828684116e-05
912	9.580950330708441e-05
913	8.536835924178918e-05
914	8.234168106654774e-05
915	0.00010166586384494726
916	0.00014455109811690317
917	0.00012118488380239928
918	0.0001239653814936564
919	0.00015286743497911872
920	0.00010413771821700263
921	0.00010633680266767087
922	8.231551004542163e-05
923	8.498228027956886e-05
924	8.551823487090855e-05
925	6.904013893164836e-05
926	0.00010353682805288024
927	0.00011317173838867517
928	8.08266139937019e-05
929	8.761754579772448e-05
930	8.907045309728716e-05
931	0.0002824244778936773
932	0.00018581771432899655
933	0.0002481967729263204
934	9.029101154648346e-05
935	0.00019686742958508193
936	9.440495885066304e-05
937	0.0001123357365283871
938	8.737302632632487e-05
939	0.0005175804179126264
940	9.710105102485909e-05
941	8.268628178581289e-05
942	0.00022042717139617832
943	0.00012662930311325678
944	0.00010416952446046254
945	0.00013713199075660073
946	9.002179313965669e-05
947	8.185395627070457e-05
948	8.340985051763198e-05
949	0.00011563622768058558
950	8.498077463215587e-05
951	8.608544094433466e-05
952	9.611007864694776e-05
953	8.546611024066504e-05
954	0.00011320527571354895
955	0.00015252003012999782
956	0.00014676123815815154
957	0.00010119551948544631
958	8.22477828529048e-05
959	8.753784500153153e-05
960	0.00041841120602373804
961	9.250388820330162e-05
962	8.248275388293992e-05
963	0.00022214697469994545
964	6.904013893164836e-05
965	8.865415844878828e-05
966	0.00010761545433401102
967	0.00017185499995184107
968	6.904013893164836e-05
969	0.00010519183235409699
970	9.48194770298679e-05
971	9.230659843071233e-05
972	8.80974043213176e-05
973	9.959886580000667e-05
974	0.00015900215250049654
975	0.00010674409485807488
976	0.00012048876538659268
977	0.00012426614947552998
978	0.00019280068756236763
979	9.323231154269648e-05
980	0.0001587379508160852
981	8.949721168168395e-05
982	0.00011738662871431382
983	0.00011525052487765703
984	9.587800333029487e-05
985	8.953253645357882e-05
986	0.00010830144620044478
987	0.00012545217329553874
988	9.4286677600286e-05
989	9.988831391996307e-05
990	0.0007143611492267105
991	0.0001269762627762033
992	0.00045300423163256763
993	9.101293637347685e-05
994	9.905246513038931e-05
995	8.705196381843922e-05
996	0.00010233022696116333
997	9.235810896078159e-05
998	6.908186425365501e-05
999	0.0002162051034834607
1000	6.904013893164836e-05
1001	0.00014418221431811016
1002	0.00011862457105473378
1003	8.926496684322349e-05
1004	9.84604404607019e-05
1005	0.0001310607632898183
1006	0.00012443158553508498
1007	8.57964114796807e-05
1008	6.904013893164836e-05
1009	0.0002325405123246385
1010	8.983491068333348e-05
1011	0.00010758386842716406
1012	8.711931498886673e-05
1013	6.904013893164836e-05
1014	8.095944184160587e-05
1015	0.00011028817314156152
1016	9.091954415659023e-05
1017	0.00022278435006381982
1018	0.0006891520197048358
1019	8.3799214049945e-05
1020	9.814747421691401e-05
1021	9.035416638619907e-05
1022	0.0001043349266137086
1023	0.000185079301077639
1024	9.290672884179194e-05
1025	9.750737890097948e-05
1026	0.00014542887230726181
1027	0.00011734048679072523
1028	0.00010616806130488106
1029	0.00010128776662134465
1030	0.00016252814232770062
1031	9.48086970636272e-05
1032	0.00012096480638845429
1033	0.0003380489573264267
1034	9.133999921969422e-05
1035	0.00013285179397534269
1036	9.5826669124047e-05
1037	0.00010234214026629866
1038	8.706054279036224e-05
1039	0.00021486915364041508
1040	0.0001805392461670506
1041	0.00012707162041917313
1042	8.166464759357945e-05
1043	0.00010527389936384031
1044	8.909682375670219e-05
1045	8.103504419490605e-05
1046	0.00010343690467285834
1047	9.687443158650947e-05
1048	0.00011969190481764659
1049	9.836268499534715e-05
1050	0.00010402975071146454
1051	0.0001000569378808168
1052	0.00011134732827059523
1053	0.00016095002516765562
1054	0.00011868492505939495
1055	9.307483423389446e-05
1056	0.00019437445225482471
1057	8.123216273378756e-05
1058	9.183252945159221e-05
1059	8.380346557213504e-05
1060	0.00014053734726231768
1061	0.00013549294649993856
1062	0.00012462405570417924
1063	9.693144634677681e-05
1064	0.00010532420575564993
1065	0.00016675977252334767
1066	9.646365260932755e-05
1067	8.989263772117221e-05
1068	8.663739192325816e-05
1069	0.00015848561973686327
1070	8.859142095964161e-05
1071	9.431251265978049e-05
1072	0.00013383563240798113
1073	0.0002878592262324964
1074	8.230113419159075e-05
1075	0.00015845675296409254
1076	9.257552950351986e-05
1077	8.736837390653057e-05
1078	9.737104499031956e-05
1079	0.00029222418820591786
1080	0.00010930779121837278
1081	0.001135052055688968
1082	7.785063398486338e-05
1083	0.00013648877812604424
1084	0.0001289369818089693
1085	0.0001900859901103484
1086	6.904013893164836e-05
1087	8.66598523596151e-05
1088	6.904013893164836e-05
1089	9.801777938194327e-05
1090	9.880489414031571e-05
1091	0.00022902515699961602
1092	9.299807305548928e-05
1093	0.00013881733986819152
1094	0.00010291861032188994
1095	9.933242570492223e-05
1096	0.00031751750282395117
1097	8.028061803945829e-05
1098	0.0002627583585938
1099	8.678539252405603e-05
1100	0.00011214994087126312
1101	9.706407952253772e-05
1102	8.481229353262823e-05
1103	0.00027128361135759615
1104	0.00010963422551050434
1105	8.884090967715524e-05
1106	6.904013893164836e-05
1107	8.732434515797201e-05
1108	8.464975652909505e-05
1109	8.54077473231656e-05
1110	0.00012823854591159647
1111	7.043375415862415e-05
1112	0.0001234977564066164
1113	0.00015512789719746608
1114	0.00017773971563819714
1115	0.00015514013223097255
1116	8.78994053949804e-05
1117	0.00025261213587054706
1118	0.00010505650825756515
1119	0.00017117958977349486
1120	8.388371291254628e-05
1121	0.00016828775279733064
1122	8.743606919216535e-05
1123	0.0001224084248506371
1124	0.0008365772438588422
1125	0.00010605351003800941
1126	9.247810143085446e-05
1127	0.00011568964417564434
1128	0.00011335092228993769
1129	0.00010064456297890177
1130	6.904013893164836e-05
1131	8.063486922222245e-05
1132	8.478458516922223e-05
1133	0.00017065205262702365
1134	0.00011556941857080423
1135	0.0001299009424346959
1136	8.803239605100494e-05
1137	0.00019913731631162669
1138	0.00013469043060378668
1139	0.00015297156259925482
1140	0.00012381462437600164
1141	0.0001608134519689152
1142	0.00021233249642586415
1143	8.42947429467794e-05
1144	0.00024109395226625113
1145	0.000133188513083752
1146	0.00018840903662079386
1147	8.625210532560833e-05
1148	0.00010942974664322178
1149	9.900737462066847e-05
1150	9.09179854850427e-05
1151	0.00011281419218034948
1152	0.00010792355845276715
1153	0.0003405478944710002
1154	0.00011889793167140899
1155	8.920198510560136e-05
1156	8.911709752501799e-05
1157	8.63683310810375e-05
1158	0.0001324758525019403
1159	0.00010122426184961354
1160	9.320636990500055e-05
1161	6.904013893164836e-05
1162	8.509778443443848e-05
1163	9.201940352680376e-05
1164	9.110212057768902e-05
1165	9.540161029150135e-05
1166	0.00010063747500195657
1167	0.00011374101813449812
1168	9.17479388858356e-05
1169	8.232752009368528e-05
1170	9.547240242513011e-05
1171	0.00018173898906742583
1172	0.00016691083472604397
1173	8.373663950082423e-05
1174	0.0001334742564781085
1175	0.00012167100795882885
1176	0.00012540993768058782
1177	0.00011543233250468946
1178	0.000220517325790075
1179	8.628154711696683e-05
1180	0.00010014428574924188
1181	9.081112065344564e-05
1182	0.00010183710559277792
1183	0.00012388627837736069
1184	8.697308371055868e-05
1185	8.717898571269857e-05
1186	0.00010599990021811296
1187	0.0001781892328144365
1188	8.651296148811822e-05
1189	0.00011853509192697797
1190	0.00021496960622944332
1191	8.553656684722526e-05
1192	0.00014585621083590335
1193	9.68858520101326e-05
1194	0.00010859094903079215
1195	0.00010682700596358867
1196	0.00016298486452711217
1197	0.00010782572627881617
1198	0.0017815989261668389
1199	8.98339618165473e-05
1200	6.904013893164836e-05
1201	9.495481667030144e-05
1202	8.906787444585495e-05
1203	0.00011564123225293573
1204	0.00012059135020593982
1205	0.00021753540433409185
1206	0.00011583093311135742
1207	9.454899371021992e-05
1208	9.284189236750327e-05
1209	0.00011016239177567594
1210	6.904013893164836e-05
1211	0.00025706969900640415
1212	8.082589325060198e-05
1213	0.00014826767689558813
1214	0.00011555359155085212
1215	0.00017201633936725805
1216	9.991741215629424e-05
1217	6.904013893164836e-05
1218	8.728561468800185e-05
1219	0.0004245430482720262
1220	9.150305607957376e-05
1221	9.409566908458477e-05
1222	0.0008672458595024267
1223	8.799871499411739e-05
1224	0.00013779761414916373
1225	0.0001959738137764186
1226	7.39167369346241e-05
1227	9.473462390729664e-05
1228	9.832033693739821e-05
1229	0.00014548261699363484
1230	8.759160044300357e-05
1231	0.0003634462652053532
1232	9.447703875053839e-05
1233	0.00010014034434317274
1234	0.00011089180800917322
1235	0.00010509532789187355
1236	9.158178421215705e-05
1237	0.00011448775376090073
1238	0.00010909750267375649
1239	8.542070874172794e-05
1240	7.409521205283437e-05
1241	0.00010718635537248207
1242	0.00010566706258615329
1243	0.00012867897719747844
1244	9.786403931437251e-05
1245	9.001721654805233e-05
1246	9.971310772474896e-05
1247	8.75534867671218e-05
1248	9.384107767296796e-05
1249	9.345072223640977e-05
1250	6.94265157215476e-05
1251	9.472519105075207e-05
1252	6.904013893164836e-05
1253	9.570512711081403e-05
1254	0.0001314858831039184
1255	0.00010760380015928733
1256	9.322982554802467e-05
1257	8.357452162530076e-05
1258	6.904013893164836e-05
1259	0.00011443702656552485
1260	0.00015071091350237804
1261	0.0015833060679684334
1262	0.00017816502486313237
1263	9.513538346133653e-05
1264	0.0003108047122361556
1265	9.379991472931984e-05
1266	0.00013489816522775148
1267	9.468985891436242e-05
1268	0.00020849626164764286
1269	0.00019783361914837622
1270	0.0001657022318544575
1271	0.00019625616674573732
1272	0.00013653372020793478
1273	9.15832724758396e-05
1274	0.00016348131332342614
1275	0.0001690672722507694
1276	0.00011992033179040001
1277	9.295975333287415e-05
1278	9.339318781940241e-05
1279	9.628840989909412e-05
1280	0.00010420248111878047
1281	0.00013089302795656527
1282	9.047445174201161e-05
1283	9.694065928882524e-05
1284	0.00016037184584145412
1285	0.00012040729252578016
1286	0.0007472839321652171
1287	9.545542525295526e-05
1288	0.0001035451365328468
1289	9.281143640438611e-05
1290	0.00010913540013085796
1291	8.813044058957807e-05
1292	9.255145004297357e-05
1293	0.00124435605416082
1294	7.922866436356485e-05
1295	0.00010392372815645667
1296	8.9222689817485e-05
1297	0.00010147718269155054
1298	9.042853525044069e-05
1299	9.149043231611672e-05
1300	6.904013893164836e-05
1301	8.211298334410862e-05
1302	0.0001502748295104223
1303	8.212221647356971e-05
1304	9.729094042080838e-05
1305	0.00014858118175166093
1306	8.102803585616256e-05
1307	8.132521241990747e-05
1308	0.00019420110998062402
1309	8.972228419642046e-05
1310	8.995912804205275e-05
1311	0.00010317905474957511
1312	8.108293607027135e-05
1313	6.908416589646996e-05
1314	9.149671227948696e-05
1315	0.00013815679690156287
1316	9.71302137699225e-05
1317	0.00011524896915034112
1318	9.19151115560708e-05
1319	9.961178683672939e-05
1320	9.339058129009996e-05
1321	0.0001275651567201074
1322	9.455723802388794e-05
1323	0.00013309656817425927
1324	0.00015106147577405136
1325	8.618401729036186e-05
1326	0.00019705955029107838
1327	0.00010004899110257928
1328	8.869495018746674e-05
1329	9.464017444241551e-05
1330	8.069014001672796e-05
1331	9.188792528767741e-05
1332	0.0001103656637156697
1333	9.473934842072787e-05
1334	9.253990859256692e-05
1335	8.933587963072266e-05
1336	0.0001062169665565611
1337	8.617351912391951e-05
1338	9.807586693460176e-05
1339	0.0002281219492157384
1340	0.00012639816832883568
1341	0.00012733960282179177
1342	9.262497142804953e-05
1343	0.00010675744806281707
1344	9.939751202488225e-05
1345	0.00014586989996492487
1346	8.199190275867308e-05
1347	9.690683049054265e-05
1348	0.00010272343085307171
1349	9.007720805383818e-05
1350	9.319052406773773e-05
1351	9.257006541076345e-05
1352	0.00010816739676417143
1353	0.00010423989466126463
1354	8.57318049797058e-05
1355	0.00018557097903132514
1356	0.0001093895336846141
1357	9.46074110145735e-05
1358	8.980133387620886e-05
1359	0.00013922932919130273
1360	0.00010487794832345217
1361	8.82680150833133e-05
1362	0.0001025176740095489
1363	0.00013586903359844244
1364	0.0001986703143594902
1365	8.683805458616054e-05
1366	8.783481417142872e-05
1367	0.00021778667488783795
1368	0.00011902624506123546
1369	9.263048736428413e-05
1370	8.761379973244256e-05
1371	0.00010094121736324068
1372	8.085306359835971e-05
1373	0.00010264953161332778
1374	0.00013806677440830108
1375	9.508102010343e-05
1376	0.00010083965717245328
1377	8.060037443253034e-05
1378	8.276635611524874e-05
1379	8.669612981529294e-05
1380	9.305168224151125e-05
1381	9.249469414428164e-05
1382	9.614647338346062e-05
1383	9.285639074348253e-05
1384	9.167352998135027e-05
1385	0.0003664796185683259
1386	9.373236295547822e-05
1387	0.00019472429623406065
1388	8.436947886673017e-05
1389	0.0001315550569411694
1390	9.14587395758395e-05
1391	0.00015355946292890075
1392	8.276161214632342e-05
1393	0.0001026333868967517
1394	8.951209404437783e-05
1395	9.880968636194774e-05
1396	0.0002748815572484433
1397	0.0006157317079603282
1398	0.0001375085639480335
1399	0.0001136918780074542
1400	9.281001771386076e-05
1401	7.827771094945113e-05
1402	6.930483401969386e-05
1403	0.0001300943183772017
1404	6.904013893164836e-05
1405	6.90587016685522e-05
1406	7.889762411622982e-05
1407	0.0003238105135778108
1408	8.049300187871356e-05
1409	8.963685750025568e-05
1410	9.934397013071315e-05
1411	0.00014011800303852037
1412	9.950758608980182e-05
1413	6.904013893164836e-05
1414	0.00012009484508484683
1415	0.0005573248016592454
1416	9.370132427687556e-05
1417	8.105980557458722e-05
1418	9.471423709530745e-05
1419	0.00013600544889038056
1420	9.046852803919724e-05
1421	0.00011643966577391645
1422	0.0001556727178816528
1423	0.00016551464521846306
1424	8.75706828669241e-05
1425	0.00014767733495448432
1426	0.0027595516032232403
1427	0.0001205395939709139
1428	9.411408154098185e-05
1429	8.78001866627632e-05
1430	8.694843077656447e-05
1431	9.260002642084812e-05
1432	6.904013893164836e-05
1433	0.0001679451996452964
1434	8.713633232451738e-05
1435	9.164924075237522e-05
1436	8.941221012127455e-05
1437	8.886900574671869e-05
1438	0.00011443869793387278
1439	0.0003938213022174428
1440	0.0005047426915545455
1441	7.843939120956804e-05
1442	9.503439080809881e-05
1443	0.0001076790293089532
1444	9.468586652924799e-05
1445	0.0002300965714919247
1446	8.577989168524305e-05
1447	0.00017960484245691546
1448	6.904013893164836e-05
1449	8.443924878036284e-05
1450	9.334184856821433e-05
1451	8.226078454648369e-05
1452	0.00010777506862341417
1453	0.00010284112649458732
1454	0.00014617154232104274
1455	0.00012079770883659656
1456	8.035975850788295e-05
1457	6.904013893164836e-05
1458	7.105367785744059e-05
1459	0.00024479458528710817
1460	0.00010249452225749315
1461	0.00010798623429124
1462	0.00039886937321683406
1463	0.00013283078402673672
1464	8.453334703131986e-05
1465	8.899208877951852e-05
1466	8.836992712911722e-05
1467	0.00012155017612981565
1468	6.904013893164836e-05
1469	0.00012673870952063836
1470	9.895864975040051e-05
1471	6.904013893164836e-05
1472	0.00032500075820184407
1473	0.00038789477403005393
1474	8.523437919878642e-05
1475	0.00010229485172411719
1476	0.00010611945615418734
1477	0.00019426874945265309
1478	8.287033986928924e-05
1479	8.713115754048656e-05
1480	9.415595545805482e-05
1481	6.904013893164836e-05
1482	9.11208940700331e-05
1483	0.00010396265341861063
1484	7.783356222353646e-05
1485	0.00011206639833345099
1486	0.00010355409323032001
1487	6.904782428235685e-05
1488	9.612247134314996e-05
1489	9.952649605431734e-05
1490	0.00012424609547299984
1491	0.0002596974218147582
1492	8.57997476222005e-05
1493	8.46326675467142e-05
1494	8.035291544667472e-05
1495	8.821472924143489e-05
1496	9.36896074565403e-05
1497	0.0001043498487106473
1498	9.867037148686033e-05
1499	6.904013893164836e-05
1500	9.477040855023358e-05
1501	0.00015787448029225084
1502	9.909686547256462e-05
1503	9.30829162550884e-05
1504	0.0001238607640961496
1505	8.077882108982473e-05
1506	8.919168193497554e-05
1507	0.00011189840101507875
1508	7.848140627882437e-05
1509	6.904013893164836e-05
1510	0.00013394857702614515
1511	0.00011864231983983418
1512	8.544658041183583e-05
1513	0.0002276516425116602
1514	0.00012962270945516318
1515	0.00014118984040793642
1516	8.998552101577726e-05
1517	9.025715222058176e-05
1518	0.0008023228925670728
1519	8.186078898828767e-05
1520	6.904013893164836e-05
1521	0.00021896043069536607
1522	0.00025430953225201013
1523	8.758025629263872e-05
1524	9.176133753318951e-05
1525	0.0001381213368145139
1526	0.00044795901436447147
1527	7.134924124836247e-05
1528	0.00017188465352196164
1529	0.00010321645286498329
1530	0.0001022216011228534
1531	9.111625641848765e-05
1532	9.66049350249641e-05
1533	8.313959878553254e-05
1534	6.904013893164836e-05
1535	9.91068397570119e-05
1536	9.48383032050899e-05
1537	0.00011477797607406477
1538	8.780631380937014e-05
1539	0.00013920437930745754
1540	8.450126003722154e-05
1541	9.814929130068378e-05
1542	0.00027580591173226245
1543	0.0001084306608095622
1544	9.696984287290385e-05
1545	0.00019042844897548402
1546	0.00011769648008163
1547	8.173252691919755e-05
1548	0.00011012331359848483
1549	0.00043014082824884323
1550	6.904013893164836e-05
1551	8.826906274190362e-05
1552	8.087348601379295e-05
1553	0.0001304227527808859
1554	9.149019902516814e-05
1555	8.684052834025759e-05
1556	0.0001038240465135554
1557	0.00011898581759934557
1558	9.09290345054965e-05
1559	0.00011570491995656721
1560	0.0001115256006608847
1561	8.998937858942889e-05
1562	8.841038914923007e-05
1563	0.00010480830044942018
1564	9.262782775595383e-05
1565	8.021454615599349e-05
1566	8.121433229776207e-05
1567	0.00011759766766436175
1568	0.0005881436055076428
1569	0.00010078575074808912
1570	6.904013893164836e-05
1571	9.639327986468504e-05
1572	8.887146117656254e-05
1573	9.232564244173437e-05
1574	9.031928281620413e-05
1575	8.055436087716738e-05
1576	0.00015088374748941144
1577	9.611965288732526e-05
1578	0.00011633392456612815
1579	8.413709299118558e-05
1580	8.447919736889383e-05
1581	8.568785363989592e-05
1582	0.00010019111999119481
1583	0.00014390174358949045
1584	7.162858823965019e-05
1585	0.0001306305963464265
1586	6.904013893164836e-05
1587	0.00010464640079626942
1588	9.382075749547094e-05
1589	0.00011522918188755911
1590	6.904013893164836e-05
1591	0.00012567288525903235
1592	0.000300098190161818
1593	0.00014747105437697532
1594	8.775467659349022e-05
1595	0.00011608102477154167
1596	7.849138943923393e-05
1597	8.088196833494802e-05
1598	9.178377482469576e-05
1599	0.00020508993051654624
1600	0.00018531385631685889
1601	0.0001035106749148913
1602	0.0001453102090243749
1603	0.00014780133294211675
1604	6.904013893164836e-05
1605	9.15529701409274e-05
1606	0.00010572784867688415
1607	0.0001973417028297374
1608	0.00016992673433192267
1609	0.0001185039550568332
1610	9.864549252234928e-05
1611	8.828599943474361e-05
1612	0.00010715219792594116
1613	0.0001259843048249497
1614	9.825971384963889e-05
1615	0.00017941765022078408
1616	6.904013893164836e-05
1617	9.162558690652936e-05
1618	6.904013893164836e-05
1619	6.93885748339581e-05
1620	9.157424727304384e-05
1621	0.00010591727915006021
1622	0.00010327879130099372
1623	9.869297546087101e-05
1624	0.00015508785879433086
1625	6.904013893164836e-05
1626	0.00012453958260544854
1627	0.00010524013892767228
1628	0.0001278851116711301
1629	9.439899521254634e-05
1630	0.00012141058527613538
1631	9.981380871156823e-05
1632	8.497440197820051e-05
1633	7.974020354265259e-05
1634	9.06562045298164e-05
1635	0.00010283710370920243
1636	9.760830152111914e-05
1637	6.904013893164836e-05
1638	0.00012024325947535655
1639	8.457872708109673e-05
1640	9.703877063809368e-05
1641	8.846661634171263e-05
1642	8.119368875886809e-05
1643	0.00025211850701727616
1644	7.952702809511778e-05
1645	8.44967998760733e-05
1646	8.734624960498367e-05
1647	8.990143648406138e-05
1648	8.702919633892642e-05
1649	9.040012607842628e-05
1650	0.00010245764672651453
1651	8.243840536337229e-05
1652	0.00023694218129183858
1653	0.00011935065506816565
1654	0.00011378076386046566
1655	8.360648899170088e-05
1656	0.0001376555373876351
1657	0.00016869799288274538
1658	7.77367484601315e-05
1659	8.37461512485522e-05
1660	9.817876605825319e-05
1661	0.00010923243794138163
1662	0.0001087857999798533
1663	6.90536541747987e-05
1664	0.00014991009829877033
1665	7.026683197109791e-05
1666	8.093854950756531e-05
1667	0.0001050092415501837
1668	8.597187014310614e-05
1669	8.891676364872088e-05
1670	9.004244917698114e-05
1671	9.176922135830634e-05
1672	8.58020398313212e-05
1673	0.00032720569064374544
1674	8.107179706270056e-05
1675	0.00010069888819602928
1676	0.00010252157561922964
1677	0.0001037739860375093
1678	0.00012044609035114945
1679	8.932672637844188e-05
1680	0.00015970262067495735
1681	0.0003676113532079771
1682	9.035507955917858e-05
1683	8.977554675073659e-05
1684	0.00010000471104824799
1685	9.189858763229472e-05
1686	0.000509260183792608
1687	9.499755445079855e-05
1688	0.00023827521854559674
1689	0.00010939855762188063
1690	8.928116232691776e-05
1691	0.00012067463848412672
1692	9.300272073409068e-05
1693	6.91252669452743e-05
1694	8.318873800775697e-05
1695	6.905903979257548e-05
1696	0.0001308834164145295
1697	0.00016266591557126053
1698	0.00012647957903088808
1699	8.702255540488034e-05
1700	0.00012749491606511945
1701	0.00010618683362133768
1702	9.862194180136754e-05
1703	0.00010057051412770213
1704	0.00034213378766326214
1705	0.00011313989641323816
1706	9.478326746344608e-05
1707	0.0002333137195075201
1708	8.742419645512088e-05
1709	0.00011245812543468479
1710	6.904013893164836e-05
1711	9.383109189320691e-05
1712	8.855060969936314e-05
1713	8.118514448554311e-05
1714	0.00012759130578086095
1715	0.000467121189157594
1716	8.608492366683415e-05
1717	0.00012374922827420483
1718	0.00010953388574535628
1719	9.209576004594849e-05
1720	0.00011323524839201428
1721	0.00018332637398916905
1722	8.038242289147258e-05
1723	0.0001040176533340786
1724	0.00013698299425647884
1725	8.771446755013651e-05
1726	0.00013963293806844914
1727	0.0001526449011810635
1728	0.00010084906439083808
1729	0.000974959560482493
1730	8.249080205277082e-05
1731	0.00017508612293143255
1732	0.00021241631138634772
1733	8.365107189202829e-05
1734	0.00012891598192634826
1735	0.00013443875575256745
1736	0.00010018575638186649
1737	8.662848211027721e-05
1738	0.00012839704408353113
1739	0.00012714960367184923
1740	0.0001024976319178805
1741	9.071475961425777e-05
1742	0.0001769142050555035
1743	9.866647600581893e-05
1744	9.829855825955363e-05
1745	0.00011541401704877953
1746	9.448707757561789e-05
1747	0.0005471575411389058
1748	7.92234734722516e-05
1749	0.0007263655206616958
1750	9.79597236540285e-05
1751	6.904013893164836e-05
1752	8.041346048646571e-05
1753	8.810989827057863e-05
1754	9.926954862116109e-05
1755	9.798473078123521e-05
1756	0.00010336283863675134
1757	9.28810033479604e-05
1758	9.406751906678237e-05
1759	0.00010060830366895242
1760	0.00010305503505738298
1761	0.0001107522156067729
1762	0.0006623463052471883
1763	8.716383194469336e-05
1764	0.00015491279578687864
1765	0.00016646803188495702
1766	9.120921621397744e-05
1767	9.179638354298661e-05
1768	0.0001811862708358443
1769	7.009254186871913e-05
1770	0.00012299068551069371
1771	8.651770753423895e-05
1772	8.639386230247613e-05
1773	8.725979551397585e-05
1774	0.00026620549070670665
1775	0.00017213538523557883
1776	0.00025803335086855065
1777	8.409014051711803e-05
1778	9.981082338452761e-05
1779	0.00033161032995326065
1780	8.692019194798686e-05
1781	9.75126475642406e-05
1782	9.120048915703352e-05
1783	8.973836621450936e-05
1784	0.00011140464552206774
1785	0.000240844140393423
1786	0.00031418333666898213
1787	7.953088100590716e-05
1788	0.00020803922889036402
1789	0.00022410994374080786
1790	9.801544960108991e-05
1791	9.573974896047479e-05
1792	6.904013893164836e-05
1793	0.00012847187381393097
1794	8.692155114961701e-05
1795	8.607968644399973e-05
1796	0.00011204613073825273
1797	0.00013801183889917515
1798	8.833866632780089e-05
1799	9.906580412978861e-05
1800	0.00015240330842033716
1801	8.062068873596253e-05
1802	0.00010049616282958301
1803	8.631976678672335e-05
1804	0.0001051192038185891
1805	0.00010856713524523236
1806	9.064788604922767e-05
1807	0.00015061729553028335
1808	8.544082626356448e-05
1809	8.035221165503847e-05
1810	8.312098592984863e-05
1811	0.0001226998848288329
1812	0.00010161733665790175
1813	8.093661848251817e-05
1814	8.824434539068551e-05
1815	0.00029652495802316736
1816	0.00017512106642760125
1817	0.00010728633725106306
1818	9.077385506422009e-05
1819	9.104749728763048e-05
1820	0.00011295016374452408
1821	0.00010000896014910181
1822	0.00011641621695609688
1823	0.00025203528821919564
1824	0.00015736323725556816
1825	8.660704143462225e-05
1826	7.044921311019384e-05
1827	0.00048093860796405815
1828	0.000145904690504239
1829	8.103504419490605e-05
1830	0.00014424065268085466
1831	8.621426458938167e-05
1832	8.689967351698275e-05
1833	0.00011411943424797523
1834	0.00014561083701011796
1835	9.42560272951687e-05
1836	0.00010209426386077604
1837	6.910938658432977e-05
1838	8.803753018030261e-05
1839	0.00010560689209485634
1840	9.580927958750265e-05
1841	8.079141523737207e-05
1842	9.184952448365256e-05
1843	9.297491599609406e-05
1844	0.00014226373476541242
1845	0.00010507912348253008
1846	9.27750637160986e-05
1847	7.922158585953996e-05
1848	8.551231731297686e-05
1849	8.286901518166075e-05
1850	9.622558701379309e-05
1851	0.00023085992417440666
1852	8.666195143625585e-05
1853	8.53665818884898e-05
1854	6.904013893164836e-05
1855	9.488797344975566e-05
1856	6.904013893164836e-05
1857	8.270982744139848e-05
1858	0.0002464431399231983
1859	0.00010388683121711258
1860	0.00010140741713046735
1861	0.0001008007838362283
1862	6.904013893164836e-05
1863	0.00010744311717925014
1864	0.00026149744131174883
1865	8.689346318454786e-05
1866	0.000103365203499572
1867	0.00013807241846371506
1868	0.0001256400434518826
1869	9.319674908281143e-05
1870	8.426338301709602e-05
1871	8.965864223100018e-05
1872	0.0001516673738262359
1873	0.00010390163459090084
1874	0.0003361361134734363
1875	0.00010343911323437696
1876	9.792233340716937e-05
1877	9.086112614856441e-05
1878	9.73974674353697e-05
1879	9.011032646950036e-05
1880	0.00010169344151095493
1881	8.728624419206443e-05
1882	9.113400947521389e-05
1883	0.00010575350841921207
1884	9.546894950519268e-05
1885	0.00010921118268149296
1886	8.801303287088613e-05
1887	0.00012520774032962167
1888	0.0001112744327712959
1889	0.0002517395281593833
1890	0.00011034347240069625
1891	0.00012592457965650652
1892	6.9333624887521e-05
1893	9.131084800838898e-05
1894	8.064363832110168e-05
1895	0.00010812697919040793
1896	9.116937043741107e-05
1897	9.16259790059602e-05
1898	6.904013893164836e-05
1899	9.681421628840579e-05
1900	0.00013103653389591723
1901	8.860589009712785e-05
1902	0.0003057263733286013
1903	0.00010151500570144578
1904	8.420156404586896e-05
1905	8.010836961894676e-05
1906	6.904013893164836e-05
1907	0.00011244772015030365
1908	0.0001317409408056483
1909	8.14990987376911e-05
1910	8.129337284547503e-05
1911	0.00010322367512557117
1912	0.00027134372942442
1913	0.00012080998611768474
1914	0.0001232632469093269
1915	0.0001142726941045931
1916	8.676254644093034e-05
1917	0.0001135476624612586
1918	9.945634476448757e-05
1919	0.0002580018683844904
1920	0.00010172593641130164
1921	0.00012658300005404216
1922	8.857513319824261e-05
1923	0.00011413530008894389
1924	0.00017381224532759713
1925	9.853449878620296e-05
1926	0.00011196197813371814
1927	0.00012332406574827435
1928	0.00010657933529013594
1929	9.939020022554606e-05
1930	0.00011776640979859179
1931	0.00010006722737764785
1932	9.336204505352565e-05
1933	0.0001949569675684009
1934	8.066471692618355e-05
1935	8.908630113036825e-05
1936	8.82658640824859e-05
1937	0.00012649125308850957
1938	8.5602028138851e-05
1939	9.679175469626051e-05
1940	0.0001517243060766623
1941	0.00010888254022551233
1942	0.00010581578487946065
1943	0.00010766898206982723
1944	0.0001816455600790555
1945	0.00013674755004254533
1946	0.00012097029374417447
1947	0.00021249479596502856
1948	0.00017245333355219813
1949	8.889083291839884e-05
1950	9.302048343899434e-05
1951	0.00016360570891000502
1952	0.00011251613649397963
1953	8.614911347421199e-05
1954	0.00010806017935698311
1955	0.00018417265949663566
1956	9.207839102018826e-05
1957	0.0001529849726553608
1958	8.611389323291821e-05
1959	0.000111839029010697
1960	0.00014856861975451945
1961	0.00023703775657288778
1962	6.904013893164836e-05
1963	0.00011070815186395237
1964	9.319037918724326e-05
1965	0.00010035793619344764
1966	0.00035439648125458185
1967	9.06443553458045e-05
1968	6.904013893164836e-05
1969	0.00010073182765778631
1970	0.00016462167554912857
1971	0.0001384240158638594
1972	0.00013024679970460694
1973	0.00010533052990067852
1974	0.0002902574334731628
1975	8.329935184889033e-05
1976	9.08835606930683e-05
1977	0.00017364088281680428
1978	0.0001416212772515317
1979	9.15056839739757e-05
1980	8.245551361127036e-05
1981	9.367427611509288e-05
1982	7.914208908713633e-05
1983	0.00011854034518072465
1984	0.00011173136345959736
1985	0.0001038566983719936
1986	6.904013893164836e-05
1987	0.00011704300895717295
1988	8.128688091554428e-05
1989	6.904013893164836e-05
1990	8.696590963121844e-05
1991	0.00013505605597688823
1992	8.358915574076137e-05
1993	0.0001382785823415045
1994	0.000137483778591792
1995	8.611969425571002e-05
1996	0.0001318146366847542
1997	7.920025872892125e-05
1998	0.00010258754561724828
1999	0.00013416662800985768
2000	8.99013445740558e-05
2001	8.519773707455917e-05
2002	9.607327078789391e-05
2003	8.991722814886586e-05
2004	9.253658424468968e-05
2005	0.00018029785219870234
2006	0.00010088701004642685
2007	0.0002005129258927457
2008	6.904013893164836e-05
2009	9.40175637124322e-05
2010	8.48148874033908e-05
2011	8.232009109160915e-05
2012	7.936067536051222e-05
2013	9.035392685320225e-05
2014	6.910034891278281e-05
2015	0.00036841933795393137
2016	0.00010575380110888636
2017	0.00012801149261821098
2018	8.979087661350542e-05
2019	0.0001591432701014608
2020	8.995396101580892e-05
2021	9.003254005165968e-05
2022	0.00015345795350444515
2023	0.00011024059728206986
2024	0.00014336558433313286
2025	0.00016018753080479585
2026	0.00011178703163300255
2027	0.0001235356554843183
2028	6.904013893164836e-05
2029	8.581735444805779e-05
2030	0.00018766810037536635
2031	0.00010303546556030793
2032	9.542783731877609e-05
2033	0.00033870403832336407
2034	0.00016551115012611395
2035	0.0001264193179310539
2036	8.692664673873004e-05
2037	0.00010765227737953237
2038	0.0001260641977032495
2039	0.00012066880644373023
2040	0.00026434387210622155
2041	0.0001179826037468051
2042	9.859972196198124e-05
2043	0.00020374215811366414
2044	8.74058809939832e-05
2045	7.013267685969878e-05
2046	7.86133597240496e-05
2047	9.07004129199479e-05
2048	0.00011543346995326713
2049	9.489139683376878e-05
2050	0.0001391702597912602
2051	9.845617745469175e-05
2052	9.160597171854934e-05
2053	0.0005933928144892881
2054	8.858945593914319e-05
2055	8.489858153493086e-05
2056	0.00010564383765219686
2057	6.904013893164836e-05
2058	8.52728735498342e-05
2059	8.154972768241728e-05
2060	0.00014292023531831395
2061	8.233647936516097e-05
2062	0.00042771363558124625
2063	9.753717569127414e-05
2064	0.0001345083208348814
2065	8.976782631166637e-05
2066	6.933816234522048e-05
2067	8.364537908596522e-05
2068	8.931000946086433e-05
2069	0.00011521095438648402
2070	9.024256413433242e-05
2071	0.00010574145335471643
2072	0.00011040710609494606
2073	7.997470641909855e-05
2074	8.520887107439069e-05
2075	0.0001473559639262484
2076	0.00043428030720342356
2077	9.041255387864727e-05
2078	6.904013893164836e-05
2079	7.140768415783886e-05
2080	9.088760682057319e-05
2081	6.904013893164836e-05
2082	0.00010053123288269703
2083	0.00010806013198693037
2084	8.073354134230414e-05
2085	9.040541307637622e-05
2086	0.00010224999088545136
2087	9.627121267890458e-05
2088	9.87748611004214e-05
2089	0.00010720638292045792
2090	8.867125566494643e-05
2091	0.00014600362140272492
2092	9.625223424838509e-05
2093	0.00013789745945010418
2094	0.0001260830423345574
2095	8.156799651921104e-05
2096	8.628712906576477e-05
2097	9.345647184541518e-05
2098	9.19383873201453e-05
2099	6.904013893164836e-05
2100	0.00012105335806395794
2101	9.116999197601769e-05
2102	0.00012192485035151974
2103	0.00017313175322836808
2104	8.696223877877998e-05
2105	0.00011219244990390981
2106	9.295135794717795e-05
2107	6.90602380975888e-05
2108	0.0001040846359294497
2109	9.62571130305082e-05
2110	0.00011365931605192262
2111	9.206832156742743e-05
2112	9.529415829017925e-05
2113	0.0002212965347590025
2114	7.800844165234561e-05
2115	9.568050429629872e-05
2116	0.0002375408314953968
2117	0.00023208538705603678
2118	8.565976454986388e-05
2119	0.00013588728216341615
2120	8.83040049130811e-05
2121	8.459486583654448e-05
2122	0.0001154887136257639
2123	8.102803585616256e-05
2124	8.943190336391457e-05
2125	8.901231041824473e-05
2126	8.926740676932037e-05
2127	9.03739584149876e-05
2128	0.00010927958013397956
2129	0.00016112940947360626
2130	9.322793796637434e-05
2131	0.0001265968416724063
2132	8.91520056731127e-05
2133	0.00027900308766925976
2134	0.00012215634311633724
2135	8.907246417236533e-05
2136	9.129164529566417e-05
2137	6.904013893164836e-05
2138	0.00011657780788953226
2139	9.059504774455954e-05
2140	0.0001221707914833502
2141	0.00012819744776966266
2142	9.516591009090352e-05
2143	9.537076237907415e-05
2144	9.472061997499636e-05
2145	0.00014679992720641457
2146	0.00012702997380725786
2147	7.917640767870639e-05
2148	9.08763679723909e-05
2149	0.0003420731475967356
2150	0.00039379792466334197
2151	0.00011371163590995128
2152	6.904013893164836e-05
2153	0.00019233815703326092
2154	6.904013893164836e-05
2155	0.0001112652514650106
2156	6.904013893164836e-05
2157	0.00027143083132460363
2158	0.0001130541107891391
2159	6.930957780448221e-05
2160	9.456962429148742e-05
2161	0.00010018438683544339
2162	0.0006219178297379748
2163	0.00010196880192174304
2164	8.765613025379639e-05
2165	0.00012723035501548686
2166	0.00030372917211359527
2167	6.906541688581338e-05
2168	0.00011709400587110474
2169	0.00013696186873800076
2170	9.195520409227518e-05
2171	9.089933125184567e-05
2172	9.626551156852214e-05
2173	8.840782923215347e-05
2174	8.063652323702563e-05
2175	0.00013690298646029845
2176	9.947119107906393e-05
2177	8.765071176690528e-05
2178	0.0006983108150714652
2179	8.981144618270204e-05
2180	8.88459781405153e-05
2181	9.8142913708569e-05
2182	9.508366138180959e-05
2183	0.00010643879226683996
2184	6.904013893164836e-05
2185	8.595879448797556e-05
2186	8.974873111608774e-05
2187	0.00011698375199086296
2188	8.892061660591456e-05
2189	0.00010346599046846559
2190	8.465720328279264e-05
2191	8.70440425322039e-05
2192	0.0002884425203542011
2193	7.917769146678153e-05
2194	0.00011584064469625122
2195	8.372120238297807e-05
2196	9.111530505671029e-05
2197	8.885107705141124e-05
2198	9.550771591757254e-05
2199	8.553194866968964e-05
2200	6.904013893164836e-05
2201	0.0001075292397771636
2202	6.904013893164836e-05
2203	9.079839692037423e-05
2204	7.423201386335154e-05
2205	0.00010147233942176125
2206	8.620716604037154e-05
2207	0.0001051689131622978
2208	8.435968511048535e-05
2209	0.00011010423344328853
2210	0.00013940752487425197
2211	9.013697746594363e-05
2212	8.375938739999279e-05
2213	0.0002973212773477777
2214	0.00016181077659246755
2215	0.00016444025066179142
2216	9.841661978011902e-05
2217	0.00013150783196184954
2218	8.7950139482067e-05
2219	0.0003421405194594041
2220	9.149025225038477e-05
2221	0.0006027483907141034
2222	0.00013905376840319273
2223	8.975514999932992e-05
2224	0.00013132757814766905
2225	0.00011859616740449855
2226	8.989674215677417e-05
2227	0.0009389399593144025
2228	0.00015504486441934637
2229	0.00014313743501042847
2230	8.83067131671852e-05
2231	0.0009941699646237143
2232	9.575982994316689e-05
2233	9.954186239516426e-05
2234	0.00010084670400490602
2235	6.904013893164836e-05
2236	0.0001090648729244151
2237	6.90935731847849e-05
2238	8.038058101256243e-05
2239	0.00011800815661457199
2240	9.164254644666029e-05
2241	0.0004355169273650928
2242	8.366525284212405e-05
2243	9.33092823837877e-05
2244	0.0001120407186847976
2245	0.00011169909685606486
2246	0.00015518552964010617
2247	0.00010475637861612983
2248	0.00012865784255957662
2249	0.00020290346932365865
2250	0.00010022136070574831
2251	7.437099209567168e-05
2252	8.329118378297174e-05
2253	0.00011248015043497744
2254	8.376180964875906e-05
2255	0.000123583638260034
2256	8.917651111125182e-05
2257	9.601602291267216e-05
2258	0.00023315471640090186
2259	0.00013677771853759673
2260	9.194424895686028e-05
2261	8.133964939710341e-05
2262	9.344011768996701e-05
2263	0.0001301706224707623
2264	0.00021570994842880418
2265	9.633617727164212e-05
2266	9.95437197280546e-05
2267	0.00011441395769553556
2268	9.880962250371421e-05
2269	8.37343712970193e-05
2270	0.00010835141173817061
2271	0.00011074617307519835
2272	0.00024958831732595796
2273	0.00010959451124763844
2274	0.00013426253876413114
2275	8.862871298812334e-05
2276	0.00011157760342243568
2277	0.00011352205760684308
2278	6.926077540345707e-05
2279	0.00027636301423198317
2280	0.0001140041632772323
2281	9.239044081634689e-05
2282	9.091051336486128e-05
2283	0.00011631024658201658
2284	9.085517294305035e-05
2285	8.441928843441588e-05
2286	0.00012222861824096702
2287	8.375097960069553e-05
2288	0.00018444050340868484
2289	8.92617516386832e-05
2290	0.0005355926893015313
2291	0.00011092230453113899
2292	0.00010983204799862419
2293	8.943930782845261e-05
2294	0.00014140598719629904
2295	0.00012162231858887297
2296	0.0003666944232784857
2297	8.818608706010274e-05
2298	9.033943179389353e-05
2299	8.9480205548094e-05
2300	0.00010568680911681857
2301	6.927849095370037e-05
2302	0.00010007420229380206
2303	8.84159157577433e-05
2304	0.0001684645509617397
2305	0.00014834787241483903
2306	9.206723399620197e-05
2307	0.00010038944585078888
2308	6.904013893164836e-05
2309	6.904013893164836e-05
2310	8.47317044182711e-05
2311	7.431277332392694e-05
2312	9.668615704622387e-05
2313	0.0001066644918711415
2314	8.968686741890491e-05
2315	0.00017216953373264452
2316	0.00021112206279511023
2317	8.458448841483897e-05
2318	9.825194370105108e-05
2319	8.742389247538338e-05
2320	0.00014543255329420375
2321	9.31231323807046e-05
2322	0.00011343146021249124
2323	9.978362852431189e-05
2324	0.000140783492907954
2325	8.758311404448725e-05
2326	0.00023587497036968208
2327	0.0001815480688453562
2328	7.907758745587465e-05
2329	0.00010174282772794915
2330	9.851360626044836e-05
2331	9.066380833401513e-05
2332	6.904013893164836e-05
2333	8.596774664660938e-05
2334	8.618389868215804e-05
2335	0.00013803764151982628
2336	8.103498158546899e-05
2337	7.974776453669184e-05
2338	0.00013126451843406997
2339	0.00014641229721831008
2340	7.8362479195443e-05
2341	9.39781738476807e-05
2342	0.00013002397448184054
2343	9.25316372808348e-05
2344	8.939677234485494e-05
2345	0.00012984186472636043
2346	9.82351066540809e-05
2347	0.00010987573482751497
2348	8.844798182969421e-05
2349	8.815751056042005e-05
2350	8.52149969728458e-05
2351	0.00013193449789545392
2352	9.520191134510486e-05
2353	0.00011701718997578297
2354	0.00021062236623852032
2355	8.274048481723634e-05
2356	0.00010403176742653067
2357	9.037223261642984e-05
2358	8.110562824506876e-05
2359	9.14013669649886e-05
2360	0.00020119699898095444
2361	8.385048214366111e-05
2362	8.929341327037024e-05
2363	0.00011021175667230997
2364	8.638353137586515e-05
2365	8.543921720540741e-05
2366	8.393522597027866e-05
2367	8.693388315094733e-05
2368	0.000126544491548342
2369	8.856931573856985e-05
2370	0.0002892317336165732
2371	0.00010049517817860256
2372	0.00019564368492892695
2373	0.00012817377103607798
2374	0.000123876990190738
2375	0.0001537645705464477
2376	0.00010992629365929568
2377	0.0001262650927610183
2378	0.0001394134721979198
2379	9.899548116286015e-05
2380	0.00014517048604281517
2381	9.74232484701398e-05
2382	6.904013893164836e-05
2383	7.920452387174633e-05
2384	9.830968138696136e-05
2385	6.904013893164836e-05
2386	8.683446937124982e-05
2387	0.0001432553192728999
2388	9.676749011737254e-05
2389	9.785937890182349e-05
2390	0.00010356049028437507
2391	0.00012082722665213451
2392	8.624981381046175e-05
2393	0.00013301960787061017
2394	0.00013855143183876887
2395	8.976427878742304e-05
2396	0.00010502805171713878
2397	6.904013893164836e-05
2398	8.440929326596397e-05
2399	6.904013893164836e-05
2400	9.727525472246463e-05
2401	0.00014739952879651
2402	8.103504419490605e-05
2403	0.00010288673456749231
2404	0.00014062877459900355
2405	0.0001036316309372859
2406	8.18263174390794e-05
2407	8.529849396656968e-05
2408	9.19978196769325e-05
2409	9.068046534563894e-05
2410	0.0002447821974343604
2411	0.0001477261792067598
2412	6.905462126539767e-05
2413	0.00012021422569346205
2414	0.0003306556816583711
2415	0.00013222306842394118
2416	0.00014086118550290638
2417	9.80152106552142e-05
2418	0.00046816563348906957
2419	0.00010013271894603297
2420	0.0001160248175546612
2421	0.00013967929983043595
2422	8.113826520757704e-05
2423	8.83623818304269e-05
2424	0.00011051439824020303
2425	8.679971160237755e-05
2426	0.00012336481489056382
2427	9.615048215185321e-05
2428	0.00033583792093851513
2429	0.0001258522666083419
2430	7.062125026517643e-05
2431	0.00011960322785079173
2432	0.0001326058184270571
2433	9.898316227937242e-05
2434	8.820696660304258e-05
2435	8.876148893407693e-05
2436	6.904013893164836e-05
2437	8.052768782571557e-05
2438	0.00024267342375638526
2439	8.420922322307451e-05
2440	6.904013893164836e-05
2441	0.00010949654271862647
2442	0.00010586979334213789
2443	0.00030697903515363595
2444	0.00011784828565055054
2445	0.0001460266269694578
2446	0.0005482174411069235
2447	0.00013913099029772976
2448	6.904013893164836e-05
2449	0.0002300331651282318
2450	8.735297610313322e-05
2451	6.904013893164836e-05
2452	8.707635291147929e-05
2453	9.85739765200185e-05
2454	0.0008403847954879303
2455	0.0003341764600938569
2456	0.00018523591270749203
2457	0.00012684574422223256
2458	0.00010247842250798764
2459	0.0001306356176311918
2460	8.223253170981876e-05
2461	0.0005125743087531953
2462	0.00019588206893446036
2463	0.00013620291210008264
2464	7.778279849165455e-05
2465	8.322346297632346e-05
2466	0.00015811763179838302
2467	9.453260061182678e-05
2468	0.00011993952417245292
2469	0.00013779106996383042
2470	9.611460234865829e-05
2471	8.959197545329606e-05
2472	0.00010662222148426009
2473	9.187469725337965e-05
2474	8.289857627394419e-05
2475	8.890073436800604e-05
2476	0.00010451309513519053
2477	0.00029400237592767833
2478	6.934227918790255e-05
2479	0.00015032618360282584
2480	8.038816259331024e-05
2481	9.60644836331922e-05
2482	8.583248889183411e-05
2483	0.00011020166570875395
2484	0.00012713053654654058
2485	8.900927363756257e-05
2486	6.904013893164836e-05
2487	7.035626075358591e-05
2488	8.637881920789406e-05
2489	8.885979134521997e-05
2490	8.953866734081508e-05
2491	0.0001005253458309961
2492	6.904013893164836e-05
2493	0.0001698335558248307
2494	0.00021380429147706801
2495	9.981150214527772e-05
2496	8.075541822132519e-05
2497	0.00016967394882230953
2498	0.0001130982087601008
2499	9.0683746507993e-05
2500	0.000188957505461537
2501	9.31668766484927e-05
2502	6.904013893164836e-05
2503	0.00011674850848679416
2504	6.904013893164836e-05
2505	0.00011765771071188877
2506	6.904013893164836e-05
2507	8.648867713081429e-05
2508	8.115343590840383e-05
2509	9.374577698199258e-05
2510	0.00010167462622516816
2511	0.00011558349815961726
2512	0.00024661741601210137
2513	6.904013893164836e-05
2514	0.00010199464658496423
2515	0.00025002113109865966
2516	0.0002469830000032485
2517	0.00013012246638662183
2518	6.904013893164836e-05
2519	8.727592869264048e-05
2520	8.554437335372448e-05
2521	8.904698549159119e-05
2522	8.633198601816542e-05
2523	0.00010177714232996346
2524	0.0002346643992789347
2525	0.00010653166238627096
2526	0.0001425064072912609
2527	9.395168220452216e-05
2528	8.07801203345465e-05
2529	9.090953496436453e-05
2530	0.00020072249907541708
2531	8.0785074016014e-05
2532	8.019403691372769e-05
2533	9.919179897184328e-05
2534	9.247520004998592e-05
2535	9.750947332445658e-05
2536	8.851157646971018e-05
2537	0.00030494056312832714
2538	8.10362218584674e-05
2539	0.00016299906440486029
2540	0.00014587392475205464
2541	0.00011184046328464029
2542	0.00017479080921165227
2543	9.243248376222983e-05
2544	8.768241858099188e-05
2545	0.00010851248919397048
2546	0.0003350653329710584
2547	0.00011298580751021545
2548	0.00018146176317594215
2549	6.904013893164836e-05
2550	8.123228290795204e-05
2551	0.00011853543591267934
2552	9.580359491641584e-05
2553	8.501800987843876e-05
2554	0.00010775476081727379
2555	9.62188023527212e-05
2556	6.904013893164836e-05
2557	0.00010356049028437507
2558	0.00013244163052734403
2559	8.369491622882056e-05
2560	0.00010026978304295357
2561	0.00010889330270070802
2562	8.864402132455554e-05
2563	0.00010025883326255058
2564	0.00011676422224830257
2565	0.00016715363874131298
2566	9.234552090363793e-05
2567	7.862119476455834e-05
2568	8.548707808208544e-05
2569	7.811043100716291e-05
2570	6.904013893164836e-05
2571	7.101298067913092e-05
2572	9.871874467881232e-05
2573	9.803047463774344e-05
2574	8.947118125101735e-05
2575	9.536580629139797e-05
2576	8.812942333174846e-05
2577	8.700915080676419e-05
2578	0.00011633271939258676
2579	8.521805771541418e-05
2580	0.00020875973358059
2581	8.890787776667827e-05
2582	9.402971357363386e-05
2583	8.598048519081649e-05
2584	6.904013893164836e-05
2585	9.716203920214625e-05
2586	9.053257831144408e-05
2587	9.743391461818001e-05
2588	8.436923686324482e-05
2589	6.921784613502961e-05
2590	0.0012565782432027916
2591	0.000100654185420468
2592	0.0001309251347475984
2593	0.00011288398706084904
2594	0.00021759673684546303
2595	0.0003037151944059229
2596	0.0003587165910232742
2597	8.831265831099407e-05
2598	9.297505629765482e-05
2599	8.901505023585759e-05
2600	9.384236831497224e-05
2601	9.429951339412569e-05
2602	8.406688095222522e-05
2603	0.00012926623337587665
2604	8.733305292271321e-05
2605	0.0001271048771151879
2606	0.00010142656903419876
2607	8.78144514318676e-05
2608	7.851539030733519e-05
2609	0.0001162852208640454
2610	9.231834798433902e-05
2611	9.947708558681927e-05
2612	0.0002011695793017792
2613	7.213433263988765e-05
2614	6.911375963126429e-05
2615	0.0001077775088785386
2616	9.840311972411796e-05
2617	8.586416762856958e-05
2618	0.00010572487800010152
2619	0.00012536533500595774
2620	9.855435086709248e-05
2621	8.022101270021014e-05
2622	8.437398180016108e-05
2623	9.754249262573732e-05
2624	8.64011036560062e-05
2625	9.816328469945107e-05
2626	6.908283029239488e-05
2627	7.77052879924468e-05
2628	0.0002539405657729689
2629	8.062534879918763e-05
2630	8.612737529302114e-05
2631	8.577814909749789e-05
2632	7.782488935983411e-05
2633	9.206601517088974e-05
2634	0.00010380995021756562
2635	8.914962214664824e-05
2636	0.00010133752719385585
2637	8.658150959814789e-05
2638	9.702580053418499e-05
2639	8.019828834137189e-05
2640	8.520980730505811e-05
2641	0.00011412870629894219
2642	8.465660759852851e-05
2643	8.731988338520939e-05
2644	8.72603000761208e-05
2645	0.00018252347766677072
2646	8.687993476097736e-05
2647	8.473370647929506e-05
2648	7.501964262530123e-05
2649	0.0001510435937192131
2650	0.00010696420338531856
2651	8.92856005838914e-05
2652	8.654867503993333e-05
2653	0.00012152632560627079
2654	9.906255324248356e-05
2655	8.553783403477488e-05
2656	0.00011515595834206345
2657	0.0008311715118146213
2658	0.00035090074287643535
2659	9.576405661231258e-05
2660	0.00010695239679873364
2661	9.924184117603414e-05
2662	0.00013621082433796513
2663	0.00016462272795092072
2664	9.767101974916969e-05
2665	0.0013872946262543564
2666	8.733687751195049e-05
2667	8.90563460178612e-05
2668	9.301622150647665e-05
2669	0.0001995433421584087
2670	0.00010674799030447022
2671	0.00016945465034172774
2672	0.00015485038370607822
2673	0.0001043217337971796
2674	0.00011759577449433908
2675	9.77232088960573e-05
2676	0.00010942626416075781
2677	0.00010531141466403757
2678	6.904013893164836e-05
2679	0.0002550207337312844
2680	0.00012360944940205626
2681	9.071075991685692e-05
2682	0.00025390759075231853
2683	9.715726350180392e-05
2684	8.035221165503847e-05
2685	0.00010535057533862886
2686	0.0003489748933833503
2687	0.0001571714855629242
2688	9.866646934075115e-05
2689	6.9168257745738e-05
2690	0.0001343227253136227
2691	9.424461535112433e-05
2692	0.00011073351783449307
2693	0.00014841736022410746
2694	0.00014971449332843196
2695	8.759575419693585e-05
2696	0.00016906918848538864
2697	0.0002662203869720829
2698	0.0001507547073523652
2699	7.764334354377089e-05
2700	0.00010744487050745193
2701	6.904013893164836e-05
2702	0.000166929768334623
2703	8.210975213780166e-05
2704	9.987229464221664e-05
2705	9.08690244050896e-05
2706	6.904013893164836e-05
2707	0.0001546682831596524
2708	9.19451557427086e-05
2709	8.780690557644629e-05
2710	7.905468456851246e-05
2711	8.360511564206756e-05
2712	0.00013083150396606518
2713	0.0001355414735953911
2714	0.00010373327584174665
2715	0.00011168553121422613
2716	6.904013893164836e-05
2717	0.00025247901896430935
2718	9.077678287366031e-05
2719	0.0001230121243337439
2720	0.0001069063795000684
2721	0.0001065181655377675
2722	0.0001575472619180845
2723	0.00012779896372716476
2724	0.00010971477641583748
2725	9.64728357773136e-05
2726	9.335241250601735e-05
2727	0.00010979242938059972
2728	8.552467399121291e-05
2729	0.00015398276391218215
2730	6.904013893164836e-05
2731	8.148532476342166e-05
2732	0.00013154346048987645
2733	0.0001980712630050477
2734	7.92767436138595e-05
2735	8.028569088193968e-05
2736	0.0002197380643163299
2737	0.00012745890624253333
2738	0.0001020820660331362
2739	9.605252266823922e-05
2740	9.223193549364855e-05
2741	9.83358335502118e-05
2742	8.23633888341548e-05
2743	9.855396506532762e-05
2744	8.800099968411028e-05
2745	9.316904748044796e-05
2746	8.639698889328154e-05
2747	0.00011916372987090242
2748	0.00011414499534163395
2749	8.162590190363459e-05
2750	8.242975405403883e-05
2751	9.062333696337539e-05
2752	0.0001061606786862361
2753	8.643195556574994e-05
2754	9.545761487270149e-05
2755	8.415460013657125e-05
2756	0.00012367620170756924
2757	8.498176931364217e-05
2758	8.066333280677094e-05
2759	6.904013893164836e-05
2760	0.00012007665908017132
2761	8.774778791579969e-05
2762	8.635263088592829e-05
2763	0.0001579354732974359
2764	9.149688898613033e-05
2765	9.662152485014437e-05
2766	0.00011981824204747253
2767	8.522358003757482e-05
2768	0.00017052070961570668
2769	9.558037384604374e-05
2770	8.287186340556524e-05
2771	0.00014294697514020946
2772	9.017376396077412e-05
2773	9.229650048533832e-05
2774	9.464598633156369e-05
2775	8.741546204156037e-05
2776	0.00010698096122083494
2777	9.917614343424658e-05
2778	9.31025343483692e-05
2779	0.00010128548670824646
2780	9.504387657743557e-05
2781	8.670547090128853e-05
2782	8.933209268287292e-05
2783	8.21782815556274e-05
2784	9.620340513262211e-05
2785	8.182883990053828e-05
2786	8.036490475083143e-05
2787	0.00010114962079066367
2788	8.990615990587712e-05
2789	0.0002032754229078619
2790	9.096649078685383e-05
2791	6.904013893164836e-05
2792	0.00012859821772048964
2793	6.904013893164836e-05
2794	0.00034605642122772416
2795	0.00010822561845604518
2796	8.061671259733374e-05
2797	0.00012279797721339883
2798	7.947228857649504e-05
2799	8.885033062930757e-05
2800	0.00011418038445346445
2801	8.627731136757322e-05
2802	9.534801641548542e-05
2803	0.00013500308586072038
2804	0.00038360978019367847
2805	8.493060064860894e-05
2806	0.0001451623068586635
2807	0.0002294660943906297
2808	8.464916496398042e-05
2809	8.350665217636572e-05
2810	9.293404512029478e-05
2811	8.716927145632444e-05
2812	9.526025901748614e-05
2813	0.00010181923232090411
2814	8.991477223041562e-05
2815	8.637619310014598e-05
2816	6.904013893164836e-05
2817	0.00011055989236891231
2818	0.00011159280988153045
2819	8.093813037040478e-05
2820	9.658593671286999e-05
2821	0.00012601496248466004
2822	7.97932502789444e-05
2823	0.00010782426884812772
2824	8.832708500788118e-05
2825	0.00013468831269748934
2826	0.00021051523944900962
2827	8.316783628638437e-05
2828	0.0004406009373063312
2829	6.904013893164836e-05
2830	9.43824410813513e-05
2831	0.0001073100720209518
2832	8.585197063725224e-05
2833	0.00010611610694654843
2834	8.979052325974153e-05
2835	8.216974721764838e-05
2836	6.904013893164836e-05
2837	9.530161756087199e-05
2838	8.58382379575707e-05
2839	0.00038661621429416927
2840	7.149767442380063e-05
2841	0.00023080586185780634
2842	8.818078230838711e-05
2843	0.00010179784733720763
2844	0.00011049428354584792
2845	6.904013893164836e-05
2846	7.867396847483507e-05
2847	7.859084777004906e-05
2848	9.162593231326381e-05
2849	6.904013893164836e-05
2850	0.00010740306123231223
2851	9.640172411351785e-05
2852	8.880557174019456e-05
2853	0.00010284982950166045
2854	8.09179795161024e-05
2855	9.019171112823504e-05
2856	9.472915672585353e-05
2857	0.00011047234758016769
2858	8.851892095399934e-05
2859	9.333564094272092e-05
2860	0.0001335326066202365
2861	8.18257688777378e-05
2862	0.0001860974565354694
2863	8.638404078760511e-05
2864	8.759857138671809e-05
2865	0.00010172815789817876
2866	0.00011276342914121371
2867	0.00013320745715370992
2868	0.0001038299500846439
2869	9.525423838117834e-05
2870	0.00015509097732465296
2871	6.904013893164836e-05
2872	0.00011626689694850135
2873	0.0001142639999865692
2874	9.7073242097006e-05
2875	0.0001079663061693345
2876	9.079634103661077e-05
2877	0.00014524137981849575
2878	0.00017547825025544984
2879	8.581795163114088e-05
2880	0.00010873473687200545
2881	9.73529185855815e-05
2882	8.524727926740502e-05
2883	7.962449545796272e-05
2884	7.890011512309504e-05
2885	0.0010129021824804166
2886	9.238089247944714e-05
2887	0.000123834522783071
2888	9.191430969133905e-05
2889	9.222119602038265e-05
2890	0.0001026950355874606
2891	9.958639120467578e-05
2892	9.044281060550431e-05
2893	8.714977097780124e-05
2894	6.904013893164836e-05
2895	9.965576497312405e-05
2896	9.164361311991366e-05
2897	0.00024183346392134378
2898	0.00012077595582607421
2899	8.447563837413825e-05
2900	0.00017061274424486617
2901	8.726556340364821e-05
2902	0.0002043985706395613
2903	0.00012098042033269034
2904	0.00010460811752244009
2905	8.995820884404261e-05
2906	8.977139376991055e-05
2907	8.741340974498703e-05
2908	0.00011964684720194754
2909	6.904013893164836e-05
2910	0.00035160328506657134
2911	7.977167374472595e-05
2912	8.97445942198568e-05
2913	9.05613405272812e-05
2914	0.0001310984943581556
2915	0.00010538854046577965
2916	9.851712847456525e-05
2917	8.05104395130149e-05
2918	9.320274295150038e-05
2919	9.659774749609086e-05
2920	8.798564260939178e-05
2921	8.064363832110168e-05
2922	8.334038829677131e-05
2923	6.904013893164836e-05
2924	7.772129023992302e-05
2925	8.502147625786322e-05
2926	7.965057105534185e-05
2927	8.131247667954715e-05
2928	0.00010245310690083973
2929	0.00014578470291568238
2930	9.287995859191906e-05
2931	9.104795425967724e-05
2932	9.474934298115338e-05
2933	8.10367030955998e-05
2934	0.00013155412696825403
2935	8.895046456141595e-05
2936	9.982556462090659e-05
2937	8.91319275235163e-05
2938	8.525806072168552e-05
2939	0.0001735942969941917
2940	6.93396888316902e-05
2941	8.649988994969529e-05
2942	8.402857458049087e-05
2943	7.881598583993835e-05
2944	0.0002787557464133084
2945	0.00010257519951563441
2946	0.00018687197921983526
2947	0.0003499161346377784
2948	9.824811958924743e-05
2949	9.958936005463961e-05
2950	8.507088035703426e-05
2951	0.00010114624393939173
2952	6.904013893164836e-05
2953	0.0002217497004055738
2954	9.440996562263342e-05
2955	0.00018528265649039
2956	9.884046011920773e-05
2957	0.0001046290618946016
2958	6.904013893164836e-05
2959	9.619683640328224e-05
2960	9.051714311395188e-05
2961	0.00012839374300989908
2962	9.960468618843016e-05
2963	6.904013893164836e-05
2964	0.00010189593190436502
2965	8.967110384393575e-05
2966	8.561088935616464e-05
2967	8.032105782417021e-05
2968	9.390371231271912e-05
2969	8.73098844665292e-05
2970	9.348595205427868e-05
2971	6.904013893164836e-05
2972	9.541165918453606e-05
2973	0.00018361260166278341
2974	7.986867258829376e-05
2975	8.838773163653055e-05
2976	0.0001329681405960673
2977	0.0001043594252804466
2978	9.040359748496815e-05
2979	0.00011140414091682726
2980	8.832625274847999e-05
2981	9.29998127882014e-05
2982	9.204127343318387e-05
2983	0.00021342619960012312
2984	9.381386921508021e-05
2985	8.645472230899648e-05
2986	8.843562331758745e-05
2987	0.00011580231725227645
2988	7.962522893877679e-05
2989	0.00010192315173638101
2990	0.00012236918581254316
2991	0.00013036699534407022
2992	9.22929271995108e-05
2993	0.00018943509593562785
2994	8.720569757097085e-05
2995	9.480130433385612e-05
2996	0.00015019602280120695
2997	8.35303881520863e-05
2998	0.00012627500359039758
2999	8.087745982747306e-05
3000	0.000128083324965678
3001	9.450320970976988e-05
3002	0.00013322049054101322
3003	0.00015515285541783835
3004	6.904013893164836e-05
3005	0.00010610131039366177
3006	9.873378452328861e-05
3007	9.827900998302508e-05
3008	0.00011487023454615324
3009	0.00011173826843992614
3010	9.926612704574961e-05
3011	0.0003661733128370279
3012	9.714412901175549e-05
3013	8.036490540180621e-05
3014	8.10366385332384e-05
3015	0.00011089306080933424
3016	6.904013893164836e-05
3017	9.767224910482596e-05
3018	9.027332944987542e-05
3019	9.577129756542755e-05
3020	9.626972615604157e-05
3021	0.00011040037413432245
3022	8.596586895774663e-05
3023	0.0001184360957076104
3024	8.247609128983011e-05
3025	0.00021273602167627746
3026	0.00012940348059199935
3027	8.976770818286306e-05
3028	0.00011627873141012245
3029	0.00011618013014616777
3030	0.0001066315342837353
3031	0.00011746441016668738
3032	6.904013893164836e-05
3033	0.0002562912154410299
3034	7.959367608788173e-05
3035	9.656439895000936e-05
3036	0.00011277516150175005
3037	0.00027271395104929666
3038	8.77276461582246e-05
3039	0.00016971780019429814
3040	9.978598030102225e-05
3041	8.577597641791852e-05
3042	0.00013426126715567434
3043	7.71368244223296e-05
3044	7.905161880236323e-05
3045	8.359015659435038e-05
3046	6.904013893164836e-05
3047	8.707724586295358e-05
3048	0.00019009142117109616
3049	8.115128762795942e-05
3050	0.0002391244101436448
3051	8.510877880699028e-05
3052	8.5299385685806e-05
3053	6.904013893164836e-05
3054	0.0001581836937954226
3055	6.904013893164836e-05
3056	0.00012189068937448008
3057	6.904013893164836e-05
3058	0.00010077245158018438
3059	8.536488130897899e-05
3060	8.804728754427443e-05
3061	0.00011140591046617678
3062	0.0001087534982689635
3063	0.00017411779982107062
3064	0.00013712701975852868
3065	0.00012800944216694938
3066	9.78372147517052e-05
3067	8.469754060786554e-05
3068	0.00010943339152497486
3069	0.00010307600398905744
3070	0.00011346128682700139
3071	0.00010577643498493684
3072	8.545333707246568e-05
3073	8.805957598004888e-05
3074	0.00013210904181997887
3075	0.00010627335498537827
3076	0.0001080786239068953
3077	7.858072445157388e-05
3078	0.00010398414267483568
3079	0.00010753446100211332
3080	0.00017256258727902748
3081	8.71857049106571e-05
3082	0.00010521502999979493
3083	0.00011518636364274117
3084	9.381257764875777e-05
3085	0.00011596674471791663
3086	0.00011994301497556316
3087	8.070690517425589e-05
3088	0.0001523528671981188
3089	6.904013893164836e-05
3090	7.513022350266307e-05
3091	0.00016056177346249063
3092	0.00013950480338239664
3093	0.000111272032583228
3094	9.294406373784603e-05
3095	7.814081657555601e-05
3096	0.00011655184592563056
3097	0.00011194234879652686
3098	0.00030515112055441116
3099	0.00013031582310926062
3100	9.189992930732111e-05
3101	0.00010653078819544377
3102	8.59789061616795e-05
3103	8.463837672954705e-05
3104	0.00010933162959860956
3105	9.391092247585376e-05
3106	6.904013893164836e-05
3107	0.00011776709136532585
3108	8.668892185427105e-05
3109	0.0002319266292372688
3110	8.54876532438037e-05
3111	0.00010207112784168016
3112	9.509390826680105e-05
3113	0.00010388467639467365
3114	9.36957341519504e-05
3115	0.0001459446760751226
3116	0.00013806765068843834
3117	8.831339447481947e-05
3118	8.886881449463159e-05
3119	8.967762863913943e-05
3120	9.684994442231397e-05
3121	0.0001442087262771605
3122	0.00010322932747538136
3123	9.890102340997996e-05
3124	9.14048162495829e-05
3125	0.0002041209746042996
3126	9.298050874907704e-05
3127	0.00013495580007699836
3128	0.00024788060822374683
3129	0.00013364738127923193
3130	0.00011124054307142553
3131	0.0001105308369734255
3132	0.00010268637856986561
3133	0.00012145868441669651
3134	7.475822992639706e-05
3135	0.00011384543953132218
3136	8.336273260132392e-05
3137	8.414756922553186e-05
3138	0.00019670767362851529
3139	0.00011453428688497301
3140	8.627474836064936e-05
3141	8.151531976848107e-05
3142	8.415929472475555e-05
3143	9.618487155104506e-05
3144	0.00013762828392150552
3145	0.00018698710233188296
3146	6.904013893164836e-05
3147	0.00011420087891751339
3148	0.00014001101091967123
3149	8.78224789238425e-05
3150	6.904013893164836e-05
3151	0.00010127392295794296
3152	0.0004342405673119154
3153	0.00014411038491897628
3154	8.103644875200288e-05
3155	8.3943862790382e-05
3156	0.00017624235140618351
3157	6.904013893164836e-05
3158	0.00011190950268267426
3159	8.16270467939276e-05
3160	6.90534205643071e-05
3161	0.00011488589474507508
3162	8.067294535904697e-05
3163	9.400836588777061e-05
3164	8.851764335331608e-05
3165	8.84247284646266e-05
3166	8.697338524016673e-05
3167	9.76135011263772e-05
3168	0.00010409179297091295
3169	9.54059213535607e-05
3170	9.439338763241825e-05
3171	0.00017945085620986781
3172	0.0001474049749420766
3173	6.904013893164836e-05
3174	8.016391809279258e-05
3175	9.3833818750823e-05
3176	9.835150352084508e-05
3177	0.0004824056630428371
3178	0.00018887654786268606
3179	0.00010977092642356764
3180	0.00010790704011903359
3181	0.0002660692408343066
3182	8.795776206119137e-05
3183	8.75376510301157e-05
3184	8.119220221109268e-05
3185	0.00011684049267037692
3186	6.918976979191363e-05
3187	0.0007458463526166936
3188	0.00010930902467527588
3189	8.909485126487593e-05
3190	8.071457494673601e-05
3191	6.917084638592759e-05
3192	9.664631683100357e-05
3193	8.379605321881132e-05
3194	0.00015238394548922846
3195	8.01293746879654e-05
3196	7.948388081743606e-05
3197	0.00015195375349719275
3198	0.00012758267825756993
3199	8.640626189948176e-05
3200	0.0001192708599155964
3201	0.00011756469740658947
3202	0.0001333425615381563
3203	7.047918127358345e-05
3204	8.316432274854275e-05
3205	9.415070946309267e-05
3206	6.904013893164836e-05
3207	0.00017227270691341965
3208	9.569791438021487e-05
3209	0.0001403856173660864
3210	0.00011240498081586711
3211	8.83802043727313e-05
3212	8.470028560587361e-05
3213	0.0001853079914165392
3214	6.904013893164836e-05
3215	0.00012924290942358424
3216	9.559609403439198e-05
3217	0.00021402319163332459
3218	8.942139686498097e-05
3219	8.347502219411087e-05
3220	0.0001446698103231717
3221	9.624029058916806e-05
3222	9.038846655824297e-05
3223	6.904013893164836e-05
3224	9.581881658540767e-05
3225	0.00010341668249746742
3226	8.827007651805446e-05
3227	8.180270656685433e-05
3228	9.651972053155542e-05
3229	7.408368642123813e-05
3230	8.505147094645967e-05
3231	9.484297965184367e-05
3232	0.00010568456921818589
3233	0.0001271647064290704
3234	0.00011117625557677775
3235	7.613994123543792e-05
3236	9.724364164273108e-05
3237	0.00010295698525924979
3238	9.139524577870108e-05
3239	9.810034017194304e-05
3240	0.00011587959230220402
3241	9.448721211827906e-05
3242	9.987937722270327e-05
3243	6.904013893164836e-05
3244	0.00014846367334234043
3245	9.251035976979621e-05
3246	9.376442035918304e-05
3247	6.904013893164836e-05
3248	0.00011183307973465685
3249	0.00016030180368075385
3250	8.984506436031297e-05
3251	0.00012733392601853706
3252	9.763446048401892e-05
3253	0.00024314648447559372
3254	8.358403057145279e-05
3255	7.858521321536302e-05
3256	8.402402855435983e-05
3257	0.0001554224579306161
3258	9.498588173587061e-05
3259	9.911695052129289e-05
3260	8.635706505131019e-05
3261	8.318969266871251e-05
3262	0.00016042776672015036
3263	9.516764687989934e-05
3264	0.0007744888810010784
3265	9.609914654681276e-05
3266	8.291282329303654e-05
3267	0.00013884348937707734
3268	0.00013372627190596012
3269	9.060053480234878e-05
3270	8.917957149276207e-05
3271	9.553074830476498e-05
3272	0.0001026291268780942
3273	9.434062381800926e-05
3274	6.904013893164836e-05
3275	0.00010357844422409424
3276	9.208089110875642e-05
3277	7.999089528851147e-05
3278	8.844641655446426e-05
3279	0.00011080783290763038
3280	8.74871455483898e-05
3281	0.0002889244460576373
3282	8.573362284881908e-05
3283	0.00010802213016186161
3284	9.043454440218271e-05
3285	0.0002642078558827169
3286	8.604296128161972e-05
3287	0.0001156578897894273
3288	0.00018495996889001718
3289	9.360621729620743e-05
3290	6.904013893164836e-05
3291	9.732716162949822e-05
3292	9.646899002980293e-05
3293	8.771113385759257e-05
3294	0.00013359593429391144
3295	7.937465031563324e-05
3296	0.00013391751260953202
3297	0.00010035536855082367
3298	8.120514567015909e-05
3299	0.00011925454710050583
3300	0.00010703970700231028
3301	0.00018618201024022294
3302	9.053927209880556e-05
3303	8.894217550163927e-05
3304	6.904013893164836e-05
3305	8.763645634532057e-05
3306	8.504564255202287e-05
3307	8.382648539949998e-05
3308	0.00017366663349843896
3309	0.00011741771801811074
3310	8.55621982892046e-05
3311	0.0001227988080225673
3312	0.0002494483377437715
3313	6.904013893164836e-05
3314	9.194596047987268e-05
3315	8.832667694676578e-05
3316	0.00011186413530099919
3317	9.327801050201852e-05
3318	0.00020207394315775748
3319	9.916610826688106e-05
3320	6.904013893164836e-05
3321	8.682777832112433e-05
3322	0.00010923893934299
3323	7.095354815503236e-05
3324	8.139767185236897e-05
3325	9.131630480248833e-05
3326	0.00011498668465206189
3327	0.00026967301568377584
3328	8.645550484582034e-05
3329	8.0642195267411e-05
3330	0.0001059185673794146
3331	8.797255664636831e-05
3332	7.922198988621712e-05
3333	0.00010375163654047975
3334	0.00025842025380646606
3335	0.00013241703192315598
3336	9.00875806762667e-05
3337	0.00016108708583031012
3338	8.662476847809758e-05
3339	8.9512876526547e-05
3340	9.254341979440417e-05
3341	8.954003242018649e-05
3342	0.0001131243191483956
3343	0.00010633779119177022
3344	0.00014565448739742624
3345	0.00013045398447104377
3346	0.0001332835847755309
3347	0.00022034373472178614
3348	0.00012379120284065055
3349	0.00014756237409301422
3350	0.00013350753882709676
3351	8.261239521835351e-05
3352	0.00011177201246128556
3353	0.00012100917874896357
3354	9.32461366678619e-05
3355	0.00012781023306027446
3356	9.424250802178974e-05
3357	0.00012962237822623917
3358	6.904013893164836e-05
3359	0.0002758977149321347
3360	0.0001127777594043116
3361	9.57841185522261e-05
3362	8.21914245282845e-05
3363	8.513736727040603e-05
3364	8.056412150071686e-05
3365	8.799684948081755e-05
3366	8.78007002588776e-05
3367	8.224263613020472e-05
3368	8.103504419490605e-05
3369	0.0003623844500302472
3370	0.00010181509812691499
3371	9.790546594253554e-05
3372	0.00015043802729712384
3373	9.466548243468571e-05
3374	0.00011004813573922836
3375	7.90031975163779e-05
3376	0.00015840284793608878
3377	8.75541038105752e-05
3378	0.00028883012920229547
3379	8.364883380857947e-05
3380	0.00011222982481800173
3381	8.093442362505728e-05
3382	0.00011533714809501322
3383	8.69993363988192e-05
3384	0.0001353907507155767
3385	9.017534772525175e-05
3386	8.044832285210952e-05
3387	8.52293811605369e-05
3388	6.95211497980675e-05
3389	0.00012216051454386407
3390	6.904013893164836e-05
3391	0.00012603442307348566
3392	0.0002678607279192696
3393	0.00025600547793838886
3394	0.00010202672105445814
3395	9.140516961943883e-05
3396	8.157561288036174e-05
3397	8.22477828529048e-05
3398	0.0002114445945522503
3399	8.63885513380015e-05
3400	0.00012241568907303852
3401	0.00014560690116860767
3402	7.781259799778892e-05
3403	9.053726295705461e-05
3404	9.528735071377731e-05
3405	0.00010095391977782493
3406	8.945838958507681e-05
3407	6.904013893164836e-05
3408	9.027347634965962e-05
3409	0.00010049044437344735
3410	8.819772364891093e-05
3411	8.962743578098247e-05
3412	6.904013893164836e-05
3413	0.00010207283448205736
3414	9.499837227837398e-05
3415	0.00010231887263450467
3416	0.00011393119230936866
3417	8.393971729592968e-05
3418	0.00011638783966999932
3419	8.842676083715025e-05
3420	0.0001784247345651475
3421	0.00010328121525842829
3422	0.00010517430812670882
3423	8.742602604614019e-05
3424	9.081287552068458e-05
3425	9.115313132647372e-05
3426	0.00026302142762632454
3427	8.46804610235174e-05
3428	0.00011655652465676004
3429	8.270022942449015e-05
3430	9.795270365528993e-05
3431	8.874846978964295e-05
3432	6.962512716657897e-05
3433	0.00010077483454479157
3434	0.00014025750598700153
3435	8.934982931727974e-05
3436	8.514537206325321e-05
3437	0.0001046177260917596
3438	8.416958285863533e-05
3439	0.0001280875124070239
3440	8.9786472558175e-05
3441	0.000128507603523663
3442	0.00010259219969060982
3443	8.954724072400151e-05
3444	8.376303858532628e-05
3445	8.979305755252377e-05
3446	8.664917937112809e-05
3447	6.94713969459124e-05
3448	8.486735530380007e-05
3449	9.582155648965604e-05
3450	6.904013893164836e-05
3451	0.00030028915606031183
3452	8.339068089895802e-05
3453	0.00012337820452182802
3454	0.00011802220611724642
3455	0.00017767601228486918
3456	9.291794826134491e-05
3457	0.00012013095634573736
3458	8.545908380129736e-05
3459	0.0001015448906459172
3460	9.831187835126218e-05
3461	0.00013497838955748147
3462	0.00011290820163724364
3463	9.170401912277506e-05
3464	0.0005304829676962943
3465	9.823276167716962e-05
3466	9.237442030097718e-05
3467	0.00013029998890858372
3468	9.218341174760173e-05
3469	9.142427858030986e-05
3470	9.683697456303049e-05
3471	0.0001172400889823802
3472	0.00010503578611067513
3473	0.0001323943355006164
3474	9.33741702568657e-05
3475	0.0001309687834098991
3476	9.356546346788263e-05
3477	0.00010006230153170923
3478	0.00028169705928189224
3479	9.211923514170357e-05
3480	8.413778104174911e-05
3481	8.609982774458074e-05
3482	0.00026197619414090845
3483	8.43446605518353e-05
3484	8.581113545820992e-05
3485	8.103664048616274e-05
3486	9.595165832607699e-05
3487	0.00012647291183512377
3488	8.662141465229294e-05
3489	0.00012693934319895578
3490	0.0001233519077852708
3491	9.313082449051508e-05
3492	9.408649090585754e-05
3493	0.00011269049100720945
3494	0.0001070223843925026
3495	8.566579661782901e-05
3496	0.00012259866309876174
3497	8.380957350835166e-05
3498	0.00011442647587244263
3499	9.063237126775394e-05
3500	9.880010395521865e-05
3501	9.534120868353351e-05
3502	0.00011724310489810725
3503	0.00012929763842654043
3504	8.072893030956246e-05
3505	8.253314947012956e-05
3506	6.944889930459641e-05
3507	8.505666038816048e-05
3508	0.00015577568788101284
3509	0.00010375677626097146
3510	0.00011210092621637149
3511	0.00010059167794550209
3512	9.702038977014781e-05
3513	0.00012374955507135776
3514	0.00016238654896569876
3515	0.0003428168358297796
3516	9.678374347928325e-05
3517	7.46434324541769e-05
3518	0.00013231627117317872
3519	6.904013893164836e-05
3520	0.00011324651041950116
3521	0.00018034795562884098
3522	6.905293941791085e-05
3523	0.00014430990792953986
3524	6.904013893164836e-05
3525	8.558863543714192e-05
3526	8.064363832110168e-05
3527	8.202967759357536e-05
3528	0.00011495430483569683
3529	0.00010207408940690763
3530	0.0007531487317141047
3531	8.270865766929681e-05
3532	0.0001472954252292356
3533	9.344042673558182e-05
3534	8.198358848712838e-05
3535	8.410261382493713e-05
3536	8.78837482813719e-05
3537	8.487109628402008e-05
3538	7.874544680880766e-05
3539	0.0004707246440866348
3540	8.093354079554629e-05
3541	9.455514483672274e-05
3542	0.0002266698023238943
3543	9.856466692898452e-05
3544	8.215280631946005e-05
3545	8.980351269520242e-05
3546	0.00014333874288824022
3547	8.505765187301455e-05
3548	0.00013625308978608384
3549	9.142762199184622e-05
3550	9.250003759040595e-05
3551	0.00010788122606593392
3552	6.904013893164836e-05
3553	0.0001438466671812547
3554	0.00010400492389145482
3555	9.425023037515529e-05
3556	0.00011377832683594907
3557	7.133466790557338e-05
3558	6.904013893164836e-05
3559	0.00016479490094595657
3560	8.846761409634987e-05
3561	0.00010637712351153106
3562	9.15348649436097e-05
3563	0.00016401755169406256
3564	0.00010085479228762696
3565	6.904013893164836e-05
3566	8.663372872219566e-05
3567	8.599481975457001e-05
3568	0.00014163657584324575
3569	0.0002495930028485058
3570	9.755318646315932e-05
3571	8.080416395374343e-05
3572	8.639561929476878e-05
3573	8.787814021268635e-05
3574	8.353780709725075e-05
3575	9.814652759887697e-05
3576	9.825480151260584e-05
3577	0.0001399056493458886
3578	0.00020479828228472916
3579	0.0001547804084463133
3580	8.065369226577991e-05
3581	0.00014420565685607212
3582	0.0001206316933752279
3583	0.00017658896158186615
3584	8.913888150911741e-05
3585	0.00011898985645262552
3586	0.00012755821399943775
3587	0.00013234135308607875
3588	0.00013875621271406427
3589	8.120514567015909e-05
3590	0.0002606080726284351
3591	0.00018970628982569186
3592	0.00011650959985616743
3593	9.981137068001978e-05
3594	6.904013893164836e-05
3595	9.116430327711219e-05
3596	8.571368217673284e-05
3597	0.0002592634385427934
3598	7.9812278105878e-05
3599	0.00011824471076961093
3600	0.00010511276686919107
3601	0.00010995791180695559
3602	9.190381596345326e-05
3603	8.561587766455731e-05
3604	8.170124061306715e-05
3605	9.560099708382679e-05
3606	8.669505503325562e-05
3607	9.236646854415167e-05
3608	8.178128577735444e-05
3609	8.855999274554017e-05
3610	8.944371228014104e-05
3611	0.0001624597007944641
3612	0.00010274766341518673
3613	9.880681887830807e-05
3614	0.00015018742789322796
3615	9.295005830731172e-05
3616	9.269201831280705e-05
3617	0.00010120822565157816
3618	8.065113349490347e-05
3619	8.97102451224761e-05
3620	0.00010859031518627832
3621	9.948162965091271e-05
3622	0.00010736061072776033
3623	7.059101421777124e-05
3624	7.837414158880751e-05
3625	9.314914356291421e-05
3626	0.00012062419603317507
3627	6.904013893164836e-05
3628	7.903254638743493e-05
3629	0.00014117208990798024
3630	0.00016348784293603133
3631	9.324850614176756e-05
3632	0.00010094912712808524
3633	9.637970373254132e-05
3634	9.338831569299511e-05
3635	6.904013893164836e-05
3636	8.182129449802528e-05
3637	8.232678268156322e-05
3638	8.59213165104727e-05
3639	8.877587256640176e-05
3640	6.904013893164836e-05
3641	0.00011136467240358642
3642	7.805430959651391e-05
3643	9.054922345417e-05
3644	9.571295222105526e-05
3645	6.904013893164836e-05
3646	9.297406063980653e-05
3647	8.772016268166841e-05
3648	6.904013893164836e-05
3649	0.00024971357403646413
3650	8.770538260750525e-05
3651	0.00010399390988398565
3652	9.279083338265151e-05
3653	7.581030947671993e-05
3654	8.961734223295647e-05
3655	0.0001082612289594147
3656	9.298184306796072e-05
3657	8.738539414718575e-05
3658	9.181733227138409e-05
3659	8.672119537979608e-05
3660	9.487947563373453e-05
3661	8.192202593438796e-05
3662	0.00011325171040000529
3663	0.00010633398234600542
3664	9.533323924669233e-05
3665	8.53517126965326e-05
3666	0.000275376535411581
3667	9.839668552019158e-05
3668	0.00014827144322759374
3669	0.00017104790752495727
3670	9.528154456401442e-05
3671	9.183074678639354e-05
3672	6.976287265117009e-05
3673	0.0001506104472140879
3674	8.103478985130914e-05
3675	6.904013893164836e-05
3676	8.378146699282374e-05
3677	8.391492906239335e-05
3678	8.414836057378641e-05
3679	0.00011312656236934085
3680	0.00012847412178940642
3681	8.253097094947213e-05
3682	9.69719906572526e-05
3683	0.00010344615131031859
3684	9.317473528683439e-05
3685	0.00020371386162867851
3686	0.00010338113890808629
3687	0.00010995039013439052
3688	8.774943834658578e-05
3689	8.81323016403476e-05
3690	9.255188916208209e-05
3691	6.904013893164836e-05
3692	6.957604432473491e-05
3693	8.340139166278148e-05
3694	0.00013513220308266317
3695	0.00011340734869647907
3696	0.0001029279721602249
3697	0.0006263106415527136
3698	0.00010437428393580529
3699	6.904013893164836e-05
3700	0.00012326218628076822
3701	8.51632114978537e-05
3702	0.00012018478761708214
3703	8.87005699520131e-05
3704	7.873595978199402e-05
3705	8.41892381594951e-05
3706	8.58544632056053e-05
3707	8.580527484101598e-05
3708	9.608432270776144e-05
3709	8.275523845467911e-05
3710	0.00010081575908902883
3711	9.318517022866777e-05
3712	0.00014546655269120277
3713	0.0001201601457943017
3714	0.0002833589444108798
3715	8.193070748333659e-05
3716	9.162393116721317e-05
3717	8.90441382236038e-05
3718	9.109245360773029e-05
3719	6.90953548102617e-05
3720	0.00014756344395928952
3721	6.904013893164836e-05
3722	6.908411537481793e-05
3723	0.00010306628237868073
3724	8.706915308220841e-05
3725	0.00011385091669325874
3726	8.127181651847764e-05
3727	0.00012965171358793836
3728	6.904013893164836e-05
3729	0.00011813433029995735
3730	0.00011574170287891619
3731	8.13304427581262e-05
3732	8.475725210819248e-05
3733	0.00010032136551246748
3734	9.70089600298212e-05
3735	0.00011364856322641626
3736	0.0001981141523459589
3737	8.810405890973684e-05
3738	0.00012181369551379716
3739	9.266116792303205e-05
3740	7.980080152829235e-05
3741	8.150175708142952e-05
3742	8.839909886779723e-05
3743	8.672031971082846e-05
3744	8.255981599022353e-05
3745	0.00014788073223586442
3746	0.00013240436300110007
3747	0.00011260011881248168
3748	8.653305592209553e-05
3749	0.00010175560573837133
3750	0.0001120344869715685
3751	8.344271177550298e-05
3752	9.089618016091833e-05
3753	8.062017405201752e-05
3754	0.0001158889365546485
3755	9.124449888792309e-05
3756	7.149090645982096e-05
3757	0.00011689814868274327
3758	8.306086725384505e-05
3759	7.963093190257599e-05
3760	0.00010118993701081183
3761	6.904013893164836e-05
3762	0.00015895633310049012
3763	6.904013893164836e-05
3764	0.00013760960631713825
3765	9.407040858884604e-05
3766	9.20420231718141e-05
3767	0.0001036722153282562
3768	0.00020999957604355283
3769	9.267101747949324e-05
3770	8.91726202935121e-05
3771	8.547968050274756e-05
3772	8.213625943626979e-05
3773	8.102759718684721e-05
3774	8.669646576843216e-05
3775	8.712169420711751e-05
3776	6.904013893164836e-05
3777	9.002066298156264e-05
3778	0.00010047222313012344
3779	6.904013893164836e-05
3780	6.904525684882445e-05
3781	0.00013458997855235103
3782	0.00010065576055410852
3783	0.00010517945330095697
3784	8.484084636480888e-05
3785	0.00010414270093793548
3786	0.00010190479234625053
3787	0.00012168495085028806
3788	0.00023997914231044013
3789	8.489180185989864e-05
3790	8.36695280168203e-05
3791	0.00023346180010672455
3792	8.101566418764036e-05
3793	0.00011056420266394561
3794	8.029839265440497e-05
3795	0.00010950871488487053
3796	6.9075996518989e-05
3797	9.021902075263267e-05
3798	9.76217726945536e-05
3799	0.00010409558990011716
3800	8.759618626678138e-05
3801	0.00010068946962647174
3802	0.00010959030893419738
3803	7.866585998961818e-05
3804	7.838179160019426e-05
3805	9.541995935715409e-05
3806	7.906418833968677e-05
3807	7.292929685162633e-05
3808	0.0001235863496370266
3809	9.390877055087516e-05
3810	0.00010041532672494691
3811	0.00011552936095813561
3812	0.0001033216796935334
3813	8.989688071773126e-05
3814	0.00010708640511743206
3815	9.779354927017949e-05
3816	9.471944763655869e-05
3817	0.00011567288894247964
3818	8.842025656749882e-05
3819	0.00021687035216362492
3820	0.00021557901044968143
3821	0.00011129077578425227
3822	9.370831337106733e-05
3823	8.036484766464195e-05
3824	0.00013283777116024389
3825	8.998282836247182e-05
3826	8.994942377580397e-05
3827	8.235493877792476e-05
3828	0.00012787649538543788
3829	8.713337695705148e-05
3830	8.184226443856548e-05
3831	8.701823065627521e-05
3832	0.0001704963194432278
3833	9.956658341697108e-05
3834	7.775536465834233e-05
3835	6.904013893164836e-05
3836	9.487534677927194e-05
3837	0.00011700511412264002
3838	0.00010886166238275807
3839	8.613699469721815e-05
3840	0.00010846615523622246
3841	8.309143934117956e-05
3842	8.353487524315003e-05
3843	8.786160693585191e-05
3844	0.00014691518431973123
3845	8.162972850834676e-05
3846	9.292748855560526e-05
3847	8.515968447495053e-05
3848	7.995949407480202e-05
3849	0.00010854810624662606
3850	0.00023994195993871326
3851	7.860748431459506e-05
3852	0.00012965458468728672
3853	8.485910204911737e-05
3854	9.406288075101876e-05
3855	8.783202758685151e-05
3856	0.00010655726305798317
3857	0.00010022388401355838
3858	0.00010238699642190087
3859	9.163228832521424e-05
3860	0.00010360378533428757
3861	0.00032137342113618497
3862	0.00011195202323921772
3863	0.00011385770541155353
3864	9.09166155222327e-05
3865	0.00011939778189099548
3866	8.162662816623225e-05
3867	8.797632260917974e-05
3868	0.00011130588077411608
3869	9.6738807055801e-05
3870	9.853968523250472e-05
3871	8.437892099891527e-05
3872	9.817465268024443e-05
3873	7.97705442646284e-05
3874	0.00010534908944517411
3875	9.108798941845692e-05
3876	6.904013893164836e-05
3877	0.0001222942192597294
3878	8.884416942993428e-05
3879	8.126690358790573e-05
3880	0.0004447482912153182
3881	9.982500683953163e-05
3882	9.255526052518592e-05
3883	9.838879232290151e-05
3884	0.00012821332949530443
3885	7.958122666346051e-05
3886	9.180042744050983e-05
3887	8.454732195114507e-05
3888	8.903670029557326e-05
3889	0.00011391334971787848
3890	9.172397471994177e-05
3891	6.904013893164836e-05
3892	8.92361960107488e-05
3893	8.500543298845901e-05
3894	0.00010548555115650295
3895	9.686827546101257e-05
3896	0.00015090610354036895
3897	6.999088835425291e-05
3898	7.972454035219929e-05
3899	8.063143865265063e-05
3900	8.06359945803741e-05
3901	8.280064522549709e-05
3902	8.436900448402932e-05
3903	0.00010195198245829741
3904	9.703072522797176e-05
3905	0.00010639484357419326
3906	9.725925848658466e-05
3907	0.00014368086616643456
3908	8.823031922159579e-05
3909	6.904013893164836e-05
3910	6.953777776714214e-05
3911	6.904013893164836e-05
3912	0.00011057165917983936
3913	0.00013090705917976733
3914	9.979750527331668e-05
3915	0.0001297665127913334
3916	8.073143653463897e-05
3917	0.00012006523755798333
3918	0.00013716243377625333
3919	9.345449376720128e-05
3920	0.00013210089860700783
3921	0.00011740021277671097
3922	9.117190692781383e-05
3923	0.0004570287508349331
3924	8.892839091876513e-05
3925	0.00010433967716017657
3926	6.904013893164836e-05
3927	0.0001212257686818841
3928	0.00010861081780335296
3929	8.834933395106258e-05
3930	7.829994693047224e-05
3931	0.00022543057088968125
3932	0.00012697323841061737
3933	9.140820700583863e-05
3934	7.660941756864944e-05
3935	8.622360878040073e-05
3936	8.152779066892048e-05
3937	8.592586310274202e-05
3938	0.0001279019851806116
3939	8.843816891550864e-05
3940	0.00011621594686719453
3941	9.021686477372461e-05
3942	0.00010432096876315442
3943	0.00018288491830657712
3944	0.00010885470781641653
3945	8.685959160841864e-05
3946	8.486380432757033e-05
3947	9.358395863513632e-05
3948	0.0001284088928938022
3949	9.13591476409473e-05
3950	0.0002956478000232169
3951	8.56062004186272e-05
3952	8.920250581528647e-05
3953	0.00016293224562764086
3954	0.00013036597784179938
3955	0.00013633972237472227
3956	0.00012414563704860274
3957	8.804695932055885e-05
3958	0.00011737372944706237
3959	0.00011254813116090914
3960	0.00013017924342778147
3961	0.00010732890443208244
3962	9.748417976445284e-05
3963	0.0012717754656000212
3964	0.00010644867240117212
3965	0.0003183208530053868
3966	0.00018850493362672466
3967	0.00017277597996400652
3968	9.275212138777758e-05
3969	9.415782111034173e-05
3970	9.3717902688967e-05
3971	9.507267241133058e-05
3972	0.00010966414205219817
3973	0.000151010733258038
3974	8.318608442489611e-05
3975	8.786132463340393e-05
3976	8.030185738252961e-05
3977	0.0001018722891638099
3978	8.641627511005832e-05
3979	0.0001047215672457077
3980	9.621439893243061e-05
3981	8.977622336983507e-05
3982	0.00016584413786306009
3983	0.00012365781000496276
3984	0.00010031733102092803
3985	0.00013178963039430942
3986	8.989216691289597e-05
3987	0.00012778039150960815
3988	0.0002197537115620516
3989	7.953923243432182e-05
3990	9.66846555556453e-05
3991	9.636438703108265e-05
3992	0.0001264958455496763
3993	9.422470020331667e-05
3994	0.0001454664184724453
3995	0.00011607043209056324
3996	6.904013893164836e-05
3997	0.0001519312597699082
3998	9.625903831693135e-05
3999	9.398207268638666e-05
4000	0.00020517424099313682
4001	0.0001308702778664166
4002	0.00014229804205543697
4003	0.00012490542980003272
4004	0.00010569617535767314
4005	0.00011496837299355861
4006	0.00012799960341618156
4007	8.575107780553114e-05
4008	7.81789824421813e-05
4009	8.157596157854516e-05
4010	9.049366048740223e-05
4011	8.696724997308807e-05
4012	8.81753365671635e-05
4013	6.960174167773451e-05
4014	6.935308001897014e-05
4015	9.819594816869252e-05
4016	9.999960108731928e-05
4017	0.00017294768833757534
4018	0.00011982947698291133
4019	9.90781072523224e-05
4020	0.00010054550302304534
4021	0.0001059008944128003
4022	6.904013893164836e-05
4023	8.639311558762199e-05
4024	9.748579205768935e-05
4025	0.00010586278738817857
4026	9.048581812800711e-05
4027	0.0001200558079902108
4028	0.00010733771846873792
4029	8.634599073953373e-05
4030	0.0002429151855035467
4031	9.641495185154028e-05
4032	0.00010735834282172474
4033	0.00016396905191030432
4034	9.650934470039294e-05
4035	0.00011736396699317503
4036	9.739684750872038e-05
4037	8.421445982604985e-05
4038	6.904687752259687e-05
4039	8.629042035456415e-05
4040	0.00010707725816273294
4041	0.00012571957507448163
4042	8.331094369747252e-05
4043	0.00010247436334739871
4044	6.904013893164836e-05
4045	6.909134695588349e-05
4046	0.00022196593072543202
4047	8.762856848413483e-05
4048	8.83087214227599e-05
4049	8.559791773255935e-05
4050	0.0001366357417501632
4051	8.05412164770701e-05
4052	0.000180133252434192
4053	9.912260862627254e-05
4054	9.883420418668111e-05
4055	0.00015699762572151028
4056	9.952159750530157e-05
4057	8.571566148488587e-05
4058	8.71071708011188e-05
4059	0.00010810465649841015
4060	0.000108259056876784
4061	0.00011806022957161602
4062	8.67470173177182e-05
4063	8.164951506517792e-05
4064	0.00015896080419203117
4065	0.00010006605575468169
4066	8.965951978345604e-05
4067	8.68102742912268e-05
4068	8.440137113885463e-05
4069	9.272886729616385e-05
4070	8.557431814591072e-05
4071	7.832165611780719e-05
4072	0.00025346940811854713
4073	0.00020247743616301188
4074	8.921295862067622e-05
4075	0.00010127452464060893
4076	8.120614293216378e-05
4077	9.568492561389953e-05
4078	0.00010771588326481235
4079	0.00014860397842626823
4080	0.0001495512494556886
4081	0.00012528809224703736
4082	8.592888307411985e-05
4083	8.577778555206021e-05
4084	6.904013893164836e-05
4085	0.00012306621937520544
4086	9.475386771592768e-05
4087	8.502597763207538e-05
4088	0.00011102085513619135
4089	0.00010287746730976011
4090	9.662902975218124e-05
4091	0.00012225731707997137
4092	8.435566511546394e-05
4093	0.00012219190432268695
4094	0.00011671906260035686
4095	0.00010084473162190362
4096	6.904013893164836e-05
4097	0.00010701219033041431
4098	0.00011141441635771922
4099	8.507821950424905e-05
4100	0.00010422012708132569
4101	7.9368435295004e-05
4102	0.00010912551318110629
4103	0.00014470162372155925
4104	9.266106726189674e-05
4105	8.133093809040372e-05
4106	8.052817101257533e-05
4107	0.0001053489825896982
4108	0.00014179047269079976
4109	9.411099046756859e-05
4110	0.00011243691142711685
4111	0.00012011696761022754
4112	6.904013893164836e-05
4113	8.182827238492263e-05
4114	9.017908966837237e-05
4115	8.947628602946428e-05
4116	0.00010232013419026473
4117	0.00011252330605320012
4118	9.288159604294522e-05
4119	0.00010502604630408849
4120	9.984991028542897e-05
4121	9.001008896710045e-05
4122	0.00010323813538922817
4123	9.533935151192679e-05
4124	0.00010262274456741664
4125	8.29759494649104e-05
4126	9.785420760907016e-05
4127	0.00015887208128451968
4128	8.985380965008203e-05
4129	9.981443698016689e-05
4130	0.00010110738002165961
4131	9.896566809363163e-05
4132	9.195464991043243e-05
4133	6.931544450598162e-05
4134	0.0001205916351038016
4135	0.00010056083254437623
4136	6.904013893164836e-05
4137	0.00011040522051718361
4138	8.920930127803595e-05
4139	0.00012524091672052356
4140	9.328759211395172e-05
4141	6.904013893164836e-05
4142	0.00010488979710307765
4143	9.116128579623911e-05
4144	0.0001405355049779757
4145	9.043586146366829e-05
4146	0.00010500088367464182
4147	0.0001451765375189926
4148	9.904379915307676e-05
4149	0.00010858062997476903
4150	0.00010200488228678518
4151	0.00011175083244637405
4152	8.298395473319174e-05
4153	8.162590190363459e-05
4154	0.0001130055583523299
4155	8.063143865265063e-05
4156	8.762877961958586e-05
4157	0.0001006493718416979
4158	8.583197793850123e-05
4159	9.8907573715407e-05
4160	8.603614739127434e-05
4161	9.547120813335733e-05
4162	8.10367030955998e-05
4163	8.295264914118676e-05
4164	9.476181215691386e-05
4165	0.0002711080519564624
4166	9.394861250642685e-05
4167	0.0001610802529449239
4168	0.0001447545694666701
4169	0.0002226325344251945
4170	0.00012972554937710232
4171	6.904013893164836e-05
4172	0.00010361276640143122
4173	0.00014410038969116628
4174	0.000110679327712455
4175	6.91208949695366e-05
4176	9.643319082734553e-05
4177	0.00011529617459361797
4178	0.00012497015702016596
4179	0.00014447032717860664
4180	9.931335241910883e-05
4181	9.434046598849808e-05
4182	9.519767539070281e-05
4183	8.689463331375507e-05
4184	0.00013994214998527894
4185	8.075847440806733e-05
4186	0.0001104893504289526
4187	0.00014720835300917754
4188	8.99701925645641e-05
4189	8.711860708595963e-05
4190	0.0001071318359805898
4191	9.875808206593474e-05
4192	0.00012467029947314256
4193	0.00010664628901076948
4194	9.500564834634118e-05
4195	7.904358459814936e-05
4196	9.990896693341461e-05
4197	8.775112549869078e-05
4198	8.269622089932815e-05
4199	8.807220670822678e-05
4200	0.00011942569941620311
4201	8.140360622063675e-05
4202	0.00014041776542460488
4203	9.89061103713381e-05
4204	8.130091468530014e-05
4205	0.0001133859224290258
4206	9.00115182293867e-05
4207	8.196094340671034e-05
4208	8.874246081835269e-05
4209	0.00011978068849231822
4210	0.00021228399924161592
4211	0.00013943091339155975
4212	9.813752484889136e-05
4213	6.904013893164836e-05
4214	8.178713596826561e-05
4215	0.00011081684581626663
4216	9.334474092298579e-05
4217	9.613810809147423e-05
4218	0.00010883807005498874
4219	8.781607617015054e-05
4220	8.696698321635318e-05
4221	0.0001228985326991221
4222	9.220925703505048e-05
4223	0.0001123864290681432
4224	0.00010560241258832141
4225	9.234740401103527e-05
4226	6.904013893164836e-05
4227	0.0001001811961084504
4228	8.140276770069108e-05
4229	8.038058101256243e-05
4230	0.00010451118927508202
4231	0.00013173425259637721
4232	6.904013893164836e-05
4233	8.074461445233414e-05
4234	0.00010379962604279977
4235	8.607358241064146e-05
4236	8.984726399443833e-05
4237	0.00010845953774325972
4238	8.307417132130606e-05
4239	8.319524400069993e-05
4240	8.065317544849052e-05
4241	0.00011419534177681333
4242	9.050380246650526e-05
4243	0.000182606389262332
4244	0.000203785873883845
4245	0.00013107238182915703
4246	8.738637853504521e-05
4247	0.0002723758255407014
4248	6.904013893164836e-05
4249	6.905038387937138e-05
4250	9.34056292926417e-05
4251	8.711700546645726e-05
4252	0.00010888481513025305
4253	0.00010457211569573721
4254	8.481327214328102e-05
4255	6.904013893164836e-05
4256	0.00013612718566082544
4257	9.644341329529688e-05
4258	0.0001243426943284227
4259	8.653466452223747e-05
4260	9.143186998090775e-05
4261	9.362021380554841e-05
4262	6.904013893164836e-05
4263	9.981423514232569e-05
4264	0.00013376272664751174
4265	0.0001027892940295687
4266	8.096104765266361e-05
4267	9.588191253902769e-05
4268	0.00011699941524597775
4269	0.0002396445122685591
4270	8.774282115601246e-05
4271	8.785924199066309e-05
4272	9.129522125149591e-05
4273	9.077560475018622e-05
4274	8.50591201972001e-05
4275	6.913811862821604e-05
4276	8.072917130729671e-05
4277	6.904013893164836e-05
4278	8.453617540362021e-05
4279	8.531001865032359e-05
4280	6.904013893164836e-05
4281	0.00010286028661132757
4282	0.00013291515757013253
4283	0.0001109498352862032
4284	0.00010389890098293932
4285	0.00010267075513196044
4286	0.00013928891701384024
4287	8.241860485978372e-05
4288	0.00011649105970520189
4289	0.00012043258362831873
4290	8.084372919553489e-05
4291	0.0001120287070266533
4292	9.775688269760837e-05
4293	8.786546216332276e-05
4294	8.964966795830588e-05
4295	0.00026637443251911915
4296	0.000181066347392614
4297	7.932625351669549e-05
4298	0.000253800205123129
4299	9.192481113249289e-05
4300	6.959051600661823e-05
4301	8.713065542625156e-05
4302	0.00010006355623563974
4303	0.0001198284560074115
4304	9.475050040125586e-05
4305	0.00019977335094912101
4306	9.291032899171696e-05
4307	8.723403792532914e-05
4308	6.904013893164836e-05
4309	8.127653389582783e-05
4310	6.943245851146181e-05
4311	0.00010702596526247469
4312	7.937687794531838e-05
4313	0.00013871036259238578
4314	9.022265691064631e-05
4315	0.00016594277353149627
4316	0.00012685588346797905
4317	0.00019041566509665845
4318	9.270085640087786e-05
4319	0.00012402623002916903
4320	8.548220384052686e-05
4321	7.979758782910078e-05
4322	9.150018724676337e-05
4323	9.387717611322182e-05
4324	8.890644764156897e-05
4325	8.632286278317602e-05
4326	9.682313295893057e-05
4327	8.332912451542376e-05
4328	0.00016428211750409207
4329	9.769381338225306e-05
4330	6.904013893164836e-05
4331	8.178022494323072e-05
4332	8.412459341054912e-05
4333	9.379648681834344e-05
4334	9.233963877218831e-05
4335	0.00022020710763189007
4336	0.00011764577865921236
4337	0.00012497899305735397
4338	8.669226581534253e-05
4339	0.0001001781481872994
4340	0.00011860735545637742
4341	9.267889655578023e-05
4342	0.0001050796167371865
4343	6.904013893164836e-05
4344	9.453583011762701e-05
4345	0.00010279127105447987
4346	0.00012658309769114764
4347	6.904013893164836e-05
4348	9.372790748479585e-05
4349	0.00010648668416377198
4350	9.468230638260697e-05
4351	9.396986151905467e-05
4352	9.939386387505634e-05
4353	8.416500902697363e-05
4354	0.00013317082260791996
4355	9.359903270285912e-05
4356	0.00011154355046973472
4357	9.574537764176359e-05
4358	0.0001137067252232181
4359	0.00010832009824011822
4360	9.49732685056302e-05
4361	0.00010651731353474835
4362	9.630674277364955e-05
4363	8.240666773919947e-05
4364	9.436591804959156e-05
4365	0.00011244917443634396
4366	9.10085697479988e-05
4367	0.00010195046648382922
4368	9.349858585016401e-05
4369	0.0001568354930815169
4370	6.904013893164836e-05
4371	7.89543029643107e-05
4372	9.807554307769299e-05
4373	0.0001067368278863813
4374	9.777867425478753e-05
4375	8.862113198272349e-05
4376	0.00013459036175907902
4377	6.904013893164836e-05
4378	8.877568559697717e-05
4379	0.00010043217047096744
4380	8.060064482065119e-05
4381	9.817116586725131e-05
4382	0.00010321197629266325
4383	0.00011221812174250307
4384	8.284025754815041e-05
4385	8.34567563984189e-05
4386	8.726968108317602e-05
4387	0.00021673107297030835
4388	0.0001950509740189015
4389	0.00010871059488074667
4390	6.904013893164836e-05
4391	0.00014528416749526584
4392	0.00011260900454574608
4393	6.904013893164836e-05
4394	8.542529324771549e-05
4395	9.076587545538001e-05
4396	9.441344100631363e-05
4397	9.675348507870446e-05
4398	8.969958563942185e-05
4399	0.00014134013384853162
4400	9.403115945024075e-05
4401	0.0001032797651543652
4402	8.834921286151104e-05
4403	0.00013350008205696167
4404	8.096846025881229e-05
4405	8.436264732819066e-05
4406	9.240017145477877e-05
4407	8.55177662552934e-05
4408	8.516708596106217e-05
4409	0.00013498182085649427
4410	0.00010072422996908407
4411	8.674584856078561e-05
4412	9.577812679275277e-05
4413	0.00016423591741638802
4414	8.658968837300662e-05
4415	0.00022102840108449527
4416	0.0002485543445560483
4417	9.200735511831793e-05
4418	0.0001631234496346874
4419	8.97472249992979e-05
4420	0.00012781837162014565
4421	6.904013893164836e-05
4422	9.011411217572327e-05
4423	0.00010230065678530399
4424	9.650344481351001e-05
4425	8.113060977011289e-05
4426	9.554435327671716e-05
4427	0.00023412362518797038
4428	9.207190673304468e-05
4429	9.713610848407638e-05
4430	8.399521847958432e-05
4431	9.75998896585179e-05
4432	8.10373635043591e-05
4433	0.00013956248420322046
4434	0.0001075202846957838
4435	0.0001020595756400602
4436	9.576548637605106e-05
4437	0.0003254206610569351
4438	0.00011594616524975633
4439	0.00012070458815886547
4440	0.0001054095152220472
4441	8.948571059945124e-05
4442	9.82240053778405e-05
4443	8.920930546883619e-05
4444	6.904013893164836e-05
4445	6.914347577186472e-05
4446	9.38158006139555e-05
4447	0.00015988051238787586
4448	0.00011099001194367185
4449	0.0001564033838037795
4450	8.466896562741925e-05
4451	9.084347690926307e-05
4452	7.50333180392921e-05
4453	0.00012306384118301818
4454	8.829652511569398e-05
4455	7.036342068701017e-05
4456	8.954531166772368e-05
4457	0.0001082766166351972
4458	9.121053821159716e-05
4459	0.0001243643872877095
4460	8.59443191669101e-05
4461	0.00012186412061737133
4462	6.904013893164836e-05
4463	7.097403170505071e-05
4464	9.031352693889372e-05
4465	0.00012536610479192068
4466	0.00016272672128140824
4467	0.00012339419604506184
4468	0.00014371722877664636
4469	8.961461591845038e-05
4470	8.126996749199012e-05
4471	9.705767874871603e-05
4472	8.82186015460273e-05
4473	0.00010731852896316371
4474	0.00011409902481670749
4475	7.934305274947008e-05
4476	9.371734864971194e-05
4477	8.75556452702553e-05
4478	6.904013893164836e-05
4479	8.554287912834074e-05
4480	9.411639374027868e-05
4481	0.00013108028590328537
4482	0.0001451126914033008
4483	0.00011496168171107752
4484	8.363086356813749e-05
4485	9.707346005297179e-05
4486	8.825505662444952e-05
4487	0.00016764420064958627
4488	8.271184993203651e-05
4489	8.412433269289227e-05
4490	8.100592544535167e-05
4491	0.00010214946956157742
4492	0.00017292603075832447
4493	0.00011687435526058719
4494	6.904013893164836e-05
4495	7.673324580454173e-05
4496	8.945776573372803e-05
4497	8.610093266770104e-05
4498	0.00013377079294540873
4499	9.45602458459142e-05
4500	8.31223295814847e-05
4501	6.904013893164836e-05
4502	0.00010592583359825683
4503	0.00023638251685559013
4504	0.00012305707249795538
4505	8.374059927509176e-05
4506	8.491883145471786e-05
4507	0.00010252798675813652
4508	9.310116735322218e-05
4509	0.00011997918909990545
4510	9.556934545543367e-05
4511	0.0002684026948071187
4512	9.449923915151458e-05
4513	8.491314856253556e-05
4514	0.00010493266131316158
4515	0.00012484693355980833
4516	9.53292405350034e-05
4517	7.917411989596016e-05
4518	8.39524350253712e-05
4519	6.904013893164836e-05
4520	8.742377819710068e-05
4521	8.13259162115437e-05
4522	9.539775197221527e-05
4523	0.00014518745635178643
4524	8.729737141902408e-05
4525	8.702296474353295e-05
4526	8.479253259151189e-05
4527	0.0001950609843403621
4528	8.638680243667362e-05
4529	0.00010926989372627051
4530	0.00010928889072136938
4531	6.904013893164836e-05
4532	0.0001103244096632277
4533	8.470333166765077e-05
4534	6.904013893164836e-05
4535	0.00021455044146520655
4536	7.070924458640624e-05
4537	8.134028941084927e-05
4538	6.95136746879995e-05
4539	7.366020980588693e-05
4540	0.00010112236382616715
4541	8.102590191408227e-05
4542	8.67633128446878e-05
4543	0.00012306021409081954
4544	0.0001013970085344612
4545	0.00011090050655090567
4546	7.906746979255133e-05
4547	8.035291544667472e-05
4548	9.528171998494269e-05
4549	6.904013893164836e-05
4550	9.161500750233809e-05
4551	0.0001898979180942389
4552	8.537234008233345e-05
4553	0.00017310988682876972
4554	0.00011617929510161136
4555	0.00015185346010096706
4556	9.329703935983611e-05
4557	0.00011369548665174513
4558	9.033267541630465e-05
4559	9.241639930798008e-05
4560	0.00018334793485875846
4561	0.00010696189187364274
4562	0.00011019821310888169
4563	0.00018297261465810585
4564	8.857144172141544e-05
4565	8.917641887158886e-05
4566	8.205938144346526e-05
4567	0.0001703486778072767
4568	0.0001124059297178684
4569	0.00010301174406261434
4570	0.00010827873861075194
4571	6.904013893164836e-05
4572	0.00022986051415479488
4573	9.302771180159698e-05
4574	0.00012831543200976902
4575	0.0001670225226256538
4576	0.00010200235574615915
4577	9.841256617422951e-05
4578	7.791281213263631e-05
4579	8.196798612806012e-05
4580	8.129967197607181e-05
4581	0.00010252027308992973
4582	8.604599036832601e-05
4583	6.904013893164836e-05
4584	0.00011657810179007413
4585	8.694040009398225e-05
4586	0.00020527523862038638
4587	8.652502141061963e-05
4588	0.0004610428814689903
4589	0.00010207861986809368
4590	9.726414527730141e-05
4591	9.175473798446382e-05
4592	0.00011770603136549852
4593	0.00011605867536876747
4594	0.00011131666272509209
4595	9.306242625168671e-05
4596	9.549772538733417e-05
4597	0.0001002840648557414
4598	0.00014933080861976775
4599	0.00011707597898096136
4600	0.0001502109785260196
4601	0.00011117209473923242
4602	9.907906375623391e-05
4603	0.0002657854253525267
4604	0.00013866432044050666
4605	8.871583147505247e-05
4606	9.364075296940414e-05
4607	9.198776708495184e-05
4608	9.128872671670214e-05
4609	7.929975725236986e-05
4610	8.949861731400173e-05
4611	0.00010925271217659307
4612	0.00010064210843287497
4613	9.33192641533338e-05
4614	9.726749281015201e-05
4615	9.305306961188657e-05
4616	0.0001859530919334222
4617	6.904013893164836e-05
4618	7.79386053288724e-05
4619	7.431749317864308e-05
4620	0.0002047006242066179
4621	9.727838545691613e-05
4622	0.00010085263961006531
4623	8.182334729560538e-05
4624	0.00010575589765347008
4625	8.623684123290126e-05
4626	9.056839479770822e-05
4627	0.0001398548868874775
4628	6.904013893164836e-05
4629	0.00010521399676542895
4630	8.39536495835791e-05
4631	0.0002314286643777929
4632	0.00010518300811721931
4633	0.0001570001091849407
4634	0.00015927649404921741
4635	0.00014665162828127654
4636	7.960989142922743e-05
4637	6.904013893164836e-05
4638	9.608832630695963e-05
4639	0.0001917037651993252
4640	8.706274231943048e-05
4641	7.804350133173356e-05
4642	8.894627072645323e-05
4643	8.880544597228654e-05
4644	0.0001235061858567926
4645	6.904013893164836e-05
4646	9.054445315985455e-05
4647	0.00012234708379161655
4648	0.00020312191741284
4649	0.00012059598539301743
4650	6.904013893164836e-05
4651	0.00018448830197747285
4652	8.784923069912376e-05
4653	8.819223195883388e-05
4654	0.00015517166542073155
4655	8.847499620899139e-05
4656	9.925527363870186e-05
4657	8.730506036626622e-05
4658	0.00010526157584920376
4659	0.00010900506640756295
4660	0.0001008325805559595
4661	8.19465337904333e-05
4662	0.00011116445166589168
4663	8.833158821959394e-05
4664	9.387501638825014e-05
4665	9.036294255913813e-05
4666	8.873064688671656e-05
4667	0.00016319484430247423
4668	0.0001071905183185869
4669	8.34733499895341e-05
4670	8.796858363728892e-05
4671	8.520028354449265e-05
4672	9.11140325785232e-05
4673	0.00011272414302927763
4674	0.00014795686814466586
4675	0.00012099243085869823
4676	9.51287098949298e-05
4677	6.914843406609148e-05
4678	9.458040010120213e-05
4679	0.00010350639144991694
4680	9.098851718544451e-05
4681	9.455501670632872e-05
4682	0.00011195114313564854
4683	9.386764794649834e-05
4684	0.00010915104226383302
4685	0.00010412854784619363
4686	7.955594740866575e-05
4687	9.407854895200534e-05
4688	0.00011021374946216953
4689	8.876051563840589e-05
4690	0.00011480592833042461
4691	9.778702720329192e-05
4692	0.00010067535218255262
4693	0.00012184281687852668
4694	6.904013893164836e-05
4695	0.00013944620409985168
4696	0.00013638131667364852
4697	8.1419115994342e-05
4698	9.320840504514019e-05
4699	0.00011360759079411685
4700	8.93954349402663e-05
4701	7.419890683648437e-05
4702	8.708160128681603e-05
4703	8.507703283264749e-05
4704	9.451156792921276e-05
4705	9.228147777737396e-05
4706	0.00014455132355274157
4707	0.00014662173259113006
4708	9.173421980895927e-05
4709	0.0001878483056567667
4710	7.987895137400491e-05
4711	0.00017144981663415055
4712	0.00010170965412251466
4713	9.500016219174601e-05
4714	9.699315021251948e-05
4715	9.695069989689604e-05
4716	0.00019986832220047606
4717	6.904013893164836e-05
4718	6.904525912615336e-05
4719	0.0002866956115564901
4720	0.0001002620682826456
4721	7.806313887282112e-05
4722	9.010227397104339e-05
4723	0.00010830562896952466
4724	8.204256735339724e-05
4725	8.937263984756469e-05
4726	9.557798287337727e-05
4727	8.712986502240275e-05
4728	0.00012119935983160917
4729	0.0002947363115527932
4730	0.00010305662662076463
4731	9.261363780164341e-05
4732	6.904013893164836e-05
4733	0.00010256527523021071
4734	6.952238866853752e-05
4735	0.000124596060766331
4736	0.00024209136522216972
4737	9.798361127448464e-05
4738	8.228479240729668e-05
4739	0.00010666667648622031
4740	0.00010656510644749617
4741	0.00019860974295218408
4742	0.00013072141646313908
4743	8.429611956974245e-05
4744	0.00013019353521219983
4745	0.00010567950644094924
4746	0.00011843243204156343
4747	9.511671799409181e-05
4748	0.00010319350058838139
4749	0.00010919568014612482
4750	6.904675921534344e-05
4751	8.737748405448345e-05
4752	6.90503626671576e-05
4753	0.00010802595408014469
4754	0.00011544141961859257
4755	0.00010314275462832436
4756	9.994133359023254e-05
4757	0.00011420517022567086
4758	8.16507512891218e-05
4759	9.253827570894287e-05
4760	0.00010511743238433082
4761	8.26001416387261e-05
4762	0.00010203752025800897
4763	9.541305833583843e-05
4764	6.9907235403856e-05
4765	8.219360493370856e-05
4766	0.00012565909875090266
4767	0.0004406696302815504
4768	0.0001126120560178844
4769	9.680277180041626e-05
4770	0.00012694924914233755
4771	0.00019263633767130473
4772	9.143475302305645e-05
4773	8.766571870940274e-05
4774	8.726377654097683e-05
4775	8.48841593838455e-05
4776	6.957601760131934e-05
4777	8.699340710947867e-05
4778	8.51886103933687e-05
4779	0.00013208197738233542
4780	0.00013160692095397832
4781	9.671594442099305e-05
4782	8.745859096878816e-05
4783	8.731214005112426e-05
4784	0.00010763115399404505
4785	6.912321995738379e-05
4786	0.00029250616454037763
4787	8.942162965512136e-05
4788	8.927055496705974e-05
4789	0.00010849807631348422
4790	8.359624116289731e-05
4791	8.774146154295762e-05
4792	0.00017021843994084653
4793	9.526480914107588e-05
4794	6.904526140550987e-05
4795	8.050864961984894e-05
4796	9.716502709865928e-05
4797	0.00010075339466980723
4798	8.85408634689226e-05
4799	0.00012815755940858125
4800	0.00011313156806790672
4801	0.00019826002239953347
4802	8.624230649190638e-05
4803	0.0001497776759783852
4804	0.0001047403768066399
4805	8.787458386201559e-05
4806	6.94211483753145e-05
4807	0.0001257241641019021
4808	8.096300096629381e-05
4809	0.00010114084198475579
4810	0.00017423481322931974
4811	0.00011377341172330402
4812	0.00011431073074778954
4813	9.218916555754629e-05
4814	8.450304590967657e-05
4815	8.514501204519463e-05
4816	9.964248734339998e-05
4817	0.00010665558221346235
4818	8.102688573191664e-05
4819	0.00017062806788517782
4820	0.00017181247683826899
4821	0.00011928211398013668
4822	0.00016517572512313202
4823	9.328947534343899e-05
4824	6.904013893164836e-05
4825	8.44924156943504e-05
4826	9.127852806838376e-05
4827	0.0001299544623255278
4828	0.00010278544292490648
4829	8.487485619807479e-05
4830	0.00012720717697917475
4831	9.328302606430525e-05
4832	6.904013893164836e-05
4833	8.155211516469489e-05
4834	9.895353037512225e-05
4835	6.904013893164836e-05
4836	9.175016918441513e-05
4837	8.491776811546896e-05
4838	8.587077495667667e-05
4839	0.00012044070166245514
4840	8.791413228144797e-05
4841	9.816216720637567e-05
4842	0.0002543181007636971
4843	0.00012144929159549566
4844	0.00013018424941113523
4845	6.904013893164836e-05
4846	0.00010409585025014042
4847	0.00010351910800610723
4848	6.904013893164836e-05
4849	0.0001110939956542109
4850	9.560239304148847e-05
4851	6.904013893164836e-05
4852	0.0003300274386055501
4853	9.540351402627522e-05
4854	9.231660926606372e-05
4855	7.868234022793277e-05
4856	0.00014285496022349678
4857	7.9346468315245e-05
4858	0.00025842206718975556
4859	0.00010591755262183503
4860	6.904013893164836e-05
4861	8.4916086719768e-05
4862	8.81402621614768e-05
4863	9.685750815388737e-05
4864	8.785156049736565e-05
4865	8.457548347019486e-05
4866	9.827031795896769e-05
4867	0.00010224362161620909
4868	0.00011570114545091464
4869	0.00015914188509488843
4870	0.00010503685190877156
4871	9.758572523212825e-05
4872	8.243668375371879e-05
4873	0.0001033204482494405
4874	8.986949488346662e-05
4875	6.904013893164836e-05
4876	6.974097808271464e-05
4877	0.00011069305425241618
4878	0.00012092534010395072
4879	0.00010419941422885331
4880	0.00011170627216647443
4881	8.48767905204371e-05
4882	0.0001254265331389296
4883	8.691934199723937e-05
4884	8.073809487445526e-05
4885	8.177316840431613e-05
4886	6.904013893164836e-05
4887	0.0001900476888504188
4888	0.00022016674950462893
4889	0.00010939354010719137
4890	0.00018742709785613668
4891	9.706079648971652e-05
4892	0.0001081376110716918
4893	0.00010111335605690032
4894	9.680324451681805e-05
4895	0.0001607066312834079
4896	0.00019690067525716766
4897	8.448034950324101e-05
4898	9.572699643779847e-05
4899	0.00013231528350450864
4900	8.353774108913454e-05
4901	8.652082820231091e-05
4902	0.00012328417138191024
4903	0.00011766184215360743
4904	0.00030823735388902187
4905	8.210820018760782e-05
4906	0.00010493804795853157
4907	0.00010397841418432278
4908	0.00011123922118957207
4909	9.553652186701083e-05
4910	9.448783841570025e-05
4911	8.202516352879297e-05
4912	8.828353284013597e-05
4913	8.672585018276025e-05
4914	8.845748952935253e-05
4915	9.848483446392843e-05
4916	8.911660098847923e-05
4917	0.00013643680389635466
4918	9.576132775467131e-05
4919	0.00010605156177840571
4920	0.00011982411331670556
4921	0.00013113162117660133
4922	8.218805177093248e-05
4923	0.00015797995668623537
4924	0.000100176872747321
4925	0.00014554206221719385
4926	9.432113716823202e-05
4927	8.904492988048295e-05
4928	8.038058101256243e-05
4929	0.00010216995989818624
4930	9.32379910592059e-05
4931	9.287008125829276e-05
4932	9.381828189137785e-05
4933	7.854530703656862e-05
4934	9.829640968520863e-05
4935	0.00010654651553085759
4936	0.00010873965047528123
4937	8.041022563859182e-05
4938	9.504381255911374e-05
4939	6.904013893164836e-05
4940	0.0001463153758007886
4941	6.904013893164836e-05
4942	0.0001112166940359945
4943	6.904013893164836e-05
4944	8.101400288205436e-05
4945	0.00011411641878717181
4946	8.988235496475467e-05
4947	0.00010429793082763133
4948	0.00011497242761549664
4949	9.423283235488573e-05
4950	9.420133555034698e-05
4951	8.052198197535502e-05
4952	7.963974465229436e-05
4953	9.11497702871804e-05
4954	6.904013893164836e-05
4955	0.0001424422336457451
4956	0.0001018634028419184
4957	6.904013893164836e-05
4958	0.00010536652025821613
4959	0.00019474408552044183
4960	9.079635171221604e-05
4961	7.645114503385548e-05
4962	7.996477959104716e-05
4963	9.150049670471395e-05
4964	9.03552937169838e-05
4965	9.134937454515887e-05
4966	7.964826291498832e-05
4967	0.0001001195234350814
4968	8.665859552474086e-05
4969	0.00010171804984317104
4970	0.00010221689076453653
4971	9.142513296607703e-05
4972	0.00010691649793618144
4973	0.0002538907795128756
4974	9.232028464581759e-05
4975	7.822693955409848e-05
4976	9.074068293719698e-05
4977	9.6565719314099e-05
4978	0.00011090688492953739
4979	0.00015317740791995693
4980	9.737559088640885e-05
4981	0.00010882455866486053
4982	0.00010301459249853121
4983	0.00010289314646668896
4984	0.00011002851508638221
4985	8.014321613139957e-05
4986	8.325136933011141e-05
4987	6.954319842598893e-05
4988	0.00043291846949735166
4989	8.765553177086778e-05
4990	9.308244448027111e-05
4991	9.569597857634093e-05
4992	0.000135340423139455
4993	9.196393684920249e-05
4994	8.638914241715861e-05
4995	0.00010781779250040796
4996	0.0001974149551246994
4997	8.434071285144645e-05
4998	9.516547062979325e-05
4999	0.00013801053120899982
5000	8.102682312247958e-05
5001	9.044836387190011e-05
5002	0.00011663313669528201
5003	8.976937848801861e-05
5004	8.730202309797556e-05
5005	0.00015775150636765896
5006	0.00023754605632811195
5007	8.846774812499813e-05
5008	8.131434373827813e-05
5009	9.697238936814544e-05
5010	0.00011565764388093928
5011	0.000158842418227768
5012	8.036490540180621e-05
5013	8.794751549122972e-05
5014	0.00017725309515569527
5015	9.317050855788992e-05
5016	0.00023541210269633158
5017	0.00016425069510426815
5018	8.587583748893172e-05
5019	6.960792953386539e-05
5020	0.0001055014086561371
5021	0.00011415239221607747
5022	9.361177901872741e-05
5023	8.298395473319174e-05
5024	0.00010900709954971734
5025	9.582861857959303e-05
5026	8.999396828392787e-05
5027	0.00010257403752610532
5028	7.890882466593268e-05
5029	9.530165572967821e-05
5030	8.815707130229759e-05
5031	7.107096223385753e-05
5032	8.710186265846032e-05
5033	0.0001082593723944758
5034	7.93159358177102e-05
5035	6.904013893164836e-05
5036	0.0001282324898826995
5037	0.00010640542513480721
5038	0.0001535034894310845
5039	6.904013893164836e-05
5040	0.00010685205765924451
5041	7.97916836834684e-05
5042	0.0001636594313699466
5043	0.000170043837199264
5044	8.135950136577515e-05
5045	6.904013893164836e-05
5046	0.00017259452330600238
5047	9.03419999908654e-05
5048	7.410821721003392e-05
5049	6.904013893164836e-05
5050	9.319799575304456e-05
5051	8.867333008550142e-05
5052	9.290762238896503e-05
5053	8.098603280289694e-05
5054	0.00015402176518536535
5055	0.00011691324799021037
5056	8.623166687317849e-05
5057	9.633502521498317e-05
5058	0.0001061599296561702
5059	0.00010128271210983723
5060	8.435221132745931e-05
5061	8.06908506671477e-05
5062	0.00010695844577585692
5063	0.0001195144241584897
5064	9.855432640477195e-05
5065	0.00013697820628942595
5066	9.327621783316553e-05
5067	0.00012225884388086407
5068	0.00010017942418346973
5069	9.228287182839708e-05
5070	0.00018065068337922365
5071	8.457971782237013e-05
5072	6.904013893164836e-05
5073	0.00010121609616937501
5074	9.177976262901909e-05
5075	9.835127987285469e-05
5076	0.00030572538533485486
5077	7.9745931659066e-05
5078	9.80599533516835e-05
5079	8.326062908041868e-05
5080	7.385461027951363e-05
5081	8.704856818583402e-05
5082	8.617256146146169e-05
5083	0.00011398188861710594
5084	8.895261294544662e-05
5085	0.00010950052565179047
5086	0.0001115003645766197
5087	8.325627347497669e-05
5088	0.00010698599983224814
5089	7.957830551448788e-05
5090	8.297095163790758e-05
5091	8.555410059176269e-05
5092	0.0002506099373366478
5093	8.089310625961596e-05
5094	9.352178924748158e-05
5095	0.00012904082570747806
5096	0.00010173571310226009
5097	6.906911313618403e-05
5098	9.756411387799285e-05
5099	6.910411414061659e-05
5100	0.00012881357598474105
5101	6.904013893164836e-05
5102	8.14414373178385e-05
5103	0.00011927892556592466
5104	8.174617584055769e-05
5105	8.166399650294748e-05
5106	8.10366385332384e-05
5107	8.642009063901309e-05
5108	0.00015158986240636625
5109	9.03188332858821e-05
5110	0.00010539420703817372
5111	8.885353616087789e-05
5112	7.941121469786385e-05
5113	6.904013893164836e-05
5114	0.00019764639259410664
5115	0.00010323879232451236
5116	9.213503081489061e-05
5117	6.904013893164836e-05
5118	9.342626271401054e-05
5119	9.702706050505022e-05
5120	8.986585030997313e-05
5121	8.524197430844101e-05
5122	7.941776070523969e-05
5123	9.910189216392687e-05
5124	9.923163634451378e-05
5125	0.0001520554145228746
5126	9.922126008642656e-05
5127	8.720549101917857e-05
5128	0.0005713831922050128
5129	8.479540132907379e-05
5130	6.904013893164836e-05
5131	8.667389157056172e-05
5132	9.694747658235471e-05
5133	9.923360070374372e-05
5134	8.162140980145813e-05
5135	8.680798966686358e-05
5136	0.00010305143247432336
5137	8.773021316202227e-05
5138	8.908144534664785e-05
5139	8.136168483510472e-05
5140	0.00022707046524336752
5141	8.102115563310251e-05
5142	0.00023748923174732165
5143	9.44440278174878e-05
5144	6.927110904168983e-05
5145	6.904013893164836e-05
5146	9.915663015523183e-05
5147	6.904013893164836e-05
5148	6.912930186884582e-05
5149	9.429712995631566e-05
5150	9.868255715237709e-05
5151	8.454875213957082e-05
5152	8.430917952972069e-05
5153	0.00029040349501792867
5154	8.970361333397853e-05
5155	9.101355353742982e-05
5156	6.904013893164836e-05
5157	0.00010545652771883829
5158	9.102827895104691e-05
5159	6.919302065721074e-05
5160	0.00010912017658116284
5161	0.00014012266296327253
5162	7.923683302283216e-05
5163	8.233295223117776e-05
5164	6.904013893164836e-05
5165	9.244942127094075e-05
5166	8.209178884138567e-05
5167	0.00012963630529313577
5168	0.0001051196723638978
5169	8.162557468915955e-05
5170	8.823157748550908e-05
5171	0.000142767443181841
5172	8.841430272590912e-05
5173	9.227310678219428e-05
5174	9.385535153391393e-05
5175	9.338470347054669e-05
5176	0.00010276783095933422
5177	8.358504646705677e-05
5178	8.845028152891549e-05
5179	0.00010438170821079131
5180	0.00012542458203582433
5181	0.00014129285754175636
5182	0.00012345467696258725
5183	9.652995747033267e-05
5184	0.00011932568816393755
5185	8.289731412709951e-05
5186	8.388716515439037e-05
5187	0.00011886338353838412
5188	6.904013893164836e-05
5189	9.619187746803846e-05
5190	8.947499291308926e-05
5191	9.512726564478575e-05
5192	9.291828706966288e-05
5193	6.931337281134037e-05
5194	6.904013893164836e-05
5195	6.929103919539508e-05
5196	8.57875822365858e-05
5197	0.0001934783820588404
5198	9.814013511984784e-05
5199	9.62879626219252e-05
5200	9.611682825791661e-05
5201	8.368571992317954e-05
5202	8.315155171744983e-05
5203	0.00013576639577224362
5204	0.00010397758137335684
5205	8.269607906405058e-05
5206	8.587015543407925e-05
5207	9.179568564175085e-05
5208	0.00013177528730013173
5209	0.0001158898818545714
5210	9.79630404938079e-05
5211	0.00017907838760174751
5212	0.00010257662764485723
5213	8.830994268954246e-05
5214	9.370409886199962e-05
5215	8.168906914013456e-05
5216	8.252895974122816e-05
5217	8.45484877033854e-05
5218	0.00024112753986701375
5219	9.265436406233668e-05
5220	0.00010943684447293327
5221	0.000147659641041746
5222	9.74587202257755e-05
5223	0.00013096596220429414
5224	0.00010639092445539731
5225	9.73658876134502e-05
5226	8.756485407982596e-05
5227	6.904013893164836e-05
5228	9.064096708724824e-05
5229	0.00014403366707030222
5230	9.875438289398374e-05
5231	0.00019906690033369038
5232	6.904013893164836e-05
5233	0.00010284551759919883
5234	0.0001038783468583134
5235	8.276717086427905e-05
5236	0.00012123296054995637
5237	0.00010310681848002377
5238	9.911067593135598e-05
5239	9.586013399068613e-05
5240	8.070797535140035e-05
5241	0.00011187006468950646
5242	7.552068364365858e-05
5243	0.00010612088073879153
5244	0.00010113798538049536
5245	0.00010037334872091568
5246	9.365474837037166e-05
5247	7.831450055443295e-05
5248	0.000350401411378743
5249	9.045447210040015e-05
5250	9.357065592762676e-05
5251	8.559974216548611e-05
5252	0.00013433323161219732
5253	9.270759749773454e-05
5254	8.134319237610769e-05
5255	0.00010043057445179349
5256	8.645609009574449e-05
5257	8.18226685699148e-05
5258	0.00010010377031192597
5259	8.936892326488829e-05
5260	8.329274670304369e-05
5261	6.999972760782622e-05
5262	9.682243792885837e-05
5263	8.670752111450416e-05
5264	9.664496282358366e-05
5265	0.00011951905560044876
5266	8.761001566327433e-05
5267	9.247678193260702e-05
5268	8.578823501018167e-05
5269	8.202770996128806e-05
5270	0.00010273168814302694
5271	8.120614293216378e-05
5272	8.57877703481336e-05
5273	0.00010703926609407518
5274	6.904013893164836e-05
5275	9.055689313060768e-05
5276	8.670957627206284e-05
5277	0.00010575220932745205
5278	8.003214733329133e-05
5279	0.00010580990760625755
5280	8.781608838085064e-05
5281	0.00010836862419607335
5282	0.00011198055248002852
5283	0.00010630660592644501
5284	0.00010242387974148436
5285	8.20942515446613e-05
5286	9.281893860947724e-05
5287	8.821319800889786e-05
5288	0.00011495759264344742
5289	8.505343185350516e-05
5290	9.193900203591942e-05
5291	0.00011188297120100251
5292	9.035922965062524e-05
5293	6.904013893164836e-05
5294	6.906445985554712e-05
5295	6.904013893164836e-05
5296	8.574185251922177e-05
5297	8.175859109453306e-05
5298	9.618082733300728e-05
5299	8.085226684199775e-05
5300	7.760553520211364e-05
5301	0.0001616776100724411
5302	8.214794130421865e-05
5303	9.733091389502874e-05
5304	9.157769888822863e-05
5305	8.584824066547981e-05
5306	9.686854539291966e-05
5307	8.351029125855191e-05
5308	8.505457739754619e-05
5309	0.00010272868091421718
5310	8.322529918392406e-05
5311	9.82104229096952e-05
5312	9.076974357795036e-05
5313	8.480164066948859e-05
5314	8.120614293216378e-05
5315	0.00011049290344049346
5316	7.98044166167897e-05
5317	9.384570001570477e-05
5318	8.410599508713586e-05
5319	0.00013913758920816046
5320	8.509035949504422e-05
5321	8.606681686518079e-05
5322	0.00018253719233904
5323	8.573814041451587e-05
5324	9.235072393317942e-05
5325	7.971848264236051e-05
5326	8.038380594014815e-05
5327	9.851223706423068e-05
5328	7.795324055548717e-05
5329	8.037962590350491e-05
5330	6.904013893164836e-05
5331	0.0001332539490519972
5332	9.364504228706892e-05
5333	9.283329456652572e-05
5334	0.00013847528116814063
5335	6.904013893164836e-05
5336	7.004364598841067e-05
5337	8.24131228571419e-05
5338	0.0001172507317639953
5339	8.700565913575602e-05
5340	0.00012006362144461794
5341	8.554496679962454e-05
5342	9.505700881646921e-05
5343	0.00011234980794870748
5344	8.43910447008675e-05
5345	8.038816259331024e-05
5346	9.910864602904698e-05
5347	0.0001140626241701296
5348	0.00017897209378847596
5349	9.070309274224341e-05
5350	0.0001270225572917046
5351	9.205458857380124e-05
5352	8.60504893430059e-05
5353	0.00010490822186239143
5354	8.632453750960866e-05
5355	8.116086469981e-05
5356	8.93094747120514e-05
5357	6.935079527966685e-05
5358	7.610522720874869e-05
5359	9.466922558340013e-05
5360	8.053234881577354e-05
5361	0.00013327196292180557
5362	9.558105848214837e-05
5363	9.480786038397217e-05
5364	9.172740545274123e-05
5365	8.914566561046798e-05
5366	7.084011813998525e-05
5367	0.00013382958946597974
5368	8.521599602936837e-05
5369	8.658478881763614e-05
5370	9.550725995344354e-05
5371	0.0001382163134636944
5372	6.908687415563101e-05
5373	9.322294814828333e-05
5374	0.00013013031728868974
5375	0.00040154126442959584
5376	9.880638420157746e-05
5377	8.54249944325217e-05
5378	9.502034882959595e-05
5379	0.00010813215655766695
5380	8.294136897782746e-05
5381	9.069145334232313e-05
5382	8.747708365857515e-05
5383	7.006247736680973e-05
5384	6.911694004736266e-05
5385	0.00019285316381628467
5386	0.00011689788360929454
5387	9.456302051788957e-05
5388	8.455729516973357e-05
5389	0.00010101342630269158
5390	8.759295134481567e-05
5391	9.595494027854967e-05
5392	8.320768835335856e-05
5393	8.343509214242672e-05
5394	8.32935003784113e-05
5395	0.00022460627981351413
5396	6.904013893164836e-05
5397	0.00010863887128376756
5398	8.514773298847474e-05
5399	8.702096884273961e-05
5400	8.601373313234295e-05
5401	0.00010024663980007781
5402	9.144494842699012e-05
5403	0.0001334881640184487
5404	6.91010511027217e-05
5405	0.00011763878476662507
5406	8.071662356837824e-05
5407	8.100795993724099e-05
5408	8.396961097502666e-05
5409	9.548535325774686e-05
5410	8.185552775525373e-05
5411	9.148559609801474e-05
5412	6.904013893164836e-05
5413	0.0001255395319423238
5414	6.982751819421205e-05
5415	6.904013893164836e-05
5416	8.16270467939276e-05
5417	8.381258585275843e-05
5418	9.989364957815685e-05
5419	7.123530111733288e-05
5420	0.00010260097908192334
5421	8.452431393503418e-05
5422	8.971226705624452e-05
5423	0.0001186697726074529
5424	8.469631215576953e-05
5425	9.237173147653683e-05
5426	0.00012054339899840962
5427	0.00011503480291168296
5428	8.272484428182337e-05
5429	6.904013893164836e-05
5430	0.00013049819279076395
5431	9.200720290824754e-05
5432	0.00010067684254778104
5433	0.00010592012304367735
5434	9.268401510467421e-05
5435	9.413517930201054e-05
5436	6.904013893164836e-05
5437	8.967510562929165e-05
5438	8.657452002653617e-05
5439	0.00010271664918892832
5440	8.431126078933028e-05
5441	9.750910491947687e-05
5442	7.116139434897606e-05
5443	8.357542133523646e-05
5444	8.503462959925194e-05
5445	8.065031024246627e-05
5446	6.904013893164836e-05
5447	0.0001234178075774282
5448	0.0001248171563898742
5449	8.439400289730821e-05
5450	7.381452641716891e-05
5451	9.069928831068585e-05
5452	0.00010948911791011821
5453	9.141148011046225e-05
5454	0.0001038735001013228
5455	9.358627766935866e-05
5456	9.530018801585688e-05
5457	0.00010020742645046902
5458	0.00011130299120005508
5459	0.00013939972936079313
5460	8.626781005918194e-05
5461	8.770062311166931e-05
5462	9.195610714611267e-05
5463	0.00010170945443583359
5464	8.393841695365501e-05
5465	8.206040770032813e-05
5466	8.234782090197753e-05
5467	0.00016374982411245244
5468	9.25843649320167e-05
5469	6.904013893164836e-05
5470	0.00010552585964352458
5471	9.188702442283249e-05
5472	8.482047725841179e-05
5473	0.00012728376891419851
5474	0.00010396629302789599
5475	0.00010031909086053481
5476	7.685914529084148e-05
5477	9.986493275950157e-05
5478	0.000100713791642902
5479	0.00011934026028992444
5480	8.070801568391132e-05
5481	6.904013893164836e-05
5482	0.00011352538123473346
5483	0.00010666849564410971
5484	0.00013530386116828504
5485	9.636443285521215e-05
5486	8.162609168487009e-05
5487	9.71202894789754e-05
5488	8.935480520784555e-05
5489	8.275878369099686e-05
5490	0.00012838852345448614
5491	0.00010965553765043105
5492	9.192579358458647e-05
5493	0.00010505690272317821
5494	0.00011541894959861656
5495	8.063240019355891e-05
5496	8.776999143652223e-05
5497	8.997034586390534e-05
5498	8.102041635551202e-05
5499	6.904013893164836e-05
5500	9.779801539131939e-05
5501	7.870147957709901e-05
5502	0.00010030927705615843
5503	6.904013893164836e-05
5504	0.00014229450380635146
5505	0.0001082813694836806
5506	0.00011393488214075286
5507	0.0001241916779550212
5508	9.963026662438505e-05
5509	0.0003024480011031836
5510	9.641398030491025e-05
5511	0.0001329435372239247
5512	7.679425002371074e-05
5513	9.06597392683719e-05
5514	9.06060526917052e-05
5515	6.904013893164836e-05
5516	7.963810262859185e-05
5517	8.804169143901945e-05
5518	8.611013582042498e-05
5519	0.00021087193165112775
5520	0.00012680538663228865
5521	0.00015163953161347586
5522	9.054844173313725e-05
5523	9.362107532513211e-05
5524	0.00025017813472172807
5525	0.00010996349058382373
5526	0.00010211427825817139
5527	8.062609837352167e-05
5528	0.0001247026148857918
5529	0.00013964486494005607
5530	7.796615225238582e-05
5531	9.154262312034601e-05
5532	9.927885651936016e-05
5533	9.009200450719256e-05
5534	0.0001263310752263881
5535	0.00012051606941854576
5536	0.00015191806278180674
5537	7.413256865648606e-05
5538	8.38179091873431e-05
5539	0.00011032442125172878
5540	9.570573337309387e-05
5541	8.036264004510595e-05
5542	0.00019301015440460127
5543	6.90947960102947e-05
5544	8.256849004665404e-05
5545	8.977758070745969e-05
5546	9.648746751768169e-05
5547	8.367869846342434e-05
5548	0.00010650821011497422
5549	0.00027587014701221284
5550	8.035792980978265e-05
5551	8.269150914191529e-05
5552	9.76768851123534e-05
5553	9.30848786123795e-05
5554	0.00011675536343677356
5555	0.00010732745721820969
5556	0.00017663317344517165
5557	0.00014150196963808335
5558	0.00012132202869909504
5559	8.064195413760797e-05
5560	0.00016999483796985678
5561	6.904013893164836e-05
5562	8.290824012673193e-05
5563	9.184521253919353e-05
5564	8.345302062102679e-05
5565	6.904013893164836e-05
5566	9.028819789900632e-05
5567	6.904013893164836e-05
5568	8.248141083898928e-05
5569	7.440052824552036e-05
5570	0.0001514514053041822
5571	0.0001248886653422452
5572	8.013937668134372e-05
5573	0.00015554367319413353
5574	6.904013893164836e-05
5575	0.00025655391638234183
5576	9.834297739471889e-05
5577	6.904013893164836e-05
5578	0.00013393607520922763
5579	9.396002240440356e-05
5580	9.537870930146966e-05
5581	8.290189776831997e-05
5582	6.904013893164836e-05
5583	0.00018436010948090647
5584	9.466174025432863e-05
5585	8.80572856441216e-05
5586	9.566323100087618e-05
5587	0.0001334532199101731
5588	8.035221165503847e-05
5589	0.00018575037863069783
5590	0.00011474138038890719
5591	8.425091399912725e-05
5592	9.371682331525971e-05
5593	0.0003395947561901641
5594	8.542071305527706e-05
5595	0.00014596967877161552
5596	0.00014139563231209615
5597	8.112305009053735e-05
5598	8.333713094133394e-05
5599	9.675513047060111e-05
5600	0.00011817766445131952
5601	8.783745348240598e-05
5602	8.895715436912876e-05
5603	9.074246737188004e-05
5604	8.728946728664467e-05
5605	8.474662810954775e-05
5606	0.00010075487099177856
5607	9.3346170753178e-05
5608	9.92960970801467e-05
5609	9.731287255308296e-05
5610	6.90868609684945e-05
5611	9.770686244079603e-05
5612	8.65399262932533e-05
5613	8.35640600709499e-05
5614	0.00012203692373652256
5615	6.904013893164836e-05
5616	7.100297371530149e-05
5617	8.014321613139957e-05
5618	9.582871336840207e-05
5619	9.39866455504905e-05
5620	7.887881329203304e-05
5621	0.00011263569775102076
5622	8.381822673189177e-05
5623	8.880523318112156e-05
5624	0.00011071423406634981
5625	0.00010270848321824495
5626	0.00013215604632665575
5627	0.00010879373529232276
5628	0.00013844890193586134
5629	8.375345111174304e-05
5630	9.135690435432843e-05
5631	0.00010357110780899643
5632	0.0001177659635782999
5633	9.934140922377651e-05
5634	0.00011871299569158011
5635	9.105099052851724e-05
5636	6.904013893164836e-05
5637	0.00011902148351815033
5638	8.491802884282348e-05
5639	8.188237686684478e-05
5640	0.00013122602260275197
5641	0.00014323377270210002
5642	8.6147938696604e-05
5643	8.564173037127624e-05
5644	0.00010146653111300281
5645	0.00010645465669959022
5646	6.916980194605186e-05
5647	8.866523737736598e-05
5648	0.00010706243774292166
5649	8.462127472871222e-05
5650	9.513854030923378e-05
5651	0.00012896178366241868
5652	8.069661652825725e-05
5653	8.116397397643635e-05
5654	0.00012188347047992367
5655	0.00010382489645128129
5656	0.00010507067516918149
5657	9.742527188368836e-05
5658	0.00010668727751323023
5659	8.495535682810876e-05
5660	8.645188291148202e-05
5661	0.00012757440627944128
5662	0.00015885526647274752
5663	8.349082747943702e-05
5664	0.0001221858671366359
5665	8.115844237683682e-05
5666	8.549163556753267e-05
5667	8.408272553236806e-05
5668	0.00021553961510563938
5669	0.00013673568261377326
5670	0.00013652713327749654
5671	0.00011945832035098221
5672	6.904013893164836e-05
5673	9.041939865376663e-05
5674	9.017826045063726e-05
5675	8.481508205901978e-05
5676	8.13085986532348e-05
5677	9.476728116534491e-05
5678	8.583898422623908e-05
5679	7.95347622355715e-05
5680	0.00010540896990872256
5681	8.451472535255196e-05
5682	0.0001541881465878238
5683	9.299691326090999e-05
5684	6.904013893164836e-05
5685	0.00010293416055603983
5686	0.00010533077578901916
5687	0.00011002306269999957
5688	0.00012588522846221112
5689	0.00011200471584636251
5690	0.00014348628122048057
5691	8.460065496663363e-05
5692	8.849099099619758e-05
5693	7.640428751063826e-05
5694	8.433243146025108e-05
5695	9.233670840365154e-05
5696	8.700729469839553e-05
5697	9.357451562167992e-05
5698	0.00013823395716704718
5699	0.00013009079465577916
5700	9.788958409055945e-05
5701	0.0001669427132044959
5702	0.00010013588457584357
5703	0.0001068238648818628
5704	8.890750825100402e-05
5705	0.00013325331859342576
5706	9.120694532473657e-05
5707	9.010250836162508e-05
5708	0.00018720992774710828
5709	7.359764270738321e-05
5710	0.0001303376313018274
5711	0.00010052542996759873
5712	0.00010243474729206399
5713	0.00013688263927405333
5714	7.83290988880089e-05
5715	6.904013893164836e-05
5716	9.077833910908863e-05
5717	6.904013893164836e-05
5718	0.00015409402286606114
5719	8.097412141195058e-05
5720	0.0001228929398856861
5721	0.00011767524987256973
5722	8.056793145284568e-05
5723	6.904013893164836e-05
5724	8.209570336358032e-05
5725	0.00010164888094631279
5726	9.628357007198604e-05
5727	6.904013893164836e-05
5728	8.106599035015988e-05
5729	0.00010742063191804054
5730	8.830824494067183e-05
5731	9.089069423006768e-05
5732	8.07216318208625e-05
5733	0.00010996562349128387
5734	6.914757375994546e-05
5735	9.900523446282604e-05
5736	9.715941726617808e-05
5737	9.691290290654934e-05
5738	0.0001603012592621485
5739	0.00031892254288332084
5740	9.822988848907918e-05
5741	8.174865188706349e-05
5742	0.00010299448379326396
5743	8.489732389396643e-05
5744	0.00010276716599016031
5745	8.064075301320526e-05
5746	9.60320570209171e-05
5747	6.904013893164836e-05
5748	8.211954780838968e-05
5749	0.00010150801221801129
5750	6.904013893164836e-05
5751	0.00015904679635722393
5752	9.25352577685569e-05
5753	9.5432523548763e-05
5754	8.566642716236981e-05
5755	9.901784487522176e-05
5756	0.00011066393539262319
5757	8.19765033037071e-05
5758	9.647775192302453e-05
5759	6.904013893164836e-05
5760	9.986420841061081e-05
5761	0.00011068867381301196
5762	0.00012984161600404422
5763	6.904013893164836e-05
5764	0.00011277697973896599
5765	8.10811028716327e-05
5766	9.132278641133754e-05
5767	0.00013602417146980886
5768	8.437731162927464e-05
5769	0.00013491381779365475
5770	8.122923837641295e-05
5771	8.060037443253034e-05
5772	0.00012749202914524169
5773	8.039544007862204e-05
5774	9.001705357693959e-05
5775	0.00012517992235681826
5776	6.904013893164836e-05
5777	7.981221725250661e-05
5778	9.785384860267718e-05
5779	0.0001164122322270154
5780	8.96159555966021e-05
5781	8.168040573923369e-05
5782	9.07152076301984e-05
5783	9.044634355924755e-05
5784	8.648574177679604e-05
5785	8.324167562117875e-05
5786	0.00010845133882376461
5787	0.00010941338610802772
5788	8.610842229744182e-05
5789	0.000106739348961488
5790	0.00014431139627961212
5791	9.279116904790427e-05
5792	7.844700746177904e-05
5793	9.996474218538432e-05
5794	0.00010778402088305155
5795	9.931217208084185e-05
5796	6.904013893164836e-05
5797	8.782083870403242e-05
5798	7.877896971786763e-05
5799	0.00010576097247461569
5800	9.657373692908531e-05
5801	0.0001156375658047303
5802	8.469508401250033e-05
5803	6.904013893164836e-05
5804	0.00010423712535824603
5805	8.305550367745223e-05
5806	0.00014045922695822788
5807	0.00011908748240348582
5808	9.072184313025611e-05
5809	9.178776202807983e-05
5810	0.00010860831408550026
5811	0.00010163890837115034
5812	0.00017678229092235275
5813	0.0002727369290377145
5814	8.812429874569482e-05
5815	8.089361601454664e-05
5816	0.00015921721465444333
5817	8.424892762806132e-05
5818	9.915446650616325e-05
5819	7.971679045717025e-05
5820	8.196473845270924e-05
5821	9.973330168117745e-05
5822	0.000133058759350622
5823	8.368141641480374e-05
5824	0.00011629533204847492
5825	0.00011068243351672406
5826	8.85768490196004e-05
5827	8.593121431538765e-05
5828	8.297776446622298e-05
5829	9.06635688728327e-05
5830	8.0607408035404e-05
5831	6.904013893164836e-05
5832	9.504852314686395e-05
5833	9.219369831031806e-05
5834	7.999923095278767e-05
5835	8.507301684692756e-05
5836	9.184020935411189e-05
5837	9.25518460569653e-05
5838	8.760596061785245e-05
5839	8.765951923608027e-05
5840	0.0001171730224895552
5841	0.00010368578287309755
5842	8.841432487884896e-05
5843	6.904013893164836e-05
5844	9.473669704722236e-05
5845	8.878615784238367e-05
5846	9.141142911001321e-05
5847	8.578776579193118e-05
5848	6.904013893164836e-05
5849	0.00010026986299082725
5850	0.00012449440614793552
5851	6.904013893164836e-05
5852	8.565119774688278e-05
5853	6.904013893164836e-05
5854	8.985804631930604e-05
5855	0.00010028960088483553
5856	0.00010338081005281297
5857	0.00012802712083965606
5858	8.798535869297776e-05
5859	7.83636263254979e-05
5860	8.206922121294721e-05
5861	0.0001040501194027209
5862	0.00010233861683517812
5863	0.00010847189353059898
5864	9.43155631015592e-05
5865	6.904013893164836e-05
5866	0.00011697928879035542
5867	8.566831492153428e-05
5868	9.008443186258019e-05
5869	8.513157039818773e-05
5870	8.171611343510113e-05
5871	9.890136552491788e-05
5872	9.007496826146935e-05
5873	9.161555532180606e-05
5874	0.0001253978529255932
5875	8.16270467939276e-05
5876	0.000170902535603335
5877	8.550317553112441e-05
5878	6.904013893164836e-05
5879	8.640802848629278e-05
5880	0.0001261258884487665
5881	9.123017477365688e-05
5882	0.00011079315060435706
5883	0.0001443485738312038
5884	8.610761351357932e-05
5885	9.341477618573562e-05
5886	8.635304553934995e-05
5887	0.00010418666536803276
5888	0.00011502411361671662
5889	0.00011103366240364445
5890	9.348950816729978e-05
5891	8.304506703639778e-05
5892	0.00013126239671104337
5893	0.00047985975469150754
5894	8.738294103312723e-05
5895	0.00013465444374182297
5896	8.529377702129245e-05
5897	9.948326062466083e-05
5898	0.00015040608018429376
5899	9.539919009602293e-05
5900	0.0001002235190163834
5901	8.178234950115654e-05
5902	9.488577937953936e-05
5903	9.577275354826992e-05
5904	9.284513931555427e-05
5905	8.828060419989865e-05
5906	8.887854859639734e-05
5907	0.00019797538739452689
5908	8.269718025105375e-05
5909	0.00012228299472635357
5910	9.617093632720152e-05
5911	6.909900625249292e-05
5912	0.00011059951971039621
5913	9.136338923262642e-05
5914	0.00010456838886855357
5915	0.00010354737295953972
5916	8.18876352163068e-05
5917	9.347148013024315e-05
5918	0.0001780462507501805
5919	9.75771588110974e-05
5920	0.00020126203291320164
5921	0.00010295659508998508
5922	6.904013893164836e-05
5923	9.815168277688432e-05
5924	0.00010877926749884454
5925	0.00010328256352126908
5926	0.00010062383094066913
5927	0.00019698144891228445
5928	8.062236840428428e-05
5929	8.73821724080673e-05
5930	8.083924702342125e-05
5931	9.261593437866981e-05
5932	7.253830073426396e-05
5933	0.0001511423338311819
5934	8.47677907264388e-05
5935	7.855841933578418e-05
5936	9.841306670788838e-05
5937	9.297199943915035e-05
5938	8.973654833001991e-05
5939	8.825018150181049e-05
5940	7.51772453481144e-05
5941	8.073760242630747e-05
5942	0.0001038496450617804
5943	8.377341629177813e-05
5944	9.507008995159357e-05
5945	0.00010497315616730187
5946	8.35045107656623e-05
5947	8.227600880235074e-05
5948	0.00012946093557388358
5949	0.00013508887978106344
5950	8.346833717127954e-05
5951	9.911657281523579e-05
5952	9.123492081368024e-05
5953	0.00011395399659703664
5954	9.652302269395243e-05
5955	8.774535021222719e-05
5956	9.140663308583087e-05
5957	8.035291544667472e-05
5958	8.115355952496512e-05
5959	8.669860892319587e-05
5960	8.465653613319502e-05
5961	0.00012418199565000256
5962	0.00014741329791728654
5963	0.0002000616743060752
5964	6.904013893164836e-05
5965	6.904013893164836e-05
5966	0.00014082516516356666
5967	9.221474807048028e-05
5968	9.160051201777119e-05
5969	8.153663470154852e-05
5970	9.093316283329189e-05
5971	8.499024812676982e-05
5972	9.689319785469698e-05
5973	9.690900209868085e-05
5974	0.00014022050447111038
5975	0.0001392999794782118
5976	8.540331494999166e-05
5977	8.76006292409287e-05
5978	9.911178842548808e-05
5979	0.00012308259245033326
5980	0.00015707122027626657
5981	6.904013893164836e-05
5982	8.779959071580052e-05
5983	0.00010069263179582043
5984	0.00015198071310083255
5985	7.661887568123464e-05
5986	0.00013143547758188317
5987	8.517345904416857e-05
5988	0.000126202624555417
5989	6.904675884625656e-05
5990	9.211919772579429e-05
5991	8.345469580913088e-05
5992	0.00018480490297838166
5993	8.037901749457405e-05
5994	6.904013893164836e-05
5995	6.910051160665339e-05
5996	9.440662263415415e-05
5997	0.00012057540307046064
5998	8.919996475310128e-05
5999	8.890685981138864e-05
6000	0.0001015943349976436
6001	0.00021889202571195044
6002	6.904013893164836e-05
6003	8.964936828157437e-05
6004	6.904013893164836e-05
6005	9.879077151104205e-05
6006	7.947314376183679e-05
6007	8.165784212032084e-05
6008	8.280389049432943e-05
6009	0.00011298679577835644
6010	8.960476949956347e-05
6011	9.553598538655688e-05
6012	0.00023385475458196885
6013	6.904013893164836e-05
6014	0.0001050428485439346
6015	8.530107438560014e-05
6016	0.0001729808426652824
6017	9.425110429057203e-05
6018	0.00011530102360736549
6019	0.00010063217474609256
6020	0.00010860115809272069
6021	8.520289993615599e-05
6022	9.62048538188649e-05
6023	0.00010393249366607007
6024	8.43186041453893e-05
6025	0.00010070956012730759
6026	8.711444598389262e-05
6027	9.513680219174863e-05
6028	9.359553021840518e-05
6029	0.00010991469444907141
6030	6.906371967053485e-05
6031	8.440851155834704e-05
6032	0.00012986976516072405
6033	9.793211570479703e-05
6034	8.275488844678119e-05
6035	0.000103449656117024
6036	8.179421824172918e-05
6037	0.0001315166274109574
6038	8.091925323843123e-05
6039	0.00019752288197082685
6040	9.96267886445936e-05
6041	9.387839951684029e-05
6042	8.228565486226254e-05
6043	0.0001087405410661662
6044	6.904013893164836e-05
6045	0.00014122248643852058
6046	0.0002477777121131161
6047	0.00011059050838805492
6048	0.00012211804880614432
6049	8.225488432653504e-05
6050	6.904013893164836e-05
6051	0.00013496196030270396
6052	8.507970944475765e-05
6053	8.191921892172198e-05
6054	6.904013893164836e-05
6055	9.481863226500195e-05
6056	7.546359561579677e-05
6057	9.703260239557922e-05
6058	0.00010416935180550496
6059	6.904013893164836e-05
6060	0.00010429379253009367
6061	6.904013893164836e-05
6062	8.206832749857077e-05
6063	0.00010246562866239886
6064	0.00016186655577856687
6065	0.00010595211192450328
6066	8.541899516654162e-05
6067	0.00010586660620678608
6068	8.22418859233852e-05
6069	6.904013893164836e-05
6070	0.0001464616253646313
6071	9.171754343716238e-05
6072	0.00012216335111762982
6073	0.00011533981253020206
6074	9.23087500523874e-05
6075	8.356939806792563e-05
6076	0.00010409761041540886
6077	9.284163135434246e-05
6078	6.904013893164836e-05
6079	0.00011018206050680338
6080	9.496277620350149e-05
6081	6.904013893164836e-05
6082	0.00010860597838465612
6083	0.00010545138386841805
6084	8.780895433650266e-05
6085	8.60536838589558e-05
6086	8.701513043379918e-05
6087	9.414764320913034e-05
6088	8.934041000907436e-05
6089	8.082394633147145e-05
6090	0.00013288962702435499
6091	0.00017752414567395652
6092	0.00010539805392888563
6093	8.132521241990747e-05
6094	8.689520434823088e-05
6095	8.432720852711076e-05
6096	6.904013893164836e-05
6097	0.0001502503134030237
6098	9.537814705901119e-05
6099	6.904013893164836e-05
6100	0.000109377153189077
6101	8.906913240436243e-05
6102	9.040898559227895e-05
6103	9.109334699156075e-05
6104	0.0001450837424305265
6105	8.059869024903663e-05
6106	9.70157632556195e-05
6107	9.439928520998074e-05
6108	6.909928178589999e-05
6109	0.00011974662749133621
6110	0.00011349369513579195
6111	0.00010934557005231056
6112	6.904013893164836e-05
6113	0.00011444645476109718
6114	0.00010175486187011853
6115	0.00011723419980361766
6116	0.0001738590778061468
6117	9.061501220547402e-05
6118	9.657354030629166e-05
6119	8.833677916846188e-05
6120	9.125535972210881e-05
6121	8.880827084251997e-05
6122	8.861868192259331e-05
6123	9.14965831209856e-05
6124	0.00017387106506944045
6125	6.904013893164836e-05
6126	0.00012195026921796377
6127	0.00011492456664717729
6128	8.103664048616274e-05
6129	8.876790567784122e-05
6130	8.88493302120349e-05
6131	8.914050493028193e-05
6132	6.940179726781424e-05
6133	6.904013893164836e-05
6134	9.76007449922606e-05
6135	0.0002545248614923553
6136	0.00011079391720204083
6137	9.587017603427962e-05
6138	8.131563123387606e-05
6139	9.087564752733229e-05
6140	8.338295036765483e-05
6141	0.00015700991406428558
6142	0.00010849655598001103
6143	0.00011091203716691736
6144	7.785897621453026e-05
6145	7.35623881300345e-05
6146	8.88292349179743e-05
6147	7.981268264297299e-05
6148	0.00017704392670783977
6149	9.421121020231383e-05
6150	8.095627676993266e-05
6151	8.427354126939467e-05
6152	9.410509059608868e-05
6153	0.0001005007215708085
6154	9.708982689911929e-05
6155	6.904013893164836e-05
6156	0.0001343756564739485
6157	9.207640071168943e-05
6158	6.904013893164836e-05
6159	0.00013113719645336226
6160	0.00011379899755709378
6161	7.90245021633541e-05
6162	0.00010684193979893586
6163	8.031335014260313e-05
6164	0.00010845498053662194
6165	0.00010918995977347736
6166	9.49175153613046e-05
6167	8.13259162115437e-05
6168	6.904013893164836e-05
6169	0.00014039041396046942
6170	8.950274776815273e-05
6171	8.685936789578347e-05
6172	9.285271329029801e-05
6173	7.916350593549153e-05
6174	6.904013893164836e-05
6175	9.206234651569525e-05
6176	6.904013893164836e-05
6177	0.00010467143135260018
6178	8.054975555999153e-05
6179	8.376776844069964e-05
6180	8.466413041422132e-05
6181	8.066227165610193e-05
6182	0.00023360625934987645
6183	0.000256146225908097
6184	7.875581686835727e-05
6185	8.555724510744153e-05
6186	0.00013921709148237305
6187	8.041721631013159e-05
6188	8.977170298630176e-05
6189	8.852131339680201e-05
6190	8.173160766372458e-05
6191	8.063222626887765e-05
6192	8.870626822238117e-05
6193	0.0002118794748648493
6194	0.00015508106501771707
6195	7.922198988621712e-05
6196	8.28180915769926e-05
6197	9.61794304163797e-05
6198	8.359812116468917e-05
6199	0.00022627406029126931
6200	8.75284096183741e-05
6201	9.688754140915688e-05
6202	0.00013425378063359266
6203	9.708278961854429e-05
6204	0.0001774260953734351
6205	9.899330659619841e-05
6206	6.904013893164836e-05
6207	0.00011799231756794932
6208	8.041522250991366e-05
6209	8.845490170956128e-05
6210	8.593549852753582e-05
6211	8.086425878130798e-05
6212	8.048969015980141e-05
6213	9.191652258864276e-05
6214	0.00011743564013784092
6215	8.997296360822976e-05
6216	9.2639178999425e-05
6217	8.834774346706504e-05
6218	8.187811403556355e-05
6219	9.463039543759933e-05
6220	0.000155283152479253
6221	0.00012144871358696542
6222	6.904013893164836e-05
6223	0.0001066421869206699
6224	7.82439642941717e-05
6225	8.064755114261892e-05
6226	9.197167045205793e-05
6227	0.0004015841730567716
6228	0.00016755105916334604
6229	9.303957110038614e-05
6230	8.905888522382961e-05
6231	0.00011991528360473714
6232	0.0001125546317770014
6233	8.047236692832584e-05
6234	9.540164194238979e-05
6235	0.00010171617328271306
6236	0.00011571601234679483
6237	0.00020759718447904612
6238	9.153312255746563e-05
6239	0.00015332479559891835
6240	9.555418150625168e-05
6241	8.093354079554629e-05
6242	8.693335591979624e-05
6243	0.00011046309577202745
6244	8.788250595679993e-05
6245	7.591122897300862e-05
6246	9.445174123378668e-05
6247	8.252999126316034e-05
6248	9.766973348671779e-05
6249	0.00012703554552701685
6250	8.060037443253034e-05
6251	8.332978524978967e-05
6252	8.303736119584865e-05
6253	9.301922031116997e-05
6254	0.00020673929841302059
6255	9.032504607314367e-05
6256	0.0001210133439068684
6257	9.510052090816088e-05
6258	0.00020087260129660674
6259	0.00010181842313459195
6260	6.904013893164836e-05
6261	0.00014376435029943624
6262	0.00010652530121382314
6263	0.000146274073726948
6264	9.264686552835455e-05
6265	6.985749791105507e-05
6266	0.0001246079211264155
6267	8.739665503533752e-05
6268	8.63766374285574e-05
6269	8.621013959659e-05
6270	9.041105570753033e-05
6271	9.619508043043831e-05
6272	0.00011247854063439931
6273	8.192179060094367e-05
6274	8.093354079554629e-05
6275	6.904013893164836e-05
6276	8.066620489364235e-05
6277	0.00012928493777645351
6278	8.767003002798713e-05
6279	0.00010066645561465875
6280	9.366906913178203e-05
6281	0.00013396474025887837
6282	8.951720477475895e-05
6283	7.933835207135967e-05
6284	8.294236212531795e-05
6285	8.701087659748905e-05
6286	8.404759734265761e-05
6287	0.00010525327029288371
6288	9.232191710270466e-05
6289	8.182614313392333e-05
6290	8.72864058843337e-05
6291	0.0001691136326766474
6292	9.177268371407411e-05
6293	6.904013893164836e-05
6294	6.904013893164836e-05
6295	6.904526140550987e-05
6296	0.0001014911329533216
6297	0.00022769920421785158
6298	0.000135240450003705
6299	8.383664147748016e-05
6300	8.19761937194266e-05
6301	0.00010177918913132443
6302	0.00020987961408453921
6303	9.14311225616804e-05
6304	0.00012993967319710438
6305	0.00013211062339914915
6306	6.904013893164836e-05
6307	8.26379910376216e-05
6308	8.667072371855328e-05
6309	8.329313553762324e-05
6310	9.004791325538871e-05
6311	7.023128801597695e-05
6312	6.904013893164836e-05
6313	9.706265328728916e-05
6314	0.000163960560153767
6315	9.778746719914183e-05
6316	6.904013893164836e-05
6317	9.573193544558492e-05
6318	7.178861793023056e-05
6319	9.687159904394338e-05
6320	9.553115808233675e-05
6321	0.00015685723056855117
6322	9.065835396361601e-05
6323	9.998743473478885e-05
6324	6.990544352657434e-05
6325	8.606008338659727e-05
6326	8.035945487443356e-05
6327	0.00010580424967773186
6328	8.070862409284218e-05
6329	0.0001353818799551276
6330	8.88065284977994e-05
6331	8.133093809040372e-05
6332	9.114932094387978e-05
6333	8.804215806739501e-05
6334	9.894810128450707e-05
6335	8.17777244867303e-05
6336	0.00012452690708374773
6337	8.056784445491541e-05
6338	8.037997260363157e-05
6339	0.00013157018240207135
6340	9.773546884698792e-05
6341	8.395820657371018e-05
6342	0.00010093960049204243
6343	8.19896780285351e-05
6344	9.582704682873982e-05
6345	6.904662943742437e-05
6346	0.00011753068742414234
6347	8.59261865182119e-05
6348	0.00013457771909005425
6349	0.00010158394454909582
6350	8.632560422084459e-05
6351	0.00011419761854345898
6352	8.768774621003234e-05
6353	9.501466644060787e-05
6354	0.00010132370821218573
6355	9.257666475732429e-05
6356	6.904013893164836e-05
6357	0.0001361883217420354
6358	8.637400721250214e-05
6359	8.854089939498855e-05
6360	0.00011629540536798523
6361	9.200934712654248e-05
6362	8.992433748751146e-05
6363	0.00011813161873481886
6364	6.904013893164836e-05
6365	6.943230452586683e-05
6366	0.00010806954921505455
6367	8.65514832374828e-05
6368	9.21647008305036e-05
6369	6.904013893164836e-05
6370	6.904013893164836e-05
6371	7.302392311502686e-05
6372	0.0001733913270879267
6373	0.00010189231901268781
6374	8.421071547053852e-05
6375	0.00011303084729892532
6376	8.826664946265501e-05
6377	8.035291544667472e-05
6378	0.00016476409172675477
6379	9.622268167276708e-05
6380	9.325604672956339e-05
6381	7.990370135299098e-05
6382	8.255724667297946e-05
6383	9.759047732098602e-05
6384	8.961361477285675e-05
6385	9.299413935640619e-05
6386	8.832476146971094e-05
6387	8.82691447060374e-05
6388	0.00011028333746451079
6389	9.780716673021525e-05
6390	0.00010018463030540413
6391	0.00011939373772101673
6392	9.776170019171829e-05
6393	0.00012091584091530541
6394	9.5439064423778e-05
6395	0.00010597741150268771
6396	9.188544876258741e-05
6397	8.062891029047353e-05
6398	0.00012847525470146477
6399	0.0001819646823846429
6400	7.767107733381219e-05
6401	7.055746906694698e-05
6402	9.67450779319809e-05
6403	0.00010115469119899565
6404	8.10456051767382e-05
6405	0.00012548566817829126
6406	8.791723969557573e-05
6407	9.69271352777363e-05
6408	6.924900706599556e-05
6409	0.00010355849139153258
6410	9.195203824937534e-05
6411	7.976112268921284e-05
6412	0.00019179219225014387
6413	0.00011689776731053006
6414	8.758435766869103e-05
6415	9.329713795335208e-05
6416	0.00014905576369494004
6417	7.600853608212031e-05
6418	8.994204515103328e-05
6419	8.800133802232179e-05
6420	8.888671645086894e-05
6421	0.00017670889188686853
6422	0.00018027028840911043
6423	0.00010152397319343034
6424	9.964483132662239e-05
6425	8.725951150833893e-05
6426	7.823213634917944e-05
6427	0.00010485383418096136
6428	8.071472119046057e-05
6429	9.92606042284251e-05
6430	0.0001148204812397639
6431	8.438002179512812e-05
6432	6.961773494679839e-05
6433	9.897343232324374e-05
6434	7.991468024170676e-05
6435	0.00010172943387593819
6436	0.0001084351978026744
6437	6.904013893164836e-05
6438	6.904013893164836e-05
6439	9.198093467764604e-05
6440	0.00010235369621948975
6441	0.00015358032168436128
6442	6.904013893164836e-05
6443	6.953791648036756e-05
6444	0.00010941284473584782
6445	9.616074828653858e-05
6446	9.348444437925246e-05
6447	0.00015339669102158214
6448	6.904013893164836e-05
6449	8.102710185456971e-05
6450	8.606757478691116e-05
6451	9.434085220050256e-05
6452	8.230225800814841e-05
6453	0.00012377269072591648
6454	6.99200388942592e-05
6455	0.00010932995515859802
6456	0.00010578080551264374
6457	8.035291544667472e-05
6458	8.562965298501239e-05
6459	8.917630514396073e-05
6460	8.47476007458813e-05
6461	9.420147157007356e-05
6462	8.893003417644494e-05
6463	0.0001229914871246307
6464	0.00012052594680202994
6465	0.00014378336428612346
6466	8.915635355254566e-05
6467	0.00010817761963778397
6468	0.00010052306589232446
6469	0.00010658383055578389
6470	9.795487578506993e-05
6471	0.00013905749363549657
6472	9.214600607591212e-05
6473	0.00010884723453313496
6474	8.980249394374617e-05
6475	6.910220536286186e-05
6476	8.120614293216378e-05
6477	6.904013893164836e-05
6478	0.00010296351975862862
6479	0.00011442977010736176
6480	8.985933021685743e-05
6481	9.126658511416925e-05
6482	9.803477642166598e-05
6483	8.797682882493562e-05
6484	8.142081309996532e-05
6485	6.904013893164836e-05
6486	6.904013893164836e-05
6487	6.956462050676483e-05
6488	8.343585589690434e-05
6489	0.00010968695861759254
6490	8.74717057193924e-05
6491	0.00010422544728938926
6492	9.487638994731367e-05
6493	9.047892534652243e-05
6494	0.0001603819280797043
6495	8.83314166827436e-05
6496	9.848156902547768e-05
6497	0.00011416277187680532
6498	0.00010653550632039975
6499	0.0001395877043219607
6500	8.941516726050888e-05
6501	8.061989524957553e-05
6502	9.547415520998331e-05
6503	8.515731023308062e-05
6504	6.904013893164836e-05
6505	8.969557564007615e-05
6506	8.131339168856349e-05
6507	9.561046410348313e-05
6508	8.097638418726705e-05
6509	8.249798142863134e-05
6510	9.206948115486842e-05
6511	9.699105349535122e-05
6512	8.524239159957423e-05
6513	0.000153726364336694
6514	9.230718096012673e-05
6515	8.480610848022609e-05
6516	9.264231873049638e-05
6517	0.00011715556627429265
6518	0.00012611486025109646
6519	9.967238207721857e-05
6520	9.508760667131677e-05
6521	8.50625630002912e-05
6522	8.319497291885101e-05
6523	8.16270467939276e-05
6524	0.00011385073956867139
6525	0.000113888734567708
6526	8.759090993172968e-05
6527	0.00010436590296635178
6528	0.0001028081070699903
6529	8.660843258733982e-05
6530	8.105619966530536e-05
6531	8.729542352857572e-05
6532	9.301296989711549e-05
6533	8.412372365478259e-05
6534	0.00010139162117352887
6535	0.00010553725491728872
6536	8.269547065511973e-05
6537	0.00010577912690037624
6538	9.021469530888836e-05
6539	8.614730590750025e-05
6540	9.209406630796891e-05
6541	9.704221990900084e-05
6542	6.904013893164836e-05
6543	8.266807538660233e-05
6544	9.925061478026869e-05
6545	7.916344733093785e-05
6546	0.00010717948854130841
6547	8.401580391017591e-05
6548	8.573246382030616e-05
6549	0.00011634915573184844
6550	0.00010901505438607175
6551	0.0002800985836335945
6552	0.00010001933270171724
6553	9.255110030000722e-05
6554	6.904013893164836e-05
6555	0.00014433541138062352
6556	0.00012229493659642984
6557	9.043217734594979e-05
6558	8.675936263431849e-05
6559	0.00010215452513037194
6560	9.212818754782018e-05
6561	7.783020337073486e-05
6562	9.412532515453535e-05
6563	8.482760275027555e-05
6564	9.086661533259275e-05
6565	0.00010557187601740165
6566	9.314992603281594e-05
6567	9.184730743721723e-05
6568	8.196434480754286e-05
6569	8.30296000077875e-05
6570	7.889363071062697e-05
6571	6.904013893164836e-05
6572	9.793843818477855e-05
6573	0.00012987347561518493
6574	0.00014156974894859338
6575	9.201099605628851e-05
6576	6.904013893164836e-05
6577	9.258948839835883e-05
6578	0.00016378646757315347
6579	9.73975000431119e-05
6580	7.67028435414047e-05
6581	9.84428480247659e-05
6582	6.904013893164836e-05
6583	0.00011618884951778796
6584	0.00010511875369801073
6585	0.00013875651724996684
6586	8.135453161779985e-05
6587	6.904013893164836e-05
6588	9.244080671100204e-05
6589	8.394143155217364e-05
6590	8.052531818678757e-05
6591	0.00010289639119987378
6592	9.479302995918365e-05
6593	6.923630953695978e-05
6594	8.221362434782804e-05
6595	0.00010424547232729852
6596	6.904013893164836e-05
6597	6.905038387937138e-05
6598	8.887507232513173e-05
6599	0.00011792971192927366
6600	0.00013094980789377341
6601	8.874882181390843e-05
6602	8.929279487829636e-05
6603	0.00010365827263845596
6604	8.715440887541088e-05
6605	6.904013893164836e-05
6606	8.921010064151827e-05
6607	7.975460275952886e-05
6608	0.00011160292814498554
6609	0.00010249944808588733
6610	0.00011023108918893889
6611	0.00011305255793914808
6612	9.915671245347695e-05
6613	9.325588381214017e-05
6614	8.664102105363026e-05
6615	7.730487677669631e-05
6616	9.992061295515761e-05
6617	0.00010051381021855592
6618	8.504684997778801e-05
6619	9.564361405179015e-05
6620	9.291916497796695e-05
6621	8.634851884071554e-05
6622	8.971214725090645e-05
6623	8.028153489580294e-05
6624	9.403992827515439e-05
6625	0.0001037195999727052
6626	9.477746621685018e-05
6627	8.968463112073285e-05
6628	9.233065513522984e-05
6629	0.0001262374098543918
6630	6.990442313959506e-05
6631	0.00011513227334329606
6632	8.281039827059814e-05
6633	9.799386642703026e-05
6634	0.00018167358775419794
6635	8.424268152806488e-05
6636	8.472871657676013e-05
6637	0.00010738959637959564
6638	8.049669454417553e-05
6639	6.904013893164836e-05
6640	0.00010045414883804444
6641	0.00011027433311010078
6642	8.935042581097212e-05
6643	0.0001342877224436201
6644	8.667973600493593e-05
6645	7.928939402239397e-05
6646	8.172342762831252e-05
6647	6.904013893164836e-05
6648	8.570155053561755e-05
6649	0.00011622062372527124
6650	6.904013893164836e-05
6651	9.059054440268518e-05
6652	8.759075546184555e-05
6653	0.00020761691023990037
6654	9.821733221892698e-05
6655	0.00016412083516166058
6656	8.623997929254031e-05
6657	9.901853902648379e-05
6658	8.637446785739894e-05
6659	9.6270652012518e-05
6660	0.00012049616983483748
6661	6.904013893164836e-05
6662	0.00010446517058971917
6663	0.00011240254970553834
6664	9.36209325326992e-05
6665	8.719463004711815e-05
6666	9.802553102655707e-05
6667	9.417906848025809e-05
6668	6.904013893164836e-05
6669	0.00012776502364803948
6670	6.904013893164836e-05
6671	9.516491465832338e-05
6672	9.855983764183619e-05
6673	8.0607408035404e-05
6674	8.087778098755359e-05
6675	8.826295297049141e-05
6676	7.432180869128592e-05
6677	8.949114986690345e-05
6678	9.133738418858483e-05
6679	8.211672962318099e-05
6680	9.103802338198056e-05
6681	8.972638167507836e-05
6682	9.346499114653851e-05
6683	0.0004176220495501091
6684	0.00010010897135903282
6685	0.000168148839994634
6686	9.240094899132984e-05
6687	8.60282910324173e-05
6688	8.48845991127175e-05
6689	8.660063448478207e-05
6690	0.00010189856690841239
6691	7.791515009958066e-05
6692	0.0001065370891196152
6693	8.970216247995823e-05
6694	8.1469291153383e-05
6695	9.103083769902762e-05
6696	8.641623466419733e-05
6697	0.0002921804811617366
6698	6.904013893164836e-05
6699	9.143217265564046e-05
6700	0.00021092148661897096
6701	7.973996246367747e-05
6702	0.00013917979386791522
6703	0.00011794136056511572
6704	0.00010845139938709097
6705	8.06195802049344e-05
6706	6.904013893164836e-05
6707	0.00025262946558683675
6708	8.81647335187513e-05
6709	8.029375890606326e-05
6710	8.141264907262152e-05
6711	9.363806575575186e-05
6712	0.0001138962476575283
6713	6.904013893164836e-05
6714	9.403510928090059e-05
6715	9.497110260902171e-05
6716	0.00013913111864096337
6717	8.673808925697746e-05
6718	7.006548930262347e-05
6719	9.367529882693413e-05
6720	8.136801562467314e-05
6721	0.00011341058175723181
6722	6.904013893164836e-05
6723	6.904013893164836e-05
6724	0.00014893124586502565
6725	8.768044996968456e-05
6726	8.16270467939276e-05
6727	8.16829722993125e-05
6728	8.908962014180741e-05
6729	8.34682243720954e-05
6730	0.0001271848961855772
6731	8.424021799557243e-05
6732	6.904013893164836e-05
6733	6.904013893164836e-05
6734	9.347583216551465e-05
6735	0.0001199956822565244
6736	0.00010813548969621737
6737	9.60208559071752e-05
6738	0.00010522378408153298
6739	0.00011531733969273239
6740	0.00011238259932021337
6741	7.793107440248653e-05
6742	0.00011609970382979858
6743	9.530099765289808e-05
6744	0.00010631051831133828
6745	8.980059503937171e-05
6746	7.816147094803148e-05
6747	8.076039292622436e-05
6748	0.00010087891582678511
6749	8.171612987327934e-05
6750	9.124818698981891e-05
6751	9.078783468970015e-05
6752	0.00011116754392776672
6753	9.401889668246283e-05
6754	6.940370607428441e-05
6755	9.660030084523126e-05
6756	9.471765270322015e-05
6757	9.423959673095476e-05
6758	0.0002032586698881254
6759	0.00010395196695388604
6760	0.00010092590897177816
6761	0.0001383217568352408
6762	0.00012660542819845514
6763	0.00013754796003398356
6764	0.0001018323484845739
6765	9.11578685772832e-05
6766	6.904013893164836e-05
6767	9.820861634441608e-05
6768	0.00011438953099850502
6769	8.863127532541512e-05
6770	6.904013893164836e-05
6771	0.0001301043141860541
6772	9.072355134148983e-05
6773	8.449759239393172e-05
6774	6.904013893164836e-05
6775	6.904013893164836e-05
6776	7.64701497570384e-05
6777	0.00010465599304125919
6778	8.531689766920186e-05
6779	0.00016915148896161459
6780	0.00016134664743650348
6781	9.174774413438742e-05
6782	0.00010093198636591666
6783	9.669296915102584e-05
6784	9.46414517982523e-05
6785	8.979576490930484e-05
6786	0.00012491182250464733
6787	8.467253211225003e-05
6788	8.085244381748593e-05
6789	8.410153567630423e-05
6790	0.00013151141970564845
6791	8.868260909201774e-05
6792	0.0001140970783272286
6793	7.878653004938974e-05
6794	8.236539273303331e-05
6795	9.12580329353623e-05
6796	6.904013893164836e-05
6797	0.00010105946783861165
6798	9.000645291518965e-05
6799	8.245194493445767e-05
6800	9.126581512535014e-05
6801	0.00010467205068282766
6802	8.731414621886006e-05
6803	9.683577969579311e-05
6804	6.904013893164836e-05
6805	9.555126509355118e-05
6806	8.103497963254465e-05
6807	8.713128244693737e-05
6808	6.904013893164836e-05
6809	6.909496481526995e-05
6810	9.30963911467635e-05
6811	0.00010533052507442221
6812	9.059331087420171e-05
6813	0.00017810790009266413
6814	8.27062165710202e-05
6815	8.583927521559616e-05
6816	7.383320750790341e-05
6817	0.000101249302132073
6818	8.452021455604707e-05
6819	8.46359077702641e-05
6820	0.0004111307637009843
6821	9.000689063075357e-05
6822	0.0001002520892977942
6823	9.765150338846332e-05
6824	7.678342576390159e-05
6825	9.818185898996773e-05
6826	8.102803585616256e-05
6827	9.252453330080895e-05
6828	8.240976483399238e-05
6829	8.460152496414994e-05
6830	0.00011396257998477928
6831	9.783014923818515e-05
6832	9.030842378895124e-05
6833	8.02747240960268e-05
6834	7.478854564278984e-05
6835	9.23803697367338e-05
6836	8.162685701269209e-05
6837	9.601483163802728e-05
6838	8.461115160461343e-05
6839	0.00010720675029767039
6840	6.904013893164836e-05
6841	0.00018794285554707096
6842	8.775797444656038e-05
6843	0.00011877320726186011
6844	0.00010354379829460286
6845	0.00010371422525046557
6846	0.00010483372455797197
6847	9.558799180218911e-05
6848	8.41060217861641e-05
6849	9.5543784057088e-05
6850	7.763665962120091e-05
6851	8.100556932967848e-05
6852	0.00014188607806197486
6853	0.00011817374097741122
6854	9.1673547253633e-05
6855	6.904013893164836e-05
6856	9.154221959957131e-05
6857	0.00010431203065669675
6858	0.00010083966378587151
6859	0.0001809002141789492
6860	8.96031534763979e-05
6861	0.00011251852680903205
6862	0.000169253844223229
6863	8.688018963287758e-05
6864	8.90161117711576e-05
6865	8.739609211096876e-05
6866	0.00011048668049094289
6867	0.00010834298340079917
6868	9.389393994019027e-05
6869	8.322657435790305e-05
6870	0.0001034615428281042
6871	8.648579014666814e-05
6872	0.00010475248237899027
6873	9.429879246736175e-05
6874	8.484465944682022e-05
6875	9.083130312891488e-05
6876	9.235050721144995e-05
6877	9.260500718293902e-05
6878	6.938566915842882e-05
6879	6.904013893164836e-05
6880	9.330830531163452e-05
6881	9.156484229410177e-05
6882	0.00022149249808157216
6883	8.023985882266565e-05
6884	0.00011891171418134492
6885	9.464967701745209e-05
6886	6.904013893164836e-05
6887	8.896138970019187e-05
6888	9.018171609943016e-05
6889	8.188366738815283e-05
6890	8.966696304215146e-05
6891	6.904013893164836e-05
6892	8.992225336661417e-05
6893	8.855874081295703e-05
6894	0.00015386426822876442
6895	8.467797150487797e-05
6896	8.590632839905612e-05
6897	8.876095325973041e-05
6898	8.37952703347299e-05
6899	8.525830858824963e-05
6900	0.00021995341137100155
6901	0.00010736174094501164
6902	0.00010501219085022167
6903	6.904013893164836e-05
6904	9.036010879348035e-05
6905	6.904013893164836e-05
6906	6.984128367348173e-05
6907	0.00010309131575580904
6908	0.0001022242926079993
6909	0.00022438084638260407
6910	0.00013131047830014476
6911	8.063761218146995e-05
6912	0.00020150161674847237
6913	6.904013893164836e-05
6914	0.00010356049028437507
6915	8.274757876814097e-05
6916	0.00010424697362121199
6917	9.242294795649671e-05
6918	8.61909586365431e-05
6919	0.0001085485409917646
6920	0.00014459720593631075
6921	6.906303811120697e-05
6922	8.335852413116342e-05
6923	0.0001372978058850961
6924	9.880382111275733e-05
6925	9.734869744476175e-05
6926	0.00010456153209788732
6927	6.904013893164836e-05
6928	8.932530796601105e-05
6929	9.711270779435108e-05
6930	9.675430866047172e-05
6931	9.04626485637972e-05
6932	8.034910876807275e-05
6933	0.00011807831103716513
6934	8.772168039707654e-05
6935	0.00015877565528670396
6936	0.00011066172669686088
6937	8.786544588805791e-05
6938	9.24404306454536e-05
6939	8.787187495206364e-05
6940	0.0001200127098797408
6941	0.0001118639719431286
6942	9.550486985469207e-05
6943	8.739327050444905e-05
6944	8.057768225979714e-05
6945	0.0001366505418998371
6946	8.357652230909341e-05
6947	6.949817959811953e-05
6948	8.696390482111602e-05
6949	0.00011192437793235385
6950	0.0001234427075040041
6951	0.00010839365838870284
6952	7.96599723456147e-05
6953	8.499787441968413e-05
6954	0.00010888732874870629
6955	8.098749541429794e-05
6956	9.590052523107505e-05
6957	6.904013893164836e-05
6958	8.062792823128631e-05
6959	7.909230012106882e-05
6960	9.025721033950192e-05
6961	8.224591137570446e-05
6962	8.793517450482018e-05
6963	8.085146019860932e-05
6964	0.0001462857470781425
6965	8.342992277468815e-05
6966	8.906206760329558e-05
6967	0.00010324745162735216
6968	0.000101771564954867
6969	8.069590573711388e-05
6970	6.94715038164616e-05
6971	8.228672252179259e-05
6972	6.904013893164836e-05
6973	0.00018300863555459186
6974	9.31436695081378e-05
6975	0.00011279188531078783
6976	0.00010608113907715385
6977	9.538291655016835e-05
6978	0.00013791021687034589
6979	8.024379503439975e-05
6980	8.22477828529048e-05
6981	9.881059166868372e-05
6982	0.00015750757197765522
6983	0.00023882768564633842
6984	8.053790764095783e-05
6985	8.212451350270617e-05
6986	8.71166957815673e-05
6987	0.00013884760329845413
6988	0.00010312132039229453
6989	0.00010980585376181134
6990	0.00010691031636920109
6991	9.847496092510162e-05
6992	0.0001323862087718514
6993	9.0174566445023e-05
6994	9.02515038636878e-05
6995	0.00010925266377499225
6996	8.613532835286264e-05
6997	0.00011879598067966408
6998	0.00011787630643833474
6999	8.16270467939276e-05
7000	0.00011147022565890679
7001	8.105027850468068e-05
7002	9.498990860892308e-05
7003	0.00012653073177791246
7004	9.328436170115089e-05
7005	7.738926236659906e-05
7006	0.0001342669764586718
7007	8.912689349001871e-05
7008	8.631749395236353e-05
7009	8.148753627381569e-05
7010	7.962682793419817e-05
7011	0.00012877661605638474
7012	6.904013893164836e-05
7013	8.79795735771336e-05
7014	9.240590484714415e-05
7015	0.00010129651693163629
7016	8.271387709010567e-05
7017	9.000328084596809e-05
7018	0.00011755705355274351
7019	8.289619398475008e-05
7020	6.904013893164836e-05
7021	9.109277397750555e-05
7022	0.00012766124744158718
7023	0.00015819026275709766
7024	8.035291544667472e-05
7025	8.63737385472182e-05
7026	8.951324106610399e-05
7027	8.930778499048963e-05
7028	0.00042706200741022133
7029	6.904013893164836e-05
7030	7.888137107359568e-05
7031	6.940525796733307e-05
7032	8.834852174744538e-05
7033	9.694518887870643e-05
7034	6.904013893164836e-05
7035	0.00011902419513294538
7036	8.818322526150097e-05
7037	0.000104120138122912
7038	7.922157827332188e-05
7039	9.626008185980461e-05
7040	7.773540329200308e-05
7041	9.68334613956487e-05
7042	8.467738934873098e-05
7043	9.540630895755538e-05
7044	8.060037443253034e-05
7045	9.453535458181419e-05
7046	0.00013479465996218718
7047	0.00022836200500367377
7048	8.216501473666001e-05
7049	0.00010114362076653462
7050	0.00010681386742711119
7051	9.377397995988334e-05
7052	0.00012763302482233786
7053	9.671837833291247e-05
7054	9.694771047014901e-05
7055	9.774548085635185e-05
7056	8.981243180158335e-05
7057	7.746022148221688e-05
7058	9.722485348724773e-05
7059	0.00011221912740889836
7060	6.904013893164836e-05
7061	9.562733112188524e-05
7062	8.070858376033121e-05
7063	0.00012383925157125058
7064	9.888170398066572e-05
7065	7.908537419466352e-05
7066	7.79585139256677e-05
7067	6.904013893164836e-05
7068	0.00018102448023788416
7069	9.472760053341651e-05
7070	0.0004921174482587357
7071	0.00010340707669328252
7072	0.0001105753849393539
7073	7.086810603674331e-05
7074	0.00014045321831913774
7075	0.00013740965820328591
7076	8.584531002519757e-05
7077	8.184081265812126e-05
7078	8.77041575453812e-05
7079	8.13259162115437e-05
7080	0.00012587795280318093
7081	0.00010717237698558817
7082	9.963407378572542e-05
7083	9.421884174628227e-05
7084	9.149146881777797e-05
7085	8.34493056835763e-05
7086	8.285190094708505e-05
7087	0.0002951156333618948
7088	0.0002902291807975779
7089	0.00014108596162010299
7090	9.794570408676801e-05
7091	7.57716171031007e-05
7092	6.958759482591683e-05
7093	0.00010113683771878918
7094	6.967794549521221e-05
7095	0.00027537964717017413
7096	8.406483652488799e-05
7097	8.465604935062126e-05
7098	9.960619327402739e-05
7099	0.00010442394578265993
7100	0.0001561078767775745
7101	9.914815876803928e-05
7102	6.904013893164836e-05
7103	6.904013893164836e-05
7104	8.17892396522422e-05
7105	0.0003294429394034284
7106	9.062169731606998e-05
7107	8.776933437693133e-05
7108	8.195048510631583e-05
7109	8.776425427166952e-05
7110	0.00010081244313363361
7111	9.99292852824839e-05
7112	8.392374695639896e-05
7113	8.796740596054867e-05
7114	0.0002908296217781311
7115	8.427705897638834e-05
7116	0.00010192408079644162
7117	0.00010460378179837003
7118	0.00011121900269570791
7119	8.456964213873838e-05
7120	0.0001161167553926871
7121	8.278846163666136e-05
7122	8.021287680046131e-05
7123	0.00010209329905965814
7124	9.054144013437297e-05
7125	0.00011828502985892995
7126	0.00011644220211682078
7127	9.008977232579034e-05
7128	8.074251284756599e-05
7129	9.681646832647678e-05
7130	8.437054439799956e-05
7131	8.602773267100572e-05
7132	8.395196811111801e-05
7133	8.097044857666252e-05
7134	0.0001022529036753917
7135	0.00029139893501878473
7136	9.162388250613708e-05
7137	6.904013893164836e-05
7138	8.946652659609685e-05
7139	9.214601390962227e-05
7140	8.230057703560564e-05
7141	8.17360699999593e-05
7142	8.799282634838198e-05
7143	8.795453580892652e-05
7144	8.725178312947774e-05
7145	9.492483518659405e-05
7146	6.917800745381648e-05
7147	8.263325911114974e-05
7148	8.059447467301343e-05
7149	8.070862409284218e-05
7150	8.195728234484388e-05
7151	8.581509968738602e-05
7152	8.715759694241223e-05
7153	8.071361340582773e-05
7154	6.906177784890164e-05
7155	9.978792648010302e-05
7156	0.00018616178519882136
7157	9.954293688534593e-05
7158	8.613761528604986e-05
7159	9.666987661825857e-05
7160	9.837351927828433e-05
7161	9.773653496369142e-05
7162	9.356797008916343e-05
7163	0.00013720927004582905
7164	6.904013893164836e-05
7165	8.298407532592348e-05
7166	0.0001270523466561134
7167	7.939976092201603e-05
7168	8.974279048248628e-05
7169	0.00016598020968321424
7170	0.00011804217042034749
7171	8.535575847107386e-05
7172	9.418547163400483e-05
7173	8.162704962556585e-05
7174	7.106974079347835e-05
7175	0.00024393106545618932
7176	7.720214997072933e-05
7177	8.608348425327605e-05
7178	9.845534222982416e-05
7179	6.904013893164836e-05
7180	8.778198651909641e-05
7181	0.00010250738094307925
7182	8.077429059966157e-05
7183	8.550748456046008e-05
7184	0.00011424142629002285
7185	0.00011984363956652123
7186	8.691866890496034e-05
7187	0.00010978936885210839
7188	9.228007469754251e-05
7189	8.604193725463227e-05
7190	8.488603496532541e-05
7191	7.98043308843564e-05
7192	8.011257657843499e-05
7193	8.526437291679501e-05
7194	0.00010920235659773312
7195	9.188597874263398e-05
7196	0.0001036253270851594
7197	0.00011482346751775564
7198	7.999729601647064e-05
7199	8.395300011609848e-05
7200	7.972157417735451e-05
7201	6.904013893164836e-05
7202	0.00021571408098445822
7203	8.066886024746596e-05
7204	9.173748591064113e-05
7205	8.068627114003758e-05
7206	0.00012130611380474865
7207	9.508376638184084e-05
7208	6.904013893164836e-05
7209	9.016859716479128e-05
7210	7.956491058668928e-05
7211	7.825464247154207e-05
7212	8.093362650789547e-05
7213	0.00010308531729264731
7214	6.934981031717869e-05
7215	9.60764119830221e-05
7216	0.00011589551212152257
7217	7.983459541673294e-05
7218	0.00011354966956878066
7219	9.415980333112271e-05
7220	6.904013893164836e-05
7221	8.879996582359252e-05
7222	7.969135740603449e-05
7223	6.904013893164836e-05
7224	0.00011764847297126207
7225	8.120514567015909e-05
7226	9.266591285145748e-05
7227	9.350928550058997e-05
7228	6.904524700376328e-05
7229	8.34062658101063e-05
7230	8.06392738133046e-05
7231	6.922835776893471e-05
7232	9.357367005027908e-05
7233	0.0001291968591492766
7234	9.225323346897293e-05
7235	9.262188763210251e-05
7236	8.486529925779439e-05
7237	9.34566517829647e-05
7238	6.91687919435833e-05
7239	7.829752469522696e-05
7240	9.024026640039062e-05
7241	6.904013893164836e-05
7242	8.154171292173156e-05
7243	8.063686162538194e-05
7244	8.451762191727529e-05
7245	6.987948751899628e-05
7246	7.325295529695291e-05
7247	8.009716607231419e-05
7248	0.00012616199533436843
7249	9.84511840753909e-05
7250	0.0001452649934946443
7251	7.887679906344198e-05
7252	0.00010663541647093304
7253	8.503516004952306e-05
7254	8.711406371642387e-05
7255	0.0005321697432581371
7256	8.594672599784856e-05
7257	9.17929475165903e-05
7258	6.906074088015905e-05
7259	9.013532288774083e-05
7260	8.950982086112719e-05
7261	9.353929787144883e-05
7262	0.00010786324354790044
7263	0.00015624779397117584
7264	0.000121062287632273
7265	8.857592407961732e-05
7266	8.57703413141232e-05
7267	6.904725642969304e-05
7268	9.478883943472888e-05
7269	0.00011681584945698987
7270	6.907724726887129e-05
7271	8.161820057555046e-05
7272	7.020043701046959e-05
7273	8.277788337266615e-05
7274	8.668859331915965e-05
7275	6.904013893164836e-05
7276	6.904013893164836e-05
7277	8.770038484917396e-05
7278	8.555797141852333e-05
7279	0.00013658070728042346
7280	9.759117904505116e-05
7281	0.00010497638102099894
7282	7.824968165662476e-05
7283	0.00011157887258932585
7284	8.0607408035404e-05
7285	9.40956501348362e-05
7286	0.00010350946071016341
7287	0.00020817356916959806
7288	6.905006421461394e-05
7289	9.325468703926584e-05
7290	8.193338965092329e-05
7291	7.894581602148768e-05
7292	9.118511024831558e-05
7293	0.00010126839826762841
7294	8.982240106469717e-05
7295	0.00016273292444368215
7296	8.406496122072481e-05
7297	6.904538596092361e-05
7298	9.489958414449412e-05
7299	8.56446628608147e-05
7300	0.0003309781613943545
7301	8.131215028965675e-05
7302	0.00010130345799715197
7303	0.00010496613820126761
7304	9.239928778031776e-05
7305	0.00010932201580364758
7306	0.00010196798774300168
7307	8.128356749870152e-05
7308	0.000224869997157782
7309	8.298041950148937e-05
7310	9.990554334416172e-05
7311	0.00012814829281932125
7312	7.82426577232625e-05
7313	9.91780527265793e-05
7314	0.00010567522217968204
7315	7.004338694989614e-05
7316	0.00010271077448002018
7317	9.931892420148874e-05
7318	9.499824641818606e-05
7319	0.00012068917958099096
7320	0.00011625834909757742
7321	0.0001036125851252419
7322	8.239304328548717e-05
7323	8.514810369759776e-05
7324	9.073138235306141e-05
7325	0.00012273924135287548
7326	9.028348854171677e-05
7327	8.30949566121061e-05
7328	7.063811957395085e-05
7329	0.0004364868769735138
7330	6.904013893164836e-05
7331	8.211580832490095e-05
7332	6.904013893164836e-05
7333	8.736039397935121e-05
7334	0.00014914888879048326
7335	8.393931299407082e-05
7336	6.904013893164836e-05
7337	6.904013893164836e-05
7338	8.5759389789213e-05
7339	0.00011033687912147142
7340	8.82425387257708e-05
7341	6.904013893164836e-05
7342	0.00010296186739437184
7343	0.00010255099103377417
7344	9.698742842699989e-05
7345	0.00013275719691298803
7346	0.00011658924821047076
7347	9.914306378498582e-05
7348	8.9389672571167e-05
7349	8.418065370389806e-05
7350	9.336196717809342e-05
7351	0.00011409157108804128
7352	8.286423087688854e-05
7353	0.00013363592107864007
7354	9.045519996255446e-05
7355	9.224762541850016e-05
7356	6.904013893164836e-05
7357	8.423379246289631e-05
7358	8.963839680084226e-05
7359	0.00014076901549450906
7360	6.904013893164836e-05
7361	0.00011149460221773083
7362	8.009462382447109e-05
7363	8.293113476936853e-05
7364	6.994710698535837e-05
7365	9.560936625130599e-05
7366	7.944272363698881e-05
7367	0.0001044979658914849
7368	0.0001157348340490974
7369	0.00011198209983990423
7370	0.00010606664997933308
7371	9.666686081606394e-05
7372	8.637515196119494e-05
7373	8.162590190363459e-05
7374	8.154032755789365e-05
7375	0.00011528652336547472
7376	8.01315615098201e-05
7377	8.065067192397532e-05
7378	7.010521418614588e-05
7379	8.192956708656097e-05
7380	9.38297825585813e-05
7381	8.410309574484022e-05
7382	8.52992034574027e-05
7383	9.322685829839288e-05
7384	9.678872764271219e-05
7385	7.17289139595396e-05
7386	0.0001958674615535917
7387	9.02787365428714e-05
7388	8.644724066760064e-05
7389	0.0001222994481236583
7390	0.00011463976351251115
7391	8.264772008866656e-05
7392	8.060037443253034e-05
7393	9.335361091849967e-05
7394	8.303655352145177e-05
7395	9.48892632471875e-05
7396	0.00011193799858433748
7397	6.904013893164836e-05
7398	7.913061676434599e-05
7399	9.712300022129168e-05
7400	7.984568573943867e-05
7401	8.304328147747174e-05
7402	8.633437851271046e-05
7403	8.32492745032396e-05
7404	8.578479263433262e-05
7405	0.0001242158645821898
7406	9.39045813971449e-05
7407	0.0001032212751528925
7408	9.01112847890027e-05
7409	8.066901693845106e-05
7410	0.00010760434203668406
7411	9.05595340469797e-05
7412	9.05163199826133e-05
7413	0.00011381083163796393
7414	8.883686899872827e-05
7415	6.904013893164836e-05
7416	9.067669360005243e-05
7417	6.904013893164836e-05
7418	7.48668247944875e-05
7419	8.536295614826287e-05
7420	9.037398401045165e-05
7421	0.00011484591169997471
7422	9.75044014309735e-05
7423	9.930429481901815e-05
7424	8.652558888640373e-05
7425	9.196486355030436e-05
7426	6.904013893164836e-05
7427	9.653419653715075e-05
7428	0.00010078271280322977
7429	7.894029075890428e-05
7430	0.00011276202213175441
7431	0.00013201637611798592
7432	0.00013652341119394588
7433	0.00010802623071635935
7434	8.385563745899968e-05
7435	8.713662778462938e-05
7436	6.904013893164836e-05
7437	0.00012039806514787587
7438	6.904013893164836e-05
7439	8.849170597612662e-05
7440	9.053159795845871e-05
7441	0.00020316042017627414
7442	9.969368476984525e-05
7443	8.356431528769146e-05
7444	0.00014842282322527652
7445	0.00010699606237089787
7446	9.295478509203128e-05
7447	0.0001255198438391476
7448	0.00011367095508357306
7449	9.730944312052831e-05
7450	0.00011221674417513686
7451	0.00010995164614828684
7452	8.611876196402582e-05
7453	0.00019185452176152562
7454	0.00011008675033457834
7455	8.829154784121746e-05
7456	0.00014393370704295636
7457	0.00022248989212444659
7458	0.0001024345232346193
7459	0.0001481033350656806
7460	0.00010136531949628403
7461	6.904013893164836e-05
7462	9.837470695397804e-05
7463	8.446488451256952e-05
7464	8.10345610048493e-05
7465	0.00017992275421559645
7466	9.147446419925645e-05
7467	9.457408883734021e-05
7468	6.904826901910778e-05
7469	0.00010478387862220337
7470	8.247292504671618e-05
7471	8.830050289324466e-05
7472	8.756812136526749e-05
7473	6.949901155445758e-05
7474	6.983282138750367e-05
7475	8.722040867236013e-05
7476	9.086637758684172e-05
7477	8.22636674174737e-05
7478	0.00010313128785842274
7479	6.949265471943475e-05
7480	6.905031905704714e-05
7481	9.794798272324863e-05
7482	6.904013893164836e-05
7483	9.529473041784898e-05
7484	9.091742945876386e-05
7485	0.0001218522361000622
7486	8.841274134937371e-05
7487	9.88725656587707e-05
7488	0.00010166985886835632
7489	0.000101116821500327
7490	6.904013893164836e-05
7491	8.54273321056788e-05
7492	9.551769890279736e-05
7493	9.117386874951779e-05
7494	8.500435437208567e-05
7495	8.379153709274693e-05
7496	0.00015795319626221344
7497	6.904013893164836e-05
7498	6.905038387937138e-05
7499	9.263264018238442e-05
7500	8.49085905853592e-05
7501	8.680841126876584e-05
7502	9.118603106278799e-05
7503	9.721851843244165e-05
7504	8.727841117279908e-05
