173	0.0010796707157432817
1613	3.715667912155231e-05
10513	5.202623510477172e-05
2673	0.0001953602182438427
1659	0.00043747987284473627
5511	5.494994983259542e-05
6820	0.00011403771169889526
8785	4.473202133815275e-05
3029	7.209739835067226e-05
51	0.0052287587951136425
10514	8.974983012513513e-05
677	0.00019894923754466191
10515	3.130002021159541e-05
4452	3.285877186130485e-05
3575	3.130002021159541e-05
10516	3.6303881517256097e-05
3393	0.00011482364896218174
9789	0.00015038168261446563
8087	0.00019500050572808178
9529	3.130002021159541e-05
93	0.0016397062687747478
542	9.430281383687294e-05
10517	7.29978233737874e-05
1515	4.288357373194787e-05
8815	3.792670600378609e-05
10518	6.3357831589579e-05
7802	4.4318678607203205e-05
1470	0.000306739000918607
80	0.03375622742655557
10519	3.130002021159541e-05
6580	4.164119086396252e-05
7030	3.720349127036175e-05
82	0.0005857444337375424
2051	0.0001133988569091253
2698	0.00022880113793476546
4466	9.854854755485471e-05
2802	4.460109296429291e-05
4475	0.00011010464897876518
3419	7.092035048979273e-05
3240	9.91191333520481e-05
2003	4.6696498179822524e-05
6008	4.887140881108813e-05
3337	4.0059906809511904e-05
6301	0.0003568416017854554
10520	0.00026495967872362407
497	0.00015191587626406023
6452	0.00042489613979459085
795	4.4448161490567086e-05
7954	4.37039714286458e-05
1299	6.399443606132599e-05
4801	6.976990907923679e-05
6116	6.773675664654676e-05
717	0.001300804462471947
8505	9.816586098010597e-05
5792	3.812372946295223e-05
523	3.130002021159541e-05
10332	5.341267763319817e-05
535	0.0005265697248550501
1578	0.0002518390455548431
10521	5.544072985052702e-05
11	0.0004572250385846764
7178	6.746504506715326e-05
2452	0.0001761976633953195
727	0.0005726752915072537
4869	3.130002021159541e-05
1894	6.974705296734627e-05
4934	9.467812085457331e-05
8089	0.00013382855118569003
878	0.00023494511854794262
4751	0.00016097476811019557
1890	3.5972982421219375e-05
526	0.0006378812595833713
2548	3.130002021159541e-05
10522	3.391578962994902e-05
10523	3.130002021159541e-05
10524	7.016331996716534e-05
8043	7.929139900273494e-05
10525	8.776127802412003e-05
1585	0.0004834173430694643
3181	7.093383702851827e-05
5859	0.0001372060160355888
672	0.0002683019072752845
1683	6.685012616207059e-05
10526	3.130002021159541e-05
9316	7.629209278011971e-05
10527	7.381132580798372e-05
6926	5.0200074286541085e-05
10528	3.130002021159541e-05
1021	7.823411306157347e-05
10529	0.00015597927560351347
98	0.0030597507825753647
3980	0.00027653471399274063
10530	0.00014005863187720568
2899	5.2307439498629275e-05
3210	6.823130290672065e-05
10464	4.9170418474244574e-05
6042	9.208721419474286e-05
2799	9.549637580614592e-05
10531	8.311621063924806e-05
47	0.002920564378959632
10437	3.130002021159541e-05
188	8.681526936116346e-05
2493	0.0008448156723562489
10247	5.9212667353041e-05
6315	0.00019449829956398455
1358	0.0008759516125600693
8657	3.130002021159541e-05
6772	8.045160021944055e-05
10532	3.478655287107714e-05
2064	3.456981092161479e-05
7772	3.843139995472917e-05
1921	6.026127710371237e-05
9029	6.400135864483211e-05
10134	4.4309301707941425e-05
2134	0.0001684669157537618
9056	6.378109020658903e-05
6007	5.9930455352372464e-05
5989	0.0008236294450893714
6176	0.00013147673004403624
6254	3.130002021159541e-05
10533	7.637729856716955e-05
9583	5.283657394029405e-05
8287	4.708020650527748e-05
158	8.094268927527462e-05
214	3.130002021159541e-05
7344	5.2462160191831405e-05
7620	0.00015821099758970997
1946	0.0004652143008951865
5551	6.282081447035151e-05
53	0.011357753958771382
4047	3.130002021159541e-05
5271	0.00012162641843615915
7418	3.130002021159541e-05
1280	0.0001358282968722071
641	0.00020612840038445522
1137	0.00038531588542593326
2732	5.098405528729185e-05
1025	7.120732745995211e-05
2229	0.00032130521482121206
9745	0.00016731877624836386
205	0.0004294920262749032
9926	3.1316901065383884e-05
2027	9.416082239805014e-05
6986	7.450514763743848e-05
73	0.00017684861041360664
4308	7.931843107230756e-05
3572	6.41961052145891e-05
7042	3.130002021159541e-05
209	0.0002745257085082348
1375	0.00013230489050055654
6006	6.787586686703476e-05
5003	5.645591393856926e-05
10534	0.00020953091068102322
2219	3.660895967021027e-05
2422	4.935333135728543e-05
7251	0.00010166170185687919
4956	0.0001477894815898073
10535	4.100698188752034e-05
8206	5.049740198499736e-05
2130	7.44168772230007e-05
10536	7.842593735832252e-05
10537	4.394422143518961e-05
5697	4.983563118751738e-05
231	0.00011401714322545632
697	0.00035756935489669224
1553	4.9323136172434326e-05
5915	4.085219567997351e-05
136	0.0003182386546124691
4483	7.693344414359535e-05
716	0.00034867868106630486
1446	6.730001227619594e-05
3865	0.00010154155020849316
1118	0.00018164925764954128
2987	5.031010597018293e-05
1847	0.00013012331930669632
6717	3.130002021159541e-05
3838	6.024845935477813e-05
2471	0.0002699633852146364
3756	9.163974966850232e-05
7199	6.90952037093412e-05
2189	6.554675027989172e-05
7282	0.00020662608987189458
7094	7.427895597720698e-05
10538	5.0614113293773926e-05
3466	5.296101667683424e-05
1072	8.546868196468733e-05
9706	3.6728292653820114e-05
7505	6.188375550941785e-05
6213	6.891160319792212e-05
4893	5.495222559166537e-05
10539	3.876091301789704e-05
543	0.0008352974622988103
10162	5.085345987190549e-05
2594	0.0004129465251751706
1068	8.046208749214197e-05
40	0.0001982203074030606
4750	4.6809409951259685e-05
7815	3.130002021159541e-05
9149	3.878284853036933e-05
6545	0.0007755913470029015
6705	0.0004316965699385388
10540	0.00033520631096106647
3505	7.327961759207716e-05
2174	0.00013918469342472046
8931	3.130002021159541e-05
1425	0.00014098569242346193
3147	4.828266717971127e-05
5545	7.421916255912544e-05
10541	6.836986936575883e-05
565	0.00010414551904703998
1409	3.130002021159541e-05
10245	3.737647894252983e-05
3831	0.00011756493594919154
1674	7.642751307220774e-05
10542	3.130002021159541e-05
3720	5.9098140706527595e-05
5967	3.155623769723526e-05
5714	7.07182282835182e-05
1346	6.877245220115837e-05
6196	3.130002021159541e-05
9965	8.094011653345744e-05
8458	4.6518485202796904e-05
2177	0.00014361441519455254
8560	3.130002021159541e-05
908	5.3549424939477864e-05
1143	5.963296539084982e-05
1709	0.00013414635847900549
10543	4.997925591709936e-05
773	0.0006624390836128833
6769	5.965473999873845e-05
1075	0.0018039532386920159
403	0.0025672252172420675
5978	4.0748222191804374e-05
7623	3.499378216091126e-05
10544	4.384227360457407e-05
10198	9.57901363397289e-05
276	4.497080376890659e-05
5629	4.990459312164025e-05
5060	7.861155860764912e-05
2136	3.130002021159541e-05
8615	6.741970790507715e-05
5000	0.00011431045890203186
1039	0.00010306247631992538
7925	3.189988253353745e-05
6542	7.294462672952377e-05
10545	3.130002021159541e-05
7483	3.1335587489636404e-05
10546	6.81996088033721e-05
10140	3.130002021159541e-05
5008	9.966956081407119e-05
5267	0.00012458880416712782
10547	6.1033344868429465e-05
7786	7.189883098961522e-05
5804	9.58133970268648e-05
2193	6.795356209076403e-05
2983	0.00021134210703261739
9882	7.992151527750314e-05
10548	4.5928999703629216e-05
4457	9.392801886526516e-05
6927	4.709105835303528e-05
9511	4.5681198682573064e-05
3449	0.00012114944197528333
5031	0.00017913204436321447
319	0.0052914796096545196
4586	0.0001827530391119233
8424	6.464179659951136e-05
7074	3.139769694267779e-05
1712	0.00024225765673068582
3920	7.95632632626268e-05
568	0.0005642094802685093
510	0.0013642106267672265
3335	6.037770488667731e-05
5330	4.095682694030759e-05
6288	3.953792207717989e-05
1414	8.746034772284949e-05
424	0.0003765742284755814
10549	0.00018247298954436231
2814	0.00034040281654572785
10550	5.615796446775588e-05
10551	6.577699698643468e-05
10552	7.789447077818226e-05
5890	6.818291655351144e-05
1542	4.6145682125819655e-05
2982	0.00012301809703418428
9349	3.8808054865057306e-05
10553	7.404607127585723e-05
55	3.886228172808301e-05
5197	7.904626362691274e-05
17	0.002903643025216384
2083	7.588835793887753e-05
1854	0.0001036530814922303
8738	8.804325710320534e-05
2568	6.741112119102828e-05
10554	3.130002021159541e-05
10555	7.594002842400223e-05
10195	6.180333976400459e-05
3403	3.130002021159541e-05
10556	3.130002021159541e-05
2834	7.641335645628962e-05
4958	9.170757820893506e-05
10557	4.1176108175952733e-05
1860	3.136965886255107e-05
1859	3.380605714724821e-05
1363	6.12707072478901e-05
3	0.00013287618875235512
2593	3.8276696275309826e-05
4780	0.00023856649034451074
4322	3.130002021159541e-05
1667	0.00010893607712716838
96	3.130002021159541e-05
7	8.475958199001264e-05
8734	7.677716841857017e-05
4147	9.82937184240095e-05
7472	3.130002021159541e-05
2704	0.0001819384304585412
1868	4.202261651750911e-05
1596	0.000171306357482256
2849	8.215720294787749e-05
10	4.700431739834529e-05
1193	0.0014965909475116656
9938	8.223890167059974e-05
10558	3.130002021159541e-05
8261	8.575969744686979e-05
1616	3.130002021159541e-05
10559	3.13073482300102e-05
1693	0.0005377576629417317
519	0.00040239751193077374
4862	0.00017702449695392464
2360	0.0007559598573771542
4968	0.00012171679893216016
3424	4.0591392806262504e-05
10560	0.00011386661125600001
1639	9.213348893503877e-05
5608	5.331273810583359e-05
1527	0.00018722777652736808
10324	0.00022250655241712206
318	0.00014273815109997644
2317	3.714236190098889e-05
8642	3.130002021159541e-05
5364	3.150445994861897e-05
10561	3.130002021159541e-05
9452	0.000123298852146396
5485	4.7862187753084534e-05
4966	0.00020003187757180384
186	0.0002667338940330154
10562	3.130002021159541e-05
9575	0.00015781922134770851
2631	6.650929749416534e-05
2344	0.0002154611868257149
2451	0.00018343140554332991
5718	6.29343744579812e-05
838	0.013978235576668444
3083	4.6737676198397016e-05
398	0.00024331717299084843
7443	5.30028884703281e-05
7971	6.482464031008946e-05
10563	4.752451786109407e-05
7502	8.402255441921193e-05
4896	0.00039342743040446805
3036	0.0001343440064982775
10564	3.713159654375065e-05
5416	3.130002021159541e-05
9808	7.014343301485162e-05
218	0.0010311624845584957
10565	4.1748022342391765e-05
2110	0.00015382136519190615
5442	3.856278121722183e-05
989	0.00041598556279044013
6437	0.00010462501582735205
2437	3.130002021159541e-05
2278	0.00023339617142565964
5010	3.130002021159541e-05
10566	4.769769548389202e-05
8113	0.00019497072227612794
2041	4.853886530984285e-05
6151	6.195132048450068e-05
9373	3.130002021159541e-05
176	0.0006016981999755268
4356	4.3913197116871936e-05
918	7.322868575471732e-05
10567	7.000613706893925e-05
145	0.00015573468284434125
10568	0.00010668496280083158
5630	8.858309145587403e-05
2743	0.000159882984661555
2928	3.5605705412096644e-05
5868	9.04730009972254e-05
6180	3.130002021159541e-05
752	6.107698508221766e-05
1849	3.130002021159541e-05
7755	5.321665768653161e-05
10569	8.100995373631659e-05
10570	6.202428323324613e-05
0	0.002935236468795673
3731	0.00010538946938779413
1048	6.433500768628447e-05
3596	3.130002021159541e-05
10571	3.8636891679507155e-05
10032	4.9972866409570745e-05
4484	4.0593104628553714e-05
5217	3.2486994387463654e-05
2713	7.676720259381509e-05
3033	0.00023459426999256742
696	4.003195241496459e-05
2185	5.273895807781863e-05
761	0.00017824803005698703
645	0.00011027526546564744
168	0.0011207436462248393
6493	0.00018071730095682315
5274	9.868839043723779e-05
2888	3.8065285359512965e-05
5174	3.130002021159541e-05
1703	0.0013675175272503542
4725	0.0005042229085878104
10572	3.958979647321976e-05
2927	5.5553087749744145e-05
7011	0.00015300344711932873
1697	0.00010124977087791953
63	0.0002780196215024187
10573	5.321665768653161e-05
2938	7.552671672013574e-05
9686	5.120232237382353e-05
10574	6.76961911118148e-05
5896	9.368179554287263e-05
10575	4.803839528208582e-05
701	0.00021395085763811647
4627	6.476037112832586e-05
9494	0.00020703229756457084
4550	0.00011909102716970612
10576	0.00017523978730882845
10577	0.00015895376732343473
10578	4.1423292249630095e-05
6199	0.00012063557827119616
3352	5.3216657686531605e-05
43	0.0005593832924560692
4363	0.00017821450479919103
7594	4.774891172640347e-05
10082	0.00014701164484693643
1415	7.340076063649426e-05
428	9.267875370173149e-05
843	8.979624349504401e-05
946	3.130002021159541e-05
735	0.00012195097886649525
370	0.00023890482612406102
3340	6.821887302904296e-05
7058	0.0001602373800529339
2923	5.001547063556816e-05
3019	4.452691531674309e-05
5745	3.644982907030812e-05
5867	4.225802720993463e-05
3263	3.1412143630692446e-05
6665	3.130002021159541e-05
1418	7.518629265542223e-05
471	4.843149452183707e-05
4630	6.60448682193783e-05
9925	7.89449882838771e-05
10579	3.206233371867552e-05
8147	6.915555411765296e-05
7792	3.130002021159541e-05
6393	6.277184215648725e-05
6173	8.058610739382044e-05
5923	4.1909700126509686e-05
10580	3.202633612777861e-05
6884	0.00027951128080093646
1420	0.0002825542636950041
3291	0.00018600366644076037
3845	8.580826602840524e-05
9294	3.130366666399042e-05
2514	0.0001894273638820321
10581	3.9542989389918757e-05
8748	0.00011809051308055493
3830	0.00044427056765934474
10582	3.929580959487659e-05
771	0.00033307239242691725
5486	5.130467985218437e-05
3489	0.0001627876586154066
5637	0.00021586565364916667
744	0.00015478810118865638
8498	6.0315130587139275e-05
4569	0.00019335713026979673
10583	4.889338077729092e-05
9779	9.439234004831974e-05
374	0.0005049446309668271
4453	5.492665589878245e-05
2217	9.310756149931773e-05
4975	9.245526822194072e-05
9303	7.230983682604086e-05
2661	3.816915712076776e-05
1678	0.00010446276972783986
3491	4.152590125361542e-05
8612	3.7560910281459916e-05
4207	3.130002021159541e-05
904	0.0002152259948261104
10584	3.130002021159541e-05
3074	3.130002021159541e-05
10585	0.00015138338496716947
10586	3.130002021159541e-05
3815	0.00013544231772792553
5426	0.0001476800619063456
163	0.010915818315378653
651	0.0008776583033806623
4342	5.949691328382143e-05
1134	3.130002021159541e-05
8988	3.5399450910116805e-05
5919	3.515730786174793e-05
7028	9.501638751238724e-05
6822	3.130002021159541e-05
6322	3.1314712799139326e-05
934	3.130002021159541e-05
455	3.260764702784856e-05
4451	6.936409545524937e-05
10587	4.4258696797471104e-05
4720	4.2293442132738905e-05
593	3.130002021159541e-05
1355	3.130002021159541e-05
6424	3.13058698278609e-05
3324	3.130002021159541e-05
8805	7.736470755937688e-05
10588	6.947271035339153e-05
473	0.0012233651987855654
2319	0.00012037826557443108
10589	4.8183174053613843e-05
4699	0.0004613282625893865
9728	5.8119854509957866e-05
4854	9.393717813741722e-05
7641	3.130002021159541e-05
7834	6.199803649331809e-05
226	4.675412754233621e-05
827	0.00033652289370568944
3686	3.130002021159541e-05
6024	0.00018913559783519188
6529	0.00011403326213084514
10590	3.130002021159541e-05
10591	0.00015681520385880195
3814	6.889647374090624e-05
1759	0.00010462980453740983
64	0.00014754119982374536
2733	0.00014411772502380987
4132	5.394653090686193e-05
10490	7.332302155899412e-05
8527	5.1424845926759773e-05
1835	3.9515394202053457e-05
9471	5.67810081791799e-05
56	0.00010513013034721031
621	0.0003623663336217251
1675	3.130002021159541e-05
3530	7.469348767672108e-05
2408	0.00014727084175296593
7867	3.80848864892235e-05
8541	6.58344687062982e-05
907	3.964166411744718e-05
4416	0.0005178028826813354
799	4.305441031973358e-05
10592	6.400064614571832e-05
9	0.0004497782989339329
10593	4.9707691874046326e-05
3953	0.0001043923097087105
10169	7.80723932486731e-05
5897	5.353296482964999e-05
10594	0.00010488161186065562
2065	3.7276540731141246e-05
7101	9.774824937688285e-05
4828	0.00022768966608814929
626	5.9600888289127244e-05
8618	0.0002111576678041461
2517	6.488855334934946e-05
1468	4.473187428839235e-05
8469	5.5356214387014384e-05
7024	6.473707977160229e-05
8371	0.0001242291804554001
8731	0.0002666732454620614
538	3.130002021159541e-05
7466	3.335917987774864e-05
4488	0.00010498859855822756
10595	0.00019180786178030936
6546	3.130002021159541e-05
4674	3.788219755017571e-05
2223	4.9725161334714566e-05
1715	3.130002021159541e-05
3904	0.00014551858199269953
1910	3.130002021159541e-05
4570	4.59213993914025e-05
1054	0.00012206418350562008
9730	3.849898320790136e-05
6573	8.781963829334843e-05
6607	5.3341219833710504e-05
1258	0.0003754451639170212
3085	3.130002021159541e-05
10596	4.324033543161253e-05
3475	7.634702508397496e-05
5605	8.472375779019399e-05
4685	3.130002021159541e-05
2724	0.0002551470221178691
7252	9.929152212368131e-05
1575	4.226746503367165e-05
4194	0.00027842966158573597
8935	0.00012092838286674207
7337	8.380973157236335e-05
5436	0.00017925246546748053
161	7.74685714199923e-05
742	0.00019787309589246974
3919	0.00021544585834033694
6427	4.543199409503441e-05
278	0.00013883804071609834
758	5.068622739234568e-05
745	0.00015107486011164907
8567	0.0001526386654494424
875	3.130002021159541e-05
10597	6.11359048377392e-05
2337	0.0005493527227255626
5266	7.129269000765241e-05
2138	0.00019969229433705883
4081	0.00017311391099499525
9654	3.130002021159541e-05
9084	4.0208671095954183e-05
5969	8.516205910572767e-05
4420	3.94489580470014e-05
3430	3.130002021159541e-05
7152	9.067301253820468e-05
1408	0.0001413891217365805
2417	3.130002021159541e-05
10598	0.00014010411717317698
7281	3.130002021159541e-05
10456	0.00018644733270524336
8894	0.00015713709443895807
3550	3.95488162098897e-05
9564	3.130002021159541e-05
3389	4.447814250985204e-05
10496	8.194847511816109e-05
10599	3.130002021159541e-05
4611	3.822992294142205e-05
2276	3.130002021159541e-05
3150	0.00047457484069175657
2838	0.00017678862688094688
10600	3.130002021159541e-05
7752	9.546982051611075e-05
3411	4.269988679389483e-05
1344	0.00019939674659479232
2658	4.9853282644789e-05
6111	3.772125659747613e-05
6977	9.117382260716273e-05
8716	3.130002021159541e-05
9338	6.936225802778615e-05
7850	3.737422909704422e-05
10601	3.130002021159541e-05
4647	0.0002670383266804642
2393	3.130002021159541e-05
6932	6.65517647258221e-05
10459	3.669681496166741e-05
4012	6.749541843687379e-05
6209	4.6907676513660335e-05
2868	0.00014244817185298393
7183	0.0001784923563984107
5382	0.000383632244743335
3559	7.258420020256932e-05
9327	5.0542809568563816e-05
6415	3.130002021159541e-05
589	0.00014444573036756413
10602	4.353674131716816e-05
2818	8.276017331388847e-05
450	9.077182832593455e-05
8139	3.130002021159541e-05
1073	0.00015081452829318297
2300	0.00019354794750713633
7567	0.00013302789622723118
4064	7.402452787937564e-05
648	5.4847039123192945e-05
2123	0.0018641203223041282
4030	3.130002021159541e-05
1714	4.5452398229413094e-05
10603	3.39809870306397e-05
970	8.695463194393602e-05
10604	4.043306104189331e-05
8901	6.309051146121658e-05
7070	4.071586709224426e-05
4087	4.527091344477111e-05
7490	3.18322716472777e-05
5318	3.130002021159541e-05
10605	4.776359064956187e-05
3722	0.00014007913269890494
7590	9.029744246962396e-05
335	8.198764980463934e-05
8175	4.7107738978841574e-05
790	0.0003912395473344305
8124	4.613853015766218e-05
234	0.00013392339053336027
5348	3.130002021159541e-05
3602	5.038024443300624e-05
7572	3.761638877942343e-05
9155	0.0008979783947245846
5744	0.0006930449418640523
2617	5.571539516544126e-05
896	0.0011660843186951206
2481	0.00016491075019393114
8792	5.28859348971411e-05
3687	0.00011813269533322631
10606	3.130002021159541e-05
10186	5.4249078424456364e-05
4459	0.0002857569662542302
7524	0.00015468493362204506
811	0.00011626333482764827
10607	4.241277085142072e-05
1619	0.000731037959749686
8279	5.55441655243694e-05
923	0.00027954288319707686
10608	5.321665768653161e-05
7475	9.123494386658218e-05
2760	0.00015743501619085902
10014	3.130002021159541e-05
6610	7.222377558562767e-05
3938	4.0731790161954435e-05
2841	0.0007551170054583146
1739	3.130002021159541e-05
665	7.708954177879662e-05
6471	3.130002021159541e-05
9923	3.130002021159541e-05
462	0.00011066261242605459
10609	3.130002021159541e-05
3388	0.00015391184122052326
3400	9.97585226096288e-05
5104	4.8653073573248944e-05
4679	0.00010618176831017596
9657	8.234912371435036e-05
127	0.0008038429822249778
10610	4.023688823413763e-05
6014	4.131823660803993e-05
7709	8.37420673887705e-05
3502	9.220188580523681e-05
7539	5.101930611824348e-05
7673	0.00010752146663810683
4101	0.0001530969505252354
2000	0.00030812994952572896
5831	4.0167618810232565e-05
2587	0.00017438157431338592
8501	5.0643711648159045e-05
8026	4.006164740123123e-05
2201	7.85262022396567e-05
9203	7.836816151452931e-05
1339	0.0003762058918819001
8613	5.26755770003878e-05
4104	0.00012879223095598244
8893	0.00010059238418303718
364	5.253494238571598e-05
7153	8.74528007428845e-05
8342	0.00014354970093675138
10611	5.321077954854719e-05
1251	0.0006425417933637625
7964	5.304842888938067e-05
3705	6.555861267496207e-05
6826	0.0019246911855490512
1182	3.60490760229644e-05
819	8.256140499579879e-05
2259	9.167599686594363e-05
10612	8.801493220147132e-05
1773	8.976459346727515e-05
480	4.791077331074744e-05
10613	4.372511626279389e-05
427	6.203837005375112e-05
2582	0.0004502026635237987
6645	5.867298372148827e-05
10614	3.130002021159541e-05
487	0.00015774750283390157
5603	3.130002021159541e-05
5655	0.00014219771682727375
86	0.000755734108850039
5856	0.00040838734549885513
5112	6.418419684707359e-05
8134	5.2847726779074115e-05
1883	7.872266211246765e-05
5134	0.00012170835314365496
3610	0.0003766679441072237
3694	3.7311539338557704e-05
9174	3.130002021159541e-05
9451	7.966447298862724e-05
1766	4.325377689625593e-05
6129	0.0001089013237408539
1296	6.562653864678311e-05
149	0.00021113745577376372
9652	3.8634727266197626e-05
7986	3.130002021159541e-05
642	0.0011551019062558854
1035	0.00035362586881651433
7204	7.451907617006724e-05
6541	3.130002021159541e-05
7172	0.00012282791007055298
1935	0.00013284225051577302
788	0.00018406722181997544
8588	4.722426154985227e-05
7848	3.130002021159541e-05
10615	4.225833894906351e-05
9269	0.00011222265633433715
6919	9.03306194057135e-05
7634	4.4078870918175374e-05
9699	3.132725755957395e-05
4497	0.00014433059065577168
2803	4.764943510652686e-05
1562	0.00012158258917498277
8307	0.00011738814999557573
386	3.722321155855478e-05
7879	6.642349852056646e-05
1156	0.0005820756794614259
1650	4.99512154246244e-05
9088	4.539260294291407e-05
92	7.467223304327747e-05
5715	7.058518691817223e-05
6869	3.130002021159541e-05
8439	5.165271662548005e-05
8412	0.00017993312918568194
1896	5.247883628067881e-05
7329	7.861046867715246e-05
598	6.144642399951252e-05
9285	3.6605678185341774e-05
1167	3.130002021159541e-05
9558	4.861466430393752e-05
4285	0.0001387268987886739
3367	0.0002479668639055034
3971	0.0001272259687781217
10055	9.203287843309024e-05
6844	5.251649678190317e-05
10616	0.00012214872922185286
2187	0.00032320741630496207
1778	0.00016002593703152418
10617	6.609265576613558e-05
1057	3.130002021159541e-05
2295	0.00010868715226505931
4638	6.277869471705186e-05
10618	5.1940680237003696e-05
3099	6.963372839991904e-05
2277	0.00014604786532357476
4763	0.00021839747838004681
10619	4.761628775594612e-05
5732	0.0003337482989993814
10620	8.1366507880281e-05
8702	3.751906095321333e-05
3499	6.181848120706762e-05
7131	9.030457380551965e-05
7836	9.918162299613227e-05
1706	0.00013255913867067884
2898	3.130002021159541e-05
9368	5.8531305377167414e-05
3382	0.00013736837447292396
4764	5.636611852418397e-05
6446	9.829790944088432e-05
822	4.2325665333866504e-05
2817	7.331925972475774e-05
5887	0.00012355351580700555
10019	3.130002021159541e-05
6893	5.47493983458743e-05
7680	3.130002021159541e-05
602	0.00019483708817814784
10089	3.130002021159541e-05
7378	3.130002021159541e-05
1600	0.0005395124654579067
8766	0.00015356369210866314
1914	7.10203783744193e-05
2625	9.531039010317452e-05
7488	0.00010127517124192478
8044	7.315705792924139e-05
10262	7.02382485357964e-05
8481	3.167274091322553e-05
8374	7.522835771233846e-05
8610	6.426707635106356e-05
3723	3.130002021159541e-05
1038	6.11071891657231e-05
10621	5.0307834990366005e-05
5654	3.130002021159541e-05
4349	3.7341144118557536e-05
2870	7.177271224592449e-05
10622	3.130002021159541e-05
8482	6.22649175399165e-05
9848	3.186239355104248e-05
10623	0.00015044494771169348
5999	0.0009900637682256422
7521	0.0003806452797162039
10624	7.655501830608302e-05
870	7.190879650891006e-05
3932	6.758300550178167e-05
4636	6.739530160367223e-05
6387	6.729913299674169e-05
3182	3.150065811401627e-05
1304	5.045337050954218e-05
165	7.152273851525592e-05
10625	5.449878117501215e-05
8871	0.00013835477611518247
2964	4.1989584088432074e-05
200	5.357189166645101e-05
8561	9.53027980980707e-05
4894	5.02277311942991e-05
8880	4.490864924758053e-05
10626	3.780111696156455e-05
4076	0.00013420290429239586
4931	5.535469403055926e-05
137	9.578547589863162e-05
7353	3.130002021159541e-05
2004	0.00013643478695176157
1713	0.00010214483949664646
5176	4.117472952026704e-05
9610	6.361719706579693e-05
2389	0.00010749136169101858
4945	8.88164006313139e-05
21	8.627863660040667e-05
2402	0.00021495931127878145
5478	4.56006161385218e-05
4313	6.317313029834259e-05
7007	3.281509821164541e-05
10627	4.405659361155083e-05
812	3.130002021159541e-05
8015	8.151176255926884e-05
1549	0.0001045693881641927
5832	0.00012128302411163654
5408	0.00037968391076380125
6605	0.00016130945731195203
10628	3.130002021159541e-05
1037	8.137697068847173e-05
2660	3.130002021159541e-05
10629	4.527379736487281e-05
6389	6.870022191782423e-05
5595	7.498196766146325e-05
10630	3.130002021159541e-05
10631	4.78424639288728e-05
3998	3.216140263007496e-05
2784	0.00010358778049841626
8855	9.320092391768584e-05
4469	4.856377649509488e-05
7571	0.0001348292058983604
1356	7.947637854141185e-05
2301	3.130002021159541e-05
723	5.1032055030811094e-05
4760	0.00011534762195219408
7669	6.53227909577579e-05
5499	4.972729951372146e-05
2581	4.508232034219154e-05
10632	8.953055639589034e-05
1917	7.23082825204306e-05
8144	8.034443695301244e-05
737	3.130002021159541e-05
10457	0.00010992691221651377
5861	3.130002021159541e-05
1052	5.24157638055536e-05
4807	3.130002021159541e-05
6503	4.522062594291453e-05
418	0.00010392439077335527
6910	3.130002021159541e-05
1948	0.0003020163293702521
7647	8.676686789345706e-05
446	3.130002021159541e-05
10633	6.575761955041141e-05
2057	9.457691066927753e-05
6578	6.7297117191402e-05
72	0.0002762461263527041
10634	3.130002021159541e-05
7403	0.00011602108063273652
3333	8.189245901346661e-05
6873	5.257433389043437e-05
3366	0.00013833980346693355
1978	0.0015383149283000532
7617	4.101679375711222e-05
7801	5.6575014004038305e-05
2158	0.0005502732412751875
3800	3.130002021159541e-05
1819	6.448690281911465e-05
2570	4.4408660039701076e-05
5227	5.304457429450478e-05
3300	4.878607462339339e-05
1723	9.90849215138372e-05
4910	3.130002021159541e-05
7470	5.234770022248759e-05
4410	8.370359574668367e-05
544	5.0806763713978107e-05
4292	7.36488470129965e-05
2521	0.00016205568084651695
68	3.130002021159541e-05
412	0.0005197855353193118
9393	9.880906935194549e-05
10389	5.916403095388747e-05
8091	3.130002021159541e-05
346	0.0016317377312793483
1899	6.941496439410735e-05
4426	0.00013549586076104454
1561	0.0001326441190295276
820	3.130002021159541e-05
1594	3.905889310317288e-05
5708	0.0002969427464568202
10468	6.222936736409691e-05
8028	8.621649755880034e-05
3849	0.00011757047601311705
7679	0.00017546769606281465
3638	0.000569697831639876
8534	9.046449678588324e-05
10635	7.124909861040124e-05
517	0.00019961179531951544
5827	9.33951441023045e-05
8895	5.245988529675509e-05
493	7.32007842528517e-05
9403	4.179767933369055e-05
4783	3.130002021159541e-05
10266	4.946888150327147e-05
3088	0.00010015202593911587
10636	4.7779078040231366e-05
5136	6.867322535827349e-05
3882	6.280815637347538e-05
3536	0.00014679927216094062
4871	8.134219086876167e-05
9632	0.00025876023504891183
6654	3.1433068618225646e-05
9145	3.130002021159541e-05
9630	3.130002021159541e-05
2029	0.00011700299614913494
2285	4.892147598559024e-05
9928	3.130002021159541e-05
8909	8.772925912241194e-05
2787	3.130002021159541e-05
4929	9.388447437358184e-05
4082	5.321077876017031e-05
2684	4.7244510534792566e-05
10637	3.130002021159541e-05
114	0.0012817948003240771
4432	4.094883839557426e-05
583	3.130002021159541e-05
1928	4.3632673199445386e-05
5741	7.643347866766185e-05
10638	0.0001360072915498801
924	0.00015081277239906797
2876	6.744971370086517e-05
4844	5.8604534968306914e-05
10079	5.668462677014279e-05
2403	0.00017673738818716766
833	7.580737404629684e-05
5352	0.0001910650898411535
2730	8.625067440927942e-05
5110	0.00017029945780758582
10639	4.2593546783738557e-05
4650	0.0001269654995608187
2281	0.00032377714745060926
10640	4.497073775867079e-05
7211	0.00010712347187486984
4580	0.00023842558686646163
8920	5.609000485883494e-05
6804	3.753003703162462e-05
4704	3.130002021159541e-05
8193	3.8574123711790575e-05
6783	0.00018032445817401746
1327	3.130002021159541e-05
4248	3.332736165327176e-05
5384	0.00011802871211181554
10641	0.00012365713476208991
5645	4.108622673383051e-05
9712	9.736378934179445e-05
8843	4.8762016010159966e-05
6068	8.072002397934748e-05
1264	3.130002021159541e-05
5370	3.130002021159541e-05
531	5.203637850834117e-05
3284	0.0003304229687301716
8630	0.00015895565118007388
10472	5.442729212764202e-05
6814	5.778015013421987e-05
9964	3.213338676613129e-05
2032	7.58595252171282e-05
5103	4.021117873496429e-05
10642	3.130002021159541e-05
2683	6.487709388695871e-05
332	0.00017388777439924515
6119	3.130002021159541e-05
4788	8.18268727879129e-05
3799	3.130002021159541e-05
951	7.757722721322545e-05
8852	3.96875200795977e-05
356	5.4225224629602296e-05
10643	3.130002021159541e-05
9126	0.00012644419002137472
6501	6.800520179616436e-05
426	0.0016322444110811979
6036	7.044571054692113e-05
4593	9.761354526359085e-05
6203	0.0001406187051089656
4306	3.569864921067307e-05
4746	3.1672674082270245e-05
1091	4.911148037443406e-05
8127	6.449007973410016e-05
2590	4.956951690548945e-05
5250	9.34454168119487e-05
854	0.00014141523561897226
5046	4.207826649574357e-05
10644	4.1456809589754384e-05
10645	6.533655453543625e-05
1658	6.031131495679053e-05
1432	3.130002021159541e-05
10646	0.00010017028457321461
8306	8.896929315607379e-05
385	7.102009254612657e-05
6028	3.130002021159541e-05
31	0.000643970489897733
3052	4.383526644871349e-05
4552	4.552274965588243e-05
10647	0.00030461338809035756
4391	0.0002079472803262089
6215	7.214199595774485e-05
2522	0.00014158482979414577
1742	0.00010821641735733563
6985	5.706061703828943e-05
5297	4.076792007128562e-05
7262	3.130002021159541e-05
6189	5.0357631479389334e-05
10648	8.51474187805629e-05
5243	0.00013220078997852442
10649	6.590979504745724e-05
3917	6.388190716743608e-05
1705	0.00010900552549417383
2865	4.2897132460644036e-05
9401	6.363006301805189e-05
10650	3.193392383318528e-05
6868	0.00010942348427296774
10651	3.844713321175915e-05
391	5.822541004367034e-05
10652	7.159166711102491e-05
4274	0.00010521305472549394
10431	6.405742519532563e-05
10653	7.17818312711137e-05
1752	3.2865272680982636e-05
8570	3.130866428351715e-05
10654	0.00014714751771290275
1688	8.854919858781169e-05
670	8.09286589733329e-05
39	0.00018814795732490275
7876	3.1643211687793076e-05
9223	3.990520308122914e-05
10655	3.130002021159541e-05
3391	5.8724628082398295e-05
10136	8.549495575912151e-05
6255	8.181406006339299e-05
2645	4.2370879320862633e-05
1055	9.434243731531406e-05
4558	0.00011631408496113306
10656	5.8439930240601374e-05
5122	3.130002021159541e-05
4847	5.669284530333838e-05
8250	5.774334877238346e-05
3452	0.00010036824115394324
10657	4.0169163750716946e-05
9370	0.00016584283088761284
10658	0.00011874797858197012
6156	5.577288945923155e-05
2180	0.0002669234255667868
2394	0.00011939329194482481
8070	0.00018064878378731863
4643	9.340349489153461e-05
516	3.9449715720245644e-05
2325	6.677038565151516e-05
5458	3.130002021159541e-05
10360	5.321665768653161e-05
9170	3.130002021159541e-05
4628	4.086713561491933e-05
3640	9.197606646850858e-05
4873	4.519618735512263e-05
3312	0.00012393681094914844
8288	8.55439641842405e-05
2618	5.676271090523638e-05
10659	3.130002021159541e-05
977	9.66269521622391e-05
5509	0.00026444765195768446
1656	5.0441819226288586e-05
10660	6.287904014746457e-05
2592	0.0001938124396943597
8974	3.130002021159541e-05
10661	0.00020581888565297476
10012	3.5448537664398514e-05
6092	5.102078158864308e-05
8761	3.8831261765120994e-05
1011	0.00042430431433664896
4224	8.921257522344646e-05
3172	4.703163874222031e-05
3429	3.852306846595629e-05
10662	3.230912975217264e-05
3788	0.00020272156847729868
3967	3.130002021159541e-05
2911	0.00015352877150052313
10663	4.225833894906351e-05
3463	4.0466871927154916e-05
5825	5.88821613926139e-05
5904	6.632068617421391e-05
1127	3.143920144153115e-05
6242	3.130002021159541e-05
7422	0.00013409580319770343
772	3.130002021159541e-05
3441	6.410916993866681e-05
2708	6.367716910385049e-05
10664	7.107679364568858e-05
10665	4.4486302700324476e-05
10666	7.355584300257234e-05
1202	0.00011263308650874432
1443	4.757743362547657e-05
10667	3.198262021521192e-05
5711	0.0001491278713676858
10374	4.583401388219122e-05
7343	5.897871949158475e-05
9553	0.00013522672995358215
7855	3.130002021159541e-05
8540	8.624622802220697e-05
8669	4.903773887445115e-05
3743	4.754302739981498e-05
1206	8.770427876783737e-05
10668	4.973521558886695e-05
10669	6.348572987945812e-05
8730	3.130002021159541e-05
4610	0.0002038318915354439
6392	0.0001150116030607902
4168	0.0001476571135280194
10670	4.255913431375235e-05
4509	3.130002021159541e-05
10671	3.130295849252783e-05
7449	6.011395414593903e-05
9153	5.2190090987591444e-05
9152	6.448736454517498e-05
6098	3.130002021159541e-05
8779	6.49168060287162e-05
647	0.000501905867680081
10064	0.00010187607150165601
27	3.589860824525067e-05
4920	8.898527624989205e-05
217	0.0004987254885230356
10672	5.717254635608662e-05
8275	4.44748992911663e-05
1496	0.00016098179256959452
3221	3.820239883387782e-05
6470	4.286423583816415e-05
10673	3.919181502129775e-05
8711	4.6095153321582344e-05
10017	3.130002021159541e-05
5278	0.0007362122598642714
6574	6.299433914897256e-05
3068	4.0564332969892394e-05
3078	0.0002536580009854283
4906	3.181030774279299e-05
2399	3.130002021159541e-05
8899	4.513404610516621e-05
3378	5.827434325767074e-05
10000	5.830203474981578e-05
6236	3.130002021159541e-05
7292	0.00012197925907670386
4056	5.2590414917762416e-05
5356	7.283678794532599e-05
10674	3.130002021159541e-05
9729	6.952109463742736e-05
5117	5.341086563634507e-05
998	3.130002021159541e-05
1066	3.5155050760286556e-05
8270	6.726606604027233e-05
4187	0.00011435939497755513
6018	8.393968766683572e-05
10675	3.130002021159541e-05
4099	0.00012653774752347858
9212	0.00011773926438245363
7779	4.6718388208964685e-05
9736	3.1305895198185666e-05
3643	5.522098753678046e-05
10676	3.749086365694583e-05
5351	3.1330505352169446e-05
10677	3.130002021159541e-05
6727	3.130002021159541e-05
10678	3.796002723733354e-05
6010	8.313547012276008e-05
5150	5.6538080348063706e-05
8451	6.837761647401654e-05
1668	8.83813441941633e-05
10679	5.280444897181341e-05
4770	4.3825347531733956e-05
2749	5.537635668905544e-05
5282	0.00012708804750955
10680	3.892068364912363e-05
6565	0.00017092848927165676
6522	0.00015181115036628853
10681	4.858598090415315e-05
7214	6.244746306729326e-05
6662	7.560985610007995e-05
10485	9.620584743077036e-05
2467	9.293303103533531e-05
5518	6.850038722480798e-05
3480	6.880522072773605e-05
2016	0.00015328286346762436
10256	6.896223587150508e-05
10682	9.477254565301249e-05
3325	0.00015335854697563065
10683	3.257713436129009e-05
10684	4.3528361420069525e-05
6548	4.121863470493748e-05
9868	0.0001269747734042826
957	3.130002021159541e-05
10685	3.130002021159541e-05
10686	6.206779982252753e-05
2536	6.223595449189553e-05
10687	6.898769239736904e-05
441	3.130002021159541e-05
5159	0.00012690669710067984
6808	8.355246972659299e-05
5962	4.3748164211719894e-05
2546	4.5908873541233836e-05
5992	3.130002021159541e-05
229	0.00016486957719173516
816	0.0001020680319878589
6118	0.00010352707550050129
10688	5.779011798513486e-05
5088	0.0001497429171111058
5752	8.997433359883838e-05
9069	0.0001857659498469088
9259	3.130002021159541e-05
6365	9.862638693862577e-05
948	5.2645096517114106e-05
978	6.636356559437128e-05
10689	8.891279554945869e-05
2013	3.130002021159541e-05
10288	9.62846105527714e-05
7202	0.00011002919403077792
9096	5.66435470898333e-05
2585	0.00011942826151556038
10690	6.000108955447802e-05
240	0.0009452944114870832
9068	4.7979998541003175e-05
10691	3.7229465372617834e-05
3103	6.129936274893507e-05
684	7.09412164587015e-05
5852	3.130002021159541e-05
2355	0.0002446683042815605
9348	0.0001479449824406025
4549	0.00040367104480477255
2778	3.130883741857205e-05
59	6.945647101911974e-05
4514	5.129865585321421e-05
10692	3.130002021159541e-05
7200	3.130002021159541e-05
10693	7.257216053526829e-05
5063	8.19531521643968e-05
7938	4.345802471699117e-05
3574	5.520802981415683e-05
906	0.00012084419027821706
10507	3.134680031179144e-05
10694	4.3842549438224794e-05
3080	0.0001029332994734495
7062	0.00015329347342931199
2063	6.56208922068928e-05
10695	4.6735068659425834e-05
995	0.000251682868653764
7404	5.258091766988992e-05
1789	0.00035518042428615035
6807	7.877832205127556e-05
10696	3.187147525160181e-05
6496	0.0003027326790634362
6320	0.00011234142600356024
1622	8.297646417973809e-05
2606	3.130002021159541e-05
3871	0.00010947759349296565
1717	7.862257245949876e-05
912	0.0002710490190333849
6980	0.0005718943617203365
3043	3.692710202404062e-05
5074	5.080701093840925e-05
254	7.682227827491733e-05
2542	3.307608109589659e-05
6494	3.6984363367036476e-05
7194	3.1931480051550855e-05
2941	9.4321785239287e-05
468	6.12890150974152e-05
6058	5.631093083725008e-05
9562	7.293351113420288e-05
1979	5.7784196425842416e-05
8727	6.975231554623583e-05
89	0.0024992309610454154
172	0.0002898785924025607
1370	0.00015860741809600588
6115	3.130002021159541e-05
3438	0.0003128592043477103
5774	3.130002021159541e-05
4900	3.130002021159541e-05
10697	4.1561245272218365e-05
3727	3.130002021159541e-05
3038	4.455039333061666e-05
7706	0.00015687352326450247
981	7.838658843946518e-05
8783	3.9334797370315974e-05
7195	6.281959426681646e-05
557	0.0009701140073107368
10698	4.4913879233446366e-05
5108	3.7891996630013726e-05
10699	3.130002021159541e-05
10700	4.885942142663358e-05
5054	6.694271872683422e-05
3997	4.567760058362013e-05
2052	0.0002599743192154997
10701	3.424300974835677e-05
5508	0.0002505336790470822
4811	5.160602424029984e-05
1993	0.0008754214584237163
8813	3.130002021159541e-05
10702	7.292987585175686e-05
1070	5.2063153810026516e-05
1195	0.00013374180900318385
415	0.0006216395717462003
3258	5.9544840347274424e-05
9039	3.130002021159541e-05
10703	6.63242454038409e-05
7661	8.201883999524332e-05
4214	3.130002021159541e-05
10163	3.4844718847434506e-05
5025	3.130002021159541e-05
10704	3.130002021159541e-05
7159	7.412967049066332e-05
9589	0.00015817481782681456
5575	3.130002021159541e-05
5811	6.799387345024198e-05
9798	4.699079784124349e-05
1530	6.0676504985650226e-05
6378	4.835082782724265e-05
9635	7.556184919361354e-05
1871	0.00028716126390461655
2251	4.167565245806763e-05
1138	7.926518781637578e-05
9180	0.00011572691968097297
5007	3.130002021159541e-05
3843	3.130002021159541e-05
7797	0.0003053416711198354
10705	3.130002021159541e-05
6858	5.047190241493034e-05
10706	3.130002021159541e-05
4776	7.263459699871573e-05
3196	7.612990379626339e-05
2871	0.00016326637275980844
2700	0.00018364472689213107
7918	4.123385907062341e-05
9524	4.3701532857948e-05
7684	4.029148881650957e-05
9992	0.00010132495196550523
5949	4.2370135149098966e-05
2616	0.00039699410071347897
5107	0.0001847716248836933
3448	8.471422001746422e-05
3801	6.635677376359207e-05
10707	0.00012431091382083802
774	0.00013438549945538826
5660	7.06620443523354e-05
6154	5.321665768653161e-05
1545	0.0001566353443550529
5771	0.00017824035830363852
10708	0.00015733892199518122
1440	3.130002021159541e-05
4996	0.0001642432226998136
4280	6.63384952776707e-05
32	3.999112511979269e-05
6101	4.806096478759397e-05
9682	4.771260644773992e-05
5704	0.00015511751446414086
1804	4.0145504774975524e-05
10709	3.130002021159541e-05
4123	0.0003169156569691937
4100	5.1959191665301694e-05
5973	7.050096910447667e-05
2014	6.934677321086252e-05
5347	0.00011648991969578107
10710	6.172773025838791e-05
8898	0.00027309816327850876
1459	3.13278732112405e-05
2786	9.032339362298735e-05
10711	0.0001502182955376553
9664	3.130002021159541e-05
4296	5.659465112998043e-05
3543	3.130002021159541e-05
7408	4.0014280053482656e-05
130	0.0009087178604952199
6721	5.065366135033105e-05
2934	3.130002021159541e-05
10712	3.130589756141438e-05
3142	6.142628648759748e-05
7605	8.822800961043344e-05
8750	4.874058012580552e-05
3625	7.322693564730366e-05
7228	4.9115921974670336e-05
5580	3.130002021159541e-05
5331	0.00013335380356546052
7307	4.655934310147014e-05
10135	3.130002021159541e-05
3937	7.251458161016742e-05
3156	8.072949474795443e-05
9254	6.892800723433474e-05
4500	8.447078240096538e-05
3624	6.148268159934643e-05
4673	4.2660375421569755e-05
107	5.80754124626918e-05
2835	0.00015650247878943338
1400	8.44850786321774e-05
6433	4.912032583320167e-05
7389	9.046544099091346e-05
9715	5.217481812597186e-05
5692	4.200575742531647e-05
2595	6.193480038949799e-05
5787	0.00011695622493111893
2793	4.2191149609105937e-05
3465	9.510484027770553e-05
10713	9.542205564337119e-05
6319	7.44015661321392e-05
3729	0.00010533040937434719
1310	0.00010281447803386172
2293	0.0006443909426837374
7976	4.854227171374509e-05
3223	3.130002021159541e-05
7409	3.826176102774258e-05
10714	3.130002021159541e-05
2351	6.899561080891268e-05
4153	5.241055821974098e-05
3364	3.130002021159541e-05
4567	0.00010726258230468822
9668	0.00013485567655154265
1329	4.6792031718456456e-05
10715	7.43102248941091e-05
5431	3.130002021159541e-05
8104	3.971354163688191e-05
930	7.942878840967904e-05
8938	4.2337664541495425e-05
10716	3.130002021159541e-05
10717	9.271560351728847e-05
8333	4.9054668345189035e-05
8251	0.00016303979151895432
3532	9.27561982300401e-05
7453	0.00011983211668619277
2333	0.00010029611870199627
5346	3.130002021159541e-05
5391	5.138853391628269e-05
9566	5.778703495087316e-05
5783	7.513815908178937e-05
8060	6.445195544067585e-05
7703	6.09763152348284e-05
2131	4.324405301951577e-05
7672	4.1664561151396346e-05
10718	7.221835791822391e-05
8128	3.130002021159541e-05
10719	3.13029588865049e-05
8170	3.130002021159541e-05
9080	6.266906267912809e-05
881	4.1048182160812114e-05
10720	7.778536498601923e-05
3521	4.476969319331306e-05
6590	5.976475321035933e-05
7511	4.802508076931736e-05
2073	0.00011573630220658353
2310	4.085797301745833e-05
1096	0.0007193798652763911
9265	3.98810266451754e-05
8708	5.156869689732337e-05
10721	3.959600718297927e-05
8051	5.596325500947296e-05
8942	0.00010363282688194607
6638	5.130574041044564e-05
7841	5.826353633621217e-05
683	0.0009021737814724972
2798	5.1982122529165164e-05
10722	4.919030770601053e-05
1410	3.130002021159541e-05
9499	9.080096218125016e-05
659	0.00010604323799161063
6743	6.661736736827308e-05
10723	7.710034209013255e-05
4857	3.130002021159541e-05
1047	3.133879512309108e-05
1499	5.5996307536959004e-05
1570	3.130002021159541e-05
8617	4.9442910448553807e-05
7973	0.0001051037946448249
10724	0.00014405155298788066
6234	7.101072226142494e-05
10725	3.130002021159541e-05
576	6.726859825168695e-05
2302	0.0004027964589835306
1825	6.215075947949432e-05
4768	3.679122632085338e-05
10726	6.553799602786108e-05
10727	4.6766989477248826e-05
6104	3.1320604350729934e-05
4348	5.52312710051804e-05
3804	0.00030546289905396013
4523	5.947276066251857e-05
5073	9.932544012263963e-05
3621	0.00020630312781246603
5317	6.550971917906435e-05
10728	4.0971022139450034e-05
4605	5.3970836276325065e-05
4640	3.476624148849732e-05
4468	5.440392321638616e-05
6788	0.00012452362800723928
9756	3.7813985166639055e-05
7083	0.00010499028620248284
7685	3.130002021159541e-05
1603	5.062220367455666e-05
10172	3.130002021159541e-05
1210	0.0001423296907701075
9434	3.786168538412582e-05
4821	0.00010076070807066778
9395	6.0561263297002295e-05
1190	0.00011465808839761685
4670	3.130002021159541e-05
10271	4.65467347637583e-05
4374	9.951524131652226e-05
533	0.00023114166820008652
5114	0.00014334864850213598
2779	3.130002021159541e-05
10729	5.381712099831241e-05
8429	7.13505494220309e-05
3215	0.00010876459474537661
749	0.0013126769373303397
5440	5.048482702250075e-05
2892	7.792832546452992e-05
10730	5.097081589104302e-05
9901	6.242329035103997e-05
632	9.66900844965224e-05
141	0.00045204161079169183
4527	5.3767157792951884e-05
10731	5.123604664767762e-05
4166	0.00013731982287602413
6473	0.0001004413931688888
10732	3.130002021159541e-05
7222	3.1814837518342144e-05
5417	5.59805980161116e-05
6608	0.00016498588419405067
3646	3.130002021159541e-05
3349	3.130002021159541e-05
10733	3.334358238396808e-05
6284	0.00012034677213779767
8142	6.617947406480024e-05
1476	3.130002021159541e-05
8808	0.0001701737971023017
2978	0.00011027268759366253
6408	5.958571403681341e-05
4686	0.00012809502654539156
7832	5.2549361924851804e-05
10734	3.686256024024012e-05
9171	3.320746157210531e-05
4548	0.00016801092090143883
10735	6.092938730198377e-05
3414	0.0008606023861451918
7777	4.036039615271786e-05
4035	8.934456653703144e-05
196	9.230357144266021e-05
5284	3.130002021159541e-05
8673	6.184267979311557e-05
612	3.130002021159541e-05
3929	0.00015325127712867643
3618	8.427841492663623e-05
2008	7.043629861726082e-05
8452	3.130002021159541e-05
8542	0.00020481567049110617
8698	3.130002021159541e-05
2485	4.147531869857418e-05
10736	3.130002021159541e-05
4661	3.136394690504678e-05
7114	0.00011780647038156286
10737	3.130002021159541e-05
562	0.0006184349200082111
9991	0.00014011824041589526
2022	7.091025793002164e-05
7762	6.0425378519944004e-05
4863	4.777063313389953e-05
380	0.0007377926697956921
2238	5.705818445384441e-05
4495	5.5464701430279104e-05
10738	6.455661448012643e-05
2859	3.9181175122419106e-05
5560	6.933095649036754e-05
242	0.00013785522822655716
9365	3.3755769751317934e-05
1043	0.0003295858148055385
6336	5.60576185120138e-05
5892	5.1516147966409266e-05
9646	3.130002021159541e-05
3361	3.730912915990994e-05
4494	5.859012301181882e-05
10739	4.7702973794378696e-05
8227	0.00019117628733597247
10740	4.009144660833233e-05
6271	3.130002021159541e-05
8521	5.7618478448747014e-05
5984	3.130002021159541e-05
10046	0.00015837893125073365
10741	3.130002021159541e-05
9465	3.130002021159541e-05
5879	0.00019486749694717917
9074	0.000176183275875859
10742	3.9530796475909365e-05
10743	0.00010519175004329898
1000	0.00018306666460135823
4044	4.210784709377221e-05
5020	3.930639935899548e-05
2409	8.404168506530314e-05
2758	8.370616107463387e-05
3065	6.0887938547710587e-05
856	5.321371822335096e-05
6040	4.861191010757586e-05
4665	0.00010384147853526135
3274	0.00015351985272939498
1808	8.921218517650545e-05
10744	3.130002021159541e-05
2273	3.666718446026327e-05
1001	0.0001170094653339489
2632	5.0992212546104444e-05
5998	7.171059344982631e-05
3560	0.00020416846682240976
10745	3.698651233586362e-05
726	0.00013266297130906033
5096	3.130002021159541e-05
1964	5.535632783615207e-05
6648	4.892790199917621e-05
7446	3.130002021159541e-05
4267	0.0002588563735848397
692	8.534351108340277e-05
5361	0.00018254684933244125
2861	0.00027835699056773933
8334	0.0006046518654025196
7707	3.130002021159541e-05
8079	4.764646708581719e-05
1187	0.00017707807016875725
5295	6.253271037422916e-05
894	3.130002021159541e-05
9602	3.270125729350695e-05
9252	8.851061005190651e-05
4230	0.00010329125830515248
8085	3.947951787259882e-05
6853	0.0001591244304831032
10366	9.427524511168296e-05
571	0.00016018636156345188
8890	3.1356433936399227e-05
10746	7.470887049265377e-05
4298	7.539294263250585e-05
2352	0.0002120196046208775
4867	6.760872412812089e-05
10230	3.130002021159541e-05
9763	8.092607913675351e-05
7717	0.00011259554000854968
8276	4.2521569166054404e-05
1371	0.0015167604942728859
430	0.000214540129221343
6029	8.891726484441286e-05
2737	4.6620445837339985e-05
8361	7.118938061199931e-05
3149	3.130002021159541e-05
2230	5.321665768653161e-05
6666	3.130002021159541e-05
10747	4.913964282890794e-05
5546	0.00012829308519599493
10748	3.130002021159541e-05
1294	5.6482312049428187e-05
9833	4.675578399352423e-05
10749	3.130002021159541e-05
259	6.238510715589763e-05
1303	6.454706475318756e-05
129	3.130002021159541e-05
2857	0.00026779590633737915
10750	0.00014542541271759534
501	8.368680588917344e-05
862	0.00019719329591588166
10751	8.856413685879051e-05
804	0.000354500525517127
1453	0.00031267886878741955
7261	7.956272273467534e-05
5452	9.791514823612705e-05
9045	5.336996624375598e-05
7538	3.130002021159541e-05
10350	9.398736640547971e-05
6375	3.924470191168004e-05
1089	0.0001295220418752278
10752	5.395243418261898e-05
3628	6.294665200126143e-05
1551	0.0003085110672351315
8430	0.0001415087758762199
5192	0.00022139225778510375
5699	4.942319856800232e-05
5388	3.330063885348394e-05
10236	8.328357447000222e-05
443	3.130002021159541e-05
6359	9.425502848005464e-05
10177	4.934742601435252e-05
8989	8.57218951491714e-05
4436	3.130002021159541e-05
4749	0.00010723126718585331
1491	8.189070125963298e-05
7324	7.032267827468423e-05
7873	5.7009361609481456e-05
9593	6.739589084809515e-05
1254	3.130002021159541e-05
10753	0.00016071235648228055
10754	3.130002021159541e-05
10357	7.559814913713189e-05
1288	8.796803003799689e-05
5881	5.009793760481073e-05
1242	0.0004135651445784272
7033	3.130002021159541e-05
10755	3.131177806431802e-05
10756	0.00012460726517046926
6736	0.0002513063392938443
10102	6.854084355147443e-05
6224	0.00015225025129815006
663	3.963866674098037e-05
2499	9.22165814818391e-05
1497	3.922297026592893e-05
708	4.0136420193744345e-05
8314	7.190770665237918e-05
10757	3.130002021159541e-05
10053	0.0001026647802809092
7936	4.442742037305546e-05
8214	3.130002021159541e-05
448	0.0001529079027436099
6713	3.130002021159541e-05
5310	5.162848558286663e-05
1442	0.00010059618049857751
3308	8.328935882714753e-05
6342	3.130002021159541e-05
6577	4.9580425147278794e-05
8105	7.028361266284124e-05
4135	0.0001060517336904674
3484	8.7138901349113e-05
6556	0.00011122879568553883
7804	3.9078982807411274e-05
9377	6.931638333489175e-05
709	3.130002021159541e-05
4621	4.466084440086642e-05
813	0.0004996301660591873
5835	0.0001073296639523799
7005	8.494040929340557e-05
4	0.00012829004307697873
5696	3.9730076366714914e-05
6435	6.779090020236058e-05
5814	0.00013773932767196883
2287	7.037945375128647e-05
10758	5.75855892367134e-05
8825	5.3748962522099094e-05
6237	5.492274069014293e-05
566	0.00010927718010001185
6499	4.888136807680117e-05
6376	0.00010630884703995795
3257	0.00013739653326131336
4702	0.0002441970698731603
2646	0.000102821477287217
6678	3.9482821941533586e-05
3983	3.130002021159541e-05
7494	6.224081951751434e-05
1684	0.0003569435302454132
10759	7.88410219267533e-05
396	0.0002947958212859081
10101	7.933966280314044e-05
178	3.130002021159541e-05
4448	6.314215135708138e-05
9018	3.811687290518196e-05
3289	5.524027038733387e-05
1214	0.00045933424990102114
3992	4.022162372162203e-05
4303	3.130002021159541e-05
10760	4.269966061841956e-05
10761	3.130002021159541e-05
4301	4.4651261398210345e-05
4259	8.442534712189344e-05
7912	3.862555622052217e-05
3699	3.130002021159541e-05
3432	3.984810949468868e-05
8963	7.170487914071294e-05
1046	6.126242705066859e-05
10762	4.321765493630684e-05
1956	8.586419992020073e-05
9306	4.453349342985439e-05
6397	3.130002021159541e-05
932	3.130002021159541e-05
2101	5.242946076538339e-05
2020	0.00011856328667316171
3178	7.256133623956957e-05
9941	0.00010004185672968376
4594	0.0004711932531351395
7009	5.2600547771661334e-05
2890	5.972296135837232e-05
3386	9.199471926351282e-05
10763	3.130002021159541e-05
4215	6.380193281564384e-05
2435	9.763261160185388e-05
8585	0.0002727756420558493
9988	7.399848450839547e-05
10764	0.00015917033567986366
3318	3.130002021159541e-05
237	4.411218552830714e-05
2731	8.620989319485459e-05
310	5.471135303988366e-05
1387	3.1308836236323865e-05
2913	0.00017201311310304334
1858	5.105691410974159e-05
10765	0.00015254599078171985
1748	5.83018803364237e-05
8856	9.370223983727965e-05
7427	8.915951495064382e-05
5126	6.883351456295816e-05
4716	4.11560752917327e-05
6177	3.928213286693124e-05
4370	3.130002021159541e-05
10766	4.4087177658124445e-05
1904	9.694794877524194e-05
2141	0.00010526326899969182
1488	3.130002021159541e-05
6207	8.111791734701843e-05
5698	7.74754952262056e-05
4777	0.00012509673276357128
1133	0.00019927839592271827
5428	7.805117191276353e-05
3018	3.130002021159541e-05
3110	6.326820405329805e-05
4592	0.00014014107518175293
10767	3.130002021159541e-05
257	3.130002021159541e-05
8801	0.0002992146685851959
1103	0.0005425780580996176
3278	9.562301051244988e-05
3760	3.1510260885424336e-05
10768	5.3363998234660795e-05
5957	8.653859059110067e-05
3070	7.726197001280549e-05
7491	0.0001645637816533546
3856	7.435701567058325e-05
4967	4.1510652271002903e-05
2243	3.9522816166214655e-05
2324	3.130002021159541e-05
8798	5.363491548389244e-05
1508	7.239183192424826e-05
900	6.4818668778044e-05
4184	0.00013141431345848017
3301	5.824998810551482e-05
6391	3.651289513272703e-05
5886	0.00017888579166894656
4251	6.476226450828074e-05
10769	0.0005868946023850239
9550	5.056283479784617e-05
2191	0.00011283704927067257
2858	3.130002021159541e-05
1391	3.891169830072778e-05
4886	4.2206024090480325e-05
9772	3.130002021159541e-05
10770	4.336592876133872e-05
6709	3.9204476740741285e-05
10771	0.00011098619057397458
3928	3.249009897336892e-05
8179	3.135198877751854e-05
8025	3.130002021159541e-05
2482	5.3199020907447706e-05
1463	4.475700342488813e-05
8581	4.552335682906218e-05
6241	6.474516767773829e-05
6672	0.00010397954478281722
9159	0.0002645399522449949
1250	6.218914032081435e-05
2487	3.7274108835142595e-05
3102	3.130002021159541e-05
8873	0.0001221322068929293
1113	0.00016794366870841534
10772	3.130002021159541e-05
2144	4.862105493685742e-05
2143	0.0001290770037895086
8821	4.29930321353881e-05
9124	5.609033263543554e-05
10250	6.960069303228326e-05
10773	6.381394218890035e-05
2678	4.7075038463042415e-05
10774	3.130002021159541e-05
7277	5.1436573014353794e-05
5746	7.389065418436985e-05
10493	3.130002021159541e-05
6941	3.130002021159541e-05
4833	6.227481172818537e-05
6579	7.154966923593502e-05
9357	4.942558074049731e-05
390	6.83307458429758e-05
2729	8.12003863439284e-05
1308	3.1305895198185666e-05
10775	5.322077492281028e-05
212	8.601519360106328e-05
10776	3.152603453206477e-05
9335	6.84525004753932e-05
8640	0.0001106842080960112
8582	4.025315161007128e-05
4738	6.628168247644993e-05
555	0.00029037389022808436
8547	3.166512366459536e-05
5392	0.00037647863629629665
4573	0.000976881866947093
2380	4.762051362067485e-05
9613	4.725925367874925e-05
2415	4.0279347798796035e-05
1255	0.00012760477094659955
10777	3.130002021159541e-05
5671	5.503865781049718e-05
1372	4.329598428490591e-05
4393	0.00013574521975158655
3348	0.0001235494767082912
7811	3.7745558501103816e-05
1398	0.0002884719216262528
10239	4.7886882921554386e-05
3401	0.0001506696743557797
8176	4.184554392964661e-05
7232	7.615121766890746e-05
887	9.857756608642481e-05
1146	5.4484085835150486e-05
7384	8.076620128102862e-05
3678	5.410175621687191e-05
10778	3.901478573024253e-05
8453	4.186644755225284e-05
4090	3.130002021159541e-05
2349	3.506986467532109e-05
1176	3.663759128117471e-05
972	4.444477068624606e-05
7907	3.5236796150710347e-05
9893	8.261184111765179e-05
3974	6.536404893871318e-05
8902	8.908619908942284e-05
7455	5.824822397600289e-05
6700	6.082585264861682e-05
1907	3.130002021159541e-05
504	7.779968556340363e-05
10779	3.34820836562162e-05
10063	4.920320927588381e-05
10780	4.020421353273245e-05
30	0.00010567809880444149
8443	3.130002021159541e-05
7179	4.081298176002824e-05
10781	6.779946664263906e-05
7910	3.381957497415558e-05
3374	5.321665768653161e-05
945	4.6903512531890574e-05
10782	3.130002021159541e-05
4890	0.0002692257047402085
3268	0.0001013411402883234
369	0.0008900354122323832
5210	7.477801696606487e-05
4063	0.00022207995492315596
5865	7.185186141799877e-05
4206	5.2093961126480796e-05
4385	6.0695905157630964e-05
1458	6.692018699681735e-05
3295	6.569573769532408e-05
10783	3.130002021159541e-05
297	0.0002438124852296678
6961	5.736854554950244e-05
106	4.410808836648493e-05
2505	3.130002021159541e-05
2150	0.00027864727873406424
2496	3.7419532044403904e-05
6228	5.0184833568222604e-05
10784	4.0245346343738186e-05
3872	3.130002021159541e-05
6204	9.166365818588431e-05
69	3.130002021159541e-05
5069	6.163394051093215e-05
6465	4.621685551883167e-05
9073	3.130002021159541e-05
1166	0.00021461735867284637
5993	5.2788413138096545e-05
5202	5.519987517441165e-05
301	3.131749797612642e-05
10306	5.322890705301783e-05
5763	3.130002021159541e-05
2040	4.1249944421870614e-05
138	6.866359767525853e-05
9884	4.421691985888387e-05
10785	6.930540179277928e-05
4944	8.471859475840199e-05
10786	8.155847736873221e-05
818	0.00029959998688584735
2139	6.538974654120858e-05
10787	5.890689762799273e-05
10788	5.653866452198357e-05
6423	3.703743389271816e-05
3326	4.889967160917651e-05
8490	6.096710981639842e-05
10789	3.130002021159541e-05
3836	8.114563309862007e-05
1660	0.00017571109571499488
382	6.199124594093898e-05
10790	4.237381798722004e-05
7284	0.0006002070281494231
9047	4.091037174949573e-05
8646	4.146744791996242e-05
10403	6.535945655774763e-05
9248	5.258752150604759e-05
289	5.7965970739899385e-05
4405	6.523994594701468e-05
10791	3.130002021159541e-05
8330	3.978311006882409e-05
279	7.644818782470057e-05
3064	0.00018098941193598676
3297	0.0002517706025506598
10109	7.783627370784932e-05
378	0.000556149231822675
9544	8.89660139556342e-05
123	0.00014125577984075305
105	0.00015225629699770478
840	6.918085473791688e-05
10792	0.00014594101289526726
8544	3.282291397876762e-05
3421	0.0002574727358550635
5626	6.736910236847729e-05
630	3.130002021159541e-05
10793	6.729821932275384e-05
8023	5.161970615016464e-05
9497	0.00011987143026854152
2748	3.130002021159541e-05
2118	3.4073956889696586e-05
10794	4.4308634284613375e-05
9114	3.130002021159541e-05
6517	5.321665768653161e-05
615	3.2394016678497425e-05
10001	3.130002021159541e-05
614	0.00021362521902097768
550	3.130002021159541e-05
7818	4.427838141585502e-05
2573	0.00011966949833208505
2755	3.130002021159541e-05
8562	7.446717819416639e-05
77	0.0009574624831195963
6596	6.052350956880959e-05
9710	0.00047415025695351034
7310	3.130002021159541e-05
8741	8.990223078054238e-05
7523	6.430605190827793e-05
10795	8.828340867481703e-05
962	0.0001723649509532533
8407	3.130002021159541e-05
8468	5.109663133990172e-05
3859	9.986019843586278e-05
2427	4.4366399259749457e-05
122	3.1764945496357724e-05
6960	4.5593028171235264e-05
4478	3.130002021159541e-05
5945	4.8385663725748494e-05
573	3.130002021159541e-05
10796	3.131469896057348e-05
3249	3.130002021159541e-05
2011	7.06977408484312e-05
7586	3.130002021159541e-05
7862	7.58409694890825e-05
1348	3.585982781829037e-05
7471	3.130002021159541e-05
9885	3.130002021159541e-05
9733	6.331703002392138e-05
6348	3.959243320115215e-05
2347	3.130002021159541e-05
10072	0.00014145207347917606
10797	6.127638621195458e-05
8244	5.455015088874469e-05
3138	5.415390862835631e-05
10798	3.130002021159541e-05
679	5.321665768653161e-05
1698	3.130002021159541e-05
4489	3.3765821240034946e-05
9378	7.24862753660516e-05
3355	0.0001467938488304642
6170	6.776085718822943e-05
5350	7.263045258659712e-05
3024	0.00014710056922307167
8401	8.58012903501275e-05
8150	3.7483242429183235e-05
7495	3.130586701359629e-05
2635	3.130002021159541e-05
988	8.698113965382862e-05
7946	3.130002021159541e-05
10799	4.089850497754237e-05
4282	0.00010997101868292217
7229	7.233022491165563e-05
588	7.795294088097545e-05
1865	9.03798283928806e-05
3095	0.00020721209532313946
7588	3.130002021159541e-05
2088	8.51245051004448e-05
746	0.00024362165795316712
10138	0.00017240958200051695
10800	3.130002021159541e-05
1201	0.00012276094349257432
617	0.00011036220687697147
1950	0.00011922032868186825
387	3.130002021159541e-05
814	0.00011712621296723941
7442	6.624689099290339e-05
3945	3.130002021159541e-05
781	6.017938265887137e-05
1065	3.130002021159541e-05
10801	3.1308823252487745e-05
3589	5.320280392791867e-05
10802	3.130002021159541e-05
6521	4.20865448704929e-05
10803	3.130002021159541e-05
8202	4.227002617218714e-05
5087	3.130002021159541e-05
1799	0.00010755397901993468
457	0.00018418090872497153
1558	0.0019113931834288495
8178	7.584653173896477e-05
5561	3.130002021159541e-05
223	0.00026972028673327106
4324	7.050212736463579e-05
7531	0.00015742896813181263
807	4.465113537079248e-05
6956	0.00010341613343190054
8467	6.146729248714851e-05
10351	4.7231737411407445e-05
8216	0.00013862977804934333
9120	5.332541768167047e-05
8987	7.215772873269522e-05
4683	3.130002021159541e-05
2530	8.922200580219601e-05
4307	8.806290968386773e-05
1927	0.0003490259792435503
8694	5.6638620417645835e-05
5643	8.28013654423665e-05
3184	3.204702931712261e-05
3868	0.00014291455690198124
2234	5.93555038735323e-05
9407	7.97282065917612e-05
2690	3.1316410232030505e-05
7784	5.4214990339526355e-05
1583	6.291253552564681e-05
8378	9.44547337368045e-05
10804	3.130002021159541e-05
7441	3.130002021159541e-05
6303	5.259407759072863e-05
5924	6.882308884852592e-05
10805	5.434967540022688e-05
8036	3.9316235946255095e-05
5531	0.0001663932544642402
10806	0.00020387571709550018
10807	8.889609474776729e-05
3740	8.439706142707835e-05
10808	3.130002021159541e-05
3044	0.00016782949137299948
7544	3.130002021159541e-05
9888	3.774086873461274e-05
7869	0.00010331463951828787
10809	0.0001584601646397382
10810	3.428829456967002e-05
1315	0.00011559810417706234
185	6.967558560514822e-05
3193	0.0002549467166564035
986	3.130002021159541e-05
10811	0.00011236854901788699
10453	8.008666229796723e-05
3674	4.6807196143028036e-05
4337	6.391637837298196e-05
10812	0.00015331791591126676
10813	0.00010562195479375732
7542	6.257374613936949e-05
3410	3.130002021159541e-05
190	8.415248242484428e-05
133	4.866411746275248e-05
6734	6.668319935508238e-05
4116	9.570166373300973e-05
5750	8.897575727692355e-05
1977	4.394426821368428e-05
7510	0.00014413756718432668
604	0.0006155993653314056
603	0.0005191866244518362
10814	5.1182986998770093e-05
7994	0.00016273593614617564
6166	8.911946036998624e-05
2932	5.136835901813347e-05
10815	7.438927332137311e-05
3332	4.8931246071888644e-05
561	5.496339441354133e-05
2089	9.327913229690153e-05
9677	5.321665768653161e-05
2406	0.00014180862965727572
6094	4.394470816379723e-05
579	0.0001746719025579847
7830	3.130002021159541e-05
3343	3.2731060731343717e-05
10816	5.6361670455623655e-05
747	4.552517891731588e-05
9130	3.130002021159541e-05
2854	3.131765226105232e-05
9761	4.507317832129773e-05
5160	5.890281123056644e-05
10817	0.00019830762457151234
6267	3.130002021159541e-05
2239	7.946758038413501e-05
1893	5.505046078057516e-05
7991	8.016883130094785e-05
10509	0.00011936665202779667
8478	4.519196402682215e-05
273	4.322940501598368e-05
8414	4.014240016497487e-05
10137	6.802837035827956e-05
7104	3.599878118697236e-05
10818	7.81202907662402e-05
2929	8.45992626619457e-05
6991	0.00012591768728957453
10463	0.00021466237162357565
286	0.00013385519777201068
1219	3.130002021159541e-05
1275	4.1230490966680705e-05
2887	5.4794181356500487e-05
9226	0.00012261240698706422
1986	3.130002021159541e-05
3509	3.130002021159541e-05
4009	4.665632789683862e-05
8207	5.204115837874759e-05
653	0.0006787812654658022
10006	7.030057824656633e-05
4809	4.922177005049922e-05
2037	0.00012037807703207636
9651	0.00024052164680086425
10819	0.00028115305741889264
2513	3.2654403619098446e-05
7726	8.944448853414924e-05
281	5.132742623232994e-05
7604	7.059887201223399e-05
5994	6.956544034074617e-05
2164	6.588046891825924e-05
10238	3.130002021159541e-05
10820	5.321665768653161e-05
4916	5.042413516397076e-05
10821	4.6185341356366526e-05
4918	3.130002021159541e-05
9967	3.5161174749291986e-05
4444	0.00015396987727904867
271	3.130002021159541e-05
7171	6.924261393406134e-05
10486	0.0003658823883247042
3405	3.130002021159541e-05
1332	4.052178963064347e-05
5762	7.71529577648354e-05
5902	8.31414575856036e-05
2432	5.204069668872359e-05
7308	8.859772302264118e-05
2843	0.00019812634348881662
9958	0.00020124546678884284
2957	0.00013776034161008788
8997	0.00044683723392271145
6334	7.721864196211861e-05
7108	0.0001300119202972847
5753	3.345607804319259e-05
10822	4.567842076016554e-05
6326	5.602230031527251e-05
2669	0.00016368771654905125
10823	3.130501945226332e-05
10362	5.321428735156108e-05
9687	6.016717950474756e-05
495	5.9231356755576784e-05
2090	0.00011131772350458978
1018	8.269334745283314e-05
6480	4.223380788037939e-05
9949	7.996568986692685e-05
10824	3.130002021159541e-05
10121	4.600720878726648e-05
1322	0.0001244285095307314
2637	0.00014681208167382156
157	0.0001348254634987951
4652	0.00020565445192832234
5600	3.130002021159541e-05
8803	5.571790141802891e-05
3339	0.00019571495510248459
1289	4.06396076277399e-05
4672	3.130002021159541e-05
2806	6.369884964558587e-05
3682	3.130002021159541e-05
2558	8.630397770761972e-05
10825	3.130002021159541e-05
10826	3.130002021159541e-05
6798	8.749607095048947e-05
552	0.0003261005557433342
2077	5.537436259579736e-05
10827	3.130002021159541e-05
10828	5.259133425855432e-05
4417	0.00011400904659016934
119	0.0001032638268289271
5410	5.4107085043765015e-05
7897	6.918102004944203e-05
6022	3.130002021159541e-05
9293	3.133448033341135e-05
2949	0.0004266700417247727
7400	4.809954716157823e-05
4901	3.130002021159541e-05
24	3.130002021159541e-05
1279	3.130687160773352e-05
7889	6.331458530462685e-05
2043	0.00015495793547686893
1725	0.0005174934059445786
706	0.00010229821201472548
4164	0.000281184315325948
4671	0.00024249053367459284
9229	4.9055062483101576e-05
2848	5.5281303922065765e-05
10829	3.130002021159541e-05
3359	5.4085889517815046e-05
7990	3.494751239581464e-05
8759	4.193274358448555e-05
175	0.00013202075433580806
10297	9.243079803986559e-05
1111	0.00016440463095691822
5302	9.54182533299242e-05
3639	3.130002021159541e-05
8486	5.7880476471672306e-05
4925	0.00022497423915530574
1997	0.00029054031239223393
394	3.7448407811576146e-05
5925	5.291021181754671e-05
4799	9.564934793487398e-05
8369	3.769850416030374e-05
9771	3.130002021159541e-05
10830	5.003543778286507e-05
1576	0.00011304757828138392
10831	4.402888316576018e-05
4297	3.130002021159541e-05
341	9.854409923428439e-05
1905	0.0001162505522298356
10832	4.1269719384352436e-05
7120	4.84237288588197e-05
3347	6.640603626955159e-05
6615	7.952787132744422e-05
7624	4.9731730201018536e-05
6722	4.290618253869671e-05
1580	8.035226173157785e-05
5	0.00021886380178549482
2551	3.627078489590846e-05
10214	3.1464066290998524e-05
3440	4.7753720288789044e-05
8218	8.438339727602567e-05
7377	0.00028892200831686905
10833	8.204207369659776e-05
10834	7.961919936199393e-05
2200	0.0001304522655194586
10835	3.130002021159541e-05
785	4.0566425928712944e-05
1196	0.00010811088193310616
3597	8.421228437284942e-05
7004	3.130002021159541e-05
5646	3.130002021159541e-05
3895	4.580203640741255e-05
8339	8.442727442051602e-05
10836	4.628036541430992e-05
4761	4.50311172718917e-05
9453	5.12854058922481e-05
10475	3.924229726537018e-05
9671	8.081794704364978e-05
4446	0.0002653876939974292
5723	0.00013230672122854748
2082	0.00012106101627408614
10837	4.189002927571785e-05
2404	8.530268032466419e-05
3818	3.130002021159541e-05
1161	0.00012652197768452578
9449	3.130002021159541e-05
7072	9.695874885198356e-05
7939	0.00012399673256159103
9221	3.130002021159541e-05
2012	0.0003686259332644975
3918	0.00010502640784853485
6194	7.553707649606971e-05
8029	0.0001395514061875306
7297	0.00014024940257340848
6609	8.932199037073134e-05
2226	4.6389312270789704e-05
10838	3.130002021159541e-05
4619	4.116544653849736e-05
1823	3.130002021159541e-05
7870	3.130589323621027e-05
8700	3.130002021159541e-05
10839	4.2619336579393615e-05
8071	3.130002021159541e-05
6078	5.3216657686531605e-05
10840	8.395893748898206e-05
6142	0.00021717146391657903
1017	7.763914888359554e-05
1544	8.254465929164365e-05
1008	0.00011802866758862444
393	4.298339737537667e-05
8173	3.160601766886595e-05
8265	8.995953759013373e-05
5726	4.515191406633519e-05
4540	0.00010793052955937045
10841	6.255043428354638e-05
10842	7.193490732144782e-05
1724	3.6855710135303966e-05
9085	5.615231796304951e-05
10843	4.582873322194654e-05
10844	0.00012501033768920475
8199	3.130002021159541e-05
8668	3.792855970298062e-05
5057	0.00017135659872373647
3696	8.36216556297821e-05
10845	6.169586475560893e-05
2603	0.00011548456037232995
10846	3.130002021159541e-05
10847	3.130002021159541e-05
4990	0.00022741691476762553
2491	4.028565142170549e-05
10848	4.38508489951189e-05
4119	9.336693497565346e-05
8593	6.661002909449877e-05
10129	4.5524466686393855e-05
10849	6.83211049693756e-05
9970	3.371642709617631e-05
9971	5.318829243172172e-05
7504	3.130002021159541e-05
10850	4.316453117462804e-05
6815	5.883048644512133e-05
1406	0.00022324897851242807
9139	3.989882585245375e-05
8922	3.331255650262697e-05
9208	0.00011028401379905499
730	9.229175557437354e-05
10851	7.242620627539596e-05
2165	6.953414795649489e-05
7240	0.00015165147161975756
7821	7.622413967954986e-05
488	5.569256429889312e-05
8910	0.0001139118142786773
2918	7.269491343811953e-05
7025	9.891259558524856e-05
10852	8.570163584450526e-05
6790	5.583977392167199e-05
485	8.563442304148074e-05
7489	6.318900889531396e-05
1998	0.00012976337929351838
505	0.0004973926316225353
6225	0.00011697822892928512
4714	3.130002021159541e-05
3670	0.00021582523245398396
3350	9.290473726658734e-05
8793	7.62211281844347e-05
1708	0.00012277149972890315
3200	5.413910908732991e-05
5383	4.0637393052772096e-05
5038	5.6756289146585395e-05
3158	9.062647954235812e-05
10853	3.130002021159541e-05
4757	3.328886681933613e-05
5829	9.280498953007993e-05
5954	0.00016525254404719183
4018	0.00016461509082064707
9538	5.0391317668553056e-05
4017	0.0002302203332482706
5083	3.130002021159541e-05
10329	5.042856446477474e-05
1691	0.00031838579569933945
115	3.130002021159541e-05
2545	6.345442440076508e-05
6380	5.423893591565386e-05
5226	0.00012599324025112666
7079	0.00010307254265822606
10854	3.130002021159541e-05
7640	4.013642253949155e-05
2339	6.872329484555711e-05
4079	6.17503286497703e-05
3994	5.21108395683275e-05
724	3.130002021159541e-05
1159	3.1311772942720895e-05
7075	3.130002021159541e-05
10855	0.00020855594683404292
7529	3.130002021159541e-05
6757	3.283867456571134e-05
1492	5.120846456464679e-05
2740	0.0001216532600364088
10856	3.917135532501089e-05
2533	7.903315578044234e-05
1005	5.6082959340961606e-05
5358	3.130002021159541e-05
10857	7.581684158592482e-05
3534	8.504399463631315e-05
1751	3.5725631931518006e-05
7283	7.719227020030827e-05
9815	4.957689416753625e-05
10858	0.0001360241758398076
10859	0.00012783660830059727
10860	3.130002021159541e-05
10861	4.043367589867689e-05
2520	0.0004923323432255825
1495	0.00013797249075023332
3875	0.00010756530956552394
10862	3.130002021159541e-05
9081	7.373374473071637e-05
6716	3.130002021159541e-05
9127	4.205316245362679e-05
10863	3.130002021159541e-05
6626	6.025160609299206e-05
4599	0.00013262354242325394
10864	3.1336194087225586e-05
8904	6.940524122051609e-05
2772	3.130002021159541e-05
10865	3.4220664379991995e-05
10866	0.00014221609123627192
10867	6.89652875033921e-05
9325	0.00011689440486143245
6698	0.0003039622321473853
7332	3.740604903523927e-05
7298	5.154775586663109e-05
2194	4.0161375419093054e-05
9645	5.0718752150840246e-05
5614	3.130002021159541e-05
8614	0.00010270807394873626
797	3.130002021159541e-05
6060	0.0002948452551803495
6680	7.427875846661614e-05
8354	3.13029588865049e-05
102	0.00016381257981777745
7149	0.00012162172615866036
2619	3.130883741857205e-05
7974	4.963131844699168e-05
3608	0.00013132426041700734
6963	3.1477008257655394e-05
1821	0.0004413558640269842
10868	6.907780271472774e-05
8584	6.963433682617927e-05
3736	0.00012719794430620583
9432	0.00014319606095412033
8625	3.130589834957984e-05
414	0.00016401797393662365
1423	0.00028296195316292785
6043	8.103304006525605e-05
9919	6.440496426111581e-05
9351	4.23860777565078e-05
10869	4.777906020117356e-05
5686	6.799826866708441e-05
8760	0.00011210767137061764
3218	8.014446964505991e-05
9714	5.517333151664532e-05
2257	0.0004416694153800725
10481	0.00017547493622024074
4157	0.00021247715863099105
5530	7.852889848998856e-05
25	0.00010870560321714874
3591	0.0001505523597748301
1892	0.00048448149477515096
8358	3.130002021159541e-05
67	0.0001626805556851688
8887	0.00013565712177107282
10870	0.00013435042949368076
6466	0.0001288403954657311
10871	3.989591427053936e-05
7775	3.130002021159541e-05
10872	4.396296630822522e-05
8875	7.760787143056764e-05
9446	0.00016860617265243035
7439	3.130002021159541e-05
8338	7.6101092978002e-05
2070	0.00012980241585901236
6690	0.00014509189682910308
8519	7.910841350915287e-05
9512	7.58877235706839e-05
4130	0.00013936232041700502
829	0.0004498594810571248
8923	4.8600660878025904e-05
1494	8.157518749089522e-05
5935	7.760275783405397e-05
8764	0.00010686689150004466
8844	8.015514562110425e-05
1602	4.295759567511046e-05
9059	6.930060030296321e-05
7618	0.0002811004937720163
7543	7.512741623510651e-05
1080	0.00015531071878128157
9262	5.4171928875938596e-05
5124	3.130002021159541e-05
1168	7.44455037997837e-05
1615	0.00010684667896513023
7952	3.131410974963148e-05
489	3.130002021159541e-05
6086	0.00013128346550062478
6351	3.13381671686721e-05
707	4.7481647929084315e-05
10873	4.4489536299487065e-05
363	0.00011628036726962537
10495	3.130002021159541e-05
9546	8.19866372902267e-05
7364	0.00017957480832742065
10874	3.130002021159541e-05
1479	6.36783100624898e-05
8554	3.130002021159541e-05
9821	3.703047456276158e-05
8511	6.655400326424185e-05
2630	3.5681499878962225e-05
2942	0.00011959066184884934
4367	0.00013286244415098327
10478	4.040047306623457e-05
5583	0.0001314719086327681
2407	3.930526489858124e-05
3948	9.517607210052044e-05
3566	5.419568431119203e-05
8434	0.0002380118017406576
1744	7.75889946177247e-05
8667	4.6049840731189594e-05
8705	3.130002021159541e-05
7208	7.898938543694779e-05
10875	0.00021954474135855583
911	0.00012021723438278536
5149	3.130002021159541e-05
10876	4.3157845150383075e-05
1378	6.128410836980554e-05
3518	8.859751662199181e-05
10877	7.311489074720015e-05
9934	4.609599237641669e-05
1840	5.701345105013875e-05
9741	8.779397096155022e-05
6278	3.130002021159541e-05
759	7.623717086732617e-05
4212	3.130002021159541e-05
10878	7.219475966051488e-05
5203	7.4764719713606e-05
8559	3.130002021159541e-05
872	3.148126296943992e-05
10879	7.147775446496925e-05
10880	7.304307774007603e-05
5781	3.130002021159541e-05
1483	0.00021131410090050132
10881	3.130002021159541e-05
1286	0.0010953877432881324
1906	3.788173937893094e-05
2968	8.241029545455342e-05
9474	3.130002021159541e-05
680	3.207134894108039e-05
629	4.3358198479073516e-05
1617	6.109907513598225e-05
4431	5.330005454238871e-05
3654	0.000328865583452758
6352	0.00012824556785289681
2366	3.130002021159541e-05
10882	3.130002021159541e-05
5325	5.367057932352299e-05
4355	7.099076693447786e-05
2430	4.974469674240232e-05
3711	6.0686612929815194e-05
5183	3.2941818328083866e-05
8599	4.272692869979446e-05
6483	3.130002021159541e-05
500	6.940406535369719e-05
1192	3.324779574405684e-05
9883	8.301607617913222e-05
8832	0.00010359708805435109
9517	5.530926753602553e-05
272	0.0008392851886791217
6661	4.294376409019353e-05
635	3.130002021159541e-05
3635	0.0004317639825148507
4726	3.130002021159541e-05
2712	3.1308836236323865e-05
548	3.867337492642975e-05
3476	5.319608696216522e-05
10883	3.1315895853371426e-05
10884	4.198784044352563e-05
8444	6.224508141007462e-05
1444	0.00015466526435282192
1761	4.144539059911587e-05
2781	4.145353209022359e-05
6679	5.750112249824707e-05
7271	4.3525176720512634e-05
1104	0.000101971353712723
4511	0.0001458114538991812
5488	3.130002021159541e-05
4993	7.4389656569847e-05
9389	3.7176422764939394e-05
662	4.676993690348211e-05
1529	6.360587731066758e-05
181	4.9122453038537845e-05
839	3.159272878563112e-05
2800	3.130587435475032e-05
9781	4.073149949709806e-05
2086	0.00023906792598619084
7381	5.878549237270792e-05
9384	9.452909619623182e-05
8823	3.130002021159541e-05
5564	0.0001917024231811854
7165	8.871822484879876e-05
6287	0.00012820577069233555
10416	3.130002021159541e-05
3017	7.886188591586706e-05
10885	4.033186724445404e-05
6340	7.216432041153504e-05
3881	0.00013782908717566785
10886	3.130002021159541e-05
8114	5.687785193062042e-05
7285	7.001594270228005e-05
2359	0.00012039911753250742
5620	4.591940986607152e-05
5950	7.054853009449386e-05
2199	0.00011907955347541794
5638	0.00015511129290018616
10887	4.631589354736923e-05
2739	0.00012469427148300495
1902	3.130002021159541e-05
5828	3.130002021159541e-05
9647	4.45170561640377e-05
6071	3.337521911203522e-05
10420	3.9043567377145346e-05
4510	3.130002021159541e-05
7303	3.983872953152284e-05
933	3.130002021159541e-05
10888	4.038783462683633e-05
3709	3.130002021159541e-05
884	6.132301016560372e-05
8934	3.981586768355538e-05
5702	5.6019901146529854e-05
4971	3.766727407091336e-05
10028	0.00010123113356390597
9735	7.316691411713227e-05
10889	9.824236110040176e-05
4203	4.136900496795236e-05
4450	3.130002021159541e-05
5118	0.00013581511525444288
6754	5.4628316204032975e-05
5504	5.324108185516211e-05
7299	5.997016178503859e-05
8285	3.130002021159541e-05
2147	0.00011404747912685035
731	4.359704131753748e-05
549	8.673492009552864e-05
5613	8.91123588630074e-05
8242	3.183739973486457e-05
10890	5.130018350571976e-05
10296	7.413504307490816e-05
4268	9.206203349626705e-05
7845	6.450709809089502e-05
2576	0.00012033122878063503
8714	9.800301971975406e-05
1677	3.130002021159541e-05
10891	3.136723754919548e-05
3179	4.4382267377651306e-05
10892	5.1865309739032924e-05
10893	3.4353842108482116e-05
5596	0.00011604419944102361
2425	0.00012123822419430542
6	0.00013919574119072986
9961	0.00013814235776880282
3519	7.34477432304139e-05
4365	8.261531705461769e-05
7827	9.006213554186199e-05
4710	3.130002021159541e-05
10894	3.130002021159541e-05
9937	0.00010295601373318545
10895	3.137972146714889e-05
8136	4.4780466156017136e-05
10896	3.130002021159541e-05
9309	3.1732090131239786e-05
10240	7.39483250051556e-05
5471	0.00010789508916050596
10078	4.5506053216209455e-05
10897	3.130002021159541e-05
10898	3.3668699160672496e-05
8897	4.882891852961207e-05
10899	3.173362920467349e-05
7387	5.352053424005842e-05
3839	4.052238946767579e-05
3969	0.00015617064163259248
3808	4.854979891721884e-05
10900	3.130002021159541e-05
3250	7.719981719112135e-05
9473	4.6732705391075404e-05
897	6.182689081418392e-05
7456	0.00015778465211796394
3796	0.00014953265072592688
6973	5.855512229933754e-05
3191	3.130293233456577e-05
10901	3.130002021159541e-05
10902	5.321665768653161e-05
5848	3.1326670747097395e-05
783	3.130002021159541e-05
210	3.130002021159541e-05
9679	5.465136729157018e-05
1086	0.00018636433040790612
7708	0.00010371379545946646
8120	4.343404768240755e-05
4800	7.817033085794642e-05
2765	7.538804837851446e-05
10125	5.536406303610503e-05
10903	4.081691368813807e-05
1756	6.906062120507668e-05
10904	5.566616627904651e-05
9620	6.521771402850319e-05
3008	6.316107536153835e-05
5432	0.00017147250982307434
7006	0.0004215239647499924
9205	3.130002021159541e-05
10018	3.1305895198185666e-05
10905	4.01249600069077e-05
2677	6.769080550265084e-05
10906	0.000149292999957984
5062	3.168510730074823e-05
5688	5.216050536938256e-05
4813	0.00011472709836280552
6540	0.00010004525321800689
1486	3.195935629112656e-05
4205	8.019555005629469e-05
8575	0.00012308193151694586
6280	0.00016547424589846357
7839	3.130002021159541e-05
8863	0.00010632030337162597
1516	0.00024857247934781206
6307	4.839287292643569e-05
7368	0.0001055729442736853
5269	5.534398703714698e-05
8298	3.130002021159541e-05
9278	8.575045499066886e-05
10907	4.6096398368792164e-05
1609	0.0017407502704310175
8526	0.000797429211276254
3846	5.870905718173425e-05
10182	4.548727247979806e-05
5305	3.130002021159541e-05
2298	0.00014666626592632162
2181	3.130002021159541e-05
2705	3.130002021159541e-05
10908	8.164400455524253e-05
10909	4.272094208838548e-05
1050	0.00013180704872259297
6398	4.4030250942599644e-05
4065	9.065438343484495e-05
1514	0.0002815222411094625
6157	4.699581537995596e-05
5135	7.489899716150643e-05
8205	5.791154499267862e-05
3072	0.00014099178003205387
1263	3.911785561992076e-05
830	9.41432792161401e-05
1266	3.130002021159541e-05
9164	6.110710993284784e-05
2662	0.00012752841695007556
1369	0.00012103459410181276
1961	3.795429413185026e-05
6706	7.592846205325383e-05
1876	0.00018914713180761687
10910	0.00020783491291861167
1160	0.00016072013012478106
9421	3.207559189020383e-05
2813	0.00012465720693508584
10193	6.930085259242006e-05
2572	6.968968130706367e-05
351	7.125204921891573e-05
3615	0.0011958693773563528
2098	0.00011493494446144283
7451	4.704344059941332e-05
10911	5.794051799550877e-05
7335	0.00010988874737824194
10912	5.626115288512125e-05
4425	7.001165600823766e-05
10913	0.0001094435536271026
9049	4.774794793435123e-05
1349	8.17109804929134e-05
494	8.06173239235962e-05
3363	5.207173926646656e-05
7514	0.0005055119930185025
7822	0.00036267120426669173
4112	6.75752832046038e-05
560	7.254557513995694e-05
4629	3.130002021159541e-05
2666	0.00014602435278150838
9150	4.008077694456198e-05
2579	9.662336694860158e-05
5298	3.130002021159541e-05
10914	3.1308836236323865e-05
2935	0.0001984369726855767
2977	0.0001416119007375507
4981	5.098415671062118e-05
4074	6.669495566671903e-05
2440	3.130002021159541e-05
10915	5.449956524003017e-05
7893	0.000426154699351949
5553	3.130002021159541e-05
358	4.770541413357002e-05
2108	0.00022141786882574145
3283	0.0005243606404281944
7339	3.130002021159541e-05
6172	0.00011393315906178662
786	0.00015280480749292984
10916	4.170920937068977e-05
6197	3.130002021159541e-05
10410	0.00011080020168424974
3564	5.201187212387274e-05
10917	8.754808619667765e-05
139	5.6312127735039945e-05
590	6.59691551595465e-05
5759	7.41768142918846e-05
3810	4.0781868611214546e-05
3721	3.130002021159541e-05
2059	3.130002021159541e-05
6711	3.130002021159541e-05
4358	8.15188657074658e-05
2182	5.7195411628474514e-05
10918	3.130002021159541e-05
9093	8.567224071418341e-05
177	9.843525477098847e-05
1729	4.103709785906033e-05
6872	5.336339579875632e-05
9383	7.22882145662591e-05
10225	3.137380446514562e-05
4257	5.332433766794908e-05
7192	5.444026452643176e-05
1390	6.126464791602568e-05
4943	5.3723236412489114e-05
3805	4.32343498848379e-05
8438	3.130002021159541e-05
2242	0.00011018575899441132
5144	8.8328798056251e-05
6095	9.009791082565443e-05
4151	7.617899045054093e-05
6693	0.0001542922826237779
864	4.837343501368793e-05
267	4.966603129281553e-05
4759	9.782406054992056e-05
7840	7.64418991006925e-05
2058	8.603290397059696e-05
2078	9.654514503107397e-05
10919	9.169836011308242e-05
4637	0.00013223459450017682
7778	5.706920504362911e-05
6205	8.543051761282744e-05
6947	9.178241092863506e-05
3665	3.707963055822693e-05
3853	0.00010847239429751817
2	0.0002051503997896371
4574	0.00011410672713020687
7800	7.964365571325086e-05
4508	4.9796232541246664e-05
7922	3.3738992653134056e-05
3753	3.130002021159541e-05
7177	3.5150586935463285e-05
7050	0.00016104595021923033
7920	5.979421590916029e-05
9750	4.053844669070874e-05
4792	4.294852179788042e-05
6630	3.130002021159541e-05
8454	6.144885840200423e-05
195	0.0001414343254784124
8376	4.650286925956032e-05
4794	4.9658532828796396e-05
631	7.167026848608533e-05
3979	7.542829836448917e-05
5584	8.048542410866023e-05
4421	0.0003170947203514067
10920	4.651003969147492e-05
10921	6.667429240207879e-05
6159	9.552031815096904e-05
4659	5.440883176237501e-05
10922	8.067408645153721e-05
2875	3.130002021159541e-05
2132	3.6990972324275616e-05
10923	4.8692349475010956e-05
10460	8.107108434115756e-05
9549	8.248204805243566e-05
4407	5.817802388823673e-05
10924	3.935972926779801e-05
3262	0.00010815721024757169
5793	4.240429702052525e-05
9585	3.130002021159541e-05
4907	3.130002021159541e-05
4897	5.490165049464374e-05
7402	0.0001031232548147165
9422	3.26565197949799e-05
4080	5.5793949444790826e-05
10925	7.036714282782216e-05
3238	0.0001285186887776471
3986	6.982110494427423e-05
4781	3.1310941124231345e-05
3645	4.7447444528607326e-05
969	8.700136212911778e-05
10926	6.775135214442691e-05
6201	9.080895970315275e-05
10927	0.00012599466598415594
8340	0.00011748750567471772
4598	5.9867529975465566e-05
10928	3.130002021159541e-05
5578	3.486784821599544e-05
10929	3.158307152954221e-05
3470	0.00011355088823674104
7106	0.00015302455743887366
10467	3.130002021159541e-05
10930	3.130002021159541e-05
9161	8.817280320428601e-05
6508	7.345850628013762e-05
10931	0.00013322850201545847
4299	3.130002021159541e-05
10932	4.533653362979572e-05
4271	0.0001389796177964514
7959	7.333189436484738e-05
2023	5.608121056125574e-05
1980	4.6153988417841013e-05
8710	5.117484247472408e-05
6801	0.00010615046897028034
5355	7.358321629934357e-05
3422	0.00025372871460800444
10933	3.947822262133527e-05
10934	0.00010019755851389228
3651	6.79766439776923e-05
10935	3.130002021159541e-05
7745	3.130002021159541e-05
3330	3.292160899747794e-05
8631	5.720145807914849e-05
4045	5.122652037796658e-05
7518	5.098625679986153e-05
2577	8.427988378577781e-05
7551	3.985620486756425e-05
9033	0.0002157335085696825
3539	8.867107430548464e-05
4697	3.130002021159541e-05
10936	3.130002021159541e-05
8537	8.549351978924739e-05
9478	7.842427495015102e-05
7770	0.00017938430685264812
5522	8.382020851773641e-05
9310	5.320784047955497e-05
2901	0.00017665280806892513
6912	0.00022626998797409072
5468	0.00027358698088907264
7788	4.3921097789368917e-05
10143	4.3058069729991157e-05
6053	9.479598934703453e-05
10937	4.718200520305966e-05
1175	0.0001046054300600673
113	3.130002021159541e-05
9284	4.430330562628513e-05
7693	6.536325092327541e-05
4173	5.0822948902685284e-05
6559	3.130002021159541e-05
260	7.19447192815169e-05
10110	0.00011776444429804976
1857	0.0001214242006590265
6913	3.6408490019779285e-05
7350	7.1488495931123e-05
306	0.00046477697992008287
1003	3.130002021159541e-05
76	3.130002021159541e-05
7127	6.414530499928867e-05
6124	3.130002021159541e-05
6381	0.0002451610932522462
10938	4.8188625026863125e-05
3050	0.0001312506613806974
6794	9.392894443305288e-05
9758	0.00012177617902451191
3933	5.953514445696328e-05
10461	6.040373989251903e-05
304	0.00013372024011291595
9052	6.800229673279445e-05
1504	3.673570760128557e-05
10939	3.5995955003427904e-05
6125	6.03255256570947e-05
1604	7.63850185387556e-05
7625	7.816280162795133e-05
983	0.00010244511713593585
8728	0.00011311240056974381
4957	6.562795458838828e-05
10231	4.331422382196892e-05
5495	3.130002021159541e-05
5052	0.00010162377252661631
10940	5.863328151646873e-05
10113	0.00010720535814015095
7428	0.00012380264017212023
5864	9.14140839204819e-05
9799	5.4487832083426434e-05
5743	3.130002021159541e-05
2316	0.00019596387071314978
3046	3.884344603229135e-05
8163	3.130002021159541e-05
7688	0.00011454878661614818
10941	6.727312409652783e-05
10942	3.130002021159541e-05
2438	3.92653480681348e-05
6668	5.321371664839341e-05
9447	0.00013547604437852455
7894	0.00010156346298077591
7328	3.867749182126714e-05
3770	3.130002021159541e-05
10943	5.866818707860248e-05
9482	9.33347049021757e-05
9887	6.669914732773426e-05
4397	7.576566244708714e-05
5329	0.00018464945758221645
2560	0.0001133666658562231
8845	5.230917693844085e-05
10944	3.130002021159541e-05
6004	5.925200881058629e-05
9220	0.0001859004345138529
4381	0.0001987692618866325
9774	0.00012137729265288377
8758	4.399601428760314e-05
1690	3.130002021159541e-05
4371	6.65920652760236e-05
5335	3.130002021159541e-05
10945	3.13029588865049e-05
6902	5.6625920928907034e-05
4855	8.030875486406542e-05
3513	0.00011596790316746467
6511	3.130002021159541e-05
4028	3.130002021159541e-05
10946	6.575284974172272e-05
5162	0.00017709796948119167
6174	7.921232737968282e-05
2878	3.130002021159541e-05
10947	6.156547676337104e-05
7360	7.848983778663888e-05
6055	6.883085471992995e-05
7967	9.921036897737732e-05
6458	4.176526499642547e-05
6813	8.894860129138757e-05
8595	6.583162458056746e-05
10204	0.0001155011356685321
10948	5.482188632714109e-05
10949	3.130002021159541e-05
7412	3.130002021159541e-05
2133	3.345099114751873e-05
9132	0.000158904900828341
6726	4.493207687959539e-05
187	0.00014146778655260117
7989	0.0001353295198736142
167	0.0002529876470376466
7498	4.571994354258872e-05
10284	3.279879854701461e-05
10950	3.835954400015337e-05
7637	0.00016911187025453779
126	3.879359538772431e-05
2552	0.00013460555456615902
1552	5.322827486180503e-05
5724	5.339176091128403e-05
7635	5.134559039656577e-05
7516	3.130002021159541e-05
10951	6.441061690696998e-05
10952	3.130002021159541e-05
2535	3.130002021159541e-05
4414	4.130431131491575e-05
7133	5.1648891236616385e-05
6549	8.022951942359148e-05
5958	3.130002021159541e-05
678	4.6998405704118215e-05
5309	8.751082947155585e-05
2974	3.131762908731907e-05
2975	5.0096287081251325e-05
9423	4.331997910858476e-05
8762	3.130002021159541e-05
5111	3.391381698101047e-05
233	0.00018427321126748434
9805	6.497805869585548e-05
2833	3.130002021159541e-05
1790	8.333154148546642e-05
2061	6.486904580616543e-05
4258	6.831547010462707e-05
10373	3.130002021159541e-05
4961	8.861174423638129e-05
78	4.7736980723031246e-05
9785	3.130002021159541e-05
1149	0.00010501459498049666
1148	4.9258722787537085e-05
2261	3.1329414843401924e-05
966	9.914481172806685e-05
476	7.165371381754424e-05
10953	3.5170072067100324e-05
7137	0.00015162240167688988
4676	0.00014848094807743786
4281	3.226296717677604e-05
10954	4.33245375899821e-05
8911	3.130002021159541e-05
8723	3.130002021159541e-05
2921	6.725658683336303e-05
4327	0.0005515180331375171
3316	4.747605186242649e-05
10955	4.8213528459768804e-05
8038	4.8022321473549815e-05
5666	5.079232995037996e-05
4091	0.00012773741272660674
125	6.734497244475829e-05
7865	0.0001037789032540392
2443	0.00014430264439861941
4728	5.175519420521777e-05
9521	5.5424539114980444e-05
2034	3.1311759968988265e-05
10956	5.322483516553473e-05
3735	3.130002021159541e-05
6951	7.329942164319897e-05
8404	9.117356385710112e-05
4530	7.132434712057002e-05
10311	4.768129623506501e-05
3042	0.00010980191300943837
1032	7.03073132932057e-05
1033	9.32953348891031e-05
5264	0.00016147539400218963
7891	5.762958609428855e-05
1655	0.00011791038703031712
1924	3.130002021159541e-05
104	0.00034634579757914093
2836	9.942378679491737e-05
8313	0.00011660612923687917
1870	3.130002021159541e-05
1110	9.915680644216851e-05
734	4.1110879312017274e-05
4899	7.984163583869957e-05
4221	4.3661491814638874e-05
9480	0.00011664092331241437
9540	0.00018320532051157996
10331	0.0001126701735952934
3823	3.218345547336233e-05
960	0.00019459579970482186
8945	4.936002120675895e-05
10407	3.130002021159541e-05
2068	3.641560592652973e-05
2388	3.130002021159541e-05
4865	4.1978591264022935e-05
10957	4.6954605095829635e-05
3204	9.919360872349432e-05
8946	7.592482856202384e-05
3867	8.488279523629383e-05
3766	3.130002021159541e-05
2124	4.252870656835672e-05
5956	3.46888009785242e-05
9717	8.47063702792781e-05
605	0.00014984888146631306
3254	9.004044693237238e-05
8470	3.885171694925956e-05
2565	3.980053786973201e-05
1365	0.00025866849374185614
5427	7.147010393502104e-05
8095	3.745508615140731e-05
10958	3.130002021159541e-05
1750	0.0001330406754830398
1624	4.250640047802308e-05
3055	4.885115688030738e-05
9486	0.00010948499688044188
5912	9.046086707206792e-05
3765	0.00015409007924510314
3266	0.00011092292301445792
376	6.641721547959764e-05
8800	7.763239889579883e-05
10959	3.130002021159541e-05
9684	4.6748428357654476e-05
10960	3.63918870056075e-05
5898	6.416674577014268e-05
10961	3.995627000289252e-05
940	0.00017986381072084015
5164	4.057098693343344e-05
7479	5.488047969357792e-05
8067	9.947156716134958e-05
9867	4.502538933806938e-05
3535	0.0006958647812671181
7530	3.130002021159541e-05
6915	4.311112353124558e-05
2805	0.00019556451656334121
4715	4.074450453137416e-05
10433	4.47324955409258e-05
9974	0.00016465724988180705
3527	9.512153664440815e-05
1076	3.130002021159541e-05
4884	3.130002021159541e-05
174	0.00011099463869378249
2930	6.571156593958734e-05
2468	0.00029592922538137687
5099	0.00012396162012904354
2112	3.130002021159541e-05
215	7.307710144030733e-05
10962	7.09298303167769e-05
3454	3.130002021159541e-05
5261	0.00013166289834911016
1049	9.38882850852917e-05
10963	8.324845783222351e-05
6821	3.195096651860144e-05
3732	4.5305073287538514e-05
714	0.00012232740915179037
1807	0.00030777211395889033
10964	3.130002021159541e-05
10965	6.640413901648284e-05
8153	4.563447618582283e-05
3183	0.00011408002573555235
10966	8.482715183460383e-05
433	4.431932135634214e-05
5928	3.130002021159541e-05
9433	4.227556189309363e-05
4461	3.993277724093377e-05
4411	3.130002021159541e-05
2254	0.00011443447700673306
10274	3.878704961239044e-05
9812	3.130002021159541e-05
10967	3.1320590148324636e-05
3886	0.0001195506627598308
4344	0.0002567009861544246
7882	4.7890229546674356e-05
2910	3.130002021159541e-05
4973	0.000118088431381204
10968	7.894899761424877e-05
1473	6.182152257119084e-05
5181	4.9574639358826905e-05
3959	3.130658353822791e-05
1629	9.325603707070648e-05
1692	0.00022696272071903983
8472	0.00014939471215554885
1364	0.00010484148842361974
3726	5.40501398171889e-05
10969	3.130002021159541e-05
2502	0.00020349152054704325
7374	3.1304414671722724e-05
5279	7.962331159826734e-05
9816	3.769308230631075e-05
9231	3.130002021159541e-05
10970	0.0001240936407125353
10191	6.955584108786497e-05
10315	3.130002021159541e-05
685	3.130002021159541e-05
103	5.605384628347602e-05
2553	5.323397477539091e-05
6443	0.00021725273909162538
10971	3.188163778904382e-05
7386	3.130002021159541e-05
3652	3.130002021159541e-05
4439	4.98648070314181e-05
2330	0.0001312693313386719
4472	3.130002021159541e-05
10972	3.13029588865049e-05
5748	3.8050970249691926e-05
228	5.6406409658342955e-05
5129	0.00010317786792066682
6079	6.732276296487496e-05
5167	4.4463699101958355e-05
8282	0.0001229486154217465
1779	0.00011576777256723888
10973	4.36834996170185e-05
10974	3.130002021159541e-05
2183	0.00015538405628684782
3685	6.757417957249363e-05
9331	8.890535798325788e-05
7379	6.519184055581409e-05
10975	4.085519507513419e-05
4878	3.130002021159541e-05
1231	3.198952350162414e-05
5419	6.980551780638036e-05
2163	0.00047071667604492765
7961	7.227611653577677e-05
4075	8.640750370378966e-05
2441	6.065049655556297e-05
5451	0.001562568795359912
10976	0.00012604976912744127
3629	0.00010671901687600097
3565	3.130002021159541e-05
10151	4.198311581880683e-05
9187	3.130002021159541e-05
10977	3.132859517305416e-05
3972	6.416468401526909e-05
6752	3.130002021159541e-05
5092	3.217573595303997e-05
7164	4.257138410218174e-05
5385	3.130002021159541e-05
10978	7.284396901065192e-05
9418	0.00019918809194818484
8321	0.00011167286139520774
10979	3.130002021159541e-05
4795	5.5714738432174676e-05
9534	7.880789423997411e-05
7259	4.2683982868790314e-05
2544	8.854142392973556e-05
4373	5.412064700136193e-05
10980	7.338152644879707e-05
10981	7.371344519651002e-05
5524	4.5086365355222586e-05
9854	0.0001260402292851712
6625	0.00010212286142978263
4633	0.00011560295342179821
7280	0.0001540553938511401
5283	3.130002021159541e-05
3255	3.342554694716278e-05
10982	0.00010769506995334931
6764	4.153519962158951e-05
4093	8.016586578336631e-05
5802	0.00021826307096794924
10983	3.960183650638543e-05
10984	3.351332174262089e-05
1895	5.025598355302626e-05
7421	3.130002021159541e-05
3653	9.088945464300337e-05
5081	6.978055947506053e-05
1568	8.56721461068272e-05
9520	6.681363305755455e-05
2442	0.000143322218439544
7819	8.326902430360704e-05
5422	9.146127172285592e-05
6454	8.551146155047327e-05
5863	4.803708544277563e-05
10985	6.467523883612789e-05
2621	3.183130794086929e-05
3171	3.130002021159541e-05
3076	0.00012936447526519748
10986	6.633928786519748e-05
2578	0.0006864171863586969
5707	3.676308930694069e-05
6874	4.198463589956732e-05
5683	4.548034446103245e-05
9379	0.00012014455534198901
10987	6.671224499867382e-05
2227	0.00013900297746363265
9363	3.130002021159541e-05
9514	0.00020083885306468658
6889	5.948588027870286e-05
8686	5.4008893081298654e-05
8133	3.130607893249788e-05
7766	4.060460435584231e-05
35	5.446223929406997e-05
34	6.96802208799063e-05
3445	4.574094688775358e-05
3573	3.130002021159541e-05
6495	3.663833041015232e-05
2288	5.3214287033673945e-05
6191	6.034135378651726e-05
10988	6.81359122707201e-05
4098	4.7942900495870324e-05
2900	0.0002503070986628426
9162	0.0001101859295589207
4797	7.712546152592313e-05
7279	0.00011490100020707634
343	6.58050830218412e-05
4383	0.0001067719872966602
10155	8.054950829308014e-05
10989	7.460245990631743e-05
5045	3.130002021159541e-05
10990	3.13029588865049e-05
3213	4.034853340472596e-05
1886	7.115926724992686e-05
1165	6.752816209330126e-05
3620	0.00011134581033900152
10991	3.130002021159541e-05
6097	5.2776146468209005e-05
3925	9.376233216621204e-05
10096	5.2389949360392094e-05
10992	3.9736849244114024e-05
540	0.0001627354343303734
6843	6.412300154364616e-05
8183	8.842411691978611e-05
9311	3.130002021159541e-05
3890	3.339848047819e-05
10993	5.6376076496467076e-05
9380	4.7950563250469675e-05
7662	0.00032285545413932905
10994	0.00012598892079541184
10190	0.0001233648483433394
5658	6.55927304403581e-05
10995	3.130002021159541e-05
10304	0.0001399005671316541
6718	7.99055051548956e-05
9641	0.0001324531545505505
5175	0.00011877457392636459
1457	9.236607059968197e-05
2272	3.130002021159541e-05
3968	8.715870387415717e-05
3198	6.774753028154079e-05
6899	3.5033341799407863e-05
3769	6.643849554755055e-05
10996	5.649936881573223e-05
10363	3.856860102552098e-05
10997	9.896737851258623e-05
3776	3.130002021159541e-05
2695	5.906524181388382e-05
4428	3.130002021159541e-05
7480	8.747442661714166e-05
416	4.6419321738293814e-05
2445	4.6944671395293436e-05
6410	4.95738052861258e-05
10998	3.522270154847381e-05
7677	0.00010419873180716991
10999	3.130002021159541e-05
6181	4.784255221582489e-05
9655	7.72904763026489e-05
3557	3.130002021159541e-05
4094	0.0001289177846092434
5663	8.623791482857952e-05
2244	7.266872115155822e-05
6749	0.00015629625902338607
9579	5.3216657686531605e-05
4911	3.130002021159541e-05
7671	0.00031089874373188195
9137	5.989378557575296e-05
8928	8.375812255355985e-05
9795	3.130002021159541e-05
10280	4.5483283924213104e-05
4808	5.242204980327582e-05
6968	0.0001275014226408245
6420	3.937863905660744e-05
5845	7.310876625100815e-05
943	0.00011402330182461371
4204	0.0002208411248498699
151	0.00010137906420908937
9600	0.00011094892794837025
9206	3.130002021159541e-05
9552	7.983431946845371e-05
11000	0.00010277542662766073
11001	0.00010021203651967001
5424	3.130002021159541e-05
9510	3.130002021159541e-05
5981	0.00011517976108194541
6091	0.00019082512289055143
11002	8.04496093063202e-05
8549	7.498657509471767e-05
10081	5.933656918157172e-05
8119	3.130002021159541e-05
8109	3.415884416723675e-05
2420	3.133233677280461e-05
7369	3.6836176940748204e-05
9912	3.130002021159541e-05
5675	5.974403008884715e-05
11003	3.896738880254274e-05
1013	5.5624349954548916e-05
11004	3.1307450825015926e-05
11005	4.553837194263753e-05
5089	6.27970467380118e-05
8977	3.8375002910293206e-05
11006	3.943530399006617e-05
456	0.00011714433821315097
11007	0.00011060193362289367
4085	3.130002021159541e-05
1642	3.130878736384967e-05
11008	3.130002021159541e-05
2346	0.00018572104312715006
9344	3.130589598571738e-05
8002	5.322077547471864e-05
11009	6.907901062938337e-05
11010	3.130002021159541e-05
1746	0.00013498915235876814
5576	6.312659089080237e-05
10267	8.425035972790991e-05
4193	0.00012077439556614536
4555	0.0001910491161687045
11011	9.183182244695392e-05
5404	0.00010993365151761126
6847	0.0001954750235484196
6802	4.193542115593678e-05
5611	6.640914134885415e-05
9543	6.307495058909197e-05
6712	0.00013186170304913428
7225	4.471834427097865e-05
8403	7.149328035247388e-05
556	6.679598904645736e-05
6371	7.904903115411288e-05
1100	5.953406155070973e-05
11012	3.130002021159541e-05
11013	4.2659292020422505e-05
3107	0.0001233640360352065
10210	8.958306515541024e-05
6390	3.130002021159541e-05
9079	7.05239660457306e-05
7444	5.923822955151182e-05
1814	0.000233406016901646
464	3.130002021159541e-05
9374	7.297757301866282e-05
439	4.980583183452573e-05
1652	0.0001232069918769972
1027	6.68671115877204e-05
11014	3.130002021159541e-05
7397	9.537188887652915e-05
1945	3.130002021159541e-05
7367	5.690246237987808e-05
6035	0.00010360973191694383
7180	8.206404830800387e-05
11015	4.027084131501014e-05
2038	5.558064890453699e-05
4455	3.130002021159541e-05
6739	3.199615981752808e-05
1827	0.00015065991772470372
3013	7.424803246555803e-05
4561	9.298722575525194e-05
4023	7.293522451275988e-05
4158	3.130002021159541e-05
3047	0.000209451480241887
8493	3.130002021159541e-05
9361	0.0001109570136123457
8092	3.130002021159541e-05
4609	6.473648819725064e-05
532	6.972721189791139e-05
3415	0.00010260540093548148
235	0.0001308342781466689
9996	3.130002021159541e-05
11016	6.862772861280269e-05
4694	3.430454604497226e-05
7793	4.637292518631954e-05
2540	4.699600526767644e-05
7411	0.0011611528523056244
7129	3.131164476864534e-05
2154	3.130002021159541e-05
8075	0.0001128704181418427
11017	3.867793466676802e-05
3114	0.0004176495553968589
345	0.0012679429984907822
8331	3.8570881011035465e-05
3239	3.130002021159541e-05
9274	3.332762367064364e-05
6321	3.130002021159541e-05
6145	5.7707903994982795e-05
11018	4.051318332855105e-05
3404	8.65691698732975e-05
9556	4.4124794841943375e-05
3202	0.00023862744746673418
8802	3.130002021159541e-05
1802	7.88048832580126e-05
9846	7.292532133800525e-05
11019	5.782085068489798e-05
9616	0.0004614323878819839
506	8.935526649068743e-05
5558	3.130002021159541e-05
6363	0.00016881897905639685
9797	3.608190454647227e-05
2047	0.00018428951328753804
2512	4.197859608647283e-05
5991	0.00015037406156349561
159	0.0001413010787766869
5582	3.363518693532085e-05
3906	5.629748683594411e-05
885	0.00011758176879180708
4963	9.116371050798741e-05
4962	3.7177770201196284e-05
3281	8.700771608690725e-05
3742	5.577574130630295e-05
5911	4.799029995767694e-05
1625	0.00016398173015945249
6515	7.76817835355341e-05
1554	0.00021179598782829838
4375	4.610874454547315e-05
4054	0.00013188213506498293
9962	6.896523393936749e-05
1589	3.2081834752265154e-05
1641	6.71618652367987e-05
5682	4.6045856021037214e-05
736	3.130002021159541e-05
4597	3.971161283090778e-05
1557	0.0001244834324048056
11020	5.413292996769946e-05
8018	3.130002021159541e-05
5332	4.225833894906351e-05
2962	0.00011014912036662265
10249	0.00016054366023735884
1548	4.348588696946936e-05
2145	6.860412731070725e-05
3715	5.418038310861375e-05
11021	4.820025547449786e-05
11022	4.2594730049068554e-05
6862	7.976626727256334e-05
11023	4.322051076750791e-05
4798	6.204694155953526e-05
1525	3.367859835247236e-05
6659	0.00012419294197015337
8037	5.980134595458648e-05
6563	3.9532184293880504e-05
3780	0.00017393910840436097
5453	0.00016371813278263063
8014	3.3190267912900346e-05
1792	0.00011447236814920674
1647	0.00015139268142431138
7660	5.2282422051368435e-05
5032	5.326585792254712e-05
926	5.9920198298432405e-05
8069	8.334597625069844e-05
7276	0.00011576039318688994
8305	7.627195258295456e-05
828	7.543195492953203e-05
11024	3.130589834957984e-05
6289	4.334264489324184e-05
10050	4.2533986769323276e-05
11025	3.418719838398604e-05
2357	3.130002021159541e-05
5980	3.216002163348227e-05
9405	6.729851939911898e-05
2161	0.00011008834334048538
9625	4.2738834119318466e-05
1888	0.0001006455704024204
5127	5.8699955016948215e-05
7576	3.440053736742948e-05
4068	4.561800816631494e-05
1900	0.00010339924672768679
11026	3.130002021159541e-05
1672	0.0005214518161413114
3911	3.9509165317345687e-05
7417	6.209387620261328e-05
9228	3.514774167252723e-05
652	3.7626706591007406e-05
4805	0.0001162039579171805
280	9.068319765838208e-05
4062	9.6489173839984e-05
227	0.000415612258492363
7265	8.330025236746237e-05
11027	3.887610965452481e-05
11028	4.3962827388929726e-05
6468	3.130002021159541e-05
9548	3.130002021159541e-05
11029	4.81027756090465e-05
340	6.983502072252458e-05
3989	0.0001395539129765788
2477	4.6079291390314e-05
14	0.00012590460168032373
11030	7.194678849294802e-05
5444	0.00011557269677010641
2672	0.00016179126706603877
11031	6.352978837762378e-05
7434	4.8075929865445645e-05
6649	8.923200398839524e-05
4682	4.199098183925104e-05
6076	4.9445140528989065e-05
3122	3.130002021159541e-05
2153	3.130002021159541e-05
7561	5.057771819708228e-05
11032	8.629530948696771e-05
1815	3.130002021159541e-05
780	5.62149173015287e-05
675	0.0003327382460478803
3045	8.054228658754606e-05
806	6.76510579568912e-05
2919	7.473478229934944e-05
11033	4.894400520457948e-05
11034	6.548654332138887e-05
11035	3.130002021159541e-05
915	6.029986461633774e-05
2855	4.4399252465635955e-05
3048	0.00011709044444344657
4201	5.7715285997727364e-05
9606	3.282510112888179e-05
207	6.730166082282282e-05
4778	3.130002021159541e-05
6603	3.3580172025158726e-05
7996	0.00012525488458338478
942	3.130002021159541e-05
5871	3.158369108288324e-05
8054	3.130002021159541e-05
8602	5.1969165742312876e-05
7864	4.9662291178361614e-05
10399	4.561833082375818e-05
108	0.0001022306348889157
11036	3.130002021159541e-05
11037	4.55844749482796e-05
6857	0.00040759518139199064
4083	4.051970626008491e-05
3096	0.00017756142025843874
10321	6.293321501738399e-05
2639	3.271313703104641e-05
4199	4.022606032669808e-05
7863	3.130002021159541e-05
4392	3.130002021159541e-05
6138	4.559775128682925e-05
4311	0.00016844568334752505
11038	4.418969101638343e-05
5788	5.784920168881525e-05
6744	3.1307393030263395e-05
4905	0.00031452669386152653
782	0.00018490459918759036
11039	5.435026694998748e-05
2190	3.130002021159541e-05
3531	0.00013405471546865905
11040	7.152732537523027e-05
11041	4.405150220044455e-05
8647	5.991123289849752e-05
5047	4.88963684409781e-05
7592	5.543466461546516e-05
4490	5.785800595627709e-05
7237	8.467336744297071e-05
11042	7.711336475888028e-05
11043	4.570432460747623e-05
5568	8.542998699482141e-05
7266	7.501595296152332e-05
1974	0.00010381617375318885
1937	4.281298770103878e-05
8098	5.161555267953125e-05
623	7.603812215347273e-05
8643	0.00011472223625699096
208	6.64359084181073e-05
11044	4.5155655760550106e-05
1805	4.7375717499854655e-05
11045	9.803083946932612e-05
10382	3.130002021159541e-05
9350	4.563331981900661e-05
7645	3.13070753042727e-05
8589	3.8893117280525076e-05
5199	7.21002830117611e-05
5200	0.00020972814141239385
5477	7.317732286723412e-05
757	0.00010803683386798545
6093	8.486748785852628e-05
11046	4.8460455424273536e-05
5171	3.8372251814046656e-05
8299	0.00010208670456868219
1323	6.559613495914125e-05
9788	5.3672938393935315e-05
2679	8.080842990654744e-05
1125	7.635796188743255e-05
8180	5.47446946957262e-05
11047	7.944640082682182e-05
10211	8.133151110898955e-05
1350	8.541540080488614e-05
9685	0.00017076523186655744
7515	3.1314711616257523e-05
1452	0.00016808784904323373
5206	3.1307313116385424e-05
7948	5.207675697371747e-05
11048	0.00010475610130998789
1045	0.00021316480126922115
6837	4.482629864069265e-05
6903	9.279391245208698e-05
11049	0.00011261941658822746
3087	7.773043402404346e-05
4055	4.8159753706252796e-05
1333	0.0001838439490544414
4487	3.130002021159541e-05
11050	4.368075825821888e-05
1511	3.237281290393962e-05
905	0.0002180158294800658
2837	3.130002021159541e-05
4836	0.00015366334734514522
4851	5.247031274411977e-05
288	5.919833022339814e-05
595	8.05940633626767e-05
5737	3.130002021159541e-05
3657	8.083864775054454e-05
11051	3.7725068388823286e-05
3690	0.0002804892401002505
180	3.130002021159541e-05
5106	7.544355537039835e-05
5042	8.477465993349823e-05
2159	3.130002021159541e-05
5565	3.7896698285742764e-05
2167	0.000154553823373966
7798	5.314229211824318e-05
8851	0.00012729455089806183
4388	3.130002021159541e-05
9572	3.130002021159541e-05
10217	0.00011941273539747054
7713	3.130002021159541e-05
1438	5.811543144172243e-05
3311	5.0030069125727e-05
1521	0.0001149827823346369
5496	9.808220844959132e-05
11052	3.130002021159541e-05
1334	9.680137281214973e-05
8277	0.00010774522654115643
8088	6.569855737934406e-05
11053	3.130002021159541e-05
11054	4.428877856683381e-05
11055	3.130002021159541e-05
1325	7.422986355706435e-05
11056	6.085353971609968e-05
4767	0.00010660950853419936
7527	3.1305899137956715e-05
4755	0.0001322073483433482
3482	3.130002021159541e-05
11057	4.433928391162611e-05
1952	0.00025463256098665256
8913	4.6520188429737954e-05
10090	4.2755474660354e-05
11058	3.130002021159541e-05
11059	0.00011279568318387016
3028	3.130002021159541e-05
2891	4.678477679381528e-05
5120	0.00010235516655137907
11060	4.960657821725771e-05
861	5.524895636646314e-05
7231	4.861157899090238e-05
8125	3.130002021159541e-05
1774	0.00020449983325851793
8252	0.000152580788692324
7317	6.543686352159989e-05
6839	3.130002021159541e-05
11061	5.135515800042188e-05
10499	3.211454120746396e-05
9537	0.0002133887476949552
7696	4.3214413400283335e-05
5178	5.999453105077729e-05
5179	5.72696138018762e-05
11062	3.130002021159541e-05
11063	3.130002021159541e-05
9390	6.436273849588461e-05
3420	0.00018953669287144747
4731	4.8202342497310186e-05
10452	4.40741915018343e-05
4413	7.408639030152087e-05
11064	3.130002021159541e-05
166	4.716119397373526e-05
11065	3.3050662236199957e-05
6791	3.684267292081073e-05
3724	0.00022570313267650986
9661	0.0004432456570027881
11066	3.130002021159541e-05
8083	6.889527363790972e-05
11067	3.131177648756427e-05
1954	7.990710094411439e-05
3692	4.680646225458245e-05
4011	4.359658685093301e-05
5459	4.73556717325718e-05
11068	5.320196234157054e-05
11069	5.9307224261155016e-05
9580	3.8683353880539505e-05
5776	7.173927223405301e-05
3604	3.130002021159541e-05
11070	6.358432394914018e-05
7716	3.130002021159541e-05
7325	3.956512887179179e-05
7354	3.130002021159541e-05
2747	0.00010092193052044373
6647	0.00010827255571673402
2541	3.9285725473707334e-05
10449	3.130002021159541e-05
11071	3.8605566036574146e-05
9456	5.965629307707903e-05
7035	3.130002021159541e-05
3614	4.968939827225092e-05
312	0.0002442208057720018
1636	3.130002021159541e-05
5220	3.388802953903628e-05
4964	3.130002021159541e-05
2252	6.771573128159448e-05
1618	3.130002021159541e-05
2192	0.00010729587998121212
11072	4.7849555262009856e-05
9250	3.689680990236153e-05
10183	4.278016365084771e-05
8397	3.130002021159541e-05
11073	3.2500200335672494e-05
10314	3.130002021159541e-05
4294	0.0001711128707805825
7435	0.00010049700134945314
4286	0.00011625739778144931
12	3.130002021159541e-05
11074	7.110354905844369e-05
8590	9.394978906491867e-05
7154	6.456858310540438e-05
11075	3.9061673519881927e-05
6745	0.00020377783892306522
8701	3.799124272058069e-05
5147	0.00015070411762682444
10447	3.515329021569014e-05
5189	0.00011031514001591969
2529	0.0001169934300239493
8360	3.626243078844435e-05
2691	7.297172046125813e-05
3869	5.2776034481512735e-05
4252	3.130002021159541e-05
4980	4.771353571548488e-05
1426	5.5791227869716485e-05
11076	6.238468509346827e-05
5223	5.769915926713493e-05
8040	6.837899475198871e-05
3914	0.0001942702583986406
5354	5.745238423470614e-05
6629	4.0958381939260976e-05
11077	3.130002021159541e-05
4058	3.220567102958684e-05
1934	5.78317760945101e-05
4329	3.355144677479712e-05
4556	9.168244821396602e-05
10508	6.167449171114967e-05
10160	0.00015273968692959097
9506	4.05526895588073e-05
9525	0.00011159348356331363
2689	0.00012971521265715477
7799	3.184197917094087e-05
7583	3.404959865280594e-05
2275	4.9256290875573916e-05
5937	4.1912211883357086e-05
4265	4.304641458947954e-05
5405	3.795487111052244e-05
11078	4.0770837684015176e-05
11079	0.00037879509528823083
4982	3.9526066205953426e-05
2472	0.0005110669144827187
3798	4.79189414368533e-05
1844	8.424501677615814e-05
4559	4.0773442785630844e-05
4368	0.0001497902952464531
925	8.742209116565256e-05
1818	0.00025506178458788723
8348	0.00018940511112610226
4103	3.130002021159541e-05
8850	3.131752658304705e-05
9457	8.585534186356896e-05
3675	0.00011304940394611163
3874	0.00012377643068341325
4979	3.130002021159541e-05
7700	8.725561476292482e-05
11080	3.130002021159541e-05
11081	3.290000535021117e-05
5402	8.392596071281553e-05
640	3.130002021159541e-05
4660	8.96521057924914e-05
521	0.00023547591437608049
11082	3.3878993413337746e-05
1204	4.798361480354187e-05
8892	7.337124824138959e-05
10141	0.0006500803542552791
1345	6.018624118011269e-05
6027	7.2573852213133e-05
7031	4.614395694421356e-05
1386	0.0001779956827740906
8866	4.9760724623140894e-05
1982	6.839200065652311e-05
4689	3.9437957380573746e-05
5854	8.76056541956191e-05
7608	3.130002021159541e-05
6285	7.56333238474462e-05
3148	0.00012539073913104396
3235	3.130002021159541e-05
10229	3.130002021159541e-05
5604	5.241957297788054e-05
7692	3.130002021159541e-05
11083	4.16154939004724e-05
1490	3.130002021159541e-05
11084	9.051968213355489e-05
1809	7.546379628488873e-05
490	3.130002021159541e-05
3806	4.3157845544571514e-05
5256	6.815235754030001e-05
7957	0.00011290206232867077
8466	6.400096881732164e-05
5656	6.467389850878296e-05
3563	3.130002021159541e-05
11085	0.0001389006756527813
11086	3.130002021159541e-05
11087	3.130002021159541e-05
1082	0.0001724428923156995
7067	3.130002021159541e-05
3203	5.18844717716973e-05
4196	0.00016694033465370963
8755	9.737516297259378e-05
1864	3.824751681465103e-05
11088	7.527903035685991e-05
5394	4.266789760646012e-05
6477	3.130002021159541e-05
1466	3.131177648756427e-05
8891	7.071290186300754e-05
11089	3.685078988368271e-05
2146	4.4813414777759725e-05
3619	0.00016189499069184054
3707	5.4892346584641306e-05
11090	3.166615961241372e-05
1768	0.0006176403275783504
1123	9.07592141883025e-05
6358	3.8930399858552575e-05
3205	6.034937947284385e-05
9017	6.150352616742796e-05
3216	9.810689654550508e-05
4651	0.0001225919941231576
2933	5.836521845777185e-05
7686	8.628550533320026e-05
6276	4.7197903590716894e-05
2820	0.0007699762553474468
2789	8.717638742491011e-05
4362	7.449133222562619e-05
9005	3.130002021159541e-05
4154	0.00018867566585381365
11091	4.8998402629723535e-05
1401	8.297320701490239e-05
60	0.00019282442747932426
1180	0.00014682141598034655
1300	5.4996640766915086e-05
2376	5.8432026979195705e-05
1801	3.130002021159541e-05
4071	0.00011509905647899505
2474	7.735753907598327e-05
11092	3.130002021159541e-05
3748	6.782864601936333e-05
3888	0.0001496853724798929
3021	0.0001709945710823356
3538	4.071077058068587e-05
9296	4.849622581104433e-05
11093	9.574452220251765e-05
8967	0.00014039355847500018
9109	0.0001895586312570239
6492	5.016758163713037e-05
10506	0.0014705484923112943
1726	0.00016237560457843796
2654	3.130002021159541e-05
6692	3.427099175580901e-05
11094	4.012089412076136e-05
11095	3.7436370083859085e-05
2055	3.130002021159541e-05
11096	3.130002021159541e-05
3353	9.661890040240094e-05
11097	5.321665768653161e-05
4263	8.377264816157316e-05
11098	6.21069180404606e-05
9261	0.0001251203658515945
778	5.291332611323908e-05
45	4.635491585704344e-05
6059	0.00018863574173080477
326	5.294276974809765e-05
6208	0.00047022612654197375
7013	0.0001010024462178917
7609	0.0002488519241674609
2069	3.270563381930246e-05
8143	7.043373569466272e-05
6687	3.3102693907495214e-05
9160	3.130002021159541e-05
2286	4.2956078192903744e-05
4145	6.156957404578171e-05
6190	5.9172534620351714e-05
1506	9.552004343510957e-05
9022	6.0169401609721735e-05
6306	7.331814167254691e-05
787	0.00014066884759023854
704	0.00014254896356460491
10480	4.729816462018538e-05
1326	3.981614236728957e-05
753	0.00013099239153563263
2569	8.359237164989945e-05
8073	3.130410898001952e-05
8395	7.596852293931705e-05
11099	7.361362981137261e-05
4486	8.18126080930695e-05
410	8.036662805407908e-05
11100	3.130002021159541e-05
8442	3.310147026380643e-05
1154	5.986903361380254e-05
6414	5.0834005776131494e-05
9829	3.20187778957359e-05
9984	0.00010478811601688214
6505	0.00024823368219154804
2030	0.00017895436162287696
9113	0.0008896435962567805
5846	3.6559840079831207e-05
2331	3.130002021159541e-05
8862	5.7477201002024844e-05
7761	3.130002021159541e-05
1394	4.241050416497283e-05
3698	3.133458582112063e-05
1967	8.26443018972551e-05
1502	3.130002021159541e-05
11101	3.130002021159541e-05
9818	5.5460840478346684e-05
4095	3.130002021159541e-05
1472	6.069034628776444e-05
673	6.291668236173913e-05
11102	3.130002021159541e-05
1563	7.732216026257443e-05
1241	5.760482485540224e-05
4936	4.2693560285651675e-05
91	6.613564805249333e-05
4705	3.130002021159541e-05
3357	6.106881209179825e-05
7506	5.846113903836205e-05
3437	3.130002021159541e-05
11103	6.443619335252246e-05
11104	5.038935342443016e-05
8162	0.00016297232028531422
1969	3.916705585549982e-05
317	0.0001049033662041583
2642	4.0812753376502596e-05
1836	7.069634587707099e-05
290	0.00025668846187266965
2439	3.1668176283230915e-05
9995	3.130002021159541e-05
11105	3.13176239746473e-05
6344	0.00011792142690486378
1788	9.774510323916848e-05
4970	4.423438517697694e-05
11106	7.211571431475726e-05
11107	3.130002021159541e-05
8679	3.16149756347361e-05
420	4.2788552561830273e-05
11108	7.214566586816317e-05
7813	6.853005328785443e-05
9804	7.312880225573843e-05
4211	0.00012283797303179735
8606	0.00013081364290594758
6799	0.00032473255552680744
2992	6.498168971051611e-05
10192	4.264589739299471e-05
8177	3.131014719494241e-05
3648	0.00016745723430867818
3647	0.00011644965033429704
11109	0.00020019800155268857
4326	3.130002021159541e-05
1586	0.00014910341521505045
3399	9.112233203133571e-05
2240	9.079055729005865e-05
8240	0.00013866309438896507
11110	0.00012519391700570987
944	0.00011462085952368493
6838	0.00021939366746643295
10060	5.392649437078217e-05
11111	6.865831639117105e-05
4316	3.130002021159541e-05
1079	7.907765237790827e-05
8841	3.130002021159541e-05
6632	4.436534062864606e-05
8167	3.1324426471625884e-05
11112	3.130002021159541e-05
9516	5.513558981114305e-05
11113	5.504701078131024e-05
57	4.977538264482735e-05
3334	3.130002021159541e-05
9008	3.3900906800515384e-05
5952	3.2884350770459356e-05
6308	9.30827726100868e-05
5720	3.133885017941389e-05
85	5.323336626322422e-05
11114	6.057723952609068e-05
8648	3.1535167615429005e-05
11115	3.130002021159541e-05
8421	9.251136102235186e-05
6660	3.130002021159541e-05
3104	4.1757796990474715e-05
3207	0.00010915340245247287
11116	4.1022985808141066e-05
4096	3.130002021159541e-05
7383	3.131422216593075e-05
9739	5.01602728132391e-05
3613	5.869902455239131e-05
2952	5.430290250763137e-05
11117	4.5462921703342304e-05
6682	0.00012842035142422554
10446	6.38809115757022e-05
5834	0.00010257979238299499
3131	7.906943523446183e-05
9183	6.806751129549703e-05
7780	3.1305875578273194e-05
6394	7.515326073483921e-05
11118	3.130589520082414e-05
10254	9.216510826503928e-05
3012	0.00011981089450482905
11119	7.904495953115016e-05
8675	3.130002021159541e-05
9752	9.872981626645906e-05
6364	9.415118213902438e-05
7950	4.2091347837807955e-05
2763	3.262401013650675e-05
4575	4.846357344184337e-05
4424	5.2160997314153776e-05
3323	7.818980889449774e-05
6557	4.237088794850465e-05
8598	0.00015649074059216056
4891	4.183880602946327e-05
9151	0.0001708206214877058
9129	4.031262863601474e-05
4642	3.130002021159541e-05
9742	5.322130996467461e-05
5917	4.337661770279747e-05
3567	4.897852376381077e-05
11120	3.1302957704890536e-05
7581	7.453064369379643e-05
1680	0.00012254617662553894
9110	3.130002021159541e-05
9341	4.782446910142826e-05
252	0.00012007079126850822
11121	6.243648125775858e-05
9743	3.9141379267216364e-05
1024	0.00011052986799434141
10338	5.1410671975600934e-05
3487	6.554220924432436e-05
6064	6.216185912668337e-05
463	3.130002021159541e-05
10070	3.203537216305666e-05
5005	0.00012598118137957626
8013	4.1469831222064844e-05
7296	0.00011978295834150554
6856	6.824176712383799e-05
2830	3.131177806431802e-05
3390	0.001116708123390023
7426	0.00041055893315278155
4415	5.8813977754859554e-05
2306	4.4625469974866126e-05
3511	6.225920334376885e-05
7557	7.227707042513191e-05
11122	3.130002021159541e-05
6282	0.00013477812319833457
148	0.0002687339336219808
2790	5.9755232210260616e-05
11123	3.130002021159541e-05
7273	4.3782142985417894e-05
11124	3.167639658274466e-05
6925	7.314349855403466e-05
9158	7.907887790619409e-05
11125	3.130002021159541e-05
2886	5.327675393963808e-05
1560	7.531902426496283e-05
2067	0.00017212133684075883
294	4.0455762022622904e-05
8652	5.963460956003791e-05
3457	4.486086787096245e-05
8457	3.283575334793512e-05
1822	4.234705829218254e-05
3700	5.4221590138713e-05
483	0.00010166798627478434
2939	4.4041359997362006e-05
11126	6.495635221746504e-05
2447	5.007737886752801e-05
6992	3.7034559079983506e-05
7933	0.00010059141911177632
4529	3.130002021159541e-05
156	3.130295849252783e-05
10434	0.00013116726563873048
3541	5.543308043002234e-05
5946	0.00015742022322166757
2827	4.313835682099587e-05
11127	4.2390567220756014e-05
8190	8.859924935346328e-05
6168	7.946432603048037e-05
9863	6.0961972738022646e-05
4875	3.130002021159541e-05
2329	3.130002021159541e-05
3617	3.130002021159541e-05
11128	3.130002021159541e-05
973	0.0001248076243848428
11129	6.237852592881072e-05
7357	0.00014704769883659192
656	0.00016514297899894033
11130	6.8168755368734e-05
7628	3.130002021159541e-05
11131	3.130295967477607e-05
9138	3.232592966201306e-05
1309	4.908582795838178e-05
11132	4.402188471093335e-05
5401	3.130002021159541e-05
5244	0.0002879804882438006
1543	0.00022312740290614613
3601	6.22600747125758e-05
7044	7.43613612414905e-05
7569	7.200737642686401e-05
6613	4.648564880615886e-05
9905	5.659149403639688e-05
7657	0.00011717843470045484
11133	6.197744794831387e-05
4222	5.3665088774967644e-05
1862	8.530044019769419e-05
4435	6.75375322951733e-05
3525	4.0105718720258096e-05
6206	4.1599945997558004e-05
1367	3.130002021159541e-05
956	3.130002021159541e-05
10300	0.00010472488740111618
9135	8.049804280076399e-05
11134	3.131764871620925e-05
11135	0.00015882301405614556
7290	3.132349662465751e-05
1923	0.0001272557158534767
9586	9.947668200324081e-05
10418	4.337544197333317e-05
11136	3.297918911016016e-05
2459	3.1325705819977594e-05
1399	3.255261664965446e-05
11137	3.40114464299403e-05
6074	0.00013907616163619168
6052	4.1800938359919064e-05
6133	8.287540520782677e-05
1114	4.850026695818177e-05
8743	0.00031646695172528875
6640	5.167059482199427e-05
4742	4.127384160401216e-05
6054	6.0674876833691926e-05
9908	6.81928296228845e-05
9411	3.131623477949868e-05
7209	0.00014276730569165433
1699	7.36067730217648e-05
11138	4.3485319259920294e-05
8480	3.130002021159541e-05
502	3.2653895794064476e-05
37	0.00011711706343126794
9143	9.305651712797016e-05
9727	7.06249257688472e-05
8186	0.0003589182402175649
7201	6.503639434331571e-05
2247	5.370529964437546e-05
1590	0.00010162146190146712
3176	5.882279755572416e-05
4001	3.882448687936011e-05
5500	3.130002021159541e-05
2707	3.1362208547808047e-05
879	0.00021283192891484646
1869	6.891709678292169e-05
402	0.00015062683756403574
5338	4.5307051852872485e-05
2655	4.978120702348317e-05
1736	0.00011986537528114804
9176	0.0001864199359748617
9295	0.00013689368833186985
3738	9.388737454425614e-05
8196	5.5036926984332454e-05
11139	5.158799648618639e-05
4353	3.130002021159541e-05
8692	3.130002021159541e-05
1787	7.227934972188631e-05
9902	3.1569533263447515e-05
6742	0.00015939682965359232
7622	7.939627904387047e-05
755	0.0002490989537444476
9954	4.459471660453416e-05
9503	9.207716386668894e-05
3664	0.00010829129103349499
9724	0.00011366637700417645
5359	3.130002021159541e-05
7218	3.130002021159541e-05
6714	3.6231002025733564e-05
8066	3.908655446904152e-05
6274	3.130002021159541e-05
6167	7.733743691730235e-05
8489	5.286290135187449e-05
9178	6.84727357240227e-05
7513	5.1470783739290846e-05
3322	3.130002021159541e-05
10166	4.464672343044399e-05
9513	3.130002021159541e-05
11140	3.139781335212694e-05
1564	3.89041726513436e-05
3406	6.548997394443515e-05
3481	0.00011624073694174784
4955	8.349922753777185e-05
3702	8.722834932246731e-05
5191	4.7953996390964426e-05
7743	0.00025826086012710925
5953	5.4335516526997376e-05
4949	7.148081379533875e-05
7535	9.387378096641685e-05
11141	3.920694558458173e-05
5721	0.00026178643981200313
600	4.263131349678194e-05
7053	0.0002545313670254279
5609	3.130002021159541e-05
4118	6.495265059104321e-05
9288	5.4055140014177644e-05
4275	5.2340293053604905e-05
7619	3.622161085833952e-05
11142	3.130002021159541e-05
6163	0.00012015202044385386
3460	3.130002021159541e-05
2114	0.00010369383121594747
2609	6.754434762656638e-05
2196	7.720942130276542e-05
3084	7.163783290445511e-05
10058	0.00012223591919029294
6945	3.130002021159541e-05
6773	0.00012027689759053494
5009	6.610450789893129e-05
4994	9.460112742543268e-05
1285	8.943787076380773e-05
1765	7.951940085860028e-05
8155	0.00010431370342569554
2479	0.0001955208889549964
1577	0.00012915693442835303
8774	3.1308756580506496e-05
11143	3.130393791950531e-05
7365	4.292778772457894e-05
11144	3.51796715280175e-05
146	6.968758269086297e-05
7806	3.130002021159541e-05
8973	7.07191753266383e-05
765	3.130002021159541e-05
2256	8.655080034787371e-05
3346	0.00015578682244919633
7931	5.049627705035419e-05
6584	4.7540919238054405e-05
919	4.280430961076516e-05
6604	3.7865440260049416e-05
5784	8.961448315831125e-05
5413	6.05008301746164e-05
11145	3.130002021159541e-05
6634	3.130002021159541e-05
1012	5.1477296133422046e-05
616	0.00010053180332900933
2470	4.591659289374212e-05
11146	0.00010547090157782393
4504	0.00010287819077997218
8704	0.00019385541228362127
7012	0.00016069834382192527
6440	4.588721489139586e-05
7272	7.858227270868516e-05
6669	7.284173484745277e-05
4816	6.0824508999535336e-05
7577	5.9078991102547565e-05
4015	5.840198094984609e-05
5308	0.00016361257490999924
5190	6.390709487063898e-05
9870	3.89312891964299e-05
11147	3.130002021159541e-05
6592	4.072265485328921e-05
9136	0.00015667704706441005
968	4.0481331614725264e-05
451	4.813730777516106e-05
2775	5.750818761226434e-05
11148	6.515346793258612e-05
3777	3.6449455637060826e-05
1743	3.130002021159541e-05
11149	5.937813214993972e-05
3660	3.270818073529205e-05
7881	0.00012069621693250969
8998	3.173091730124832e-05
4822	0.0001914374720916916
11150	3.856936303926142e-05
5381	3.5075760234552094e-05
11151	3.130002021159541e-05
5378	7.95610734552785e-05
7122	3.130002021159541e-05
3002	7.364294832193417e-05
6891	6.167130917772765e-05
2060	9.29154364347343e-05
2456	3.86508789260689e-05
3812	0.00010297241874243499
4623	3.464575815753342e-05
3520	9.297866315150432e-05
8999	3.130002021159541e-05
11152	6.58556280808671e-05
400	4.927787141590468e-05
4208	0.000140797067406004
6643	0.00021150653510311636
3684	5.435726064106844e-05
530	5.566161522232317e-05
770	3.277378364794478e-05
11153	3.130578738680044e-05
625	0.0013214149659384483
4213	3.9904905456887713e-05
1428	4.194802410203627e-05
6013	9.244735741944151e-05
3108	4.237041350602094e-05
4183	3.130002021159541e-05
11154	3.300036309566356e-05
8605	6.389617606869378e-05
877	0.00010206452283127859
8034	3.130002021159541e-05
4350	3.130002021159541e-05
11155	5.0514820415171506e-05
3792	3.152178102778948e-05
7484	5.049159212588778e-05
7161	6.015035200021856e-05
8962	6.592401038958839e-05
2768	6.427908315873707e-05
6811	9.886080330017926e-05
9569	7.21090462289519e-05
4703	4.8169540388044004e-05
666	3.130002021159541e-05
1646	0.00013063428162769184
7309	0.0001071514251837215
10301	0.0001637816541145118
6251	4.1173531614179375e-05
3689	4.73110584792086e-05
5947	0.0001362033874586562
9980	5.3216657686531605e-05
11156	3.134176294765962e-05
11157	4.689793938276597e-05
11158	3.130002021159541e-05
474	9.215524426623711e-05
11159	5.321428703367395e-05
11160	3.130502012282262e-05
3360	3.130002021159541e-05
6514	0.00014064369216181642
2307	4.478104022925209e-05
425	0.0001570273053643586
5713	3.130002021159541e-05
84	6.616003100995844e-05
9057	3.130002021159541e-05
11161	4.1923974122274135e-05
2400	3.8097623742046976e-05
6997	3.893055762955782e-05
7221	7.876515601285984e-05
6222	3.130002021159541e-05
2099	3.130002021159541e-05
11162	3.130295928058763e-05
5685	6.436682898712423e-05
646	0.0001871921003324245
7140	3.861892432429054e-05
3761	7.533544430842954e-05
5470	7.560172891832689e-05
11163	8.74003238787896e-05
2009	0.00010394329729026226
8138	3.130002021159541e-05
132	5.441111760051722e-05
1599	0.000200105022588348
3146	6.11420413885e-05
432	4.457378706983045e-05
8641	5.059386715871929e-05
9775	0.00036114683268010387
8225	3.130002021159541e-05
11164	0.0001499231063286709
8432	3.130002021159541e-05
3633	0.00010357877778199528
6967	3.130002021159541e-05
11165	8.022685120092227e-05
5853	7.197655224642032e-05
8148	0.0001041196660785372
9617	3.6737781980686405e-05
11166	7.385590547526928e-05
3803	5.6885103879451e-05
5878	4.2848218069423623e-05
9757	8.272641615744383e-05
11167	5.7238515450705464e-05
2241	4.746951325501904e-05
2931	3.9891889558761276e-05
9200	7.140402476153577e-05
3009	0.00011270548526025396
11168	3.130002021159541e-05
9236	5.705684074005165e-05
11169	3.131207401116921e-05
11170	6.12760024695572e-05
11171	3.248631117101328e-05
793	4.553811458093887e-05
826	0.00013760535694076517
1872	3.8558687875039216e-05
9963	6.280199320224657e-05
9842	3.130002021159541e-05
4835	3.822132538705447e-05
9301	3.131177806431802e-05
2354	4.886892476236138e-05
2538	0.00011290221444284872
6141	3.130002021159541e-05
6109	5.70573544440623e-05
1593	4.9519381779755214e-05
3773	7.622574861100261e-05
9216	0.00016025420368767743
710	9.198454130271124e-05
8235	3.130002021159541e-05
7415	5.58216024075219e-05
3199	3.130002021159541e-05
5242	6.48074692475879e-05
10228	0.00014556034993072888
6841	3.130002021159541e-05
7021	9.48324252524684e-05
691	7.550816115710029e-05
8259	4.627770074899245e-05
929	0.0002115046245939385
8386	4.126995916574343e-05
1922	9.769214791018497e-05
11172	3.130002021159541e-05
3910	8.756361026510183e-05
11173	3.130002021159541e-05
11174	3.807209939280505e-05
5030	8.854433034605831e-05
2469	5.874874711978275e-05
7877	7.627391333389164e-05
1649	0.00011042136991022455
6628	7.612474117684923e-05
1318	7.263423831242735e-05
3529	7.808323715245135e-05
4645	9.901281044054865e-05
802	0.00011564056799460816
1273	5.014143002550048e-05
6849	6.0821172692262684e-05
8246	3.3809857401289745e-05
3663	8.090373695802711e-05
967	0.00016115192252946802
1122	5.4952113036090455e-05
11175	3.9476150393882934e-05
1186	6.64441576977034e-05
4695	3.130002021159541e-05
3153	3.131177806431802e-05
245	8.58972835294535e-05
3850	0.00042831172030606107
2703	3.130002021159541e-05
11176	9.409445592038556e-05
2253	0.0001932440909322838
11177	3.130002021159541e-05
7468	4.312290201386192e-05
11178	4.805474730365717e-05
7246	3.130980792036414e-05
10131	3.7342867894989894e-05
11179	6.516753043611765e-05
991	5.148313269147282e-05
11180	5.180338687473749e-05
11181	0.00013411824636532364
11182	5.6168988928065165e-05
11183	5.545384826957271e-05
1343	5.1877173868475307e-05
776	0.00015992280101247567
8031	0.0001042550566324266
8289	4.9493605256013076e-05
1670	3.130002021159541e-05
4845	5.821244264788999e-05
4566	5.0214269963580656e-05
9302	3.130002021159541e-05
3444	0.00023617149886270684
1277	3.2286876688395906e-05
2600	3.130002021159541e-05
11184	3.7252525392684255e-05
348	6.884090001350681e-05
11185	7.173486313512464e-05
9364	6.0238742159763266e-05
1267	3.724715320859756e-05
2668	4.049145824947004e-05
8849	3.130002021159541e-05
1461	6.112170936599742e-05
11186	0.00013717576191070945
3115	0.00010387665870597072
4917	0.00025441492891565274
9270	6.983180714829172e-05
8184	3.130002021159541e-05
10066	6.610505630595503e-05
5819	4.158093233842701e-05
5276	0.00010896080510048458
9204	6.428524486259745e-05
11187	3.4962964819067584e-05
7736	5.639769652069193e-05
2717	7.633082726969746e-05
3942	4.6401194243445125e-05
11188	5.599962515218087e-05
10408	3.2696325933240324e-05
11189	3.132471038526358e-05
11190	5.983543431513474e-05
8220	5.748134581417406e-05
8592	6.500140540376715e-05
8262	6.408150264173544e-05
6701	4.620356641601536e-05
1422	7.703097303426564e-05
9340	3.130002021159541e-05
11191	5.321665768653161e-05
3006	0.0001265785848699485
8502	7.867888048501073e-05
4954	3.130002021159541e-05
1640	7.937037782177546e-05
3458	4.374929730184359e-05
8972	5.000172587476765e-05
3230	8.720958133501532e-05
7903	3.130002021159541e-05
9872	7.2643978783809e-05
8165	3.130002021159541e-05
8326	0.0001285049546584835
1074	3.130002021159541e-05
8507	7.005116968720192e-05
1290	5.2512183783082585e-05
6497	5.412938794938515e-05
7701	4.584741184380513e-05
11192	9.167474772433113e-05
9442	0.0001002110523163833
1359	0.00013627192301761927
601	6.945121823355224e-05
4921	3.130002021159541e-05
1436	3.130002021159541e-05
10392	4.02133663971592e-05
58	3.3483724248854924e-05
4120	7.335857798066893e-05
8587	0.00011457562157140568
3395	0.00011880030491484499
1295	4.617868066097922e-05
11193	3.185608278867984e-05
572	4.286102593337815e-05
4505	0.00013124386507690916
6635	3.8756154361206285e-05
4269	6.977884939664653e-05
3041	0.00020141375768120042
11194	5.602744993804938e-05
11195	6.152091553875323e-05
2947	7.770139414879568e-05
11196	3.130002021159541e-05
4437	0.00010767719240799132
3362	3.130002021159541e-05
1030	4.047940738013587e-05
11197	3.692030948854703e-05
1197	5.3667372423412936e-05
11198	3.130002021159541e-05
1402	0.000138406826712261
4246	7.76691670462474e-05
11199	4.383210641605691e-05
3991	4.252424517503147e-05
11200	3.130002021159541e-05
4534	0.00013673468142887918
293	3.637281952513793e-05
11201	5.1250658584333504e-05
11202	5.351582636449565e-05
9027	0.00015888382347924434
6158	0.00010230047535135815
5536	6.757462441665612e-05
1911	7.527809053883825e-05
1867	8.967127246483194e-05
1059	3.130002021159541e-05
7338	3.8760785858186456e-05
11203	4.0716832893082446e-05
11204	5.474867419132698e-05
407	3.130002021159541e-05
7289	5.7121815204005256e-05
2042	3.130002021159541e-05
10390	4.435430644056184e-05
298	3.130002021159541e-05
6335	3.130002021159541e-05
9193	0.000114515057884972
3197	6.61034660603672e-05
3943	7.355318433518497e-05
3244	7.88539036848407e-05
5717	3.130002021159541e-05
9675	4.042629946078878e-05
11205	0.0002005909947971498
9321	7.999535445325976e-05
8200	3.130002021159541e-05
124	0.00042564782065370826
11206	4.8284756341490686e-05
4826	3.130002021159541e-05
2205	3.130002021159541e-05
11207	3.1581765610132496e-05
2444	3.130002021159541e-05
1794	0.00011871124577771572
4724	0.00012014746037493617
4304	5.321665768653161e-05
11208	5.4249736486459094e-05
2943	7.385815971312411e-05
2944	5.236985129016492e-05
1665	3.130002021159541e-05
5497	3.724767884083354e-05
10056	7.542908737154388e-05
11209	4.612808615185407e-05
11210	4.340961842983393e-05
7315	6.328815153631474e-05
11211	6.987836245429897e-05
1786	7.214757910064111e-05
7740	4.433698199431524e-05
4849	6.435141194483098e-05
9131	0.00013304180969279003
5523	4.673453364651492e-05
384	0.00030162663933095194
7224	4.897649386018037e-05
11212	4.31563108551638e-05
6571	0.00010725824990951658
3970	7.647994951734646e-05
11213	3.130002021159541e-05
11214	7.192648520859175e-05
2819	4.051219081762485e-05
2005	4.36215865481332e-05
6999	8.103083087135276e-05
11215	7.396691281477187e-05
3553	8.630034377964959e-05
3860	4.7049011777630835e-05
1269	9.167914336498105e-05
3425	7.126041887090987e-05
11216	3.130002021159541e-05
1571	3.13029569176754e-05
8665	3.515652569816701e-05
3173	5.02705143135015e-05
4401	3.130002021159541e-05
5247	8.615733769231984e-05
5463	6.547638301345729e-05
6026	3.8097582926646546e-05
6350	9.933497852622258e-05
9067	5.6244664917389186e-05
8512	3.130002021159541e-05
690	9.051497898244221e-05
5248	6.268390294272058e-05
6072	4.2349189532084435e-05
9416	0.00010192256868575317
2160	9.399014991705315e-05
7630	0.0002340857025140683
4937	3.130002021159541e-05
1482	5.3664598367324636e-05
4262	3.130002021159541e-05
7321	3.130002021159541e-05
8370	5.049225608606952e-05
8986	5.225935734311956e-05
7437	8.394734915231976e-05
3292	0.0001493562715318366
7949	6.340360996186399e-05
4359	3.130002021159541e-05
11217	7.784991834040983e-05
470	4.853613227134149e-05
9859	3.916140442931158e-05
7759	6.917809866794528e-05
1634	3.130002021159541e-05
2291	3.700648315561038e-05
11218	7.690801570138671e-05
8350	3.130002021159541e-05
6527	3.130002021159541e-05
11219	3.2001555046052225e-05
8876	9.505009156374222e-05
152	5.890636516183402e-05
4547	6.867006645392554e-05
2656	0.00019977775294219185
11220	3.130002021159541e-05
3418	4.4675413044750544e-05
3956	3.130002021159541e-05
3728	0.00014210636784017555
11221	3.603787139622812e-05
7584	0.00010951282759015272
5581	3.1517569774697194e-05
4754	3.8765018795274784e-05
10175	6.813757279955246e-05
10344	7.640430287604371e-05
9319	6.321612765658783e-05
9328	9.849621631783479e-05
4395	6.546892029910827e-05
8311	3.130002021159541e-05
6953	9.298552394882488e-05
6644	3.130002021159541e-05
8416	5.1596697243702416e-05
11222	6.569660947160241e-05
6457	9.86582906621477e-05
1485	7.956464156503405e-05
2489	7.207326317708712e-05
1885	4.7819637175912344e-05
6377	4.916194074698524e-05
1976	3.130002021159541e-05
4791	0.00010368941935657593
6143	4.094887182173102e-05
6407	3.7907866459549625e-05
10075	8.826313128841747e-05
9659	3.130002021159541e-05
353	4.247753248536258e-05
8368	3.533523534238626e-05
3833	5.357770757760038e-05
1728	5.4090903829556315e-05
7849	3.130294985168029e-05
5105	3.954600900108057e-05
4972	0.0001025450349620124
694	0.00018628507937864982
8345	4.108390719826241e-05
7981	5.3121186665875514e-05
4175	3.131236099151159e-05
8654	3.980053786973201e-05
5187	7.00102693258581e-05
3542	5.544366197848577e-05
1630	0.0003745296991567272
1574	5.520457811478419e-05
4317	4.0810563856848417e-05
8399	0.00012453088507778952
3829	3.130002021159541e-05
11223	4.021837692861706e-05
2263	0.00010768339810317376
5155	5.220007920869014e-05
11224	4.2382329171820655e-05
6875	7.68702866360193e-05
8181	3.295941562852622e-05
6245	3.130002021159541e-05
4739	0.0001703328366055252
1433	9.691901966315093e-05
11225	3.4677360785888077e-05
3294	8.812818054106369e-05
10404	0.0001452102156009715
5669	8.901266358882256e-05
5161	0.00014594047416544476
7359	5.0184058153797817e-05
4191	6.887772080298347e-05
4242	3.2249721365195526e-05
2374	8.553832718577158e-05
11226	3.327422005409501e-05
4785	0.00010656461997939613
11227	3.131471555655648e-05
8495	6.459656651071192e-05
11228	3.130002021159541e-05
9819	9.112281064457443e-05
8209	3.130002021159541e-05
6995	6.045191798350149e-05
6795	0.00011062489553300038
5519	7.163230473733169e-05
4217	3.130002021159541e-05
11229	3.708334363934165e-05
7909	0.00016506281637076043
939	6.703884001640578e-05
5168	6.109166526382549e-05
11230	9.116233787253729e-05
938	6.144968345211976e-05
3876	0.00012955412875405967
3658	3.195520016771323e-05
11231	3.130002021159541e-05
10044	4.517190434667602e-05
6531	3.130002021159541e-05
1800	3.862471298476003e-05
6845	5.087285035763052e-05
2433	7.521344694264083e-05
2385	5.142847359135893e-05
9435	9.529703089254093e-05
2883	0.0001248450318749967
1230	3.130002021159541e-05
7191	9.459899114205487e-05
1845	3.130002021159541e-05
10281	4.3456528260414496e-05
1067	7.014314000436786e-05
8257	9.03074683643244e-05
194	9.376661462890833e-05
11232	3.130002021159541e-05
8009	5.162040820446906e-05
7346	0.00039686406241331375
23	0.00011013908268668569
4237	3.130002021159541e-05
9353	3.131027954518022e-05
4771	0.00014011800361276515
1538	7.627750126184608e-05
8937	4.3120289253385574e-05
10417	0.00018134914805529177
1105	3.130002021159541e-05
11233	3.130002021159541e-05
8992	4.427909614377145e-05
3253	0.00018140334856625145
2384	0.0002615963745045006
4345	5.412373487579609e-05
11234	3.130002021159541e-05
8273	6.396546479768474e-05
4927	4.197085971933478e-05
11235	4.748050060225379e-05
8035	4.5452908249528745e-05
7134	6.001579484749947e-05
11236	4.534754751375112e-05
8826	3.130002021159541e-05
4587	4.944313378144475e-05
9352	7.90497724759747e-05
834	3.130002021159541e-05
10293	3.135556403256166e-05
3211	0.00010529622050686074
6670	0.00013255211633190957
7425	0.00010373476894787905
6045	3.7868974506110245e-05
9762	3.130002021159541e-05
7663	3.1305899137956715e-05
869	6.113022461957022e-05
9040	5.413641114807664e-05
8347	4.05086304200675e-05
7698	9.98639951986084e-05
2171	9.592210456742478e-05
5228	4.502178824519401e-05
10007	3.130002021159541e-05
11237	3.130002021159541e-05
6369	3.543894763396695e-05
1526	6.345742732413614e-05
11238	4.10574421271076e-05
6519	3.130002021159541e-05
4232	3.700124870873575e-05
503	0.0001079803566364174
976	6.557819149563978e-05
8123	0.00011788098832910522
8455	3.130002021159541e-05
2093	8.683631080581814e-05
1360	3.823584190041428e-05
8426	3.130002021159541e-05
8047	3.2823896535523935e-05
2356	4.994936041556395e-05
3894	4.436071538672946e-05
8786	3.1740136671515106e-05
5944	3.130002021159541e-05
8879	3.130002021159541e-05
3379	3.130442881508373e-05
6146	3.130002021159541e-05
8274	3.1302958098656394e-05
11239	5.8123697265126285e-05
5586	4.847719191600869e-05
5125	8.710774403375296e-05
8712	3.130589834957984e-05
11240	3.130002021159541e-05
10425	3.130002021159541e-05
5292	3.130002021159541e-05
4626	4.9008301300838265e-05
8100	0.00011817306149236636
368	6.220497508943989e-05
5995	5.028819113469915e-05
7301	7.225248069692909e-05
8662	5.568481228771705e-05
6112	4.3937014009679054e-05
11241	4.010942072070009e-05
8045	4.111878617683443e-05
11242	5.9522351276701083e-05
5036	7.039512453698136e-05
9146	0.00012561295764891876
1582	4.56959754615979e-05
9438	5.202359680549148e-05
7169	3.130002021159541e-05
11243	4.8878028576798495e-05
655	6.432285859997142e-05
5156	9.738068511520336e-05
779	4.119093684369656e-05
1270	9.451966116813808e-05
3495	4.492889780016148e-05
11244	4.02396081474128e-05
11245	5.175043297763756e-05
9835	6.952998036063347e-05
6658	5.80433082124233e-05
3327	6.494525899220017e-05
11246	3.130002021159541e-05
1209	5.03602710483475e-05
5729	4.3412772995385925e-05
2486	3.130002021159541e-05
6297	4.507403209557715e-05
6268	4.56515954463088e-05
8241	6.143366095392772e-05
2986	5.8643310830716655e-05
2235	3.957307950607078e-05
8422	3.1312477842900544e-05
4057	5.7677914486589085e-05
8753	4.3838479864898085e-05
3058	0.00020640109742272846
2104	5.6102843690009836e-05
695	3.130002021159541e-05
11247	5.3199020907447706e-05
4293	3.8356559158045614e-05
11248	6.832756599277087e-05
11249	4.433103338115523e-05
6601	5.846052493145477e-05
2602	3.3888024529406824e-05
5085	4.002360015529178e-05
5806	7.453126740387555e-05
6416	5.027735879123255e-05
10065	3.130002021159541e-05
7616	0.00010001173389579242
6776	4.3226206898589e-05
553	0.00022233803011140627
8970	4.0088891836864354e-05
4038	3.130002021159541e-05
5446	3.134837044911794e-05
5323	8.015404483712569e-05
1731	9.42291766964579e-05
9811	4.134478737587061e-05
5689	0.00010761817668306927
5690	7.036448692869469e-05
4053	5.6796266078321664e-05
11250	4.797329112191592e-05
11251	3.79344102806266e-05
1681	3.130002021159541e-05
6401	3.130002021159541e-05
1316	8.595014759882852e-05
2381	0.00011198817608498797
6976	0.00013949705690588358
3402	5.877829988694876e-05
11252	3.8978085476907214e-05
8349	9.997468326743982e-05
8064	7.170500225416829e-05
921	3.130002021159541e-05
11253	7.837445319962969e-05
2989	0.00014826043750706258
4535	3.130002021159541e-05
2228	4.83957042115811e-05
11254	3.9158663408952644e-05
9790	3.131353340319144e-05
5018	0.00013594378027233377
11255	3.132088913914836e-05
4551	3.9526753021297926e-05
10442	4.927653341400846e-05
5065	0.00023012931646936819
4231	3.401251954248055e-05
1181	5.018645263684705e-05
244	4.22765200921055e-05
7124	6.439595963151897e-05
11256	4.213473781513569e-05
3015	5.51611765039921e-05
11257	4.005254519154e-05
6921	3.218971865572701e-05
4008	0.00021853927596724826
4713	4.080061878616639e-05
11258	5.840075753553432e-05
3634	8.651603387098547e-05
1239	0.00018177307912504103
1607	0.00010439097882556915
4718	5.693799280406431e-05
3504	3.130002021159541e-05
5139	3.130002021159541e-05
4218	4.5987423394874735e-05
11259	3.130002021159541e-05
11260	4.055943815211714e-05
6779	3.811304906769784e-05
8956	5.8492637222613e-05
5503	4.762113810540153e-05
5070	0.0001137884110846595
5006	4.954318327193697e-05
1163	3.130002021159541e-05
7730	7.771372990142061e-05
10278	5.09129917394696e-05
11261	3.130002021159541e-05
7499	6.571000363178822e-05
9391	9.205073309831826e-05
9375	0.00011305908019015908
8703	3.688035080175623e-05
11262	3.150083114624522e-05
7406	7.851934469701798e-05
2636	5.87458265937934e-05
11263	3.130002021159541e-05
2478	3.63120195256469e-05
3965	0.0002776251216270594
4042	6.510161647177215e-05
11264	3.130002021159541e-05
11265	3.223700200089937e-05
4681	5.934362360721562e-05
11266	4.027178637061935e-05
10085	3.130002021159541e-05
11267	3.71803008465452e-05
3848	4.5134810083249685e-05
3950	0.00013533681536605728
38	7.231118196688567e-05
6969	4.7971386855583434e-05
1212	9.634646045758108e-05
6017	6.660603097894508e-05
10501	3.130002021159541e-05
2107	4.2267156944417024e-05
7593	8.360003754513359e-05
3209	3.130002021159541e-05
11268	3.130002021159541e-05
219	3.130002021159541e-05
377	4.562595762186979e-05
4247	6.984872199469495e-05
987	4.985095837315833e-05
637	3.915102478774305e-05
4688	8.029117106698943e-05
10219	7.226910835231586e-05
9090	4.483906750582528e-05
3134	3.130002021159541e-05
3133	3.433445843359535e-05
4279	5.986780500632455e-05
10221	5.918138547654128e-05
1975	3.130002021159541e-05
4612	7.37790341224281e-05
7118	9.4709651877808e-05
5035	6.0969750719578446e-05
11269	5.8559454026405806e-05
1772	0.00010874101999183052
11270	7.003826384898354e-05
5550	0.00010905291309325628
2628	8.387810474231019e-05
248	6.470679624114115e-05
4501	4.732177402897816e-05
4953	0.00014582326926529707
619	3.989350506764999e-05
1177	3.9354611464533517e-05
2368	3.130002021159541e-05
10398	3.130002021159541e-05
7908	9.707809048471893e-05
11271	0.0011205714837499699
3093	4.907915852729831e-05
2936	8.679116833925222e-05
5285	0.00014169855740942347
4779	3.130002021159541e-05
2864	0.00053302285970363
11272	0.0001398033387731076
9858	0.00012485109115407866
9166	7.978541568962717e-05
11273	5.8565300071666644e-05
11274	4.613685007618667e-05
8877	3.98251676008868e-05
2527	3.130002021159541e-05
4743	3.76155422608654e-05
7373	6.568166058218647e-05
5213	4.757093372587126e-05
3051	0.00019631872098429523
2611	3.130002021159541e-05
4249	3.1314537021209144e-05
7226	6.242128226944727e-05
7217	0.00013037288964762197
9242	4.220225056266638e-05
8503	3.1710267159754544e-05
4254	4.464125265654839e-05
865	4.147076824496224e-05
11275	0.00036195566262950456
3189	7.353832752116111e-05
6362	8.358191552788907e-05
6589	3.130002021159541e-05
11276	0.00010916724242097359
4632	3.158310514156606e-05
5177	0.00012445956565261307
404	8.154123346637552e-05
873	0.0001785791937705614
10088	0.0001158439775640458
2897	0.00010787989184336553
4340	4.760102243251283e-05
203	0.0002640549010310324
2879	5.207763659224227e-05
8327	5.708745189586873e-05
1803	0.00015525899897802798
4684	4.210237630253462e-05
5765	7.603468350283414e-05
2312	0.00013856485262375796
4376	5.739465612185077e-05
3593	4.530781110410145e-05
1002	7.566260777893617e-05
5818	0.0004759007082377337
11277	3.907968615998304e-05
4341	3.130002021159541e-05
11278	3.514762545549405e-05
8255	3.130002021159541e-05
1396	0.00018077084938752065
5673	3.8312665774607925e-05
11279	3.406139816432083e-05
7391	8.739563431504389e-05
8058	9.091756441602754e-05
5234	7.823936203149546e-05
2580	3.130002021159541e-05
11280	4.1128428898211885e-05
6178	8.930319387922793e-05
11281	7.783199464527144e-05
6258	6.503068514023024e-05
8885	0.00020876544171811152
4740	3.130002021159541e-05
11282	3.259582278577023e-05
7890	3.130002021159541e-05
6901	4.320457482169266e-05
355	6.0040006608889754e-05
4829	8.393494144955204e-05
2414	7.551532842658672e-05
7805	6.834695269609667e-05
2649	5.8711988856478825e-05
777	3.6954442528703784e-05
8476	3.989524932889391e-05
11283	3.7204901644156586e-05
11284	9.69726236927703e-05
5039	3.130002021159541e-05
7027	4.794584856687897e-05
5641	3.9067995170495764e-05
7291	5.616488515184355e-05
2692	8.419947760665951e-05
9595	4.8043384022069976e-05
7565	4.038260922216448e-05
11285	4.241492835250608e-05
3752	3.130918272033793e-05
5481	0.0001618678202276873
3206	0.000337086963550426
7587	8.456687631865442e-05
1627	0.0001161853410078084
11286	0.00011472325044456819
9914	4.522324417441498e-05
11287	8.093209058757333e-05
11288	5.149538664225155e-05
11289	3.130002021159541e-05
1383	0.00011338540372506401
11290	3.130002021159541e-05
2484	4.7980965004877396e-05
5489	3.130002021159541e-05
4382	3.6070109886594844e-05
8303	6.443597209255314e-05
4442	0.0001827077829307763
11291	4.877220794072375e-05
10471	3.5180286806274265e-05
8068	0.0001581901532971676
9424	0.00011857217457776802
4209	4.988623319095273e-05
100	3.130002021159541e-05
2178	5.32137186175394e-05
9801	4.134542586500315e-05
6273	4.103237512316043e-05
109	3.1314269645222714e-05
11292	4.03557880861139e-05
11293	5.321665768653161e-05
1248	8.581787503345742e-05
6748	4.4049364958630555e-05
8485	4.583486321400434e-05
2314	6.180683870511133e-05
1297	3.130002021159541e-05
9856	4.439767420289553e-05
5549	3.130002021159541e-05
9461	4.021898876688746e-05
9636	7.05091299900495e-05
6851	3.130002021159541e-05
9440	0.00015087732579986864
5572	0.00010618330986736878
458	3.130002021159541e-05
11294	3.130295928058763e-05
4745	4.7872409974704025e-05
1078	9.985941590847367e-05
7923	0.00016301442742558623
8524	7.066764487592934e-05
381	8.20761360423084e-05
2720	3.130002021159541e-05
6081	4.504099507189866e-05
7676	3.5374488355028377e-05
7966	9.656777539715006e-05
5677	3.130002021159541e-05
3898	3.130002021159541e-05
4841	5.321665768653161e-05
11295	3.130002021159541e-05
8055	5.321665768653161e-05
8332	6.196959116144478e-05
7003	7.554639682936749e-05
6552	0.0001916884238266932
8637	3.130002021159541e-05
5824	4.036583470825249e-05
150	8.326753117298552e-05
11296	3.130002021159541e-05
7924	3.130002021159541e-05
7578	3.130002021159541e-05
5461	6.410040329183947e-05
9594	0.00013104549612154556
1569	4.217698482105565e-05
6179	4.972408385914558e-05
11297	4.44077787527336e-05
11298	3.130002021159541e-05
11299	5.6747671501938e-05
8437	0.00011837923607174838
2092	5.1360751715395344e-05
4364	8.372693104768156e-05
8685	4.6045873201654454e-05
4607	5.320490141056276e-05
9037	5.6174429986593275e-05
11300	3.130002021159541e-05
8882	3.130002021159541e-05
11301	3.130002021159541e-05
8990	0.00011056104890965404
2362	0.00017279113721193536
6761	3.130002021159541e-05
5490	4.542191810363008e-05
1115	9.935344799563185e-05
11302	3.130002021159541e-05
4318	9.022671498779724e-05
395	4.273853653777945e-05
2963	9.331391812268438e-05
1218	0.00013917049662386783
1686	4.9203362215552714e-05
11303	3.8709935951199734e-05
5170	3.130002021159541e-05
10165	0.0006462885158310884
7570	3.130002021159541e-05
567	3.130002021159541e-05
9414	0.0002921671031012648
10504	5.321077954854719e-05
982	0.00037897459714285515
3655	3.130002021159541e-05
7352	0.00010425673724430315
6292	0.00014094856205421112
9268	4.338225194774194e-05
417	3.130002021159541e-05
1628	0.00011697674033929204
575	6.56717167968731e-05
9573	0.00011488879617570967
6413	0.00011790240483693331
11304	3.1476941152100496e-05
11305	5.766713984332722e-05
3086	8.163837588464246e-05
3606	3.169312043754169e-05
609	8.898044879386866e-05
9091	0.00014869615153438015
1259	3.130002021159541e-05
1826	3.6856806672620155e-05
3751	0.0003380339935787667
11306	4.2267144829783434e-05
9650	9.752219122578185e-05
6447	8.325845437098233e-05
1293	8.708887819152216e-05
6150	0.00010163374764955412
1253	3.132155894225067e-05
3062	3.698110749606332e-05
10445	7.301065405557255e-05
2084	5.875203971078746e-05
5101	3.145143748981962e-05
1022	4.0066815852936416e-05
8699	6.431319494267795e-05
3375	4.979702033141089e-05
6762	3.130002021159541e-05
2203	3.130002021159541e-05
11307	4.467082538518817e-05
8529	0.00018248090969757308
5940	0.00030652841628423975
11308	0.00024839386064673814
3999	3.712350191522363e-05
7182	9.316213998591415e-05
3841	0.0006925068599020312
9603	0.00014670450211583364
2756	4.166965688498862e-05
8682	0.00013730617291498858
2979	5.357129729953634e-05
3583	6.843253226580204e-05
11309	3.130002021159541e-05
8809	4.410910119747858e-05
963	3.130002021159541e-05
8460	0.00011229574661266435
11310	3.130002021159541e-05
9404	4.0049557361343136e-05
10027	7.835516907068289e-05
3985	5.384941761428269e-05
1088	4.079945407593431e-05
9299	7.515323957396405e-05
7962	0.00016390968863426957
4338	5.2984999898200147e-05
3394	0.00011512968886334625
5086	4.636784174768536e-05
5245	9.140261628624085e-05
9959	8.883475338365717e-05
1435	6.330891579660279e-05
5990	9.020250115576177e-05
2774	3.867337492642975e-05
11311	7.443134036985615e-05
5693	5.9918945352298766e-05
3061	3.130002021159541e-05
11312	3.130002021159541e-05
1006	7.316962504706068e-05
8280	4.964469338177856e-05
11313	0.00013056340846020605
6325	0.0002067873456693781
7167	3.1319186852162584e-05
2305	0.00013399393571837732
6406	0.00023865477025676617
2816	7.756756441100994e-05
7227	5.2185314349425595e-05
2615	6.878285664337712e-05
5826	0.00041008333867327405
8449	3.130002021159541e-05
10034	6.614666951258754e-05
8219	8.055017934011171e-05
3797	3.130002021159541e-05
2852	3.130002021159541e-05
3961	3.972410021673494e-05
3053	0.00012011799982907171
10139	0.000551636642502031
3679	0.00022298941567864132
1347	3.130002021159541e-05
1853	5.3216657686531605e-05
9560	3.130002021159541e-05
1559	6.503156734870909e-05
11314	3.130002021159541e-05
8536	0.00012882665054281907
10253	3.130002021159541e-05
9246	6.558538749382899e-05
2685	7.798680684779964e-05
6892	3.130002021159541e-05
11315	4.535161495729928e-05
1920	0.00010117904993022509
3129	8.541371930205319e-05
3710	5.3242195110822805e-05
2184	0.0001209978209769031
11316	5.321665768653161e-05
4332	9.26800193637067e-05
4590	9.491337769129416e-05
9547	7.534620955638931e-05
11317	6.050359453022882e-05
928	0.00023862686439804427
7741	3.130002021159541e-05
661	4.7969404252047657e-05
1162	5.228584825805239e-05
1932	4.99560788417218e-05
10259	3.9165334449009816e-05
11318	3.1302955344510226e-05
5840	7.205675618364274e-05
11319	4.201907932477316e-05
4114	3.876438638069988e-05
1722	0.00012305523323723268
6009	0.00011430737321379715
46	5.7022224273916554e-05
8353	7.068456818228487e-05
7096	4.065521392925976e-05
8530	3.130002021159541e-05
4595	6.14225503263368e-05
2694	9.139946523878398e-05
809	0.0003272325481715696
2810	5.977526537351688e-05
2450	4.013622987183851e-05
6134	4.786613387577138e-05
842	8.388234991410509e-05
2794	3.130002021159541e-05
9372	5.233044890891261e-05
5368	4.643845503548658e-05
7458	3.130002021159541e-05
4167	3.130002021159541e-05
11320	3.839926275783258e-05
9427	4.44063708478627e-05
1664	4.001467502786185e-05
5186	8.457181441697705e-05
452	6.76951417381558e-05
8293	3.130002021159541e-05
4928	0.0003112457170385332
11321	4.4392866814451696e-05
6075	6.27224032740148e-05
9526	3.130002021159541e-05
5128	5.6570795963981116e-05
11322	5.973094567727222e-05
2948	3.152505470055661e-05
9431	3.130002021159541e-05
112	3.754501836432107e-05
8390	3.8971184849937904e-05
11323	5.320490141056276e-05
6593	5.896531641339926e-05
7668	5.320196234157054e-05
8706	0.00026587087545922473
9219	4.4199644902641544e-05
1379	9.764921289710918e-05
11324	5.740218464975081e-05
11325	4.318944782398022e-05
11326	3.130002021159541e-05
5411	3.130002021159541e-05
9305	3.130002021159541e-05
9897	4.0372005650393814e-05
11327	3.130002021159541e-05
7187	6.693545903431179e-05
6000	8.171059167531907e-05
1929	9.441846730875214e-05
4528	3.130002021159541e-05
7824	3.130002021159541e-05
11328	9.639133870513548e-05
3977	3.130002021159541e-05
11329	5.574368855475603e-05
5014	3.130002021159541e-05
7646	3.130002021159541e-05
4034	9.240996686962056e-05
513	0.00016252586585954016
10511	3.130002021159541e-05
11330	3.130002021159541e-05
5691	0.0001026833319073768
11331	3.130002021159541e-05
2249	3.647217153041372e-05
7611	0.000132744322532996
11332	3.130002021159541e-05
824	4.4050111444204823e-05
9020	4.192523303374595e-05
5808	5.9371319358672785e-05
5851	5.540083609123411e-05
1682	3.6118038553631115e-05
5498	7.175995788878765e-05
11333	3.130002021159541e-05
5024	6.818802422933144e-05
3004	9.564553540128109e-05
7742	0.00012569893500089506
7341	4.474496814596359e-05
11334	3.130002021159541e-05
2315	8.323822897991823e-05
8597	4.631941100240091e-05
10025	4.2879967722638514e-05
11335	8.775310167870196e-05
769	0.0002155888337228036
1949	3.5564632753006065e-05
478	7.71482862729869e-05
7243	6.453604281589134e-05
5933	5.69189251650268e-05
2996	3.410453094458871e-05
3749	5.142653062677883e-05
5842	3.130002021159541e-05
5820	3.130002021159541e-05
8420	4.5441916413413844e-05
9705	7.19550818752542e-05
1312	9.881370470192618e-05
11336	7.960401563399431e-05
5076	4.4965979198306485e-05
2908	0.00010129661328972479
465	8.404202105478868e-05
29	4.8206114092572316e-05
11337	0.00012290556604924226
62	3.1305899137956715e-05
11338	4.7748621449054425e-05
1223	3.130002021159541e-05
1412	3.974379055209925e-05
5214	7.086606129792618e-05
5400	9.016850088604096e-05
578	7.850214560523665e-05
699	6.552128995618e-05
1754	8.094030256757297e-05
5334	4.848818371468714e-05
5022	4.8122978726454954e-05
3912	0.00010373320908267013
1861	3.130002021159541e-05
11339	0.00010648562410332712
1771	4.8304810682785364e-05
11340	6.790740803088553e-05
6937	4.470742341244335e-05
6974	5.9217570302219084e-05
7055	3.130002021159541e-05
9507	4.078402559418448e-05
8576	3.130002021159541e-05
8160	3.189902798067917e-05
11341	3.130002021159541e-05
8717	7.367756591474568e-05
5590	4.357755687631114e-05
6162	5.545045566483619e-05
8927	0.00010209731149664542
7854	4.205625090709789e-05
2946	0.0001112938210556642
4272	6.559176519056468e-05
2085	4.029462987142833e-05
6474	6.981806249807399e-05
9802	5.995186082941727e-05
7812	5.354829506221339e-05
855	4.2756269847985694e-05
3907	3.130501945226332e-05
11342	5.321428735156108e-05
1278	0.0002752207348957424
10144	3.130002021159541e-05
11343	3.130002021159541e-05
9660	4.010761524852575e-05
3996	3.130002021159541e-05
5907	4.300325643469012e-05
8362	5.981920774148252e-05
11344	3.2035468242198386e-05
2762	8.865748361636529e-05
3474	4.064938062946925e-05
5670	4.3666593630046675e-05
169	3.130002021159541e-05
6063	4.186414741747435e-05
6803	0.0001707825591377271
1833	3.130002021159541e-05
8141	4.0915842179552046e-05
5027	3.130002021159541e-05
7629	3.4016387886310874e-05
7550	6.289818835517622e-05
11345	3.278455204458862e-05
7478	8.003336692629024e-05
8076	5.3372851846232994e-05
9147	6.014755432940586e-05
344	8.929027625148323e-05
11346	8.904679690565067e-05
8041	7.885685090427917e-05
9276	5.221121486872391e-05
8681	9.350998594176641e-05
11347	5.87778677273043e-05
2566	6.234429894620912e-05
8768	3.234732291166088e-05
11348	6.880109007557891e-05
5785	6.304146130073246e-05
6863	3.130002021159541e-05
2591	6.170501314218841e-05
11349	5.595558373753865e-05
4105	0.00017558125225422894
8323	6.842847078186557e-05
3100	3.2758268720071464e-05
1816	3.577453272293034e-05
11350	3.130002021159541e-05
354	8.801968856909012e-05
2796	3.130002021159541e-05
1621	8.303568519043231e-05
9362	3.986783816505367e-05
10115	3.649368501254287e-05
8413	4.827704265370611e-05
11351	6.634866250796267e-05
5791	3.1741345014702456e-05
6896	0.00011561671802334071
5235	0.00022305045008382327
3901	7.239725372112582e-05
8551	9.388474490691046e-05
262	6.746628901439154e-05
965	3.130002021159541e-05
6114	4.957468715525529e-05
4648	0.0001468855208658202
11352	3.130002021159541e-05
8799	8.94289337306408e-05
7915	0.0001000791994887372
6106	0.0003098032557534041
3354	0.00013428768996230913
2168	0.0001241196512738708
1891	7.147830455257539e-05
3494	4.483376758629965e-05
7241	0.0005398262898161048
2289	9.446241209968464e-05
11353	4.927937312786631e-05
5015	4.785095933827524e-05
9490	5.538197093905484e-05
4885	8.890893360252963e-05
11354	7.751430160084216e-05
9172	0.00010086943638250821
10220	7.709194038597596e-05
6758	0.00011003254692322723
8243	4.034129424171403e-05
2951	8.764512030820786e-05
8253	6.624379514461287e-05
3962	4.197004418468544e-05
7983	7.816249300422073e-05
11355	0.0001504031057478891
7738	3.764973267704275e-05
3631	9.280100232104263e-05
10391	3.130002021159541e-05
11356	5.649794341891948e-05
299	9.117737293357509e-05
9300	5.406416781637572e-05
6384	7.025834957925762e-05
4244	5.0530621800566215e-05
3370	0.00011746175860780916
8203	3.130002021159541e-05
6510	3.130002021159541e-05
3844	3.130589677388275e-05
11357	4.0794359527674683e-05
2526	0.00010920895682487862
6485	4.011106647781853e-05
7375	0.00013607175120699245
11358	4.1889890831724046e-05
7151	3.509476893211389e-05
6318	3.130002021159541e-05
985	4.231638744170482e-05
10402	3.130002021159541e-05
4146	0.00011268743872678614
7482	4.241516917895175e-05
1109	7.97703953758789e-05
9565	0.0001511610340373819
3522	3.130002021159541e-05
5908	5.3207458178481016e-05
7109	8.530631515549694e-05
2644	3.130589834957984e-05
1307	4.174190369916627e-05
6126	6.053442244162208e-05
8007	3.130002021159541e-05
852	0.00013985751279544623
5435	3.9689194964027946e-05
6784	3.130002021159541e-05
5789	9.017756512488204e-05
4700	4.1330500329806366e-05
11359	0.0001223200017565264
7997	3.130002021159541e-05
2880	9.896589763531009e-05
7887	3.130002021159541e-05
5951	4.7670286540585444e-05
4602	8.930272032985352e-05
11360	0.0001853307896604173
9445	0.00015946638200981138
3847	3.899855583918451e-05
11361	3.787501145407627e-05
664	3.130002021159541e-05
28	0.0002506313477430258
2596	4.832276343444897e-05
11362	3.130295928058763e-05
11363	3.130002021159541e-05
4874	3.2850397488967155e-05
9990	0.00014266061467272715
4753	3.553498847732442e-05
8566	0.00012931733617527354
8168	5.306102522484264e-05
11364	4.8615698382050705e-05
11365	3.130002021159541e-05
6231	3.130002021159541e-05
1256	3.130002021159541e-05
5712	3.808724690529899e-05
8435	5.318432359154445e-05
1434	0.0001846660253291744
6920	3.666840992269684e-05
9973	4.45401320180863e-05
2081	5.381320144639694e-05
6083	9.27160885430842e-05
2832	0.00041895427117683617
4564	0.0001595835305093872
5665	8.534021084312165e-05
1029	5.652711861284173e-05
1455	0.0001264540260225897
7875	3.802000698707996e-05
1959	4.814884076094797e-05
3469	3.7784627034199366e-05
11366	5.128725690577321e-05
202	6.141149865660948e-05
4711	5.10085451695559e-05
10397	3.130002021159541e-05
2922	4.934966352660598e-05
11367	7.778793906498512e-05
11368	8.079225289140521e-05
7884	3.130002021159541e-05
4839	3.130002021159541e-05
11369	3.992181130914519e-05
639	3.2956888268145366e-05
2559	0.00025297560032643874
1462	4.9148546198002264e-05
2882	0.00013226295535560183
1798	5.011965743497099e-05
8838	3.130002021159541e-05
11370	3.130002021159541e-05
10427	8.772283339937827e-05
2464	0.00016561268016190945
11371	7.123710278330027e-05
4646	5.340720305421349e-05
6324	4.4805056020462915e-05
9038	5.3398116195967235e-05
11372	5.3204925011223835e-05
321	7.294278978953508e-05
7712	3.130002021159541e-05
6525	9.24921869148029e-05
5487	3.130002021159541e-05
4040	6.893975631395372e-05
8294	3.679844586164186e-05
9786	3.13197252953976e-05
7465	4.4668467710086846e-05
11373	3.254389285720101e-05
9665	4.8289008124506653e-05
6379	3.130002021159541e-05
2436	6.114098413640993e-05
11374	6.454179248576437e-05
5439	5.4699957826449854e-05
2426	7.178301204906924e-05
7452	4.28746792215658e-05
10421	7.938811422388025e-05
7017	3.141326734762558e-05
8419	3.130002021159541e-05
3889	7.108575077490759e-05
11375	4.7555360236278824e-05
8568	3.7024241326687695e-05
4178	3.817691469491456e-05
486	8.67744778138036e-05
9861	0.00011263508300478093
6835	0.0001360246936407412
11376	7.034646749175301e-05
3119	3.130002021159541e-05
9681	3.130002021159541e-05
7519	3.1652264835202265e-05
7932	3.130002021159541e-05
6171	9.375883267490927e-05
11377	4.2778045361005285e-05
6787	0.00010367720417831357
4108	3.130002021159541e-05
3747	4.069735539866213e-05
11378	3.130002021159541e-05
11379	8.222060452141709e-05
6346	0.0001388002661276415
9307	7.856336560474919e-05
7190	5.071161141265248e-05
8234	3.130002021159541e-05
7235	3.258037207111941e-05
11380	3.130002021159541e-05
7702	5.3216657686531605e-05
8836	8.031814051291787e-05
11381	3.720752167984884e-05
6871	0.00011023170892263763
4129	3.130002021159541e-05
9551	3.130002021159541e-05
11382	0.00014010569347419684
7148	4.426224703404979e-05
4111	3.210911185423067e-05
3926	0.00020949452959690679
4336	0.0001245818325733481
8084	0.0007127562425270795
529	4.891081053688432e-05
4404	0.0001094024563531585
120	9.132788501269121e-05
49	6.532677519236323e-05
11383	5.848134380274415e-05
3169	9.948834642830705e-05
8672	3.130002021159541e-05
3744	3.221883657362169e-05
11384	0.00028936361615100945
5796	0.00020480969962394143
9751	5.560322631433605e-05
11385	4.487161728304313e-05
832	4.957099526837036e-05
11386	3.357880418423683e-05
3802	3.130002021159541e-05
5730	3.130002021159541e-05
397	6.92049091163017e-05
6235	9.20833884072554e-05
6062	0.00014100318563925278
6520	4.688656310932197e-05
4412	8.77621317461518e-05
3116	6.744357968798137e-05
11387	3.130002021159541e-05
2458	5.321665768653161e-05
10395	3.302912376403639e-05
10103	3.130002021159541e-05
11388	3.130002021159541e-05
10016	9.142718197876557e-05
3893	8.929024002931238e-05
11389	4.428887365096477e-05
11390	3.130002021159541e-05
3195	9.071326546453246e-05
4693	0.000108268437368567
10188	3.130002021159541e-05
11391	5.505856895497295e-05
2519	3.130002021159541e-05
10384	0.00010263658671477079
6972	6.477179792390309e-05
7508	3.130295928058763e-05
7858	4.031147375133506e-05
9502	3.9819018763054085e-05
2791	9.095622591220358e-05
1694	4.496038212891143e-05
10414	5.314905003337663e-05
3714	4.742094713057162e-05
3701	3.130002021159541e-05
4037	3.822416155734236e-05
11392	4.182075067659008e-05
5627	4.2445110874646965e-05
8886	0.00010736807720345968
4302	9.853337157505308e-05
1235	3.182913175411966e-05
7833	3.130002021159541e-05
6198	4.2845949944230544e-05
8812	4.4365647550766494e-05
6400	6.16481144910699e-05
3358	4.290381010891572e-05
7010	0.00011385421691374772
4020	3.130002021159541e-05
2173	3.1311772548849456e-05
6533	3.130002021159541e-05
9031	4.5770429143947094e-05
11393	3.920228271435519e-05
11394	7.100429928801013e-05
11395	0.00013208724579784074
7287	6.515318694065983e-05
11396	7.386883216045108e-05
7955	0.00010730654755785761
2157	7.415541741432786e-05
7600	5.8079586931047374e-05
1413	5.1169364580278345e-05
11397	3.723543193443303e-05
2001	3.7569461722166095e-05
8130	3.875308580234883e-05
10199	7.040343230975364e-05
9644	5.320350664774219e-05
7175	3.712074857779047e-05
9420	3.2172194399215085e-05
8822	0.00020168752822726974
11398	7.106702447182489e-05
11399	0.00010746876740780342
5441	7.853888996265771e-05
2674	6.319305386208733e-05
2079	4.982361697831254e-05
4284	3.130002021159541e-05
657	9.696180446637517e-05
6728	3.130002021159541e-05
11400	5.325900228668399e-05
6304	4.739431375200051e-05
4864	0.00015801107068916218
7270	4.02056468838324e-05
9289	3.130002021159541e-05
4986	9.911741631553618e-05
11401	5.45446071689851e-05
1475	0.0001303261069789937
3302	6.696216675139817e-05
8263	8.814212980631724e-05
4613	3.646698417851074e-05
8982	3.130002021159541e-05
4456	7.794106557781945e-05
3598	4.323051375124362e-05
11402	3.130002021159541e-05
9881	3.214588533137457e-05
8078	0.00015933567489423322
11403	0.0001389879655161192
2054	4.217096083445837e-05
9105	3.130002021159541e-05
11404	4.5659335963877044e-05
11405	8.39395159344094e-05
8380	3.13079446760888e-05
5017	4.1057334244341396e-05
9117	3.130002021159541e-05
11406	5.322253109869158e-05
11407	3.1307265074668463e-05
5040	8.334621258096174e-05
8961	7.311773320236443e-05
11408	6.816514472348292e-05
5221	6.812168403400992e-05
547	3.130002021159541e-05
2390	4.530461021622518e-05
7689	0.00011398999681612608
2423	7.152034522254905e-05
3356	5.519606595983379e-05
1071	3.7170738726307e-05
1503	4.272525168800967e-05
5433	8.111920456454054e-05
11409	5.9898523956233416e-05
4066	3.764783777246118e-05
6600	0.00015016587350444644
3934	0.00013786709973569658
8316	5.4288224167716886e-05
6897	3.130002021159541e-05
1028	0.0004184234959463875
7398	6.315039719996452e-05
2862	4.6835773149986844e-05
4110	0.00011273251676177345
763	3.130002021159541e-05
1727	6.846623767187853e-05
6509	6.369938246309044e-05
859	0.0001171013955926736
1741	0.00012786541367213483
5180	7.199847473763876e-05
7929	4.6012682584611215e-05
9119	5.6326430530728204e-05
1272	9.367910264722326e-05
11410	4.121302185712471e-05
2902	4.22928162075075e-05
3793	8.362736480342573e-05
2245	0.00016891425763985543
7057	6.770975112310828e-05
1484	3.3745777571002665e-05
6933	6.24326038069357e-05
3439	5.1762173744586315e-05
11411	3.130002021159541e-05
5900	5.586056950890487e-05
8830	6.371413112645905e-05
9013	0.00018721465249774805
8776	3.291913670958749e-05
6012	7.58643552256367e-05
11412	4.405565793938876e-05
8135	0.00012995434226447498
7556	8.49742242142341e-05
551	3.130002021159541e-05
808	7.090833108028539e-05
8057	0.00010780417589182687
2652	4.727235031897728e-05
2651	0.00011729109546635113
4226	9.083286635887879e-05
534	7.948567795517254e-05
5517	4.749321679079995e-05
8496	3.130002021159541e-05
134	6.867912698344051e-05
10439	3.130002021159541e-05
6685	7.346070184875818e-05
6316	8.319497176047035e-05
6005	3.2806961250448153e-05
698	9.56995598362003e-05
10153	3.130002021159541e-05
705	0.00030837631007855795
649	4.4613819751255085e-05
1417	4.3157840428354975e-05
4041	3.130002021159541e-05
3026	4.6463897300559036e-05
8377	4.8214123216508146e-05
8392	4.460373472429828e-05
9608	4.3521257516168436e-05
5465	7.008209412184439e-05
11413	4.542712708744661e-05
6695	3.1309253236491924e-05
4239	3.130002021159541e-05
2647	3.130002021159541e-05
1287	5.1000214690423736e-05
5121	3.130002021159541e-05
11414	3.431813964434713e-05
558	0.0003274498625914953
11415	4.433322969119294e-05
8462	3.130002021159541e-05
7828	3.130002021159541e-05
2823	8.477310511233183e-05
1925	0.0003541676030212775
2434	9.184585132492536e-05
3600	7.147667284083909e-05
90	5.1730187149124886e-05
10405	8.932190896333327e-05
9823	3.141082402126271e-05
8080	7.164779458595857e-05
5341	4.250056727354582e-05
183	4.862599943993476e-05
3030	5.654710289233472e-05
1232	4.4596435511710074e-05
4264	0.00010067271424547757
2894	0.0002463647540185071
9987	8.319669963732923e-05
9851	3.130002021159541e-05
11416	4.226127841224417e-05
1834	6.67520832852449e-05
4656	3.908507563266698e-05
3734	6.097043433807452e-05
2283	3.864880953304056e-05
5705	4.0095064694944214e-05
6725	4.687385321405766e-05
4073	8.148640951604144e-05
9955	0.00010427730078037931
8811	0.00014522184252418726
667	8.700036158970065e-05
11417	4.999556828839033e-05
1572	0.00014801207619269537
11418	6.210407783333536e-05
3232	6.505448161281315e-05
11419	6.14349752924309e-05
11420	7.692271438138644e-05
4518	8.061427084198909e-05
11421	9.345274531130066e-05
1528	3.37381412222472e-05
810	0.00017424903251233553
11422	3.130002021159541e-05
4608	3.130002021159541e-05
11423	3.130295928058763e-05
4479	3.130002021159541e-05
1191	5.7308886139608666e-05
6575	5.3610732239206427e-05
650	0.0001221303514969477
669	5.397669652327839e-05
7492	5.82648392154293e-05
9485	8.81338811509937e-05
3551	4.1046293208021705e-05
2716	0.00011525141684770693
256	3.13293076846127e-05
11424	3.130589834968555e-05
4513	4.7639169112867924e-05
4519	8.821427514590026e-05
6828	3.1789882772329516e-05
5747	3.130002021159541e-05
3758	4.2583682849214424e-05
5799	4.504812411295894e-05
5782	6.806870285366898e-05
8197	6.120940012165754e-05
11425	7.51968168335083e-05
8859	3.361316904803326e-05
4333	5.7751528209276824e-05
8269	3.130002021159541e-05
6949	3.515698251226252e-05
2015	4.785850151812277e-05
7189	7.057757668007652e-05
1755	6.488098923816124e-05
11426	3.130002021159541e-05
4270	5.7955250930732305e-05
171	3.130501878188387e-05
1397	5.321428766936296e-05
4733	4.637655198149241e-05
1732	7.958977398606765e-05
2753	8.793337344764173e-05
8663	6.660136455417532e-05
2742	9.32572884847803e-05
2752	0.00015473382874752243
3517	7.87260313469833e-05
9098	5.500674434368976e-05
11427	3.138477284799389e-05
4784	5.596315313232276e-05
3896	6.150038907693422e-05
10176	5.110115242458589e-05
4782	5.569613589981403e-05
7076	5.321665768653161e-05
6890	0.00010269944726405512
11428	3.130002021159541e-05
95	7.853680827376866e-05
347	4.445347326199172e-05
732	4.488916604560188e-05
3510	8.776220269093916e-05
5767	3.130002021159541e-05
11429	3.130002021159541e-05
1784	0.00011415421059241424
274	0.00012545531557322942
4325	5.331219890941817e-05
11430	3.130002021159541e-05
11431	3.1935348357049334e-05
482	3.131089889495686e-05
5948	4.0423268398078504e-05
11432	4.19673220792147e-05
10312	9.883594916758543e-05
7943	5.896054493751278e-05
8050	9.443856862251373e-05
9716	3.13029588865049e-05
10381	8.97157568290255e-05
8794	3.757781432784393e-05
5194	3.513977389714891e-05
11433	3.130002021159541e-05
7486	6.30143452052364e-05
7041	3.130002021159541e-05
9237	3.883553903207628e-05
9985	0.00025104405942669557
3503	0.00020455779189760967
8337	3.131764832339332e-05
11434	8.513314968126653e-05
585	3.826252252153739e-05
11435	4.021127872051914e-05
2701	6.381099251731696e-05
2863	0.00013111402053586722
5830	3.137501343568583e-05
9766	5.836734813394116e-05
6650	4.427781412915644e-05
6616	4.505550182648843e-05
4974	3.130002021159541e-05
10308	5.321665768653161e-05
9634	3.7976503406256666e-05
7681	7.759706188805312e-05
11436	0.00017982248262813998
4667	7.103581008690939e-05
7705	4.415760862079375e-05
11437	5.048586131137257e-05
6357	0.0001306322772201287
7937	7.631262322395626e-05
4912	3.130002021159541e-05
3106	6.446033015213868e-05
4872	7.183035996484662e-05
11438	4.085615134077525e-05
4984	5.117159258965352e-05
11439	4.00560657795628e-05
6965	3.130002021159541e-05
9101	5.4365606082903915e-05
191	0.00017160763278940356
6809	8.721212640443394e-05
880	6.652358320102428e-05
5222	0.0001290955839881632
7737	4.664801665232953e-05
1493	0.0003688841456983806
309	4.623943050116232e-05
11440	3.317075911626021e-05
1108	6.439608970023147e-05
5757	3.688643124175551e-05
8837	4.415739436530712e-05
6046	3.130883032983537e-05
7311	8.708887121413114e-05
5894	3.132580788640253e-05
5362	3.130002021159541e-05
2543	0.00016641351378210168
11441	6.154464358828558e-05
6220	8.292033838988373e-05
2175	5.706809392871177e-05
11442	4.668787329023742e-05
4856	8.274923620804488e-05
11443	3.9878482522995586e-05
3556	6.192275574115349e-05
3944	3.130002021159541e-05
11444	3.9000298898945355e-05
1498	3.130002021159541e-05
2326	8.139887150977133e-05
11445	3.130002021159541e-05
4481	0.00011138806614576614
11446	6.705333004682518e-05
8784	0.00010286640374369604
8696	5.9865063037753115e-05
6341	0.0001065917959453135
1155	5.1328268265110396e-05
6396	3.130002021159541e-05
11447	3.130295928058763e-05
1135	3.130002021159541e-05
11448	3.130002021159541e-05
4419	4.018808008383935e-05
10117	3.805793916312142e-05
11449	6.082539309378014e-05
6760	7.490288386497223e-05
10444	3.983456387340653e-05
11450	4.068526174329836e-05
4818	5.1654659271781566e-05
11451	4.2901872755440774e-05
7871	5.02029206380558e-05
7039	8.483390781281706e-05
6476	8.747028634487674e-05
11452	3.130002021159541e-05
10415	4.769899510698885e-05
4427	3.130002021159541e-05
4983	3.5147979413486904e-05
1481	6.065822460122568e-05
6444	3.7315421379534365e-05
10275	4.2867175695638995e-05
7275	3.9129457407080105e-05
11453	3.130002021159541e-05
8556	4.719334052229011e-05
11454	5.569581079860457e-05
9911	5.428388430382913e-05
4589	5.791352147483938e-05
6823	7.646934843444966e-05
11455	3.130002021159541e-05
11456	3.130002021159541e-05
1374	7.365747643479625e-05
11457	6.416175061305912e-05
11458	3.130002021159541e-05
1820	5.3216657686531605e-05
6878	6.0002108862815015e-05
7958	3.130002021159541e-05
1951	3.1460466797130694e-05
8780	4.0216494313902374e-05
4701	3.130002021159541e-05
580	3.130002021159541e-05
5145	5.2390048697933074e-05
1878	0.0001374134688558074
5772	6.005807648974528e-05
11459	7.651663274279623e-05
8839	3.130002021159541e-05
2453	3.447997526140209e-05
9618	3.130002021159541e-05
11460	3.130002021159541e-05
9691	9.51192371109478e-05
5115	4.021232204972633e-05
7092	6.967985843412379e-05
5672	7.442580479942462e-05
643	4.861097179297908e-05
7787	6.237774422755182e-05
740	6.85287928813999e-05
11461	0.0001236866206168053
6882	8.373696100560625e-05
8697	4.1832714096458874e-05
11462	9.016669066837647e-05
445	6.349621962640123e-05
2237	3.130002021159541e-05
6047	3.130002021159541e-05
2017	4.451796887344048e-05
2620	3.130002021159541e-05
7874	4.8221620210426444e-05
4097	3.130002021159541e-05
5885	3.130002021159541e-05
3497	3.500355311739733e-05
722	3.130002021159541e-05
11463	4.3511881167361554e-05
9597	9.909318317111483e-05
10142	0.00012976724048806702
6217	5.2452018681317566e-05
7105	3.137137850546487e-05
711	6.568235309015928e-05
1464	8.090807929874664e-05
3587	7.649573638390396e-05
6699	0.00022151160371148356
140	8.255900090834914e-05
11464	3.130002021159541e-05
9095	5.321665768653161e-05
11465	7.80074829738249e-05
1353	0.00010603701445711635
4396	9.901664748518849e-05
6272	3.8142805284155346e-05
3433	3.387333664037407e-05
8118	7.635867390516377e-05
3245	7.391295730713084e-05
5328	7.095173408205445e-05
11466	6.006019074151333e-05
2372	5.1227455699249104e-05
11467	4.0970636205276635e-05
4133	4.0846383297141166e-05
5034	0.000146385421210842
6313	4.4038871375768796e-05
11468	3.130002021159541e-05
3219	5.2307027041608494e-05
7791	3.130002021159541e-05
9545	6.285383963151869e-05
6422	3.133990512482798e-05
11469	4.165480472772252e-05
4989	0.00011451442424336057
11470	0.0001408248222211156
5473	7.18165412454609e-05
3344	4.891997360373993e-05
7176	3.130002021159541e-05
6202	8.12636933828709e-05
11471	5.321077876017031e-05
6796	0.0001418004184844132
5142	4.453039985158909e-05
794	3.130002021159541e-05
4131	4.882605699360396e-05
1260	5.248135078368223e-05
768	0.0005405990684108791
9234	4.6411980127564674e-05
8867	6.272845490179975e-05
7156	7.628608059530979e-05
9177	3.130002021159541e-05
9860	3.9164403330147566e-05
6671	6.0349168531816894e-05
11472	3.130002021159541e-05
3794	0.00015155684479939703
10339	0.00014101366543503617
11473	0.00012063605374240503
11474	4.5942481792488136e-05
3883	4.670454890826346e-05
2025	8.01586228326091e-05
3708	4.696424702438377e-05
5577	0.00010544868169618191
599	3.131945904695702e-05
950	0.00017811746966156405
11475	3.1372740979719664e-05
3121	3.130293737351142e-05
10400	0.00026462937945893726
10489	5.3223999451731576e-05
5934	3.130002021159541e-05
2391	3.130002021159541e-05
11476	3.130002021159541e-05
5205	3.130002021159541e-05
5143	5.210406490867962e-05
3941	4.179730686564836e-05
6107	4.1456649728260076e-05
4735	3.130002021159541e-05
7739	6.257393714445823e-05
8687	4.962965829861818e-05
1721	5.2077137647095277e-05
3229	3.1308117019492463e-05
11477	3.130002021159541e-05
4159	3.130002021159541e-05
5971	5.169159368938983e-05
307	5.822134266508238e-05
249	4.9402394042448084e-05
8591	0.00011159262839974878
9683	7.103464994212831e-05
7464	3.8683961024209914e-05
4819	3.3381484271789225e-05
6723	5.798563858840628e-05
5339	4.011231691523495e-05
2769	4.9643716729440255e-05
9089	6.0808746725702625e-05
2258	0.00018027624719811017
3392	6.702404357857648e-05
5098	3.130002021159541e-05
7888	0.00010334322679136584
9567	9.785929204826375e-05
1062	7.243408077764055e-05
11478	3.51555918390775e-05
8056	5.372274966303254e-05
3982	3.130002021159541e-05
8514	7.533556646447138e-05
7438	7.036909484127789e-05
8156	6.927050207794667e-05
11479	3.130002021159541e-05
4156	4.163802547618312e-05
8363	3.130002021159541e-05
7614	5.501518524952614e-05
8388	3.130002021159541e-05
11480	5.32137186175394e-05
2246	3.130002021159541e-05
3285	7.987890959368336e-05
8525	8.908186651075938e-05
6482	3.1305899137956715e-05
6530	3.130002021159541e-05
11481	5.669088376708036e-05
1753	6.813214968249612e-05
5843	7.648508313587638e-05
3650	6.69408718731264e-05
5249	3.130002021159541e-05
3533	3.773513810831594e-05
4747	7.636543299112058e-05
3552	3.130002021159541e-05
9272	9.062279172609533e-05
9061	9.327507510673155e-05
6257	5.321665768653161e-05
5870	4.66771519237608e-05
6914	4.9856484899552076e-05
5169	5.9249537145361144e-05
11482	8.819279832083052e-05
7371	3.130002021159541e-05
10483	5.5484151102772045e-05
7898	6.867327547922961e-05
9535	7.820705043507157e-05
9211	9.0858153790496e-05
9115	3.8785098637077634e-05
9408	4.470394725914783e-05
10430	0.0001030091722859766
5903	8.317477421832789e-05
3915	3.130002021159541e-05
9527	3.751788017141162e-05
9078	7.912351964445936e-05
5026	3.130002021159541e-05
8980	5.7377892988142216e-05
11483	3.130002021159541e-05
6069	3.517331093252803e-05
1811	0.00010579906860081248
803	4.4049438766553416e-05
11484	0.00014419610271328953
11485	3.130002021159541e-05
6907	0.0001161760408396436
1084	0.00010040462867584062
6149	3.130002021159541e-05
33	8.964171413487415e-05
2741	9.406805772445141e-05
3342	0.0002778742262411921
7631	0.00014165125573299038
6448	4.605924115785924e-05
11486	3.130002021159541e-05
9470	3.130295967477607e-05
11487	3.130002021159541e-05
11488	0.0001025860159719404
11489	3.130002021159541e-05
9956	5.7139807009692304e-05
9640	6.618744471581736e-05
11490	8.638505062685539e-05
2627	4.5456082896296835e-05
4588	3.130002021159541e-05
8372	0.00011272139220507875
11491	8.214203547668873e-05
3512	6.758215684498718e-05
2266	0.0003714434167338618
6305	7.979446690355532e-05
3666	5.021494589192744e-05
5529	6.524837048860823e-05
7517	3.130002021159541e-05
11492	5.433753447996347e-05
4773	6.960136036454077e-05
7063	4.6057908029444356e-05
6339	3.2613918050009664e-05
4727	6.352950299734245e-05
11493	3.8698880724617233e-05
11494	3.130002021159541e-05
5100	3.992034853017923e-05
1631	0.002989842450640102
6121	3.945089901996775e-05
5148	0.00010674022817155646
8304	4.4331743121079076e-05
11495	3.1305899137956715e-05
9536	5.642458590946032e-05
11496	3.130002021159541e-05
4512	5.774699280155641e-05
9866	3.130002021159541e-05
8840	5.3092342310483926e-05
10146	3.136969299059342e-05
8107	8.070344083662043e-05
71	3.808041214370434e-05
8538	8.715572388184729e-05
9899	7.049397047459107e-05
4378	6.097339632163125e-05
2186	3.130777410426827e-05
11497	8.329987594946195e-05
9982	6.987635914304212e-05
4485	0.00012582649997189727
9922	3.130002021159541e-05
8366	3.130002021159541e-05
65	3.995670387172971e-05
11498	5.791247076792811e-05
2497	6.89079085923832e-05
4418	7.903298808398113e-05
3144	3.130002021159541e-05
9142	7.93257853017366e-05
11499	3.130002021159541e-05
4013	4.8521069382845374e-05
11500	3.130002021159541e-05
7247	4.8546149433330075e-05
11501	3.130002021159541e-05
3236	3.7277284977487106e-05
1550	3.347341690616432e-05
11502	3.131154274346064e-05
5395	3.131415245326988e-05
1841	6.455436080990422e-05
11503	4.1016295974881554e-05
4653	6.948514263000694e-05
8217	5.629902801944755e-05
8842	0.0003098259943242836
11504	0.0002531267203494175
11505	3.130002021159541e-05
11506	3.130295967477607e-05
4288	4.7156359699539015e-05
1010	0.0002174510523394009
1595	4.343509920208019e-05
11507	6.803370680024297e-05
4163	0.0001271644049567909
4438	6.581152711752587e-05
1141	4.6217404558090534e-05
2268	3.130002021159541e-05
5050	5.3216657686531605e-05
10045	3.130002021159541e-05
8506	8.016640705471682e-05
4470	3.130002021159541e-05
3595	7.107964586853797e-05
9381	3.1456282261477224e-05
6870	7.32847214218337e-05
11508	9.472345331263738e-05
11509	4.2262708875450916e-05
4496	4.445609410909714e-05
10325	3.130002021159541e-05
6812	3.130002021159541e-05
11510	6.887439746559583e-05
9598	5.394725362165103e-05
1184	0.00011692063325706559
3949	3.130002021159541e-05
11511	4.232614783891911e-05
3282	4.2661223552617e-05
6708	7.206272592307419e-05
11512	7.828833742100038e-05
5138	4.636937444542972e-05
2523	4.203457459469598e-05
3371	3.132058128758881e-05
4088	3.130002021159541e-05
5710	0.0002100116498960869
3706	3.130002021159541e-05
11513	3.130002021159541e-05
5573	3.372114662552976e-05
8955	4.106558372657776e-05
11514	0.0006273808817179826
243	4.013830669591683e-05
8137	6.470061232090026e-05
8600	5.3735358810377636e-05
3175	7.127132257379358e-05
9895	4.8920238773354413e-05
6952	0.00011906208736143568
1419	0.0002162777507714823
4072	3.130002021159541e-05
8405	4.031114917568617e-05
7399	8.890742299313417e-05
11515	3.2938096717788315e-05
9828	3.9156988913600045e-05
7534	5.0447140508904465e-05
4624	3.130002021159541e-05
4658	0.00010551953482487326
1460	7.517064086644098e-05
4002	3.9486612461734236e-05
6551	4.3420547998207035e-05
10124	5.6549236411782075e-05
5574	6.778632536238628e-05
4024	3.142146546062199e-05
6283	8.433335637929117e-05
7960	4.0228780239973245e-05
6117	7.31266887052212e-05
9122	8.228006690412377e-05
6333	3.130002021159541e-05
5932	0.00011682954484531661
4941	7.032016987979487e-05
7979	6.014360418970938e-05
2612	6.94171161534051e-05
6388	3.130002021159541e-05
6382	4.679876905505741e-05
3978	5.15143969134464e-05
9726	4.4683784940613625e-05
11516	3.130002021159541e-05
11517	3.402546716997096e-05
11518	3.130002021159541e-05
3677	7.355735596331629e-05
2320	3.301747655672233e-05
1087	4.831347334309071e-05
1060	4.455846911740753e-05
1469	6.618884957158143e-05
2953	9.313955471998322e-05
11519	3.130002021159541e-05
11520	3.213084107961246e-05
6990	0.00016646384705590046
7554	0.00011885010588013332
2322	3.712386023042868e-05
5632	3.130002021159541e-05
868	0.00013230329762189345
4465	3.130002021159541e-05
7210	4.105656287708193e-05
11521	3.130002021159541e-05
11522	3.367347890752624e-05
522	4.149886111875709e-05
9092	4.3387867958313535e-05
11523	3.130002021159541e-05
3098	5.5394306020319686e-05
2715	3.130002021159541e-05
10149	0.00019219223744371117
6940	3.830079910238288e-05
9467	3.92956988899499e-05
11524	3.130002021159541e-05
9320	3.130295928058763e-05
4876	5.1399364368068704e-05
9920	5.321665768653161e-05
5651	0.00013127616232044912
8318	5.488587581038979e-05
4603	4.028629709452265e-05
4278	0.00013773824503510477
11525	8.180386929251636e-05
5296	3.130002021159541e-05
2224	0.00011137156154379226
9972	3.130002021159541e-05
6946	3.1315684742981054e-05
4560	0.00016411895162608413
10303	7.336277221824185e-05
8719	4.944430967801093e-05
3746	3.7501928825643127e-05
11526	3.130002021159541e-05
9975	4.192523303374595e-05
8195	3.1310348156426814e-05
2634	3.130002021159541e-05
54	3.369457801819176e-05
8611	3.130002021159541e-05
6599	6.776020482758392e-05
9903	6.569580223531605e-05
9188	9.806125032152583e-05
6462	4.441109337595511e-05
11527	3.130002021159541e-05
6957	3.130002021159541e-05
11528	3.1308836236323865e-05
6598	4.2279033711111843e-05
3750	3.130002021159541e-05
6987	4.7072916621571e-05
11529	7.307970741312483e-05
3298	0.0001200064744239182
11530	3.130002021159541e-05
5340	0.0003142087424763585
8881	0.0001297199303826323
11531	4.902027936482367e-05
8948	0.00010017839609422944
283	9.427184704842643e-05
170	0.0002796048115635311
6731	3.130002021159541e-05
1839	5.51621179733032e-05
11532	3.130002021159541e-05
11533	3.13117528869032e-05
9156	3.130002021159541e-05
11534	3.130002021159541e-05
11535	3.235507887498469e-05
1587	9.139420551954513e-05
11536	9.627759091105175e-05
11537	7.016180714761988e-05
8096	0.00011961920131359937
6441	0.00011502790052531821
11538	3.130002021159541e-05
3307	3.130002021159541e-05
1291	4.2064972565272656e-05
3775	3.6919469193395504e-05
7820	3.269337668179716e-05
11539	3.3866697947691765e-05
11540	8.512151775040167e-05
1882	3.130002021159541e-05
11541	6.389439789232939e-05
11542	3.130002021159541e-05
6895	5.321665768653161e-05
1465	3.130002021159541e-05
9696	6.230467565282552e-05
11543	4.133349435583698e-05
2966	6.773323015659186e-05
6248	5.008963580563079e-05
2449	0.00016739655659102522
334	6.669558201926088e-05
10412	7.798237814655651e-05
6295	3.130002021159541e-05
7911	6.384733567023079e-05
7254	6.174282972851072e-05
2584	0.00010583300636011201
5961	4.579686464627357e-05
5794	4.404622990528726e-05
11544	3.130002021159541e-05
1451	5.9644313744928326e-05
11545	6.660843107931372e-05
469	7.932446683575368e-05
1612	4.169298371945498e-05
11546	8.686794888086821e-05
5955	3.130002021159541e-05
6836	3.270321195459725e-05
6684	3.314111129832493e-05
9960	3.606751675454252e-05
11547	3.1302957704890536e-05
1249	7.839075930050688e-05
4106	4.6166636335531866e-05
733	0.00029301208659358895
11548	3.966889919363359e-05
5740	5.505578256392973e-05
9104	0.00011749123674813876
8012	0.00013408654835045267
7316	4.687255809303833e-05
8782	6.119116154675516e-05
1643	3.130002021159541e-05
11549	3.130002021159541e-05
7522	8.979486136830215e-05
6383	8.55305870042119e-05
7783	3.980053786973201e-05
7312	7.504361957579272e-05
3763	7.497133063244892e-05
1735	6.344948740835475e-05
10059	0.00010301423681530997
7355	6.911964398583327e-05
4677	8.848493792520568e-05
6153	8.572634865642803e-05
1598	3.131330582843346e-05
5041	0.00016294679778410632
447	0.00010355026446812559
224	7.489186580023259e-05
3768	4.448764517950589e-05
4089	0.00015971058826553963
11550	3.130002021159541e-05
6710	6.694836323472901e-05
9024	4.075837442541494e-05
2480	3.130536802355026e-05
4387	0.00013191976841123786
10069	3.131667699895814e-05
3498	3.130002021159541e-05
8283	0.00016865928250467735
6860	3.130002021159541e-05
5739	5.162838135146449e-05
1700	7.44237360024926e-05
10379	6.106127037692958e-05
8620	4.491392669837648e-05
6842	0.00011665562718444133
3813	3.130002021159541e-05
4369	3.147946641126728e-05
11551	3.130002021159541e-05
436	7.886539347701062e-05
5376	0.00015721804718212164
6041	8.1293222883523e-05
2501	5.809617351630542e-05
8508	0.00014224054703586715
6431	3.130002021159541e-05
8224	3.130002021159541e-05
7089	5.1005396498154666e-05
2714	7.189967082540267e-05
1200	9.347411506375222e-05
10422	6.165735364241538e-05
221	5.654788016217624e-05
1314	9.295303021190609e-05
8286	3.130002021159541e-05
6724	9.041173787306643e-05
11552	3.130002021159541e-05
11553	6.564469123102523e-05
7407	7.491465381807963e-05
1817	5.936430729187447e-05
3057	0.00013375552544776337
1812	7.61715776842336e-05
4622	3.130002021159541e-05
993	7.47837882557219e-05
5657	0.00019878450446856905
1832	3.858278736038959e-05
10358	4.181521147966181e-05
7314	4.130368894778873e-05
11554	3.9614993591843665e-05
848	3.1308822074035146e-05
7853	6.292258692162711e-05
4169	3.130002021159541e-05
5480	6.81943665259325e-05
9574	3.130002021159541e-05
10375	4.174123765369222e-05
7749	4.630346594636979e-05
9495	3.542163863275519e-05
1913	8.176411684749168e-05
11555	4.0413499491344045e-05
7768	4.574268595764632e-05
11556	3.130002021159541e-05
11557	3.1305894410970525e-05
11558	4.1373406485551055e-05
11559	3.130002021159541e-05
8579	3.698968041118269e-05
5201	3.130002021159541e-05
3214	5.363116853473649e-05
4152	0.00013335553078128325
1121	4.449709506008125e-05
10215	9.459281130932954e-05
7244	0.0001107795427603801
5505	0.00010061728347114394
10419	7.946344194534025e-05
11560	6.410543528982473e-05
4585	4.2431708561389284e-05
4078	4.12501800622486e-05
3496	9.756594573239499e-05
6175	0.00021545919306879602
10317	4.5508110316111564e-05
2601	3.130442468054134e-05
2170	9.549311934810281e-05
9768	4.898015790408744e-05
2597	0.00047090273550724705
5270	6.478543500197781e-05
9834	3.130002021159541e-05
5758	3.130002021159541e-05
1330	0.00010344486204977581
184	7.106851479639757e-05
11561	0.00017239088100885587
4330	7.836078313104763e-05
3927	6.473980646092622e-05
11562	3.130002021159541e-05
4390	3.13970981586514e-05
8446	4.3233706753584446e-05
7972	6.435091151224621e-05
1131	9.923562847318247e-05
5514	3.130002021159541e-05
11563	3.130589834957984e-05
1510	0.0003243756235218858
2599	4.8838017009789054e-05
8858	4.6134531403679824e-05
11564	8.136347566309619e-05
11565	4.1365389516170974e-05
11566	5.0329479514140985e-05
11567	6.641540215103298e-05
7306	5.153245506079727e-05
1158	4.048529397871185e-05
2105	0.0001957957103442356
2290	5.3613056467695e-05
3995	4.148782556078613e-05
401	3.130002021159541e-05
6686	6.38083270483694e-05
6923	5.348124725821571e-05
11568	4.337574690047391e-05
143	8.757651190477485e-05
9112	9.871158432138265e-05
11569	3.130002021159541e-05
10083	5.323184491296498e-05
2856	9.310163538882343e-05
5259	9.488354936626914e-05
3568	3.141766533507874e-05
331	4.2867366199654294e-05
8417	9.27720333990154e-05
3336	6.783197783226998e-05
74	4.678189171992178e-05
7851	3.86636866947228e-05
9065	3.130002021159541e-05
5821	9.410453841300962e-05
7580	0.00012758895368635137
7651	7.910792330128525e-05
11570	3.130002021159541e-05
1392	0.00013187145563940355
11571	6.038441281365252e-05
7860	0.00028142467227197714
9028	3.130002021159541e-05
8957	6.37927199354041e-05
9064	0.00018611319387698238
6264	3.1811269640704585e-05
3526	3.130002021159541e-05
11572	5.216242811469553e-05
9044	6.864408302946918e-05
9852	9.596663184186611e-05
5812	3.865755310832393e-05
10246	6.131926118910808e-05
11573	4.19573930043409e-05
4557	4.5340078799932125e-05
6768	5.9510658635056025e-05
4000	3.808306678188117e-05
11574	3.130002021159541e-05
4033	5.0384285868137644e-05
10282	5.37067858583595e-05
4802	4.088775138849007e-05
9157	3.13117202316581e-05
1512	4.010761524852575e-05
3671	5.296380780749379e-05
1234	0.0002814604820034082
8237	5.827873464789232e-05
11575	3.131765226105232e-05
6025	8.817452985404088e-05
131	4.2848027354965116e-05
4503	6.082168812227705e-05
6570	5.689962410711816e-05
6270	3.130002021159541e-05
8737	7.64061976965544e-05
5188	3.131615953602421e-05
360	3.130002021159541e-05
10352	5.5379654337599125e-05
574	3.131448202601674e-05
536	3.9958138873035114e-05
5926	3.9041775014960785e-05
7264	3.953061534180298e-05
715	7.628015132904118e-05
11576	3.130002021159541e-05
7878	4.900298652876569e-05
11577	6.497516948557027e-05
7648	6.80316063244281e-05
7142	7.630982336873345e-05
6756	0.00017516721571344922
1240	4.329509563568642e-05
3762	0.00010753436510192632
5968	3.130002021159541e-05
5764	5.766721350818014e-05
11578	3.130002021159541e-05
4732	8.639697438083836e-05
11579	0.00013035488387058293
7358	3.130002021159541e-05
11580	9.296557919601068e-05
2524	6.483373982469777e-05
11581	3.9736615673494846e-05
6113	0.00019840933309538098
3396	5.150618815317947e-05
4141	5.1924592861121896e-05
6219	4.66118475630586e-05
11582	3.231384478800257e-05
3924	3.944887475981133e-05
8319	3.130002021159541e-05
6429	5.48655066124299e-05
958	4.796433938703173e-05
1856	3.130002021159541e-05
2912	3.130002021159541e-05
6729	5.502361778222918e-05
4517	5.378118418636202e-05
11583	3.78778381682478e-05
11584	4.0547291584248435e-05
2967	0.00027042756870909696
1887	6.003893187301499e-05
4926	3.316802039337848e-05
6152	7.417545127313339e-05
5484	3.130002021159541e-05
961	6.094815873841217e-05
5056	3.130002021159541e-05
8735	4.528909436929922e-05
11585	4.6401507371909696e-05
8343	3.130002021159541e-05
6751	3.258656461468063e-05
11586	3.130002021159541e-05
10409	6.225956597919935e-05
8773	3.9696499779666695e-05
5357	8.049165336084566e-05
5023	3.130002021159541e-05
11587	3.130002021159541e-05
9292	3.130002021159541e-05
10356	3.566432649214089e-05
1517	3.130002021159541e-05
9460	4.7266096381834836e-05
7718	4.2978966325981304e-05
3443	0.00010112706060663021
2095	3.130002021159541e-05
6537	0.00011712316931446852
4493	3.130002021159541e-05
6165	5.670713119961526e-05
11588	3.130002021159541e-05
8400	5.32137186175394e-05
10441	0.00015934900202818291
11589	3.130002021159541e-05
8268	3.130002021159541e-05
1281	4.207427204891327e-05
11590	3.130002021159541e-05
6409	4.382301085652068e-05
8494	6.734881820377826e-05
8157	4.9060816824757824e-05
9444	4.303957801032128e-05
9770	3.130002021159541e-05
9173	4.5488769372847504e-05
6929	3.130002021159541e-05
5869	4.885425845851148e-05
8854	4.3949331533357634e-05
564	4.844590734756572e-05
6432	5.522302233814174e-05
5742	7.949910067997897e-05
11591	4.648335775525339e-05
10277	4.5753516543690166e-05
6810	3.130002021159541e-05
11592	7.638242170170151e-05
11593	3.130002021159541e-05
8539	3.583056038817569e-05
10194	4.828736309288613e-05
903	3.365100884831002e-05
1783	0.0006646666648147229
8718	4.2972797798844316e-05
6131	0.0001726942388053406
4521	9.467839652629138e-05
5538	4.6409592069307104e-05
11594	3.1305899137956715e-05
8569	7.027635562682817e-05
5844	4.9269741247160134e-05
6256	0.00011514704082062042
10458	3.130002021159541e-05
222	0.00014586547879023498
8473	3.13029588865049e-05
5493	3.1302957704890536e-05
8628	3.130589441086503e-05
3217	3.130002021159541e-05
8389	0.0001268716432620792
539	7.71768409550891e-05
2018	3.303980516334542e-05
3132	8.329713661013409e-05
3828	0.00016199678800049032
1471	8.019807433520266e-05
4260	3.1313864133332324e-05
3855	3.130002021159541e-05
8267	4.268164290351789e-05
4832	7.5182604860238e-05
882	6.604142824026427e-05
9481	3.897194547782137e-05
2904	3.132201603403112e-05
10227	9.891133639171242e-05
2488	5.3215415112339906e-05
2801	4.061483370120114e-05
11595	5.321077876017031e-05
4136	4.112070673708622e-05
7147	9.354804253900503e-05
3113	4.437987123915588e-05
2808	6.94125632829356e-05
1524	5.2326429284712683e-05
6642	5.322167175262707e-05
767	0.00015970122552262658
1174	8.778386965498046e-05
1173	4.462794108169356e-05
11596	3.5219069446152465e-05
7132	3.130002021159541e-05
3016	3.13058948066357e-05
8874	9.281149353942622e-05
11597	7.990475341340434e-05
147	4.7098782883726206e-05
11598	5.660532466726285e-05
1233	3.130002021159541e-05
1775	0.00010174467373964236
3514	0.0001300059493470413
11599	0.00013098421617743232
1004	3.1318138748473784e-05
11600	3.130002021159541e-05
7250	4.9426199981215504e-05
1532	3.130002021159541e-05
2050	4.046412215301517e-05
11601	5.329003078537342e-05
9046	3.130002021159541e-05
4965	4.78482560506933e-05
3668	9.596719467384153e-05
6834	3.130002021159541e-05
1283	3.751663789826488e-05
11602	6.518078206821079e-05
1292	3.677693896142366e-05
6247	8.399164921229897e-05
7184	3.130002021159541e-05
7233	3.319533016248265e-05
6122	8.975567801622664e-05
4229	7.71362601405989e-05
11603	3.130002021159541e-05
11604	4.8586955790668005e-05
8010	7.302022064004045e-05
1676	7.168983528768426e-05
9291	0.00010709042880799056
4019	0.00013016938882296587
8865	4.764731810435236e-05
8788	3.132749982411925e-05
4142	3.6783996473475556e-05
5019	0.00012416130916918626
10261	3.130002021159541e-05
5455	0.00013115243047243132
3957	6.118106837808643e-05
3540	0.0001944898559336022
11605	3.130589834957984e-05
7733	5.322077713133183e-05
1207	5.4337847673227663e-05
3716	4.39137433088991e-05
11606	3.130002021159541e-05
11607	5.7164815081811836e-05
11608	3.954720842136769e-05
3594	0.00013038044287303377
11609	4.087372482887236e-05
4860	4.076391843012652e-05
11610	8.419451942137599e-05
11611	5.826752558959592e-05
9439	5.190956900121818e-05
6829	4.947439500634541e-05
5591	8.678579117727826e-05
9505	3.130002021159541e-05
7496	3.563326104929992e-05
11612	3.879143977251853e-05
8829	6.405917223568102e-05
11613	3.94660677466921e-05
2248	5.520408754317304e-05
9864	4.384917871351348e-05
2280	4.241208607210718e-05
11614	3.130002021159541e-05
10038	0.0001118143826179684
1702	4.4045430792240784e-05
11615	4.537944959363713e-05
11616	4.297404535012837e-05
6262	3.130002021159541e-05
7885	4.994035276414747e-05
11617	6.567571179937157e-05
5873	5.330207994512597e-05
10341	0.00016528797167020216
11618	3.130002021159541e-05
7460	7.009746053347074e-05
204	5.293947546804943e-05
6003	0.0001182376784001624
743	0.0001931577008591394
9222	7.310519666418823e-05
5642	4.587011210986652e-05
2338	3.130295967477607e-05
5661	4.9829621711077165e-05
1763	6.62899634297324e-05
6294	0.00013094870511001268
8644	0.0002017576819518384
11619	5.675333483342512e-05
2965	3.130002021159541e-05
2562	0.00016074272809801356
2424	7.251178026047549e-05
6848	7.731189949901072e-05
3852	5.592061269556228e-05
10196	3.130002021159541e-05
11620	4.687031190417839e-05
5909	7.19178791195274e-05
7675	4.912571322732113e-05
1265	3.130002021159541e-05
1106	8.387122394134124e-05
3000	4.291836564776635e-05
2309	7.498483368206677e-05
2308	4.4753908914941395e-05
792	7.564678706767846e-05
11621	6.861491857281023e-05
6132	9.301616818029753e-05
10074	4.0365474965175816e-05
4615	8.935726900887909e-05
3820	6.894333866725897e-05
6211	3.130002021159541e-05
4339	5.377698510255413e-05
791	3.130002021159541e-05
5037	3.130002021159541e-05
7334	3.260694761225894e-05
7763	6.074972144678891e-05
11622	4.611204043495375e-05
11623	5.102298111066366e-05
7440	3.711378815557233e-05
4756	0.0003198545427428738
2503	0.00011272354139642128
9004	3.130002021159541e-05
8258	5.649934497479371e-05
8533	7.813734673223804e-05
2213	3.192994280698553e-05
7796	3.130002021159541e-05
5430	4.989348914964335e-05
5044	3.130002021159541e-05
7393	0.00013530684600361237
2039	6.36852001712053e-05
10258	3.131471358614284e-05
618	3.130002021159541e-05
5528	5.3216657686531605e-05
11624	4.308151883876622e-05
8290	4.167084956745671e-05
2869	8.861423012911362e-05
11625	3.130002021159541e-05
8192	8.032382732532046e-05
3791	3.130002021159541e-05
6983	3.130589795549711e-05
7045	4.5584993130247625e-05
8736	7.887103062028392e-05
8295	8.764549878900529e-05
10279	4.652151774121936e-05
3090	0.00010709575679498663
10505	8.40143365299266e-05
9931	5.100833992063223e-05
8553	3.130002021159541e-05
5230	3.328182213868869e-05
8857	4.123662732365919e-05
6296	9.189107520052935e-05
9477	0.00010520093219290312
8908	3.130002021159541e-05
11626	4.215759919135849e-05
11627	3.130002021159541e-05
10133	3.130002021159541e-05
1884	3.130002021159541e-05
8656	3.763759244192118e-05
6715	0.00016528765556396484
1747	3.364804483635972e-05
4827	4.6616104330177204e-05
300	3.130002021159541e-05
7921	6.520943387009907e-05
8531	3.130002021159541e-05
3545	0.00010191936018472816
3930	0.0001107146195981113
6532	3.130002021159541e-05
342	4.026097398605071e-05
6617	8.983107744273976e-05
11628	3.2529256290749406e-05
4155	3.130002021159541e-05
11629	3.131618312079744e-05
11630	3.130002021159541e-05
6436	0.00011221612618165223
3837	3.130689605749765e-05
9376	8.69047660975283e-05
1150	3.130002021159541e-05
7305	3.130002021159541e-05
5706	7.512447795449116e-05
7034	0.00013978812450879982
1962	3.130002021159541e-05
1341	3.130002021159541e-05
6337	8.418602269771085e-05
11631	4.290528180037234e-05
7540	3.130002021159541e-05
11632	4.958700306152324e-05
11633	3.130002021159541e-05
5163	6.205494417085303e-05
7345	0.00041622043464354096
399	3.130002021159541e-05
6128	4.4831065875428706e-05
10127	3.130002021159541e-05
11634	5.849920866584031e-05
2140	0.00011959196685852193
9397	0.00017745115230114833
2208	0.00010336595787912477
6550	3.1302958098656394e-05
4022	8.075539857772479e-05
11635	6.626880308583687e-05
10098	3.130002021159541e-05
931	7.744224662590014e-05
9209	0.0001006204003090318
4837	7.098991555838538e-05
6631	0.00010688685902345024
6741	7.731506604666678e-05
2650	0.00012055918441278624
11636	4.491028035082309e-05
8573	0.0001412992379539266
3369	3.130002021159541e-05
9123	5.425905503897954e-05
11637	9.672470385345479e-05
8929	7.188990309293407e-05
6460	6.221734990348937e-05
8090	3.132214193810175e-05
5132	9.695597524298272e-05
5409	3.493763689371638e-05
11638	4.7267929814893496e-05
10122	7.517850128776957e-05
11639	3.531759916578441e-05
8188	3.130002021159541e-05
6087	8.940292285245573e-05
6011	7.993069322193597e-05
2759	0.00016900472542543115
1764	5.726586193131968e-05
3774	0.000216854457929179
5736	3.716353448663705e-05
198	4.8849782936656255e-05
5379	3.5073720462336635e-05
11640	3.5366233772986415e-05
3483	3.889211057400207e-05
2369	4.488902666894464e-05
4052	8.318065691041029e-05
9197	5.836256778344967e-05
5079	4.766511459686196e-05
8169	3.130002021159541e-05
189	3.130002021159541e-05
11641	6.182606784152389e-05
11642	3.130002021159541e-05
6904	4.624150468486152e-05
607	0.0008854847280036959
6777	5.726789996938353e-05
444	4.4783050262030406e-05
624	8.882665186954621e-05
11643	9.293720518045311e-05
5918	3.8886881066837564e-05
8382	3.130002021159541e-05
9466	7.411518671221034e-05
11644	3.130002021159541e-05
9417	3.130589795570849e-05
11645	0.0001399312848174332
7477	0.0001603357385788323
9266	5.013885771301567e-05
9827	3.130002021159541e-05
3878	3.130002021159541e-05
10043	4.843085076205569e-05
11646	4.0186169990565885e-05
5585	8.122395078101339e-05
6703	0.00014170203999608872
10502	9.218230198186769e-05
11647	4.449075041731107e-05
3858	3.243632004588145e-05
5407	3.130002021159541e-05
6073	6.20846396943426e-05
10272	8.289147429892669e-05
5094	0.0001515816802779334
7649	3.8045686630854014e-05
11648	3.130002021159541e-05
1217	5.461258983839529e-05
3719	7.162728667933782e-05
6523	4.76990587286273e-05
1224	6.194471811143303e-05
11649	4.151524884065439e-05
4721	0.00012837701071696052
847	3.130002021159541e-05
6144	4.490329319618361e-05
1069	4.736137979700064e-05
6291	3.130002021159541e-05
10224	3.130002021159541e-05
10335	3.130002021159541e-05
5418	0.00010018426915838115
11650	6.793911867862074e-05
11651	7.170235958422721e-05
6597	3.130002021159541e-05
7659	4.6232837792572026e-05
1328	3.130002021159541e-05
1737	4.517578012091138e-05
8769	5.1737161609453585e-05
587	7.081464897504812e-05
9784	3.130002021159541e-05
4995	4.294955534627156e-05
9969	4.954817744306699e-05
5229	3.8971477933721465e-05
660	0.000474289108034625
7061	0.0012872088760981328
8756	4.730866325533972e-05
11652	5.9276482060812586e-05
10029	3.8833038133392805e-05
6771	5.7845521865899554e-05
6504	0.00011172338387234658
2532	3.83366636324004e-05
9673	0.00011326923393413562
1376	3.5628181650846646e-05
6057	0.00013273843962104874
8807	0.00013420739696475757
2221	0.00020335045635359918
1500	4.9555484659171746e-05
11653	3.150418597383383e-05
11654	6.301563367067844e-05
4741	3.159925747083222e-05
1237	3.130002021159541e-05
5966	0.0002907293765664841
8959	0.00035091984540261097
422	7.233770156302228e-05
7366	3.130002021159541e-05
9277	3.130002021159541e-05
3331	3.130002021159541e-05
4904	0.00010441919355555322
1567	6.794031836288502e-05
11655	8.712788774405198e-05
7136	0.00013813230033899978
9267	3.588860323045021e-05
11656	3.130883860113736e-05
10062	3.156605967178617e-05
8081	5.3574186292377784e-05
1651	6.204741438178392e-05
6621	6.954368026803457e-05
5482	3.130002021159541e-05
8650	4.8714495788808935e-05
336	7.767926271796307e-05
3537	0.0001237550960900484
9282	3.1382538054332925e-05
582	7.949734607679307e-05
9343	3.130002021159541e-05
2033	3.1305899137956715e-05
7248	9.018045974792358e-05
11657	5.995997533918933e-05
3582	5.321665768653161e-05
11658	6.857600762413954e-05
8033	8.592207623089444e-05
9968	9.137802473663129e-05
5447	4.064124725997334e-05
917	0.00019731292780802724
892	3.130002021159541e-05
9913	3.130002021159541e-05
3426	3.130002021159541e-05
7555	5.493090885111684e-05
11659	0.00010234717318503806
9948	3.130002021159541e-05
11660	3.130295849252783e-05
11661	3.130002021159541e-05
2094	3.130002021159541e-05
7197	4.234949268362797e-05
4668	4.242870303338095e-05
9501	3.130002021159541e-05
11662	4.391376016057318e-05
3434	0.0001747221921274164
2231	3.130002021159541e-05
6464	3.130002021159541e-05
5333	7.587727156799104e-05
7088	3.130588733446382e-05
4909	4.108602037935359e-05
9107	5.013150940192924e-05
6830	3.130366036530836e-05
6800	4.4281120276800494e-05
8724	3.130002021159541e-05
8385	0.0002887059757277385
5913	3.74071035036813e-05
10294	4.239034832668039e-05
7141	3.130002021159541e-05
4061	6.302784835023189e-05
11663	4.239015732418544e-05
2103	3.130002021159541e-05
953	3.130002021159541e-05
11664	3.8712066812144336e-05
1597	0.00010440164730825282
11665	4.749357984243863e-05
2364	0.00013802047888550805
2726	4.355982701726879e-05
3954	3.130002021159541e-05
8024	5.7250977449649e-05
6861	0.0002669182647639648
4219	5.784049631699947e-05
7110	8.711092036717684e-05
11666	0.00020858857187739782
11667	4.528843169973126e-05
2383	4.43322911845894e-05
11668	4.681490732229137e-05
11669	3.130502012282262e-05
5931	7.351802593093663e-05
6338	0.00017443454625252903
7385	3.8613764070712195e-05
11670	3.130002021159541e-05
7174	3.130002021159541e-05
3832	3.608917080099426e-05
11671	3.130002021159541e-05
8671	4.765404820818167e-05
1879	0.00011148125543347656
11672	3.516545667530755e-05
7953	5.7484044310880195e-05
7433	0.00010460334849381913
5644	3.130002021159541e-05
1	0.00010466640378136482
11673	3.130002021159541e-05
4300	8.798533923152997e-05
3951	5.1095979210196026e-05
6232	4.477880551241119e-05
6310	5.2171451306218036e-05
756	3.137764097363515e-05
11674	3.130002021159541e-05
5294	0.00015949455735662178
11675	5.5197773862752376e-05
11676	3.131060486676888e-05
4092	0.00013291515729934886
10205	7.0426590456754e-05
2895	4.6695529240645096e-05
8249	0.00013084736319429998
3976	7.509242198705112e-05
5173	3.130002021159541e-05
668	3.323127200587893e-05
5544	5.448628141158877e-05
6917	3.130002021159541e-05
461	6.160534997521579e-05
2659	0.00018389412998504284
6547	4.407708624194595e-05
8757	0.00020161895229114232
11677	4.396297256741175e-05
5260	4.19431613482048e-05
6353	5.945250464572837e-05
3461	7.583458093302345e-05
6950	7.10329084840231e-05
7825	3.130002021159541e-05
11678	3.730805338156058e-05
9493	3.130002021159541e-05
291	8.673427412035344e-05
5240	3.201206386883116e-05
8110	0.00010966687629333156
1730	6.447618889731577e-05
4243	4.420360313834961e-05
2045	4.0092295446431095e-05
11679	4.358952491879226e-05
5987	4.0079336582714316e-05
3680	0.0001024511452739777
9369	8.607985762296706e-05
7015	6.741306828934377e-05
11680	3.130002021159541e-05
5857	6.725774872951197e-05
3523	5.546655769327886e-05
9759	3.130002021159541e-05
1806	6.475380061455396e-05
11681	4.2568543496659736e-05
9048	3.130002021159541e-05
5822	7.149761951908922e-05
7626	3.130002021159541e-05
6230	5.8765701207147635e-05
2994	3.130002021159541e-05
4380	4.8369292402806893e-05
5315	3.130002021159541e-05
5055	5.614251001513699e-05
8499	6.116558350495761e-05
2719	7.350628899324189e-05
5589	0.00014800489458279787
8086	7.335677245899608e-05
10234	3.967324366406658e-05
11682	0.00014945779860143208
784	9.936933173282318e-05
1416	5.4060173670879755e-05
10292	3.130002021159541e-05
2019	3.130002021159541e-05
2149	3.130002021159541e-05
2454	0.00011507883959243362
1791	5.004405559272966e-05
5625	6.648272492880753e-05
4526	5.7439519592147564e-05
8515	4.0462935991093056e-05
5456	3.130002021159541e-05
5801	3.130883820694893e-05
3304	6.215558312135874e-05
2152	0.00010271300549469768
11683	3.130002021159541e-05
8302	3.130002021159541e-05
8950	3.131765186760359e-05
4172	3.130002021159541e-05
11684	5.067822300186165e-05
6553	5.329118859572065e-05
1533	3.160039725579749e-05
4354	5.342716425444834e-05
7653	5.803934326032528e-05
11685	3.130002021159541e-05
9218	3.130002021159541e-05
8888	3.130002021159541e-05
11686	4.6076475057264086e-05
9619	3.130002021159541e-05
1321	4.586589389167641e-05
11687	3.484313760501872e-05
11688	0.00020728089689490135
10104	6.548521682209487e-05
7414	5.5167408831346885e-05
15	4.774294463760451e-05
1523	8.462440297254538e-05
3373	5.6035152825860116e-05
11689	7.321507715309236e-05
6587	4.19101760100183e-05
6084	3.130002021159541e-05
7318	5.3216657686531605e-05
6663	5.1805855230038524e-05
9468	3.130002021159541e-05
3973	4.684198652135984e-05
10487	5.080064585555177e-05
2476	3.130002021159541e-05
11690	3.130002021159541e-05
8658	4.0956260342543075e-05
7293	4.953470965692282e-05
8787	3.130002021159541e-05
1939	4.107166887509546e-05
1097	6.727167397361348e-05
1009	9.48177454238877e-05
9406	3.144182432388722e-05
11691	3.130002021159541e-05
10273	5.097497014969913e-05
36	5.349475483782614e-05
1449	3.130002021159541e-05
11692	7.119805085561585e-05
4772	7.839003470051885e-05
5090	0.00013347244077249127
11693	5.3213718223350965e-05
9877	9.455596992517511e-05
11694	4.4643839887765225e-05
5910	3.130002021159541e-05
2446	3.130002021159541e-05
8189	3.725175851801523e-05
3097	0.0010516699490013138
11695	3.2014346425260964e-05
9214	3.130002021159541e-05
11696	3.130002021159541e-05
10209	3.130002021159541e-05
7146	3.130002021159541e-05
8488	8.140006282758789e-05
11697	3.130002021159541e-05
2410	6.409057270328413e-05
9697	6.31140103022949e-05
4666	3.130002021159541e-05
9778	7.283428738010604e-05
7098	0.0001045915409446786
9025	3.130002021159541e-05
3807	8.42932311767528e-05
7553	3.130002021159541e-05
5543	5.9394248009368434e-05
5880	3.130002021159541e-05
8006	7.294658163000595e-05
8379	5.169492768395611e-05
1855	4.663199247842642e-05
1507	8.312898512943822e-05
8226	6.309459453623656e-05
9273	6.286139601052378e-05
6735	3.7432363752474895e-05
11698	3.160491920716717e-05
388	0.00016518643662502335
7220	5.67858662823425e-05
1880	3.130002021159541e-05
9571	3.130002021159541e-05
3126	3.1308837024595033e-05
9409	0.000482143990402901
4635	3.531236232170701e-05
888	5.4101039046362534e-05
11699	3.130002021159541e-05
11700	8.579822064386689e-05
1026	3.194631676426866e-05
1657	0.00028523812160090106
6935	3.132205712202254e-05
11701	3.880520876045107e-05
11702	3.130002021159541e-05
11703	3.130002021159541e-05
10097	4.432041896121183e-05
7051	6.936370491387106e-05
2725	4.091275876614303e-05
8688	8.408161630076786e-05
7157	5.168570153762235e-05
1157	3.1305894410970525e-05
5775	4.300150311719167e-05
10031	7.914671781860931e-05
11704	3.624564909656945e-05
1335	0.00024075311796055874
11705	4.448937327939403e-05
7043	8.567687454650729e-05
52	3.130002021159541e-05
9830	4.073697144121214e-05
3166	3.130002021159541e-05
6819	3.2663392622482434e-05
2885	5.33439488770092e-05
11706	3.134143939110878e-05
3112	0.00012638308647998492
6543	3.130002021159541e-05
11707	3.130002021159541e-05
2710	3.130002021159541e-05
4933	6.183922039189439e-05
3712	5.616175623051517e-05
3094	3.152224213696921e-05
6765	3.130002021159541e-05
5224	5.1983967081556715e-05
1448	0.00016597928755706506
7082	4.235948076918586e-05
3616	4.907387298868546e-05
10232	4.623943050116232e-05
9559	0.00018129146800471342
2972	5.324337800052054e-05
11708	3.130002021159541e-05
11709	4.5751521010779654e-05
20	5.415730354757254e-05
754	7.360398286333685e-05
4366	0.00015963973284080315
1981	5.694898522285272e-05
4571	4.5690509620277135e-05
7022	8.618834456275303e-05
5152	5.6688386895771595e-05
2271	3.266343718303463e-05
6994	5.1420980856402493e-05
11710	3.130002021159541e-05
2874	8.572802612088692e-05
4188	3.130002021159541e-05
10174	3.80180705346381e-05
3020	0.00013482893005294525
5598	6.11673695302761e-05
2873	3.77317513894305e-05
5387	4.978411430300053e-05
11711	5.5602187593553214e-05
5798	3.130002021159541e-05
6733	3.1323532763533124e-05
1995	3.130002021159541e-05
11712	7.530564829459936e-05
3159	4.284188554226724e-05
3861	3.130002021159541e-05
8296	8.175415684357998e-05
11713	3.130002021159541e-05
10048	0.00010352572810933957
10158	0.00010352572810933957
6942	4.532552828510303e-05
9392	3.130002021159541e-05
11714	7.031524643954835e-05
6888	9.955104316002817e-05
8976	6.278345081543111e-05
8204	3.760742609454042e-05
6602	5.871191490810731e-05
2997	6.155146953004887e-05
3241	5.158687719388542e-05
2788	3.242467006333293e-05
8684	0.0001288438222951492
11715	3.130589756141438e-05
7361	8.731695224702276e-05
1785	4.011755037618113e-05
9515	8.452373826909433e-05
3237	4.854335634293735e-05
5534	3.130002021159541e-05
9264	4.424545740532501e-05
11716	3.130002021159541e-05
11717	3.698651233586362e-05
9359	7.094808161313084e-05
8690	3.130002021159541e-05
4969	0.00016654000612001675
11718	4.886953316553236e-05
1144	7.534029517952678e-05
8680	3.130002021159541e-05
4323	0.00011361671945693067
3822	3.131520540138852e-05
9396	3.963833386677988e-05
7930	5.289953352251507e-05
5483	5.163351896409156e-05
11719	4.234949268362797e-05
4787	6.226558921624127e-05
3069	7.247224342658254e-05
11720	3.1376518408510014e-05
6395	0.0001222710113980562
4050	5.457320109847355e-05
11721	3.130002021159541e-05
201	0.00012504785652134887
3380	6.147313470166374e-05
9662	6.706444470291138e-05
322	3.130002021159541e-05
8428	4.227331078557941e-05
9297	4.532310413517935e-05
81	0.00010325688284728305
5594	0.00013962279862814436
11722	6.49014485400547e-05
7857	4.989036528207019e-05
8016	3.2807174450448505e-05
11723	3.130002021159541e-05
11724	4.342222118371006e-05
7987	3.801195643970183e-05
796	7.483229575071743e-05
6349	4.868486237384468e-05
6186	5.077165384317746e-05
5778	0.0001758538757952624
3789	3.2188702420133984e-05
8828	3.130002021159541e-05
4060	9.166918347930717e-05
179	3.356125190190192e-05
2135	5.102198117451474e-05
7002	6.404756442821168e-05
41	6.339034913857786e-05
1696	4.236517821085194e-05
2431	3.885698578224998e-05
7984	3.2339326210825404e-05
6677	5.319892693368421e-05
5883	3.160940831366364e-05
6865	3.130002021159541e-05
5445	3.130002021159541e-05
11725	8.443488351285794e-05
7419	3.130002021159541e-05
9814	4.018908152436903e-05
11726	4.875966437721556e-05
9371	3.1751304535135175e-05
1044	0.00012660858107559658
6683	9.144306105361886e-05
3966	5.837405936428236e-05
9014	6.571551335148852e-05
9921	3.7681120454994016e-05
1573	6.171053303342681e-05
2657	4.434849243542779e-05
11727	8.598480567500948e-05
11728	3.130002021159541e-05
11729	3.803155371166563e-05
97	3.130002021159541e-05
7331	3.130002021159541e-05
4202	3.130002021159541e-05
10387	9.730325494721544e-05
2378	6.866826394958734e-05
8747	8.888273082501247e-05
7473	3.130002021159541e-05
5921	9.715762081656212e-05
6210	0.00017299751992707355
438	7.74056579353932e-05
11730	4.8124934373815e-05
3256	3.130002021159541e-05
9896	4.565736321225898e-05
4109	5.270231765872884e-05
5855	3.37912596977855e-05
11731	5.321665768653161e-05
9169	0.00023277148942193985
4614	6.584713767577002e-05
11732	5.648591841819679e-05
5939	3.130002021159541e-05
3227	6.635735903297967e-05
2633	4.711468121969562e-05
3155	6.45304633277145e-05
8707	0.0001562573176109061
1637	4.7574558603043455e-05
3265	4.938588283772198e-05
10443	3.130800953540703e-05
4532	3.572256588375308e-05
10218	5.7081125749774916e-05
7300	5.80182836590621e-05
8019	3.130002021159541e-05
6506	4.021232204972633e-05
5130	6.37105300455458e-05
11733	3.130002021159541e-05
4852	7.527069155676569e-05
8346	7.103980523517344e-05
8228	5.3677202819056764e-05
3667	0.00012086483630274262
7219	0.00012273997676910344
936	5.4122364269796884e-05
7602	3.1320702157155375e-05
1298	3.135526945910534e-05
277	9.977041828086429e-05
6623	3.9828910519639746e-05
9058	6.283379803848776e-05
8627	3.9566036464670625e-05
1319	4.518737854031696e-05
4903	0.0001077873574625898
11734	8.192099603557696e-05
4174	7.251304891413784e-05
7765	6.021788034644954e-05
3271	5.8232067202205966e-05
11735	0.00010129943891562022
5965	8.30790759209352e-05
1393	3.130002021159541e-05
11736	4.9335049893837e-05
5207	4.0016417204184954e-05
9425	3.5409780900889944e-05
6478	3.894491954028612e-05
4737	0.00015816054349403387
9773	6.829131016914192e-05
11737	3.130002021159541e-05
270	3.130002021159541e-05
5349	3.130002021159541e-05
11738	4.6712495911639427e-05
6293	8.442077929600447e-05
5930	3.9517715974079206e-05
6512	3.130002021159541e-05
5494	0.00011159903087220777
11739	3.787501145407627e-05
10386	3.892362183459966e-05
6490	5.1200267228443256e-05
927	3.130002021159541e-05
11740	0.00011448846599000376
5760	3.7117864374533027e-05
6049	3.130002021159541e-05
3140	4.316762120725946e-05
3834	0.00011044634005497208
366	6.089787323957828e-05
2462	6.168674089559839e-05
9201	0.00021601112737340756
11741	6.929067287014907e-05
10265	3.130002021159541e-05
4115	0.00011669818060653183
7942	0.00022804934563126102
4310	3.131177806431802e-05
8239	9.986196055654955e-05
11742	6.219951119588344e-05
9111	4.031318129396306e-05
10260	9.129907044202177e-05
11743	3.130002021159541e-05
11744	3.130002021159541e-05
153	3.552575289327807e-05
10041	0.00010612208935164319
213	5.4707026701542754e-05
7454	6.592132992587092e-05
2993	5.14672618135656e-05
9034	6.979903340549167e-05
11745	3.130002021159541e-05
303	3.130002021159541e-05
6070	3.130002021159541e-05
11746	8.377454858925852e-05
3827	3.130002021159541e-05
5533	3.130002021159541e-05
142	7.685900760245675e-05
3790	0.00014165774182008166
541	3.130002021159541e-05
6218	3.157201130231001e-05
4804	0.00012921415448529565
5429	5.491793468060102e-05
11747	6.942427411736955e-05
2419	7.230745549312057e-05
6954	4.186933795342187e-05
75	0.00014461683120975987
620	4.9295749395624624e-05
11748	3.130002021159541e-05
845	0.00016139280322009233
3031	3.130002021159541e-05
10313	3.130002021159541e-05
11749	4.6702323838454196e-05
8583	9.267162324747404e-05
10319	3.130002021159541e-05
8900	4.2292678514783626e-05
4531	4.732376239558157e-05
4473	3.130002021159541e-05
11750	4.57604328596971e-05
9776	3.130585453542742e-05
7198	8.511887762115684e-05
9133	0.0001381170459744457
1936	4.438907586223782e-05
2303	6.279522890194038e-05
2648	7.908547227735417e-05
2825	7.72839347860701e-05
3488	3.233237694316112e-05
6740	4.809189310609536e-05
3135	4.6841927659938524e-05
7773	3.1311774123279224e-05
10307	5.871037329566555e-05
5621	7.125626895618725e-05
10164	3.130002021159541e-05
2667	3.130295967477607e-05
11751	3.48527228281974e-05
7032	3.130002021159541e-05
481	3.8605566036574146e-05
3506	3.130002021159541e-05
10080	7.565754152384913e-05
9639	0.00012277332376615707
7656	5.321078112466677e-05
5695	3.130002021159541e-05
5905	3.233633618732223e-05
9857	3.130002021159541e-05
2106	0.00042418910323065997
5320	3.131176231768361e-05
11752	9.339194026264391e-05
11753	4.984656330979886e-05
9429	6.903670392417472e-05
11754	3.130002021159541e-05
6261	0.0001025934733511722
6161	3.949791917834768e-05
3605	4.731670978376088e-05
3397	3.1309413900673075e-05
11755	6.161406626726155e-05
2771	8.82437308991572e-05
11756	0.00016381308675691235
11757	4.7871285718453647e-05
7065	5.394974687997632e-05
8932	3.749103192213396e-05
9713	6.326194907873969e-05
5889	5.3226655269316247e-05
11758	0.00010921543570243818
11759	0.00011061307195206062
9287	4.384448120835904e-05
1117	0.00010869634547868272
2607	7.383376370432123e-05
7085	4.735234059887169e-05
10264	9.54893755212522e-05
6366	3.130002021159541e-05
883	3.130002021159541e-05
11760	3.706399595916618e-05
11761	3.2831780505395433e-05
8375	3.984803833093894e-05
6989	3.992766099361113e-05
11762	6.071504561076183e-05
7016	4.015512134421049e-05
11763	4.1139494484869745e-05
10343	4.854190377312827e-05
9607	3.130002021159541e-05
2610	4.169038350771764e-05
7450	5.418840233121225e-05
11764	5.319902563707471e-05
8545	3.130002021159541e-05
3442	4.7479685506682245e-05
11765	3.6471649199436346e-05
6417	0.0001175197380508759
4256	0.00012658510760649397
11766	5.264540482628939e-05
11767	4.5253352766979496e-05
6169	4.604458149601972e-05
1384	3.1404532927186586e-05
8746	3.1312518077360825e-05
3641	3.130002021159541e-05
1971	5.674920687682622e-05
9890	3.931161302355515e-05
2984	3.9559487885406193e-05
5790	6.511904495282302e-05
6279	4.63738486430161e-05
11768	3.676141618083474e-05
4846	7.505001385091044e-05
1536	3.980053786973201e-05
6200	0.00014607941304465587
9907	0.00021376105130059767
3011	4.240818182543526e-05
211	6.720408394855765e-05
4476	3.130002021159541e-05
9796	0.0001423372389112077
7238	0.0001464268591108609
2292	0.00011666512357637684
8726	3.130002021159541e-05
7687	0.0001244885345385711
484	3.130002021159541e-05
1505	4.032786043520688e-05
1720	4.6324894399462416e-05
4582	4.697815274431232e-05
1795	3.130002021159541e-05
1170	3.130002021159541e-05
5157	7.478097005544462e-05
5876	3.130002021159541e-05
6021	4.46686811290788e-05
890	0.00014534310046575847
8872	0.00012940997016895405
11769	3.130002021159541e-05
11770	3.130002021159541e-05
1085	0.00010327976370932661
8233	3.130002021159541e-05
1366	4.625077127640327e-05
1178	4.86887343753075e-05
6691	3.130002021159541e-05
9746	3.130002021159541e-05
606	3.130002021159541e-05
5492	3.493426857729219e-05
3032	6.425847238103263e-05
7206	8.302948359945696e-05
2236	3.886511470715532e-05
11771	6.937417515569873e-05
3010	5.363199045062262e-05
9346	7.17444949952049e-05
6399	9.153071870365303e-05
2370	5.077730933672849e-05
10337	4.561427736671079e-05
1520	9.175771856001434e-05
1313	3.172244568684913e-05
2129	5.819157401889854e-05
5502	3.130002021159541e-05
2641	3.130002021159541e-05
2166	3.1305899137956715e-05
3067	4.366459842885056e-05
308	3.130002021159541e-05
320	3.130002021159541e-05
11772	7.490772880200261e-05
2549	5.548831791678293e-05
9189	4.722838877004928e-05
1679	5.164486367153789e-05
5512	3.130002021159541e-05
3884	3.130002021159541e-05
2797	4.2737729706268196e-05
8393	3.999695997167801e-05
3136	6.190205658929769e-05
9822	3.130002021159541e-05
11773	4.8799895187326954e-05
11774	4.541405796161588e-05
4533	4.352623202958393e-05
9976	3.130973651219194e-05
3092	3.130002021159541e-05
3275	3.1311773335325104e-05
1955	0.00011346922649552396
2682	0.00011106012999080763
11775	3.130002021159541e-05
2976	4.013830669591683e-05
83	3.130002021159541e-05
6581	4.474913904819508e-05
199	8.220169875364913e-05
11776	3.130442881508373e-05
9394	4.766131440874523e-05
8754	9.023831050480137e-05
2463	5.3763410925551636e-05
11777	9.836236837543438e-05
2723	3.514762545549405e-05
7968	5.4965357665101705e-05
8222	3.6867486393308786e-05
7769	7.34561796428248e-05
339	6.934291244033345e-05
6827	6.532831852787025e-05
11778	3.130002021159541e-05
5836	3.130883860113736e-05
3264	4.8909250800885514e-05
6402	7.806063413631797e-05
4233	0.00015926375502213215
6023	5.829893471229458e-05
1373	5.055245740611888e-05
11779	4.4887932719180475e-05
88	3.130002021159541e-05
9280	5.4009604158305263e-05
9413	4.0088891836864354e-05
3341	9.401729655620245e-05
8952	6.761581593314899e-05
5676	5.09505441644595e-05
8102	3.131168885925943e-05
8933	3.130002021159541e-05
3073	4.8547491996908974e-05
9707	3.130002021159541e-05
311	5.9305043459725506e-05
7533	3.2095424454637396e-05
6343	8.39331053905501e-05
4441	3.130002021159541e-05
11780	0.00010244362299663599
7728	3.130295967477607e-05
1456	7.640683085632317e-05
3757	3.130002021159541e-05
8996	0.00011938051307663954
9257	3.131030557377861e-05
11781	0.00029301511414585253
11782	3.130002021159541e-05
8004	4.301494391714393e-05
2822	4.827526261607424e-05
8993	0.0001901797123999666
11783	5.54778415841784e-05
5700	3.1313394016123124e-05
2313	6.254538591824048e-05
2284	0.0008416405640241089
10263	6.0297028205605246e-05
9367	3.130002021159541e-05
11784	8.634423510156429e-05
11785	5.020867619175232e-05
5510	3.130002021159541e-05
5997	3.130002021159541e-05
8383	7.619822814651541e-05
5299	7.101770829168737e-05
3725	5.477380441886606e-05
8384	3.130002021159541e-05
11786	4.1923974122274135e-05
9247	5.170416836149023e-05
9999	3.130002021159541e-05
6223	6.158551196883721e-05
11787	3.390169216864794e-05
7263	3.130002021159541e-05
11788	4.3441462485403774e-05
11789	3.130002021159541e-05
5254	8.495415928958018e-05
6981	3.9432363210086815e-05
5219	3.130002021159541e-05
654	4.4634072674347477e-05
266	0.00016986640724190043
11790	3.130002021159541e-05
11791	5.947590647977321e-05
563	0.00039220720761013193
9509	5.424437727605964e-05
4578	3.131202514730878e-05
3584	3.130002021159541e-05
8994	7.817977290873869e-05
4562	6.748437811551895e-05
4200	0.0003349395044051519
11792	3.130002021159541e-05
3993	4.038929134478114e-05
8778	3.130002021159541e-05
11793	5.6019435726038814e-05
1916	0.0001504271965877208
8431	0.00010546702535559055
11794	3.891301535401276e-05
5749	3.590045981745327e-05
2643	9.169830200477967e-05
2072	7.85070924659624e-05
6881	6.329734882883694e-05
554	5.1413743871361085e-05
11795	8.425273984442638e-05
1919	7.23449175526729e-05
7143	5.714114644006614e-05
7319	0.00014800570399751877
11796	4.4441670669148395e-05
5622	4.8960184737698106e-05
296	0.00034348319946543164
10371	3.130589834968555e-05
3453	0.0002883899162200173
853	0.00010044449058844778
5537	3.130002021159541e-05
3306	9.73898487909164e-05
2846	0.00021868309489426682
9590	3.130002021159541e-05
2721	4.384888735009125e-05
11797	0.00010549101828786171
2036	3.130002021159541e-05
3049	4.2112380724587185e-05
4399	0.00024352773686479116
4988	0.0012496091198272348
7349	0.00012669197268605208
10244	6.463884270922898e-05
4343	5.385690178573197e-05
7234	3.9540449724258455e-05
333	6.550934667751726e-05
3243	4.401772278763474e-05
1546	5.289192819204417e-05
984	4.326539161178885e-05
8577	3.130002021159541e-05
3786	6.927713791874779e-05
4241	0.00012496115991368333
4639	3.333222237595907e-05
586	4.5978162246644965e-05
5319	8.080275258538037e-05
7059	0.0002566325292704897
6421	0.00011438488358185591
5979	5.751778798186528e-05
3683	5.052428252325023e-05
9192	5.572793267044369e-05
11798	3.130002021159541e-05
11799	3.130002021159541e-05
11800	8.911108385118533e-05
11801	3.130002021159541e-05
6298	0.00011110350350185285
7493	3.130002021159541e-05
2567	7.228269842682305e-05
11802	4.156659652424878e-05
6034	4.95342679029335e-05
1007	6.611252195548534e-05
7461	4.163517972130433e-05
26	8.994223477267323e-05
3923	0.0003295031063484752
4947	3.130002021159541e-05
11803	3.130002021159541e-05
4952	3.130002021159541e-05
11804	3.130002021159541e-05
7099	7.329260434202388e-05
11805	4.409772870089496e-05
3897	0.00011028943831281948
3676	3.130002021159541e-05
1016	3.67373351558523e-05
4675	0.00010695941597554928
6088	4.408154730037402e-05
3272	6.779320719174645e-05
11806	4.875883710151438e-05
11807	3.130002021159541e-05
7073	6.80702292488801e-05
11808	5.3203433649438934e-05
10235	6.970441690659968e-05
7809	4.557420764547787e-05
9599	3.8605650743110785e-05
6667	3.446127809710124e-05
5838	3.130002021159541e-05
11809	3.130002021159541e-05
7038	0.00011974049314538907
920	3.130002021159541e-05
11810	3.13029588865049e-05
9918	3.130002021159541e-05
6372	4.483336167642349e-05
2681	5.880673345020472e-05
9179	4.631290923826492e-05
11811	3.130002021159541e-05
9935	5.2432784395987225e-05
1909	9.438401081319844e-05
7601	3.130002021159541e-05
11812	3.130002021159541e-05
9986	4.282925754243945e-05
11813	3.130002021159541e-05
11814	5.47638336069468e-05
750	4.114229436323535e-05
4581	4.020089485273685e-05
2571	0.0001461635596569505
3549	4.391286139020091e-05
9063	0.00010642943798083097
5810	7.937875810247846e-05
10173	3.130002021159541e-05
992	8.333288485080745e-05
1252	4.9096392428845854e-05
4003	6.651105196684793e-05
11815	3.714730640886374e-05
3733	3.2956746951570394e-05
10040	7.970855934783983e-05
2770	3.130002021159541e-05
5342	5.300578901135431e-05
4331	4.5744584331242966e-05
9087	3.130002021159541e-05
7001	5.3222535824516036e-05
11816	7.076950599761803e-05
11817	4.5500495621666844e-05
11818	4.4811512171607556e-05
10349	0.00026673865209207417
11819	3.130002021159541e-05
11820	3.130002021159541e-05
11821	3.130002021159541e-05
7117	4.0105718720258096e-05
11822	8.339132681207937e-05
7018	3.130002021159541e-05
11823	3.130002021159541e-05
8903	6.418085456208985e-05
1958	3.2601034390034015e-05
1541	3.8873255373602194e-05
11824	5.623417398261303e-05
3936	4.029282640755946e-05
8565	4.326681340783037e-05
11825	4.014512796097288e-05
4176	0.00012016318702245569
285	9.053267945434865e-05
3409	3.130002021159541e-05
7817	4.933416906515718e-05
275	0.0002418010217772293
3636	6.535908515205839e-05
6331	3.130002021159541e-05
6347	3.130002021159541e-05
11826	4.077270447881135e-05
4620	3.8131572618241795e-05
11827	3.130295928058763e-05
2350	4.816949967704803e-05
11828	5.891064211137821e-05
1608	3.314786083727152e-05
8924	8.611859577867867e-05
10008	6.107944795191417e-05
7552	3.984025155256812e-05
3462	0.00018812207594290776
7607	4.0046551361373606e-05
313	4.4372253403054604e-05
437	9.236513328876052e-05
7944	3.130002021159541e-05
10462	0.00011947184188777107
6763	5.44729965287286e-05
1941	9.984807753013865e-05
11829	8.852441363009744e-05
4939	6.793053063026553e-05
7699	6.54740782327595e-05
9387	3.130002021159541e-05
8984	3.377421278695479e-05
10482	8.663444377748043e-05
7274	7.008554554784573e-05
1519	3.130002021159541e-05
5566	3.130002021159541e-05
5184	7.698300397301992e-05
9855	3.130002021159541e-05
8916	3.130002021159541e-05
971	3.1742700927133265e-05
11830	8.06494272741677e-05
11831	3.6285441419612555e-05
8729	0.0001353044333171852
4471	3.13029588865049e-05
5236	4.8537403400752e-05
3381	4.229019439612458e-05
11832	3.130002021159541e-05
1873	4.698638567545568e-05
3697	4.4166993866006634e-05
4403	3.1833537751613866e-05
9347	7.652710804872725e-05
16	6.815730257210992e-05
1782	3.1384042680828506e-05
1216	4.967308051393147e-05
7448	3.130002021159541e-05
7585	5.752078571092745e-05
11833	4.427135546263403e-05
3287	4.3714727322361364e-05
7185	7.779972215893354e-05
1112	3.130002021159541e-05
1711	8.065760510701174e-05
8491	3.130883860113736e-05
4618	7.702985420969871e-05
3351	4.921292537295997e-05
11834	3.514762545549405e-05
4161	3.362273365493186e-05
11835	7.246025910779728e-05
11836	3.130002021159541e-05
7302	4.4715193035598514e-05
11837	0.00017905881322978598
11838	3.130002021159541e-05
6130	4.1376391220379014e-05
1036	0.00021170220576989922
6015	0.0003052825684994398
7056	8.356774738660112e-05
5679	3.456869487450878e-05
10369	3.130002021159541e-05
8441	5.200139601974531e-05
5374	7.169153164371739e-05
11839	3.130589834957984e-05
3592	3.130002021159541e-05
9050	3.130002021159541e-05
5725	5.883945665777138e-05
6102	5.186691609600504e-05
6825	3.9461999334877694e-05
789	0.000116839449467845
1354	4.956388477404224e-05
5735	7.379954308909152e-05
6738	0.0001338385261617521
11840	3.130002021159541e-05
11841	5.321959675552383e-05
2340	3.130002021159541e-05
11842	3.130002021159541e-05
8555	4.772700216935156e-05
10309	3.964174171008323e-05
406	3.130002021159541e-05
9689	0.00019063553533775644
6568	6.450995980659637e-05
5075	3.8251622895439394e-05
3194	4.6812455238466944e-05
10394	3.130002021159541e-05
9329	3.306244170539571e-05
6746	3.130441173660375e-05
11843	3.130002021159541e-05
2395	3.130002021159541e-05
6405	6.432681259278416e-05
11844	3.131870246315933e-05
3988	3.130002021159541e-05
9227	3.8459728071983425e-05
5051	0.0001256005406133447
5257	3.130002021159541e-05
9631	9.4367065848346e-05
5011	7.004801837214042e-05
8166	7.478708945350914e-05
11845	3.1311775705339445e-05
5195	3.130002021159541e-05
7323	9.51467635072122e-05
6148	7.226173140054468e-05
9983	6.236583018531699e-05
8528	4.3169873946712754e-05
11846	3.146912731162744e-05
7351	5.0959531740634025e-05
11847	0.0002238899114971728
11848	3.130002021159541e-05
762	4.482886844887786e-05
7597	4.9170268684137214e-05
11849	3.263198509201583e-05
3958	0.00018195758222434941
11850	3.130295849252783e-05
2709	3.130002021159541e-05
11851	3.8605566036574146e-05
6314	6.456326004440854e-05
6850	5.473345799345397e-05
7382	3.130002021159541e-05
5253	0.00012689740708343348
8695	7.137838070948166e-05
10440	3.248813794895718e-05
11852	3.130002021159541e-05
11853	6.345048246495946e-05
11854	7.599225181075661e-05
3313	6.725528382485909e-05
3117	3.130002021159541e-05
4463	9.983407968259855e-05
10042	3.130002021159541e-05
7014	4.5237888793701696e-05
6876	0.0001069440150766857
5567	3.205286900642286e-05
1437	4.62258812175536e-05
7790	4.116109644793222e-05
8391	3.473153593492007e-05
8623	3.130002021159541e-05
11855	3.9274673671470154e-05
4506	6.262842653309023e-05
6916	0.00010986582007147541
11856	5.3612938755728935e-05
3039	4.863325469179249e-05
3528	3.130002021159541e-05
1992	3.130002021159541e-05
2218	3.78028032611319e-05
11857	4.916355262882076e-05
11858	4.913002164624198e-05
5109	3.130002021159541e-05
3599	3.130002021159541e-05
11859	3.130002021159541e-05
11860	3.130295928058763e-05
713	4.385816342884469e-05
11861	4.334278449657435e-05
11862	3.162134577868621e-05
11863	3.8699448323005805e-05
11864	3.130002021159541e-05
11865	3.130002021159541e-05
11866	3.130002021159541e-05
3267	5.606317216195597e-05
11867	3.130002021159541e-05
5751	0.00014258746449309894
4014	3.328835688063969e-05
1450	3.130002021159541e-05
5738	3.973855621605829e-05
1579	0.0001226829538950276
6750	4.476241697071954e-05
4102	3.230559860577891e-05
10470	8.437127888948133e-05
11868	4.868695650121871e-05
1382	9.302627867301431e-05
7546	3.1305878708648324e-05
11869	3.130002021159541e-05
4360	4.0926309178131686e-05
9419	3.147321347124954e-05
4197	3.130002021159541e-05
7573	3.130002021159541e-05
9765	5.917169078493098e-05
5420	3.130002021159541e-05
11870	4.441970799182018e-05
3795	3.130002021159541e-05
7714	3.130002021159541e-05
994	3.8468247228356824e-05
11871	3.130002021159541e-05
8278	4.347643166723463e-05
821	3.130002021159541e-05
2670	7.178885928998254e-05
11872	4.322575118018051e-05
528	7.22514453898905e-05
492	4.491973369289296e-05
5526	3.765340785159168e-05
1331	5.0216691549549974e-05
10289	6.977239182503898e-05
11873	4.2220629777699214e-05
4386	7.788562468328769e-05
2914	5.859445240258017e-05
5412	6.734318950599825e-05
2265	3.131123313505259e-05
2676	3.130002021159541e-05
5563	6.881739354232143e-05
3603	3.8946828335381274e-05
6020	5.9348725082367616e-05
2233	3.843120520042629e-05
628	7.163736670020936e-05
8463	7.379188546989784e-05
11874	5.3978229658872097e-05
11875	3.13029588865049e-05
10036	3.130002021159541e-05
434	3.130002021159541e-05
11876	3.130002021159541e-05
11877	3.565667895352675e-05
7102	7.250042171925105e-05
8907	3.130002021159541e-05
5265	0.0001088351951892018
11878	3.130002021159541e-05
7934	3.930088888728917e-05
18	8.252661804956568e-05
11879	3.130002021159541e-05
11880	4.416173626075035e-05
11881	9.129729180849209e-05
2728	0.0002052688237715168
10322	3.130002021159541e-05
7413	6.205923389033459e-05
9824	4.544986380263489e-05
7919	3.928443903830911e-05
9317	4.555309306277472e-05
6056	3.130002021159541e-05
3785	6.515801283920155e-05
11882	7.989774916864528e-05
6924	3.130002021159541e-05
3451	3.130002021159541e-05
1988	3.172168709913947e-05
6988	3.4955732193076995e-05
1095	4.383052704896798e-05
11883	4.7490434722885695e-05
11884	0.00010197766806660109
8979	7.563000957506197e-05
11885	4.8407402802407097e-05
9009	3.130002021159541e-05
11886	3.130002021159541e-05
11887	3.130002021159541e-05
9148	5.2080424185631556e-05
5540	6.814737448437549e-05
6229	4.445068255928994e-05
2121	0.0001758716130656473
6456	3.529415789197622e-05
8336	3.130002021159541e-05
5520	3.789702226189756e-05
7520	3.6788142817814704e-05
5288	8.141069717021332e-05
658	3.130002021159541e-05
4887	3.130002021159541e-05
6971	5.3216657686531605e-05
6966	3.130002021159541e-05
11888	0.00012970308876946585
8504	0.00012027647132527893
1405	3.130002021159541e-05
11889	3.130002021159541e-05
10290	7.619730276637362e-05
6775	4.117475298782719e-05
352	0.0003671736887098157
11890	3.130002021159541e-05
7019	5.4027467896421724e-05
2718	0.0001336066308303004
8317	3.130002021159541e-05
6885	3.1675543033266734e-05
11891	4.225980808952973e-05
4729	5.087238399078827e-05
11892	3.130002021159541e-05
7230	4.9876887954208244e-05
8271	3.860482185135261e-05
7589	4.2597081428386385e-05
3490	4.1641331681604914e-05
11893	7.114161199562967e-05
11894	5.699804224927482e-05
7940	4.527892213603053e-05
11895	5.2418340229255134e-05
11896	4.2745375337395426e-05
9337	7.457445756395634e-05
7650	6.427675932746856e-05
11897	3.130002021159541e-05
11898	4.3725349349110125e-05
9530	4.4458177093474474e-05
4942	3.130002021159541e-05
11899	7.712607097411093e-05
846	5.100966403830526e-05
8572	6.0537337026761784e-05
11900	6.803620164295022e-05
4126	4.126098212829008e-05
1531	6.890586887013582e-05
8001	0.00013214283578132286
5277	9.238712753245084e-05
8210	7.130782767589589e-05
520	3.6320481587895706e-05
362	6.528167863755638e-05
11901	3.130002021159541e-05
6524	0.00014804853115138578
7682	4.818352887375075e-05
2428	9.490519231399622e-05
11902	9.626110166187357e-05
6624	3.130002021159541e-05
2162	3.130002021159541e-05
9241	4.253815149751888e-05
9782	3.980053786973201e-05
7420	3.4049409245256036e-05
3423	6.647037351805276e-05
5633	3.130002021159541e-05
11903	5.321665768653161e-05
898	4.588447692460697e-05
253	3.2430121167400826e-05
11904	3.130002021159541e-05
1626	9.759368774747725e-05
11905	6.796583627306625e-05
6606	5.776779705813687e-05
6998	5.3945724780480566e-05
9844	9.070129845869826e-05
671	0.0001099074683115689
2299	6.998398869298883e-05
2988	0.00012282947809103337
8523	5.4808195804792615e-05
5365	3.130002021159541e-05
8713	7.381978560112114e-05
5398	6.440156772502675e-05
2623	0.00016122502480966886
3054	3.130002021159541e-05
9441	3.130002021159541e-05
913	4.230727543174417e-05
4384	3.130002021159541e-05
9240	3.131170606028169e-05
11906	4.791638647836276e-05
3984	4.1168382850388907e-05
9412	3.130002021159541e-05
6419	4.9759346951302306e-05
2847	8.01490501832218e-05
10051	4.2119408192267864e-05
9979	3.1310302816308856e-05
6290	9.736746728616222e-05
3035	5.7607408428568824e-05
5972	8.397542573242519e-05
7532	3.2620685987988455e-05
2179	4.121460917090427e-05
7255	4.887437955799624e-05
8208	5.8565328089651996e-05
1357	4.1968653295153e-05
6061	3.130002021159541e-05
11907	4.5651043212178085e-05
5366	6.233365658878708e-05
6770	4.5288327755925635e-05
8191	5.055348072883461e-05
7563	4.569788091713617e-05
8211	3.130002021159541e-05
1268	6.0541510663398864e-05
7026	7.571414227212401e-05
9894	3.130002021159541e-05
2379	3.130002021159541e-05
3101	5.503520260498817e-05
11908	6.205411465361931e-05
11909	5.9680513204604686e-05
11910	8.043077849821244e-05
11911	3.130002021159541e-05
11912	3.130002021159541e-05
6697	3.130002021159541e-05
5815	3.13029588865049e-05
7107	3.515064301124445e-05
11913	3.130002021159541e-05
935	3.6092962473287165e-05
11914	6.601611596787155e-05
8763	3.130589834957984e-05
2353	3.130002021159541e-05
10107	3.130002021159541e-05
2387	5.329009101706838e-05
1591	3.130002021159541e-05
9140	4.2622821350208156e-05
8344	5.666749544778054e-05
2475	5.535263472915905e-05
8238	3.130002021159541e-05
11915	3.13029588865049e-05
7892	6.971005109410815e-05
5640	9.666551756424652e-05
11916	3.130002021159541e-05
7826	9.145388564157217e-05
4544	3.136830970598183e-05
3001	0.0001983861538435376
10285	3.130002021159541e-05
6227	5.9815580337710067e-05
9533	3.130002021159541e-05
1633	3.696763033619732e-05
2807	4.608076105339975e-05
8322	7.584844365466481e-05
11917	3.130002021159541e-05
4545	3.130002021159541e-05
9841	4.0496640502308146e-05
8574	5.4758621268578554e-05
11918	3.130002021159541e-05
5233	8.975596413037472e-05
9012	0.0005692812574849502
5028	3.1311774123279224e-05
11919	3.130002021159541e-05
10035	3.130002021159541e-05
9666	3.1472804144788856e-05
2999	4.974408998930308e-05
6636	7.79647353985935e-05
6898	6.082945999449175e-05
1116	6.606911251480783e-05
6386	4.153171083817292e-05
292	0.00014554121863892194
5033	7.480493779694848e-05
3892	3.130002021159541e-05
4223	9.4440571568044e-05
11920	4.176600408190703e-05
2845	8.552913950206757e-05
8678	3.130002021159541e-05
2940	3.130002021159541e-05
11921	3.130295928058763e-05
10346	3.130002021159541e-05
3623	3.271776769645101e-05
6451	4.908402486794121e-05
8964	4.763857951922294e-05
3649	3.130002021159541e-05
11922	4.3681067145347975e-05
1632	4.548202479332887e-05
2382	4.38250758898199e-05
9522	9.815821458085958e-05
4043	7.730538275560068e-05
964	5.320783929698966e-05
11923	3.130002021159541e-05
5251	3.130002021159541e-05
5252	6.437856276364065e-05
860	3.7458947611413145e-05
6090	3.130002021159541e-05
5067	3.130002021159541e-05
3228	8.612215400225118e-05
10291	5.431050635226882e-05
5634	3.683231054450991e-05
9563	4.438922637346911e-05
7430	0.00010552201614427454
6300	4.5437585786689194e-05
9010	0.00020977373229199322
11924	3.130002021159541e-05
4908	3.965839296305559e-05
980	6.753993603143895e-05
676	7.047243443763394e-05
3071	9.365998627347744e-05
7162	6.381464705008378e-05
11925	9.193169127132847e-05
11926	3.130002021159541e-05
11927	4.258114007371212e-05
4283	6.307849072057981e-05
4148	3.130002021159541e-05
4021	3.7401059301187255e-05
1090	0.00010184018571964202
5770	5.5143102045869215e-05
182	3.9886283487287915e-05
1931	6.483573143608904e-05
11928	4.0483977830645554e-05
1282	3.130002021159541e-05
295	4.259026162550717e-05
79	4.206059848347065e-05
2169	4.456095369105769e-05
7054	5.3216657686531605e-05
901	9.058671858437015e-05
9806	0.00011804180630245535
9360	4.616683592433578e-05
5674	3.216953934616131e-05
8594	3.13029588865049e-05
11929	3.130002021159541e-05
1943	3.7085494611697704e-05
408	4.646878132990441e-05
584	8.973771530720748e-05
5635	6.6581552382716e-05
11930	3.130548355615885e-05
11931	4.07955434115195e-05
11932	3.130002021159541e-05
11933	3.1302958098656394e-05
2889	4.295543262590866e-05
11934	7.320198293821848e-05
11935	3.130002021159541e-05
11936	5.682320684523054e-05
9898	4.972200552228338e-05
6780	7.133819190839034e-05
1796	3.130002021159541e-05
2365	3.516770758097152e-05
9853	3.791879514810327e-05
3081	6.928855323523343e-05
11937	3.87537530777006e-05
11938	6.935603909900286e-05
1770	9.529710215773685e-05
3231	8.04573287582232e-05
1947	3.7954494676188476e-05
8632	6.791728862160705e-05
11939	3.130002021159541e-05
9592	3.9653123107357324e-05
11940	3.130002021159541e-05
515	3.81024280361201e-05
7084	3.130002021159541e-05
9998	4.909927334122692e-05
11941	4.500302863173938e-05
6434	3.130002021159541e-05
2465	4.856552833334806e-05
9609	3.740936705588897e-05
3975	7.480335477011939e-05
6906	3.130002021159541e-05
11942	5.584252196973849e-05
5004	3.130002021159541e-05
3416	5.489387979369606e-05
6793	5.321665768653161e-05
6792	8.69901393946511e-05
258	5.220931730301622e-05
2411	8.074215679893874e-05
2412	8.145400103817e-05
5914	4.2291178619986266e-05
9163	5.01320755924405e-05
1368	3.130002021159541e-05
11943	3.130002021159541e-05
4460	3.130002021159541e-05
9118	7.14712071510265e-05
6978	3.1596902519772194e-05
1881	3.892540631070322e-05
4838	3.130002021159541e-05
7537	3.130002021159541e-05
5755	0.00010126399466406255
349	6.986511884679074e-05
5239	3.9907686282177526e-05
3588	3.130002021159541e-05
11944	3.68066567174236e-05
11945	9.880249722615472e-05
8106	3.130002021159541e-05
2764	9.057170500211917e-05
7064	3.130002021159541e-05
6032	5.1832838012023436e-05
10450	3.130002021159541e-05
11946	3.196636918052819e-05
8231	5.632121024064928e-05
764	8.70683775639326e-05
748	4.025754826339893e-05
10310	3.877436252490449e-05
1336	3.272900392438453e-05
10147	3.130002021159541e-05
11947	5.322958789697223e-05
8121	9.734169488636389e-05
1136	3.1304414671722724e-05
11948	3.130002021159541e-05
11949	5.224783218560439e-05
338	9.200706935976583e-05
4998	4.6166715022939455e-05
11950	5.439946034390912e-05
10429	5.8255661299094474e-05
11951	4.6233444639891505e-05
1188	3.130002021159541e-05
2671	6.17907075570662e-05
11952	6.748772172127324e-05
11953	5.680906157768145e-05
914	4.880671558441663e-05
2804	3.130002021159541e-05
1211	5.0348882361449923e-05
9688	3.130002021159541e-05
9041	3.896829736618666e-05
3524	3.1871216458851596e-05
11954	8.425522778590482e-05
4938	3.130002021159541e-05
3186	4.1719111083227345e-05
837	0.00012137859553359588
3737	3.130002021159541e-05
11955	3.130002021159541e-05
2321	6.675525657898925e-05
1757	4.50189293938962e-05
11956	6.266794835226824e-05
11957	5.207374876864985e-05
11958	4.190424901925911e-05
1518	5.628351343526647e-05
3212	6.026640060873143e-05
2920	4.325299182460607e-05
4840	3.13372458981372e-05
11959	4.392802151098473e-05
11960	0.00011294276934771937
876	3.130883076407769e-05
10474	6.63863714488205e-05
8272	4.466170578770112e-05
2675	8.665856573552048e-05
11961	8.333570354031875e-05
11962	3.130002021159541e-05
11963	3.710740076215264e-05
9719	3.130876006437021e-05
8827	5.2643936927205745e-05
9588	3.130002021159541e-05
263	3.130002021159541e-05
11964	3.130295928058763e-05
5628	3.130002021159541e-05
11965	3.130002021159541e-05
9755	3.9770672853256564e-05
11966	3.130002021159541e-05
4789	3.130002021159541e-05
4398	5.29405949092106e-05
4210	9.047649985471709e-05
7846	3.130002021159541e-05
7481	4.8943967871248624e-05
3824	3.130294985168029e-05
11967	6.15823859494198e-05
413	4.204228504778444e-05
3089	5.820819549471103e-05
7093	3.130465498200629e-05
449	0.00012106564361986585
10077	4.067373050257817e-05
11968	6.249676380484502e-05
9667	3.130002021159541e-05
2767	4.44482535530023e-05
11969	3.7056745620803766e-05
6900	0.00011982761124308537
11970	6.242295109634507e-05
3427	3.130002021159541e-05
11971	7.62497240860935e-05
9701	0.00015028660435441408
11972	3.130002021159541e-05
8676	3.130002021159541e-05
11973	7.715937814110481e-05
11974	7.086959216410829e-05
3321	0.00021194121613330388
116	5.442535628505703e-05
9622	0.00017908013826685085
4430	3.7232126692938115e-05
11975	3.130622534158521e-05
323	4.101369694865129e-05
9966	6.599937382219796e-05
8284	5.8782312908132816e-05
1644	5.248845818856408e-05
2348	3.1423485340525846e-05
7694	3.130002021159541e-05
8159	8.32580011547567e-05
4842	0.00010878000027968957
2629	3.629505768770058e-05
11976	6.31400240987944e-05
11977	3.928615866941591e-05
5639	4.2106978138111895e-05
5172	5.266724700816657e-05
6507	7.147979110607904e-05
596	3.130002021159541e-05
2959	5.6094918504164595e-05
5479	4.656293909289336e-05
3259	6.448669245058172e-05
7719	3.130002021159541e-05
8771	4.920334680090518e-05
11978	3.13029588865049e-05
10295	4.9198606350345156e-05
10061	7.994124088843714e-05
7150	7.6450726526615e-05
4744	3.130002021159541e-05
11979	9.194508004362357e-05
5133	3.130002021159541e-05
11980	3.130002021159541e-05
99	4.3083537888504164e-05
2097	3.130002021159541e-05
7627	3.130002021159541e-05
6345	3.130002021159541e-05
11981	3.603633099666223e-05
11982	9.483424342690027e-05
7956	4.0303569463407104e-05
9498	6.659620096790804e-05
6939	0.0001655015162773961
955	3.9599794164946565e-05
7560	0.00010224279024882208
4657	9.778259680276244e-05
5012	4.391923290865635e-05
11983	3.1308224869315835e-05
4125	4.7606861175405866e-05
11984	5.231948568519891e-05
4919	0.00011372084918659015
8951	5.936747221873201e-05
9322	3.132876371374319e-05
4315	3.130002021159541e-05
11985	4.5967041529701745e-05
5521	6.9619057915579e-05
246	3.130002021159541e-05
11986	3.130002021159541e-05
4825	3.9930246404174725e-05
7139	3.130002021159541e-05
11987	7.236352551904495e-05
7086	3.130002021159541e-05
5619	5.0956305860956216e-05
8749	3.130002021159541e-05
8052	4.967729316856224e-05
4579	3.4430968422300584e-05
2792	4.304991939538395e-05
5306	0.00011359609940796587
5373	5.1191554877584735e-05
4898	4.450444677554522e-05
4185	7.514932345389254e-05
7980	4.2523085985083724e-05
2323	3.514774167252723e-05
8659	3.130002021159541e-05
11988	4.3157845544571514e-05
11989	3.130295928058763e-05
11990	3.130002021159541e-05
11991	3.606536058199791e-05
5837	5.5178467307724464e-05
4766	8.473458308774652e-05
11992	3.130002021159541e-05
8804	7.658986262880727e-05
6561	0.000127951333584404
6077	7.462171328192628e-05
9738	4.82778385086008e-05
11993	7.899493884889543e-05
11994	3.130002021159541e-05
3075	7.59708580071355e-05
10011	3.582895116211563e-05
11995	3.130002021159541e-05
9638	5.658478844223094e-05
13	6.33213515571824e-05
4084	6.238552578055281e-05
9271	3.130002021159541e-05
5601	4.69674886968721e-05
8182	3.130002021159541e-05
6299	3.788471964031415e-05
4848	5.8388811986318065e-05
8297	4.2669525413132186e-05
11996	3.9246504081975024e-05
3880	3.747095543326121e-05
2076	3.1302955344510226e-05
9339	4.315843314754715e-05
11997	4.3154906081390866e-05
11998	3.1305072435772223e-05
4181	4.774631670733951e-05
6675	6.749440288240799e-05
6984	5.321665768653161e-05
11999	8.341406838247252e-05
9235	4.132500797733783e-05
1903	3.130002021159541e-05
4402	4.4976440395275956e-05
6622	3.1311772548849456e-05
1238	4.302209202594937e-05
162	3.130002021159541e-05
831	4.61331639097091e-05
2128	4.147428385353702e-05
12000	3.130002021159541e-05
3226	4.273871777880197e-05
5457	4.232063042722085e-05
7253	3.765732311837115e-05
3562	3.130002021159541e-05
379	6.857202381092787e-05
10287	7.141242258758712e-05
5312	3.130002021159541e-05
12001	3.930326413854983e-05
2204	4.38840665457879e-05
12002	9.86627250122376e-05
2046	3.130002021159541e-05
9570	7.544033875408832e-05
12003	6.74801398601713e-05
10049	4.5827539095850805e-05
12004	0.00012515106392076597
4372	3.130002021159541e-05
4502	3.130002021159541e-05
12005	3.130002021159541e-05
5507	4.4170684353107304e-05
12006	6.320805254481359e-05
9066	3.985537293824258e-05
10469	0.00010000686614529273
1081	8.83196650436676e-05
12007	4.0797229784067766e-05
3303	0.00015906769915830516
7509	4.168265668190483e-05
3412	3.34820836562162e-05
537	3.176555628090528e-05
5616	3.458002042829232e-05
10202	5.754299371658189e-05
3180	7.51394735001394e-05
12008	3.130002021159541e-05
6572	3.130002021159541e-05
2371	6.172229536983971e-05
2954	5.6681592686453906e-05
4959	3.130002021159541e-05
12009	6.406968946909099e-05
12010	6.981104139314304e-05
12011	4.281318002633387e-05
8423	3.2989016701469904e-05
7260	6.44808845176856e-05
12012	3.1309423971305764e-05
627	4.080130454534579e-05
12013	4.9311927183224406e-05
1431	3.130002021159541e-05
7615	3.130002021159541e-05
2119	5.3213718223350965e-05
7485	4.772929018581866e-05
1152	6.99668316237706e-05
12014	3.130002021159541e-05
3990	6.45132142078779e-05
7658	0.00013307033748064857
1734	6.782798534523855e-05
8146	6.89756384404377e-05
5610	3.394903540122028e-05
4662	9.228936454167073e-05
12015	3.130393739434339e-05
9489	0.00014694049209805675
3164	3.130002021159541e-05
9336	7.366853650701781e-05
4467	4.148230015179909e-05
7071	4.6299594939548525e-05
725	6.833335911371133e-05
9843	7.936753438058793e-05
9198	4.957953919519662e-05
5301	3.130002021159541e-05
4543	3.130002021159541e-05
5970	3.904239980901643e-05
12016	3.880495472022981e-05
12017	5.052262197911969e-05
10500	6.563170159842546e-05
6817	5.6899112804754604e-05
1185	0.0002113924667545011
644	0.00010355467023403684
12018	3.130295928058763e-05
6214	3.130002021159541e-05
12019	3.9610508859434694e-05
22	0.0001927707116543882
5916	3.130002021159541e-05
5532	4.0958381939260976e-05
12020	3.130002021159541e-05
634	4.226715733860546e-05
2332	0.000376962121324954
5623	6.909646675991763e-05
6317	3.865721123593064e-05
7652	7.856917797728355e-05
4137	6.329114402027126e-05
3908	3.7845175697814344e-05
9458	3.2261734306113997e-05
9125	3.318438987863307e-05
12021	3.130002021159541e-05
12022	3.130002021159541e-05
9637	3.777593142949186e-05
9577	3.130809580599593e-05
12023	3.132729704171498e-05
10454	4.082724123480054e-05
8479	4.010467539105091e-05
4010	4.444788814305493e-05
5809	3.130002021159541e-05
6816	4.2306134050835574e-05
2492	3.130002021159541e-05
886	8.225036644298372e-05
2956	6.707600127120851e-05
8645	3.167362362071257e-05
7507	3.130002021159541e-05
9399	4.088202273838762e-05
12024	3.130002021159541e-05
3372	0.00012175948042751386
4423	3.130002021159541e-05
8954	3.130002021159541e-05
8781	6.537733377483216e-05
10248	3.130002021159541e-05
6360	4.915210044180075e-05
10241	6.597776922512154e-05
2096	0.000192802590298731
12025	3.130002021159541e-05
6031	0.00013759926385580992
9483	3.795237606799397e-05
4708	3.149557098987384e-05
2028	6.907692599910061e-05
6103	3.7989379474579836e-05
12026	3.130002021159541e-05
3787	3.130002021159541e-05
12027	3.130295967477607e-05
7188	3.130002021159541e-05
9663	3.130002021159541e-05
1653	7.533165988967634e-05
9909	6.262017285250623e-05
7181	4.585177543014541e-05
9764	8.972177152735553e-05
2877	3.130002021159541e-05
12028	7.45777288824269e-05
12029	4.214233820668201e-05
2216	3.132091723673186e-05
10380	4.7531825559101606e-05
5684	6.957376041652432e-05
8315	0.00011009869813412648
2561	3.130002021159541e-05
712	3.130002021159541e-05
12030	3.376754647108635e-05
12031	3.130002021159541e-05
4287	4.0799859952243164e-05
3478	7.719839265140721e-05
3261	3.2682413199084164e-05
12032	3.1308682557027567e-05
9568	3.4978474241802854e-05
12033	0.0001276367392777448
4160	3.130002021159541e-05
2516	3.7366579817811725e-05
9006	7.339180507201353e-05
1124	8.016928140605639e-05
7859	0.00010161658208444893
4195	3.130002021159541e-05
1147	4.475026800208038e-05
5290	4.739198416849735e-05
2122	0.00015181145667432549
12034	4.048699990673612e-05
2053	4.146640874741387e-05
979	5.7549294261214503e-05
7814	3.130002021159541e-05
8151	3.2788531435985454e-05
7868	5.0946117067645206e-05
6016	0.00011626994389049011
9709	4.436729547059602e-05
7145	3.539847129645958e-05
12035	4.907816317133933e-05
2155	6.631238305169064e-05
12036	4.5047737623452055e-05
9475	3.7677179030113487e-05
8905	0.00018248225974442164
12037	3.1309923632599285e-05
12038	0.00011322587825612475
4361	5.891224383644693e-05
12039	3.130295967477607e-05
7746	0.0001184586698522522
9693	0.00035367729018437734
4690	3.130002021159541e-05
6438	3.498820390218079e-05
3027	3.2566492883231285e-05
12040	5.5124504272907065e-05
4810	7.15179507768535e-05
9491	3.130002021159541e-05
8918	6.942131542365054e-05
570	3.547822929876613e-05
5963	3.714250832864205e-05
12041	3.4436020646477394e-05
12042	5.321665768653161e-05
3472	4.997040903665379e-05
3022	3.130002021159541e-05
5786	4.061476407409146e-05
12043	3.310085443072175e-05
7173	3.1305764697500626e-05
8546	3.235524210555835e-05
9703	5.83695353099182e-05
12044	6.22506799888792e-05
4758	6.165824260266503e-05
1228	6.355362894621617e-05
1991	9.330155502421662e-05
12045	0.00012576344373476132
12046	5.2714654847566964e-05
8535	3.158626324434053e-05
225	3.130002021159541e-05
1051	5.867386835210837e-05
5624	3.130002021159541e-05
3293	3.130002021159541e-05
3174	6.948745914262189e-05
4462	3.130002021159541e-05
10413	7.022877623187097e-05
5307	8.50533848122819e-05
4277	3.1308781931454657e-05
12047	7.455599258528672e-05
1707	6.0919743880729676e-05
10004	9.100330365865896e-05
2504	4.8337160092831375e-05
3899	3.1779489365718706e-05
12048	3.130002021159541e-05
3864	5.106858562411437e-05
8335	4.04159495943065e-05
8861	3.130002021159541e-05
2215	4.604240605716005e-05
9542	0.00010929495998788564
10009	5.8996725752967627e-05
2010	0.00010503188179249507
9838	3.131757396857485e-05
5974	7.539404767446394e-05
6487	3.130002021159541e-05
5336	4.0964200682422106e-05
1247	3.516746091939356e-05
12049	3.130002021159541e-05
12050	3.130002021159541e-05
409	3.130002021159541e-05
7913	4.710608369471074e-05
12051	3.130002021159541e-05
12052	6.29851945834291e-05
8820	6.689788142806024e-05
12053	3.130002021159541e-05
3162	3.130002021159541e-05
12054	0.00024299422149045733
12055	5.0588168457719824e-05
4255	5.1153096454708834e-05
8101	4.770445304203348e-05
9410	3.130002021159541e-05
12056	3.1307811236935026e-05
4049	3.9550280749493504e-05
7111	7.058959653969614e-05
5321	0.00014349394040523875
2780	4.157221004046062e-05
12057	3.130002021159541e-05
9862	5.450042002953011e-05
4568	0.0002925458176088078
12058	3.130002021159541e-05
1120	4.4262189198925235e-05
12059	3.130002021159541e-05
7536	3.1396924740482535e-05
4712	3.130002021159541e-05
2198	3.130002021159541e-05
6887	5.269598284870256e-05
3905	0.00011208774747125492
12060	4.426996679798755e-05
6286	0.0001348650590445359
3960	3.150282016979089e-05
6569	6.369145396163266e-05
1130	3.130002021159541e-05
7782	5.6753159375718e-05
12061	7.103224342655041e-05
12062	4.0887311890725645e-05
1996	3.678211628640945e-05
9245	4.4758372054291456e-05
8425	4.756640535090178e-05
359	3.929880177164291e-05
12063	8.483420617924958e-05
4235	0.00016151437617320408
4228	5.2946642425576804e-05
5557	6.463189165308417e-05
12064	5.010643600401849e-05
10316	4.28713442092949e-05
12065	3.130002021159541e-05
9581	4.007515738092164e-05
5922	8.175946389077433e-05
5116	3.130002021159541e-05
9561	3.949527633267334e-05
4266	5.974559901743269e-05
3571	3.130002021159541e-05
12066	5.320196234157054e-05
4276	5.5672440528253516e-05
10355	4.47003631824115e-05
4736	3.130589756141438e-05
2586	5.3569594981618364e-05
12067	3.170070378836938e-05
12068	3.1305899137956715e-05
4922	4.821294940454045e-05
1767	9.781774412525679e-05
3704	9.180048746578902e-05
12069	3.130002021159541e-05
12070	7.973563594573292e-05
9694	3.130002021159541e-05
1093	0.00011447440419034787
5215	3.130002021159541e-05
5437	4.288475920861525e-05
2506	0.0001536235654202663
8930	3.130002021159541e-05
9315	3.848515053326963e-05
12071	3.130883955022303e-05
12072	3.711898721353172e-05
2640	3.130002021159541e-05
10498	7.369885663809721e-05
581	5.45446071689851e-05
2917	6.340170427474699e-05
2909	3.189019286602395e-05
5399	3.130002021159541e-05
8185	3.736787506640283e-05
12073	3.130002021159541e-05
12074	0.00011978932232814866
10181	3.130002021159541e-05
3007	4.540018129947625e-05
12075	3.130002021159541e-05
479	4.54227472558113e-05
9304	9.951654732947744e-05
8048	8.26304845213748e-05
3234	4.3261761240454805e-05
8149	4.173730323974035e-05
4591	7.502731656573077e-05
5434	6.718643444950415e-05
7429	3.130002021159541e-05
12076	3.130002021159541e-05
12077	4.374497866461776e-05
6766	5.020673061813335e-05
959	3.130002021159541e-05
8008	4.306480040914512e-05
511	3.130002021159541e-05
12078	4.1090771955938566e-05
12079	6.508816965212206e-05
12080	5.4097837859302955e-05
284	3.817722281505708e-05
687	6.648438408767156e-05
9605	3.130002021159541e-05
7977	3.130002021159541e-05
4707	4.388878308090123e-05
440	0.00013845323221640718
7753	4.176028569852998e-05
10120	3.130002021159541e-05
5579	3.130002021159541e-05
9917	3.7042542059933535e-05
7423	4.492948245101161e-05
12081	3.130002021159541e-05
2461	3.130002021159541e-05
3066	4.1499978177429644e-05
12082	3.130002021159541e-05
1306	3.130002021159541e-05
12083	4.3742640243695966e-05
12084	0.00010898860453969881
10076	4.709945856655178e-05
8357	5.486103393623887e-05
688	4.2878603486301884e-05
2840	4.842056956703004e-05
899	4.190391999443962e-05
12085	4.00862323931277e-05
9555	7.301646424273976e-05
7294	4.186246408544241e-05
3921	3.130002021159541e-05
6412	5.007109529613846e-05
3225	3.130002021159541e-05
4572	4.2341591738616894e-05
5597	5.914681225639109e-05
3170	8.006265079125112e-05
12086	7.082288946722254e-05
12087	3.130002021159541e-05
5196	5.259377525679009e-05
8308	6.556441891237319e-05
9629	4.562634586182652e-05
9892	3.130002021159541e-05
1933	3.980053786973201e-05
12088	3.130589677388275e-05
3128	4.108789367776459e-05
9279	0.0005549331185909847
8194	3.9588171617511985e-05
3842	3.130002021159541e-05
6618	3.960281111301149e-05
7998	3.826638278452064e-05
7388	4.1304513410747485e-05
1189	3.130002021159541e-05
3851	4.739900481458783e-05
10376	0.0001171521110798952
12089	3.130002021159541e-05
5653	6.74213098629734e-05
10372	4.192924025091119e-05
12090	3.130002021159541e-05
10365	4.09826452698974e-05
7327	3.130002021159541e-05
8328	3.131616993106381e-05
12091	5.473522591753986e-05
2117	3.130002021159541e-05
2782	3.130002021159541e-05
12092	3.130002021159541e-05
8099	6.0689484815799446e-05
10242	3.365395694697373e-05
4328	3.531356938098229e-05
1352	3.1526582780997935e-05
2498	4.814881987442386e-05
3987	7.732455061698515e-05
7286	3.130293737351142e-05
4935	4.827755128855609e-05
1565	3.130002021159541e-05
12093	3.130002021159541e-05
9007	3.130002021159541e-05
3981	3.130002021159541e-05
4824	9.005284879281465e-05
5872	3.646946975438877e-05
6894	3.130002021159541e-05
12094	3.4430968422300584e-05
9019	3.131898176404944e-05
12095	5.681461808431459e-05
4616	3.131177254758222e-05
3111	9.735853874747718e-05
954	5.2341892359283694e-05
19	8.806042809084822e-05
419	4.4742199189787006e-05
5862	4.2349314256101824e-05
3840	3.8685770820349606e-05
372	0.00015483557360210305
12096	3.130002021159541e-05
2343	3.8074561128132175e-05
12097	4.375854425914002e-05
5882	4.4062873065961946e-05
269	3.130002021159541e-05
12098	3.130295928058763e-05
10005	3.590470062301504e-05
4649	5.102168377752611e-05
4309	3.980053786973201e-05
498	3.130002021159541e-05
5300	0.00010101639414033118
12099	3.787501145407627e-05
5158	3.1324492061920995e-05
4546	4.134986594529044e-05
7795	4.015693931149082e-05
2214	3.980053786973201e-05
1749	3.181867297956092e-05
2188	3.130923356672076e-05
12100	3.130707979015785e-05
12101	0.00014581319347786958
2751	3.130002021159541e-05
8198	4.192691397974897e-05
2206	3.8177859825099605e-05
3879	0.00015029669066789095
12102	3.492474884200318e-05
12103	4.84185432197297e-05
2222	5.3398373558316095e-05
8848	3.130002021159541e-05
7674	7.26987139027073e-05
686	4.538460562408991e-05
9086	5.1839148641808236e-05
5571	0.00012262712934045254
12104	3.944593664334695e-05
12105	3.130002021159541e-05
1685	3.130002021159541e-05
7582	3.130002021159541e-05
559	6.989525850211255e-05
1776	3.1305899137956715e-05
7372	5.749969511568168e-05
8440	3.130002021159541e-05
12106	3.130002021159541e-05
10200	4.7966565511603773e-05
5218	3.130002021159541e-05
9518	3.130002021159541e-05
12107	3.8605566036574146e-05
12108	4.253095222281931e-05
12109	3.1311757629749585e-05
3963	3.130002021159541e-05
6252	4.232410476581979e-05
12110	3.130002021159541e-05
8077	0.0005773843750097955
12111	3.130441937608255e-05
12112	3.130589598571738e-05
6221	6.0564962704185736e-05
5850	4.288021872135288e-05
7380	3.130002021159541e-05
9260	5.2812431131737267e-05
893	4.5276094703403314e-05
12113	3.130002021159541e-05
9154	3.130002021159541e-05
12114	4.182509030190948e-05
3328	3.130002021159541e-05
10197	5.3261544825881313e-05
2255	3.134150142657639e-05
7342	0.00011605677292627977
12115	7.343775151961295e-05
3413	4.1681650650152804e-05
7872	3.130002021159541e-05
10401	4.274364530921589e-05
4225	3.130002021159541e-05
12116	0.00014299023775122622
12117	4.50490486044563e-05
4985	4.0270248901971874e-05
1875	6.633107628643603e-05
12118	3.130002021159541e-05
6982	3.130002021159541e-05
5287	7.2723433078226e-05
10156	4.451008291836803e-05
8232	3.130002021159541e-05
12119	3.704543294669534e-05
3060	3.130002021159541e-05
5345	3.130295967477607e-05
6936	3.5567315617973116e-05
12120	9.270168442869687e-05
1478	6.540293560443715e-05
12121	3.131293894512766e-05
2905	3.130002021159541e-05
7416	4.493920108157239e-05
220	3.130002021159541e-05
12122	5.321665768653161e-05
10353	3.130002021159541e-05
1395	6.512401236810155e-05
6959	0.00012494892538190334
1673	3.5162640360170854e-05
2727	3.9540446893124344e-05
10159	4.414120597444626e-05
429	0.00010693341007141584
6583	4.4516289173004016e-05
9500	3.130002021159541e-05
12123	4.018344820693408e-05
9670	5.546654016144486e-05
9030	3.130002021159541e-05
12124	3.2852118281135486e-05
373	3.8215264710842424e-05
9386	3.130002021159541e-05
1605	3.130002021159541e-05
4113	3.7873514706036284e-05
8517	7.579666392104015e-05
2392	6.506345279349195e-05
12125	3.130463905129575e-05
9584	0.00013862325704646234
12126	5.117817102997682e-05
6463	4.0855943496795293e-05
5722	0.0006589008268186322
2509	3.130002021159541e-05
7695	4.506201131405635e-05
2766	3.141542776907313e-05
2866	4.0349076654394e-05
1994	8.947089463288131e-05
5262	3.924463801410279e-05
5048	5.39902542765258e-05
12127	0.00011932317075881384
1793	5.251345808288346e-05
12128	3.130002021159541e-05
3507	4.381082985300249e-05
12129	7.615557287676253e-05
6038	7.431859341747865e-05
608	4.506921488867511e-05
8122	3.130002021159541e-05
3269	3.944024360114546e-05
2564	6.137884305191138e-05
7100	6.631124201921464e-05
2176	4.771214900924939e-05
6491	3.6964127253270876e-05
1198	5.5242652745736935e-05
2172	8.40322790496679e-05
12130	3.130002021159541e-05
7123	4.061937842585465e-05
329	3.273421567748529e-05
477	4.296955397972134e-05
12131	7.911796943223187e-05
12132	3.130002021159541e-05
891	4.0819773944548555e-05
2995	3.130002021159541e-05
3554	3.130002021159541e-05
9695	3.1304366511064984e-05
2500	5.946115453771937e-05
2386	6.550224336498547e-05
12133	3.145902131813102e-05
12134	5.4097837859302955e-05
4536	0.00011824855348170537
10438	3.130002021159541e-05
5659	3.130002021159541e-05
1015	4.793620414875679e-05
7203	3.130002021159541e-05
2665	3.13039389702517e-05
8978	3.130002021159541e-05
7574	5.0431173649228655e-05
7985	0.00013368366553076713
12135	4.928838378266634e-05
2696	7.923396625902324e-05
4655	7.110923680132705e-05
4830	4.787988614563038e-05
591	9.500643756711044e-05
5314	0.0001798126780645768
8509	3.1314706255753484e-05
12136	3.733368359541734e-05
6044	4.14452223694766e-05
527	0.00015384837283854644
3168	4.4923472547846085e-05
2537	9.68511592191049e-05
10305	4.390314076407095e-05
12137	3.426652759809831e-05
5462	3.240025324480657e-05
12138	3.130002021159541e-05
7598	3.130002021159541e-05
8744	3.130002021159541e-05
7644	9.320504067523801e-05
546	9.635849674821009e-05
4722	6.801708567614363e-05
7115	3.130002021159541e-05
5193	6.391650115220075e-05
8352	3.130002021159541e-05
8944	9.486864700929538e-05
12139	4.486737163801655e-05
10189	0.00015226037405103324
1829	3.14713458456218e-05
1385	0.00024965630789824966
1203	5.7606666838467444e-05
1271	9.652963184200313e-05
5709	0.0001069337995589619
4434	6.900683622442554e-05
3288	3.782034358365315e-05
8487	3.1919965935256955e-05
3555	0.0004985752547016526
9875	8.227051432687876e-05
4774	7.172193491109263e-05
6562	6.924498532741715e-05
2950	0.00019527465195244846
8742	3.130002021159541e-05
12140	3.130002021159541e-05
12141	5.051595061453868e-05
9100	6.457741624391858e-05
5013	4.062600338362054e-05
4524	3.130002021159541e-05
12142	4.20808854677303e-05
1213	7.766201621372786e-05
4596	6.380390463004307e-05
5761	3.9656816527096006e-05
12143	8.504939562913456e-05
12144	3.13029588865049e-05
3693	4.012672740699931e-05
5291	5.155067439529836e-05
12145	3.130587606214633e-05
12146	3.130002021159541e-05
5884	0.00012794412452268907
9400	3.8757364592472785e-05
12147	3.130002021159541e-05
4644	3.130002021159541e-05
12148	3.130295928058763e-05
3177	5.488291042812921e-05
3387	7.147018060806016e-05
12149	9.214051397138688e-05
250	8.248709972599858e-05
2528	4.5225628365900994e-05
6188	0.0002491089851145233
9213	4.060620981669937e-05
10436	5.073687936206213e-05
9488	3.859269830299653e-05
8739	3.1316655317648565e-05
2736	4.033726496395551e-05
3916	8.239776156320551e-05
4192	5.451112751942206e-05
8925	3.130002021159541e-05
9910	3.131119240587901e-05
8601	3.546121502921365e-05
3479	4.066652663857984e-05
12150	0.0001470451822573553
10002	3.130002021159541e-05
512	3.206629431377963e-05
2915	3.130002021159541e-05
6555	7.400921072967738e-05
3947	8.635133285478624e-05
3779	4.2986784971261845e-05
3759	3.130002021159541e-05
247	0.00013472108780126344
1566	5.7633574232235216e-05
118	3.130002021159541e-05
7431	9.174747551321801e-05
4892	3.130002021159541e-05
8940	6.508458716535189e-05
4880	3.130002021159541e-05
2197	3.130002021159541e-05
4389	3.130002021159541e-05
7988	6.786061502096682e-05
823	4.2139425685365576e-05
5322	4.8998210987826474e-05
5525	0.00010661134178465873
361	3.130002021159541e-05
3034	5.1163120652228806e-05
9437	5.438191681318075e-05
12151	5.733985953183487e-05
3570	3.130002021159541e-05
5182	4.725887135829375e-05
1377	6.385547499330394e-05
8020	3.131471752749867e-05
5396	3.130002021159541e-05
357	4.504953328086472e-05
9832	3.130002021159541e-05
6127	0.00012736046761017546
2209	6.655996287469854e-05
9951	3.130002021159541e-05
10327	3.130002021159541e-05
10119	0.0005116353029051766
12152	3.130589834957984e-05
1852	3.131612648535839e-05
6755	5.187602159710392e-05
12153	3.501526013954587e-05
5001	6.0545717065081944e-05
9656	3.130589834957984e-05
12154	7.011829698332523e-05
693	7.57327311349788e-05
4124	3.130002021159541e-05
10477	5.9968811789093614e-05
7125	3.130002021159541e-05
8046	5.535301036423372e-05
3023	3.825968638480088e-05
4067	3.130002021159541e-05
12155	6.747045649343691e-05
12156	7.858731546825731e-05
3913	3.131424268182437e-05
3931	3.130002021159541e-05
117	5.1907907309970485e-05
1489	4.090663294599548e-05
7776	4.300582444203878e-05
8958	3.130002021159541e-05
3579	5.321665768653161e-05
12157	4.638815641038629e-05
7757	8.798163270847613e-05
1985	3.130002021159541e-05
12158	3.403959989596244e-05
5476	3.130002021159541e-05
4127	6.268265036106153e-05
9454	8.486694965189416e-05
9723	0.00012479162222801552
1430	3.130002021159541e-05
12159	3.130002021159541e-05
5734	9.704993263640402e-05
12160	5.4377826596034036e-05
4748	3.7259232731034494e-05
3163	0.00010531567215954341
10201	4.4248023505584266e-05
8291	3.130002021159541e-05
5377	4.7069728991384584e-05
12161	3.130002021159541e-05
1077	5.633304344875496e-05
7405	9.078709070247358e-05
5506	0.00013397528673199152
1666	4.6081452831165084e-05
7215	3.130002021159541e-05
12162	3.6467037069958406e-05
9748	3.130002021159541e-05
9077	4.261107084212606e-05
6475	3.863376024594063e-05
7047	6.602167620754006e-05
10411	3.130002021159541e-05
622	6.268193023485191e-05
1403	7.340791063258507e-05
8817	4.545226413798995e-05
5113	4.577573665898599e-05
12163	3.130002021159541e-05
6970	0.00010354445100038876
12164	3.130002021159541e-05
7754	3.8434143481358717e-05
12165	3.1311716674387064e-05
5165	4.548034446103245e-05
9732	6.202428323324613e-05
70	4.8455940850644866e-05
7447	6.755767584053758e-05
12166	5.919154820566066e-05
2844	5.927375319474331e-05
12167	3.130002021159541e-05
3500	4.161635053597022e-05
8971	5.567793141325974e-05
8919	4.4273318233223364e-05
5059	3.130589441350244e-05
12168	4.182247273125553e-05
4815	7.098028616128339e-05
5694	3.130002021159541e-05
12169	3.3640523577647495e-05
12170	3.130002021159541e-05
6368	3.130002021159541e-05
328	5.0003661415325215e-05
3040	6.088614567328914e-05
3299	3.130002021159541e-05
8651	5.526837915084935e-05
9430	3.130002021159541e-05
7735	3.130002021159541e-05
12171	3.130002021159541e-05
12172	3.130002021159541e-05
863	6.247153454656836e-05
5982	3.130002021159541e-05
2831	3.130002021159541e-05
12173	3.130002021159541e-05
12174	3.130002021159541e-05
12175	4.3001060500779696e-05
12176	9.574248380497843e-05
775	9.732047195456958e-05
9469	7.148002682650276e-05
6674	0.00011304622200303952
5414	3.1317349911787e-05
1762	6.836684440129071e-05
8131	6.297161958453555e-05
12177	4.108478716987347e-05
12178	3.8605566036574146e-05
12179	4.461902217676357e-05
8324	3.528600717451311e-05
12180	3.130344774649989e-05
2638	3.130002021159541e-05
12181	3.130002021159541e-05
12182	4.091871077131114e-05
12183	3.130002021159541e-05
12184	3.130002021159541e-05
6195	4.568560667968243e-05
9878	4.899734665697882e-05
3152	3.3833410415997905e-05
5491	3.132734429487532e-05
8300	8.714145566032815e-05
12185	3.130002021159541e-05
3398	3.130002021159541e-05
9175	3.130442822395964e-05
3781	6.571467785902733e-05
12186	3.130002021159541e-05
1342	3.151255884812361e-05
8969	3.1309434422920794e-05
4553	3.367775833109971e-05
12187	3.970519080724497e-05
6747	3.130002021159541e-05
499	5.322496662154034e-05
9753	4.010663839591869e-05
6472	3.130002021159541e-05
8281	3.130002021159541e-05
12188	4.1568672955112594e-05
5938	6.807153927372423e-05
3630	3.130002021159541e-05
6979	6.023867758439478e-05
12189	4.633373219360811e-05
7395	3.130002021159541e-05
9879	4.4106173849000124e-05
12190	3.130002021159541e-05
6404	3.515444091458466e-05
1427	3.130002021159541e-05
12191	6.3298376873214e-05
12192	3.130002021159541e-05
8619	4.23748637817404e-05
8649	4.979636374173412e-05
7090	3.539945248665922e-05
1513	4.09934946656172e-05
6676	5.453210903712318e-05
7320	3.130002021159541e-05
155	3.175799047477956e-05
4806	3.130002021159541e-05
12193	3.9622304733395284e-05
525	3.821189049175771e-05
12194	4.489776898905392e-05
7636	3.6933260254344544e-05
10465	5.262614779242196e-05
8312	6.086488875541229e-05
8126	3.130002021159541e-05
10268	4.4378827312029675e-05
8670	0.00021725460211914247
1745	3.130002021159541e-05
4634	3.130002021159541e-05
1695	5.713106775757319e-05
12195	3.130002021159541e-05
6637	3.130002021159541e-05
7715	4.029386973676665e-05
1970	8.11324239184426e-05
7612	4.0274123738691766e-05
2851	6.534534457234088e-05
5263	9.389460010924422e-05
6943	3.1303689619155504e-05
9312	3.130002021159541e-05
1661	5.3216657686531605e-05
7163	6.77407912513088e-05
6955	3.130002021159541e-05
7965	8.579525079501984e-05
592	8.593584455328802e-05
2776	8.473469096698458e-05
4817	5.49369277141539e-05
324	3.268615656519303e-05
12196	3.8353206532816216e-05
8596	6.622615293336999e-05
12197	5.4693416014032454e-05
12198	3.130002021159541e-05
12199	4.924022282634982e-05
5082	9.411281373461263e-05
12200	3.130002021159541e-05
1361	3.130587949176516e-05
9298	4.716815834456036e-05
4820	3.13029292608192e-05
10377	4.446199521956672e-05
1302	3.130002021159541e-05
9244	3.130002021159541e-05
9243	3.130589795549711e-05
491	8.723754051301788e-05
10512	5.179504737825794e-05
12201	4.5777973503457635e-05
4850	7.72535488663689e-05
8814	3.130002021159541e-05
12202	4.2297341145912326e-05
12203	3.130002021159541e-05
12204	3.130002021159541e-05
8260	7.549629370336284e-05
12205	4.96981474127928e-05
12206	6.697551793545094e-05
12207	3.806593487346952e-05
9904	4.362277891158523e-05
4377	4.4194583360944414e-05
2969	4.253416271694346e-05
9826	5.126565318915207e-05
12208	3.130002021159541e-05
941	3.130002021159541e-05
8960	3.130002021159541e-05
12209	3.130002021159541e-05
2142	5.043708749946043e-05
4220	3.655827344491016e-05
12210	3.130002021159541e-05
9354	4.7447402983706024e-05
8603	6.163304803974201e-05
3224	4.808494358096917e-05
12211	3.130002021159541e-05
12212	3.130002021159541e-05
2575	3.60120083378123e-05
6948	4.740911012967881e-05
3320	4.4607033886842844e-05
5648	3.4388132229324526e-05
3741	5.123344916894058e-05
4498	3.130002021159541e-05
6614	8.864693148421301e-05
10130	3.7544282859452005e-05
7591	3.355885260992973e-05
3632	3.4306415532653066e-05
7256	4.264592687623334e-05
2550	3.130002021159541e-05
12213	3.130002021159541e-05
8410	5.321371822335096e-05
1429	3.130002021159541e-05
12214	3.130002021159541e-05
5327	8.041811070047384e-05
12215	4.13976469782595e-05
2608	3.957917629699742e-05
10206	3.130002021159541e-05
4182	3.130002021159541e-05
2745	3.577485727930805e-05
2688	5.024249677263571e-05
12216	3.130002021159541e-05
12217	3.130002021159541e-05
997	0.0008915301465377889
996	8.29490664460179e-05
12218	5.1702596779774924e-05
7396	9.861542390287374e-05
4730	4.1500821959750906e-05
2405	6.899489664760481e-05
12219	3.790350879942824e-05
2126	6.428975661751111e-05
12220	6.30834568694184e-05
10451	3.130002021159541e-05
849	4.520659018032911e-05
2971	4.655930612737196e-05
12221	3.130002021159541e-05
12222	8.396607314008138e-05
7048	5.199991028697797e-05
3447	3.181521125842117e-05
12223	3.130002021159541e-05
496	3.130002021159541e-05
12224	0.00011715586621927399
405	3.130002021159541e-05
6309	0.00020735977369039875
12225	4.891141722892078e-05
5797	3.130002021159541e-05
1999	5.506665824441202e-05
12226	3.8085328557099725e-05
4539	3.6407304390121085e-05
7322	3.981665193313249e-05
2811	3.8776813281157123e-05
9740	3.130002021159541e-05
3935	3.2467317161623366e-05
2363	3.130002021159541e-05
12227	3.130002021159541e-05
4913	3.1789523531770314e-05
8626	4.192523303374595e-05
3900	4.0085842052539085e-05
3120	3.130002021159541e-05
2304	4.364453957184625e-05
3063	3.130002021159541e-05
9016	0.00011076001103877274
4006	6.884750900761702e-05
3124	3.130002021159541e-05
3260	3.131473066137948e-05
12228	3.719044598791534e-05
4036	0.00010840563709598076
8790	3.130002021159541e-05
154	3.130002021159541e-05
12229	6.0745293221057436e-05
1824	4.8310030999544e-05
12230	3.130002021159541e-05
12231	3.680073424688328e-05
5166	4.040344946456753e-05
12232	3.130002021159541e-05
7267	3.130002021159541e-05
4889	8.079795664296574e-05
12233	3.130002021159541e-05
1145	3.5934830661922146e-05
287	3.130002021159541e-05
4812	8.977012273160732e-05
1957	3.130002021159541e-05
12234	3.731034720914326e-05
12235	7.313591896269419e-05
8465	3.130002021159541e-05
1320	3.130002021159541e-05
2896	3.663998080559386e-05
2809	5.596758625693946e-05
12236	9.008864345080847e-05
8461	3.130002021159541e-05
12237	5.002498930516079e-05
12238	3.130002021159541e-05
3201	3.130002021159541e-05
6567	3.130002021159541e-05
6730	8.137119708500647e-05
9649	3.93820488706822e-05
2396	3.764709270261647e-05
8471	5.761411369099059e-05
3656	3.130002021159541e-05
10212	3.130002021159541e-05
12239	4.200659109246885e-05
8740	6.641608445953547e-05
7112	3.130002021159541e-05
8464	3.130002021159541e-05
5542	3.502620422377731e-05
12240	4.009964865143651e-05
12241	3.130002021159541e-05
5049	3.130002021159541e-05
8483	3.130002021159541e-05
1041	3.307407077734632e-05
8638	3.130002021159541e-05
12242	8.500576080306234e-05
1324	3.700949953523065e-05
7155	4.158809206624869e-05
2773	5.325891169333522e-05
4429	0.00013617321348927377
3730	3.164399270119239e-05
7562	3.130002021159541e-05
12243	3.130002021159541e-05
12244	7.490636104522387e-05
5406	6.254466956208441e-05
10330	3.130002021159541e-05
12245	5.371566525653516e-05
8860	5.287922674659853e-05
8365	5.781712852607899e-05
5390	4.405999749500929e-05
2429	5.6661213328466815e-05
10100	8.370961000584347e-05
7336	3.2427270812070305e-05
3569	3.130002021159541e-05
5649	4.1315195995203594e-05
2125	3.130002021159541e-05
5449	6.677192773935619e-05
12246	3.130002021159541e-05
12247	3.402383941630254e-05
12248	3.130295928058763e-05
9611	0.00011470781930684551
9981	3.130002021159541e-05
12249	3.130002021159541e-05
12250	3.130002021159541e-05
3123	3.1318867826060864e-05
9813	6.160874248982216e-05
4443	3.130002021159541e-05
8017	3.678505496131894e-05
9224	3.130002021159541e-05
3695	3.66792629255264e-05
12251	3.130002021159541e-05
2006	4.78421917591853e-05
7643	7.466463367404577e-05
5527	9.604713765879415e-05
1843	7.790231625986706e-05
8229	9.820583555589143e-05
4005	5.6850688526559944e-05
741	5.139298868742033e-05
12252	4.407217080501324e-05
6918	3.130002021159541e-05
6789	6.797439815149982e-05
12253	7.421854477289512e-05
2455	4.914703538971763e-05
5275	3.130002021159541e-05
10492	3.734313873456235e-05
12254	3.1305510552139085e-05
1338	3.130002021159541e-05
12255	3.130002021159541e-05
6778	4.504078419887538e-05
42	5.904189832891932e-05
12256	3.184084752148812e-05
5823	5.2680488644587714e-05
8896	3.130002021159541e-05
12257	4.72671622082257e-05
1716	5.6205806644849984e-05
12258	3.130002021159541e-05
10095	3.130002021159541e-05
10094	5.321665768653161e-05
12259	3.130002021159541e-05
7037	5.321665768653161e-05
12260	3.130002021159541e-05
1556	4.6163790074079244e-05
6187	3.712607708525726e-05
7476	3.15336218692765e-05
12261	3.130002021159541e-05
12262	3.130002021159541e-05
5888	5.202854325330765e-05
7621	3.130002021159541e-05
12263	3.130002021159541e-05
817	3.99507985396832e-05
7077	3.1305899137956715e-05
12264	3.130002021159541e-05
7370	3.130002021159541e-05
1042	3.130002021159541e-05
6442	4.008894281444385e-05
5280	4.3105823587902996e-05
87	3.130002021159541e-05
12265	4.1998389318113446e-05
12266	3.130002021159541e-05
12267	3.130002021159541e-05
9678	3.130002021159541e-05
12268	5.321665768653161e-05
4698	3.130002021159541e-05
8359	3.130002021159541e-05
7829	4.04630612230542e-05
12269	7.825286349736356e-05
6655	7.654456185072909e-05
9711	7.545380732635826e-05
2722	4.116930336645936e-05
3577	6.229910698391715e-05
4039	5.4493506850479984e-05
5927	3.4890904184081096e-05
3681	4.773749831779756e-05
12270	4.1447724223235796e-05
1848	3.130002021159541e-05
5415	4.3833850428523025e-05
2413	3.1305885764244937e-05
12271	6.512184011773708e-05
2663	4.393240182708867e-05
2318	3.156224682404018e-05
2990	6.763067925240053e-05
12272	3.130002021159541e-05
3745	3.136030260620978e-05
2598	4.957458100184139e-05
6455	9.008520086515391e-05
9232	3.130588969652598e-05
9557	3.762467945091554e-05
12273	3.130002021159541e-05
9011	4.2810725507810585e-05
8563	4.622538129455257e-05
10361	3.130002021159541e-05
9658	8.873785681130444e-05
1132	5.480507779936664e-05
2893	3.8239817745508967e-05
1101	3.130002021159541e-05
2872	4.3348811719644665e-05
7020	6.090184317720754e-05
3157	0.0001178664179903813
9946	3.130002021159541e-05
3626	3.130002021159541e-05
7945	4.137358691426498e-05
5941	3.130002021159541e-05
9623	5.3216657686531605e-05
7579	0.0006055605391940006
12274	3.130002021159541e-05
2342	3.130002021159541e-05
4752	0.00013680563415280808
12275	3.130002021159541e-05
9345	4.358008516750657e-05
7052	5.7652943317291816e-05
6651	3.5471225507084794e-05
9582	9.324625731807568e-05
12276	3.130002021159541e-05
3319	3.7240812770816635e-05
6467	3.130002021159541e-05
9196	7.07433026555584e-05
12277	7.924314629512529e-05
12278	3.132045067827368e-05
7080	8.21833644095558e-05
5353	3.400110813339416e-05
12279	3.1305886517939596e-05
12280	3.130002021159541e-05
2680	3.7933025940064784e-05
12281	3.130002021159541e-05
9939	6.58130929209576e-05
12282	4.52288258146176e-05
12283	3.130295928058763e-05
3208	3.884544826662396e-05
12284	3.495279312408478e-05
12285	3.130002021159541e-05
6806	4.464125265654839e-05
9591	3.130002021159541e-05
10426	4.6117902741439685e-05
10033	7.395338037791405e-05
2494	3.130002021159541e-05
10128	3.130792763648609e-05
6719	3.130002021159541e-05
1019	3.130002021159541e-05
7927	3.130002021159541e-05
1311	8.548555437426465e-05
12286	4.342380769430839e-05
3428	3.130002021159541e-05
6591	3.443390709721007e-05
3771	3.357330684173702e-05
9783	3.130002021159541e-05
314	3.130002021159541e-05
12287	4.078690948186571e-05
7196	4.128267077733639e-05
1718	4.370938981613449e-05
4999	3.130002021159541e-05
282	6.59207718715744e-05
10091	4.140858505663382e-05
9886	3.130002021159541e-05
8082	6.0339645259452315e-05
12288	5.5584675068480664e-05
12289	4.875207378601754e-05
12290	3.9500339185229204e-05
3464	4.6557029406114854e-05
4143	4.8988924146227526e-05
5719	3.130002021159541e-05
1129	3.1319101738927954e-05
5964	0.00011131186461004256
7046	0.00013133123530328594
12291	3.9916186467059514e-05
7969	3.130002021159541e-05
2958	3.130002021159541e-05
2080	3.130002021159541e-05
1797	3.131552285910907e-05
10406	3.130002021159541e-05
8604	3.130002021159541e-05
7781	3.9322919065473805e-05
5071	3.130002021159541e-05
12292	3.130295928058763e-05
5547	3.130002021159541e-05
12293	4.6641044219545305e-05
12294	3.130002021159541e-05
6539	3.130002021159541e-05
12295	3.130002021159541e-05
1689	5.483284729078067e-05
12296	4.2406050802283184e-05
1094	3.130002021159541e-05
4796	6.353490710520923e-05
1926	3.130002021159541e-05
5153	3.766764873012911e-05
5438	9.134109920185324e-05
7410	4.421015918811648e-05
442	5.887418712015174e-05
12297	3.989039637335428e-05
12298	3.130295928058763e-05
12299	8.385127545856506e-05
1245	3.130002021159541e-05
12300	3.130002021159541e-05
8042	5.3290597065801835e-05
5072	4.8695998433418245e-05
10383	4.2504299985065934e-05
9167	8.751120341007133e-05
3809	4.3198964118107956e-05
1838	3.130002021159541e-05
12301	3.698968041118269e-05
12302	3.130293737351142e-05
8608	5.3364854771890055e-05
3887	3.914068206639694e-05
6528	4.9392044999233524e-05
610	8.815591226398034e-05
128	3.130002021159541e-05
6099	3.635119153974811e-05
5805	6.703823786180098e-05
8725	3.130002021159541e-05
12303	4.052456007379722e-05
9332	3.130002021159541e-05
12304	5.3216657686531605e-05
12305	3.1302958098656394e-05
4140	3.130002021159541e-05
10342	3.130002021159541e-05
4234	4.69139920130024e-05
8174	3.130883387277836e-05
12306	3.13029588865049e-05
1606	3.1306062904135705e-05
5977	3.130002021159541e-05
3817	3.130002021159541e-05
454	3.130002021159541e-05
8264	3.130002021159541e-05
12307	3.130002021159541e-05
9165	3.130002021159541e-05
12308	3.2212097293198796e-05
7970	3.130002021159541e-05
12309	3.91780580002112e-05
5501	3.130002021159541e-05
9070	7.462999395848062e-05
12310	7.47923809977063e-05
3383	4.416952033932996e-05
5895	3.130002021159541e-05
12311	3.130002021159541e-05
5615	6.809393839627285e-05
12312	4.9583043790824444e-05
10252	4.312143511627543e-05
7666	3.130002021159541e-05
8158	6.197392922888191e-05
5906	4.415028556124579e-05
7992	3.130002021159541e-05
5515	3.1304863448366216e-05
9933	3.586614202971852e-05
5337	5.322032562023674e-05
7861	5.304603742669507e-05
12313	3.130002021159541e-05
12314	5.321665768653161e-05
10148	7.550478364616063e-05
375	8.863211938980954e-05
6051	3.980053786973201e-05
9626	0.00016330262008843125
9342	8.828075717616271e-05
421	3.130002021159541e-05
2574	0.000421450384597105
1897	3.130002021159541e-05
4604	6.544356508284251e-05
12315	3.130002021159541e-05
12316	3.130002021159541e-05
9251	3.864674014001221e-05
2373	5.321665768653161e-05
1830	6.857894708732021e-05
12317	3.130002021159541e-05
6633	3.130002021159541e-05
8693	3.136560116667985e-05
7982	5.23114464676974e-05
4320	3.130002021159541e-05
12318	4.225833894906351e-05
1099	4.5012532943142466e-05
3612	4.174877614201998e-05
12319	3.130002021159541e-05
937	4.427754072863034e-05
4522	3.457366903334476e-05
2850	3.130002021159541e-05
12320	3.130295928058763e-05
12321	7.98549289963646e-05
12322	5.768866098001551e-05
6037	3.893471989709326e-05
12323	4.8562189443222665e-05
7113	0.00010707200473271785
5875	3.220386551650652e-05
6595	4.573986414201789e-05
10071	4.6589329350875955e-05
7963	4.607761872279774e-05
1540	5.796909645354246e-05
7348	3.130002021159541e-05
10123	4.067438328439242e-05
3188	3.130002021159541e-05
12324	3.130002021159541e-05
4542	5.194787955360251e-05
1153	3.130002021159541e-05
4117	4.510799762057267e-05
1199	3.933479017161407e-05
8661	3.130002021159541e-05
4691	3.130295967477607e-05
4881	4.2643812122888e-05
4951	4.730792270979074e-05
9953	7.225749797609327e-05
8513	3.130295967477607e-05
7899	4.0633465048654956e-05
9106	3.130002021159541e-05
12325	5.457607467063143e-05
6500	4.1557127006653426e-05
10167	4.303338970928413e-05
12326	5.276344466883758e-05
12327	3.13029588865049e-05
12328	4.731320684561946e-05
5976	4.284103262497275e-05
3909	4.441260226924223e-05
3338	3.130002021159541e-05
3167	0.0001260098298874265
5474	5.0344712291011754e-05
1968	4.4823887868984606e-05
12329	3.130002021159541e-05
4250	5.5559848559517636e-05
3581	4.3021401109902746e-05
8003	3.130002021159541e-05
1535	7.132066660147437e-05
10347	4.3653467810231684e-05
1236	4.871284665318977e-05
7905	4.8110817794151684e-05
6184	3.130002021159541e-05
4915	4.869237219402359e-05
2839	8.388040415984036e-05
7999	3.130002021159541e-05
12330	3.130002021159541e-05
4717	4.549487059011216e-05
5212	4.874869306354531e-05
7724	5.321665768653161e-05
4149	3.131001913525758e-05
6192	3.130293737351142e-05
337	4.814332165391794e-05
2563	3.130002021159541e-05
9731	3.130002021159541e-05
8111	4.004932504264363e-05
12331	4.0698129986418834e-05
7340	3.130295967477607e-05
8221	3.131470374199534e-05
383	4.495315916901342e-05
4139	3.130002021159541e-05
8341	4.026474408641271e-05
12332	4.4903572882472404e-05
2525	3.130002021159541e-05
4507	3.997172070085677e-05
2624	3.130002021159541e-05
2884	8.06252715630579e-05
9402	3.131029830244386e-05
10047	3.130002021159541e-05
6080	3.130002021159541e-05
8797	4.609273808078887e-05
12333	7.041482808070101e-05
9754	4.023645376946524e-05
3718	3.143773269488359e-05
12334	6.594479509963422e-05
4464	3.130002021159541e-05
5151	4.618927519419155e-05
9479	3.130002021159541e-05
12335	3.130295967477607e-05
9800	3.131064487073212e-05
12336	3.3117904328288694e-05
7121	3.130002021159541e-05
6612	4.6953905338190384e-05
12337	3.662516127053029e-05
12338	3.130002021159541e-05
8061	3.130002021159541e-05
6502	5.3908081768431625e-05
702	4.3344726807553646e-05
6182	4.737390709370601e-05
5943	3.130002021159541e-05
10348	7.742591522445528e-05
12339	5.242067559013978e-05
3143	6.104404401435784e-05
2397	3.130002021159541e-05
7613	3.130002021159541e-05
1023	3.130002021159541e-05
7901	4.939460727015107e-05
12340	6.0040894373312946e-05
6864	6.470474414164461e-05
8578	3.130002021159541e-05
1663	3.130002021159541e-05
6328	4.6349791729746914e-05
2734	4.4656737743902725e-05
12341	3.130002021159541e-05
12342	3.130002021159541e-05
10013	5.178378205748174e-05
8921	3.130002021159541e-05
12343	3.130002021159541e-05
524	3.130883860113736e-05
8558	7.534999222005684e-05
12344	3.130002021159541e-05
1107	3.130002021159541e-05
6908	5.871862810536878e-05
8791	3.1308476826750514e-05
12345	3.161018559538599e-05
3673	5.192512745148871e-05
12346	7.770067329880751e-05
7095	0.001512324850714983
5559	3.130499756397792e-05
12347	4.241023445494844e-05
6275	0.00012926440951404098
3003	6.287184420291696e-05
10154	3.130002021159541e-05
4007	5.362336936407461e-05
3546	3.130002021159541e-05
3547	5.321665768653161e-05
6905	3.981913418855261e-05
6418	3.130002021159541e-05
12348	3.130002021159541e-05
12349	4.500004067122653e-05
12350	3.678211864932168e-05
5866	3.177354727830336e-05
4765	3.130002021159541e-05
10213	6.697654158812835e-05
3037	3.130002021159541e-05
12351	8.34479865647031e-05
2693	3.130002021159541e-05
1828	3.130002021159541e-05
3964	3.131663864123305e-05
545	3.130002021159541e-05
7704	3.130002021159541e-05
4625	5.583371837932351e-05
9794	5.134738975527571e-05
12352	3.130002021159541e-05
9060	4.715340624858374e-05
12353	4.113610578123431e-05
916	4.813074135054492e-05
1119	6.086484592281506e-05
12354	3.130295849252783e-05
975	3.130002021159541e-05
2031	3.130002021159541e-05
3467	3.863878611409923e-05
12355	6.503577180102334e-05
12356	3.130002021159541e-05
4400	6.993775409936613e-05
5369	6.466818989389538e-05
10243	4.5277712217921995e-05
7457	4.469072497248212e-05
5877	4.106414937663201e-05
4499	6.975463535109438e-05
7326	4.515983205459793e-05
9944	3.130002021159541e-05
12357	5.208474410920406e-05
1031	7.278218554467608e-05
4051	5.595274288470294e-05
10222	4.691592236752757e-05
12358	3.132199251223196e-05
1467	8.478840180625999e-05
12359	4.270479845178508e-05
232	3.130002021159541e-05
8201	4.127879136470659e-05
12360	3.130002021159541e-05
9002	3.130002021159541e-05
9215	0.00011031357044558922
12361	6.442685765172798e-05
12362	5.195467613095551e-05
2111	3.201648522828194e-05
5839	3.130002021159541e-05
2605	4.3060630858454754e-05
12363	7.42321495307972e-05
1537	6.698981937553614e-05
236	4.1717513815256544e-05
5397	5.331640157308838e-05
2269	5.830752042186369e-05
6082	3.130002021159541e-05
12364	3.130295928058763e-05
5255	3.130002021159541e-05
12365	0.00015421183747427403
7866	3.2360109629343955e-05
12366	3.130002021159541e-05
12367	4.646399512077873e-05
10114	4.965200825208213e-05
3609	4.673069397460217e-05
3014	3.1303686182001364e-05
12368	3.762091391032289e-05
12369	3.130002021159541e-05
6139	3.130002021159541e-05
12370	4.0065254457328225e-05
760	3.130002021159541e-05
577	8.878747438890506e-05
6428	4.407217080501324e-05
1474	3.130002021159541e-05
6233	3.130002021159541e-05
2613	3.8605566036574146e-05
4538	8.881323248999666e-05
6576	3.130002021159541e-05
8448	3.1302958098656394e-05
12371	0.00014536258705657648
3922	4.942896248945756e-05
9366	6.688455154141079e-05
9313	5.866110593429702e-05
12372	4.268781852551778e-05
12373	3.130002021159541e-05
5093	3.130002021159541e-05
12374	3.130002021159541e-05
12375	3.807028857503325e-05
7690	3.130295928058763e-05
12376	3.130002021159541e-05
4122	5.0995451064369065e-05
5137	0.00012141784438796948
12377	3.130002021159541e-05
2202	7.86691258093706e-05
12378	3.130002021159541e-05
9672	3.9695083901434376e-05
597	3.130002021159541e-05
9385	4.018785710225348e-05
12379	3.40114464299403e-05
3345	3.130002021159541e-05
2336	5.090502692219828e-05
197	4.4797536620348375e-05
3435	4.217395733302021e-05
4583	3.130002021159541e-05
6263	3.184988761017174e-05
8484	4.759369522891274e-05
12380	3.130002021159541e-05
990	3.175052320218933e-05
4950	3.13882064730385e-05
12381	3.1324886250032787e-05
12382	3.130002021159541e-05
4238	4.331096433457032e-05
7906	3.130002021159541e-05
2557	3.130002021159541e-05
1276	3.908699041026494e-05
509	4.268880728099804e-05
3902	3.130002021159541e-05
4447	3.130002021159541e-05
12383	3.130002021159541e-05
192	3.130002021159541e-05
4273	9.213916440642948e-05
7732	6.579128716459846e-05
466	3.130002021159541e-05
12384	0.00010886595970967602
12385	3.130002021159541e-05
2049	3.132139534341688e-05
7610	4.136011677369494e-05
12386	5.455592161724886e-05
12387	3.130002021159541e-05
7928	4.8500184219624066e-05
12388	3.130002021159541e-05
10448	3.130002021159541e-05
2783	5.241175830658193e-05
12389	3.130002021159541e-05
12390	4.816666534395257e-05
12391	0.00012011394663632383
801	3.130002021159541e-05
9249	4.463967194180372e-05
10378	3.130002021159541e-05
12392	7.070711803625647e-05
305	3.130736886954704e-05
1973	5.321371822335096e-05
9576	4.004704541192022e-05
12393	4.051788269749262e-05
5986	3.130002021159541e-05
6855	3.130002021159541e-05
10320	3.130002021159541e-05
8351	3.130002021159541e-05
3473	3.243068829266503e-05
2711	3.67646979344159e-05
12394	3.130002021159541e-05
2294	3.130002021159541e-05
7880	3.130002021159541e-05
5535	4.276421988019998e-05
7462	4.6214148118018605e-05
2021	3.170181621572344e-05
5606	6.405865797628555e-05
7295	3.130002021159541e-05
12395	3.941880496363148e-05
1611	3.130002021159541e-05
9055	3.130002021159541e-05
2916	4.8105682219877156e-05
12396	3.130002021159541e-05
4295	6.394500174301925e-05
12397	6.225974059178226e-05
2048	3.130002021159541e-05
1404	6.693551404761599e-05
8116	3.1305899137956715e-05
7130	5.3213718223350965e-05
9523	6.617553695026295e-05
9891	5.4896788602547546e-05
268	3.130002021159541e-05
6767	3.133413726488413e-05
6048	4.737872015729252e-05
12398	4.463487262498375e-05
12399	3.130002021159541e-05
4868	8.104203359299769e-05
9508	4.221725457834711e-05
4048	6.25011879484373e-05
7926	4.7058866668804264e-05
8941	4.8821594033273416e-05
12400	3.130002021159541e-05
12401	4.0153059335846546e-05
4351	3.157175294105147e-05
12402	3.130587769951915e-05
2744	3.131177333617009e-05
4177	3.130002021159541e-05
2297	0.00011792806170969649
12403	3.130002021159541e-05
8571	5.321665768653161e-05
1588	5.312803007148455e-05
874	4.589074900073361e-05
2812	4.179285349074578e-05
1738	4.3482882355122575e-05
7087	3.791883615356102e-05
1539	6.56014740670576e-05
3903	4.225833894906351e-05
1305	4.225833894906351e-05
12404	4.649302672779033e-05
12405	3.130002021159541e-05
12406	3.892373056136969e-05
12407	9.702783690368889e-05
9621	4.242373366125674e-05
12408	3.130883860113736e-05
12409	3.130002021159541e-05
7242	3.130002021159541e-05
5795	4.997010211224704e-05
3154	4.371835672832543e-05
9281	3.130002021159541e-05
12410	3.130002021159541e-05
6585	5.321665768653161e-05
9924	4.390395260442518e-05
9978	4.602160790390283e-05
1704	3.130002021159541e-05
3192	5.2304031949936165e-05
5731	5.458332453243688e-05
1710	3.130002021159541e-05
4870	3.130589834968555e-05
3296	3.130002021159541e-05
12411	3.130002021159541e-05
12412	3.6877627085050397e-05
2925	3.130002021159541e-05
4186	7.952624265597117e-05
12413	5.380540706165634e-05
5058	5.3225188199271684e-05
6774	3.866072670854543e-05
12414	3.900146609144001e-05
12415	3.9543814418801676e-05
12416	4.077931378332026e-05
330	4.12410073745042e-05
9199	3.1436040622002685e-05
4823	3.130002021159541e-05
1056	3.130002021159541e-05
7734	4.506923589867506e-05
12417	3.130002021159541e-05
9993	9.991758391019644e-05
10473	6.875435144417326e-05
1098	3.130002021159541e-05
12418	3.130002021159541e-05
12419	5.321665768653161e-05
2279	4.4712216316640044e-05
3314	3.130002021159541e-05
5273	3.130002021159541e-05
2828	3.130002021159541e-05
851	4.073969800500033e-05
7654	3.130002021159541e-05
12420	4.364359695388001e-05
2026	4.372642795495852e-05
1040	3.130002021159541e-05
3477	3.130002021159541e-05
12421	9.16363518356764e-05
12422	3.130002021159541e-05
9952	3.130002021159541e-05
9256	3.130002021159541e-05
12423	3.13029588865049e-05
4236	3.130002021159541e-05
12424	3.130002021159541e-05
9769	3.141060745364334e-05
12425	4.377487731428745e-05
6805	4.823844157469522e-05
7394	8.245894870966274e-05
7837	3.130002021159541e-05
12426	5.871032542682008e-05
6619	0.00010899929086202384
4190	3.130002021159541e-05
8005	3.130002021159541e-05
7249	6.60389578955681e-05
7239	3.130002021159541e-05
12427	3.130002021159541e-05
3125	4.170546982731895e-05
6327	9.810266815630695e-05
10251	3.737924482612989e-05
12428	3.130002021159541e-05
12429	8.046972255026859e-05
12430	3.130002021159541e-05
10497	3.738771974912543e-05
5450	4.5329568974579426e-05
12431	5.36837619446468e-05
12432	3.130589598571738e-05
9936	3.130002021159541e-05
2821	6.254873506305936e-05
1020	4.949779762725745e-05
12433	4.225833894906351e-05
6302	4.400972301092396e-05
5833	6.110051860852565e-05
12434	3.130002021159541e-05
1581	8.365271560021467e-05
12435	3.130295416574199e-05
2867	5.489799137933947e-05
7831	4.649502951975225e-05
12436	3.130002021159541e-05
8301	9.563499069236952e-05
2906	7.155143406990699e-05
135	3.130002021159541e-05
6854	3.130002021159541e-05
6259	3.130002021159541e-05
6479	3.885077148766375e-05
3548	3.896829736618666e-05
453	3.130002021159541e-05
8915	4.454696991489165e-05
12437	3.130002021159541e-05
8381	3.130002021159541e-05
4422	3.130002021159541e-05
12438	3.130002021159541e-05
4641	3.130002021159541e-05
4987	4.339711736717884e-05
1777	5.35819905033842e-05
12439	3.130002021159541e-05
8236	3.662516127053029e-05
8112	3.130002021159541e-05
12440	5.201423610611713e-05
12441	0.00011249185115324602
12442	3.130002021159541e-05
7503	4.250264541242394e-05
44	3.130002021159541e-05
12443	3.130589834957984e-05
3329	3.69752574945148e-05
2518	3.130002021159541e-05
5464	4.529210600854866e-05
8049	3.850688800897097e-05
9225	3.130002021159541e-05
12444	3.130002021159541e-05
10216	4.362080740824734e-05
12445	3.130295849252783e-05
12446	6.469779536981646e-05
12447	3.130002021159541e-05
7823	5.043625655769481e-05
3611	4.3379183150045456e-05
1592	3.130002021159541e-05
12448	3.130002021159541e-05
2156	3.130366666399042e-05
7727	5.510351553016209e-05
6147	4.3411578780952806e-05
9121	4.6144068664523175e-05
12449	3.130002021159541e-05
12450	7.644185473538204e-05
5146	3.130002021159541e-05
12451	4.805937551629556e-05
2212	3.130002021159541e-05
12452	3.130002021159541e-05
9531	5.781626134854037e-05
7842	3.9999470583858815e-05
5367	6.56150459600157e-05
12453	3.130002021159541e-05
6260	3.494561553011317e-05
1102	5.452001225457732e-05
9539	4.904059331487857e-05
12454	3.130295967477607e-05
12455	3.130002021159541e-05
325	3.130002021159541e-05
5516	5.6235406435501654e-05
857	3.130002021159541e-05
5363	5.321665768653161e-05
9692	4.697701532913077e-05
4107	3.130002021159541e-05
12456	3.130002021159541e-05
9642	3.130002021159541e-05
423	3.130002021159541e-05
1534	4.0105718720258096e-05
2583	4.791865694335766e-05
5423	3.130002021159541e-05
12457	3.130002021159541e-05
9997	4.14549934480633e-05
2842	4.225833894906351e-05
12458	3.130002021159541e-05
1284	0.00011427511408069893
10067	6.638925054984825e-05
4059	3.398591711699134e-05
9612	4.464125265654839e-05
1317	3.130002021159541e-05
12459	3.9215987379226486e-05
12460	4.8081510233805445e-05
7843	3.1429545557034254e-05
844	3.130002021159541e-05
8072	3.130002021159541e-05
3079	5.341647199435492e-05
12461	3.130002021159541e-05
5185	3.130002021159541e-05
12462	5.061201542935245e-05
6797	4.8564026776350815e-05
3130	3.130002021159541e-05
5766	8.785045223491951e-05
8436	5.868287719448624e-05
9082	7.157902218955637e-05
12463	4.2394581459001134e-05
12464	3.130002021159541e-05
12465	4.6481827762816676e-05
4858	3.5896967940203795e-05
12466	5.3216657686531605e-05
1225	3.130002021159541e-05
12467	3.130002021159541e-05
1719	5.955170698317296e-05
8796	4.747537467049736e-05
2062	3.130002021159541e-05
7756	3.130002021159541e-05
6370	3.130002021159541e-05
6096	4.740036824094161e-05
12468	3.130002021159541e-05
6818	3.130002021159541e-05
10326	7.836416008142955e-05
2750	4.096998940864916e-05
6105	4.708619073842058e-05
3141	4.729459811275961e-05
9496	3.130002021159541e-05
1261	5.8275093174207635e-05
460	3.130002021159541e-05
12469	9.422762170525954e-05
974	4.512286021387473e-05
10108	4.0218187591663984e-05
12470	3.9185780057115505e-05
431	3.130002021159541e-05
12471	3.130295928058763e-05
12472	3.130002021159541e-05
8108	3.130002021159541e-05
12473	0.00011928446032689546
1687	4.146694482696799e-05
164	4.5124054528357155e-05
12474	4.18489880518731e-05
10302	4.421015918811648e-05
7633	3.130002021159541e-05
4992	3.130002021159541e-05
12475	4.1965339261726136e-05
8655	3.604279216846482e-05
12476	3.712614281264074e-05
12477	3.130002021159541e-05
12478	4.060739386766139e-05
12479	3.130002021159541e-05
8510	4.5195646696478246e-05
674	3.13032571941046e-05
1614	7.447326772784142e-05
2604	5.4808012117455376e-05
4991	3.233195123904479e-05
12480	3.8605566036574146e-05
7390	3.130002021159541e-05
7566	3.130002021159541e-05
12481	3.130002021159541e-05
5393	4.155755029050028e-05
12482	3.130002021159541e-05
12483	3.130295967477607e-05
12484	4.4159098769423394e-05
12485	3.130439595446942e-05
9604	4.548034446103245e-05
5756	3.130002021159541e-05
12486	4.79469639734283e-05
12487	4.121302185712471e-05
10424	3.130002021159541e-05
3778	5.321665768653161e-05
8418	7.89578733146511e-05
7008	3.130002021159541e-05
2508	3.130002021159541e-05
5847	3.130002021159541e-05
12488	7.465416449996264e-05
12489	3.130002021159541e-05
6832	3.131151839441558e-05
3368	4.03692588116788e-05
121	3.130002021159541e-05
4474	3.130002021159541e-05
12490	3.130002021159541e-05
3672	0.00010967016425545884
5097	4.081251109670996e-05
12491	6.981555856489424e-05
5061	7.1346160724707e-05
5002	4.751668786359551e-05
12492	4.7736606722334284e-05
12493	3.130002021159541e-05
12494	3.131167923845572e-05
3691	4.010467539105091e-05
12495	3.130002021159541e-05
7424	3.514774167252723e-05
12496	0.00011253820674062668
12497	3.130002021159541e-05
5131	3.1305899137956715e-05
10334	7.61636823570414e-05
12498	3.130002021159541e-05
8292	3.130002021159541e-05
2614	7.284393583715577e-05
3857	3.6615260909730955e-05
12499	0.00011387914674140727
12500	3.130002021159541e-05
8816	3.130002021159541e-05
8621	3.1307437262444626e-05
12501	6.625496062992926e-05
5293	3.756261361633702e-05
8475	3.9395873331638206e-05
2267	3.130002021159541e-05
12502	4.1488778549224635e-05
12503	3.130002021159541e-05
12504	3.130002021159541e-05
10255	3.130002021159541e-05
2102	4.1998232397100296e-05
12505	3.130002021159541e-05
9195	3.864674014001221e-05
1740	3.130002021159541e-05
8522	3.130002021159541e-05
6120	3.130002021159541e-05
12506	3.130295967477607e-05
7304	3.130002021159541e-05
5303	3.130002021159541e-05
3137	3.130002021159541e-05
3485	6.107846437383951e-05
12507	9.918957351956692e-05
1654	4.820106955525085e-05
12508	3.130002021159541e-05
6265	6.757227564003645e-05
2539	3.130002021159541e-05
2401	3.130002021159541e-05
2795	3.130002021159541e-05
10503	4.091804892660153e-05
5372	3.130002021159541e-05
12509	3.130295967477607e-05
9043	3.130002021159541e-05
12510	5.320784166180315e-05
1126	7.516544388348482e-05
12511	3.130002021159541e-05
10099	5.3237756477918506e-05
7729	6.859082078504475e-05
12512	4.0105718720258096e-05
3459	3.9691661679591784e-05
682	4.100737454579759e-05
1439	3.130002021159541e-05
4449	3.130002021159541e-05
12513	3.130002021159541e-05
3317	3.130002021159541e-05
8715	3.130002021159541e-05
239	4.556666513934559e-05
9906	3.130002021159541e-05
12514	4.229137622141753e-05
10333	3.130002021159541e-05
12515	4.3879418822194493e-05
12516	7.575493142409601e-05
5800	5.3521696148503065e-05
12517	3.130002021159541e-05
611	6.318214595533867e-05
9202	3.778965220543556e-05
12518	4.55795361723506e-05
12519	3.130002021159541e-05
12520	3.6116463470144734e-05
10432	4.6481947651784495e-05
2418	3.130002021159541e-05
264	4.3903242545839115e-05
8636	3.130002021159541e-05
12521	3.580566848695773e-05
700	3.691347245064625e-05
4932	4.3629336992921495e-05
101	3.130002021159541e-05
12522	4.5411581032887476e-05
836	3.130002021159541e-05
3661	4.114834896099695e-05
3585	3.130002021159541e-05
8456	4.416693916212797e-05
12523	4.225833894906351e-05
3059	3.130002021159541e-05
12524	3.82211654276026e-05
9459	5.691261116017948e-05
12525	3.130002021159541e-05
12526	4.225833894906351e-05
12527	3.130002021159541e-05
8433	5.320490613828768e-05
5899	3.130002021159541e-05
7501	4.353432655822648e-05
7363	4.6592694405178436e-05
2207	4.014951585191377e-05
1938	4.14156349063476e-05
3139	3.7060645366943006e-05
12528	3.130002021159541e-05
12529	4.737283834466464e-05
8164	3.130002021159541e-05
4458	3.72558312634025e-05
1671	3.130002021159541e-05
3279	9.059177138900768e-05
9238	4.393986489545189e-05
5728	3.130002021159541e-05
4769	3.130002021159541e-05
4165	7.785515676780924e-05
7720	4.8941386814822995e-05
1274	3.130002021159541e-05
9207	4.4315228752677796e-05
2824	3.67160148334388e-05
5272	4.9454191704100244e-05
12530	3.130002021159541e-05
4541	5.992201163205622e-05
12531	6.530052153641636e-05
2345	4.423173376202762e-05
472	3.7184421852243914e-05
8683	3.1302952203230855e-05
12532	4.75463086516748e-05
12533	3.1314082603763014e-05
12534	3.130002021159541e-05
6249	3.130002021159541e-05
12535	3.130002021159541e-05
10328	3.980053786973201e-05
3376	3.140636190694544e-05
12536	3.702279270857675e-05
3187	5.3224883360428903e-05
9596	3.130002021159541e-05
8720	3.130002021159541e-05
7642	7.67693423485745e-05
12537	3.130002021159541e-05
1866	3.130002021159541e-05
6226	6.353553988165752e-05
160	4.139326745672619e-05
866	5.147168275674992e-05
12538	3.130002021159541e-05
315	0.0001144077509821658
206	3.130002021159541e-05
12539	3.1335293769763226e-05
12540	4.2946302461501474e-05
1139	3.1302952203230855e-05
7548	3.130002021159541e-05
681	5.863321163449833e-05
6962	3.130293737351142e-05
12541	3.13396195859713e-05
12542	3.1307627220429806e-05
6883	3.130002021159541e-05
12543	3.130002021159541e-05
12544	8.956981312197243e-05
1205	3.130002021159541e-05
144	4.4586895626142636e-05
2327	5.277666118712772e-05
12545	3.130002021159541e-05
12546	3.130295967477607e-05
12547	4.286746163614329e-05
12548	4.0952462831861056e-05
8745	3.867337492642975e-05
12549	3.130002021159541e-05
12550	3.130002021159541e-05
12551	3.130002021159541e-05
1389	3.130002021159541e-05
850	3.130002021159541e-05
3863	3.60485926685832e-05
7128	4.591111186155288e-05
6564	4.8705773656690255e-05
5942	3.130002021159541e-05
5569	7.341468869510878e-05
12552	3.130002021159541e-05
909	0.00020106302012353004
9099	7.29952064810198e-05
8770	3.889211057400207e-05
1388	4.286580536554934e-05
5268	4.1396320280415316e-05
9448	5.8752412658960194e-05
8666	4.7755199947424136e-05
10428	4.192523303374595e-05
12553	4.548876460157614e-05
1889	4.2320242242455324e-05
9847	9.987330278050924e-05
12554	3.130002021159541e-05
12555	3.130002021159541e-05
12556	3.966889919363359e-05
12557	3.130295928058763e-05
12558	3.130002021159541e-05
12559	3.130002021159541e-05
2328	3.130002021159541e-05
9330	4.476954250291033e-05
4198	4.3512992269912185e-05
12560	8.309738211408994e-05
7347	3.7315967790728e-05
6183	3.1302958098656394e-05
10385	3.130002021159541e-05
12561	3.130002021159541e-05
12562	3.6774583280958374e-05
6673	3.130002021159541e-05
7060	3.130002021159541e-05
5216	3.130002021159541e-05
12563	5.321665768653161e-05
1340	4.463967194180372e-05
1780	3.130002021159541e-05
1053	4.192523303374595e-05
3866	3.130002021159541e-05
12564	4.191805571052208e-05
4379	4.268100340188745e-05
7135	4.7809668525108755e-05
4565	5.4662976701218003e-05
7564	3.130002021159541e-05
2881	3.9564760427465655e-05
12565	0.00012531656938625192
7758	3.130002021159541e-05
2466	6.316107536153835e-05
949	3.2346083368876627e-05
12566	5.179233045486507e-05
1623	3.958708659649195e-05
10132	3.130002021159541e-05
7049	4.151340512747227e-05
8500	3.130002021159541e-05
6840	3.130002021159541e-05
12567	3.130002021159541e-05
12568	3.3447936546218636e-05
7632	3.896738880254274e-05
4289	3.130002021159541e-05
6938	3.130002021159541e-05
9669	3.130002021159541e-05
5513	4.1538282975776256e-05
12569	4.414322620870951e-05
12570	4.817568585388198e-05
1915	3.130002021159541e-05
6164	3.130002021159541e-05
8256	4.325454974337879e-05
9780	4.137670977355557e-05
6566	3.130002021159541e-05
7771	9.118219699071577e-05
3056	3.1305019673426495e-05
6641	4.055730498200243e-05
12571	4.7018468390296725e-05
467	3.130002021159541e-05
8580	4.0105718720258096e-05
12572	4.042084151649265e-05
6050	3.130002021159541e-05
12573	3.130002021159541e-05
6993	4.480842228825396e-05
5286	0.00015897809499362331
8459	3.130002021159541e-05
2937	3.130002021159541e-05
5817	3.8264906062587275e-05
5841	3.130002021159541e-05
12574	4.056815486259297e-05
12575	3.130002021159541e-05
12576	0.00012879854965440918
2091	3.153934808989768e-05
2686	3.130002021159541e-05
4669	4.205554216417635e-05
9492	3.8645869675565714e-05
12577	4.56213208015746e-05
12578	3.130002021159541e-05
12579	3.867337492642975e-05
10510	3.130002021159541e-05
12580	3.130002021159541e-05
5389	3.130002021159541e-05
12581	3.130002021159541e-05
12582	8.530781495180194e-05
7750	4.75026036186544e-05
2495	3.130002021159541e-05
12583	3.130295928058763e-05
12584	4.612760268570701e-05
12585	8.919527543815335e-05
3365	3.1303686182001364e-05
10466	3.130002021159541e-05
689	3.130002021159541e-05
8983	4.7542784051759796e-05
12586	4.077763673029396e-05
9977	3.130002021159541e-05
636	3.130295928058763e-05
12587	3.130002021159541e-05
8516	4.085597699416671e-05
12588	3.130002021159541e-05
5209	3.130002021159541e-05
12589	3.130002021159541e-05
12590	3.131996408721339e-05
4516	3.1302952203230855e-05
12591	3.130002021159541e-05
5891	3.130002021159541e-05
12592	5.1538082378746884e-05
12593	4.81066725009e-05
12594	4.2290353314585166e-05
4520	3.130295967477607e-05
12595	7.810694473074517e-05
8664	4.1615211503072916e-05
8607	6.618839321418234e-05
12596	4.8178136084248517e-05
4025	3.13058885495333e-05
10105	3.130002021159541e-05
718	3.130002021159541e-05
12597	3.130002021159541e-05
12598	6.167866174865421e-05
6833	3.130002021159541e-05
3576	3.130002021159541e-05
2589	4.620537991055048e-05
12599	3.130589834957984e-05
6216	3.130002021159541e-05
2071	6.99912726638962e-05
9323	3.130002021159541e-05
1351	3.130002021159541e-05
10092	0.0001404317423186068
6354	3.698483270909926e-05
12600	3.130002021159541e-05
12601	7.604119615156848e-05
10340	3.130002021159541e-05
4960	3.130588655776027e-05
12602	3.131177648756427e-05
10336	3.130002021159541e-05
7670	4.193187985832426e-05
8824	3.130002021159541e-05
12603	3.130002021159541e-05
5975	5.140229689285315e-05
94	3.1305899137956715e-05
12604	3.130002021159541e-05
12605	3.130002021159541e-05
2687	4.435966448289727e-05
12606	3.130002021159541e-05
6656	4.3157845150383075e-05
2211	5.714902053068058e-05
12607	4.0958381939260976e-05
3873	3.700648315561038e-05
3190	4.827110453093508e-05
10286	3.130002021159541e-05
12608	3.8605566036574146e-05
12609	4.134018778990099e-05
5541	3.130002021159541e-05
2210	3.130002021159541e-05
7023	3.130002021159541e-05
12610	3.130002021159541e-05
12611	3.130002021159541e-05
12612	4.019730974522053e-05
1014	3.130002021159541e-05
12613	3.1302957704890536e-05
48	4.354643392390498e-05
7432	3.130002021159541e-05
9334	3.130002021159541e-05
5607	3.130002021159541e-05
8154	3.130588734497541e-05
5813	4.192523303374595e-05
3955	4.384448120835904e-05
12614	3.2874247068998416e-05
703	3.130002021159541e-05
9355	3.130002021159541e-05
9721	3.130002021159541e-05
6516	4.834452294637542e-05
4895	5.2360426344565866e-05
7170	3.130002021159541e-05
111	3.130002021159541e-05
12615	3.155931450139671e-05
9134	3.130295967477607e-05
4879	3.130002021159541e-05
6996	3.130002021159541e-05
12616	3.130295967477607e-05
9880	3.130002021159541e-05
10299	3.130002021159541e-05
9253	3.159488329049068e-05
12617	4.148844612514728e-05
6281	3.130002021159541e-05
12618	3.677917958032946e-05
12619	5.172828147898148e-05
1733	4.174024832265069e-05
1487	5.061953339333404e-05
2296	3.130002021159541e-05
12620	5.3932860417059735e-05
12621	3.130294985168029e-05
1944	3.130002021159541e-05
12622	3.130002021159541e-05
12623	3.1302955737643486e-05
2924	3.162895531226885e-05
12624	3.130002021159541e-05
9398	4.0105718720258096e-05
1846	3.130002021159541e-05
12625	3.130002021159541e-05
5652	4.368370331518488e-05
7606	4.871849751442037e-05
5803	5.4811529707884165e-05
12626	4.288181260941694e-05
8059	3.9336963652650716e-05
3290	4.1412311021296373e-05
5068	3.944210444121399e-05
6657	3.130002021159541e-05
12627	3.130002021159541e-05
4031	3.130002021159541e-05
5716	3.130002021159541e-05
10116	3.130002021159541e-05
6453	5.321665768653161e-05
9737	3.130002021159541e-05
5016	4.265486984750632e-05
12628	4.0125723654053116e-05
12629	3.130295928058763e-05
12630	3.495279312408478e-05
12631	3.130295967477607e-05
12632	3.130002021159541e-05
4150	5.3216657686531605e-05
5592	3.130002021159541e-05
12633	3.130002021159541e-05
12634	3.132870223845934e-05
12635	3.130002021159541e-05
12636	3.6873404754043843e-05
2264	3.130002021159541e-05
3468	4.261959797233301e-05
3315	3.130002021159541e-05
6859	3.972205191614609e-05
12637	3.130295849252783e-05
12638	5.231514532690239e-05
8409	3.130002021159541e-05
2232	4.815168134318595e-05
12639	4.058198553968858e-05
8629	3.132652520163112e-05
12640	3.130002021159541e-05
12641	4.342401883522925e-05
12642	3.130002021159541e-05
12643	3.130002021159541e-05
922	3.130002021159541e-05
12644	3.1302958098656394e-05
9217	8.965572720370752e-05
5647	3.131496567509783e-05
12645	3.130002021159541e-05
613	3.130002021159541e-05
5780	3.130295967477607e-05
12646	3.4030204112833865e-05
8497	7.013306737175474e-05
1164	3.130002021159541e-05
8752	4.884340088279574e-05
9698	3.1325176066403043e-05
9042	3.130002021159541e-05
9807	3.130002021159541e-05
5703	3.130002021159541e-05
9185	6.232371697769806e-05
12647	3.130002021159541e-05
12648	3.130002021159541e-05
5448	5.918504455270234e-05
12649	3.130002021159541e-05
4537	4.8218548136924906e-05
3590	4.05353719774655e-05
12650	4.2274278017737896e-05
12651	4.1670281879852073e-05
6137	5.321665768653161e-05
5380	3.130578532713464e-05
10093	4.8865385378760696e-05
12652	4.319373320452254e-05
2473	3.130002021159541e-05
7278	5.429382097189145e-05
12653	3.130002021159541e-05
12654	5.4479127888845874e-05
3508	4.225833894906351e-05
3486	3.130002021159541e-05
12655	0.0001051899970989638
12656	4.2954926726154436e-05
9210	4.016830687707781e-05
12657	5.3216657686531605e-05
6439	3.130002021159541e-05
1863	6.883007114453867e-05
2697	4.225833894906351e-05
12658	4.0111201959791145e-05
12659	4.571487402415142e-05
12660	4.4287472985506153e-05
8806	3.130002021159541e-05
10118	6.337283426145624e-05
8660	4.2614144556253045e-05
12661	3.130002021159541e-05
8394	3.130002021159541e-05
2116	5.321665768653161e-05
12662	4.7827301579565534e-05
4253	3.130002021159541e-05
12663	3.9760991602300785e-05
12664	3.130002021159541e-05
7069	5.041611220007921e-05
1547	3.1365080329993825e-05
12665	3.1305019002987734e-05
12666	3.898002106588487e-05
12667	3.130002021159541e-05
12668	4.093040492207393e-05
6155	5.124865765536232e-05
2985	3.926772742221444e-05
7978	3.130002021159541e-05
6123	4.581938663128573e-05
5988	3.584700635561773e-05
7914	3.130002021159541e-05
12669	3.13029569176754e-05
3501	5.859841698825447e-05
6707	3.130002021159541e-05
6880	3.130002021159541e-05
12670	3.130002021159541e-05
12671	5.022849882492483e-05
12672	3.130002021159541e-05
12673	3.130002021159541e-05
10185	3.130002021159541e-05
1555	3.130002021159541e-05
6958	3.992766099361113e-05
12674	3.130002021159541e-05
9021	4.464125265654839e-05
12675	3.130002021159541e-05
6831	4.469649671430481e-05
12676	3.130295849252783e-05
1337	6.41832125524301e-05
12677	3.130002021159541e-05
6720	5.419074311373784e-05
12678	3.130821646434067e-05
3431	3.130002021159541e-05
12679	3.130002021159541e-05
9989	4.023499484948073e-05
12680	3.980053786973201e-05
9702	3.130002021159541e-05
9767	3.130002021159541e-05
238	4.0105718720258096e-05
12681	5.335362392597917e-05
2421	3.130295849252783e-05
12682	3.130002021159541e-05
12683	4.055619380722528e-05
1648	4.405419471782761e-05
12684	3.130002021159541e-05
9190	3.130002021159541e-05
12685	3.130002021159541e-05
8115	3.981686325733169e-05
4086	3.130002021159541e-05
1226	3.1302958098656394e-05
3161	7.780263105684445e-05
12686	3.130002021159541e-05
7697	3.130002021159541e-05
7852	9.420528054496593e-05
1522	4.7309646396596124e-05
12687	4.525245870353581e-05
3877	3.767539304984208e-05
10187	3.130002021159541e-05
7838	3.130002021159541e-05
12688	3.130002021159541e-05
9915	3.130002021159541e-05
8622	4.3742640243695966e-05
12689	4.4525147902563594e-05
4997	3.130002021159541e-05
805	3.130002021159541e-05
12690	3.130002021159541e-05
12691	3.130002021159541e-05
12692	3.85293922032966e-05
12693	4.417411013794909e-05
4032	3.130002021159541e-05
12694	7.460205259480778e-05
4290	3.130002021159541e-05
3456	4.104890373787272e-05
6785	3.130002021159541e-05
12695	3.130002021159541e-05
2361	3.130002021159541e-05
255	3.130439013798281e-05
12696	6.56375499333953e-05
8415	3.1998643595884094e-05
9062	3.1315228490683237e-05
8674	3.130295967477607e-05
2375	4.294151488536982e-05
5570	4.23496616083515e-05
12697	3.130002021159541e-05
12698	4.394290826449021e-05
12699	4.4844148634557414e-05
9504	3.130002021159541e-05
12700	3.130002021159541e-05
8772	3.130002021159541e-05
3821	3.130002021159541e-05
9455	4.0791450743567555e-05
12701	4.357092793811192e-05
12702	3.130002021159541e-05
12703	3.914343040709728e-05
4866	3.130002021159541e-05
2907	3.2902042902853455e-05
5754	4.031232927743025e-05
12704	3.130002021159541e-05
9930	5.321665768653161e-05
1758	3.130002021159541e-05
8213	4.887317797141877e-05
2195	3.130002021159541e-05
12705	3.130295928058763e-05
12706	3.130002021159541e-05
3310	3.130002021159541e-05
1128	3.130002021159541e-05
12707	3.130002021159541e-05
435	3.1305133906248766e-05
10257	3.130002021159541e-05
12708	3.130002021159541e-05
12709	4.116887778566558e-05
3005	4.673133637717386e-05
12710	3.130002021159541e-05
6110	3.130002021159541e-05
2002	3.130295967477607e-05
9382	3.130002021159541e-05
5768	3.130002021159541e-05
4902	3.1308430720901266e-05
7678	3.130002021159541e-05
12711	3.130002021159541e-05
10026	3.130002021159541e-05
6484	3.130002021159541e-05
6140	3.1308613527818026e-05
4948	5.3221651120880246e-05
12712	3.130295928058763e-05
12713	3.130002021159541e-05
12714	9.900231248800799e-05
12715	3.130002021159541e-05
12716	3.130002021159541e-05
12717	3.8094765274902006e-05
12718	6.797018004940334e-05
8408	4.226071664787462e-05
9426	3.130002021159541e-05
7751	3.130002021159541e-05
12719	5.321665768653161e-05
12720	3.8482671760946194e-05
10052	3.330995365179233e-05
5316	4.677804485001532e-05
12721	3.130002021159541e-05
6089	3.130002021159541e-05
12722	3.130002021159541e-05
2311	3.883326331081282e-05
5816	3.130002021159541e-05
12723	3.130002021159541e-05
12724	3.130002021159541e-05
12725	3.130002021159541e-05
1142	4.567378021664401e-05
3377	3.130002021159541e-05
12726	3.130002021159541e-05
12727	3.753533976922969e-05
12728	3.130002021159541e-05
12729	3.130002021159541e-05
5552	5.321665768653161e-05
2448	3.130002021159541e-05
12730	3.130002021159541e-05
12731	3.130002021159541e-05
12732	3.130002021159541e-05
7767	6.632732901808292e-05
12733	3.130002021159541e-05
638	5.321665768653161e-05
4261	6.458892743050259e-05
9803	3.130002021159541e-05
12734	4.406029538258276e-05
12735	3.130002021159541e-05
12736	3.130002021159541e-05
8132	3.130002021159541e-05
7803	3.130002021159541e-05
12737	3.130002021159541e-05
7119	3.130002021159541e-05
12738	3.896829736618666e-05
5460	3.130002021159541e-05
12739	3.130002021159541e-05
12740	5.0121548649536796e-05
12741	3.130002021159541e-05
5421	4.331612208203682e-05
1620	3.130002021159541e-05
12742	3.130002021159541e-05
12743	4.0048956873311726e-05
2826	4.044974120000974e-05
5119	3.58819881646144e-05
800	5.3564226790604116e-05
8870	4.34821125836672e-05
12744	4.0048956873311726e-05
12745	3.130002021159541e-05
9097	4.0105718720258096e-05
8777	4.0105718720258096e-05
12746	3.1302958098656394e-05
5091	3.130295967477607e-05
4409	3.167934682627038e-05
10170	3.130002021159541e-05
9436	3.130002021159541e-05
9472	3.130002021159541e-05
7549	3.130002021159541e-05
8819	3.130002021159541e-05
5360	3.4430968422300584e-05
12747	3.130295967477607e-05
6311	3.130002021159541e-05
5324	3.836861355305009e-05
12748	3.130002021159541e-05
9356	3.130002021159541e-05
4762	3.130002021159541e-05
5602	3.130002021159541e-05
7896	3.130002021159541e-05
2074	3.130002021159541e-05
6582	3.867337492642975e-05
721	3.867337492642975e-05
9945	3.130002021159541e-05
1989	3.130002021159541e-05
7207	3.130002021159541e-05
12749	3.130002021159541e-05
3248	3.130002021159541e-05
5593	3.874495215770365e-05
1411	3.130002021159541e-05
10494	3.85047783814498e-05
12750	3.130002021159541e-05
9263	3.130002021159541e-05
8936	4.3679285138294594e-05
12751	3.130002021159541e-05
4480	3.130295928058763e-05
12752	3.130002021159541e-05
4554	3.130002021159541e-05
7847	4.295603686226248e-05
5231	3.968411005668177e-05
12753	3.130002021159541e-05
12754	3.130002021159541e-05
8767	4.0105718720258096e-05
751	3.130002021159541e-05
12755	5.1671453331470365e-05
12756	3.131508170471568e-05
902	3.130002021159541e-05
9258	3.130002021159541e-05
12757	3.913518349503825e-05
8906	3.130002021159541e-05
12758	4.0105718720258096e-05
1972	3.130002021159541e-05
12759	4.058198553968858e-05
4719	4.0105718720258096e-05
8653	3.130002021159541e-05
8117	3.130002021159541e-05
6361	3.130002021159541e-05
7245	3.130002021159541e-05
8884	8.169316823259206e-05
12760	3.130002021159541e-05
12761	4.605857674594168e-05
4940	3.1302955737643486e-05
12762	7.671031759469939e-05
12763	3.130002021159541e-05
5225	3.132761062665818e-05
5080	3.130002021159541e-05
12764	4.418969101638343e-05
7558	3.130002021159541e-05
4491	4.0456706891074064e-05
12765	3.13029588865049e-05
12766	4.0105718720258096e-05
12767	3.130002021159541e-05
12768	4.261959797233301e-05
12769	4.31563108551638e-05
2511	3.130002021159541e-05
6704	3.130002021159541e-05
8949	3.980053786973201e-05
12770	3.130589850213725e-05
6373	3.130002021159541e-05
2961	3.130002021159541e-05
3417	3.130002021159541e-05
9102	3.130002021159541e-05
12771	5.321665768653161e-05
12772	3.130002021159541e-05
12773	4.326071914194499e-05
12774	4.401325311616155e-05
12775	3.130295967477607e-05
7081	3.130002021159541e-05
12776	3.130002021159541e-05
12777	3.130295928058763e-05
1447	3.130295967477607e-05
