3478	0.001568776136908573
2017	7.746305413362979e-05
13209	7.936871330690051e-05
9220	0.0018398249242477021
11235	0.0003546570679261605
11121	0.0001902563056655841
4896	5.937400412244405e-05
1543	9.100355521159334e-05
9469	0.00026507949970010805
1986	4.279814337377911e-05
5993	0.00021616417009214165
966	0.0009564757036252354
3300	0.0002662899591945169
3632	0.0002739578891026224
10436	7.605737064047113e-05
555	0.0002695359470777089
3451	0.0001247093022417599
82	0.00039709074347233985
21	9.546569577995845e-05
4962	0.00040122408126258633
13123	5.2594705937195464e-05
3700	0.00025207794626391067
6925	4.2504752514135286e-05
64	0.0003049926933387959
4981	0.000139507689125032
27	0.0019945031760361786
8202	8.54430373352957e-05
1258	0.000556524503494229
1789	0.0018962786734265421
1166	0.00011263520921135151
11059	9.654100586483711e-05
4795	0.00016274361330557868
4278	0.0007164697712844375
4459	0.00013365915709233616
7163	0.000293255307503773
10369	0.00018364557924842052
13101	0.00011195635089784615
1948	0.0022761135531682796
4536	0.0004483537861174264
1768	0.0003461259832269188
5879	0.00043897236259082497
47	0.0005699594214245545
4456	8.541720342466025e-05
13661	0.0002548391124673381
1659	0.0038768870500651633
3358	7.356256716324218e-05
9714	0.00012064512825644134
989	0.0017397098158844415
1193	0.004337989005079801
13894	8.61782051568202e-05
1408	8.484466583190894e-05
1303	0.0005704686800193542
9100	4.2504752514135286e-05
89	0.004438656721478114
4925	4.2504752514135286e-05
5857	0.00023257056559416144
10932	7.863488404711688e-05
112	8.730018944268889e-05
12883	8.588705458655073e-05
13825	8.32925532594156e-05
13895	8.306970874694145e-05
98	0.006479040697687429
6533	4.2504752514135286e-05
6571	0.0011159084490550944
1674	0.0019277193183171062
4403	0.0001234177777574387
12535	0.00011509907889273668
5366	0.00022420530902686714
9594	0.00019203076219070865
2592	0.001279004310491312
8990	0.0001330871985043167
2963	0.0002226642345305577
10156	0.0004068054769717076
7550	7.684490358467986e-05
1062	0.0001084262079239354
63	8.074960615549271e-05
6823	0.00047314673685486697
11910	0.00010360611371320434
13896	8.538192510614337e-05
13596	0.00045631275567312857
2082	0.0005134039571468847
535	4.2504752514135286e-05
1180	0.00042976741436082214
397	0.00011391266432274111
6721	9.399928444059279e-05
6771	4.2504752514135286e-05
2553	0.00017949214781873206
5286	0.0006396976999849949
3024	0.0002050815031703479
13897	9.200566495808302e-05
2493	0.008112904386790968
6641	0.00013405534784328776
176	0.0039174108087995565
7480	0.00023207446242511242
7532	0.0005024566674562682
9155	0.0010408207946189445
1887	0.0005578031252432041
6404	0.0001617472493665384
306	0.0017159325122767576
5294	0.0006595233688204347
13898	5.339029165664545e-05
2731	0.0003436333373430823
12902	0.000328635350977232
12588	8.602952149417682e-05
12664	8.646931703831784e-05
6864	0.00010120519044131673
9033	0.0006250816547959059
6817	0.0005434383800508851
9899	0.00016878365440964918
2933	7.506615779320273e-05
7026	8.836364847430635e-05
11558	0.00011156327145092913
717	0.0011373993589588887
13002	0.0002680043703588426
8567	0.0005348725153538977
5806	0.0002904851222583397
546	0.00032743805892127914
874	0.0001443460506900658
1332	0.0012084802872297643
12172	0.00010410341864057655
4120	4.2504752514135286e-05
31	0.0012387498489230416
8661	4.2504752514135286e-05
2004	0.0011436932068505635
1396	0.0007772005011265962
13120	0.00012809885002435805
1334	5.662393704772252e-05
5829	0.0004511039614746815
3367	0.00029635503994460897
642	0.004477425761213527
2983	0.00022600230500709415
4418	7.513045650203608e-05
13899	5.641318420962182e-05
4749	7.363341505305676e-05
5657	0.0005155904343709092
2952	0.00010787175599028331
11064	0.00013013701395553367
3163	8.189013190740971e-05
3852	4.2504752514135286e-05
181	0.0003765456364006738
1138	0.0014775091502892863
4764	0.00028559215735498916
7349	0.0007158896430942631
1862	0.00015053974328915035
10768	4.3593953312348544e-05
313	0.00031083995825760644
1049	0.00035514398532378777
2685	0.00033767182120210024
2675	0.0007036535282955545
6167	0.00028685512549176295
4910	4.2504752514135286e-05
5619	7.870983222297824e-05
1803	0.00022383621675393293
7346	0.00021653484980665148
8209	0.00015860161569610775
8104	0.0001564420423593965
1152	4.2504752514135286e-05
1251	0.014825641546208124
7353	0.00011615260990522591
1609	0.006070322878483377
6008	0.00045869595181253576
1132	0.000138791138979603
12676	9.102437628744046e-05
804	0.00018917408574150476
4151	0.0002936037749454174
278	0.0002719886479687582
10588	0.00011494733973676735
403	0.00023119471062730976
11885	0.00016237163920456365
7282	0.00022366654568142536
4828	0.0001496788170593311
102	0.0001625014319592402
7407	4.2504752514135286e-05
6441	0.00013576750678070983
7996	0.00010252536294217006
2834	8.477308058379052e-05
9371	0.00011039078546154892
4184	9.606629233072827e-05
12724	0.00012203771489732604
519	0.0003173906418291194
6004	9.649085760420905e-05
683	0.00048040485533033415
5691	0.00012583243286184357
5503	8.73296235396209e-05
9446	9.9719091172223e-05
13828	9.029449918466909e-05
8736	0.00014739778183715392
10913	0.00013907105317336306
13137	9.066855233565388e-05
9211	0.0003043505848638795
7130	4.2504752514135286e-05
7681	4.2504752514135286e-05
9867	8.631833639192598e-05
11021	9.391397864615591e-05
771	0.00031818080236447124
4041	4.2504752514135286e-05
4902	0.0007885017662390512
6724	4.2504752514135286e-05
424	0.0004448240758618399
3099	0.00013031699452833363
9685	0.0006495184053092693
10791	8.812715223987497e-05
10629	6.0706304197365686e-05
4137	0.0001677602104070869
2740	0.000587504898261832
7326	0.0016310381952120698
13590	0.0006202988775604251
13177	0.00016515327342408697
8288	0.0001178040391576558
13900	0.0006247467582585664
0	0.009340999977262798
9851	0.0026213279920014377
6473	0.00014624565547267335
13267	7.826565029016882e-05
3146	0.002468332282017708
4885	8.877742434677493e-05
12258	0.00029180291873902005
845	0.00021685086186429143
4921	0.0002923162008720968
1885	0.0008378121450067288
11340	0.00018620566208976544
8391	0.0004159965576503019
3633	0.00014733398235364923
2196	0.0003863599390213708
212	4.2504752514135286e-05
1239	8.493665431382418e-05
4500	4.2504752514135286e-05
77	0.0012076946165286468
8250	9.66535252774188e-05
3388	0.0009074600401695813
4695	4.2836720322566786e-05
2134	0.00027939813545409714
2110	4.2504752514135286e-05
3243	8.906039575214218e-05
13604	0.005555746323841225
11594	0.00014587713320194507
4777	0.00043893169651831095
8794	0.00011881714831263164
10915	9.868583703526911e-05
4837	0.000618429707011677
3013	0.000200230871269971
13233	0.000108994927103991
8475	0.00012067663389744759
3566	0.0006913173645154374
6427	9.301944673219357e-05
80	0.012854539216428281
3494	0.00017874450152082917
3514	0.00013600855484853064
4589	0.0008689986760549602
8365	0.0001128549250157777
12142	4.2504752514135286e-05
3906	0.0002568202351988634
614	0.0008106859642821624
6546	4.2504752514135286e-05
6932	4.346798874985851e-05
3283	0.006763748101004516
1977	7.831085078949856e-05
2351	0.00029048103298896723
2408	0.0002583572280155682
773	0.0033357620464600944
4702	7.863488404711688e-05
5422	7.189609637371834e-05
13074	8.711182635189053e-05
1344	0.0010280288037273402
2838	0.003663427562688554
3801	0.005444173495046739
6257	4.2504752514135286e-05
960	8.54535182839941e-05
6106	0.00030130738799143754
13901	7.312105352466562e-05
13902	0.0004910553677362544
13712	4.2504752514135286e-05
5167	4.2504752514135286e-05
1952	0.0001367991652833608
9348	0.00022759225323063566
3732	9.009351115614683e-05
11687	0.00023660337999517546
8413	4.2852749476128405e-05
13186	4.27871583755162e-05
5704	0.001238678560295826
9680	0.00028821590821096225
5880	4.2504752514135286e-05
412	0.0010966349442817446
8066	0.00013289918256652778
12415	0.0002626572493148035
3615	0.000374893428648419
7115	4.8618008062022933e-05
3638	8.974684927285615e-05
13903	4.2504752514135286e-05
240	0.006126774977975675
10343	7.929903622638551e-05
1507	0.00015150015386585647
9576	8.687242860255586e-05
11814	4.2504752514135286e-05
9284	0.00019539700417391332
3457	0.00025590821445849936
4044	0.00019978828088759542
10165	9.960463391013293e-05
7122	4.541108843519651e-05
6305	0.00031901088295928977
13904	6.169982731298291e-05
2163	7.964157842796121e-05
11752	4.2504752514135286e-05
86	0.0005857233463328809
557	0.0011521944058946743
264	0.00012346345134740797
13905	0.00011067014550811285
8549	0.00015121412430792107
12753	4.2504752514135286e-05
1578	0.0004337751505822149
7161	0.0008871772780487436
12827	7.692658286050444e-05
2403	4.2504752514135286e-05
4721	0.000558694920026862
1314	0.00013663068241246602
2968	0.000298129826269712
13906	4.2504752514135286e-05
51	0.004429696074532485
7581	0.00031670078885116505
7492	0.0008888603654591823
13874	0.0001974095610996789
9566	7.972241388258332e-05
12968	0.00029454440743979186
1836	0.00014510200527871213
114	0.0006188414352514122
838	0.0028995008564612233
2256	8.298756167432155e-05
12502	0.0005108366614500999
2605	0.00014806050934525503
9501	8.758055924316108e-05
1073	0.0007249415690990881
3268	0.0007915592405447957
11956	0.0005460850461464698
1210	0.00044765216187554155
40	0.00021119616526578278
1475	8.87245568787285e-05
2209	8.182633566302256e-05
11967	0.0003522060250922813
6512	4.2504752514135286e-05
12458	9.636026238882793e-05
6947	0.0001180706410331185
7660	9.173237712070369e-05
11408	0.00013999627371069634
1282	4.2504752514135286e-05
1999	0.0002811413354748937
4497	0.0007998342689199122
3479	0.00017998257443205975
510	0.001961093301233467
1086	0.0005390372673887141
53	0.003180955525091826
11491	0.0002658214757923585
11257	4.2504752514135286e-05
5270	0.006878182815834988
4204	0.0002451463469035299
1039	0.00026783407629719626
8881	0.00019544040863880366
11907	0.0004064880945416249
13907	8.291212537073949e-05
2539	4.2504752514135286e-05
11369	0.0002740040005275604
1886	0.00011616983176735262
3788	0.003012330205832523
6892	8.460552840315545e-05
1743	4.2504752514135286e-05
2832	0.00010016281449588417
4918	4.2504752514135286e-05
5478	8.193341234465609e-05
10868	4.2504752514135286e-05
647	0.0004149312158918258
1070	4.2504752514135286e-05
4168	0.0006211957492977683
2921	4.2504752514135286e-05
6742	0.0002461962753251293
11259	0.00015446390634242668
13908	8.541706351425737e-05
1329	8.57699123161809e-05
2346	0.00030047531627666065
10205	0.00013552371475302648
3438	0.0018671792791826402
13437	0.00032211092386878314
3186	9.066237201625925e-05
7893	0.00027105923197358556
1286	0.0005920919976002585
4763	0.0001382214475758232
10028	0.00010827610486864521
1310	9.297792860348203e-05
4990	0.0025382013833088824
6111	0.0001057509348752772
13909	0.00010137131402856414
5483	0.0001491947709819216
4703	0.0007425749929369384
8277	0.00035001356169736997
8233	0.00022589982545723097
2123	0.005326807905445337
13164	9.992756137327258e-05
11054	0.00014863303197957913
6306	0.0004800203803400799
9935	4.373922744052241e-05
6912	0.0001673354957673587
9435	0.0009065350190115417
11060	4.2504752514135286e-05
924	0.00010033390796381793
4915	9.907353176857699e-05
4847	0.0015492276512436372
9988	0.0001457648475179194
8076	0.0005940355777620664
11028	0.0004089120598342755
9340	4.2504752514135286e-05
13910	7.811813401876496e-05
10806	0.00018110329575912553
1451	9.505441043165661e-05
1339	0.0007454299164216506
12278	9.13385018725388e-05
6833	8.817874689150484e-05
10609	4.2504752514135286e-05
3361	4.502832791729262e-05
3076	0.0002645131542502324
716	0.0004219251062876208
13911	4.2504752514135286e-05
9895	8.073296350469706e-05
4481	0.00015663476200990375
3383	4.256392345078399e-05
2263	0.0003747392860446743
4250	4.2504752514135286e-05
7479	9.161836175814811e-05
5034	0.0002938707671390479
2752	0.0002534363420161654
343	0.00013904694375213748
8560	4.273947835889332e-05
311	0.00017593094679547303
13808	6.014158821641181e-05
13912	8.773007932415749e-05
10105	0.0001339423620148733
7238	6.820905587261315e-05
7046	0.00017918051923565515
10530	7.60545262731388e-05
12370	4.2504752514135286e-05
4732	0.0001200871392418813
1660	0.003142121494850205
9298	0.0002042248977421184
12175	4.2504752514135286e-05
2036	7.36154415247501e-05
492	0.00018759501238219855
885	0.00039332169321318106
13913	8.789518547887512e-05
5999	0.00026979546459041364
1821	0.00037379879036967054
4970	0.0009730001199499842
247	4.2504752514135286e-05
4986	0.0008170581796431472
2371	0.00010660611792894526
1419	9.524118952233525e-05
1293	0.00025709093059309956
521	0.0009537155675284177
13502	0.0008131749543526026
7625	0.0004972874865728387
9122	4.2504752514135286e-05
677	0.0006636916799430319
3699	7.994275491981167e-05
12073	8.037866554053488e-05
11032	0.00016862102488399483
319	0.006743918385014991
13914	4.3895157566201764e-05
7048	0.00033990234651571526
2846	7.475400706554377e-05
6274	4.2504752514135286e-05
1778	0.0008004819252905144
229	0.00017596671981592432
3648	0.0004573463583739955
641	0.0021192133944589846
8382	4.2504752514135286e-05
3244	0.0007644628444148159
12163	4.2504752514135286e-05
9575	0.0001398503991528951
11136	4.2504752514135286e-05
1613	0.0002031568342031355
150	0.00015757341884848564
4457	6.39427798948502e-05
8505	4.257417477899273e-05
1295	4.2504752514135286e-05
1036	0.00013100158513072626
3046	0.00019907922852298955
11213	0.0010385277729333528
2293	0.00021137045274221511
2841	0.00040617740929268554
4836	0.001753060834759529
9192	7.432672883508744e-05
11670	7.69226097511597e-05
3795	4.253448298306459e-05
6452	0.0003948890079955972
3549	8.102474476200227e-05
3195	8.270728777620454e-05
11981	0.0005943504591686542
1218	0.0006737323990635461
3595	0.0001102619163113112
3897	0.00014216990620774175
13915	8.598180806679092e-05
6662	0.00012808000222676186
8898	0.00027527943947645134
13916	0.0006641387468368146
1011	0.00010440967871945984
3352	0.00016262198405140414
765	0.0005696147657111044
6607	0.00012507590687153372
13027	9.551718067766861e-05
7987	9.120917804801779e-05
12819	9.8992472089777e-05
1576	4.3024181159140335e-05
2919	0.00011619143686772139
6880	0.00011494696069864159
543	0.0008508460504723917
5404	0.0004464222468406803
11570	4.2504752514135286e-05
7782	4.2504752514135286e-05
3258	0.00017886820511675021
3482	4.2504752514135286e-05
487	8.8255788163214e-05
12908	0.0004824072444294219
9137	0.00018235601433212284
5240	8.05173405706217e-05
6799	0.002452297795496445
4651	7.77320676676502e-05
2977	0.0008767423727877813
7687	0.00022299362474567056
13776	8.837194344258747e-05
4697	0.00019648119214954433
1446	8.526476226533995e-05
833	0.00014933376752436923
10386	4.2504752514135286e-05
6083	0.0007482512035374046
11713	9.137945455277624e-05
11615	4.2504752514135286e-05
8646	7.771754519940853e-05
8278	8.015996990452634e-05
13917	9.802457407828951e-05
7800	8.694753993936937e-05
4538	9.560758015754033e-05
1993	0.008108505472048423
13827	0.00010934119207271241
562	0.00017928631875426725
7739	0.0002056106088165382
8004	0.00012853192190755023
2520	0.00017998281714938377
13918	8.759760426984837e-05
1651	0.0007978896677859002
8741	0.0009535338016167471
5330	7.522220049708313e-05
1551	0.001577044260647567
950	0.0006892100489515631
5721	5.607737632112975e-05
1079	4.2504752514135286e-05
3696	0.00011222657841729374
11630	4.2504752514135286e-05
2089	0.00024897545834690613
2243	0.00014014374489384655
143	4.2504752514135286e-05
5278	0.00011360036749091503
958	0.00012074856240370824
3635	9.388959223627095e-05
1947	7.32756359496569e-05
159	0.0006603506684339409
7836	7.359883688962991e-05
2452	0.00010512367583663469
233	0.0003163520938931912
4873	4.2504752514135286e-05
12970	0.00044574440904462557
13919	8.47185615522774e-05
11529	8.79326222151385e-05
9504	0.0002640122613599109
9805	0.00017605950653544746
1466	0.0002076525822089426
12129	0.00011099280512124319
7311	0.0002687876234175437
3762	4.2504752514135286e-05
13920	4.283001037946742e-05
2019	4.2504752514135286e-05
5891	4.254548224715115e-05
13921	8.483436182084254e-05
3827	8.504305559272958e-05
7765	0.000537573495625214
912	0.0010240134191418196
8575	4.2504752514135286e-05
2016	8.20052138844927e-05
700	8.329188706492224e-05
1943	0.00015930027089632094
7672	7.785988323245708e-05
4109	8.133216978740556e-05
163	0.005098338738317973
7153	8.446162450929205e-05
13922	4.328134903044347e-05
5966	0.0001087385008433932
3035	0.0004814566136808351
6162	0.00047754231952774293
12979	0.00013626651998058242
7635	0.00041378995935267366
2662	4.37512786304662e-05
13730	0.00011614172930584903
4330	9.993315733249373e-05
10873	7.69408895615348e-05
8504	0.00021848637987452796
7679	0.0002973170109893529
7214	0.0004604362003339151
931	0.00014938154760065004
4404	0.0006816354673830373
4022	4.2504752514135286e-05
11604	0.00011765029396749004
1667	0.00027990720649126287
12572	0.00014696819652628592
1035	0.0015942335333242162
52	0.0002812478927407632
3141	8.576597100938915e-05
4434	4.2504752514135286e-05
6790	0.0003724357475067282
2380	4.2504752514135286e-05
7594	8.912070012256137e-05
13339	0.0002448360487637047
11342	0.0002683988247386649
4530	0.0002243782959549211
11404	0.00013181511553533566
205	0.0013293198738175032
13923	4.810775310656426e-05
3012	0.00025656223365728634
12021	4.254771062675666e-05
12850	0.00012499022570378355
4772	0.00015078930506407437
9264	0.00011682477434730814
390	4.2504752514135286e-05
2000	0.000829602986658113
1607	0.00039200284211017474
2278	0.00031277671682189114
5	0.0007678311357390747
5886	0.0002148667088821566
7204	8.333896236071178e-05
4323	0.0006821753788046997
1249	8.010353815435527e-05
6907	0.0002071372361397911
9395	4.2504752514135286e-05
3919	0.0005433088956316053
5409	0.00011307630221313379
5564	4.2504752514135286e-05
5448	4.271678708378847e-05
13924	9.200566495808302e-05
13573	5.180834833240866e-05
10861	7.931904429464055e-05
11894	0.00010948354382046352
13925	8.68031827808895e-05
173	0.00040267188264865036
4147	0.0002599971899136543
13857	8.783424163369374e-05
13750	4.2504752514135286e-05
3289	5.1572140644023575e-05
9351	0.00010886699831801579
155	8.508110665035057e-05
3419	0.00016609586553232748
12912	6.261150098094186e-05
3107	4.279772296694631e-05
13183	7.542256416723798e-05
13926	8.501600381977157e-05
13927	8.6580840108155e-05
813	0.00015560791160898368
6215	9.552720048732342e-05
10751	0.00011238196446635505
7051	4.2504752514135286e-05
217	0.0004798652794861478
3740	0.0003933086125787548
3969	0.0008401852593939911
6026	4.2504752514135286e-05
12744	0.00013213353404739413
10342	0.00010129411614514185
1415	0.0001277550182532736
4658	0.0004150457904212782
12524	0.00014968260623517447
2614	0.00013662485992323978
790	0.0010742341328302046
2229	0.0025828249545846674
5285	0.000783806497624082
6820	0.00014780110473194144
3694	0.00026233783240620356
4399	0.0004850135295619553
12327	0.0001298390272222836
4344	0.0001321760346321406
3157	0.0006223041316916905
10599	0.0004036472761228213
5465	9.652686599387643e-05
1483	0.0003385063672620841
10807	0.00046284739207789387
7148	4.2504752514135286e-05
2636	0.00026163556860875234
10954	0.00010968492081121217
4281	9.202484955221114e-05
1628	0.00010162812090387671
601	8.073578753117143e-05
7402	0.00030457492781582347
12249	0.00033550614108286925
1906	7.98803071740662e-05
746	0.001442405355990645
7118	0.0008034164270146768
3399	0.0003282677998060733
3114	0.0008925485431679776
4659	0.00029931274609755796
670	0.0003071992384119434
195	0.0033936991465079403
2563	9.074386073718425e-05
7401	8.500136799934407e-05
7430	0.00036931522551339637
12546	0.00017809730977080064
6902	0.00020420304336229287
3927	8.772036986752659e-05
11933	0.00036475431129854305
2741	0.0004462925001363764
4614	4.2504752514135286e-05
13928	8.497293979558963e-05
2750	0.00017242554845669513
3001	0.0017934615666419806
6145	0.00011930455575117499
4758	0.00012814867531124163
5762	0.00010057831315566436
11234	0.00025240699458707486
12875	0.0002455963960167125
7940	9.564758282841647e-05
13614	0.00013393636550154277
6821	0.0005345265540181468
4356	4.4789654137768896e-05
1725	0.0001610878905609056
9400	0.00014265278751672913
8064	0.00021991793680511634
7817	4.2504752514135286e-05
13464	9.495988907942538e-05
5802	7.925294023069807e-05
13929	8.734121714237713e-05
2337	0.0015875324079181144
4750	9.702421963409482e-05
4068	8.56269487174227e-05
4761	0.00017263185812322585
1442	0.0004929884595068979
1950	5.069999319251794e-05
7520	0.0002941206069167444
11453	4.271778690725349e-05
6324	0.0001635735159150358
79	0.00014871156530673596
1009	0.0004102281906534545
12836	0.00011311148512607592
8480	4.2504752514135286e-05
4105	0.007735192063900866
2941	0.0044847546040437305
6559	8.151915542172459e-05
528	0.00022576474784175674
1269	7.583978977165567e-05
5791	4.2504752514135286e-05
8148	0.00012680839275775897
10747	0.00012825047226815153
93	0.0003954774931871569
10091	0.00011735792198147281
8960	4.2504752514135286e-05
13930	0.00010317383479071574
1691	0.0001967219780297038
4922	4.2504752514135286e-05
10102	0.00047488895697698455
8598	0.00017616540930758505
9756	9.255902712716589e-05
10074	0.00011011757213046412
8273	0.00023343137495694338
1951	0.00017443369627901878
10966	4.2504752514135286e-05
10069	0.00029177943480355827
7240	0.0007972831922747288
5259	4.2504752514135286e-05
4774	7.204108724633042e-05
1231	5.3159884206752925e-05
13741	7.490783684146417e-05
480	4.274010317136231e-05
774	9.781740494802343e-05
12849	0.0002072163954984013
13204	0.00010497447116947345
7609	0.0005356485249969012
8980	0.0005578134558112736
171	0.0002882320005855865
10256	0.00015359222035281865
1684	0.00010020788497240877
13743	0.0001294860935203304
13592	0.0005473159269502693
1248	8.672819292905376e-05
5778	0.00014086179068834427
13931	8.598180806679092e-05
180	9.014943178905997e-05
13932	4.2504752514135286e-05
10390	4.2504752514135286e-05
13184	9.136406055811316e-05
7452	8.09604897605385e-05
12539	0.00023462172103808288
7709	0.0003358654387381977
1406	4.2504752514135286e-05
7388	0.0006720778668681378
7325	0.00016794453447188095
4822	0.00023651568428000405
2052	8.118920890398937e-05
6375	0.00017656719800742508
6884	0.00023594489366117406
13618	0.0004200935141614823
11684	0.0002717684047991046
651	0.0021812412776072523
8601	7.157459377897335e-05
13648	4.2504752514135286e-05
2330	0.0002730672689171756
6169	0.0007025552735382267
2871	4.6028919097023234e-05
6832	8.165299475331716e-05
2040	4.2504752514135286e-05
4114	7.272652705701408e-05
4234	4.2504752514135286e-05
4862	0.00045132578459041497
13113	0.00011717721925703922
11740	7.348428598727695e-05
1600	0.001712211957095752
2442	8.86792246195115e-05
13933	4.2504752514135286e-05
57	8.976570395869261e-05
9325	0.00011159797059032419
3291	0.00010139827366641423
7871	8.165293622979459e-05
13518	0.00013393259988887503
12356	0.00014804617686499025
3876	4.2504752514135286e-05
13337	0.00019146055631185207
1382	0.00011055913237994163
1000	0.0001671567582211451
3237	0.00015736329155653116
12349	8.007370780984243e-05
11842	4.2504752514135286e-05
13646	0.00011974264141276485
3284	8.563613107766578e-05
6945	4.2504752514135286e-05
5577	9.933964157604803e-05
13524	0.00017574484550490521
13302	0.00020896500181444576
4569	4.296818830605102e-05
13934	8.686794727736399e-05
6565	0.000725082611334152
6708	0.000631287574996779
10871	7.79342810387787e-05
9245	6.67685426242389e-05
2277	0.0002565432393171332
1822	4.2504752514135286e-05
4740	0.0005559220065136022
3150	0.0017585615028317609
13805	0.0006454241340883537
12590	0.0003151565543326846
1353	9.679265239079002e-05
7484	0.00011629532667420216
2682	0.00035716664074869826
5707	0.00033296813399971784
13325	5.299839212872951e-05
13432	0.00012406035234347024
2238	0.0005634084943362792
9373	0.00020065157097085633
10555	0.00023019286493645963
10215	0.00014517552580547942
9183	8.383544116519144e-05
12684	4.2504752514135286e-05
10490	0.00010759777711888098
943	0.00029765883649429106
13935	8.745721654560468e-05
3609	7.391979956890523e-05
10925	4.488756645287161e-05
13861	0.00012994801665360515
415	0.0019366963222267703
5331	0.0004982504353292966
13138	0.00010138746403785213
928	0.001218893500253132
3033	0.0022503817981675157
11308	0.00010925276243211788
13678	9.197026078996184e-05
7974	4.2504752514135286e-05
7034	9.493165813557333e-05
13078	0.0001346509821387058
7147	0.0010337636659362123
13936	8.773007932415749e-05
672	0.00039134225114315833
8924	0.0006328867549108532
3389	0.00011426197698755457
5418	0.0003846518507584316
11194	0.00021263163091752132
10554	9.61207720180482e-05
13328	0.00013208291718054348
12612	0.00014119568047217393
10752	0.00011194224414759794
9169	0.0013148592794917284
13937	0.00015574914495188454
13938	0.0002534806066669194
4602	0.00011719816018952145
9907	0.0004866819759924393
645	0.0003837450737938804
6873	0.0003166038468612434
8307	7.66884273223225e-05
12210	9.095673194971715e-05
1448	0.00012776705200134365
1133	0.0005303928074690282
13174	0.0001059534133411621
3612	4.2504752514135286e-05
197	0.00017338108405884678
5041	0.0012944000936632694
2370	7.519632195569613e-05
13939	4.2504752514135286e-05
13300	0.0002627920496425179
6729	4.2504752514135286e-05
13710	0.00012019774109684118
652	4.2504752514135286e-05
9829	4.2504752514135286e-05
9148	0.00011658909126969715
3597	7.866964298770566e-05
7259	4.710227310140411e-05
11666	4.2504752514135286e-05
12255	9.789796156914947e-05
7950	4.2504752514135286e-05
5883	4.2504752514135286e-05
9806	4.2504752514135286e-05
744	9.21376987254635e-05
8205	0.00011917759791152583
5477	7.736119938110401e-05
568	0.00012467229413994554
242	0.00018810657481575178
657	8.736933358626883e-05
7127	9.005021213990939e-05
12516	7.834981247535466e-05
2730	4.754515283000578e-05
5765	0.00014088487108127572
1763	0.0005758491660403902
2193	9.786701967429926e-05
2814	0.000537820126130764
11056	0.0001229282708796399
8293	0.0001270444559018516
2083	0.00014245488833989958
13940	8.541706351425737e-05
4421	0.00039544655639044384
11061	7.462258035599158e-05
13941	4.2504752514135286e-05
5020	4.2911448940936926e-05
4517	0.00012912148661569265
11013	4.2504752514135286e-05
2713	0.00010731724855038717
6164	4.2504752514135286e-05
10314	4.254613612138551e-05
10942	4.2504752514135286e-05
13677	9.197026078996184e-05
1500	9.777598364138775e-05
449	4.251780742703614e-05
8444	0.00045643501895419546
11081	7.647697361209256e-05
1566	0.0014330307149204875
10462	8.989180803193036e-05
8312	4.2504752514135286e-05
11774	4.2504752514135286e-05
5611	9.314244118325385e-05
8156	8.142560055607578e-05
3066	0.00015294018730200988
4884	7.996164449930579e-05
10120	5.136509847125533e-05
2257	0.0001940731052665323
13613	4.339957918343424e-05
13942	4.2504752514135286e-05
526	0.0005138751678426258
6433	0.00020554725630183941
13943	0.0004899645187796698
6599	0.00019970621004362894
8282	0.00019915954532574262
12507	0.0001194631620473996
12250	4.2504752514135286e-05
3205	0.0010011110193536244
6127	0.0003940162403560622
9780	0.00010147502141894836
9937	4.2504752514135286e-05
9310	7.052220489883287e-05
6808	7.783362056161674e-05
7415	0.0001251828025044798
1206	0.0009395709195530755
10253	0.00011750380634293047
1001	4.2504752514135286e-05
139	0.0005900895347913734
12967	4.2504752514135286e-05
10919	9.681113389380282e-05
13863	8.759821552682502e-05
2235	0.00018831890429501464
1365	0.00038295443918493323
11009	0.0024385832618593036
8787	0.0007662805175773978
5782	0.00012775248979714066
5368	7.352797226382708e-05
3489	0.0004847833974546933
10260	0.00013190669226023085
2569	9.756252546232902e-05
6775	0.0001763363985254657
1105	4.2504752514135286e-05
5705	4.2504752514135286e-05
1703	0.00025182695895860087
5038	0.0002102593059106493
2964	4.2504752514135286e-05
8632	9.564284383214495e-05
551	0.00036406730403054844
974	9.258526978773212e-05
3616	0.00011317987872510308
12330	0.0001034601273513768
6191	9.578323478248585e-05
8843	0.00011960656826428976
11460	0.00023017979642494878
3853	0.0015320454423520858
715	4.2504752514135286e-05
9691	0.00016114797125712198
1029	8.446312303821539e-05
11963	0.0012647426811430212
3018	4.2504752514135286e-05
13636	0.00038938230947660723
6728	9.572262378997523e-05
1717	4.2504752514135286e-05
378	0.0012290056398107075
375	9.417865108376876e-05
12362	7.303979767933164e-05
11098	8.75987247530402e-05
10665	4.5534904636458274e-05
3406	0.0004886145269573447
846	0.0009465328730638234
4657	8.858491486360664e-05
1370	0.00017919402632391002
8046	8.508191277341646e-05
7110	0.0005956205257425429
4686	7.581685386759294e-05
2402	0.0003108834392555888
3485	0.00018260466390424048
2	0.0002236531501694992
10558	4.2504752514135286e-05
10724	0.0006243487258247231
7897	0.00015978994015764254
4223	9.130784374262018e-05
2241	4.2504752514135286e-05
11911	4.2504752514135286e-05
13944	8.60204870972293e-05
4375	0.00011556102940828999
4904	0.00017721422708789615
10538	0.0024487699771175066
3219	0.0006257718828496954
1433	0.0004598340852178906
250	0.00020301577802131618
10197	8.975855979876651e-05
13583	8.938980691268806e-05
4228	0.0003820526259145324
4561	0.0007567272501685585
9359	4.362761114523466e-05
13323	4.5143291296919106e-05
13598	4.5955121398526746e-05
11180	0.00010764760990969807
1130	4.2504752514135286e-05
8083	8.458215513684151e-05
12790	0.00045563516189747196
12237	7.696127846756035e-05
13087	0.00024283875045679682
13945	4.2504752514135286e-05
12592	9.683802747365678e-05
10404	0.0008159205948243258
5190	0.0003481292065312076
12890	4.325112399965933e-05
426	7.86243351036036e-05
8284	4.251649324145319e-05
286	9.14252287785945e-05
374	0.001980776535968838
11640	0.0003332270978033718
4957	0.00013908557737896346
6438	0.00047031690274183216
11632	0.00015375456438855806
727	0.0001576175138850869
11686	4.2504752514135286e-05
1554	7.639781399490045e-05
11293	4.2504752514135286e-05
4505	7.649157362711807e-05
761	0.00048041989749957335
12266	7.535250434011835e-05
9697	0.0002710026577198466
11113	0.00024225343133000608
2077	4.600806732570072e-05
1893	7.942554270889987e-05
12536	0.0008568330021896148
1678	0.00036871016880316
8423	9.61130994323454e-05
7990	4.2504752514135286e-05
346	0.001255757554814166
11338	4.2504752514135286e-05
6206	4.2504752514135286e-05
12280	4.2504752514135286e-05
13946	6.403317092812596e-05
2414	4.2504752514135286e-05
13947	8.780344556708216e-05
2943	9.821074368485035e-05
9109	5.870946152824662e-05
10795	9.75319937207427e-05
12683	4.2504752514135286e-05
7698	9.678182344436239e-05
1423	0.00201700052638231
5695	0.00011900736584830038
1556	0.0003184478680648242
2051	0.0005641844652278567
2320	4.396284527257146e-05
6273	4.252578713114664e-05
11820	0.00019221290742136557
5200	0.0001482273758325569
2537	0.0008114216380926334
13948	8.538192510614337e-05
10159	0.0001461884800899115
8166	8.904159330670993e-05
995	0.00015636417501530182
5464	4.2504752514135286e-05
7680	4.468622652468239e-05
1312	0.00011595830090024931
9902	0.00017679395848702023
3533	4.2504752514135286e-05
2911	0.0003580000092519919
13839	4.2504752514135286e-05
3671	8.091011109403249e-05
13698	0.00018690425329372613
8583	0.00010004069367739349
602	0.0018228057893224338
6889	0.0005767858102160004
223	0.00019350642744401177
4023	0.0006233114238459935
12552	0.00010635584035971742
13949	0.00020887317397394776
6537	0.00024359467461361852
11568	0.00011869249458851489
9560	4.6152429316887834e-05
9258	0.00018792269581663983
7952	0.00011006651012529856
1816	0.00012165233668382709
3057	0.00156367516383588
5106	4.285643907065264e-05
7654	0.00010291750460005613
6891	0.0019621394738202303
1296	0.00015347324224220787
13414	0.00023648845753856875
3517	0.0001255816435567986
13732	6.667086855932937e-05
4401	4.2527904780591074e-05
10327	0.00014874941763492867
530	8.890662407278727e-05
3882	0.00011795176874299402
1277	4.9257400129002596e-05
1630	0.00014560846361253002
629	0.00017457508295253566
8033	0.0003605478106259388
186	0.00046041960163412603
1345	0.00038434768364485367
2138	0.000280005447708702
3920	0.000515836598323831
7187	0.00013377486919140385
9254	0.0001842996078434254
6381	8.621072048813378e-05
1545	0.00018085108296663212
3914	8.58638419680699e-05
4159	7.678604000402976e-05
11174	9.560708327292612e-05
8664	0.00012057389128532678
11972	4.2504752514135286e-05
6338	0.0006327943733899501
5607	4.2504752514135286e-05
13517	9.369272113426099e-05
4956	0.0003992236000320215
13243	0.0004315369532650853
907	0.0001175114493653292
12833	0.00033105032852253713
8682	0.0009728131531271698
579	0.00041986078606797735
11215	7.899041776124292e-05
6072	7.80776603726851e-05
12119	0.00011804622468229961
6315	0.0004267860199583725
576	4.72015428850565e-05
10625	0.00012571472417817565
11489	4.2504752514135286e-05
13950	8.595503299292412e-05
4448	0.00012143039294871605
477	7.666545623931443e-05
12589	8.525466140636983e-05
13470	9.661997366811566e-05
2533	0.00039377734383752735
5825	0.00016933209070387135
626	0.0009361620441042104
273	7.2739675163914e-05
1325	0.00027829372929217975
1840	7.893114771642428e-05
6326	0.0001393223674914428
12757	5.069933734149169e-05
11356	0.00030155657000706544
13885	0.00011793140360720594
1788	4.464663542961854e-05
10186	0.0005848707136780969
1641	0.00010796391837852981
1900	0.0001302404050394263
37	0.0001376310660380336
2454	0.0003081247518454721
8495	7.44430414118421e-05
11324	0.00010598804426823483
11057	8.615669293533844e-05
7062	7.844025515974553e-05
5440	4.2504752514135286e-05
3542	0.00112635061399939
5295	0.0001443393358925719
8349	4.2504752514135286e-05
204	0.0001620458079390538
3665	0.00011641382356637238
9513	4.2504752514135286e-05
13951	4.675654851487164e-05
4206	0.00016252695608773377
1449	0.00014407478236439823
13425	0.00032490633959824213
2324	4.2504752514135286e-05
1109	8.338512563563064e-05
8618	0.00022078977820645434
8915	0.0003176499295016243
13707	0.00030168584469324
1443	0.00034333908935089123
1625	0.0015454334787942806
12271	9.044432253380133e-05
6158	0.00012792098597330366
1333	9.12482543188219e-05
1471	0.00019026742686662276
2043	0.00024473734152228454
755	0.0003428748523566915
1727	8.236139916615539e-05
9081	4.2504752514135286e-05
11760	4.253636866328131e-05
11472	4.2504752514135286e-05
2659	7.863488404711688e-05
3487	0.00018042467033037125
7879	0.0001223538057626815
12859	8.628405294995009e-05
5484	4.2504752514135286e-05
8587	0.00015482929644385928
1280	0.00027178249557605907
2900	0.0003797154496892516
8486	0.00014761654241325143
11755	4.2504752514135286e-05
13952	4.2504752514135286e-05
9268	4.2504752514135286e-05
130	0.0019289382711371078
11134	4.2504752514135286e-05
2340	0.00013145650181370437
2928	0.00047716158242313433
6387	0.00012141390237852009
10487	0.00017511189595902638
1959	7.757266429447141e-05
11411	4.2504752514135286e-05
13953	7.583161212973718e-05
5834	9.814776463977623e-05
4643	0.00019840950035609147
12981	0.0008795031881406128
7351	0.0001307861919357377
10564	0.00011842191315610922
3147	4.2504752514135286e-05
8047	8.120202333578919e-05
4329	0.00028740022620829975
2522	9.05788894207921e-05
2305	4.2504752514135286e-05
983	7.712957863797824e-05
10582	9.073143585366139e-05
3649	4.6588863012945654e-05
3830	0.002710757125372107
11300	4.2504752514135286e-05
13954	7.18812494756642e-05
7085	5.41740534363007e-05
1799	4.2504752514135286e-05
1075	0.0014107626082770248
12595	0.00015717606537003388
11657	0.0003810474416817436
4917	0.0011825958394604582
13955	4.2504752514135286e-05
9730	8.274123059550192e-05
6787	7.548373644198568e-05
141	0.0003867082045739281
13673	0.00040003686254345765
4417	0.00013447472003598888
13956	8.501600381977157e-05
772	7.83789016307401e-05
497	0.00011598928730236719
13824	9.877827383639754e-05
252	0.00020498673385777969
13840	4.375070730587319e-05
13119	0.00011004133367767239
6043	0.00011702999778542958
7901	8.683331854168142e-05
12103	4.2504752514135286e-05
4366	0.0003663928895675704
292	0.00010495694729701534
13957	4.2504752514135286e-05
2590	0.00038522197174855764
6236	0.0002664815859987629
11104	0.00011677743441426965
13605	0.00013983336210957113
2765	0.0001294018856973401
8404	4.2504752514135286e-05
13958	8.674961038733736e-05
12786	4.261218252301052e-05
218	8.09515170020364e-05
1807	0.00031162457110137163
8337	4.488514217082348e-05
11560	0.00044577799339828053
9666	4.2504752514135286e-05
5975	4.2504752514135286e-05
6725	8.076560910298808e-05
3392	0.00018203217505519847
13959	6.160316452764867e-05
9452	0.0009232122641566576
4610	0.0012061734406477913
4939	0.002075742906715018
10480	8.654382279270051e-05
158	0.00014418126485685377
11017	0.00010713954999749063
7379	9.273473102527571e-05
8825	0.0005120493793300194
10878	7.807794561584967e-05
3116	0.00022881597408282931
147	0.0009058513958913577
5907	4.2504752514135286e-05
9396	4.2504752514135286e-05
12367	4.2504752514135286e-05
4018	4.2504752514135286e-05
4800	7.485606206519856e-05
6665	0.00010506006592042456
9568	0.0001711831076676983
2658	0.0007746043736606273
5543	0.0001119014169962259
2840	7.159415595689154e-05
2381	4.2504752514135286e-05
5670	9.780392053824024e-05
985	0.00026555599594186983
6275	4.2504752514135286e-05
5408	4.479550758776927e-05
10930	4.2504752514135286e-05
11698	4.2504752514135286e-05
5184	0.0001548374718248285
1432	4.2504752514135286e-05
3443	6.668108514065324e-05
3619	0.000496576252633281
610	0.00010352668862167165
55	0.0001470714600319642
13960	4.2504752514135286e-05
4451	0.0001236166123754422
1190	0.0011160486585083803
11485	5.129460950623753e-05
9295	0.00033723377090050103
13961	6.033806698862456e-05
9170	4.2504752514135286e-05
5248	0.00017335658454830483
4903	4.2504752514135286e-05
12642	0.00011548741938161925
11878	8.192787877266125e-05
8630	0.0008642986253950726
9515	0.0008982018576226949
2316	7.68777850517375e-05
13962	9.224903172630223e-05
7743	4.2504752514135286e-05
1713	4.2504752514135286e-05
2409	0.0006025824746156619
1400	0.001038234835253241
10875	0.00012615534951329678
13303	8.375902779973201e-05
7372	8.062791025425215e-05
1131	4.2504752514135286e-05
1082	0.0004128759483235606
1574	4.3208919834661324e-05
2240	0.0001863133917834476
12593	0.00015459003358562722
10100	0.000481218158051329
11557	4.273384604305941e-05
2192	4.379823762676141e-05
8686	0.00026458786451319497
4662	7.352688352845483e-05
11154	0.0003453432819607539
38	0.00012321802020464096
5245	4.2504752514135286e-05
2167	8.43952444605732e-05
7228	8.397029211496741e-05
10659	0.00011477887247101742
9414	0.00010038259523503337
7180	9.514498480757088e-05
1592	0.00013357450123696105
2266	4.2504752514135286e-05
4571	7.6200065249452e-05
9763	8.458551935878778e-05
13963	7.01145171128827e-05
13528	0.0003082516072573406
5449	7.872832850403529e-05
2957	0.0001276834448661162
9877	0.0007779182477156904
13964	4.2504752514135286e-05
6874	4.2504752514135286e-05
3871	9.785590937998049e-05
7819	0.0010950075830489907
3090	9.167157155482556e-05
2884	0.00013407749995505833
6768	4.2504752514135286e-05
10706	4.2504752514135286e-05
1358	0.00013316677375085797
3202	0.00010322545739821859
10330	8.348423872922339e-05
13965	7.083919029866336e-05
5192	0.00024233233068001703
13966	8.345042257311259e-05
5276	0.00011166628621547619
5810	0.00014301386486359382
7056	0.0009353158129940838
8785	0.00032871190911427207
827	8.283302027002195e-05
13240	7.637775522295815e-05
2947	0.00012301512980425193
1771	4.2828543585693e-05
13745	8.27688098692191e-05
13967	8.338895819485687e-05
13968	0.00042454367439071324
4270	0.0007989326391314611
7322	4.2504752514135286e-05
13423	9.190484357458594e-05
1604	0.0001412816864598492
12835	0.0002726521539176744
13152	8.57567776170761e-05
5352	0.0004653895966639497
7425	4.2504752514135286e-05
7677	4.2504752514135286e-05
2021	4.2504752514135286e-05
8517	8.310971859812647e-05
1867	0.0013118518305033733
9485	0.0001717178685754431
3715	0.0004155021232801954
1904	0.00018401810236679252
6519	0.00024165178315451816
12262	0.00020112825811827704
11585	8.738096666027797e-05
2837	7.329695103980095e-05
13969	0.00035139606744640623
1186	8.318316524628093e-05
11246	0.0010597247056227592
11260	8.150876977940864e-05
1608	0.00015330052730293906
7220	8.02421979760304e-05
10850	4.2504752514135286e-05
2755	4.2504752514135286e-05
12799	7.751998183941377e-05
6835	0.00041745988256723654
1242	7.598555276027439e-05
7345	4.2504752514135286e-05
2431	9.842754619422968e-05
8913	0.00012021510134445579
10907	7.938654077979765e-05
2101	7.94370993816208e-05
13970	4.2504752514135286e-05
1143	4.65949487068905e-05
11544	0.0001222212715295503
3264	0.0005159741772838959
5279	0.00020086659926657152
13505	0.0012900962555356063
1185	0.000148270853600023
5838	0.0006137470052660816
3340	7.571640617466414e-05
418	0.00026380276376877386
9475	9.669378645850446e-05
12575	7.563697870200729e-05
9667	4.2504752514135286e-05
10776	4.2504752514135286e-05
1123	4.2504752514135286e-05
1555	4.286625474992493e-05
8668	0.00013290724864390872
5786	8.750068887331894e-05
10036	9.187658834810495e-05
9307	0.00011592857057208213
3439	9.312903478888665e-05
7377	0.0003541376909323203
2215	0.00014078759970444934
10202	0.00013061596932093447
8584	0.000121722028668604
2805	0.0002347394481189638
4224	0.0005584582607714701
13971	4.2504752514135286e-05
11041	8.093041657041496e-05
5902	0.00011801481574287155
13187	0.00010332598772651094
4701	4.2504752514135286e-05
7408	7.86771356248419e-05
6226	4.2504752514135286e-05
2194	4.2504752514135286e-05
7521	4.252591218302608e-05
534	0.00011212961578091325
7959	0.00016323995321479586
5714	4.2504752514135286e-05
6134	0.00021910474903643747
1321	0.0001112375471443492
123	0.0001248210272843419
12728	0.0001150697155506926
13972	8.784181287767701e-05
8631	4.2504752514135286e-05
2949	0.00012897282569366252
690	0.00012758673387282778
11128	0.00034310583102760433
10652	0.0001585296975477255
9595	0.0012555688666788254
3856	0.00012241129958714204
12148	9.450802992373668e-05
1970	8.066404225557854e-05
12518	0.00010629434123556609
1529	0.00012098534321860222
11020	0.000293125224485173
10761	4.2504752514135286e-05
11733	4.2504752514135286e-05
3953	0.0004031503120019306
12732	0.0002566325911200156
9360	7.552171599164119e-05
11527	0.00017566633907183652
2530	7.782603500223148e-05
3221	0.00011819517859182644
1071	0.00010549583733527703
10473	4.2504752514135286e-05
10470	0.00013171012495368615
1498	4.256935230549245e-05
5496	0.00017048525140004396
13973	4.2504752514135286e-05
6839	0.00013883587004284012
11494	0.0001678393352995708
11717	0.00020906623551307795
13654	0.0004771356157385203
7422	4.2504752514135286e-05
7850	7.779971843895429e-05
2795	8.203480504365325e-05
7813	8.439261847978838e-05
13610	0.00016671320778323504
7137	0.0002473393113403118
1734	5.324946096230491e-05
13893	0.0003424161870649978
277	4.2504752514135286e-05
11665	9.910628666933335e-05
13859	8.784181287767701e-05
2811	9.980891937322813e-05
1685	4.2504752514135286e-05
11049	6.263347335237021e-05
13974	8.410257131642095e-05
776	4.285321616101273e-05
13975	0.0001562350940718605
13976	9.551338567373677e-05
9562	4.2504752514135286e-05
13645	8.134015182450101e-05
7011	0.0006486362547796644
10650	7.990339273912265e-05
809	4.2504752514135286e-05
11551	0.0001737510866196216
9074	0.00019992966115629185
13626	0.0003021470344518499
803	8.745998183521932e-05
8783	0.000171325359275469
12647	0.0002295184012489079
3453	7.84739810208346e-05
9299	4.2504752514135286e-05
2046	0.0005133920932474077
13977	6.45911267639207e-05
13978	4.2504752514135286e-05
9119	0.00015243352628131125
2086	0.00022042691805853937
6152	0.00020772050826392343
10698	0.00012500843622436717
1155	9.230568319389197e-05
2326	9.81617981493348e-05
3303	7.6478452308339e-05
10896	4.2504752514135286e-05
11224	8.133083147134609e-05
4926	4.2504752514135286e-05
9022	0.00016191420876587577
12185	4.2504752514135286e-05
12439	4.2504752514135286e-05
11627	7.86454731829706e-05
1	0.0006848126671828192
6044	8.707427328646109e-05
12726	0.00018552459544476813
8808	4.2504752514135286e-05
9427	9.618198996374656e-05
463	0.0011819252704336751
3531	0.0001644876197633411
13453	4.673779689449264e-05
1114	0.000279028234508271
13099	9.43146368913483e-05
13175	0.00016896964891562988
6561	4.2504752514135286e-05
12151	0.00011197531996860966
12903	0.00012018418889938917
4455	4.2504752514135286e-05
12028	0.00019694928797510625
11093	7.643038154842221e-05
1832	4.882674782793994e-05
12650	8.714910777160914e-05
896	0.0012747280138259002
9176	7.990156047633093e-05
13511	0.0003364486984517712
2022	8.391374118688402e-05
2399	0.00010761615236223654
12497	4.2504752514135286e-05
7071	4.2504752514135286e-05
4899	0.00018298656548467823
13979	8.828690193285498e-05
13980	8.833399824368686e-05
8771	9.520313074538829e-05
4612	0.00015309913045363684
2609	4.2504752514135286e-05
3253	0.00015347551626196583
6616	9.863896562961868e-05
6716	4.2504752514135286e-05
2318	0.00010132336340708549
9161	6.059091924853568e-05
4856	0.00015907796157229082
1113	0.00010882576664596904
8353	9.258672721566987e-05
10264	4.2504752514135286e-05
2030	0.00011388913542487693
6296	0.00012626484615463422
6861	0.0018552168885244348
1998	0.0003303436499582585
6763	7.972498599554347e-05
2121	8.596401867744748e-05
10417	0.0005022962589150086
3339	0.00031880469412706535
2978	7.68067273691384e-05
11167	9.149280988046067e-05
2681	4.2504752514135286e-05
11998	4.3980977891910266e-05
7251	0.00011056789634762801
788	0.00047152375611165544
1265	0.00025024955917211456
1588	9.146723819700706e-05
939	4.2504752514135286e-05
938	4.2504752514135286e-05
2449	0.00025821536203843743
4785	0.0009701657549504826
4012	4.2504752514135286e-05
5793	0.00025372207540785006
4630	0.0001264186030863044
7027	0.00018331094895660162
10707	8.974340303226518e-05
7173	4.2504752514135286e-05
1697	4.2504752514135286e-05
11926	4.2504752514135286e-05
9717	8.929849614596418e-05
6547	7.324004239293089e-05
11320	0.00016334928091391493
13788	4.2504752514135286e-05
13981	8.572621537779238e-05
3021	0.00037022162499217136
6872	5.322086391934101e-05
10753	4.2732574358952025e-05
2276	4.3332339766529606e-05
3308	8.290503284917231e-05
8408	0.0001354018310051174
11689	0.0007280609239543126
11757	8.011752052127846e-05
12961	0.0002605583908828719
1681	0.00014309240670307475
12898	0.0002735893307239242
10195	4.2504752514135286e-05
13653	0.00016269872483849366
3481	0.00021379528764545443
9924	8.676791260912474e-05
4958	9.908883951294779e-05
13058	0.000104689233283713
3836	4.408172358741652e-05
1137	0.0007692671470218649
12492	0.0004868042802809194
2567	0.00014761327575009403
13426	9.904296656600226e-05
11815	4.341744822904048e-05
259	4.2504752514135286e-05
795	0.0002687781785459828
7624	0.0002651804731974752
13982	8.734121714237713e-05
8026	0.0001343092518903131
13983	8.540097363749185e-05
13984	8.614422301540364e-05
13985	4.3339412445291e-05
8369	7.97470748761087e-05
7	0.0001809317102153614
4090	4.2504752514135286e-05
3272	4.252592458066501e-05
11734	0.00016394640516483012
2302	0.00329325169677953
11476	0.00020610252246666566
4628	7.522922782391908e-05
5319	0.00010590250629701443
13037	0.00012561244020776744
5456	7.410259727339379e-05
588	4.2504752514135286e-05
13324	0.0002310510586393828
13480	0.00010091023453835104
13882	0.000247282593086511
8697	9.168568256607477e-05
3722	0.00013552061766368938
5151	5.086135432337956e-05
10547	5.0878342963355574e-05
9884	7.654860645292164e-05
2212	0.00010151544986086795
1508	0.0001320024387850378
9958	4.2504752514135286e-05
6359	0.00016503985577121175
10252	0.00013073986419740076
5495	0.0002101643480240079
1084	9.264633420713974e-05
8111	9.029325724406922e-05
43	0.00018936278207812545
10852	4.2504752514135286e-05
10754	4.2504752514135286e-05
11672	4.258409245501921e-05
13986	4.2504752514135286e-05
3942	8.78570986576368e-05
7341	4.2504752514135286e-05
11448	0.00015445151361979223
2227	7.278097685063446e-05
1733	8.154848659839896e-05
13987	4.2504752514135286e-05
2162	7.154583196230144e-05
3316	0.0001137496819956434
3196	9.875231333077061e-05
3495	9.955517121204886e-05
3088	0.00011299035158353669
10419	0.0002895645636277903
13330	4.469041186156438e-05
9327	4.2504752514135286e-05
894	4.2504752514135286e-05
13988	0.00014445797950471666
11962	0.0003594428420691758
10262	8.909685831909919e-05
10025	0.00035887267145260867
7994	7.252152032739905e-05
6714	7.393876619868258e-05
13747	4.2504752514135286e-05
11	0.00013239701727237597
10916	9.711405883000871e-05
3535	0.002209381435456884
2042	8.800924367419535e-05
9527	7.773266769236722e-05
12940	4.3871909495489636e-05
10879	0.000173192010862381
4592	0.0007805553163530275
4980	0.00019339152765441287
3095	0.00011793272734568716
8465	5.562416622978476e-05
3395	0.000334871657116524
2312	0.00013891501807770077
12450	0.00011040559736140041
8458	0.00011202781619390644
10922	0.00011570760435394465
5347	0.0001266131240901761
9726	0.00014238949028118792
6999	9.938632165206563e-05
8070	8.47619857004373e-05
5669	8.69690601804912e-05
8743	0.00013367584690628844
2423	7.977464620202989e-05
13989	8.70893099264493e-05
13990	0.00015025305373365304
13689	5.8522950184674946e-05
4054	0.002584733418766939
7247	0.00019999355163848476
9724	4.2504752514135286e-05
13991	8.734121714237713e-05
13992	8.713949485541835e-05
2733	7.327902772760479e-05
5388	4.552346718636955e-05
2618	0.009390704619061052
2617	7.59904403381809e-05
5824	4.2504752514135286e-05
5787	8.203700895299308e-05
7912	4.654041630844946e-05
3849	4.808977866439038e-05
7018	0.0001095340462034639
4316	4.2504752514135286e-05
3954	8.249089595711216e-05
7227	4.2504752514135286e-05
4117	8.008850937522516e-05
9136	9.042294163485635e-05
10829	0.00025612826945328005
1318	0.00021912312413902582
13318	4.2504752514135286e-05
13366	0.0012820044107748445
479	0.00019847282084401195
2965	8.035984425630856e-05
3838	4.2504752514135286e-05
2481	0.0052294854272825885
4751	0.0005417890954769984
607	0.0004914602993275921
4093	4.2504752514135286e-05
7010	8.212335980614876e-05
10759	8.581037595960415e-05
732	4.28696021364699e-05
9511	8.939609198155814e-05
11245	0.00019338391135624518
8056	7.867551475387948e-05
8024	4.2504752514135286e-05
13993	8.790324824272709e-05
4276	4.355068509378899e-05
10190	0.0001823264425745411
7352	8.503609651536003e-05
6325	0.0001725876014576987
3923	0.0001597492294194158
12215	0.0001509508600166223
7873	0.00023638799265416924
1343	4.2504752514135286e-05
11346	4.2504752514135286e-05
4244	4.2504752514135286e-05
13994	4.2504752514135286e-05
4573	0.00037647017908598693
2666	0.0006649380961552547
209	0.00011931914915864437
12711	0.00027818253551856143
11188	4.2504752514135286e-05
12943	4.2504752514135286e-05
13995	7.294893488189861e-05
405	9.062230868209578e-05
10527	4.2504752514135286e-05
5764	9.002443832310144e-05
13996	4.2504752514135286e-05
13997	0.00013241102855473733
5148	4.2504752514135286e-05
11313	4.2504752514135286e-05
4953	8.30774684273131e-05
3610	0.0001387294951860425
10324	0.00012143892832632868
10513	4.47591793390179e-05
1493	0.00038888393425697904
11164	0.00010170108725679995
8009	0.00013441758099069252
12336	0.0001609787122002455
8289	9.680586930980908e-05
13998	8.598180806679092e-05
539	0.0009798848208207782
5794	4.255951138215724e-05
5818	4.2504752514135286e-05
7846	7.795529502186433e-05
10742	0.00022183349617203353
5726	7.555929600271499e-05
5638	0.00046488044470423614
4215	0.0001781999816596298
11654	4.3562259358450366e-05
3137	4.2504752514135286e-05
11141	0.0024341098216257144
12224	8.234888668619305e-05
7943	9.521057492350768e-05
12322	8.379669221773434e-05
203	0.00012451795420193417
5881	4.2504752514135286e-05
5338	0.00012225833875501388
8028	0.000112135411128389
578	0.00011552521558762303
8561	4.2504752514135286e-05
782	0.0002658670362053017
9477	7.904432790655037e-05
10357	4.2504752514135286e-05
1871	0.000590572448496091
13999	0.0003131803792660513
11301	0.00011447128612553255
11182	4.2504752514135286e-05
9517	0.00032592670509156276
2818	0.000264147187667912
3355	7.863488404711688e-05
656	0.00012352724146818113
3333	4.259476016889213e-05
6843	0.00014465693096339573
6223	4.46449929743371e-05
9209	8.267663394699178e-05
12489	0.00015199554000262937
8993	4.2504752514135286e-05
5182	0.0001536672418919351
852	0.0002168902587261713
9403	7.7567749271828e-05
1093	0.0004559198938045944
11189	9.26964446706437e-05
14000	4.2504752514135286e-05
8378	0.0002467782235470883
14001	8.580660809350219e-05
2406	0.000341745461028091
148	0.00047953694509011416
10644	8.121574979150676e-05
3423	0.00012970834002081866
6916	7.760137084121661e-05
5864	0.00031170954953849616
2667	0.0003744729046218778
7631	0.0001169339986975547
13299	0.00022655116034693055
9737	8.419374130034073e-05
11303	0.0002773148996286428
13787	0.00018267988489082185
9130	4.480147328719146e-05
735	0.0002276009195514735
5663	8.652687686108181e-05
2583	4.2504752514135286e-05
5355	4.2504752514135286e-05
6871	0.0001779476853454463
3210	4.2504752514135286e-05
4205	0.0003405164390453978
10441	8.64606347158307e-05
13132	4.2504752514135286e-05
9586	4.252577785204939e-05
5336	0.00017771261739478464
9331	8.355409099794503e-05
235	0.0005738780411085843
8436	0.00012114578859756639
1017	8.832305327940446e-05
6701	7.521194816122527e-05
12315	8.18823038854671e-05
13708	9.197026078996184e-05
13234	0.00010747514478983076
503	0.000503076601105482
12098	4.491192030367295e-05
33	0.00016052829671313822
11811	0.000141986233108158
2281	4.336666377667044e-05
12993	9.569828831355163e-05
8566	8.781035841203528e-05
7087	4.2504752514135286e-05
1076	4.267595550719778e-05
11619	0.00011319786796092719
13650	8.21150215699954e-05
10431	9.926687402136709e-05
577	5.7429388338229624e-05
1927	0.00015121168495339354
14002	8.502732615309497e-05
8862	4.40011971517184e-05
4726	9.259652146915902e-05
2885	0.0001510809620457245
14003	0.0002724994064915423
14004	0.0004398581648704225
2437	4.2504752514135286e-05
3529	0.00012181770407468788
10656	0.00016295355672026255
6348	0.0002254068829906581
13740	5.9146305821415344e-05
3240	0.00016731624192661972
2426	9.286927117437531e-05
14005	8.730930395753632e-05
11644	8.598413840080736e-05
929	0.0011029148264094975
4446	7.508972551382976e-05
9027	9.389595202493096e-05
9856	4.2504752514135286e-05
4153	9.874947117235111e-05
10109	8.294689889775162e-05
9712	0.0002194879741030768
274	4.2504752514135286e-05
9550	8.547013049026504e-05
11114	8.548359040130962e-05
4166	0.00012595722056637053
1147	4.2854957021607375e-05
9200	0.00015640220074472115
4648	0.000868226710857596
8372	9.52515322246859e-05
3552	4.2504752514135286e-05
14006	7.95869940358683e-05
5179	0.00011238893520552337
14007	4.2504752514135286e-05
1330	7.434803549310203e-05
6055	5.584651347106048e-05
4017	0.00013777424954787928
6076	8.200824671363388e-05
810	0.00017182323873091168
6225	8.75258249720579e-05
10387	0.0001905411089900049
72	0.00010954745606154602
12599	9.197251256950456e-05
3917	0.00011905349137483978
12628	0.00011337794603102797
10695	8.63087800192585e-05
10344	7.645402437060286e-05
671	7.815676003083512e-05
14008	8.701158835302893e-05
11792	0.0004473516626529785
12653	0.00018061896055210694
3204	7.688817717198074e-05
2090	0.00011424892852717177
19	0.00026418167555138994
1946	7.814838871799098e-05
14009	4.2504752514135286e-05
946	4.2504752514135286e-05
13683	4.2531101793257935e-05
10321	8.306160761354861e-05
6219	4.2504752514135286e-05
6069	8.087895290385627e-05
3973	8.101978695637462e-05
2287	4.2504752514135286e-05
1204	8.146633759068225e-05
590	0.0002932321350455557
8267	7.475181701464516e-05
13007	7.708631601701925e-05
12617	9.48572648779106e-05
175	0.00020505722549281878
9796	7.599448154541985e-05
14010	8.664072032049783e-05
14011	8.664072032049783e-05
10908	4.358851423684333e-05
4635	9.261485263201307e-05
14012	8.710677292391122e-05
17	0.0009125434381263845
2261	8.759369725454174e-05
9429	7.402577221126089e-05
2544	4.2504752514135286e-05
324	7.556817691340253e-05
1104	4.2504752514135286e-05
3997	0.00020070620911965826
9261	4.2635751515001516e-05
11533	4.2504752514135286e-05
2728	0.0003737677992430079
5686	0.0001560324748313852
14013	8.428029109967807e-05
7318	4.572014027580187e-05
12254	0.00014171958746365907
12051	0.0001042715718083174
5231	7.710793984867472e-05
10081	4.2504752514135286e-05
7860	0.000593895654330083
14014	7.7375062766123e-05
11279	0.00014623384580146625
6552	0.0002740663042964498
8081	0.00025732653136463317
10660	4.2504752514135286e-05
8389	7.561357635761621e-05
2894	0.00010977432830626914
9229	0.0002036557066173016
12061	0.00011391900063395315
8314	4.2525653721446445e-05
9804	0.0002650461476685336
6973	4.2504752514135286e-05
4410	0.00012949505705631015
9982	7.764400755089261e-05
14015	8.773007932415749e-05
14016	5.442724193932309e-05
785	0.00035117376322568955
14017	0.0003626726150134058
5811	0.00020828133646629175
10606	0.00021479486844466127
11439	0.00015525290972368284
12269	0.00015101651970635262
2839	0.00010494001644820414
6499	8.366547633683477e-05
12553	0.00021788600659638
6075	0.00015411672841754635
10181	4.3666924018803257e-05
11663	9.180909717427992e-05
6952	0.00010392920439631972
3513	4.2504752514135286e-05
14018	8.559448084161385e-05
584	7.776957943902483e-05
4645	8.760867620661295e-05
2701	8.159950973315365e-05
10673	8.530018805612616e-05
5899	4.2504752514135286e-05
6593	0.00020982600084350352
13458	0.0004921606671871448
168	0.0018757678013262779
4258	0.00015489149853512263
9063	0.00019515093785761576
8755	7.863488404711688e-05
2435	0.00012431850477414525
2374	0.00032885787408987237
13529	8.428443624233922e-05
3216	0.00021309142775323612
4233	8.905445169598894e-05
1414	0.00011158316235071071
5052	4.2504752514135286e-05
589	9.18508240023249e-05
8194	0.00019205807678590692
14019	9.224903172630223e-05
8050	8.793058270643845e-05
7417	0.00013744508150957953
3670	0.00016257077699145933
2469	0.000705046575863647
340	4.2504752514135286e-05
4679	0.00042137707745986243
10940	8.331305360082848e-05
11576	4.2504752514135286e-05
13669	5.794945603335779e-05
9425	7.914869415979076e-05
8290	9.777885964015208e-05
8490	0.00020419460033356456
10219	4.2536461131982494e-05
10312	0.00014184041111350303
14020	8.907105384645675e-05
1579	9.441429751719566e-05
1089	0.000134923549159144
14021	9.172689402174255e-05
1372	0.00011474567361551181
5498	4.2504752514135286e-05
8695	0.0002210032685485906
1876	0.00016685341687385185
10810	4.292629209855653e-05
6898	0.000629051082761354
8441	4.2504752514135286e-05
7019	0.00019119019284553966
5112	8.282519086866527e-05
9866	7.61090542285098e-05
7560	0.0008156229552484247
897	0.00010975025265932918
78	4.2504752514135286e-05
4738	4.2504752514135286e-05
12244	0.00010008972371993889
5227	4.2504752514135286e-05
6435	4.2504752514135286e-05
3304	0.00013885193336144307
14022	8.640098614831894e-05
10540	8.68772936301439e-05
1911	7.474858827822978e-05
11806	8.175795658252503e-05
1528	0.00010263943044302583
737	4.2504752514135286e-05
12168	0.0001232406492087862
6304	0.00014567163417938942
2145	0.00013613590246933438
8928	0.000246037831819605
7499	4.2504752514135286e-05
887	0.0002137758365333255
11675	0.00040941667737998176
5731	4.2504752514135286e-05
7024	8.529336833275419e-05
9058	9.777482606421184e-05
1798	0.00019067154540452808
2742	0.00016210957339198186
6064	0.00023591334348952985
10418	0.00013374721972396375
4318	0.0006090816468151051
4219	8.634994080773111e-05
890	9.018421692384639e-05
6754	8.507537983914318e-05
10059	8.273059585476051e-05
3540	0.00019678764633238353
6395	0.00011894169260188444
2143	0.00027031815491560137
11507	7.792335482791226e-05
5887	0.00034050886415013003
2468	0.0018282099015875205
7648	0.0002002096959725747
3845	0.00010804262809929952
12153	0.0001234593976150654
10786	4.254019214084583e-05
6392	7.33834625801861e-05
1719	9.761617499565295e-05
3362	0.00018314331086563443
12813	0.00013708112456709543
5134	0.0003557138240903199
11690	8.726291028108168e-05
1118	0.00019158058424296619
13891	0.00014886407609239038
1401	7.938433254071598e-05
11425	0.00010220905984356733
1915	7.885898034477927e-05
1796	4.2504752514135286e-05
2724	0.0002589976282129454
1735	0.00022878376942655484
3119	0.0001089013914998537
5065	0.0005207244772827418
5826	0.00010672831177150192
10949	0.00012825462229591316
8409	4.2504752514135286e-05
8855	4.2504752514135286e-05
2897	4.2504752514135286e-05
10277	8.58359587265831e-05
14023	4.2504752514135286e-05
9	0.00012073466639901819
13586	0.0003859644671107946
12396	4.2504752514135286e-05
5506	9.944133602342672e-05
14024	4.3194359750526766e-05
7790	4.2504752514135286e-05
5442	8.263351366282295e-05
13057	8.671329373510451e-05
6005	0.00012722440329265313
3266	7.455872399502418e-05
2500	0.00010130163190228889
12478	0.00012003677543325029
13748	4.2504752514135286e-05
12700	0.00010667050508026687
4163	4.2504752514135286e-05
977	8.378767756588867e-05
6745	0.00013738877193834786
4655	4.2504752514135286e-05
10413	7.865600660282162e-05
8514	0.0003045917348716544
14025	0.0002455249750550831
4519	8.194644311533306e-05
12626	4.2504752514135286e-05
10334	4.2504752514135286e-05
132	4.253464744531673e-05
7591	4.263634330156234e-05
10640	4.3245601437055076e-05
8432	4.2504752514135286e-05
11258	0.00012106824119173057
7865	4.253585813583596e-05
10929	9.873255276175144e-05
7312	4.511961988152446e-05
10699	4.2504752514135286e-05
3721	4.2504752514135286e-05
2806	4.256817305402182e-05
4860	7.790913651353895e-05
4725	0.00029266641482014944
9365	8.601254755322698e-05
10267	0.0004006980917176624
10525	0.00010530707726133222
14026	4.2504752514135286e-05
10835	4.2504752514135286e-05
625	0.0008493850618395937
1626	0.0002634580602742838
981	0.0004392694453697812
7616	4.2504752514135286e-05
14027	4.2504752514135286e-05
3053	8.93080318599478e-05
3112	4.253210870866165e-05
2582	8.553680196745259e-05
11758	7.655620532193331e-05
3850	0.0006044271351034144
2950	0.00027612623955607937
3594	7.723884476334568e-05
6953	7.23096636136021e-05
14028	4.2504752514135286e-05
9280	0.00011067999146046476
14029	8.677820951344362e-05
8596	7.804404847344844e-05
9499	0.00010180970022308645
5833	4.290442788503607e-05
1736	7.476946022687712e-05
14030	4.2504752514135286e-05
14031	8.5165909914329e-05
6024	0.00022620010429095
11463	4.737921408187142e-05
12722	9.941122199712228e-05
380	0.0015360804390705976
10004	8.860527517777169e-05
8183	7.49480966490161e-05
8544	8.142204636478867e-05
3103	6.880407821113531e-05
11916	8.661913260774436e-05
8052	7.585089919769547e-05
14032	8.81720684530594e-05
11249	0.00014988889224911212
9808	0.00019051504805062453
14033	9.715483294688845e-05
8218	7.746169742212765e-05
5340	0.00010982051537342623
10993	4.669792900172612e-05
10848	0.00019784766689500075
3466	4.2504752514135286e-05
280	4.2504752514135286e-05
12431	8.663270320888322e-05
14034	8.759760426984837e-05
3687	0.00015538537112856513
7292	0.0003057226434775272
9611	4.2504752514135286e-05
5783	8.052014511838261e-05
14035	8.682385514445154e-05
11747	8.404290781077137e-05
2650	0.00010026309682729855
14036	9.197026078996184e-05
4259	4.2504752514135286e-05
3972	0.00011731237879159673
4509	9.479448468067999e-05
12070	0.00012299083225229574
1214	0.00018356806388768063
2135	0.0008563767401619449
6783	0.0007240994441137138
12154	8.450669778878078e-05
9814	0.00015081646784725918
7454	9.040320845443966e-05
7073	0.0001238284721026688
4218	0.0001297491991050389
14037	0.0017107945245410558
2763	8.492141994736368e-05
7793	9.753147061603387e-05
1420	8.8027215189105e-05
3812	9.183695842795297e-05
6617	4.332399160409063e-05
5242	7.250837139860349e-05
3217	4.2504752514135286e-05
9112	4.76661998759898e-05
2836	9.746535391128708e-05
7891	0.00012023648850380888
2360	9.677171317954978e-05
12602	0.00011237469573976841
13263	0.0001134443507400082
2084	0.00019308730755244064
2661	4.262708260737808e-05
9661	4.2504752514135286e-05
2913	0.0006437406296444328
13868	6.870594729962137e-05
1896	4.2504752514135286e-05
2063	7.714462774393387e-05
1238	0.0002885577019640898
2505	4.2504752514135286e-05
10457	7.495541187159396e-05
11771	0.00014162491027028013
7820	8.09103871818557e-05
7450	0.00020117529257300686
12774	5.119596470415879e-05
2630	0.00033703198308177577
7909	0.00017931880502706365
1686	8.618161397793744e-05
3422	0.00010892262046721226
12340	4.2504752514135286e-05
14038	8.719952664755279e-05
11768	4.2504752514135286e-05
23	8.339880166788613e-05
8563	4.2504752514135286e-05
8579	8.160912944185595e-05
262	4.384985130037476e-05
5736	0.0012141617631854034
1025	9.17943805511088e-05
476	9.645072816427642e-05
7254	0.00017203603059299093
1167	4.2504752514135286e-05
12504	0.00021791696314164128
563	0.00011329870711182492
5859	0.00039401381486823037
9201	0.00010316180483850769
14039	8.306970874694145e-05
14040	6.872365814841204e-05
8760	4.2504752514135286e-05
5147	0.0002839191065733216
10216	0.00013285908318044364
1054	9.416217859627114e-05
10818	7.648090907029932e-05
6575	8.589654779375078e-05
14041	8.784181287767701e-05
12946	0.00013673291878731213
11019	0.00011680915591259211
692	0.00017379103510741642
10557	0.00010203455194393514
11897	8.065767910121481e-05
5572	0.00013090355959778988
3449	0.00014470356531585493
5673	4.2752263468126534e-05
2677	0.0005710321711397592
9006	0.00010985691006692907
1558	0.00014431663680951334
11219	8.267775224980731e-05
14042	8.557286506201894e-05
1288	4.2504752514135286e-05
12884	8.104285975070261e-05
355	0.00018870420654011394
12436	8.701268290225258e-05
948	4.2504752514135286e-05
2291	4.2504752514135286e-05
7529	8.743870210123164e-05
6352	0.0001472465506957754
13332	0.00011028127364492237
1855	4.261363483146967e-05
2581	0.00011431790206106404
5420	0.00010443136330927014
13021	0.00027857447290899584
13492	9.172689402174255e-05
127	0.00046050216629248364
14043	7.53866396070148e-05
6756	0.00017510433154187377
4010	0.0001135084173135214
6590	4.2504752514135286e-05
14044	8.277554777162781e-05
5444	0.00017689488864911914
12190	0.0004931796295761043
9193	0.00034957869156169833
3895	4.252573765970893e-05
2012	0.00012283502049898452
13674	9.986795170660031e-05
427	0.00011536162542049723
9038	8.558195824362642e-05
5804	4.296646885733447e-05
11227	4.2504752514135286e-05
12573	7.511656902968624e-05
6132	4.2504752514135286e-05
5744	9.618054484133781e-05
1304	8.389881729828142e-05
10240	0.00047594379526438754
6210	7.716318268754924e-05
1072	0.00019594472090229427
7335	9.588225367688753e-05
12387	0.0001111238516116795
10221	0.00010009674697405397
473	0.0006766862286665718
10938	4.252620291715226e-05
8416	8.366941333052463e-05
1759	9.353490322855699e-05
5897	4.2504752514135286e-05
2594	0.0009086990908295556
4694	8.996914248061752e-05
754	0.00012499311820241026
1647	0.00010098361430576906
5277	4.2504752514135286e-05
2191	0.0008559796661104114
4805	0.00010093855087766636
4333	7.40641317904943e-05
8037	8.391028467065047e-05
6383	9.233339516896038e-05
13162	0.00019154870399161976
3404	8.212912595188865e-05
5620	0.00013541537371083686
5583	7.659832701515607e-05
673	0.0001810226158208954
1544	0.00023482390896682802
6128	7.17651188399312e-05
4200	0.00022902173213908104
14045	4.2504752514135286e-05
2009	9.948565725636919e-05
7390	8.600956538255712e-05
59	0.00017171602768819455
7921	4.2504752514135286e-05
6150	0.00013871082862091448
4637	4.2504752514135286e-05
1043	0.00035383725496405423
6291	4.2504752514135286e-05
8472	0.00017960845273766904
13853	4.2504752514135286e-05
8010	7.924197907239774e-05
9115	8.44396708172065e-05
3557	4.2504752514135286e-05
5082	0.0003219358614909389
10990	0.00017545185761041053
4177	7.592625050037858e-05
2464	8.900969171778508e-05
14046	8.682385514445154e-05
10072	8.358548178530494e-05
3330	4.2504752514135286e-05
2561	0.0001163687012363353
695	0.0001433174277580533
2775	7.356448114051689e-05
3602	4.2504752514135286e-05
6927	4.2504752514135286e-05
5890	4.254679561188561e-05
10090	8.985760351480781e-05
5759	0.00016892188923746414
3654	9.356235346400096e-05
900	4.2504752514135286e-05
5452	0.0020423594432809307
5688	7.964983793757907e-05
8581	4.2504752514135286e-05
10841	4.30742469525378e-05
12959	0.00014405071430198017
289	4.2504752514135286e-05
14047	8.713949485541835e-05
1617	8.5088544140145e-05
12814	0.0003703405152163557
4226	4.2504752514135286e-05
5627	0.0001228093354459339
12160	0.00011189104789720736
2660	8.480498643485314e-05
3521	8.891803476438739e-05
780	0.00017484583588301834
11574	8.640637925378162e-05
6795	4.2504752514135286e-05
5485	9.108963259815141e-05
7054	4.2504752514135286e-05
11611	4.2504752514135286e-05
10326	4.2504752514135286e-05
8434	4.2504752514135286e-05
10043	7.863488404711688e-05
9797	7.378837664631e-05
11525	0.0003743629255512453
694	7.541815323292592e-05
3327	4.2504752514135286e-05
3734	0.00016185555390707516
4274	4.297962540615762e-05
14048	4.2504752514135286e-05
14049	8.61782051568202e-05
9478	0.0001599570966093607
6391	0.00010239641050113738
5008	4.40491245039789e-05
4469	0.00012884208200158412
6371	9.206892923966978e-05
1051	0.00018097416219779914
6194	0.00011910210440953573
998	4.2504752514135286e-05
14050	5.4602530216193965e-05
4539	0.00013842836556944143
8453	0.00023113147830062882
7393	4.2504752514135286e-05
1903	9.317950856846513e-05
3536	4.825423288592161e-05
13251	0.00015879600574687035
12114	9.700258026786485e-05
631	9.566469698113752e-05
7199	4.2504752514135286e-05
14051	8.640098614831894e-05
7948	6.308497294174114e-05
2332	4.251621908790513e-05
10298	8.52640645618404e-05
11076	0.00010008081052090181
13842	4.2504752514135286e-05
317	0.00013887189370754085
7472	0.00025255254044155535
14052	8.607218315319038e-05
913	8.93641959936345e-05
12953	8.514709305924124e-05
5168	4.2504752514135286e-05
11791	4.2764715571673177e-05
8261	4.2504752514135286e-05
8249	9.131598087789669e-05
1872	4.2630682767174074e-05
5954	4.258813950377046e-05
14053	8.613515838256435e-05
11131	0.00033004804693420375
8645	0.0001084920999784198
2678	4.2504752514135286e-05
4050	0.00025533899416158587
8499	7.203502968260336e-05
5085	9.315433192236933e-05
12922	4.2504752514135286e-05
12236	8.550404642628828e-05
10936	4.2504752514135286e-05
6618	0.00018912574038175677
6851	4.2802343200217345e-05
3950	0.0006961502679320719
14054	8.489187712795626e-05
7131	0.00019922053353143822
4572	4.2504752514135286e-05
3381	4.2504752514135286e-05
440	4.2504752514135286e-05
12477	4.2504752514135286e-05
2450	0.00015432209275767717
6351	0.00015413921421059145
2877	4.2504752514135286e-05
12649	8.583081826005654e-05
3020	0.00023170225952723393
10129	7.617614512420658e-05
6896	0.0003061281150957565
2140	0.0001256527116885953
7394	4.2504752514135286e-05
2813	0.00016112980234197499
14055	4.2504752514135286e-05
8728	4.2504752514135286e-05
10255	8.79126157877111e-05
4143	8.2467945702771e-05
13612	4.2504752514135286e-05
11541	0.00021841183172538386
8662	4.277634596115252e-05
9158	5.330590461400006e-05
10430	0.00017655337925957346
6778	0.00026492826416441955
8872	0.00018970733890332663
14056	4.2504752514135286e-05
9636	4.2504752514135286e-05
11370	4.2504752514135286e-05
3096	0.00025200752093815893
14057	7.934713888366753e-05
11620	7.572153429533462e-05
7198	7.802057760766346e-05
3751	8.198459178816453e-05
8607	7.746997535164034e-05
2502	4.5752336534008985e-05
2573	4.2504752514135286e-05
4699	4.2504752514135286e-05
11775	8.092874901471461e-05
12076	7.32480860438395e-05
9664	4.2504752514135286e-05
4101	0.0004445231343306227
11720	7.548736774209058e-05
6101	4.2504752514135286e-05
786	0.00015021044031690483
3490	0.00010322685240760302
14058	5.1001521124439643e-05
9582	0.0005556705362476454
14059	8.613515838256435e-05
6919	4.2504752514135286e-05
2835	0.00012646340905771926
13201	0.00016268455022714162
12569	9.369974608324489e-05
14060	0.0006622718448609256
4771	4.2504752514135286e-05
3032	0.00044773849750137
9065	8.691368851372662e-05
10920	4.273278742670141e-05
9188	7.340742216662083e-05
2717	7.461624872211455e-05
11784	0.00024102819949289823
5888	0.00023686139500670337
410	7.990853196970972e-05
12782	0.0001217084031738679
1117	0.00011635938772519238
4603	9.02399224062596e-05
5870	0.00016428975888940832
1426	0.000121126005818124
3011	4.320117500055655e-05
14061	8.501600381977157e-05
13796	8.500850207668228e-05
4267	0.00013043724612997107
6079	9.221751612046824e-05
4791	0.00011338708995784584
13850	4.2504752514135286e-05
149	4.253333480395042e-05
7132	4.2504752514135286e-05
2760	0.00010443720602187616
14062	8.68031827808895e-05
14063	8.696646178740035e-05
6876	9.862321784575857e-05
5596	0.0003655980929379642
10079	0.00012210571214678846
14064	8.663517384403276e-05
7558	8.423018776871944e-05
3918	0.00010743129687857658
733	0.00011065105178573965
10297	4.2504752514135286e-05
39	0.00023775632648283615
10148	8.327621673245907e-05
1349	8.032125266425251e-05
2158	0.0002025072635022
8345	4.777278884437154e-05
4998	7.762531541015825e-05
2641	0.00016308699519247
13369	8.856420214541178e-05
5935	0.00015060683073578102
7039	0.00015035251639343482
4567	4.2504752514135286e-05
11692	4.2753468313989946e-05
174	7.388188559155398e-05
1692	0.00014707870897816226
552	7.459797870543494e-05
1814	0.0003270314325543121
8484	9.310273142109293e-05
2673	8.826476436997134e-05
11839	7.636520880319132e-05
6466	0.0001354366841296165
42	0.00018835441966608246
3067	0.00010835396218562127
6288	8.646484530425658e-05
10151	4.254650887216028e-05
3611	7.756088843544558e-05
3928	4.2504752514135286e-05
8778	4.8437817591802376e-05
14065	4.2504752514135286e-05
14066	4.2504752514135286e-05
13322	4.2504752514135286e-05
565	9.266271125479535e-05
7035	0.00045112461538996003
8124	0.00010018306603401479
3083	4.724979607017251e-05
5801	8.518410799027357e-05
14067	4.2504752514135286e-05
4974	4.255693516562101e-05
446	4.2504752514135286e-05
10198	4.2504752514135286e-05
11991	4.2504752514135286e-05
2572	0.00016042088203113992
14068	4.2504752514135286e-05
14069	8.780344556708216e-05
3640	0.00035311113555563624
12638	0.0001410465306519467
5001	8.291736055475861e-05
5508	0.00013777393674346665
8839	8.480120321781769e-05
14070	4.2504752514135286e-05
2564	0.00012163866213132579
4829	0.00019050066370551627
13211	0.0003079055237790975
7241	4.2504752514135286e-05
4467	7.627874814265185e-05
14071	8.700127247180803e-05
12942	9.893034255636923e-05
11948	0.0007060187424203216
14072	8.477975329438014e-05
13818	0.00020095800723952763
10924	6.640975591489785e-05
12994	4.2504752514135286e-05
2887	4.2504752514135286e-05
3030	0.00012184807952050238
1595	8.54017050833172e-05
6172	0.0002686529676602045
6093	4.2504752514135286e-05
7104	6.180662209261911e-05
7619	9.85045101045515e-05
14073	8.663517384403276e-05
13530	4.2504752514135286e-05
1914	0.00031820174661186055
6423	0.0001217070775704441
8456	4.2504752514135286e-05
3947	0.0001314058734816043
7637	0.00032058772275267027
6235	0.0001699205593439683
2160	0.00031196946619578266
9824	4.2504752514135286e-05
5519	0.00011472638102904829
818	9.165267414606019e-05
11708	4.2504752514135286e-05
8895	0.00019810864617519647
533	0.0008066999162602802
723	4.2504752514135286e-05
2434	4.252733128846852e-05
6690	0.0002024070032849245
2451	0.0007804791003128525
11298	4.2504752514135286e-05
10008	7.846346543746301e-05
3325	4.2504752514135286e-05
1124	0.00012146235133974947
6204	0.00034715304526448335
5075	0.00031295787911321207
4094	0.0003241532572687461
11500	7.884825801702651e-05
2999	8.037238697703392e-05
13757	7.886302274886855e-05
5377	9.749274498829633e-05
6504	4.2504752514135286e-05
9208	9.675217527246402e-05
5143	4.2504752514135286e-05
3231	8.412074455331175e-05
8657	7.086730127738798e-05
318	0.0002061855812169522
5682	0.0001144026487766608
14074	4.2504752514135286e-05
14075	8.613515838256435e-05
12614	4.423878960438911e-05
14076	4.2504752514135286e-05
10934	0.0002450763259604773
10296	9.449021988957394e-05
12772	8.339734602093604e-05
9271	4.2504752514135286e-05
14077	5.795075942915624e-05
4544	0.00011818368144981292
14078	8.88170324977654e-05
14079	8.360800594931457e-05
4116	7.457279142545684e-05
14080	8.664072032049783e-05
7674	8.119850202050125e-05
7243	7.636933359960663e-05
10191	7.497092782689222e-05
7420	0.00010623875216797133
11063	0.00015557697138754336
3461	0.00016237683715719168
5655	4.2504752514135286e-05
4317	4.3857965954277825e-05
6003	0.0002704613328811888
2669	0.0003281042834175073
4521	0.0001874438372714758
10349	0.00010448823286228685
2177	8.493127620108154e-05
13703	4.2504752514135286e-05
14081	4.2504752514135286e-05
12928	7.749686105428067e-05
2443	4.2504752514135286e-05
305	8.301151840397359e-05
7514	0.0001255120730420295
10693	4.2504752514135286e-05
10725	4.685012543403866e-05
45	7.53091141590476e-05
7206	0.0001728818377793074
14082	0.00012469957257756274
3583	0.00018333682558418064
12386	7.909921185979437e-05
11652	0.00023523450438392768
2568	4.2504752514135286e-05
8894	8.585484231116272e-05
3334	4.2504752514135286e-05
9565	0.0003352597560919138
1616	4.2504752514135286e-05
14083	4.2504752514135286e-05
14084	0.00011476501558009845
2187	4.2504752514135286e-05
6748	4.2504752514135286e-05
6567	9.105211807505461e-05
12674	8.207431758338932e-05
3169	0.0001341635219955754
13410	9.804208248827194e-05
9775	4.3239914375928276e-05
3978	4.2504752514135286e-05
5637	8.870325351824728e-05
13597	0.00015286191273873926
2064	4.2504752514135286e-05
8718	4.2504752514135286e-05
1892	0.0002857305710143698
5723	8.395602700824942e-05
4811	8.687559392850346e-05
6908	0.000380897803201409
5957	4.410959344596347e-05
2497	0.0008585044943229414
5013	0.00018086138200455252
1187	0.0005207477323760605
10734	0.0008776810485842068
4265	8.201218945204712e-05
2982	0.00010704424151699695
9114	4.634268101152087e-05
3278	8.572152401344296e-05
6986	0.00011179930479141207
11040	9.128145054590201e-05
11621	0.0016407409362952999
3874	0.00021174591288263125
9683	8.211005873106068e-05
296	0.0002514365953637689
14085	8.35617739250807e-05
13475	0.00020715128594632403
6078	4.2504752514135286e-05
9180	0.00012171383922122885
1059	4.2504752514135286e-05
46	8.485786275683828e-05
646	9.176954618544193e-05
9447	4.2504752514135286e-05
6654	0.00019786839219571503
7510	7.671923687320429e-05
4593	0.00042109494362323744
1868	4.2504752514135286e-05
3111	7.53455826629268e-05
9197	4.2504752514135286e-05
1356	0.00010995167274055378
726	8.786294551197017e-05
7481	0.00010675203585182197
5128	4.2532305022281215e-05
14086	8.691539728766182e-05
862	8.636739343216085e-05
12221	7.66495276731342e-05
11581	0.0001041706107165818
14087	4.2504752514135286e-05
9682	8.054264275286611e-05
11888	7.986056802567859e-05
12088	8.14119624104315e-05
2748	4.2504752514135286e-05
5939	4.2504752514135286e-05
4913	4.2504752514135286e-05
10877	4.2504752514135286e-05
14088	8.500420939969215e-05
6234	9.993163316272463e-05
14089	9.224903172630223e-05
14090	4.258045634726939e-05
8347	7.847710218478342e-05
12138	8.805074983101629e-05
7775	4.2504752514135286e-05
14091	8.682385514445154e-05
6545	0.00013667974742197924
10058	0.00010379582242463982
13649	0.00016945328236050465
14092	0.0002288917590147302
7015	8.50318187962739e-05
9973	0.00011262360435504689
11181	7.749934633751072e-05
4874	0.00016923415930371346
10440	8.57714671032041e-05
12644	9.562528477054499e-05
10340	0.00010916730088773486
3098	8.598011124844138e-05
13872	0.00011448119271328759
14093	8.802358259367868e-05
14094	4.2504752514135286e-05
4431	8.227932380617807e-05
11392	9.013837147893976e-05
2072	7.333559845958385e-05
14095	8.643024740132702e-05
3155	4.2504752514135286e-05
11024	0.0002147039119441292
1156	8.897986320777372e-05
3805	7.851879060042444e-05
11132	9.113909196576964e-05
4030	4.2504752514135286e-05
13835	4.970990476491551e-05
14096	8.708985751380713e-05
1510	4.4535374885089734e-05
6838	0.0002770173782262142
14097	8.874252860955635e-05
14098	0.00015868835280268725
7719	4.251508426464514e-05
9556	7.395291780801297e-05
11251	7.606212901948946e-05
1175	7.529032160054377e-05
1192	4.2504752514135286e-05
12263	4.2504752514135286e-05
3425	4.2504752514135286e-05
7224	8.997334702109936e-05
14099	8.68031827808895e-05
145	8.513019664043944e-05
13852	4.4311259090784366e-05
12743	0.0001509297017116112
4345	4.2504752514135286e-05
7828	4.2504752514135286e-05
4426	0.00016346399265030118
11803	4.2504752514135286e-05
8948	4.2555675849570334e-05
10994	8.456171999722458e-05
2844	9.804171460158344e-05
7025	4.254682651998284e-05
10509	4.5083608382750037e-05
1201	0.00012673475814928926
4604	7.452927580307887e-05
11762	7.583824916399409e-05
7535	0.00018408719539550245
10816	8.547772167382653e-05
10516	4.258032367881854e-05
1817	0.0003551560894989117
9424	0.00023356145598206967
1513	4.255155345394154e-05
8816	8.026283581235167e-05
8758	9.323415886182813e-05
14100	7.817665118216858e-05
14101	7.934713888366753e-05
14102	8.042476715382255e-05
7821	0.0002672381355295993
2606	4.2504752514135286e-05
2217	8.576082823429154e-05
12486	8.583177045486114e-05
6314	0.00033944296333295173
7215	4.2504752514135286e-05
12139	0.00012093462092737343
6773	4.2504752514135286e-05
9764	7.742083101263124e-05
1416	0.00016348937079620408
6119	4.2504752514135286e-05
14103	4.251534164998903e-05
14104	0.00013669614044206673
5417	0.00012948257206720417
2433	0.00013415369520362186
5000	8.172557648170744e-05
2199	7.491463023824067e-05
4364	8.640139318690605e-05
73	0.00042123981060221107
14105	7.973417544572016e-05
178	4.2504752514135286e-05
536	4.2504752514135286e-05
5643	0.00011414156256027449
3899	8.815811102786674e-05
11961	4.2504752514135286e-05
14106	4.2504752514135286e-05
14107	8.501600381977157e-05
3987	4.2504752514135286e-05
11721	0.00011204855457826591
6341	8.50552517196881e-05
1200	8.408642578833201e-05
4011	8.0215821271955e-05
10559	4.266349489716858e-05
4130	0.0002534695644511805
13836	4.2504752514135286e-05
14108	8.389172445330724e-05
8649	4.2504752514135286e-05
14109	8.713949485541835e-05
12530	7.659615324506197e-05
971	4.26019763577076e-05
7973	0.00011711587603603616
4396	4.2504752514135286e-05
396	4.2504752514135286e-05
6968	8.797752522125761e-05
4499	7.970623931481062e-05
13157	8.277334542312968e-05
6981	4.254768114583797e-05
6556	4.2504752514135286e-05
4820	4.2504752514135286e-05
4160	4.2504752514135286e-05
9246	4.2504752514135286e-05
4585	4.2504752514135286e-05
12995	4.2525905988742555e-05
7188	4.341106777597141e-05
5867	7.782367465953581e-05
9542	0.0001669414646993942
558	4.2504752514135286e-05
10903	0.00010543475169077745
8984	9.855817616659807e-05
4652	0.0005707073845277173
5334	4.2504752514135286e-05
3306	0.00015898287677535198
6310	0.00011190294025614734
7523	8.612344481797275e-05
7092	7.741074682355653e-05
3686	4.406433436962284e-05
271	7.54489843888556e-05
14110	9.200566495808302e-05
11173	4.251531379198766e-05
8800	0.00015650636899979225
13595	4.2504752514135286e-05
749	0.0005471338847752134
4527	7.691125913630799e-05
9349	0.000183013772183893
2389	0.000147802140524771
6	8.504241175344153e-05
5235	4.307409274589608e-05
6114	8.829411322873843e-05
3181	8.128573534497581e-05
9124	0.00021214378227070766
663	9.840838790915548e-05
13061	4.2504752514135286e-05
10710	4.2504752514135286e-05
8820	0.00017322488545408232
1409	4.2504752514135286e-05
6023	9.604543411366502e-05
7317	8.517940065225994e-05
430	8.220016575884664e-05
9110	4.2504752514135286e-05
13692	7.047762784826215e-05
9553	4.261480581131895e-05
3058	0.00017646024240515736
12044	4.2504752514135286e-05
12296	4.251533854740015e-05
976	0.00016226637072909352
5191	4.2504752514135286e-05
1259	4.256144514810197e-05
9215	8.888316692573853e-05
10589	0.00018940105332014163
1615	0.0004356051111383317
1125	8.225903967715474e-05
1883	7.263931853928031e-05
11651	8.667921119243638e-05
5110	4.2504752514135286e-05
1260	9.015809226949295e-05
6196	4.2504752514135286e-05
10562	0.00011435996890712111
7191	4.4463688044868175e-05
10082	7.591033679046907e-05
6015	7.239363099806738e-05
8045	4.29690431105453e-05
1452	0.00041758830025164894
1402	4.2504752514135286e-05
7451	4.2504752514135286e-05
4002	9.49362587446113e-05
8226	4.253643951530974e-05
11622	0.0001265401034968966
8977	0.00010290160603651844
3301	0.0005040430024149382
1514	4.2504752514135286e-05
7094	0.00013710025401963126
14111	8.306970874694145e-05
1478	8.360254040881644e-05
3621	7.519708833744445e-05
7261	0.00016292119793249164
12199	0.0003182956640774327
10304	0.00023483264808044923
12474	8.002835825331162e-05
6805	0.000142655874884989
6013	0.00011622218320338259
14112	8.345042257311259e-05
12465	8.236471042699674e-05
14113	4.2504752514135286e-05
2161	0.00013623777072969433
2390	4.2504752514135286e-05
2562	0.000236757048988179
3326	7.998016707434807e-05
14114	8.338812437045695e-05
4809	7.440834172867887e-05
2624	7.963294855482008e-05
13813	8.537058999235607e-05
5660	7.556287532280887e-05
10474	0.00011983712083314709
1741	9.093161841496316e-05
6819	0.00016500726183391192
13022	4.2546083988794e-05
850	4.2504752514135286e-05
3382	0.00017800056020299471
3570	7.984555535606499e-05
11602	0.00017515264659068335
860	0.00010449186171187724
14115	4.2504752514135286e-05
4832	8.342083390034648e-05
2039	8.563145447020017e-05
7248	4.2504752514135286e-05
10365	4.2504752514135286e-05
11828	4.261766938228334e-05
6914	7.438461801562672e-05
244	7.665617004930322e-05
4280	0.0004767021116112409
11580	0.00010478156251105398
8957	0.00011941715002388879
14116	4.2504752514135286e-05
7933	4.2504752514135286e-05
12293	4.2504752514135286e-05
5109	4.2504752514135286e-05
3097	0.00012982181663038193
3933	8.221906591751734e-05
1455	0.00023286088197672583
3142	7.866832223782494e-05
14117	4.2504752514135286e-05
10718	4.2504752514135286e-05
9925	0.000220930374795604
1621	8.271379825265044e-05
3971	7.371817393706892e-05
2307	7.533550580735152e-05
14118	0.00010064604353084857
7369	4.2504752514135286e-05
10648	0.00012375366828979229
2259	7.410966269361756e-05
6719	9.295729660412354e-05
1794	4.2504752514135286e-05
14119	4.2504752514135286e-05
7089	0.0002273624470963387
4943	0.00021064362121345212
6650	4.2504752514135286e-05
6644	0.0009444634970704634
3349	0.00023429976943576802
9841	9.242674621198402e-05
6124	4.2504752514135286e-05
10317	0.00014995494792717414
14120	8.523499785679997e-05
6990	0.0001402018096324063
11656	4.2504752514135286e-05
7190	9.446166257909516e-05
14121	4.2504752514135286e-05
11277	4.513083023655662e-05
12926	0.0001199317120518901
13795	4.2504752514135286e-05
13056	4.2504752514135286e-05
4677	4.275532878797013e-05
3401	0.00013440050516954927
7235	4.2515301457648566e-05
7997	4.253617657145348e-05
5977	4.2504752514135286e-05
5692	7.572530312289858e-05
7482	0.00012441976314336931
4812	8.475328021725387e-05
12503	4.2504752514135286e-05
7435	4.2504752514135286e-05
10001	4.2504752514135286e-05
7319	4.284874309628965e-05
9099	9.987590943848454e-05
4425	0.0001049145155411178
5835	0.00012123046128678023
8420	0.00010911514898755256
14122	0.0003704242027874437
12886	4.2504752514135286e-05
13738	4.2504752514135286e-05
12072	0.00013524041228641756
6666	9.974289200548298e-05
1319	0.00010851631599081477
1316	8.722886198825574e-05
1829	4.2504752514135286e-05
447	0.0003911411931241611
11830	4.2504752514135286e-05
4788	0.0002243281580930521
3475	8.045147799736892e-05
4089	8.193477275231852e-05
1195	0.0007765282364306485
10845	4.2504752514135286e-05
2784	4.255768842686597e-05
5679	9.669931406896661e-05
10130	0.00010294689288611685
905	5.273619687905174e-05
9967	9.968014260166146e-05
3502	0.00020576784001423142
4673	0.00013939441691420944
3804	0.00023750861917458377
5175	9.828969720547965e-05
335	0.0001222976657752332
11111	7.760132102099186e-05
2743	9.664821964019496e-05
5193	0.00012957693026906697
2513	4.528722566417638e-05
12412	0.00016242307710923835
4264	7.431077215578979e-05
4479	4.2504752514135286e-05
14123	4.322351749955132e-05
2579	8.04636514316882e-05
9762	4.2525502842164836e-05
14124	0.00010465809246488754
1537	0.00016221975895224714
9174	4.2504752514135286e-05
14125	8.400389983900523e-05
9779	0.0001571315667320141
12020	8.591769335425716e-05
14126	4.7761325983936214e-05
11155	4.2504752514135286e-05
8782	6.960235116387148e-05
4969	9.121582499126534e-05
1958	4.2566633946405515e-05
7355	6.570842652871313e-05
11939	4.2504752514135286e-05
1721	8.064112973854855e-05
1849	4.2504752514135286e-05
14127	8.613515838256435e-05
234	0.00014937225456675257
469	7.952132251081347e-05
14128	9.552536787571167e-05
906	8.095407509863765e-05
237	4.2517084819612705e-05
3742	0.0003255572642666555
11127	0.00035189112121453505
893	7.40244183748487e-05
8462	4.2504752514135286e-05
1161	4.2504752514135286e-05
7890	4.2504752514135286e-05
759	8.091466566784939e-05
12085	0.00010068888551019852
3908	7.191319514162298e-05
6882	7.716196386917712e-05
5608	0.00011728078080911784
119	0.0001281890836155318
10906	0.00015241866144871538
10957	0.00018597360390780224
445	0.00016864982262560275
13655	8.619644633108057e-05
4821	7.324245006477129e-05
2882	7.483882372077362e-05
8237	7.318796773835683e-05
4385	7.051422784982674e-05
4368	8.450453812266346e-05
167	0.00018802828868300626
14129	0.00012075294671223268
14130	9.200566495808302e-05
9757	7.295873138059021e-05
14131	0.00013885438633988234
7741	9.26688360003791e-05
7618	0.00010761672251748702
7651	7.459354049256151e-05
3256	0.0005111199700100621
14132	8.485717395542014e-05
14133	4.2504752514135286e-05
8799	0.00025957556070731934
9989	0.00020692274859530874
7221	8.83990186735587e-05
8781	8.778845206094385e-05
11018	0.00011406299648414778
12600	8.266727186353282e-05
14134	4.2504752514135286e-05
14135	8.364282415798902e-05
4416	0.00011451806358552492
5868	0.0001061228234078164
14136	4.2504752514135286e-05
4339	9.021544492969442e-05
5018	0.0007678358049117574
54	0.00017043746681649383
9480	8.687504838484992e-05
7413	5.873119576318541e-05
4100	0.00022086733209302788
14137	8.485717395542014e-05
2861	0.00023968047333160748
2616	0.00015310982056002408
617	7.970883001625808e-05
9252	8.735196879915196e-05
1236	4.2504752514135286e-05
3140	0.00010969708161575809
5796	7.76760879150724e-05
3110	7.821436750316332e-05
12716	0.00018464951521807927
14138	9.252498791515888e-05
12301	8.743322817533945e-05
9486	9.393243625904735e-05
7101	0.00011110087003169568
4984	8.641436645455532e-05
2342	8.101185929505048e-05
10948	8.637059605889853e-05
6524	7.723003489616762e-05
2405	4.2504752514135286e-05
4061	4.2725713159894944e-05
2874	4.772995991990504e-05
2633	8.794305280019174e-05
2344	4.2504752514135286e-05
3413	8.611964012400969e-05
7605	0.00010308851671151774
14139	8.48684962887437e-05
8595	5.7096504384526804e-05
3860	0.00016264347464015947
14140	8.559448084161385e-05
12960	8.063262628865101e-05
6334	4.2676915666708244e-05
5505	7.150029669637236e-05
9559	4.2504752514135286e-05
5436	0.000652505410140274
8130	7.454011948540508e-05
2736	4.3581927431006783e-05
12091	4.2504752514135286e-05
14141	7.498709945797898e-05
5224	0.00018353726455159117
9818	4.2504752514135286e-05
3617	4.2596603585018836e-05
4463	0.00012598321799399075
13765	4.2504752514135286e-05
11084	8.891765096243683e-05
14142	8.538192510614337e-05
3680	9.98148200198069e-05
1202	4.2504752514135286e-05
14143	0.000614705086121275
6429	0.00018546303888347096
12937	4.2504752514135286e-05
11459	4.2569462643803616e-05
7509	0.00013086244536518755
6888	0.0002388838646033923
9417	7.482945645296531e-05
12712	4.331626048072944e-05
13343	0.00016755384119371272
1655	8.703373564341778e-05
7706	4.2504752514135286e-05
730	4.2504752514135286e-05
5127	0.0002261877189520041
3368	4.2504752514135286e-05
918	7.575212520512475e-05
13668	4.2504752514135286e-05
2180	0.0002109901718403998
14144	0.00021736642855043551
769	8.634017018830071e-05
9462	4.2504752514135286e-05
3736	0.00046761080375544634
7511	4.2504752514135286e-05
257	4.2504752514135286e-05
10506	4.254788940139419e-05
3608	4.2504752514135286e-05
5315	9.116189230427838e-05
13717	8.614422301540364e-05
3967	4.2504752514135286e-05
14145	4.2504752514135286e-05
2864	0.0008941920878941304
5542	4.2504752514135286e-05
116	7.388878955290088e-05
14146	8.559448084161385e-05
6480	8.089235585707154e-05
5253	8.057398982780781e-05
3729	9.453729641608686e-05
14147	8.560372113576329e-05
12161	4.2504752514135286e-05
14148	8.907105384645675e-05
1302	9.751298007957157e-05
6760	0.00026605908675676634
2739	0.00013433963410623286
9212	9.217548375224785e-05
7972	4.2504752514135286e-05
5598	7.186902785740536e-05
9990	7.70855183560779e-05
3085	4.2504752514135286e-05
6680	4.2504752514135286e-05
3274	0.0004938787017412728
6000	4.2504752514135286e-05
13207	4.2525905988742555e-05
1067	4.2504752514135286e-05
8192	7.796297285595768e-05
8162	7.598427450301469e-05
2028	9.682194341087953e-05
11912	7.355962783449635e-05
14149	7.296006015191819e-05
3429	0.00010166461506631351
2704	7.535657557230502e-05
14150	8.857343514691342e-05
2165	7.399767124148296e-05
12692	0.00011920701711989442
5210	9.699996846394325e-05
7707	4.2504752514135286e-05
4640	7.538733628663622e-05
4083	0.00012348689736168622
13388	0.00016019256100615096
1315	0.00011789200199669497
9679	8.015105652200038e-05
14151	4.2504752514135286e-05
3344	0.000148163456587646
5873	9.042149427530318e-05
14152	8.041486636671035e-05
8558	8.44368010251205e-05
224	8.992957394561221e-05
5413	4.2504752514135286e-05
1341	4.2504752514135286e-05
6130	4.251534164998903e-05
2929	4.2504752514135286e-05
3072	0.00024872725694890027
1956	8.856960128332842e-05
4157	0.0002753402420252873
7135	4.2504752514135286e-05
10676	4.254352278005774e-05
8463	0.0001059437064916731
14153	8.51564674515352e-05
4285	7.175729184862992e-05
9557	7.273506160514225e-05
12030	0.0001513115535228869
3768	8.080186194103317e-05
2501	4.2504752514135286e-05
623	0.00016858740230686674
2607	7.278924203890149e-05
3341	4.2504752514135286e-05
1470	0.0003727739724275532
9525	4.2504752514135286e-05
6020	7.25267708715578e-05
13817	4.2504752514135286e-05
3041	7.293279759206371e-05
5328	0.00010023755341362773
11273	0.00013945909465197103
12984	7.912230787003802e-05
4342	8.307805219985774e-05
11819	0.00014279047024522935
11270	4.534608245646955e-05
9384	7.732984287882203e-05
14154	0.0004215706823929869
13010	4.2504752514135286e-05
1069	7.877563693437065e-05
9593	0.0001393974454009327
495	8.452123588373016e-05
5728	7.53447308091683e-05
14155	4.2504752514135286e-05
12122	8.582220737828239e-05
2623	8.069016863384649e-05
13693	8.687186051923519e-05
5745	4.2504752514135286e-05
7600	0.0001228447555094245
120	0.0001792679153814642
11388	4.2504752514135286e-05
30	0.00010730941838959542
12332	7.628994261005528e-05
2596	7.722808892673266e-05
888	0.00019772755567676613
12377	8.625128433818857e-05
11305	9.077591791252477e-05
9227	7.574327771817864e-05
2711	9.87277178222343e-05
13004	4.255350579720335e-05
14156	4.2504752514135286e-05
11271	4.2504752514135286e-05
2073	0.00011474311507692582
2427	4.2504752514135286e-05
9098	0.00012913521524727332
10714	8.480947603940918e-05
14157	0.00018820792401190434
6444	9.837379249556853e-05
14158	8.622640637781605e-05
304	4.2515575242197885e-05
4176	8.071930587311102e-05
14159	8.640098614831894e-05
5321	4.2504752514135286e-05
7984	7.430141980251867e-05
2404	0.0001876353817717651
1026	0.0003590838514448051
2397	7.903405436166243e-05
3998	0.00016252790147802066
10163	4.252592458066501e-05
3410	4.2504752514135286e-05
7111	7.486407271302533e-05
12971	0.00012457738607767597
3298	0.00010543135648450903
7576	0.00011192125597844443
515	0.00016314565525500424
6014	8.815572704957056e-05
11704	8.42010555512272e-05
14160	4.2504752514135286e-05
14161	4.2504752514135286e-05
3501	8.476055126159099e-05
14162	8.667013823227638e-05
2883	0.0001333597799262716
12062	4.2504752514135286e-05
2020	9.205490330442873e-05
8301	8.289918479699062e-05
4008	4.2504752514135286e-05
8421	0.0001024095202654449
402	9.28779936138681e-05
9456	7.596927319060449e-05
13032	9.786301989536672e-05
14163	8.703030374968682e-05
997	9.786763549905482e-05
10923	7.399038669836151e-05
1359	7.422296354693187e-05
3560	8.788820823050949e-05
5094	9.281234643703493e-05
14164	8.637267722375066e-05
7334	8.777390217959243e-05
10485	8.20832899979771e-05
5981	0.00014898054466929453
4110	8.790934119726196e-05
973	8.165460437160329e-05
14165	4.2504752514135286e-05
3690	4.291883075428366e-05
7272	4.2504752514135286e-05
864	7.722398784566704e-05
14166	4.2504752514135286e-05
4256	4.253122535376965e-05
13601	4.2504752514135286e-05
632	8.453238216117676e-05
9156	9.734678011127208e-05
5820	9.995801618770372e-05
13031	4.2504752514135286e-05
1457	0.00010283815432523622
3545	7.329101808934851e-05
8430	8.100566779318578e-05
567	4.2504752514135286e-05
6201	7.44240737181312e-05
1657	4.2504752514135286e-05
7063	0.00019996027587482017
14167	0.0001012666912936898
4968	4.2504752514135286e-05
11886	4.2504752514135286e-05
4756	4.2504752514135286e-05
13173	0.0002510997009454071
4770	7.644719781078774e-05
14168	4.2504752514135286e-05
14169	4.2504752514135286e-05
14170	4.2504752514135286e-05
6337	4.2504752514135286e-05
6628	4.2504752514135286e-05
14171	4.292461436090292e-05
14172	8.345042257311259e-05
4307	4.2504752514135286e-05
4963	0.00013558198607566723
9319	4.2504752514135286e-05
9418	0.00010849259387034422
11531	0.0002261109501412606
4367	7.861844368625776e-05
13715	4.2504752514135286e-05
3488	4.2504752514135286e-05
90	4.2504752514135286e-05
7409	9.910157877375081e-05
6706	4.2518825990241226e-05
13656	5.4732606603008984e-05
14173	4.2504752514135286e-05
13667	7.863488404711688e-05
9338	8.532863129610279e-05
1278	0.00040595399871434795
6579	4.2504752514135286e-05
848	7.861371198058715e-05
6516	8.414913903240016e-05
12049	4.2504752514135286e-05
10566	0.00011365052892210948
4397	8.505564131588358e-05
14174	5.9339574058135455e-05
7070	4.2504752514135286e-05
5263	7.3509252568418e-05
5528	4.2504752514135286e-05
9147	7.705311567783772e-05
12331	0.00015188165283509122
2070	4.630086383616752e-05
14175	0.0016582784363337382
14176	4.663188181220466e-05
12150	0.0003874602619982931
4560	4.318160877663508e-05
6061	7.188373862900875e-05
701	0.000266899362475625
11986	7.192298713655012e-05
14177	4.2504752514135286e-05
14178	7.542105316082011e-05
3420	7.863488404711688e-05
4413	4.2504752514135286e-05
14179	4.2504752514135286e-05
13815	9.172689402174255e-05
4927	0.00011464453148760006
14180	9.176272903051259e-05
14181	8.745721654560468e-05
1992	8.751242305924124e-05
14182	8.723167405021678e-05
14183	4.2504752514135286e-05
1168	4.2524086167464346e-05
3986	7.547631519090569e-05
13803	8.205157983229067e-05
12952	4.6574050391656984e-05
14184	8.88170324977654e-05
7384	9.917520065826917e-05
4704	4.2504752514135286e-05
6853	0.00010997716404581803
14185	8.035708065163204e-05
14186	8.306970874694145e-05
2150	0.0003774190986906599
456	8.954214668088981e-05
1546	7.657961568616548e-05
14187	4.2504752514135286e-05
6849	4.2504752514135286e-05
1121	0.00013087941898227675
7378	4.2504752514135286e-05
9311	4.2504752514135286e-05
1357	7.631596934708603e-05
3724	0.0003715627437681605
6113	7.624701755672522e-05
13168	0.00011064765920790383
4019	9.79968337462046e-05
12375	0.0001415060444041193
14188	4.2504752514135286e-05
7114	0.00010093244687557366
7905	0.0003376490655194859
2313	9.816071362987773e-05
4766	0.000341304481255681
3064	0.00030249076920832235
9029	8.4061659489822e-05
7561	0.00011743330815332641
8150	9.117363906517288e-05
14189	4.2504752514135286e-05
8919	4.2504752514135286e-05
3226	7.351995288406318e-05
4548	0.00014142246150369324
14190	4.2504752514135286e-05
137	0.00012726076167361795
3448	4.2504752514135286e-05
5249	4.2504752514135286e-05
8304	9.55802409654945e-05
3062	9.771958891467496e-05
7072	8.392980008115175e-05
13737	0.00019830566060634252
14191	8.277554777162781e-05
2969	4.2504752514135286e-05
2671	4.2504752514135286e-05
3336	8.503861470935537e-05
14192	4.2504752514135286e-05
4991	9.065330567712137e-05
14193	4.2504752514135286e-05
9391	4.2504752514135286e-05
7284	4.284749093883835e-05
1012	0.00010427381849125366
11261	4.2504752514135286e-05
14194	8.734121714237713e-05
7945	7.973553032027892e-05
7296	4.267275531792631e-05
7734	4.2504752514135286e-05
12669	4.2504752514135286e-05
5903	4.2504752514135286e-05
272	0.00012882251544226803
14195	4.281596319247418e-05
13476	4.2504752514135286e-05
13469	7.7837593176722e-05
67	6.659150686945633e-05
160	4.2504752514135286e-05
11631	4.2504752514135286e-05
6295	4.2504752514135286e-05
628	7.531270548199743e-05
12429	8.564172695569768e-05
1552	4.2536500648864976e-05
879	8.87864612804001e-05
832	4.2504752514135286e-05
14196	9.197026078996184e-05
2329	4.2504752514135286e-05
1164	0.00036408514786959634
14197	7.744223852984154e-05
60	4.2504752514135286e-05
14198	8.734121714237713e-05
11321	8.010650421419197e-05
4665	8.673671282077699e-05
8976	8.713894204236544e-05
457	8.529777530460263e-05
14199	9.200609579873182e-05
9522	8.170396370071508e-05
2907	4.2504752514135286e-05
7250	4.2504752514135286e-05
802	4.2504752514135286e-05
13652	4.2504752514135286e-05
609	9.455811876421668e-05
14200	8.306012809835263e-05
3168	0.0002717083862103367
14201	8.345417763908528e-05
14202	8.338895819485687e-05
14203	8.291588043671214e-05
13297	4.509234129698851e-05
8127	0.0001261679866668712
14204	0.00023982936587952738
4123	8.105764812692075e-05
6151	8.762702663797943e-05
8812	8.502294286927118e-05
4400	0.00012952077533907131
9350	8.338570629009602e-05
7797	4.251533854740015e-05
8397	4.2504752514135286e-05
3292	8.120931250578689e-05
9742	4.26047632354508e-05
13726	4.3430866331071005e-05
4668	8.025585864269054e-05
1627	0.00015574593822032852
5698	4.264692773545529e-05
7057	4.2504752514135286e-05
4374	0.0001495658818279043
7324	0.00025381895519720725
1823	4.2504752514135286e-05
4755	0.00015788805952046981
9922	4.2504752514135286e-05
12219	7.889680539134265e-05
1916	0.0005841246925701682
5463	9.228059746425502e-05
14205	9.559840786635055e-05
9516	7.119906744701399e-05
13816	0.0009838454425625906
1418	7.508689856826955e-05
13711	8.713949485541835e-05
1324	4.39463509795872e-05
9696	4.3006233084603906e-05
3092	7.460851328218776e-05
8998	7.304969416946023e-05
13254	0.00010878356276103709
8344	8.633474832035837e-05
8080	8.995186672749176e-05
14206	0.0006558259352426438
14207	4.2504752514135286e-05
14208	8.5165909914329e-05
14209	8.759821552682502e-05
7483	4.381917716714918e-05
14210	4.2504752514135286e-05
14211	4.2504752514135286e-05
3980	0.0003278270179097055
14212	0.0007674218257862206
14213	8.640098614831894e-05
26	4.2504752514135286e-05
5271	4.2504752514135286e-05
11789	4.2504752514135286e-05
14214	4.251534164998903e-05
8437	7.188841422239593e-05
14215	8.834288325317209e-05
7580	4.254355968613676e-05
7536	4.410583588774469e-05
1672	7.8218837082854e-05
7427	0.00018740184055666764
8748	8.787139644019928e-05
8049	7.567864678953765e-05
14216	4.2504752514135286e-05
908	9.49420804686109e-05
14217	4.2504752514135286e-05
13450	4.2504752514135286e-05
4708	8.28546152865063e-05
1764	8.780461268063001e-05
13514	4.2504752514135286e-05
13617	4.2504752514135286e-05
13512	0.0001624534761820099
6436	8.023261971795463e-05
14218	8.595503299292412e-05
9883	4.2504752514135286e-05
14219	9.220163368829913e-05
5904	7.985390120869736e-05
13396	4.291988038945342e-05
9882	7.251492542277513e-05
12985	0.00019168008059418335
12643	0.00011256726998829731
6610	7.958999751448415e-05
7053	9.137851596040895e-05
5604	7.848838415020561e-05
7266	4.2504752514135286e-05
10498	0.00010898350259375727
8574	4.2504752514135286e-05
517	0.00010118960423030366
221	0.00014226686087503057
13433	7.475340539079113e-05
14220	0.0004339445186694163
3400	4.2504752514135286e-05
698	7.395369380472401e-05
6698	0.00013212413302437676
14221	4.2504752514135286e-05
6578	8.022467252001732e-05
1487	0.000307451553411419
11238	4.2504752514135286e-05
6181	0.00013310339886712946
9548	4.2504752514135286e-05
14222	4.2504752514135286e-05
10301	8.091234607374284e-05
6692	4.25632735689188e-05
1085	0.00018815312493407137
10287	4.29584010350364e-05
13624	8.523797389045812e-05
10988	8.28907345040416e-05
13697	0.00038540217379024914
8478	7.43736838297775e-05
709	0.00012680102302649484
13789	4.2504752514135286e-05
4818	8.65988023533913e-05
11101	0.00013317567962706553
1379	0.00010620624127103006
2545	4.2504752514135286e-05
14223	9.200566495808302e-05
14224	8.590023631160849e-05
8525	8.712872844875177e-05
9113	0.00020713472584179236
4550	7.637774893972848e-05
8603	4.2504752514135286e-05
10110	8.670465228709013e-05
3491	9.862435293417552e-05
7237	0.00015235308126085239
621	8.41097420772814e-05
12195	4.2504752514135286e-05
10200	8.122360253550416e-05
14225	8.483828403651443e-05
3496	8.108787958836612e-05
14226	4.2504752514135286e-05
14227	4.2504752514135286e-05
6413	8.052304813962322e-05
1492	0.0001038465399211012
10029	9.274383245293181e-05
12533	4.2536479629811617e-05
7826	7.452823304575964e-05
3841	4.2504752514135286e-05
14228	4.2504752514135286e-05
7013	5.002475058974968e-05
2234	4.2504752514135286e-05
1706	4.2504752514135286e-05
14229	9.163958315408868e-05
4196	0.0001314445861705998
8836	4.2504752514135286e-05
6794	0.0001347007816487665
2461	0.00012118604576417296
1350	4.644537456672985e-05
7522	0.00014905082225671908
5189	7.253944718557921e-05
4590	4.2504752514135286e-05
8788	4.253465718606434e-05
930	8.53203458620086e-05
3134	0.00017403190686286066
14230	9.200566495808302e-05
13705	4.2504752514135286e-05
10671	4.2504752514135286e-05
8109	6.056981828062608e-05
11804	4.2504752514135286e-05
2693	4.323861470941971e-05
1311	0.00012682887395435666
3007	4.350527697671565e-05
8134	4.2504752514135286e-05
2001	7.141234968028576e-05
14231	8.638905823602717e-05
13275	7.61565802163966e-05
1392	4.2504752514135286e-05
3131	7.720543343774645e-05
4193	4.2504752514135286e-05
7069	4.2504752514135286e-05
5991	7.550276878161866e-05
4043	8.438177662183389e-05
12648	8.375635281684002e-05
12584	4.2504752514135286e-05
1833	4.2504752514135286e-05
179	7.579079865067881e-05
4376	8.394696102656868e-05
14232	4.2504752514135286e-05
2506	4.2504752514135286e-05
4231	9.617502850461034e-05
2029	0.0003327313596152474
5120	8.026974420852347e-05
13236	4.2504752514135286e-05
3394	4.2504752514135286e-05
14233	8.534281875714319e-05
11618	0.00013533983981880385
1793	4.2863802454125785e-05
6827	4.2504752514135286e-05
9482	7.591430798716819e-05
14234	8.713949485541835e-05
3043	0.00017045664314473404
14235	8.638905823602717e-05
12082	0.0002293350716003871
8672	4.2504752514135286e-05
13780	8.416438111738037e-05
12432	0.00016684459794212534
1746	8.38404855015916e-05
13880	8.279590811066431e-05
11597	9.857513478818395e-05
11900	0.0001090936470176876
6255	8.002365722538296e-05
14236	8.696646178740035e-05
10508	4.2504752514135286e-05
2521	4.2504752514135286e-05
5079	0.0001130000826864702
14237	8.483828403651443e-05
10600	8.9706356546668e-05
2336	7.266627079085972e-05
572	4.2504752514135286e-05
14238	7.469644374992734e-05
13752	4.2504752514135286e-05
5486	8.497893576020368e-05
14239	4.2504752514135286e-05
14240	7.863488404711688e-05
9420	0.0001263504702101809
14241	5.609258511317796e-05
7171	7.48310214358831e-05
3322	4.2504752514135286e-05
1987	7.755829326245783e-05
8075	8.80235365470124e-05
14242	4.2504752514135286e-05
9274	9.466177614612597e-05
288	7.337134770076594e-05
9687	0.00015703128750639458
3480	9.34793200418227e-05
3148	0.0001348831165426064
8142	4.2525523482077385e-05
92	7.12456074893219e-05
10869	0.00011320818915089214
6649	4.2504752514135286e-05
5111	0.00016426409802085544
2303	4.2504752514135286e-05
11037	4.2515301457648566e-05
1453	4.278137075937825e-05
11598	8.003769993924112e-05
14243	9.20386852193694e-05
1705	4.2504752514135286e-05
12877	0.00015740004987604048
6412	4.2504752514135286e-05
2771	8.267907623099046e-05
8313	0.00012339483927921774
11143	0.00012802029146439384
1516	9.081827300056879e-05
1888	0.0002583595498588092
14244	8.773007932415749e-05
12234	0.00010922032869441594
4414	0.00018237137344970382
14245	7.863488404711688e-05
2032	4.2524335414679844e-05
6800	9.0287461754561e-05
936	4.2504752514135286e-05
11171	4.2504752514135286e-05
2050	8.340078040691237e-05
538	4.2504752514135286e-05
8627	4.2504752514135286e-05
14246	8.708985751380713e-05
14247	7.744223852984154e-05
5462	4.2504752514135286e-05
18	8.42576764496267e-05
5342	0.00017969102143168157
2695	7.667859717409311e-05
7749	8.722173372036467e-05
9617	4.2535953202970906e-05
3624	8.097578227433844e-05
5361	4.251518871619565e-05
7496	4.2504752514135286e-05
3815	0.00017702150614299486
14248	4.2504752514135286e-05
14249	7.863488404711688e-05
14250	4.2504752514135286e-05
516	6.545793517575427e-05
9269	5.748547867428125e-05
14251	7.934713888366753e-05
14252	4.258946560096525e-05
2511	8.085072556005195e-05
2571	4.2504752514135286e-05
11638	0.00011610583275782857
13331	0.00010960135687136007
14253	8.485717395542014e-05
3197	7.574522381096946e-05
1223	8.709016164426169e-05
600	7.71440967751332e-05
5790	8.894995043821558e-05
3519	4.466194421801889e-05
8246	7.772604157306854e-05
81	0.00010984574259162794
4381	7.717128838356303e-05
4556	0.00013308448779771027
7911	9.218291129376493e-05
3465	7.584476635413007e-05
11750	4.2504752514135286e-05
11110	0.0001168362486855963
5378	8.632110901971004e-05
9864	4.2504752514135286e-05
3257	0.00016070312511004732
14254	9.200566495808302e-05
9294	4.2599167652532004e-05
14255	4.2546847595075895e-05
2091	7.411189753605486e-05
6476	0.00021648604250321305
7634	4.2504752514135286e-05
7971	7.787912087956661e-05
13704	6.164568227045122e-05
7920	6.513655800206446e-05
3932	9.465873295085982e-05
14256	8.035708065163204e-05
1774	4.2504752514135286e-05
2962	0.00022157759041375964
14257	8.594749769402839e-05
7489	4.416563710471016e-05
8845	9.307675204951735e-05
7194	8.098697058493069e-05
11396	7.928609009903756e-05
13622	4.2504752514135286e-05
1688	4.2504752514135286e-05
4639	9.223097969258018e-05
14258	9.224903172630223e-05
3539	7.395802375750256e-05
5162	8.603494746556574e-05
231	0.00011747793473047667
4739	8.596942518007878e-05
14259	4.2504752514135286e-05
14260	8.410257131642095e-05
14261	8.500690451142238e-05
10196	0.0001456487385217654
7573	4.2504752514135286e-05
12636	8.486268396056611e-05
4178	7.524341317582375e-05
4996	4.2504752514135286e-05
1469	0.00012486137463877588
10038	8.714541046087248e-05
297	0.00013341430724053477
1869	4.2504752514135286e-05
8506	9.594424899790773e-05
9956	4.2819302566658595e-05
2233	4.251518871619565e-05
4378	4.2504752514135286e-05
4331	8.313028545773549e-05
7703	4.2504752514135286e-05
1489	8.207753332636208e-05
7840	8.855578521600908e-05
2698	4.2504752514135286e-05
14262	8.061969190156651e-05
1022	4.25889207949827e-05
961	8.08583492891193e-05
14263	4.2504752514135286e-05
14264	4.2504752514135286e-05
398	8.157957196319003e-05
417	4.2504752514135286e-05
4690	4.2504752514135286e-05
13603	4.2504752514135286e-05
2603	8.77264865975471e-05
1978	0.0003230635767691483
1936	4.2504752514135286e-05
12481	4.2504752514135286e-05
2155	4.2547071862803134e-05
2300	0.00010777249878671195
6676	8.991755908777891e-05
3331	4.2504752514135286e-05
13681	4.254711433288705e-05
8107	8.055383725219265e-05
12651	0.00012294229878779994
11062	9.485168563409932e-05
3203	7.614907332624752e-05
2536	4.2504752514135286e-05
8593	4.2548167971135644e-05
6203	4.2504752514135286e-05
10452	4.2504752514135286e-05
12751	4.253650131161594e-05
214	4.2504752514135286e-05
11329	4.2504752514135286e-05
8031	4.2504752514135286e-05
12606	4.2504752514135286e-05
11859	7.47724456590372e-05
8694	4.2504752514135286e-05
1052	8.527946518159822e-05
14265	8.687186051923519e-05
13551	0.00010079255940541014
334	4.253625281396736e-05
9743	4.2504752514135286e-05
14266	0.00020887317397394776
12038	7.815291110346669e-05
14267	9.371862410946228e-05
13282	0.0001544971812756443
14268	8.51564674515352e-05
344	0.00017159302519497306
3588	4.2504752514135286e-05
3206	4.2504752514135286e-05
11596	8.89577787708259e-05
1284	0.00014690127660852938
3182	4.2625855201167064e-05
829	4.3164578361874786e-05
14269	9.172689402174255e-05
11482	4.2504752514135286e-05
13313	8.87526054760438e-05
12887	4.2504752514135286e-05
14270	9.200566495808302e-05
14271	4.2504752514135286e-05
14272	6.970738953115816e-05
696	7.496655723592013e-05
4429	8.250857109806285e-05
3875	0.00012805266675448441
5641	7.845757683016042e-05
5397	7.793003934585586e-05
8280	4.2504752514135286e-05
14273	8.540967422948008e-05
4623	4.2504752514135286e-05
14274	5.145164718527356e-05
14275	8.225179253287088e-05
6595	4.2504752514135286e-05
14276	8.48494779496631e-05
14277	4.2504752514135286e-05
1240	9.624849004294988e-05
11865	4.2504752514135286e-05
10017	9.766435897577295e-05
3348	0.00010822236352009979
13658	4.2504752514135286e-05
4076	9.513854818195307e-05
2792	7.355827523026486e-05
9549	0.0019553825546813884
11751	7.112053995873247e-05
6157	9.456393522979273e-05
11443	0.00011971222489257058
826	4.2504752514135286e-05
1629	7.861336245516416e-05
14278	4.2504752514135286e-05
12191	7.864546697961042e-05
14279	8.812834609173548e-05
14280	4.2504752514135286e-05
14281	8.280642267861664e-05
10864	9.447519076795298e-05
7804	4.2504752514135286e-05
4099	7.431519920243578e-05
1580	0.00027673160600718573
3313	8.646595364083224e-05
1562	4.253617248521936e-05
14282	9.176272903051259e-05
4033	7.568516259825234e-05
1383	8.163814278447005e-05
14283	4.324414246004689e-05
4296	0.0002152428534175506
10331	0.0002241016333786118
8338	7.896251408037142e-05
5398	8.304285274941621e-05
2558	7.659595986440188e-05
2535	4.2504752514135286e-05
10722	9.393517361936217e-05
14284	0.00011451040315289988
14285	4.2504752514135286e-05
9096	9.09317599643345e-05
4113	4.2504752514135286e-05
7542	4.2504752514135286e-05
1639	4.2504752514135286e-05
7796	4.251533854740015e-05
14286	9.001245173003073e-05
2467	7.861370577540939e-05
1371	0.00012695765239615573
13308	7.89618925289868e-05
14287	9.176272903051259e-05
1375	4.2504752514135286e-05
4773	4.276586889580926e-05
6495	8.173261607208625e-05
5613	9.236851264890169e-05
14288	8.68031827808895e-05
4741	4.2504752514135286e-05
1716	7.845567058439965e-05
2598	0.00014069650767162086
14289	4.2504752514135286e-05
3102	4.2504752514135286e-05
8376	4.251533544662884e-05
12265	7.221196564663189e-05
7589	0.00018467316094935004
13026	4.2504752514135286e-05
14290	4.2504752514135286e-05
3606	8.479346567564347e-05
14291	9.200566495808302e-05
14292	0.00033048024640740557
3888	0.00019337313370077104
13350	4.313505162946927e-05
6562	8.318653003303822e-05
1518	4.2504752514135286e-05
1585	0.00014631031772626733
14293	4.2504752514135286e-05
9250	0.0001889418045609948
11540	9.818095960185396e-05
11228	4.2504752514135286e-05
11366	0.00018553846498686822
13878	7.740358068473531e-05
3719	4.2504752514135286e-05
14294	8.570059562196873e-05
8717	0.00033430372695339975
3957	4.2504752514135286e-05
1973	4.2504752514135286e-05
8429	4.2504752514135286e-05
5501	4.2538518992203493e-05
1925	4.2504752514135286e-05
14295	8.377466233524714e-05
8003	4.2504752514135286e-05
6890	8.163104227109846e-05
2954	7.68145351576028e-05
8605	4.2504752514135286e-05
10005	8.207807373800916e-05
6780	0.0001905095247161981
12956	4.253978388516583e-05
1709	7.66352042705063e-05
11437	4.2504752514135286e-05
5973	4.2504752514135286e-05
14296	8.443912096402949e-05
1111	7.566614021730289e-05
6364	4.2504752514135286e-05
7957	7.603243213840727e-05
1975	0.00016918619263671213
2859	9.069522599882446e-05
3470	7.842749440955927e-05
14297	5.333540529543111e-05
9091	6.969478732539016e-05
14298	4.2504752514135286e-05
1366	4.2504752514135286e-05
5800	0.00010325521123113308
3769	0.00010749688775312785
12034	7.652985644116e-05
2122	0.00014024313865455918
13721	6.064955543535467e-05
12801	4.328838820403046e-05
784	8.566696033019142e-05
10220	4.2504752514135286e-05
6252	7.30558204285728e-05
12026	7.867713537083457e-05
5630	0.00016150935209699392
6766	7.191319514162298e-05
8658	0.00012734567394093494
3351	0.0001357472766638609
12288	8.29223112225617e-05
8685	7.441100101196824e-05
12701	7.754008737899628e-05
462	7.337087558619899e-05
6935	4.2536390227719225e-05
14299	0.00010156866891037581
14300	4.2504752514135286e-05
3156	4.2504752514135286e-05
1010	4.3668292813846306e-05
10217	6.0580407416479825e-05
11583	0.0001048988386290946
9520	0.00015721804098659109
12840	9.523878853315138e-05
1587	4.298855719707278e-05
14301	8.552401509637772e-05
8863	4.256618174321197e-05
5291	4.2504752514135286e-05
1158	7.434306775610299e-05
2471	4.2504752514135286e-05
14302	8.485717395542014e-05
7799	7.970869256277254e-05
7416	4.3086260660613835e-05
3004	4.2504752514135286e-05
7211	4.2520271012123326e-05
2350	4.2504752514135286e-05
8489	7.335075126349203e-05
7165	7.802284432901162e-05
9912	4.2504752514135286e-05
11284	7.539188405673026e-05
718	4.2504752514135286e-05
3993	7.451695947671637e-05
7455	7.393906632549455e-05
2279	7.67034235282533e-05
1055	7.906925490197827e-05
14303	9.172689402174255e-05
14304	0.000489654379420929
200	4.2504752514135286e-05
2164	0.00013570654515937723
10469	4.2504752514135286e-05
4936	4.2504752514135286e-05
7003	0.00015897474706234844
4624	0.00016543343268550593
14305	8.299174261691488e-05
6739	4.2504752514135286e-05
6053	7.839340133505398e-05
6122	0.0001028319214613562
14306	4.2504752514135286e-05
4912	4.2504752514135286e-05
12848	4.2504752514135286e-05
10764	8.704612971579216e-05
11350	7.759070944972109e-05
1108	4.253617248521936e-05
10985	0.00010666323755949091
166	8.404397950437057e-05
6772	8.800441700612102e-05
14307	8.833399824368689e-05
3006	4.2504752514135286e-05
13778	4.2504752514135286e-05
2400	7.407700593147313e-05
14308	4.2504752514135286e-05
438	4.2504752514135286e-05
3285	7.353479109618443e-05
14309	4.2504752514135286e-05
14310	4.2504752514135286e-05
13804	8.501600381977157e-05
8399	8.359536726367812e-05
9381	8.659436532035476e-05
8754	0.00013802596595965832
6713	4.2529438792391106e-05
6904	0.00010192109591696685
14311	8.612125133279627e-05
161	4.2504752514135286e-05
12880	4.333563129663516e-05
12144	0.00016545783532263852
7643	4.2504752514135286e-05
10745	0.00015751532843335606
10927	7.954412630799569e-05
6177	9.009733483784528e-05
8271	8.343358547593004e-05
14312	4.2504752514135286e-05
14313	8.812834609173548e-05
7414	4.2504752514135286e-05
13158	4.702101895575798e-05
14314	0.00010617362141218572
2183	4.2534641274543805e-05
878	0.00010528188431424307
7656	4.467107014860997e-05
1949	4.2504752514135286e-05
5601	7.649148315702102e-05
3391	9.29175483085572e-05
4731	4.2504752514135286e-05
6131	7.635201629123463e-05
14315	8.759821552682502e-05
14316	4.2504752514135286e-05
10169	0.00011704452821868194
9140	0.00013798643780163188
14317	4.2504752514135286e-05
1619	0.00016967246771612147
12527	0.00011558269333466044
6971	7.579364709555888e-05
615	4.2504752514135286e-05
566	8.187620100070934e-05
12131	4.2545040602867646e-05
7095	7.450651041108973e-05
8006	8.235587437700544e-05
14318	4.2504752514135286e-05
2990	4.2504752514135286e-05
8086	4.2504752514135286e-05
12896	4.2504752514135286e-05
3356	7.373869418981794e-05
14319	7.436022291245722e-05
253	7.294960673381477e-05
14320	8.485717395542014e-05
7443	7.553673605360903e-05
8088	8.095230325423705e-05
1907	4.2504752514135286e-05
14321	4.2504752514135286e-05
1844	7.689672550305649e-05
14322	8.541706351425736e-05
14323	8.11601979298721e-05
12013	8.80452888750062e-05
6220	4.2504752514135286e-05
4194	4.2504752514135286e-05
14324	7.863488404711688e-05
4549	8.861752045968697e-05
12607	4.2504752514135286e-05
4295	7.772581766089695e-05
5921	9.333947926218493e-05
5379	7.191319514162298e-05
14325	4.2504752514135286e-05
4967	4.2504752514135286e-05
14326	7.836800381077879e-05
4383	4.2504752514135286e-05
13807	0.00016531705129238595
14327	8.277554777162781e-05
12560	4.2621422961104906e-05
7577	8.227852887165139e-05
6492	7.253872701616507e-05
14328	4.2504752514135286e-05
9949	4.2504752514135286e-05
4621	8.218070966244559e-05
7622	9.319259858494493e-05
4340	4.2504752514135286e-05
10227	4.5217953288309074e-05
8306	6.058037338770553e-05
1496	9.799928885631629e-05
14329	4.2504752514135286e-05
13735	7.24866304183106e-05
11920	7.63061869833323e-05
14330	8.601376868756464e-05
1792	0.00016862081434258826
13759	4.899429159482955e-05
3421	4.2504752514135286e-05
6979	0.00020130938441377606
10937	8.611557601570574e-05
14331	8.737311767781665e-05
5322	4.2504752514135286e-05
11107	4.2504752514135286e-05
8710	8.278888058742989e-05
5290	8.148995587550886e-05
2580	4.2504752514135286e-05
3716	7.863488404711688e-05
8303	9.054739348233847e-05
9740	4.2504752514135286e-05
13012	7.786766081433968e-05
10851	8.014939295697632e-05
14332	4.2504752514135286e-05
10748	4.2504752514135286e-05
1144	4.8958408853121634e-05
8905	4.2525052850130803e-05
1519	7.522814568954432e-05
14333	7.562688225774247e-05
9888	6.982705761246458e-05
9508	7.486130655990146e-05
4616	4.2504752514135286e-05
2284	7.096970827057215e-05
3290	4.2504752514135286e-05
14334	4.2504752514135286e-05
14335	9.224903172630223e-05
439	7.522147452801483e-05
3593	0.00010422524241710654
4931	4.2504752514135286e-05
10968	4.2504752514135286e-05
14336	4.2504752514135286e-05
14337	4.2504752514135286e-05
14338	8.646330299314135e-05
14339	4.2504752514135286e-05
904	0.00019536994028591088
13594	8.828690193285497e-05
1096	8.131379234862103e-05
104	4.2770372245445126e-05
14340	9.038796428414113e-05
4035	0.00026084180161315573
8291	4.252539537524246e-05
571	8.466715866921199e-05
6801	9.621519185426948e-05
914	7.314353530882503e-05
1323	7.789578141387829e-05
7869	4.2504752514135286e-05
3905	0.00010958451183823629
3214	4.2504752514135286e-05
10534	7.30382728663336e-05
5665	0.00019113021861005345
9961	4.327112257286126e-05
11634	4.2504752514135286e-05
5201	4.2504752514135286e-05
5107	0.0001242655916962207
6286	4.2524341154099695e-05
13662	0.00020695128432592885
13746	5.5083288672570386e-05
448	4.254550748120957e-05
3170	8.984574298517327e-05
2171	4.2504752514135286e-05
6422	5.454812969179581e-05
13136	8.247963374555157e-05
14341	4.2504752514135286e-05
1458	4.2504752514135286e-05
7172	4.2504752514135286e-05
2984	8.038893377897368e-05
14342	4.2504752514135286e-05
2372	4.2504752514135286e-05
5740	8.509061690583188e-05
5645	8.399438646861562e-05
2886	4.2504752514135286e-05
5243	4.2504752514135286e-05
13171	4.252621076519423e-05
1468	8.128573534497581e-05
3639	0.0001675324914825949
14343	4.2504752514135286e-05
369	0.00016954450382282966
1527	0.00010479244377800773
4271	4.2504752514135286e-05
13402	0.00022441624639126244
14344	4.2504752514135286e-05
787	4.2504752514135286e-05
6187	7.500188751926454e-05
13860	4.2504752514135286e-05
2131	4.2504752514135286e-05
9347	7.863488404711686e-05
14345	4.2504752514135286e-05
24	4.2504752514135286e-05
843	0.00011195220096412082
758	4.2504752514135286e-05
7571	4.2504752514135286e-05
7434	4.2547022400723404e-05
1594	9.8924144593169e-05
8268	4.253958534122547e-05
1275	8.56007233604097e-05
4197	4.2504752514135286e-05
7690	4.2546569750011014e-05
8893	4.2504752514135286e-05
14346	4.2504752514135286e-05
5199	4.2504752514135286e-05
14347	4.2504752514135286e-05
11420	4.2504752514135286e-05
6749	5.766145998414594e-05
14348	4.2504752514135286e-05
1191	4.2504752514135286e-05
14349	4.2504752514135286e-05
3562	8.412222361271282e-05
9769	8.553329525244842e-05
6483	4.2504752514135286e-05
9432	4.2504752514135286e-05
2271	4.2504752514135286e-05
14350	8.345042257311259e-05
2574	8.116239530018936e-05
13806	9.776833206843365e-05
2292	8.061258083391823e-05
14351	9.148395809417223e-05
6651	8.871730318145741e-05
4365	8.674339313578298e-05
9609	0.0001286875468294673
6297	8.214158770526188e-05
2444	4.2504752514135286e-05
11263	4.25346753033181e-05
2245	4.2504752514135286e-05
7020	8.025911993674617e-05
7658	4.2504752514135286e-05
5851	4.251884433499645e-05
9120	0.00013099377411235455
14352	4.2504752514135286e-05
1596	8.322846655122487e-05
779	7.863488404711688e-05
4167	4.2504752514135286e-05
3965	4.2504752514135286e-05
3378	7.863488404711688e-05
7766	4.2504752514135286e-05
3847	4.2504752514135286e-05
1818	4.2504752514135286e-05
14353	4.257358189718463e-05
13616	9.172689402174255e-05
14354	8.428029109967807e-05
1652	0.00018273050415959383
9670	4.2504752514135286e-05
6233	4.2504752514135286e-05
5047	7.617469335401253e-05
6256	9.01693654013582e-05
554	4.2504752514135286e-05
11233	4.2504752514135286e-05
653	0.00011214436327057787
1347	0.0001120781644209014
4475	4.2504752514135286e-05
5480	8.378236427720223e-05
14355	4.92180075795539e-05
2665	8.655365789705623e-05
2959	4.2504752514135286e-05
2516	8.113082906891544e-05
3363	8.130340510600811e-05
8123	7.30558204285728e-05
11834	4.259400434160937e-05
3977	8.022742755287414e-05
5732	4.2504752514135286e-05
14356	8.428029109967807e-05
14357	8.81720684530594e-05
2114	4.259379276895155e-05
65	0.00010901270603756594
3434	4.2504752514135286e-05
4485	4.2504752514135286e-05
4871	4.2504752514135286e-05
6245	4.2504752514135286e-05
9640	9.161343480253482e-05
10056	4.251518871619565e-05
9131	4.276736814086149e-05
7105	7.636226651876323e-05
13070	9.587663669629215e-05
9637	7.863488404711688e-05
1203	4.2504752514135286e-05
8938	7.31473627731342e-05
2640	4.2504752514135286e-05
4202	7.482401819786683e-05
2587	0.0001619634899580002
14358	0.00020041971003715463
8110	4.848852928299425e-05
5862	7.18759274892655e-05
14359	8.68881352268483e-05
404	4.2504752514135286e-05
10307	4.663012538715392e-05
3505	7.30558204285728e-05
11977	7.63990562534639e-05
5217	4.2504752514135286e-05
9166	4.2504752514135286e-05
1398	4.2504752514135286e-05
964	4.251534164998903e-05
14360	4.2504752514135286e-05
14361	8.280642267861664e-05
14362	4.2504752514135286e-05
3232	4.2504752514135286e-05
9540	0.00015673287308487686
422	4.2504752514135286e-05
11446	8.608282829773503e-05
1068	4.2504752514135286e-05
8096	7.616082746555448e-05
2359	4.2534522369524714e-05
10855	0.00010118291997973018
8253	7.864689425968378e-05
14363	4.2504752514135286e-05
441	4.2504752514135286e-05
13153	0.00015816311171985343
7642	0.00014366464750552142
9941	7.64525863926956e-05
5595	8.919331578485123e-05
8084	4.2504752514135286e-05
7700	4.2504752514135286e-05
972	4.2504752514135286e-05
12101	7.489488269201021e-05
10040	4.2504752514135286e-05
3589	8.815365321243384e-05
14364	4.2504752514135286e-05
6393	0.00018169608840690315
3530	7.283605596515384e-05
8856	4.334855954086486e-05
7647	4.2504752514135286e-05
14365	5.930902086183401e-05
8485	7.518711181532644e-05
336	4.2504752514135286e-05
14366	5.442724193932309e-05
4001	4.2504752514135286e-05
14367	8.746823773238044e-05
5945	0.00012154829494012877
7406	7.766201958824852e-05
1384	4.2515176672107874e-05
1002	7.891822599932126e-05
4098	4.2504752514135286e-05
13638	4.2504752514135286e-05
5144	4.2504752514135286e-05
604	9.073990610859931e-05
5989	4.2504752514135286e-05
6011	4.2504752514135286e-05
2285	7.882181982101076e-05
8875	7.716318268754924e-05
3009	7.086730127738798e-05
14368	7.836800381077879e-05
14369	8.4679454172163e-05
10874	7.568048768343954e-05
1922	0.00010499045161911207
2901	4.2504752514135286e-05
9632	8.650667343356529e-05
2808	4.2504752514135286e-05
12534	4.2504752514135286e-05
8987	4.2504752514135286e-05
12434	4.2504752514135286e-05
1015	7.874952230304492e-05
11523	7.865702743065615e-05
612	4.2504752514135286e-05
11217	7.733150672313468e-05
11333	4.2504752514135286e-05
12935	8.359443456293198e-05
11282	4.2504752514135286e-05
3228	4.2504752514135286e-05
12656	9.149674973835608e-05
3135	4.251534164998903e-05
69	4.2504752514135286e-05
816	4.295238105981617e-05
11190	7.045319845616739e-05
553	4.2504752514135286e-05
14370	0.00010617362141218572
10444	7.333275108698046e-05
5992	8.623309475192754e-05
1894	4.311510542296116e-05
10070	4.2504752514135286e-05
11036	7.214751462958397e-05
7302	0.00010202772654318776
14371	8.765079346041886e-05
14372	4.2504752514135286e-05
911	4.2504752514135286e-05
1599	9.505119842364104e-05
10616	8.80357662553687e-05
7421	0.00012066034966457402
3224	7.161726348424658e-05
8418	4.2504752514135286e-05
4778	4.2504752514135286e-05
14373	8.277554777162781e-05
1920	4.2504752514135286e-05
4486	9.570868131392876e-05
4488	7.19933684412467e-05
2348	4.2504752514135286e-05
6987	0.00011031713849971045
2166	4.2504752514135286e-05
10443	4.251533854740015e-05
11843	4.2504752514135286e-05
4532	4.2604464641908866e-05
14374	0.0008835859904429454
5327	8.366873364391168e-05
5972	7.384559278256835e-05
6378	4.2525822771874534e-05
2807	8.238065581251194e-05
14375	0.000767338147790341
8910	4.2504752514135286e-05
8551	7.161617150290796e-05
978	7.891593451697459e-05
9134	0.00018720197452219852
7136	0.00012129327495721706
991	4.2504752514135286e-05
11753	4.2504752514135286e-05
13065	4.2504752514135286e-05
14376	8.857343514691342e-05
14377	4.2504752514135286e-05
2912	4.2504752514135286e-05
8401	8.465434073503953e-05
14378	4.2504752514135286e-05
12277	7.11738303317587e-05
356	4.2504752514135286e-05
14379	4.2504752514135286e-05
14380	4.2504752514135286e-05
14381	4.2504752514135286e-05
13820	4.2504752514135286e-05
4787	4.2504752514135286e-05
5752	9.79357246490639e-05
2047	4.2504752514135286e-05
886	4.2504752514135286e-05
11777	0.00014654748069807766
4989	4.2504752514135286e-05
6118	4.257028366119095e-05
6815	4.2504752514135286e-05
5922	0.0001237296119801869
6384	4.3960692374559174e-05
8195	8.213881441388734e-05
12235	7.783258956382348e-05
2637	8.726528452315795e-05
11951	7.638364012472218e-05
3154	9.746521543193502e-05
4047	7.847239198550222e-05
13615	7.865554754813659e-05
485	7.904352603948043e-05
10125	7.884078929988614e-05
9844	0.000108321313327575
13042	4.4311259090784366e-05
7770	9.173339096133022e-05
1835	7.973408415041432e-05
854	8.359824183565279e-05
1866	4.824540269942462e-05
12438	4.2504752514135286e-05
4647	8.896045611532337e-05
5836	4.325851520075533e-05
14382	8.456785508714975e-05
6970	4.2504752514135286e-05
9315	7.755721371296623e-05
5616	4.2504752514135286e-05
8747	9.118914322731422e-05
2566	7.434680535735528e-05
6751	4.2504752514135286e-05
14383	4.2504752514135286e-05
7961	4.328729214952565e-05
3839	7.930354521998529e-05
4650	4.669775429283252e-05
11073	4.2516226950509395e-05
2639	4.263216756187539e-05
4575	9.441163271374593e-05
9352	4.2504752514135286e-05
6949	8.65829112162207e-05
12409	4.2504752514135286e-05
12345	4.252587509871763e-05
14384	8.411343520224029e-05
11964	7.44077645471931e-05
14385	4.2504752514135286e-05
6755	7.418999241351529e-05
12229	4.2504752514135286e-05
29	8.474448749802063e-05
2654	4.2504752514135286e-05
14386	4.2504752514135286e-05
8904	4.2504752514135286e-05
13039	4.251518871619565e-05
1750	4.2504752514135286e-05
8942	8.885029984889074e-05
12731	4.255563264854448e-05
4293	0.00012128604791237873
15	7.242500670970676e-05
14387	7.934713888366753e-05
13794	7.970711837314012e-05
14388	4.2504752514135286e-05
12116	4.25153045385316e-05
8638	4.2504752514135286e-05
6390	7.484543640106141e-05
8920	4.2504752514135286e-05
8442	4.2504752514135286e-05
13672	4.258328263570229e-05
5492	4.2504752514135286e-05
2384	0.00020264305679557797
11989	4.294437595835802e-05
14389	8.485717395542014e-05
10350	0.00010926408501433344
13633	0.00012008882422215778
10049	9.531847942986538e-05
11982	4.2504752514135286e-05
7067	8.030385058830752e-05
11083	0.0001786710380900842
8153	4.254711445125859e-05
11556	0.00010144133215033078
10690	4.478501328044445e-05
2485	9.127876424961515e-05
14390	4.2504752514135286e-05
11069	0.00010987755793478933
9671	4.2504752514135286e-05
10211	4.2504752514135286e-05
1826	0.00010030647591910733
9313	0.00011476718086809754
14391	9.629026324042814e-05
14392	8.050865943732329e-05
14393	7.83773700294512e-05
14394	4.2504752514135286e-05
5827	4.2504752514135286e-05
10770	4.2504752514135286e-05
121	4.2504752514135286e-05
1074	4.2504752514135286e-05
8168	4.2761296591938996e-05
6293	4.2504752514135286e-05
4864	4.2504752514135286e-05
7976	0.00011549235558891389
1815	0.00017000513684757498
6722	4.2504752514135286e-05
11725	4.253632677385683e-05
8985	4.2592995312916505e-05
3930	4.2504752514135286e-05
13587	4.2504752514135286e-05
10535	7.259550657397929e-05
1744	4.604103257836807e-05
1024	0.00010079852729797753
13468	4.2504752514135286e-05
12805	4.2504752514135286e-05
14395	7.732927073292756e-05
7189	4.2504752514135286e-05
13758	8.035708065163204e-05
14396	7.930776105918817e-05
14397	8.834833729790505e-05
6261	8.77881886463626e-05
7991	5.937542176008417e-05
9659	4.251798893395247e-05
2987	4.2504752514135286e-05
1491	9.98975802710247e-05
5974	4.2504752514135286e-05
11451	7.822340025904868e-05
3775	7.259961899415548e-05
10580	4.2504752514135286e-05
87	8.113000735037116e-05
12452	4.251885482933161e-05
8333	7.880443919880828e-05
3731	7.944739542452956e-05
8272	4.2504752514135286e-05
4705	4.2504752514135286e-05
3051	4.2504752514135286e-05
7812	8.605245253180407e-05
14398	4.2504752514135286e-05
11809	4.2504752514135286e-05
4792	4.2504752514135286e-05
13639	4.2504752514135286e-05
5114	4.2504752514135286e-05
364	4.2504752514135286e-05
5367	8.529202381901113e-05
14399	4.2536492014749906e-05
8541	0.00010585185397467628
549	4.2504752514135286e-05
14400	5.7989094599698826e-05
6770	8.65121697538756e-05
7539	8.714267791339496e-05
14401	8.4679454172163e-05
8521	4.2545096010593776e-05
6309	4.2504752514135286e-05
4728	4.2504752514135286e-05
3350	7.177404617956169e-05
14402	9.172689402174255e-05
12402	4.2504752514135286e-05
7043	7.653206149739586e-05
5453	4.874072571661317e-05
4638	9.094143603373254e-05
2141	7.029238809670572e-05
14403	4.2504752514135286e-05
13383	4.2504752514135286e-05
14404	8.22816224488021e-05
2935	4.253464744531673e-05
13768	4.463005436901656e-05
3705	4.2504752514135286e-05
14405	4.2504752514135286e-05
14406	4.2504752514135286e-05
5207	4.2504752514135286e-05
2118	4.3916948051841484e-05
14407	8.278018539857991e-05
13628	8.643024740132702e-05
2804	4.2504752514135286e-05
4588	4.2504752514135286e-05
12246	4.2504752514135286e-05
10288	7.330974751586718e-05
2908	0.00018043853753544074
10472	7.479353638419e-05
9291	7.312539051069301e-05
14408	4.2504752514135286e-05
14409	4.2504752514135286e-05
4727	4.325187339244497e-05
861	7.81445960891155e-05
12839	4.2504752514135286e-05
14410	8.373001286443726e-05
4842	4.2504752514135286e-05
12463	4.2504752514135286e-05
9494	8.751867354483698e-05
4135	4.2504752514135286e-05
13226	8.643024740132702e-05
1038	4.2504752514135286e-05
9592	7.625176369436092e-05
10601	4.2504752514135286e-05
1754	7.747156842315107e-05
4810	4.2504752514135286e-05
385	8.84411943775728e-05
3926	8.766558960882024e-05
1730	9.710828150262513e-05
12809	4.251508426464514e-05
5172	8.779122158401496e-05
9537	8.760053426999363e-05
172	9.648236132064024e-05
9656	8.627651280003121e-05
4626	4.2504752514135286e-05
14411	4.2504752514135286e-05
2779	4.2504752514135286e-05
7470	8.155263270282494e-05
9705	8.823361977308818e-05
9361	4.2504752514135286e-05
14412	4.2504752514135286e-05
4594	4.2504752514135286e-05
5930	4.2504752514135286e-05
4681	0.0001480505604005101
2552	5.5280119378335545e-05
14413	4.2504752514135286e-05
182	4.253151509878244e-05
745	4.2504752514135286e-05
14414	4.2504752514135286e-05
11688	7.845630390107336e-05
9159	4.2504752514135286e-05
14415	4.2504752514135286e-05
4835	4.2504752514135286e-05
2632	9.648586336519595e-05
7058	8.000710350530981e-05
2942	4.2504752514135286e-05
12521	4.2504752514135286e-05
7864	7.213911205182659e-05
3402	4.2504752514135286e-05
3990	7.37023793112538e-05
4710	4.2504752514135286e-05
9224	4.251519173156752e-05
3711	7.412751791815106e-05
1027	9.197790010902153e-05
290	8.122081405980917e-05
3050	8.655994153754134e-05
4111	7.890829663540177e-05
14416	0.00010803115806536177
6336	4.2504752514135286e-05
8178	4.2504752514135286e-05
8371	4.430019134823437e-05
14417	4.2504752514135286e-05
14418	4.2504752514135286e-05
13782	4.2504752514135286e-05
5814	9.712559975799331e-05
5252	0.0012670284125590131
11359	4.2504752514135286e-05
8439	4.2504752514135286e-05
12169	4.2504752514135286e-05
9262	4.2504752514135286e-05
1880	8.277020827152819e-05
6969	4.2504752514135286e-05
11837	4.256439998322571e-05
4780	4.2504752514135286e-05
4066	4.2504752514135286e-05
5254	4.254712065783924e-05
202	8.017967458857049e-05
1650	7.213911205182659e-05
8526	8.432407452531023e-05
7988	7.191319514162298e-05
807	8.065268339960352e-05
11236	7.57850875705449e-05
2902	4.2504752514135286e-05
1935	7.614467975414029e-05
2823	0.0001474297060459093
8348	4.277708661797642e-05
4063	4.2546310130956224e-05
941	8.621124315198609e-05
56	0.0001077277453113353
10567	4.2504752514135286e-05
11325	4.2545096010593776e-05
14419	4.2504752514135286e-05
11880	7.328922373875789e-05
326	7.499260528985095e-05
8488	4.2504752514135286e-05
4377	4.2504752514135286e-05
3297	7.61643979974181e-05
11484	7.8624298013852e-05
8865	4.2517081212620755e-05
14420	8.708985751380713e-05
12727	7.861371198058713e-05
1081	4.2524341621676776e-05
3872	4.2504752514135286e-05
14421	4.2504752514135286e-05
3281	9.125319029553876e-05
14422	4.2504752514135286e-05
14423	6.056981828062608e-05
7230	4.2504752514135286e-05
3520	4.2504752514135286e-05
14424	8.837194344258747e-05
791	4.2504752514135286e-05
6500	4.2504752514135286e-05
379	4.2504752514135286e-05
7882	4.2504752514135286e-05
2787	4.252802814791934e-05
7590	4.253627121857513e-05
2102	8.597555677029208e-05
14425	4.2504752514135286e-05
5031	4.2504752514135286e-05
347	7.75840953585609e-05
10475	7.757695055405476e-05
14426	4.2504752514135286e-05
3321	0.00010208290616552497
2604	8.528088699413244e-05
940	8.105764812692075e-05
13092	4.4311259090784366e-05
5130	4.2504752514135286e-05
5435	8.761743178247301e-05
2655	4.2504752514135286e-05
14427	4.2504752514135286e-05
2932	4.254711019110407e-05
433	8.01865141438198e-05
5654	4.2504752514135286e-05
3136	7.402766544076652e-05
3086	7.68723359675765e-05
10602	7.556900640679048e-05
6062	4.2504752514135286e-05
10225	4.2504752514135286e-05
4208	4.2504752514135286e-05
11103	4.2504752514135286e-05
12950	4.257028366119095e-05
14428	8.780344556708216e-05
2683	4.2504752514135286e-05
2465	0.0001160609742120774
1506	4.2504752514135286e-05
12047	4.2504752514135286e-05
14429	4.2504752514135286e-05
6021	9.390644648598885e-05
1919	4.2504752514135286e-05
5546	4.2504752514135286e-05
2523	7.566699141413139e-05
9509	4.2504752514135286e-05
11850	4.2504752514135286e-05
3335	4.2817704421645025e-05
8340	4.2504752514135286e-05
5808	4.2504752514135286e-05
982	8.366039551092338e-05
6443	8.548399862447057e-05
8315	0.00014092582884620204
4949	4.2504752514135286e-05
14430	4.2504752514135286e-05
14431	8.411343520224029e-05
2436	7.585165880259564e-05
9123	7.590769085326029e-05
4297	4.2504752514135286e-05
3766	4.2504752514135286e-05
699	8.34541908236012e-05
1363	4.2504752514135286e-05
2048	7.863488404711688e-05
9093	4.2504752514135286e-05
1696	4.277881114217275e-05
14432	4.2504752514135286e-05
11090	8.68881352268483e-05
5533	4.2504752514135286e-05
7083	8.528004142408055e-05
2059	4.2504752514135286e-05
474	9.816178324187122e-05
2174	4.251534164998903e-05
5488	4.2504752514135286e-05
7918	6.056981828062608e-05
10465	4.253617248521936e-05
4504	9.749958533249712e-05
14433	0.00012225434448447821
1115	8.022193826285042e-05
3241	4.2504752514135286e-05
1234	7.274110842891511e-05
7930	4.2504752514135286e-05
14434	4.2504752514135286e-05
13128	4.4311259090784366e-05
6091	8.365858008920721e-05
12261	7.945915632439257e-05
5610	7.636226651876323e-05
2953	7.259058897476412e-05
814	4.2504752514135286e-05
9013	4.2504752514135286e-05
13889	7.863488404711688e-05
14435	9.197026078996184e-05
7673	8.904022944479842e-05
14436	4.2504752514135286e-05
14437	7.863488404711688e-05
187	4.2504752514135286e-05
6478	4.2504752514135286e-05
9009	0.00013565819585369292
2319	8.122728774179555e-05
14438	8.89248581781335e-05
13125	4.2504752514135286e-05
14439	8.041486636671035e-05
4127	7.762408376424368e-05
7953	7.8127589496369e-05
6417	7.209900550768735e-05
13769	4.4311259090784366e-05
3287	4.2504752514135286e-05
9408	4.2504752514135286e-05
11908	4.2504752514135286e-05
413	7.317420898922771e-05
2881	7.584476635413007e-05
14440	4.2504752514135286e-05
14441	4.2504752514135286e-05
11149	4.2515063624732594e-05
8079	4.2504752514135286e-05
1553	7.35246702852754e-05
1676	7.36741840975629e-05
14442	4.2504752514135286e-05
14443	4.2504752514135286e-05
1683	4.2504752514135286e-05
9216	7.421600933966166e-05
7742	8.646595364083224e-05
6406	7.863488404711688e-05
4688	4.2504752514135286e-05
14444	0.00011434104976913343
11545	7.701030559394839e-05
6454	4.2504752514135286e-05
11868	4.2504752514135286e-05
6718	4.2504752514135286e-05
14445	4.2504752514135286e-05
7851	9.56991190390172e-05
5567	4.2504752514135286e-05
13621	4.2504752514135286e-05
1879	7.944739542452956e-05
8274	7.716318268754924e-05
5896	6.192838549906878e-05
865	4.2504752514135286e-05
14446	4.2504752514135286e-05
4909	8.961325062974707e-05
6573	7.627876890431681e-05
4129	4.2504752514135286e-05
891	4.252548778270518e-05
1225	4.2504752514135286e-05
14447	4.2504752514135286e-05
8882	7.268876115033345e-05
9946	4.2504752514135286e-05
993	7.860050610274705e-05
9555	4.2504752514135286e-05
400	4.2504752514135286e-05
1979	0.00011584526103443823
6529	4.2504752514135286e-05
6687	4.2504752514135286e-05
14448	8.428029109967807e-05
14449	4.889700655458587e-05
14450	6.056981828062608e-05
505	4.2504752514135286e-05
2280	4.319264294545785e-05
14451	4.2504752514135286e-05
11125	4.2504752514135286e-05
5729	6.056981828062608e-05
14452	8.339880166788613e-05
13095	4.266317268861981e-05
3414	4.2504752514135286e-05
14453	4.2504752514135286e-05
13695	4.2504752514135286e-05
2242	7.454425872750693e-05
9770	4.318831290405567e-05
14454	4.2504752514135286e-05
2037	0.00011605253623814604
2251	8.057914043460297e-05
10967	8.009845107472743e-05
9993	4.3396495140488915e-05
14455	5.930902086183401e-05
3477	7.639762055943715e-05
2857	4.251534164998903e-05
14456	4.2504752514135286e-05
4897	4.257599139787473e-05
11441	4.2504752514135286e-05
6497	0.0001263862365196438
14457	8.929473019311099e-05
2732	4.2504752514135286e-05
14458	4.2504752514135286e-05
321	4.2504752514135286e-05
13483	8.946173913461095e-05
7554	8.15869201974618e-05
5529	4.252590915236543e-05
14459	4.2504752514135286e-05
14460	4.2504752514135286e-05
14461	4.2504752514135286e-05
7276	4.25358345926747e-05
6868	7.380499550055615e-05
14462	8.11601979298721e-05
9852	8.217068312146218e-05
6966	4.2504752514135286e-05
7894	4.2504752514135286e-05
6025	4.2504752514135286e-05
1050	4.2504752514135286e-05
13606	4.4311259090784366e-05
4609	4.2504752514135286e-05
7192	7.252718996610644e-05
9221	4.2504752514135286e-05
6709	7.835080673271723e-05
1773	4.270596707735323e-05
6279	4.2516815493654664e-05
14463	0.00010803115806536177
781	4.2562372797867477e-05
5108	4.2504752514135286e-05
5953	4.2504752514135286e-05
14464	4.2504752514135286e-05
2988	4.2504752514135286e-05
11239	8.714267791339496e-05
14465	4.2504752514135286e-05
4776	4.2504752514135286e-05
4195	4.2504752514135286e-05
2438	9.752415277858631e-05
3474	4.2504752514135286e-05
4165	8.805131722202888e-05
14466	4.2504752514135286e-05
136	0.0001081221605308137
10228	4.2504752514135286e-05
14467	8.041486636671035e-05
10300	7.552620829492114e-05
6887	4.2504752514135286e-05
1364	7.86454731829706e-05
1044	4.2504752514135286e-05
967	4.2504752514135286e-05
1103	7.649396011997708e-05
1847	0.0005925716954297643
14468	4.2504752514135286e-05
10814	4.2504752514135286e-05
3532	4.2504752514135286e-05
14469	4.2504752514135286e-05
10266	7.863488404711686e-05
5070	0.00014564574972941532
4059	4.2504752514135286e-05
14470	4.2504752514135286e-05
13754	4.2504752514135286e-05
934	4.2504752514135286e-05
409	4.2504752514135286e-05
3657	4.2504752514135286e-05
493	4.2504752514135286e-05
2729	8.452123588373016e-05
125	4.2504752514135286e-05
13195	4.252589982525253e-05
6301	4.2504752514135286e-05
3178	4.251534164998903e-05
4876	4.2770235125470735e-05
7405	7.97896410123587e-05
1857	4.254348216870923e-05
13756	7.436022291245722e-05
1811	4.2504752514135286e-05
2708	4.2504752514135286e-05
4214	4.2504752514135286e-05
14471	4.2504752514135286e-05
12063	4.2504752514135286e-05
14472	4.2504752514135286e-05
11413	4.2504752514135286e-05
14473	4.2504752514135286e-05
10857	4.2504752514135286e-05
9304	4.2504752514135286e-05
68	4.2504752514135286e-05
14474	4.2504752514135286e-05
9875	4.2504752514135286e-05
8656	4.2504752514135286e-05
14475	4.2504752514135286e-05
4164	7.161937213912773e-05
14476	4.2504752514135286e-05
5306	4.2504752514135286e-05
5545	4.2504752514135286e-05
1209	7.213911205182659e-05
9801	4.2504752514135286e-05
12046	4.2504752514135286e-05
11668	7.716933001218085e-05
14477	4.2504752514135286e-05
6408	8.729145118944444e-05
9600	8.658885400836066e-05
14478	4.2504752514135286e-05
12785	4.2504752514135286e-05
10805	7.640537104032426e-05
11226	4.2504752514135286e-05
14479	4.2504752514135286e-05
1255	7.598380760151704e-05
6059	9.073214025688667e-05
6018	4.2504752514135286e-05
414	9.078381377449943e-05
14480	4.2504752514135286e-05
4685	4.2504752514135286e-05
4209	4.2504752514135286e-05
2008	7.863488404711688e-05
6659	4.2504752514135286e-05
1967	4.252593078584277e-05
5439	7.674686385412067e-05
11042	4.252587817960066e-05
8943	4.2515301457648566e-05
2801	4.2504752514135286e-05
12060	4.2504752514135286e-05
14481	8.411343520224029e-05
14482	4.251533854740015e-05
990	4.2504752514135286e-05
5693	4.2504752514135286e-05
5710	4.2515072460302944e-05
1843	7.191319514162298e-05
11697	4.2504752514135286e-05
14483	4.2504752514135286e-05
8252	8.627651280003121e-05
2185	4.251534164998903e-05
14484	4.2504752514135286e-05
14485	4.2504752514135286e-05
13666	5.454812969179581e-05
213	7.116466645650835e-05
13665	4.2504752514135286e-05
675	4.2504752514135286e-05
13290	4.2504752514135286e-05
4959	4.2504752514135286e-05
11534	4.2504752514135286e-05
14486	4.2504752514135286e-05
9278	4.2504752514135286e-05
14487	4.2504752514135286e-05
2827	8.364611911894845e-05
1327	4.2504752514135286e-05
312	4.2504752514135286e-05
14488	8.277554777162781e-05
9911	4.2504752514135286e-05
14489	7.934713888366753e-05
14490	8.607218315319038e-05
9455	4.2504752514135286e-05
747	8.284723656620661e-05
8954	4.2504752514135286e-05
4478	4.2504752514135286e-05
14491	4.2504752514135286e-05
14492	4.2504752514135286e-05
8241	4.2504752514135286e-05
7175	4.2504752514135286e-05
10044	4.2504752514135286e-05
14493	8.747998061177928e-05
3380	7.191319514162298e-05
3416	4.2504752514135286e-05
2027	4.256424287943315e-05
5696	8.491058483792582e-05
13785	4.2504752514135286e-05
12998	4.2504752514135286e-05
3904	9.619207261087217e-05
1091	7.294812924199174e-05
14494	4.2504752514135286e-05
11679	4.2504752514135286e-05
10603	4.2504752514135286e-05
14495	4.2504752514135286e-05
1997	4.2504752514135286e-05
14496	8.291588043671214e-05
1775	4.251534164998903e-05
11584	4.2504752514135286e-05
8471	7.239363099806738e-05
14497	8.411343520224029e-05
685	4.2504752514135286e-05
11208	4.2504752514135286e-05
6548	7.187411578610429e-05
9118	4.2504752514135286e-05
4115	7.051422784982674e-05
307	7.085989591217566e-05
14498	4.2504752514135286e-05
7641	4.2504752514135286e-05
13670	4.2504752514135286e-05
4282	7.191319514162298e-05
2440	4.2504752514135286e-05
14499	4.2504752514135286e-05
14500	4.2504752514135286e-05
1176	4.2504752514135286e-05
14501	4.2504752514135286e-05
10124	4.2504752514135286e-05
10681	4.2504752514135286e-05
8793	4.2504752514135286e-05
13764	4.2504752514135286e-05
6343	7.191319514162298e-05
4125	4.2515273810446574e-05
13170	4.2504752514135286e-05
6282	4.2504752514135286e-05
10031	4.2504752514135286e-05
14502	7.706755854210867e-05
5585	0.00014101633350586224
4327	4.251534164998903e-05
1485	4.2504752514135286e-05
5521	4.251534164998903e-05
2463	4.2504752514135286e-05
14503	8.828735936714046e-05
5854	4.2525706949538586e-05
5848	4.2504752514135286e-05
3725	8.096866702583806e-05
14504	8.780898353840199e-05
13797	7.934713888366753e-05
2393	4.2504752514135286e-05
14505	4.2504752514135286e-05
13582	4.2504752514135286e-05
10889	7.086730127738798e-05
14506	4.2504752514135286e-05
923	4.2504752514135286e-05
8459	7.863488404711688e-05
7231	7.845630390107336e-05
697	4.2504752514135286e-05
2309	4.2504752514135286e-05
14507	4.2504752514135286e-05
5405	4.2504752514135286e-05
4797	7.863488404711688e-05
11846	4.2504752514135286e-05
4558	7.744161994557806e-05
14508	4.2504752514135286e-05
8001	7.012975086374772e-05
655	4.2504752514135286e-05
14509	4.2504752514135286e-05
14510	4.2504752514135286e-05
4555	4.2504752514135286e-05
944	4.2504752514135286e-05
6693	4.2504752514135286e-05
14511	4.2504752514135286e-05
14512	4.2504752514135286e-05
11643	7.654952138036552e-05
14513	8.21150215699954e-05
14514	4.2504752514135286e-05
4079	4.2504752514135286e-05
8219	4.2504752514135286e-05
11895	7.29717337436685e-05
6175	4.251534164998903e-05
5323	8.2228435835326e-05
14515	4.2504752514135286e-05
12024	4.2504752514135286e-05
14516	4.2504752514135286e-05
7174	4.251532925053253e-05
8680	4.2504752514135286e-05
14517	4.2504752514135286e-05
13199	4.2504752514135286e-05
295	9.585707817831292e-05
5016	4.2504752514135286e-05
2514	8.89417527301039e-05
14518	4.2504752514135286e-05
10831	4.2785243587930166e-05
14519	4.2504752514135286e-05
14520	4.2504752514135286e-05
2576	7.051422784982674e-05
14521	4.2504752514135286e-05
6903	4.2504752514135286e-05
3318	4.2504752514135286e-05
14522	7.709961449686422e-05
14523	4.2504752514135286e-05
14524	4.2504752514135286e-05
13690	4.2504752514135286e-05
14525	4.2504752514135286e-05
11914	8.5979187822897e-05
11372	4.2504752514135286e-05
10016	4.2504752514135286e-05
9253	4.2504752514135286e-05
2543	9.185461736462854e-05
11942	8.213578632089487e-05
6376	8.446486766640327e-05
6049	7.238187525976511e-05
10983	4.2504752514135286e-05
3709	4.2504752514135286e-05
10721	4.2504752514135286e-05
13792	4.2504752514135286e-05
2447	8.213578632089487e-05
14526	8.277554777162781e-05
12777	8.714165054786692e-05
4203	4.2504752514135286e-05
1825	7.531869594151741e-05
13525	4.4311259090784366e-05
13399	4.2504752514135286e-05
4466	7.552620829492114e-05
821	4.251527074747822e-05
7274	4.2504752514135286e-05
5967	7.451738058855662e-05
1428	4.2504752514135286e-05
14527	4.2504752514135286e-05
9991	4.2504752514135286e-05
4806	7.863488404711688e-05
14528	4.2504752514135286e-05
7942	4.2504752514135286e-05
4733	4.2504752514135286e-05
11537	7.647538464067112e-05
7579	4.2504752514135286e-05
2310	8.438680546632923e-05
5223	4.2504752514135286e-05
10278	7.638534793716882e-05
4580	8.956124678773599e-05
14529	4.2504752514135286e-05
8879	4.2504752514135286e-05
3209	4.2504752514135286e-05
5697	4.2515063624732594e-05
4848	4.251533854740015e-05
10381	7.57850875705449e-05
5402	4.2504752514135286e-05
14530	4.2504752514135286e-05
41	4.2504752514135286e-05
10961	4.2504752514135286e-05
5221	4.2504752514135286e-05
14531	4.2504752514135286e-05
14532	8.277554777162781e-05
13691	4.2504752514135286e-05
12338	4.25153045385316e-05
8537	4.2504752514135286e-05
9748	4.251529837856406e-05
3634	8.397999125525865e-05
5264	8.184114199436874e-05
714	7.48432907477752e-05
6307	4.2504752514135286e-05
3254	4.2504752514135286e-05
1765	8.591715746797637e-05
3963	4.2504752514135286e-05
4430	4.2504752514135286e-05
3238	6.056981828062608e-05
12286	4.2504752514135286e-05
10101	7.863488404711688e-05
14533	4.2504752514135286e-05
14534	4.2504752514135286e-05
14535	0.00010213710029298103
8323	4.2504752514135286e-05
11650	4.2504752514135286e-05
14536	4.2504752514135286e-05
14537	4.2504752514135286e-05
8321	7.604887958536681e-05
7226	7.68490399513933e-05
14538	5.454812969179581e-05
14539	4.2524272734439994e-05
14540	4.2504752514135286e-05
