0	0.002135929783675709
1	0.0012430005338410412
2	0.00021381098344344461
3	0
4	0
5	0.0003760746778372107
6	9.163987256234789e-05
7	0.0002100971000787821
8	0
9	0.0004831741150398008
10	0
11	0.0006109497707422877
12	0
13	0
14	0
15	8.123771592086764e-05
16	0
17	0.0008045579681932524
18	0.0002216125704092165
19	0.0001542501001368696
20	0
21	0.00042356582528176034
22	0
23	0.00010465379732577679
24	5.513609457668403e-05
25	0
26	5.513609457668403e-05
27	0.00024099678833261435
28	0
29	8.108300687716599e-05
30	9.903698770241079e-05
31	0.005577719150990115
32	0
33	7.445009672647041e-05
34	0
35	0
36	0
37	0.00010077264504628391
38	8.705893229719964e-05
39	0.00026709764185118537
40	0.00017378396645256728
41	5.513609457668403e-05
42	0.0001971695238640083
43	0.0001467657673766451
44	0
45	7.108857218139411e-05
46	0.00010801693490633023
47	0.003515820531634886
48	0
49	0
50	0
51	0.0075712649426142534
52	0.00035815460614354704
53	0.001204355677967004
54	0.00012648905681099444
55	0.0003716803349775921
56	0.00011146392934663002
57	7.932344421365146e-05
58	0
59	0.00022751802653661369
60	5.513609457668403e-05
61	0
62	0
63	0.00015271195689209134
64	0.0009672473910505099
65	0.0002604249818117338
66	0
67	8.638106406621854e-05
68	5.513609457668403e-05
69	5.513609457668403e-05
70	0
71	0
72	7.87741222296233e-05
73	0.00020520466916941845
74	0
75	0
76	0
77	0.002722874103583106
78	5.513609457668403e-05
79	0.00014097137742124464
80	0.007095400551587781
81	7.719382279236148e-05
82	0.0009457055168258477
83	0
84	0
85	0
86	0.002265895339846911
87	7.18353808868375e-05
88	0
89	0.003466488737497041
90	5.513609457668403e-05
91	0
92	0.00022125299022596198
93	0.0014620917829703721
94	0
95	0
96	0
97	0
98	0.009615257794157242
99	0
100	0
101	0
102	8.872895116741478e-05
103	0
104	5.872099167697392e-05
105	0
106	0
107	0
108	0
109	0
110	0
111	0
112	0.00022900651198463757
113	0
114	0.0010605394784272105
115	0
116	0.00011441060283368191
117	0
118	0
119	0.0001214632243908688
120	0.00013365569457805948
121	5.513609457668403e-05
122	0
123	0.0005918571121123244
124	0
125	5.513609457668403e-05
126	0
127	0.0003354585368282837
128	0
129	0
130	0.003426489167560032
131	0
132	5.7667451748690744e-05
133	0
134	0
135	0
136	0.0001244647262711421
137	0.0001370921191562721
138	0
139	0.00012243007968126748
140	0
141	0.00016947837570274125
142	0
143	5.513609457668403e-05
144	0
145	6.445246764335106e-05
146	0
147	0.0004647187167004334
148	0.00014613711896120695
149	6.034358949160644e-05
150	0.000631284068427633
151	0
152	0
153	0
154	0
155	9.181429882551502e-05
156	0
157	0
158	0.00027080306091254857
159	0.0004783376721369795
160	5.513609457668403e-05
161	5.513609457668403e-05
162	0
163	0.002791411169328763
164	0
165	0
166	0.0001054356240995513
167	0.00010957098429748976
168	0.00039559599407934884
169	0
170	0
171	0.00016060203574834532
172	9.650943747082494e-05
173	0.0006940366858088624
174	9.801590133909282e-05
175	0.0001575172866910278
176	0.0012294862021590043
177	0
178	5.513609457668403e-05
179	6.834776437407306e-05
180	0.00017661615601697312
181	0.00102815767085837
182	5.694931590851958e-05
183	0
184	0
185	0
186	0.0019186687408439109
187	5.513609457668403e-05
188	0
189	0
190	0
191	0
192	0
193	0
194	0
195	0.00034221112337228475
196	0
197	0.00010772024943671391
198	0
199	0
200	5.513609457668403e-05
201	0
202	9.56614062025181e-05
203	0.0003971630409721944
204	7.445938449836725e-05
205	0.0009266718483573205
206	0
207	0
208	0
209	0.00031825388290492767
210	0
211	0
212	5.513609457668403e-05
213	6.466632702840529e-05
214	5.513609457668403e-05
215	0
216	0
217	0.001222568059930401
218	0.00027051528501414584
219	0
220	0
221	9.283888655887678e-05
222	0
223	0.0007731421920665572
224	6.641839260139553e-05
225	0
226	0
227	0
228	0
229	0.0005552303180383589
230	0
231	0.00011556920292586843
232	0
233	0.00024779483529619286
234	0.00013497784714282528
235	0.0003871245094105118
236	0
237	5.7893003649290013e-05
238	0
239	0
240	0.010944186703630905
241	0
242	0.0001585764083431889
243	0
244	8.944990588432872e-05
245	0
246	0
247	5.513609457668403e-05
248	0
249	0
250	0.00016350029908318182
251	0
252	0.00021225570969778362
253	7.619879329233184e-05
254	0
255	0
256	0
257	5.513609457668403e-05
258	0
259	5.513609457668403e-05
260	0
261	0
262	6.450958542354439e-05
263	0
264	0.00010234099674992934
265	0
266	0
267	0
268	0
269	0
270	0
271	9.250516325147332e-05
272	0.0001655114915293001
273	6.336602340914046e-05
274	5.513609457668403e-05
275	0
276	0
277	5.513609457668403e-05
278	0.0007842290672038036
279	0
280	5.513609457668403e-05
281	0
282	0
283	0
284	0
285	0
286	0.000230348775697362
287	0
288	6.643404966018874e-05
289	5.513609457668403e-05
290	6.915765000574622e-05
291	0
292	0.0006129649379403141
293	0
294	0
295	6.304810137654573e-05
296	0.0002190749016290338
297	0.00020871620772571338
298	0
299	0
300	0
301	0
302	0
303	0
304	5.5517130789971034e-05
305	6.583650236187581e-05
306	0.004382696309943399
307	6.52055196832416e-05
308	0
309	0
310	0
311	0.0003726976228552574
312	5.513609457668403e-05
313	0.0007179448216629098
314	0
315	0
316	0
317	0.0001921464844745414
318	0.00026090338773234156
319	0.004548070726315394
320	0
321	5.513609457668403e-05
322	0
323	0
324	0.00016469078537106354
325	0
326	5.8305563732070923e-05
327	0
328	0
329	0
330	0
331	0
332	0
333	0
334	5.7747720857806784e-05
335	7.584710258221671e-05
336	5.513609457668403e-05
337	0
338	0
339	0
340	5.513609457668403e-05
341	0
342	0
343	6.149163945411314e-05
344	6.91472473558449e-05
345	0
346	0.0016938609972238865
347	6.351025248146723e-05
348	0
349	0
350	0
351	0
352	0
353	0
354	0
355	0.00017479126685980434
356	5.513609457668403e-05
357	0
358	0
359	0
360	0
361	0
362	0
363	0
364	5.513609457668403e-05
365	0
366	0
367	0
368	0
369	0.000122531536345702
370	0
371	0
372	0
373	0
374	0.0031311033963657415
375	0.00010622605111583442
376	0
377	0
378	0.0012885585502161359
379	5.513609457668403e-05
380	0.0003391520272693263
381	0
382	0
383	0
384	0
385	6.800067201883007e-05
386	0
387	0
388	0
389	0
390	5.513609457668403e-05
391	0
392	0
393	0
394	0
395	0
396	5.513609457668403e-05
397	0.00013093443538018614
398	0.00011610947363928094
399	0
400	5.513609457668403e-05
401	0
402	7.507923668421103e-05
403	0.00041883322766231486
404	5.513609457668403e-05
405	6.85648115100608e-05
406	0
407	0
408	0
409	5.513609457668403e-05
410	0.00015787136354715337
411	0
412	0.0020061425320313814
413	6.458785891804508e-05
414	8.937147261485733e-05
415	0.0011365719769375726
416	0
417	5.513609457668403e-05
418	0.00016295583284448075
419	0
420	0
421	0
422	5.513609457668403e-05
423	0
424	0.001416651917081235
425	0
426	7.856982169383492e-05
427	0.000510619162874574
428	0
429	0
430	8.181332040478836e-05
431	0
432	0
433	0.00012451359534491438
434	0
435	0
436	0
437	0
438	5.513609457668403e-05
439	0.0001340267423612788
440	5.513609457668403e-05
441	5.513609457668403e-05
442	0
443	0
444	0
445	8.599262059334575e-05
446	5.513609457668403e-05
447	0.00015251580060006027
448	8.497863649793513e-05
449	5.693868897031102e-05
450	0
451	0
452	0
453	0
454	0
455	0
456	8.319848591055963e-05
457	7.874499963792299e-05
458	0
459	0
460	0
461	0
462	8.980441989144924e-05
463	0.0005278738918172907
464	0
465	0
466	0
467	0
468	0
469	8.722074559875916e-05
470	0
471	0
472	0
473	0.0002517001922875192
474	6.848129614619219e-05
475	0
476	0.00017761436489612033
477	0.0001839814096533685
478	0
479	0.0001236164071896058
480	0.00014222457726778082
481	0
482	0
483	0
484	0
485	0.00012070514577983271
486	0
487	0.00025546219557262795
488	0
489	0
490	0
491	0
492	0.0001405944047714094
493	5.513609457668403e-05
494	0
495	5.765114239111831e-05
496	0
497	0.0001810799303956792
498	0
499	0
500	0
501	0
502	0
503	0.0001472452513668928
504	0
505	5.513609457668403e-05
506	0
507	0
508	0
509	0
510	0.0012744242551880715
511	0
512	0
513	0
514	0
515	9.511694309949966e-05
516	6.882708681877503e-05
517	0.00046912588861417707
518	0
519	0.0011836743261469755
520	0
521	0.0002809090971029429
522	0
523	0
524	0
525	0
526	0.0005959605613217866
527	0
528	0.0003369947519158642
529	0
530	0.0006157697619377813
531	0
532	0
533	0.00020639853981368526
534	8.291137482971516e-05
535	5.513609457668403e-05
536	5.513609457668403e-05
537	0
538	5.513609457668403e-05
539	0.0007466251219499126
540	0
541	0
542	0
543	0.0004598246106364427
544	0
545	0
546	0.0008911188903034987
547	0
548	0
549	5.513609457668403e-05
550	0
551	0.00013460121622086425
552	0.0001087276924238255
553	5.513609457668403e-05
554	5.513609457668403e-05
555	0.0012357073838419554
556	0
557	0.00038754663503578254
558	5.513609457668403e-05
559	0
560	0
561	0
562	0.00026213468457902256
563	0.0008120400349011093
564	0
565	0.000203939569142216
566	7.249991428173478e-05
567	5.513609457668403e-05
568	0.0005541513992624989
569	0
570	0
571	0.00011762603355575305
572	5.513609457668403e-05
573	0
574	0
575	0
576	6.901916208881435e-05
577	8.900145209104492e-05
578	9.242384198055787e-05
579	0.00021735952139190172
580	0
581	0
582	0
583	0
584	8.727312235250674e-05
585	0
586	0
587	0
588	5.513609457668403e-05
589	0.00023497444370407328
590	0.0001256127297809725
591	0
592	0
593	0
594	0
595	0
596	0
597	0
598	0
599	0
600	9.799056700665834e-05
601	0.0002047569975480838
602	0.0013546599511400073
603	0
604	0.00019031753509655058
605	0
606	0
607	0.0001402835101894875
608	0
609	6.479946319637951e-05
610	7.149667198757626e-05
611	0
612	5.513609457668403e-05
613	0
614	0.00048298763204436513
615	5.513609457668403e-05
616	0
617	7.648088457825896e-05
618	0
619	0
620	0
621	0.00018613645546398466
622	0
623	0.00017223748462059344
624	0
625	0.00020420610540805806
626	0.0002806455296614948
627	0
628	0.00010019546541816183
629	0.00029707838539698585
630	0
631	0.0001225887532174265
632	8.234865474465813e-05
633	0
634	0
635	0
636	0
637	0
638	0
639	0
640	0
641	0.0005357144506280521
642	0.0013437554008385146
643	0
644	0
645	0.00032613055946191657
646	0.00012197417652850376
647	0.0005674360518417068
648	0
649	0
650	0
651	0.0001884520078356117
652	5.513609457668403e-05
653	6.78815020441747e-05
654	0
655	5.513609457668403e-05
656	0.00044284057730458246
657	0.0003261104619390612
658	0
659	0
660	0
661	0
662	0
663	0.00013021785137502177
664	0
665	0
666	0
667	0
668	0
669	0
670	9.619484601436083e-05
671	0.00012453988566143073
672	0.0001747497467087039
673	0.00010408092788533665
674	0
675	5.513609457668403e-05
676	0
677	0.0017123976039260926
678	0
679	0
680	0
681	0
682	0
683	0.00015112485828127498
684	0
685	5.513609457668403e-05
686	0
687	0
688	0
689	0
690	0.00012157854834986235
691	0
692	0.00014094326914306803
693	0
694	7.889168473950719e-05
695	0.00010911334448058025
696	5.7947145013039214e-05
697	5.513609457668403e-05
698	0.00010525357505671902
699	6.948746990385271e-05
700	0.00020537187850692097
701	0.0001503526102462798
702	0
703	0
704	0
705	0
706	0
707	0
708	0
709	0.00011328495108358267
710	0
711	0
712	0
713	0
714	5.8305563732070923e-05
715	5.513609457668403e-05
716	0.0009021164639580275
717	0.00029642694512421486
718	5.513609457668403e-05
719	0
720	0
721	0
722	0
723	5.513609457668403e-05
724	0
725	0
726	7.608125357840684e-05
727	0.0015516862977978767
728	0
729	0
730	5.513609457668403e-05
731	0
732	8.399422714943196e-05
733	0.0001152259521825673
734	0
735	0.0007152858190364832
736	0
737	5.513609457668403e-05
738	0
739	0
740	0
741	0
742	0
743	0
744	0.0004850824973611294
745	5.513609457668403e-05
746	0.0003382123753163529
747	6.634958949351138e-05
748	0
749	0.0009863214360162093
750	0
751	0
752	0
753	0
754	0.00010124272738608851
755	0.000909197759813876
756	0
757	0
758	5.513609457668403e-05
759	8.443521338989596e-05
760	0
761	0.0016059467205221934
762	0
763	0
764	0
765	0.0013004320621631043
766	0
767	0
768	0
769	8.267557933008738e-05
770	0
771	0.0007641852681652115
772	0.0002805515837198696
773	0.0006487587304540593
774	8.797189347173708e-05
775	0
776	0.00025686135414753985
777	0
778	0
779	0.00010200354881098581
780	0.00016280402109037192
781	6.0791471213077904e-05
782	0.00030827818659166073
783	0
784	8.08000247039523e-05
785	0.000329507867616824
786	0.0001308287474196608
787	5.513609457668403e-05
788	0.00012958696139555993
789	0
790	0.0003371467181591233
791	5.513609457668403e-05
792	0
793	0
794	0
795	0.00022138011246858406
796	0
797	0
798	0
799	0
800	0
801	0
802	5.513609457668403e-05
803	6.930288182649677e-05
804	0.00011855636343511004
805	0
806	0
807	7.187162306474169e-05
808	0
809	5.513609457668403e-05
810	0.0001612857782036783
811	0
812	0
813	0.00012943610662888698
814	5.513609457668403e-05
815	0
816	0.00010423647972089754
817	0
818	6.564655508471605e-05
819	0
820	0
821	5.598823010821679e-05
822	0
823	0
824	0
825	0
826	5.513609457668403e-05
827	6.305628721783769e-05
828	0
829	8.551066081879363e-05
830	0
831	0
832	5.513609457668403e-05
833	0.00016132486671902784
834	0
835	0
836	0
837	0
838	0.0031193833072188956
839	0
840	0
841	0
842	0
843	0.00014377546890907762
844	0
845	0.00027572663157752016
846	0.0003641848338626119
847	0
848	7.856982169383492e-05
849	0
850	5.513609457668403e-05
851	0
852	0.0006752010420501667
853	0
854	7.839188059396755e-05
855	0
856	0
857	0
858	0
859	0
860	0.00044785147634834725
861	6.671131422546835e-05
862	6.396556432221187e-05
863	0
864	7.915747149665184e-05
865	5.513609457668403e-05
866	0
867	0
868	0
869	0
870	0
871	0
872	0
873	0
874	0.0005359686918583409
875	0
876	0
877	0
878	9.632535989498482e-05
879	0.00016748744879864548
880	0
881	0
882	0
883	0
884	0
885	0.0002542115559958068
886	5.513609457668403e-05
887	0.00014118633565538615
888	0.0001243423466483985
889	0
890	9.463848894033415e-05
891	5.7883268800869795e-05
892	0
893	0.0001253329015720009
894	5.513609457668403e-05
895	0
896	0.0008504628895446318
897	9.997692364645383e-05
898	0
899	0
900	5.513609457668403e-05
901	0
902	0
903	0
904	0.00021387530490986817
905	0.00012982335962140716
906	0.00019431255791786943
907	0.00015392942742424538
908	0.00022854936894384464
909	0
910	0
911	5.513609457668403e-05
912	0.0011726266456828036
913	0.00011573602169054201
914	8.045396494541191e-05
915	0
916	0
917	0
918	6.198514184288436e-05
919	0
920	0
921	0
922	0
923	5.513609457668403e-05
924	0.00016267577126021136
925	0
926	0
927	0
928	0.0001872800252966302
929	0.00014418394537496712
930	6.466519763428607e-05
931	0.00017429617569878706
932	0
933	0
934	5.513609457668403e-05
935	0
936	5.513609457668403e-05
937	0
938	5.513609457668403e-05
939	5.513609457668403e-05
940	7.824773843928038e-05
941	9.407083138547302e-05
942	0
943	0.00019811728249049092
944	5.513609457668403e-05
945	0
946	5.513609457668403e-05
947	0
948	5.513609457668403e-05
949	0
950	0.0011473615136394322
951	0
952	0
953	0
954	0
955	0
956	0
957	0
958	8.72233182042321e-05
959	0
960	6.94563098499335e-05
961	5.7594084891928595e-05
962	0
963	0
964	6.294733694906765e-05
965	0
966	0.0005076198280259195
967	5.513609457668403e-05
968	0
969	0
970	0
971	5.836954179440751e-05
972	5.513609457668403e-05
973	0.0001363361163501809
974	0.0003474926324364703
975	0
976	0.00011869654117500455
977	0.00010920039951254474
978	0.0001581849063446948
979	0
980	0
981	0.00019443137258654802
982	0.0001213507352252251
983	7.554738645440042e-05
984	0
985	0.00019371617379462645
986	0
987	0
988	0
989	0.0011389369939629578
990	5.513609457668403e-05
991	5.513609457668403e-05
992	0
993	0.00010844911550858628
994	0
995	0.00013819928863291996
996	0
997	6.809442625349798e-05
998	5.513609457668403e-05
999	0
1000	0.00012324387687345415
1001	5.513609457668403e-05
1002	0.00015071960388628088
1003	0
1004	0
1005	0
1006	0
1007	0
1008	0
1009	0.00026397597981348204
1010	8.443577042464829e-05
1011	0.0005227636651845869
1012	6.516810504731343e-05
1013	0
1014	0
1015	6.438287475248289e-05
1016	0
1017	6.788002298131299e-05
1018	0
1019	0
1020	0
1021	0
1022	6.348277988394147e-05
1023	0
1024	0.00011581337332942132
1025	6.615955873072953e-05
1026	0.00025017296480987826
1027	6.93749669872983e-05
1028	0
1029	0.00026979133388269007
1030	0
1031	0
1032	0
1033	0
1034	0
1035	0.0009293746175762545
1036	0.0006850879811866177
1037	0
1038	5.513609457668403e-05
1039	0.0006833636977724208
1040	0
1041	0
1042	0
1043	0.0002253209260482294
1044	5.513609457668403e-05
1045	0
1046	0
1047	0
1048	0
1049	0.0001983115591092019
1050	5.513609457668403e-05
1051	9.976810038219214e-05
1052	6.512971746794585e-05
1053	0
1054	8.861627711453242e-05
1055	0.00016560809411058898
1056	0
1057	0
1058	0
1059	5.513609457668403e-05
1060	0
1061	0
1062	0.00014300746861184072
1063	0
1064	0
1065	0
1066	0
1067	5.513609457668403e-05
1068	5.513609457668403e-05
1069	0.00014735101325920896
1070	5.513609457668403e-05
1071	7.235935797915853e-05
1072	0.0003975667685243781
1073	0.0014081020489815678
1074	5.513609457668403e-05
1075	0.0006502683551273426
1076	5.904171576287585e-05
1077	0
1078	0
1079	5.513609457668403e-05
1080	0
1081	8.521237442598239e-05
1082	0.0001621655780730853
1083	0
1084	0.00011291220064072455
1085	8.351332912889109e-05
1086	0.00021752777191687817
1087	0
1088	0
1089	0.0008684086868923093
1090	0
1091	6.747421276199022e-05
1092	0
1093	0.00017513131878230933
1094	0
1095	0
1096	6.756760397921236e-05
1097	0
1098	0
1099	0
1100	0
1101	0
1102	0
1103	9.824381688671696e-05
1104	5.513609457668403e-05
1105	5.513609457668403e-05
1106	0
1107	0
1108	5.852704420585357e-05
1109	0.0001851476842116824
1110	0
1111	8.339169403769693e-05
1112	0
1113	7.331818064991409e-05
1114	0.00021331921421987313
1115	6.842011197663841e-05
1116	0
1117	0.00010176281499965433
1118	0.00016588897348253186
1119	0
1120	0
1121	0.00012380389156307125
1122	0
1123	5.513609457668403e-05
1124	0.00012948807756136204
1125	0.00013845387902820284
1126	0
1127	0
1128	0
1129	0
1130	5.513609457668403e-05
1131	5.513609457668403e-05
1132	0.00017422975977149626
1133	0.00015740620951322577
1134	0
1135	0
1136	0
1137	0.0002155002101970114
1138	0.0004393619101285205
1139	0
1140	0
1141	0
1142	0
1143	5.836954179440751e-05
1144	6.135573861612384e-05
1145	0
1146	0
1147	6.294733694906765e-05
1148	0
1149	0
1150	0
1151	0
1152	5.513609457668403e-05
1153	0
1154	0
1155	8.95030057591085e-05
1156	8.890213388939772e-05
1157	0
1158	6.551430887415508e-05
1159	0
1160	0
1161	5.513609457668403e-05
1162	0
1163	0
1164	0.0005107308660210606
1165	0
1166	0.00038008939958443673
1167	5.513609457668403e-05
1168	5.5864857355063753e-05
1169	0
1170	0
1171	0
1172	0
1173	0
1174	0
1175	8.04411771625492e-05
1176	5.513609457668403e-05
1177	0
1178	0
1179	0
1180	0.0007557628017005074
1181	0
1182	0
1183	0
1184	0
1185	0.00013257516037811298
1186	0.00011353892451847338
1187	0.0002071294650602278
1188	0
1189	0
1190	0.0009428146097060012
1191	5.513609457668403e-05
1192	5.513609457668403e-05
1193	0.007327014097442915
1194	0
1195	0.0001352031319127377
1196	0
1197	0
1198	0
1199	0
1200	0.0001712187910607179
1201	8.426304783044123e-05
1202	5.513609457668403e-05
1203	5.513609457668403e-05
1204	7.691043996532643e-05
1205	0
1206	0.0003249844390427392
1207	0
1208	0
1209	5.729839641945418e-05
1210	8.831305511137475e-05
1211	0
1212	0
1213	0
1214	8.850751141094773e-05
1215	0
1216	0
1217	0
1218	0.0003995392905797421
1219	0
1220	0
1221	0
1222	0
1223	9.480217073916928e-05
1224	0
1225	5.513609457668403e-05
1226	0
1227	0
1228	0
1229	0
1230	0
1231	6.928251592567159e-05
1232	0
1233	0
1234	6.0974408040606284e-05
1235	0
1236	5.513609457668403e-05
1237	0
1238	0.0002899119816412422
1239	0.00010482056633159421
1240	8.169990886616258e-05
1241	0
1242	9.685298920453022e-05
1243	0
1244	0
1245	0
1246	0
1247	0
1248	0.00014575784801046997
1249	7.365233246380016e-05
1250	0
1251	0.0033470503765256543
1252	0
1253	0
1254	0
1255	8.413000760329627e-05
1256	0
1257	0
1258	0.0018806180814171227
1259	5.796817360926527e-05
1260	7.975222797100509e-05
1261	0
1262	0
1263	0
1264	0
1265	0.00011913056286549836
1266	0
1267	0
1268	0
1269	0.00017931181515413465
1270	0
1271	0
1272	0
1273	0
1274	0
1275	6.584465598224735e-05
1276	0
1277	6.450958542354439e-05
1278	0.00013739060910504327
1279	0
1280	0.0003625236440760311
1281	0
1282	5.513609457668403e-05
1283	0
1284	0.00015415685845881932
1285	0
1286	0.00035192589698861246
1287	0
1288	5.513609457668403e-05
1289	0
1290	0
1291	0
1292	0
1293	0.00012111844498583955
1294	0
1295	5.513609457668403e-05
1296	0.00012636677147056654
1297	0
1298	0
1299	0
1300	0
1301	0
1302	8.290329550867424e-05
1303	0.0024097041847122936
1304	6.937593493060665e-05
1305	0
1306	0
1307	0
1308	0
1309	0
1310	0.00011509768430977951
1311	0.00010815447963856818
1312	0.00010750165808605616
1313	0
1314	0.00023720136450326967
1315	0.00010462719923691572
1316	9.37912748099578e-05
1317	0
1318	0.0002569237058095396
1319	0.00015417084893989605
1320	0
1321	0.00010334563489047564
1322	0
1323	6.030736584658607e-05
1324	6.1498192436544e-05
1325	9.954200501629786e-05
1326	0
1327	5.513609457668403e-05
1328	0
1329	6.655891201194037e-05
1330	0.00013826032023469788
1331	0
1332	0.00027695328769444615
1333	0.0006471786866287525
1334	6.540949881631141e-05
1335	0
1336	0
1337	0
1338	0
1339	0.00036248278074118857
1340	0
1341	5.513609457668403e-05
1342	0
1343	5.513609457668403e-05
1344	0.003151502239546938
1345	0.0006150491446371562
1346	0
1347	0.00013651396097536908
1348	0
1349	8.818286459117526e-05
1350	5.8621766427669736e-05
1351	0
1352	0
1353	0.00021644451873542703
1354	0
1355	0
1356	0.00010284580294899937
1357	8.293755605544685e-05
1358	8.377742843576058e-05
1359	8.693820601200459e-05
1360	0
1361	0
1362	0
1363	5.513609457668403e-05
1364	0.00012543727592813667
1365	0.0003504489050030994
1366	5.513609457668403e-05
1367	0
1368	0
1369	0
1370	0.0002090934113640244
1371	0.00010699451646338048
1372	7.354951337486292e-05
1373	0
1374	0
1375	5.513609457668403e-05
1376	0
1377	0
1378	0
1379	9.384053738539086e-05
1380	0
1381	0
1382	0.00041418889102854897
1383	8.985975424033528e-05
1384	5.7088905169779936e-05
1385	0
1386	0
1387	0
1388	0
1389	0
1390	0
1391	0
1392	5.513609457668403e-05
1393	0
1394	0
1395	0
1396	0.001124332084110843
1397	0
1398	5.513609457668403e-05
1399	0
1400	0.00023433059916124385
1401	0.00012840593498543473
1402	5.513609457668403e-05
1403	0
1404	0
1405	0
1406	5.513609457668403e-05
1407	0
1408	0.0001333109656190057
1409	5.513609457668403e-05
1410	0
1411	0
1412	0
1413	0
1414	0.00015607819555286883
1415	0.00014155768313944665
1416	8.636173740627518e-05
1417	0
1418	7.964659886265012e-05
1419	0.0010132194776379885
1420	0.0005294663005640667
1421	0
1422	0
1423	0.0013271974283039327
1424	0
1425	0
1426	0.00013687422727266547
1427	0
1428	5.513609457668403e-05
1429	0
1430	0
1431	0
1432	5.513609457668403e-05
1433	0.00028618629893352893
1434	0
1435	0
1436	0
1437	0
1438	0
1439	0
1440	0
1441	0
1442	0.0006638356029049698
1443	0.00018386034973727293
1444	0
1445	0
1446	8.487686979113014e-05
1447	0
1448	0.00010606245878783059
1449	6.753519137070982e-05
1450	0
1451	6.18767487853552e-05
1452	0.00022038667195776654
1453	6.222109884986858e-05
1454	0
1455	0.0002365366365652402
1456	0
1457	0.0001468229236713795
1458	5.513609457668403e-05
1459	0
1460	0
1461	0
1462	0
1463	0
1464	0
1465	0
1466	0.00018730417099540545
1467	0
1468	0.00018227358085497273
1469	9.954485245170132e-05
1470	0.00012714558219097653
1471	0.00016722140160654774
1472	0
1473	0
1474	0
1475	0.00019411040891285984
1476	0
1477	0
1478	5.682233012902963e-05
1479	0
1480	0
1481	0
1482	0
1483	0.0001973689651162185
1484	0
1485	5.513609457668403e-05
1486	0
1487	0.00032970657979654696
1488	0
1489	6.608538650975405e-05
1490	0
1491	8.088265528431245e-05
1492	8.501138404467126e-05
1493	0.00022074599687534784
1494	0
1495	0
1496	7.304688371021699e-05
1497	0
1498	5.694931590851958e-05
1499	0
1500	0.0006879862494540605
1501	0
1502	0
1503	0
1504	0
1505	0
1506	5.513609457668403e-05
1507	6.219518615747772e-05
1508	7.996622188703383e-05
1509	0
1510	6.292609984496463e-05
1511	0
1512	0
1513	5.735068409366182e-05
1514	5.513609457668403e-05
1515	0
1516	0.00010389255699913642
1517	0
1518	5.513609457668403e-05
1519	9.44096513514943e-05
1520	0
1521	0
1522	0
1523	0
1524	0
1525	0
1526	0
1527	7.398753328968166e-05
1528	0.0002624341474448569
1529	0.000119937996711967
1530	0
1531	0
1532	0
1533	0
1534	0
1535	0
1536	0
1537	0.000366020060250096
1538	0
1539	0
1540	0
1541	0
1542	0
1543	0.00015438511700928043
1544	0.00015000693345529472
1545	0.0004069538875678211
1546	6.781142832300364e-05
1547	0
1548	0
1549	0
1550	0
1551	0.0027140042961689747
1552	6.051491546480112e-05
1553	6.0097208965349165e-05
1554	6.375602694450342e-05
1555	5.5864857355063753e-05
1556	0.00032675154232072843
1557	0
1558	0.00014142105443508808
1559	0
1560	0
1561	0
1562	5.852704420585357e-05
1563	0
1564	0
1565	0
1566	0.001140353289474289
1567	0
1568	0
1569	0
1570	0
1571	0
1572	0
1573	0
1574	5.6245893568350756e-05
1575	0
1576	6.973532979227305e-05
1577	0
1578	0.0011405283541867316
1579	0.00020285364007509266
1580	0.000160361764314024
1581	0
1582	0
1583	0
1584	0
1585	0.00014472850706982813
1586	0
1587	6.034358949160644e-05
1588	7.449713506300826e-05
1589	0
1590	0
1591	0
1592	0.00037756573401904504
1593	0
1594	6.311419564855329e-05
1595	7.110743813974242e-05
1596	8.593925055826464e-05
1597	0
1598	0
1599	8.39116080412945e-05
1600	0.0019683331725193647
1601	0
1602	0
1603	0
1604	0.0003389060394972123
1605	0
1606	0
1607	0.00022061337188018128
1608	8.852827079301078e-05
1609	0.0030284582213920166
1610	0
1611	0
1612	0
1613	0.00018085145003990928
1614	0
1615	0.00026431681124686635
1616	5.513609457668403e-05
1617	0.00013125641791911672
1618	0
1619	0.0002432714311480588
1620	0
1621	9.211432196798493e-05
1622	0
1623	0
1624	0
1625	0.0008270294578300343
1626	0.0002031029914407128
1627	8.029170005408791e-05
1628	0.000389753767009533
1629	0.0001300422791154113
1630	0.0011557145907080753
1631	0
1632	0
1633	0
1634	0
1635	0
1636	0
1637	0
1638	0
1639	5.513609457668403e-05
1640	0
1641	0.00012504725384572668
1642	0
1643	0
1644	0
1645	0
1646	0
1647	0.0001245212519961712
1648	0
1649	0
1650	5.729839641945418e-05
1651	0.00022937278034614473
1652	0.0002763369747268218
1653	0
1654	0
1655	0.00012558592113117687
1656	0
1657	5.513609457668403e-05
1658	0
1659	0.0006963947853167965
1660	0.0008136708280014003
1661	0
1662	0
1663	0
1664	0
1665	0
1666	0
1667	0.00085845035666346
1668	0
1669	0
1670	0
1671	0
1672	0.0001587753752066984
1673	0
1674	0.001197400090508836
1675	0
1676	7.101390827914175e-05
1677	0
1678	0.00035837237209563114
1679	0
1680	0
1681	0.00012831738507928215
1682	0
1683	5.513609457668403e-05
1684	0.00010405935375235709
1685	5.513609457668403e-05
1686	0.00027183046955318716
1687	0
1688	5.513609457668403e-05
1689	0
1690	0
1691	0.0003319112969745932
1692	0.0007032582624498792
1693	0
1694	0
1695	0
1696	6.491640733926547e-05
1697	5.513609457668403e-05
1698	0
1699	0
1700	0
1701	0
1702	0
1703	0.0003341934927767559
1704	0
1705	5.513609457668403e-05
1706	5.513609457668403e-05
1707	0
1708	0
1709	0.00010410943056483689
1710	0
1711	0
1712	0
1713	5.513609457668403e-05
1714	0
1715	0
1716	0.00011157529029390728
1717	5.513609457668403e-05
1718	0
1719	7.525549929532306e-05
1720	0
1721	0.00017503218667251416
1722	0
1723	0
1724	0
1725	0.000248395002144527
1726	0
1727	6.667972163685413e-05
1728	0
1729	0
1730	9.749910105278143e-05
1731	0
1732	0
1733	6.0994112700702414e-05
1734	5.8962715784753106e-05
1735	0.0003854191489221882
1736	0.00021594062054953957
1737	0
1738	0
1739	0
1740	0
1741	6.962688480389603e-05
1742	0
1743	5.513609457668403e-05
1744	7.96488662660619e-05
1745	0
1746	7.51982179324588e-05
1747	0
1748	0
1749	0
1750	5.513609457668403e-05
1751	0
1752	0
1753	0
1754	0.00010825929986869629
1755	0
1756	0
1757	0
1758	0
1759	0.00011321523832032485
1760	0
1761	0
1762	0
1763	0.00020843066019990208
1764	8.905210555105664e-05
1765	6.968330976706012e-05
1766	0
1767	0
1768	0.0012957067639063203
1769	0
1770	0
1771	0.00011338662496964411
1772	0
1773	0.00012895207890139607
1774	5.513609457668403e-05
1775	6.034358949160644e-05
1776	0
1777	0
1778	0.0013740883204714403
1779	0
1780	0
1781	0
1782	0
1783	0
1784	0
1785	0
1786	0
1787	0
1788	5.98228400001142e-05
1789	0.00036351108162882486
1790	0
1791	0
1792	0.0001104792649964717
1793	0.00014514713506275442
1794	5.513609457668403e-05
1795	0
1796	5.513609457668403e-05
1797	0
1798	0.00024279427392327095
1799	5.513609457668403e-05
1800	0
1801	0
1802	0
1803	0.0012532723124057028
1804	0
1805	0
1806	0
1807	0.000330402491449345
1808	0
1809	0
1810	0
1811	5.513609457668403e-05
1812	0
1813	0
1814	0.0002154855174695727
1815	6.397605934494417e-05
1816	0.00010420174810618185
1817	0.00013278078414624881
1818	5.513609457668403e-05
1819	0
1820	0
1821	0.00013697138998579884
1822	5.513609457668403e-05
1823	5.513609457668403e-05
1824	0
1825	5.959886210228412e-05
1826	6.111481413383043e-05
1827	0
1828	0
1829	5.513609457668403e-05
1830	0
1831	0
1832	5.943222868887397e-05
1833	5.513609457668403e-05
1834	0
1835	0.00010999536223039441
1836	8.80122807419758e-05
1837	0
1838	0
1839	0
1840	6.45369109386126e-05
1841	0
1842	0
1843	5.7824643545315515e-05
1844	0.0001696830475852815
1845	0
1846	0
1847	0.00013385877293001713
1848	0
1849	5.513609457668403e-05
1850	0
1851	0
1852	0
1853	0
1854	0
1855	6.123094410331992e-05
1856	0
1857	7.035021712623008e-05
1858	0
1859	0
1860	0
1861	0
1862	0.00010296813970681827
1863	0
1864	0
1865	0
1866	6.288869198797369e-05
1867	0.0004007358991277613
1868	5.513609457668403e-05
1869	5.513609457668403e-05
1870	0
1871	0.0005275959642034427
1872	6.0854937094711396e-05
1873	0
1874	0
1875	0
1876	0.0006341173487755166
1877	0
1878	0
1879	6.608278994183424e-05
1880	8.933733818324146e-05
1881	0
1882	0
1883	7.856982169383492e-05
1884	0
1885	0.00037439510271053124
1886	0.0001000319070302754
1887	0.0002675073490944264
1888	8.309104182075726e-05
1889	0
1890	0
1891	0
1892	0.00023667481002043813
1893	7.447967117859872e-05
1894	7.723822937897772e-05
1895	0
1896	5.513609457668403e-05
1897	0
1898	0
1899	0
1900	0.00011257324455870535
1901	0
1902	0
1903	0.00010598475065778362
1904	0.00021834812647165066
1905	0
1906	0.00010989674467100935
1907	5.513609457668403e-05
1908	0
1909	0
1910	0
1911	6.492583285291193e-05
1912	0
1913	0
1914	6.149163945411314e-05
1915	0.00011848826974132477
1916	0.000108871848315413
1917	0
1918	0
1919	5.513609457668403e-05
1920	5.513609457668403e-05
1921	0
1922	6.714552850033107e-05
1923	0
1924	0
1925	5.513609457668403e-05
1926	0
1927	0.00011007925155815694
1928	0
1929	0
1930	0
1931	0
1932	0
1933	0
1934	0
1935	0.00015830980453192955
1936	5.513609457668403e-05
1937	0
1938	0
1939	0
1940	0
1941	0
1942	0
1943	0.00018234191840270158
1944	0
1945	0
1946	6.927825805150427e-05
1947	8.983867870025519e-05
1948	0.0017655169181365349
1949	5.513609457668403e-05
1950	7.031301681073954e-05
1951	0.0007121048532067623
1952	0.00037497356377921875
1953	0
1954	0
1955	0
1956	6.144398349079073e-05
1957	0
1958	5.9701776557344724e-05
1959	0.00014034275713487244
1960	0
1961	0
1962	0
1963	0
1964	0
1965	0
1966	0
1967	7.075857932145129e-05
1968	0
1969	0
1970	6.868152375136928e-05
1971	0
1972	0
1973	5.513609457668403e-05
1974	0
1975	0.00012224689157703598
1976	0
1977	8.970848360547172e-05
1978	0.00032223744581694994
1979	7.950588816168284e-05
1980	0
1981	0
1982	0
1983	0
1984	0
1985	0
1986	0.00021568211459323955
1987	9.089389690898722e-05
1988	0
1989	0
1990	0
1991	0
1992	0.00011800430619938128
1993	0.0027514555368053956
1994	0
1995	0
1996	0
1997	5.513609457668403e-05
1998	0.00018416003832532523
1999	6.044445699697717e-05
2000	0.00019921301326013738
2001	0.00010321687008514393
2002	0
2003	0
2004	0.0042585079421820216
2005	0
2006	0
2007	0
2008	0.00010200354881098581
2009	0.0001355289497982419
2010	0
2011	0
2012	0.0004019625872056826
2013	0
2014	0
2015	0
2016	0.0002992398997063056
2017	0.00010833540788297174
2018	0
2019	5.513609457668403e-05
2020	0.000117123051423975
2021	5.513609457668403e-05
2022	0.00016821151846877974
2023	0
2024	0
2025	0
2026	0
2027	9.269014476729552e-05
2028	8.288984650016842e-05
2029	0.00043268059044263935
2030	0.00010177350013971105
2031	0
2032	7.248064870212133e-05
2033	0
2034	0
2035	0
2036	9.713725359895828e-05
2037	0.00014212921606379973
2038	0
2039	7.220338002516199e-05
2040	5.513609457668403e-05
2041	0
2042	0.0001051013727518664
2043	0.0001585258854681483
2044	0
2045	0
2046	0.0001652028955787212
2047	5.513609457668403e-05
2048	0.00010200354881098581
2049	0
2050	6.167666670418932e-05
2051	0.00025674496810305724
2052	0.00011451038080497432
2053	0
2054	0
2055	0
2056	0
2057	0
2058	0
2059	5.513609457668403e-05
2060	0
2061	0
2062	0
2063	6.753292619591847e-05
2064	5.513609457668403e-05
2065	0
2066	0
2067	0
2068	0
2069	0
2070	7.743510610154565e-05
2071	0
2072	7.034471129250099e-05
2073	5.752828170048591e-05
2074	0
2075	0
2076	0
2077	6.183144518158429e-05
2078	0
2079	0
2080	0
2081	0
2082	0.0019288847790190882
2083	0.001278804697723902
2084	0.0003422194659834233
2085	0
2086	0.00021696685468873618
2087	0
2088	0
2089	0.0001679690229115196
2090	9.671173747829024e-05
2091	7.02046599573017e-05
2092	0
2093	0
2094	0
2095	0
2096	0
2097	0
2098	0
2099	0
2100	0
2101	6.254322890699968e-05
2102	6.99128627762621e-05
2103	0
2104	0
2105	0
2106	0
2107	0
2108	0
2109	0
2110	5.513609457668403e-05
2111	0
2112	0
2113	0
2114	6.418242084224745e-05
2115	0
2116	0
2117	0
2118	7.075857932145129e-05
2119	0
2120	0
2121	0.0001182728138618828
2122	0.0003372819392231349
2123	0.0019291332511019406
2124	0
2125	0
2126	0
2127	0
2128	0
2129	0
2130	0
2131	5.513609457668403e-05
2132	0
2133	0
2134	0.0014549994643748144
2135	0.00011272735128283232
2136	0
2137	0
2138	0.00034210008828432703
2139	0
2140	6.887730573872284e-05
2141	6.721438495893487e-05
2142	0
2143	0.0006115732637617022
2144	0
2145	0.00017827165983032154
2146	0
2147	0
2148	0
2149	0
2150	0.00015027170434494866
2151	0
2152	0
2153	0
2154	0
2155	7.410625462390142e-05
2156	0
2157	0
2158	0.0001718970921010175
2159	0
2160	0.00022558614201497948
2161	0.00029174121797659336
2162	6.756756270391722e-05
2163	0.0002700717911836768
2164	0.0001525890755130965
2165	6.322037116992632e-05
2166	5.513609457668403e-05
2167	0.00010160165693731701
2168	0
2169	0
2170	0
2171	5.513609457668403e-05
2172	0
2173	0
2174	6.685295813525948e-05
2175	0
2176	0
2177	9.443668813470123e-05
2178	0
2179	0
2180	0.00020646438381062684
2181	0
2182	0
2183	5.728508324095168e-05
2184	0
2185	7.075857932145129e-05
2186	0
2187	5.513609457668403e-05
2188	0
2189	0
2190	0
2191	0.0002604863918441734
2192	0.00010329025842957716
2193	0.0001756288216694328
2194	5.513609457668403e-05
2195	0
2196	0.00012758588617244678
2197	0
2198	0
2199	8.626304967353208e-05
2200	0
2201	0
2202	0
2203	0
2204	0
2205	0
2206	0
2207	0
2208	0
2209	8.357845126062075e-05
2210	0
2211	0
2212	0.00010693649244528447
2213	0
2214	0
2215	9.898010413091985e-05
2216	0
2217	0.0001142272861428271
2218	0
2219	0
2220	0
2221	0
2222	0
2223	0
2224	0
2225	0
2226	0
2227	6.230216689154719e-05
2228	0
2229	0.0007214312481159143
2230	0
2231	0
2232	0
2233	5.5517130789971034e-05
2234	5.513609457668403e-05
2235	0.000847633440711732
2236	0
2237	0
2238	0.0002444405420171999
2239	0
2240	0.00018269006887728284
2241	5.513609457668403e-05
2242	8.111087487421042e-05
2243	0.00012581458774259927
2244	0
2245	5.513609457668403e-05
2246	0
2247	0
2248	0
2249	0
2250	0
2251	7.075768475467897e-05
2252	0
2253	0
2254	0
2255	0
2256	0.00037531148367311434
2257	0.000186299811252461
2258	0
2259	7.657701574756977e-05
2260	0
2261	9.594662767841653e-05
2262	0
2263	0.00029370960817424704
2264	0
2265	0
2266	5.513609457668403e-05
2267	0
2268	0
2269	0
2270	0
2271	5.513609457668403e-05
2272	0
2273	0
2274	0
2275	0
2276	0.00014206995330114282
2277	0.00020430374451456314
2278	0.0001065609088539206
2279	8.820855529026535e-05
2280	9.258654445709651e-05
2281	0.0001946440688136941
2282	0
2283	0
2284	9.31779228040905e-05
2285	7.503393307451046e-05
2286	0
2287	5.513609457668403e-05
2288	0
2289	0
2290	0
2291	5.513609457668403e-05
2292	6.351025248146723e-05
2293	0.00010810598346715702
2294	0
2295	0
2296	0
2297	0
2298	0
2299	0
2300	7.19056796597147e-05
2301	0
2302	0.0004994929734883104
2303	5.513609457668403e-05
2304	0
2305	5.513609457668403e-05
2306	0
2307	0.00011713777349198356
2308	0
2309	5.513609457668403e-05
2310	8.85702125454392e-05
2311	0
2312	0.00018676681982282597
2313	0.0001028864648393898
2314	0
2315	0
2316	0.00010095359656342332
2317	0
2318	0.00013991507100492476
2319	8.240431424634618e-05
2320	5.615495227742973e-05
2321	0
2322	0
2323	0
2324	5.513609457668403e-05
2325	0
2326	6.634994987895964e-05
2327	0
2328	0
2329	5.513609457668403e-05
2330	0.00029063876659107287
2331	0
2332	5.7088905169779936e-05
2333	0
2334	0
2335	0
2336	8.06517668952942e-05
2337	0.001185614772738535
2338	0
2339	0
2340	0.00020549966534762703
2341	0
2342	7.343812278212472e-05
2343	0
2344	5.513609457668403e-05
2345	0
2346	0.0012677178403959419
2347	0
2348	5.513609457668403e-05
2349	0
2350	5.513609457668403e-05
2351	0.0004529128155730995
2352	0
2353	0
2354	0
2355	0
2356	0
2357	0
2358	0
2359	5.6245893568350756e-05
2360	8.191540882778432e-05
2361	0
2362	0
2363	0
2364	0
2365	0
2366	0
2367	0
2368	0
2369	0
2370	0.00012650949245137375
2371	6.351025248146723e-05
2372	5.513609457668403e-05
2373	0
2374	0.0003241622080123502
2375	0
2376	0
2377	0
2378	0
2379	0
2380	5.513609457668403e-05
2381	5.513609457668403e-05
2382	0
2383	0
2384	0.00010453354590154703
2385	0
2386	0
2387	0
2388	0
2389	0.0014309844362011051
2390	5.513609457668403e-05
2391	0
2392	0
2393	5.513609457668403e-05
2394	0
2395	0
2396	0
2397	9.713365787146667e-05
2398	0
2399	0.0001785991878360069
2400	8.343093547186996e-05
2401	0
2402	0.00018928480743923417
2403	5.513609457668403e-05
2404	9.817874225686389e-05
2405	5.513609457668403e-05
2406	0.00019244649218178026
2407	0
2408	0.00018004439993601513
2409	0.00028400836938351757
2410	0
2411	0
2412	0
2413	0
2414	5.513609457668403e-05
2415	0
2416	0
2417	0
2418	0
2419	0
2420	0
2421	0
2422	0
2423	0.00031433862739437365
2424	0
2425	0
2426	0.0002027548724454541
2427	5.513609457668403e-05
2428	0
2429	0
2430	0
2431	0.00010374916190207146
2432	0
2433	0.00024363582438420892
2434	5.694931590851958e-05
2435	0.00016699848127937802
2436	6.0827094385428576e-05
2437	5.513609457668403e-05
2438	6.0786284844662245e-05
2439	0
2440	5.513609457668403e-05
2441	0
2442	9.644036994511918e-05
2443	5.513609457668403e-05
2444	5.513609457668403e-05
2445	0
2446	0
2447	7.065731681965662e-05
2448	0
2449	0.0002858609316595069
2450	0.00031286745456864855
2451	0.0008392100647115232
2452	0.00060394891724975
2453	0
2454	0.00013719644030086146
2455	0
2456	0
2457	0
2458	0
2459	0
2460	0
2461	0.0009955836326783305
2462	0
2463	5.513609457668403e-05
2464	0.00022004606592386552
2465	0.00011153265186858785
2466	0
2467	7.075857932145129e-05
2468	0.00045677845267685045
2469	0.00027779899845324814
2470	0
2471	5.513609457668403e-05
2472	0
2473	0
2474	0
2475	0
2476	0
2477	0
2478	0
2479	0
2480	0
2481	0.0002885141056909195
2482	0
2483	0
2484	0
2485	7.709396021220749e-05
2486	0
2487	0
2488	0
2489	0
2490	0
2491	0
2492	0
2493	0.009880342902354648
2494	0
2495	0
2496	0
2497	0.00018941470051764194
2498	0
2499	0
2500	0.0001348870373028188
2501	5.513609457668403e-05
2502	6.227516298059932e-05
2503	0
2504	0
2505	5.513609457668403e-05
2506	5.513609457668403e-05
2507	0
2508	0
2509	0
2510	0
2511	0.00041067682904089226
2512	0
2513	8.960120818183909e-05
2514	8.328254958943712e-05
2515	0
2516	7.363664298601244e-05
2517	0
2518	0
2519	0
2520	0.00046518969342585604
2521	5.513609457668403e-05
2522	8.947250797155761e-05
2523	8.80675717560624e-05
2524	0
2525	0
2526	0
2527	0
2528	0
2529	0
2530	0.0001304960764142316
2531	0
2532	0
2533	0.0003748829268237335
2534	0
2535	5.513609457668403e-05
2536	5.513609457668403e-05
2537	0.00026736756193521084
2538	0
2539	5.513609457668403e-05
2540	0
2541	0
2542	0
2543	0.00011656426793477215
2544	5.513609457668403e-05
2545	5.513609457668403e-05
2546	0
2547	0
2548	0
2549	0
2550	0
2551	0
2552	7.266470314893709e-05
2553	0.0007917983228674169
2554	0
2555	0
2556	0
2557	0
2558	0.00014943664994355232
2559	0
2560	0
2561	0.00013516632686610627
2562	0.00040899043241678887
2563	0.00011456975071559054
2564	9.515806688779283e-05
2565	0
2566	7.097055685471697e-05
2567	0.00015134185389071867
2568	5.513609457668403e-05
2569	6.970947523611914e-05
2570	0
2571	5.513609457668403e-05
2572	0.0001158102192262746
2573	5.513609457668403e-05
2574	0.00026046279592391
2575	0
2576	5.84746354186981e-05
2577	0
2578	0
2579	0.0006662885253982866
2580	5.513609457668403e-05
2581	0.00016124402888500542
2582	0.00012003891670957388
2583	5.513609457668403e-05
2584	0
2585	0
2586	0
2587	0.00026913689651453807
2588	0
2589	0
2590	0.0003042415489398869
2591	0
2592	0.0008486595524675705
2593	0
2594	0.0005312350731758225
2595	0
2596	8.954670579695978e-05
2597	0
2598	0.0001379485060176425
2599	0
2600	0
2601	0
2602	0
2603	0.00012273836563176445
2604	8.1840064829072e-05
2605	9.220015577828027e-05
2606	5.513609457668403e-05
2607	6.652751751559096e-05
2608	0
2609	5.513609457668403e-05
2610	0
2611	0
2612	0
2613	0
2614	0.00033234882250190057
2615	0
2616	0.00018577458302507403
2617	7.351523997585146e-05
2618	0.00032161021963115436
2619	0
2620	0
2621	0
2622	0
2623	8.16840662336491e-05
2624	0.00031042013145155754
2625	0
2626	0
2627	0
2628	0
2629	0
2630	0.0001989361805171527
2631	0
2632	9.33849405218715e-05
2633	9.249251228196542e-05
2634	0
2635	0
2636	0.00016385687991463617
2637	5.952876697724443e-05
2638	0
2639	8.150547542059886e-05
2640	5.513609457668403e-05
2641	0.00012799762860441041
2642	0
2643	0
2644	0
2645	0
2646	0
2647	0
2648	0
2649	0
2650	8.921726291855761e-05
2651	0
2652	0
2653	0
2654	5.513609457668403e-05
2655	5.513609457668403e-05
2656	0
2657	0
2658	0.0002941786188308411
2659	0.00010200354881098581
2660	7.003789218232331e-05
2661	6.583809596997387e-05
2662	6.294733694906765e-05
2663	0
2664	0
2665	0.00012768471466515885
2666	0.0015250565292256996
2667	0.0005283482213679968
2668	0
2669	0.0004167303268041429
2670	0
2671	5.513609457668403e-05
2672	0
2673	0.00013107913058856696
2674	0
2675	0.0002839240019031258
2676	0
2677	0.00018569237833310692
2678	5.513609457668403e-05
2679	0
2680	0
2681	5.513609457668403e-05
2682	0.00031986748350239355
2683	5.513609457668403e-05
2684	0
2685	0.0001958692110483748
2686	0
2687	0
2688	0
2689	0
2690	0
2691	0
2692	0
2693	0.00011610049835985707
2694	0
2695	6.571801129505195e-05
2696	0
2697	0
2698	5.513609457668403e-05
2699	0
2700	0
2701	6.149163945411314e-05
2702	0
2703	0
2704	8.367084056206138e-05
2705	0
2706	0
2707	0
2708	5.513609457668403e-05
2709	0
2710	0
2711	9.113844411274321e-05
2712	0
2713	0.00034257059125713006
2714	0
2715	0
2716	0
2717	6.665888868550614e-05
2718	0
2719	0
2720	0
2721	0
2722	0
2723	0
2724	0.00023680640400195688
2725	0
2726	0
2727	0
2728	0.00015572233720433765
2729	5.765114239111831e-05
2730	0.0003576522978503485
2731	0.0009760658831373135
2732	5.513609457668403e-05
2733	0.00010005800702802233
2734	0
2735	0
2736	7.33724808507778e-05
2737	0
2738	0
2739	0.00012320213232201797
2740	0.00027468430969406957
2741	0.00021513019881594725
2742	0.00016537198673792508
2743	0.00011562495401573142
2744	0
2745	0
2746	0
2747	0
2748	5.513609457668403e-05
2749	0
2750	0.00015338296853378876
2751	0
2752	0.00015117199864471585
2753	0
2754	0
2755	5.513609457668403e-05
2756	0
2757	0
2758	0
2759	0
2760	0.00015013987169757334
2761	0
2762	0
2763	9.951889665997364e-05
2764	0
2765	0.00013849777924788975
2766	0
2767	0
2768	0
2769	0
2770	0
2771	8.175499998648932e-05
2772	0
2773	0
2774	0
2775	7.910208654008566e-05
2776	0
2777	0
2778	0
2779	5.513609457668403e-05
2780	0
2781	0
2782	0
2783	0
2784	8.706697282369188e-05
2785	0
2786	0
2787	5.747946728839912e-05
2788	0
2789	0
2790	0
2791	0
2792	6.234483971876819e-05
2793	0
2794	0
2795	0.00011011534207988903
2796	0
2797	0
2798	0
2799	0
2800	0
2801	5.513609457668403e-05
2802	0
2803	0
2804	5.513609457668403e-05
2805	0.0003621514915806149
2806	8.504960229819861e-05
2807	7.12488663635868e-05
2808	5.513609457668403e-05
2809	0
2810	0
2811	8.99854181606003e-05
2812	0
2813	9.401921067127435e-05
2814	0.00023571965840518818
2815	0
2816	0
2817	0
2818	0.00028995466001339966
2819	0
2820	0
2821	0
2822	0
2823	0.00012749436334665094
2824	0
2825	0
2826	0
2827	6.815812515894657e-05
2828	0
2829	0
2830	0
2831	0
2832	9.977852825642804e-05
2833	0
2834	0.00014005720900462203
2835	0.00021666829761247733
2836	9.807167479306168e-05
2837	8.293330569061652e-05
2838	0.00034062757774802057
2839	0.00021609098142423759
2840	7.856982169383492e-05
2841	0.00018807016691232267
2842	0
2843	0
2844	0.00016041464703123943
2845	0
2846	6.441632995858892e-05
2847	0
2848	0
2849	0
2850	0
2851	0
2852	0
2853	0
2854	0
2855	0
2856	0
2857	5.687192621499151e-05
2858	0
2859	6.998454341302859e-05
2860	0
2861	0.0002747829041656753
2862	0
2863	0
2864	0.00030459094987702733
2865	0
2866	0
2867	0
2868	0
2869	0
2870	0
2871	6.450958542354439e-05
2872	0
2873	0
2874	6.248844185928877e-05
2875	0
2876	0
2877	5.513609457668403e-05
2878	0
2879	0
2880	0
2881	7.594455485854304e-05
2882	6.892280661052356e-05
2883	8.999840873088756e-05
2884	8.82822213210973e-05
2885	0.00013755053278181507
2886	5.513609457668403e-05
2887	5.513609457668403e-05
2888	0
2889	0
2890	0
2891	0
2892	0
2893	0
2894	7.775001531262022e-05
2895	0
2896	0
2897	5.513609457668403e-05
2898	0
2899	0
2900	0.00020932723886892294
2901	5.513609457668403e-05
2902	5.513609457668403e-05
2903	0
2904	0
2905	0
2906	0
2907	5.513609457668403e-05
2908	9.056738671520416e-05
2909	0
2910	0
2911	0.0011768035160551354
2912	5.513609457668403e-05
2913	0.0013087986996929046
2914	0
2915	0
2916	0
2917	0
2918	0
2919	0.0002584237434982655
2920	0
2921	5.513609457668403e-05
2922	0
2923	0
2924	0
2925	0
2926	0
2927	0
2928	0.0003627564656648768
2929	5.513609457668403e-05
2930	0
2931	0
2932	6.172812414807755e-05
2933	8.325422478171703e-05
2934	0
2935	5.7667451748690744e-05
2936	0
2937	0
2938	0
2939	0
2940	0
2941	0.0005683464067981389
2942	5.513609457668403e-05
2943	0.00010267318186117262
2944	0
2945	0
2946	0
2947	0.00014835160745513878
2948	0
2949	0.0006050333528685435
2950	0.0001407422637346937
2951	0
2952	0.00019317690189687344
2953	5.856744496844874e-05
2954	8.561987548469995e-05
2955	0
2956	0
2957	0.00011534244689423334
2958	0
2959	5.513609457668403e-05
2960	0
2961	0
2962	0.000228618141898896
2963	0.00028616475595160735
2964	5.513609457668403e-05
2965	6.964792702451013e-05
2966	0
2967	0
2968	0.0032795792705961647
2969	5.513609457668403e-05
2970	0
2971	0
2972	0
2973	0
2974	0
2975	0
2976	0
2977	0.0006486151495917203
2978	0.0002008954020559651
2979	0
2980	0
2981	0
2982	0.0005871936022687983
2983	0.0002646488220103773
2984	7.236921496865682e-05
2985	0
2986	0
2987	5.513609457668403e-05
2988	5.513609457668403e-05
2989	0
2990	5.513609457668403e-05
2991	0
2992	0
2993	0
2994	0
2995	0
2996	0
2997	0
2998	0
2999	0.00013853406396853153
3000	0
3001	0.0003338675481403504
3002	0
3003	0
3004	5.513609457668403e-05
3005	0
3006	5.513609457668403e-05
3007	0.00015645749021503137
3008	0
3009	6.52055196832416e-05
3010	0
3011	0.00017465680056708024
3012	0.0009732397747001909
3013	0.00013296996818427243
3014	0
3015	0
3016	0
3017	0
3018	5.513609457668403e-05
3019	0
3020	8.45968361786928e-05
3021	0.00014906869795422044
3022	0
3023	0
3024	0.0016056260626630481
3025	0
3026	0
3027	0
3028	0
3029	0
3030	9.632308703813513e-05
3031	0
3032	0.0003443942586268668
3033	0.0003446608918030951
3034	0
3035	0.00016272854165096814
3036	0
3037	0
3038	0
3039	0
3040	0
3041	7.740698439812684e-05
3042	0
3043	0.000247346597646602
3044	0
3045	0
3046	0.0001247412449290103
3047	0
3048	0
3049	0
3050	0.00016134625404045592
3051	5.513609457668403e-05
3052	0
3053	0.00011198632078776271
3054	0
3055	0
3056	0
3057	0.00029950515611876493
3058	0.0002300348152704514
3059	0
3060	0
3061	0
3062	6.451294446609788e-05
3063	0
3064	0.00013285937371879908
3065	0
3066	0.00010015398473063269
3067	7.07193393842726e-05
3068	0
3069	0
3070	0
3071	0
3072	8.161771431705005e-05
3073	0
3074	0
3075	0
3076	0.0002210440544362134
3077	0
3078	0
3079	0
3080	0
3081	0
3082	0
3083	7.015403515707284e-05
3084	0
3085	5.513609457668403e-05
3086	0.00010842096900703891
3087	0
3088	0.0001112228031415974
3089	0
3090	0.0003991696122344992
3091	0
3092	0.00015777347775063543
3093	0
3094	0
3095	0.00011505554891694502
3096	0.00027674033231629415
3097	0.0002807542230383124
3098	0.0002488920404004715
3099	0.00012529473287284607
3100	0
3101	0
3102	5.513609457668403e-05
3103	5.760280269427886e-05
3104	0
3105	0
3106	0
3107	9.369577827798354e-05
3108	0
3109	0
3110	8.012478825331598e-05
3111	7.413800793400216e-05
3112	5.694931590851958e-05
3113	0
3114	0.00031967398232563216
3115	0
3116	0.00019068770292171295
3117	0
3118	0
3119	8.267831388134424e-05
3120	0
3121	0
3122	0
3123	0
3124	0
3125	0
3126	0
3127	0
3128	0
3129	0
3130	0
3131	8.071613711410831e-05
3132	0
3133	0
3134	8.844364991877755e-05
3135	6.294733694906765e-05
3136	6.781142832300364e-05
3137	5.513609457668403e-05
3138	0
3139	0
3140	9.937922833451603e-05
3141	0.0001586978577068753
3142	0.00020404522600474137
3143	0
3144	0
3145	0
3146	0.00014181058606958848
3147	5.513609457668403e-05
3148	6.953466718885871e-05
3149	0
3150	0.00014534863097950086
3151	0
3152	0
3153	0
3154	0.00011586560865695366
3155	5.513609457668403e-05
3156	5.513609457668403e-05
3157	0.00024908281772642913
3158	0
3159	0
3160	0
3161	0
3162	0
3163	0.00012495190627747943
3164	0
3165	0
3166	0
3167	0
3168	0.0006005665768955547
3169	8.802494520365295e-05
3170	9.655399933733948e-05
3171	0
3172	0
3173	0
3174	0
3175	0
3176	0
3177	0
3178	7.856982169383492e-05
3179	0
3180	0
3181	0.00018227358085497273
3182	6.203742951709201e-05
3183	0
3184	0
3185	0
3186	0.00028179294733502434
3187	0
3188	0
3189	0
3190	0
3191	0
3192	0
3193	0
3194	0
3195	0.00034661304129881686
3196	5.703702222610925e-05
3197	8.529938563804607e-05
3198	0
3199	0
3200	0
3201	0
3202	0.00011312892525839802
3203	7.313636018332028e-05
3204	0.00012743341988620738
3205	0.0005043612257577843
3206	5.513609457668403e-05
3207	0
3208	0
3209	5.513609457668403e-05
3210	5.513609457668403e-05
3211	0
3212	0
3213	0
3214	5.513609457668403e-05
3215	0
3216	0.0027865182169621895
3217	5.513609457668403e-05
3218	0
3219	0.001017096599189576
3220	0
3221	0.00018877062749073312
3222	0
3223	0
3224	6.492583285291193e-05
3225	0
3226	0.00016127823804926704
3227	0
3228	5.513609457668403e-05
3229	0
3230	0
3231	6.357798549608679e-05
3232	5.513609457668403e-05
3233	0
3234	0
3235	0
3236	0
3237	0.0002453800304294771
3238	7.856982169383492e-05
3239	0
3240	0.00012889191502920712
3241	5.513609457668403e-05
3242	0
3243	0.0003321875022801398
3244	0.0022942131711410213
3245	0
3246	0
3247	0
3248	0
3249	0
3250	0
3251	0
3252	0
3253	0.00012846452515626646
3254	5.513609457668403e-05
3255	0
3256	0.00022444627522375364
3257	0.00010224457943010294
3258	0.0001446431475214574
3259	0
3260	0
3261	0
3262	0
3263	0
3264	0.00021584384230026045
3265	0
3266	8.028745300953338e-05
3267	0
3268	0.001328121449500027
3269	0
3270	0
3271	0
3272	7.856982169383492e-05
3273	0
3274	0.00030025079972891895
3275	0
3276	0
3277	0
3278	8.699915023382084e-05
3279	0
3280	0
3281	0.00010217050305131703
3282	0
3283	0.0017944409534132542
3284	0.00010823415060587789
3285	8.990511388381247e-05
3286	0
3287	5.513609457668403e-05
3288	0
3289	0.00010463263658943648
3290	5.513609457668403e-05
3291	9.508588510620552e-05
3292	6.370344140856272e-05
3293	0
3294	0
3295	0
3296	0
3297	9.209500381980289e-05
3298	0.00011879353814622456
3299	0
3300	0.00044069544023532856
3301	0.00017514108360178147
3302	0
3303	8.389915912839383e-05
3304	0.00015069882997213068
3305	0
3306	0.00024235361429687024
3307	0
3308	8.010359284399334e-05
3309	0
3310	0
3311	0
3312	0
3313	7.682579219734349e-05
3314	0
3315	0
3316	0.00018256701621476802
3317	0
3318	5.513609457668403e-05
3319	0
3320	0
3321	0.0001153942433519216
3322	5.513609457668403e-05
3323	0
3324	0
3325	5.513609457668403e-05
3326	7.961178061584426e-05
3327	5.513609457668403e-05
3328	0
3329	0
3330	5.513609457668403e-05
3331	5.513609457668403e-05
3332	0
3333	6.450958542354439e-05
3334	5.513609457668403e-05
3335	5.693868897031102e-05
3336	8.383864368410453e-05
3337	0
3338	0
3339	0.00014704195603356144
3340	9.157551078109371e-05
3341	5.513609457668403e-05
3342	0
3343	0
3344	9.128285496358101e-05
3345	0
3346	0
3347	0
3348	0.00010847287202948329
3349	0.0001933167483960644
3350	7.291927725367935e-05
3351	0.00011766640986977302
3352	8.50047544328581e-05
3353	0
3354	0
3355	0.00010200354881098581
3356	6.380336310246191e-05
3357	0
3358	8.735359515342191e-05
3359	0
3360	0
3361	5.983607939396571e-05
3362	0.0005138377692195979
3363	8.660678754412562e-05
3364	0
3365	0
3366	0
3367	0.0001208476366593469
3368	5.513609457668403e-05
3369	0
3370	0
3371	0
3372	0
3373	0
3374	0
3375	0
3376	0
3377	0
3378	0.00010200354881098581
3379	0
3380	5.7824643545315515e-05
3381	5.513609457668403e-05
3382	0.00019796656955983093
3383	5.5517130789971034e-05
3384	0
3385	0
3386	0
3387	0
3388	0.00287829446725585
3389	7.790265472129172e-05
3390	0
3391	0.0001256386907085569
3392	8.216736711705595e-05
3393	0
3394	5.513609457668403e-05
3395	0.00015319683554821013
3396	0
3397	0
3398	0
3399	0.00014709889833825634
3400	5.513609457668403e-05
3401	0.0002933595137375631
3402	5.513609457668403e-05
3403	0
3404	0.00010841217480753092
3405	0
3406	0.0008253416401020575
3407	0
3408	0
3409	0
3410	5.513609457668403e-05
3411	0
3412	0
3413	8.275116475836836e-05
3414	5.513609457668403e-05
3415	0
3416	5.513609457668403e-05
3417	0
3418	0
3419	0.00014429731432690835
3420	0.00010200354881098581
3421	5.513609457668403e-05
3422	0.00010522786354957695
3423	6.099951522072712e-05
3424	0
3425	5.513609457668403e-05
3426	0
3427	0
3428	0
3429	0.00012193120700742819
3430	0
3431	0
3432	0
3433	0
3434	5.513609457668403e-05
3435	0
3436	0
3437	0
3438	0.0007053454590307323
3439	0.0001654399692688385
3440	0
3441	0
3442	0
3443	0.00013781962847219295
3444	0
3445	0
3446	0
3447	0
3448	5.513609457668403e-05
3449	0.00018654452653721524
3450	0
3451	6.440525503506761e-05
3452	0
3453	8.221805817312827e-05
3454	0
3455	0
3456	0
3457	0.0006504806566833006
3458	0
3459	0
3460	0
3461	0.0001589140942569204
3462	0
3463	0
3464	0
3465	7.594455485854304e-05
3466	5.513609457668403e-05
3467	0
3468	0
3469	0
3470	8.88882667116102e-05
3471	0
3472	0
3473	0
3474	5.513609457668403e-05
3475	0.00010919014390863962
3476	0
3477	7.559092411779842e-05
3478	0.0011100650170497816
3479	6.299572412179646e-05
3480	9.073843790955566e-05
3481	0.00012245065646234617
3482	5.513609457668403e-05
3483	0
3484	0
3485	0.0002518484360101875
3486	0
3487	0.0002049246855894142
3488	5.513609457668403e-05
3489	0.0002131573747241628
3490	0.00010102046747826384
3491	0.0001788357872120095
3492	0
3493	0
3494	0.00019802255737169305
3495	6.394784308363131e-05
3496	7.885663449854331e-05
3497	0
3498	0
3499	0
3500	0
3501	9.387589127836371e-05
3502	7.894162155511309e-05
3503	0
3504	0
3505	6.0994112700702414e-05
3506	0
3507	0
3508	0
3509	0
3510	0
3511	0
3512	0
3513	5.513609457668403e-05
3514	0.0009770243804264383
3515	0
3516	0
3517	0.00013214193959657804
3518	0
3519	6.313309210304507e-05
3520	5.513609457668403e-05
3521	0.00010598956456496587
3522	0
3523	0
3524	0
3525	0
3526	0
3527	0
3528	0
3529	9.65859430983067e-05
3530	7.028553615104368e-05
3531	0.00014734222091988242
3532	5.513609457668403e-05
3533	5.513609457668403e-05
3534	0
3535	0.0005376649640475727
3536	6.183144518158429e-05
3537	0
3538	0
3539	7.636146082351565e-05
3540	0.00011665545493844923
3541	0
3542	0.0003790990278217163
3543	0
3544	0
3545	9.394296034598634e-05
3546	0
3547	0
3548	0
3549	6.315233486869036e-05
3550	0
3551	0
3552	5.513609457668403e-05
3553	0
3554	0
3555	0
3556	0
3557	5.513609457668403e-05
3558	0
3559	0
3560	0.00015224435593308498
3561	0
3562	6.97050420580056e-05
3563	0
3564	0
3565	0
3566	0.00024670446053556757
3567	0
3568	0
3569	0
3570	5.762157605675217e-05
3571	0
3572	0
3573	0
3574	0
3575	0
3576	0
3577	0
3578	0
3579	0
3580	0
3581	0
3582	0
3583	0.00018861168697120923
3584	0
3585	0
3586	0
3587	0
3588	5.513609457668403e-05
3589	6.647310545999197e-05
3590	0
3591	0
3592	0
3593	7.251143422972257e-05
3594	6.876368088078839e-05
3595	8.13782344395851e-05
3596	0
3597	8.571252356244642e-05
3598	0
3599	0
3600	0
3601	0
3602	5.513609457668403e-05
3603	0
3604	0
3605	0
3606	6.16355952678503e-05
3607	0
3608	5.513609457668403e-05
3609	7.860235071808731e-05
3610	0.0001569781841705559
3611	7.234155601845784e-05
3612	5.513609457668403e-05
3613	0
3614	0
3615	0.002750720106397249
3616	0.0003380344292303448
3617	6.149271781088281e-05
3618	0
3619	0.0016487767928624177
3620	0
3621	6.111481413383043e-05
3622	0
3623	0
3624	7.34805332897247e-05
3625	0
3626	0
3627	0
3628	0
3629	0
3630	0
3631	0
3632	0.0006929893707341296
3633	0.0004140980873076099
3634	6.10765637967281e-05
3635	0.00012694922116780408
3636	0
3637	0
3638	0.000584166303197303
3639	0.00014199745961984662
3640	0.0003706626661359252
3641	0
3642	0
3643	0
3644	0
3645	0
3646	0
3647	0
3648	0.00017312041488162102
3649	0.00028542696302147845
3650	0
3651	0
3652	0
3653	0
3654	0.00010898742156027386
3655	0
3656	0
3657	5.513609457668403e-05
3658	0
3659	0
3660	0
3661	0
3662	0
3663	0
3664	0
3665	9.194855301313874e-05
3666	0
3667	0
3668	0
3669	0
3670	0.00010429790539220719
3671	0.00022891442178821146
3672	0
3673	0
3674	0
3675	0
3676	0
3677	0
3678	0
3679	0
3680	0.00010588176879801497
3681	0
3682	0
3683	0
3684	0
3685	0
3686	0.00028019554345876357
3687	0.0001335259314825438
3688	0
3689	0
3690	9.892527143160821e-05
3691	0
3692	0
3693	0
3694	0.00014250736417330815
3695	0
3696	0.0003140686823337305
3697	0
3698	0
3699	7.503706862879838e-05
3700	0.0004853846447830418
3701	0
3702	0
3703	0
3704	0
3705	5.513609457668403e-05
3706	0
3707	0
3708	0
3709	5.513609457668403e-05
3710	0
3711	0.00010798139018836807
3712	0
3713	0
3714	0
3715	0.0006922997776572767
3716	0.00010200354881098581
3717	0
3718	0
3719	5.513609457668403e-05
3720	0
3721	5.513609457668403e-05
3722	0.0003774462930762636
3723	0
3724	0.0001716637612258006
3725	6.370344140856272e-05
3726	0
3727	0
3728	0
3729	0.0001089493791906878
3730	0
3731	6.608278994183424e-05
3732	0.0003447518653721401
3733	0
3734	0.0003768392718535033
3735	0
3736	0.00039861013753583437
3737	0
3738	0
3739	0
3740	0.0003119163346578808
3741	0
3742	0.00030168674455331794
3743	0
3744	0
3745	0
3746	0
3747	0
3748	0
3749	0
3750	0
3751	0.0002518144600794224
3752	0
3753	0
3754	0
3755	0
3756	0
3757	0
3758	0
3759	0
3760	0
3761	0
3762	5.513609457668403e-05
3763	0
3764	0
3765	0
3766	5.513609457668403e-05
3767	0
3768	6.094423925698554e-05
3769	0.00018950717652914986
3770	0
3771	0
3772	0
3773	0
3774	0
3775	0.00010716913898503215
3776	0
3777	0
3778	0
3779	0
3780	0
3781	0
3782	0
3783	0
3784	0
3785	0
3786	0
3787	0
3788	0.0006575978366573214
3789	0
3790	0
3791	0
3792	0
3793	0
3794	0
3795	5.694931590851958e-05
3796	0
3797	0
3798	0
3799	0
3800	0
3801	0.00031100762391666884
3802	0
3803	0
3804	0.0001785342721343719
3805	6.491093018872861e-05
3806	0
3807	0
3808	0
3809	0
3810	0
3811	0
3812	0.00017954229778427473
3813	0
3814	0
3815	0.00019132232602943902
3816	0
3817	0
3818	0
3819	0
3820	0
3821	0
3822	0
3823	0
3824	0
3825	0
3826	0
3827	6.179803855937083e-05
3828	0
3829	0
3830	0.0012390348745607383
3831	0
3832	0
3833	0
3834	0
3835	0
3836	8.601137516786172e-05
3837	0
3838	5.513609457668403e-05
3839	7.780540647297273e-05
3840	0
3841	5.513609457668403e-05
3842	0
3843	0
3844	0
3845	0.0004873640276030734
3846	0
3847	5.513609457668403e-05
3848	0
3849	6.149271781088281e-05
3850	0.00010966729377826612
3851	0
3852	5.513609457668403e-05
3853	0.0004207527063294595
3854	0
3855	0
3856	0.00017209988766119145
3857	0
3858	0
3859	0
3860	0.00011126796013464889
3861	0
3862	0
3863	0
3864	0
3865	0
3866	0
3867	0
3868	0
3869	0
3870	0
3871	0.00011789312650484085
3872	5.513609457668403e-05
3873	0
3874	0.00015024803156577873
3875	6.649622006747524e-05
3876	5.513609457668403e-05
3877	0
3878	0
3879	0
3880	0
3881	0
3882	0.0001629581921334797
3883	0
3884	0
3885	0
3886	0
3887	0
3888	0.00017849743011031768
3889	0
3890	0
3891	0
3892	0
3893	0
3894	0
3895	5.798383890756587e-05
3896	0
3897	0.00011012133262993737
3898	0
3899	7.093003552060756e-05
3900	0
3901	0
3902	0
3903	0
3904	0.00018223919709686606
3905	9.474912741777065e-05
3906	0.0002499490986520109
3907	0
3908	5.7824643545315515e-05
3909	0
3910	0
3911	0
3912	0
3913	0
3914	6.515589015512337e-05
3915	0
3916	0
3917	0.0001320798279800191
3918	0.0003364353357937767
3919	0.00017055201289862865
3920	0.00019976178752735237
3921	0
3922	0
3923	0.0001363153764371844
3924	0
3925	0
3926	9.445697738925238e-05
3927	0.00011584180635817385
3928	5.513609457668403e-05
3929	0
3930	5.513609457668403e-05
3931	0
3932	5.769613181896928e-05
3933	6.608538650975405e-05
3934	0
3935	0
3936	0
3937	0
3938	0
3939	0
3940	0
3941	0
3942	7.48764879413438e-05
3943	0
3944	0
3945	0
3946	0
3947	7.639776415453131e-05
3948	0
3949	0
3950	0.0010150300084461033
3951	0
3952	0
3953	0.00028529031437202743
3954	8.841584632199076e-05
3955	0
3956	0
3957	5.513609457668403e-05
3958	0
3959	0
3960	0
3961	0
3962	0
3963	5.513609457668403e-05
3964	0
3965	5.513609457668403e-05
3966	0
3967	5.513609457668403e-05
3968	0
3969	0.0004075054965955083
3970	0
3971	0.0001417608916807185
3972	8.936899920412267e-05
3973	5.7594084891928595e-05
3974	0
3975	0
3976	0
3977	9.574468130803704e-05
3978	5.513609457668403e-05
3979	0
3980	0.0003476702148984835
3981	0
3982	0
3983	0
3984	0
3985	0
3986	9.214716303838452e-05
3987	5.513609457668403e-05
3988	0
3989	0
3990	8.049282807803674e-05
3991	0
3992	0
3993	7.032716142502541e-05
3994	0
3995	0
3996	0
3997	0.000335167719764943
3998	0.00010671732246413703
3999	0
4000	0
4001	5.513609457668403e-05
4002	8.547576407704086e-05
4003	0
4004	0
4005	0
4006	0
4007	0
4008	5.513609457668403e-05
4009	0
4010	0.0001162518401178444
4011	0.00010257982236247192
4012	5.513609457668403e-05
4013	0
4014	0
4015	0
4016	0
4017	0.00011636625748832845
4018	5.513609457668403e-05
4019	0.000152103093983282
4020	0
4021	0
4022	5.513609457668403e-05
4023	0.00028774565455496855
4024	0
4025	0
4026	0
4027	0
4028	0
4029	0
4030	5.513609457668403e-05
4031	0
4032	0
4033	8.697172861910463e-05
4034	0
4035	8.446699510539658e-05
4036	0
4037	0
4038	0
4039	0
4040	0
4041	5.513609457668403e-05
4042	0
4043	8.061959123006985e-05
4044	9.325044049060107e-05
4045	0
4046	0
4047	6.644624140096535e-05
4048	0
4049	0
4050	0.0002414458410014327
4051	0
4052	0
4053	0
4054	0.0007179372933472922
4055	0
4056	0
4057	0
4058	0
4059	5.513609457668403e-05
4060	0
4061	9.062985931064806e-05
4062	0
4063	6.040725719589889e-05
4064	0
4065	0
4066	5.513609457668403e-05
4067	0
4068	0.0002273489937582178
4069	0
4070	0
4071	0
4072	0
4073	0
4074	0
4075	0
4076	0.00010480705225882097
4077	0
4078	0
4079	5.513609457668403e-05
4080	0
4081	0
4082	0
4083	0.0001616871246723002
4084	0
4085	0
4086	0
4087	0
4088	0
4089	8.649894107960469e-05
4090	5.513609457668403e-05
4091	0
4092	0
4093	5.513609457668403e-05
4094	8.151185024931235e-05
4095	0
4096	0
4097	0
4098	5.513609457668403e-05
4099	0.00010454087440534465
4100	9.087798127432496e-05
4101	0.00020918801098590903
4102	0
4103	0
4104	0
4105	0.0005368049951809
4106	0
4107	0
4108	0
4109	0.00014353323446861577
4110	0.00010379411537446044
4111	0.00023049198732894233
4112	0
4113	5.513609457668403e-05
4114	7.793767715827945e-05
4115	5.84746354186981e-05
4116	0.00013311501175086602
4117	0.0001250589615646949
4118	0
4119	0
4120	5.513609457668403e-05
4121	0
4122	0
4123	7.824773843928038e-05
4124	0
4125	5.904171576287585e-05
4126	0
4127	7.397918863498798e-05
4128	0
4129	5.513609457668403e-05
4130	0.0002678432332574379
4131	0
4132	0
4133	0
4134	0
4135	5.513609457668403e-05
4136	0
4137	0.00011555561568353778
4138	0
4139	0
4140	0
4141	0
4142	0
4143	8.585488503740582e-05
4144	0
4145	0
4146	0
4147	0.0008589930033119029
4148	0
4149	0
4150	0
4151	0.00015064458453311724
4152	0
4153	0.00013527966438874728
4154	0
4155	0
4156	0
4157	0.00032410228228727726
4158	0
4159	6.764911069180672e-05
4160	5.513609457668403e-05
4161	0
4162	0
4163	5.513609457668403e-05
4164	0.0001071064553776272
4165	6.592880170473573e-05
4166	0.0002541242856745013
4167	5.513609457668403e-05
4168	0.002103252976760359
4169	0
4170	0
4171	0
4172	0
4173	0
4174	0
4175	0
4176	0.0003295913694809972
4177	0.00010383246834726756
4178	0.00011370316953431524
4179	0
4180	0
4181	0
4182	0
4183	0
4184	0.0006846810713848822
4185	0
4186	0
4187	0
4188	0
4189	0
4190	0
4191	0
4192	0
4193	5.513609457668403e-05
4194	5.513609457668403e-05
4195	5.513609457668403e-05
4196	0.00018481140792323805
4197	5.513609457668403e-05
4198	0
4199	0
4200	0.0002822508113814027
4201	0
4202	7.413800793400216e-05
4203	5.513609457668403e-05
4204	0.00014453579917880343
4205	0.00013338628314397134
4206	0.0011400709324836356
4207	0
4208	5.513609457668403e-05
4209	5.513609457668403e-05
4210	0
4211	0
4212	0
4213	0
4214	5.513609457668403e-05
4215	0.00019164072256095454
4216	0
4217	0
4218	7.593154853359026e-05
4219	8.271524948474108e-05
4220	0
4221	0
4222	0
4223	8.688230434079445e-05
4224	0.0007617088707049109
4225	0
4226	5.513609457668403e-05
4227	0
4228	0.00016290667905621655
4229	0
4230	0
4231	0.00012987265022435505
4232	0
4233	7.937223753395943e-05
4234	5.513609457668403e-05
4235	0
4236	0
4237	0
4238	0
4239	0
4240	0
4241	0
4242	0
4243	0
4244	5.513609457668403e-05
4245	0
4246	0
4247	0
4248	0
4249	0
4250	5.513609457668403e-05
4251	0
4252	0
4253	0
4254	0
4255	0
4256	6.685295813525948e-05
4257	0
4258	9.903698770241079e-05
4259	5.513609457668403e-05
4260	0
4261	0
4262	0
4263	0
4264	8.846881218425295e-05
4265	9.442254049537373e-05
4266	0
4267	8.590670727471318e-05
4268	0
4269	0
4270	0.0002799181033758471
4271	5.513609457668403e-05
4272	0
4273	0
4274	7.620067382562042e-05
4275	0
4276	5.675221368821167e-05
4277	0
4278	0.0002670342014523114
4279	0
4280	0.0002503367266675484
4281	8.564718507456635e-05
4282	5.7824643545315515e-05
4283	0
4284	0
4285	0.00017567473295824934
4286	0
4287	0
4288	0
4289	0
4290	0
4291	0
4292	0
4293	0.00012561245387222476
4294	0
4295	0.00010232875612371697
4296	0.00015112163664197055
4297	5.513609457668403e-05
4298	0
4299	0
4300	0
4301	0
4302	0
4303	0
4304	0
4305	0
4306	0
4307	5.513609457668403e-05
4308	0
4309	0
4310	0
4311	0
4312	0
4313	0
4314	0
4315	0
4316	5.513609457668403e-05
4317	6.405812825735943e-05
4318	0.00040799382674105457
4319	0
4320	0
4321	0
4322	0
4323	0.00015278205508497653
4324	0
4325	0
4326	0
4327	6.450958542354439e-05
4328	0
4329	0.00011743808584735349
4330	9.397096265018897e-05
4331	6.27869391892351e-05
4332	0
4333	0.00016549419821543639
4334	0
4335	0
4336	0
4337	0
4338	0
4339	8.279890468053974e-05
4340	5.513609457668403e-05
4341	0
4342	8.906017490991543e-05
4343	0
4344	0.00024046623188567394
4345	5.513609457668403e-05
4346	0
4347	0
4348	0
4349	0
4350	0
4351	0
4352	0
4353	0
4354	0
4355	0
4356	5.918370100419134e-05
4357	0
4358	0
4359	0
4360	0
4361	0
4362	0
4363	0
4364	6.454296120216062e-05
4365	6.370344140856272e-05
4366	0.00019910846007540023
4367	5.8315088187372233e-05
4368	7.895238649434792e-05
4369	0
4370	0
4371	0
4372	0
4373	0
4374	7.6673822054752e-05
4375	0.00010805873393969452
4376	7.494157775756252e-05
4377	5.513609457668403e-05
4378	5.513609457668403e-05
4379	0
4380	0
4381	6.703158514219837e-05
4382	0
4383	5.513609457668403e-05
4384	0
4385	5.84746354186981e-05
4386	0
4387	0
4388	0
4389	0
4390	0
4391	0
4392	0
4393	0
4394	0
4395	0
4396	5.513609457668403e-05
4397	0.00026476937065117093
4398	0
4399	0.00045366239364576173
4400	8.489134142278276e-05
4401	7.371909552828e-05
4402	0
4403	0.0005567885621391805
4404	0.0017012744188756273
4405	0
4406	0
4407	0
4408	0
4409	0
4410	9.469516534898974e-05
4411	0
4412	0
4413	5.513609457668403e-05
4414	0.00014290245631758605
4415	0
4416	7.385411410369211e-05
4417	7.980711949197715e-05
4418	0.00011323767954817207
4419	0
4420	0
4421	0.0001654171712317979
4422	0
4423	0
4424	0
4425	0.0001168123616564519
4426	5.982121179356559e-05
4427	0
4428	0
4429	5.729839641945418e-05
4430	5.513609457668403e-05
4431	0.0001803703326328876
4432	0
4433	0
4434	5.513609457668403e-05
4435	0
4436	0
4437	0
4438	0
4439	0
4440	0
4441	0
4442	0
4443	0
4444	0
4445	0
4446	0.0001375243543064611
4447	0
4448	0.00010052805471400753
4449	0
4450	0
4451	0.0003282989859025665
4452	0
4453	0
4454	0
4455	5.513609457668403e-05
4456	7.972280859610515e-05
4457	5.836954179440751e-05
4458	0
4459	0.00010565252549938863
4460	0
4461	0
4462	0
4463	0.00022511950554369463
4464	0
4465	0
4466	6.251138896874569e-05
4467	8.280523636816205e-05
4468	0
4469	0.000167385467454621
4470	0
4471	0
4472	0
4473	0
4474	0
4475	5.513609457668403e-05
4476	0
4477	0
4478	5.513609457668403e-05
4479	5.513609457668403e-05
4480	0
4481	0.0006183658767138056
4482	0
4483	0
4484	0
4485	5.513609457668403e-05
4486	7.846353684369824e-05
4487	0
4488	5.998694538808567e-05
4489	0
4490	0
4491	0
4492	0
4493	0
4494	0
4495	0
4496	0
4497	0.00024235263509305146
4498	0
4499	6.638635597394781e-05
4500	5.513609457668403e-05
4501	0
4502	0
4503	0
4504	0.0002976108790734455
4505	0.00010700245946477715
4506	0
4507	0
4508	0
4509	0.00011807874526692874
4510	0
4511	0
4512	0
4513	0
4514	0
4515	0
4516	0
4517	0.00023114545694330813
4518	0
4519	6.133958613064283e-05
4520	0
4521	0.0001016581618694907
4522	0
4523	0
4524	0
4525	0
4526	0
4527	0.00015508276421696956
4528	0
4529	0
4530	0.0005617681598371887
4531	0
4532	5.898703131001096e-05
4533	0
4534	0
4535	0
4536	0.0001861274841438669
4537	0
4538	7.856726613586865e-05
4539	9.373954320300405e-05
4540	0
4541	0
4542	0
4543	0
4544	0.00012108257257248831
4545	0
4546	0
4547	0
4548	0.00012673999019515163
4549	6.97978886322123e-05
4550	6.111481413383043e-05
4551	0
4552	0
4553	0
4554	0
4555	5.513609457668403e-05
4556	9.847517146220513e-05
4557	0
4558	6.030736584658607e-05
4559	0
4560	5.8612526621536086e-05
4561	0.00016444149269036247
4562	0
4563	0
4564	0
4565	0
4566	0
4567	5.513609457668403e-05
4568	0
4569	7.112145388463196e-05
4570	0
4571	6.149163945411314e-05
4572	5.513609457668403e-05
4573	0.0017591947504578588
4574	0
4575	0.00018682825382691627
4576	0
4577	0
4578	0
4579	0
4580	7.42947324771502e-05
4581	0
4582	0
4583	0
4584	0
4585	5.513609457668403e-05
4586	0
4587	0
4588	5.513609457668403e-05
4589	0.000332537022458879
4590	5.513609457668403e-05
4591	0
4592	0.000549127784327657
4593	0.0002210736450662777
4594	5.513609457668403e-05
4595	0
4596	0
4597	0
4598	0
4599	0
4600	0
4601	0
4602	0.0002377853809880778
4603	0.00022673873064309218
4604	8.593821528031739e-05
4605	0
4606	0
4607	0
4608	0
4609	5.513609457668403e-05
4610	0.00012597121614728985
4611	0
4612	0.00030271030678121727
4613	0
4614	5.513609457668403e-05
4615	0
4616	5.513609457668403e-05
4617	0
4618	0
4619	0
4620	0
4621	7.617944507014367e-05
4622	0
4623	5.513609457668403e-05
4624	8.937281712736463e-05
4625	0
4626	5.513609457668403e-05
4627	0
4628	0.0001389361000829153
4629	0
4630	0.00015566715545835494
4631	0
4632	0
4633	0
4634	0
4635	0.0001523753099408637
4636	0
4637	5.513609457668403e-05
4638	5.8557999785411485e-05
4639	6.854295452455798e-05
4640	8.013338615601634e-05
4641	0
4642	0
4643	0.0002893000794899377
4644	0
4645	7.25311359650875e-05
4646	0
4647	6.988483062113718e-05
4648	0.0005474317231896754
4649	0
4650	7.002456061874451e-05
4651	9.64289735316284e-05
4652	0.0014852437477479987
4653	0
4654	0
4655	5.513609457668403e-05
4656	0
4657	8.241975456813871e-05
4658	0.0002624371237365056
4659	0.000387042697652835
4660	0
4661	0
4662	8.628699408730808e-05
4663	0
4664	0
4665	9.291938042865034e-05
4666	0
4667	0
4668	6.234483971876819e-05
4669	0
4670	0
4671	0
4672	0
4673	0.0001457478246617646
4674	0
4675	0
4676	0
4677	5.593045820777389e-05
4678	0
4679	0.00033992241200064724
4680	0
4681	7.893528264445373e-05
4682	0
4683	0
4684	0
4685	5.513609457668403e-05
4686	9.198624290110573e-05
4687	0
4688	5.513609457668403e-05
4689	0
4690	5.513609457668403e-05
4691	0
4692	0
4693	0
4694	8.713063691610066e-05
4695	6.685295813525948e-05
4696	0
4697	0.0001327392414598331
4698	0
4699	5.513609457668403e-05
4700	0
4701	5.513609457668403e-05
4702	0.00010200354881098581
4703	0.00031135932801506404
4704	5.513609457668403e-05
4705	5.513609457668403e-05
4706	0
4707	0
4708	7.613821787772208e-05
4709	0
4710	5.513609457668403e-05
4711	0
4712	0
4713	0
4714	0
4715	0
4716	0
4717	0
4718	0
4719	0
4720	0
4721	0.0004111970336924586
4722	0
4723	0
4724	0
4725	0.000198848973435187
4726	0.00010203285081580258
4727	6.450958542354439e-05
4728	5.513609457668403e-05
4729	0
4730	0
4731	5.513609457668403e-05
4732	0.00014250715712504436
4733	5.513609457668403e-05
4734	0
4735	0
4736	0
4737	0
4738	5.513609457668403e-05
4739	8.89672557916339e-05
4740	0.0010276969644629848
4741	5.513609457668403e-05
4742	0
4743	0
4744	0
4745	0
4746	0
4747	0
4748	0
4749	0.0006990013479207144
4750	6.965955641339674e-05
4751	0.0003304081238456509
4752	0
4753	0
4754	0
4755	0.00032387949187850945
4756	5.513609457668403e-05
4757	0
4758	9.28924803555999e-05
4759	0
4760	0
4761	0.00010540544848111182
4762	0
4763	0.00010080964178871775
4764	0.0002217886499839489
4765	0
4766	0.00017611991116537893
4767	0
4768	0
4769	0
4770	8.370737431919668e-05
4771	5.513609457668403e-05
4772	0.0001079202754355754
4773	7.037248826629553e-05
4774	6.303213846023793e-05
4775	0
4776	5.513609457668403e-05
4777	0.00035401796755557476
4778	5.513609457668403e-05
4779	0
4780	5.513609457668403e-05
4781	0
4782	0
4783	0
4784	0
4785	0.0002676206865768769
4786	0
4787	5.513609457668403e-05
4788	0.0006805900042498602
4789	0
4790	0
4791	0.00011631193890911475
4792	5.513609457668403e-05
4793	0
4794	0
4795	0.0003869110755806183
4796	0
4797	0.00010200354881098581
4798	0
4799	0
4800	8.289829547818728e-05
4801	0
4802	0
4803	0
4804	0
4805	8.066977945430802e-05
4806	0.00010200354881098581
4807	0
4808	0
4809	8.159589373286165e-05
4810	5.513609457668403e-05
4811	8.934461924500861e-05
4812	0.00022255526736800112
4813	0
4814	0
4815	0
4816	0
4817	0
4818	9.937896424502655e-05
4819	0
4820	5.513609457668403e-05
4821	0.00015998818323000383
4822	0.00019627518597052719
4823	0
4824	0
4825	0
4826	0
4827	0
4828	0.00012409032064009514
4829	0.00016130178836677896
4830	0
4831	0
4832	7.407415711787368e-05
4833	0
4834	0
4835	5.513609457668403e-05
4836	0.00042397391678338127
4837	0.000278390875725004
4838	0
4839	0
4840	0
4841	0
4842	5.513609457668403e-05
4843	0
4844	0
4845	0
4846	0
4847	0.000322595724001076
4848	6.183144518158429e-05
4849	0
4850	0
4851	0
4852	0
4853	0
4854	0
4855	0
4856	7.987908951635506e-05
4857	0
4858	0
4859	0
4860	7.896397022331338e-05
4861	0
4862	0.00022668723103564853
4863	0
4864	5.513609457668403e-05
4865	0
4866	0
4867	0
4868	0
4869	0
4870	0
4871	5.513609457668403e-05
4872	0
4873	5.513609457668403e-05
4874	0.00014677597565753177
4875	0
4876	5.83944776417995e-05
4877	0
4878	0
4879	0
4880	0
4881	0
4882	0
4883	0
4884	0.0001541203588406163
4885	0.00042923413433435664
4886	0
4887	0
4888	0
4889	0
4890	0
4891	0
4892	0
4893	0
4894	0
4895	0
4896	5.8192667678921104e-05
4897	5.7893003649290013e-05
4898	0
4899	8.583336358777718e-05
4900	0
4901	0
4902	0.00013783032970579367
4903	5.513609457668403e-05
4904	0.00018954897236093257
4905	0
4906	0
4907	0
4908	0
4909	6.0905969907131396e-05
4910	5.513609457668403e-05
4911	0
4912	5.513609457668403e-05
4913	5.513609457668403e-05
4914	0
4915	6.689795756655649e-05
4916	0
4917	0.00020307499751519965
4918	5.513609457668403e-05
4919	0
4920	0
4921	0.0003229225890025231
4922	5.513609457668403e-05
4923	0
4924	0
4925	5.513609457668403e-05
4926	5.513609457668403e-05
4927	0.00011709624024178878
4928	0
4929	0
4930	0
4931	5.513609457668403e-05
4932	0
4933	0
4934	0
4935	0
4936	5.513609457668403e-05
4937	0
4938	0
4939	0.0003516435697835927
4940	0
4941	0
4942	0
4943	0.00012130665992436527
4944	0
4945	0
4946	0
4947	0
4948	0
4949	5.513609457668403e-05
4950	0
4951	0
4952	0
4953	8.774744848787699e-05
4954	0
4955	0
4956	0.00039700348209487356
4957	7.35807168964666e-05
4958	9.452212677131452e-05
4959	5.513609457668403e-05
4960	0
4961	0
4962	0.00041803337965907653
4963	0.00020876499827769576
4964	0
4965	0
4966	0
4967	5.513609457668403e-05
4968	5.513609457668403e-05
4969	9.111745512084809e-05
4970	0.0002916230047000892
4971	0
4972	0
4973	0
4974	5.98228400001142e-05
4975	0
4976	0
4977	0
4978	0
4979	0
4980	0.00012291126492982026
4981	6.718275162339478e-05
4982	0
4983	0
4984	7.908388794791785e-05
4985	0
4986	0.0022479953147955907
4987	0
4988	0
4989	5.513609457668403e-05
4990	0.000828059904397939
4991	0.00010680442307793567
4992	0
4993	0
4994	0
4995	0
4996	5.513609457668403e-05
4997	0
4998	7.73116988708289e-05
4999	0
5000	0.00010006029087173394
5001	0.00020191454105692803
5002	0
5003	0
5004	0
5005	0
5006	0
5007	0
5008	6.183144518158429e-05
5009	0
5010	0
5011	0
5012	0
5013	0.0002174857143305937
5014	0
5015	0
5016	5.513609457668403e-05
5017	0
5018	0.0004281304893623628
5019	0
5020	9.178051487030773e-05
5021	0
5022	0
5023	0
5024	0
5025	0
5026	0
5027	0
5028	0
5029	0
5030	0
5031	5.513609457668403e-05
5032	0
5033	0
5034	0.00016074585908007493
5035	0
5036	0
5037	0
5038	0.0007660013625779539
5039	0
5040	0
5041	0.0004769105701490162
5042	0
5043	0
5044	0
5045	0
5046	0
5047	7.342351513745058e-05
5048	0
5049	0
5050	0
5051	0
5052	5.513609457668403e-05
5053	0
5054	0
5055	0
5056	0
5057	0
5058	0
5059	0
5060	0
5061	0
5062	0
5063	0
5064	0
5065	0.00030138291622571373
5066	0
5067	0
5068	0
5069	0
5070	0.00011662460130884569
5071	0
5072	0
5073	0
5074	0
5075	0.00010642156010773687
5076	0
5077	0
5078	0
5079	8.697862651871236e-05
5080	0
5081	0
5082	0.00014199110904557832
5083	0
5084	0
5085	0.0002128428110279506
5086	0
5087	0
5088	0
5089	0
5090	0
5091	0
5092	0
5093	0
5094	0.0003016185963847
5095	0
5096	0
5097	0
5098	0
5099	0
5100	0
5101	0
5102	0
5103	0
5104	0
5105	0
5106	5.732946529988568e-05
5107	0.00011116281339548561
5108	5.513609457668403e-05
5109	5.513609457668403e-05
5110	5.513609457668403e-05
5111	0.00012048464262163526
5112	0.0002841248664548651
5113	0
5114	5.513609457668403e-05
5115	0
5116	0
5117	0
5118	0
5119	0
5120	0.000769577232423523
5121	0
5122	0
5123	0
5124	0
5125	0
5126	0
5127	0.00022155320315498975
5128	5.660070252150596e-05
5129	0
5130	5.513609457668403e-05
5131	0
5132	0
5133	0
5134	0.00013678140070754976
5135	0
5136	0
5137	0
5138	0
5139	0
5140	0
5141	0
5142	0
5143	5.513609457668403e-05
5144	5.513609457668403e-05
5145	0
5146	0
5147	0.00018516354915800232
5148	5.513609457668403e-05
5149	0
5150	0
5151	6.450958542354439e-05
5152	0
5153	0
5154	0
5155	0
5156	0
5157	0
5158	0
5159	0
5160	0
5161	0
5162	9.37412810968448e-05
5163	0
5164	0
5165	0
5166	0
5167	5.513609457668403e-05
5168	5.513609457668403e-05
5169	0
5170	0
5171	0
5172	7.579331998183531e-05
5173	0
5174	0
5175	7.573503790690234e-05
5176	0
5177	0
5178	0
5179	0.00014482165290528
5180	0
5181	0
5182	0.00020100898010103166
5183	0
5184	0.00062889544037572
5185	0
5186	0
5187	0
5188	0
5189	0.00010684429004711654
5190	0.0002602186053522965
5191	5.513609457668403e-05
5192	0.0005481651841582303
5193	0.00015645017525940113
5194	0
5195	0
5196	0
5197	0
5198	0
5199	5.513609457668403e-05
5200	0.00015559310645806132
5201	5.513609457668403e-05
5202	0
5203	0
5204	0
5205	0
5206	0
5207	5.513609457668403e-05
5208	0
5209	0
5210	6.144398349079073e-05
5211	0
5212	0
5213	0
5214	0
5215	0
5216	0
5217	5.513609457668403e-05
5218	0
5219	0
5220	0
5221	5.513609457668403e-05
5222	0
5223	5.513609457668403e-05
5224	0.0005354483407260888
5225	0
5226	0
5227	5.513609457668403e-05
5228	0
5229	0
5230	0
5231	7.02046599573017e-05
5232	0
5233	0
5234	0
5235	6.992796955229e-05
5236	0
5237	0
5238	0
5239	0
5240	0.0005097731790637398
5241	0
5242	7.603565529842998e-05
5243	5.513609457668403e-05
5244	0
5245	5.513609457668403e-05
5246	0
5247	0
5248	0.0002347857626448388
5249	5.513609457668403e-05
5250	0
5251	0
5252	0.00012322474947374358
5253	8.095530345526936e-05
5254	7.142322500153524e-05
5255	0
5256	0
5257	0
5258	0
5259	5.513609457668403e-05
5260	0
5261	0
5262	0
5263	7.192795496494003e-05
5264	6.133958613064283e-05
5265	0
5266	0
5267	0
5268	0
5269	0
5270	0.0015813632963112992
5271	5.513609457668403e-05
5272	0
5273	0
5274	0
5275	0
5276	0.00016143759394370998
5277	5.513609457668403e-05
5278	0.00014971247058271844
5279	0.00022810285047488284
5280	0
5281	0
5282	0
5283	0
5284	0
5285	0.00011428958353345306
5286	0.00017130182240362361
5287	0
5288	0
5289	0
5290	0.00012071173682934894
5291	5.513609457668403e-05
5292	0
5293	0
5294	0.0018624723007902202
5295	0.00017238144593628328
5296	0
5297	0
5298	0
5299	0
5300	0
5301	0
5302	0
5303	0
5304	0
5305	0
5306	5.513609457668403e-05
5307	0
5308	0
5309	0
5310	0
5311	0
5312	0
5313	0
5314	0
5315	0.00010849595364851133
5316	0
5317	0
5318	0
5319	7.49857394332742e-05
5320	0
5321	5.513609457668403e-05
5322	5.513609457668403e-05
5323	0.00013553265729573878
5324	0
5325	0
5326	0
5327	7.641493703619163e-05
5328	7.772377029062405e-05
5329	0
5330	8.120217935379325e-05
5331	9.604777168280117e-05
5332	0
5333	0
5334	5.513609457668403e-05
5335	0
5336	0.0002998707066681433
5337	0
5338	0.00016417294324324114
5339	0
5340	0.00019728922369401767
5341	0
5342	0.00048188758603316125
5343	0
5344	0
5345	0
5346	0
5347	0.00012602762780615135
5348	0
5349	0
5350	0
5351	0
5352	0.0002635663264454018
5353	0
5354	0
5355	5.513609457668403e-05
5356	0
5357	0
5358	0
5359	0
5360	0
5361	5.5517130789971034e-05
5362	0
5363	0
5364	0
5365	0
5366	0.00024031980073838262
5367	6.491093018872861e-05
5368	6.527558397449417e-05
5369	0
5370	0
5371	0
5372	0
5373	0
5374	0
5375	0
5376	0
5377	8.537564735078593e-05
5378	0.00020277047378885823
5379	5.7824643545315515e-05
5380	0
5381	0
5382	0
5383	0
5384	0
5385	0
5386	0
5387	0
5388	6.306297782061282e-05
5389	0
5390	0
5391	0
5392	0
5393	0
5394	0
5395	0
5396	0
5397	6.219518615747772e-05
5398	6.333372429513819e-05
5399	0
5400	0
5401	0
5402	5.513609457668403e-05
5403	0
5404	0.0004356500583883347
5405	5.513609457668403e-05
5406	0
5407	0
5408	0.0001492545505069808
5409	0.0005806984981523627
5410	0
5411	0
5412	0
5413	5.513609457668403e-05
5414	0
5415	0
5416	0
5417	0.00010256114864952987
5418	0.00010517278606512459
5419	0
5420	0.0001519784219501571
5421	0
5422	0.00011437783005390097
5423	0
5424	0
5425	0
5426	0
5427	0
5428	0
5429	0
5430	0
5431	0
5432	0
5433	0
5434	0
5435	0.0001391274098730156
5436	0.0004958759134640334
5437	0
5438	0
5439	6.85648115100608e-05
5440	5.513609457668403e-05
5441	0
5442	0.0002996925978834493
5443	0
5444	0.000124652541397731
5445	0
5446	0
5447	0
5448	5.821682163303361e-05
5449	0.0002687206869601091
5450	0
5451	0
5452	0.00021257962653294593
5453	5.9646742290633505e-05
5454	0
5455	0
5456	7.35844649162587e-05
5457	0
5458	0
5459	0
5460	0
5461	0
5462	5.513609457668403e-05
5463	8.253501136006321e-05
5464	5.513609457668403e-05
5465	0.0017170308723794287
5466	0
5467	0
5468	0
5469	0
5470	0
5471	0
5472	0
5473	0
5474	0
5475	0
5476	0
5477	6.854223000207066e-05
5478	6.767281634697191e-05
5479	0
5480	8.008291732593408e-05
5481	0
5482	0
5483	0.00017234657860033825
5484	5.513609457668403e-05
5485	8.276213414503059e-05
5486	0.00010520050005503631
5487	0
5488	5.513609457668403e-05
5489	0
5490	0
5491	0
5492	5.513609457668403e-05
5493	0
5494	0
5495	0.0002738762172299516
5496	0.00011579163509879212
5497	0
5498	5.513609457668403e-05
5499	0
5500	0
5501	5.675221368821167e-05
5502	0
5503	0.0005029659794361052
5504	0
5505	6.52055196832416e-05
5506	0.00013862574551057598
5507	0
5508	0.0001391436339627412
5509	0
5510	0
5511	0
5512	0
5513	0
5514	0
5515	0
5516	0
5517	0
5518	0
5519	7.418038823802685e-05
5520	0
5521	5.848376987913416e-05
5522	0
5523	0
5524	0
5525	0
5526	0
5527	0
5528	5.513609457668403e-05
5529	7.126954491623187e-05
5530	0
5531	0
5532	0
5533	5.513609457668403e-05
5534	0
5535	0
5536	0
5537	0
5538	0
5539	0
5540	0
5541	0
5542	5.513609457668403e-05
5543	6.394784308363131e-05
5544	0
5545	5.513609457668403e-05
5546	5.513609457668403e-05
5547	0
5548	0
5549	0
5550	0
5551	0
5552	0
5553	0
5554	0
5555	0
5556	0
5557	0
5558	0
5559	0
5560	0
5561	0
5562	0
5563	0
5564	5.513609457668403e-05
5565	0
5566	0
5567	5.513609457668403e-05
5568	0
5569	0
5570	0
5571	0
5572	8.503718444262623e-05
5573	0
5574	0
5575	0
5576	0
5577	0.00010476077632298557
5578	0
5579	0
5580	0
5581	0
5582	0
5583	6.956179179759337e-05
5584	0
5585	0.00012273125864730437
5586	0
5587	0
5588	0
5589	0
5590	0
5591	0
5592	0
5593	0
5594	0
5595	0.00017771188802367894
5596	0.00013799957177012862
5597	0
5598	8.505896321670743e-05
5599	0
5600	0
5601	7.554291281704064e-05
5602	0
5603	0
5604	9.56614062025181e-05
5605	0
5606	0
5607	5.513609457668403e-05
5608	0.0001380915410378542
5609	0
5610	6.690487929857663e-05
5611	8.843029146078085e-05
5612	0
5613	8.881138078422165e-05
5614	0
5615	0
5616	5.513609457668403e-05
5617	0
5618	0
5619	0.00013150963860216977
5620	9.111377886794324e-05
5621	0
5622	0
5623	0
5624	0
5625	0
5626	0
5627	8.486695467154544e-05
5628	0
5629	0
5630	0.00010853560427205022
5631	0
5632	0
5633	0
5634	0
5635	0
5636	0
5637	8.395328568762492e-05
5638	0.00036712898925466873
5639	0
5640	0
5641	0.0001248580137433121
5642	0
5643	7.796732446353543e-05
5644	0
5645	9.164183692532334e-05
5646	0
5647	0
5648	0
5649	0
5650	0
5651	0
5652	0
5653	0
5654	5.513609457668403e-05
5655	5.513609457668403e-05
5656	0
5657	9.917712601821522e-05
5658	0
5659	0
5660	0.00026640625906140455
5661	0
5662	0
5663	0.00012289419910087583
5664	0
5665	9.406907412478157e-05
5666	0
5667	0
5668	0
5669	0.00019024743782057783
5670	7.808443469503833e-05
5671	0
5672	0
5673	5.9212532657513876e-05
5674	0
5675	0
5676	0
5677	0
5678	0
5679	8.111538175904312e-05
5680	0
5681	0
5682	0.0002718857757292271
5683	0
5684	0
5685	0
5686	0.0004149669079586868
5687	0
5688	8.281653309861007e-05
5689	0
5690	0
5691	0.00010787783055690085
5692	7.819018916126056e-05
5693	5.513609457668403e-05
5694	0
5695	0.0001529399842330961
5696	6.723315455093605e-05
5697	5.593045820777389e-05
5698	5.7098029099883515e-05
5699	0
5700	0
5701	0
5702	0
5703	0
5704	0.0025690800795716484
5705	5.513609457668403e-05
5706	0
5707	0.0010719539742132648
5708	0
5709	0
5710	7.856982169383492e-05
5711	0
5712	0
5713	0
5714	5.513609457668403e-05
5715	0
5716	0
5717	0
5718	0
5719	0
5720	0
5721	5.736787811165078e-05
5722	0
5723	7.420927092547131e-05
5724	0
5725	0
5726	7.708058878138723e-05
5727	0
5728	0.0001343103638519168
5729	7.856982169383492e-05
5730	0
5731	5.513609457668403e-05
5732	5.513609457668403e-05
5733	0
5734	0
5735	0
5736	0.0002707459422729411
5737	0
5738	0
5739	0
5740	5.930683197164016e-05
5741	0
5742	0
5743	0
5744	0.00015822149217963405
5745	5.513609457668403e-05
5746	0
5747	0
5748	0
5749	0
5750	0
5751	0
5752	8.576567991659156e-05
5753	0
5754	0
5755	0
5756	0
5757	0
5758	0
5759	0.00016831678631228086
5760	0
5761	0
5762	0.00016720604161242521
5763	0
5764	6.988483062113718e-05
5765	7.946514209798716e-05
5766	0
5767	0
5768	0
5769	0
5770	0
5771	0
5772	0
5773	0
5774	0
5775	0
5776	0
5777	0
5778	0.00016688298321902478
5779	0
5780	0
5781	0
5782	0.0008546680027750227
5783	9.673505423517928e-05
5784	0
5785	0
5786	9.122416251819676e-05
5787	7.772377029062405e-05
5788	0
5789	0
5790	8.505545246660892e-05
5791	5.513609457668403e-05
5792	0
5793	0.00021779623395012533
5794	6.106278317678173e-05
5795	0
5796	7.843449466365951e-05
5797	0
5798	0
5799	0
5800	0.00042228349106776595
5801	0.00010651084576420223
5802	0.00013208722634064411
5803	0
5804	9.998533098916991e-05
5805	0
5806	0.00018247991200886582
5807	0
5808	5.513609457668403e-05
5809	0
5810	0.0001240873436872588
5811	0.0002135815104643643
5812	0
5813	0
5814	0.00010350895330486188
5815	0
5816	0
5817	0
5818	5.513609457668403e-05
5819	0
5820	8.55942786949817e-05
5821	0
5822	0
5823	0
5824	5.513609457668403e-05
5825	0.00013055544448308426
5826	0.0002452581647076361
5827	5.513609457668403e-05
5828	0
5829	0.00026281086178657834
5830	0
5831	0
5832	0
5833	5.812087824743225e-05
5834	8.107067161796822e-05
5835	7.110743813974242e-05
5836	0.00010874356341605165
5837	0
5838	0.00019599195434316687
5839	0
5840	0
5841	0
5842	0
5843	0
5844	0
5845	0
5846	0
5847	0
5848	5.513609457668403e-05
5849	0
5850	0
5851	5.5517130789971034e-05
5852	0
5853	0
5854	5.63692663215038e-05
5855	0
5856	0
5857	0.00016704104030836333
5858	0
5859	0.0001817110089099417
5860	0
5861	0
5862	6.492583285291193e-05
5863	0
5864	0.00023978379536906253
5865	0
5866	0
5867	8.242610154154923e-05
5868	0.00011055026026485842
5869	0
5870	9.055735179686224e-05
5871	0
5872	0
5873	9.675991993472936e-05
5874	0
5875	0
5876	0
5877	0
5878	0
5879	0.0004405341139603922
5880	5.513609457668403e-05
5881	5.513609457668403e-05
5882	0
5883	5.513609457668403e-05
5884	0
5885	0
5886	0.00011365275705511199
5887	0.00027442689407414933
5888	0.00011009973016023764
5889	0
5890	5.910056221860415e-05
5891	6.734166445612562e-05
5892	0
5893	0
5894	0
5895	0
5896	9.849747989027727e-05
5897	5.513609457668403e-05
5898	0
5899	5.513609457668403e-05
5900	0
5901	0
5902	0.0001830164129365954
5903	5.513609457668403e-05
5904	9.22230012725366e-05
5905	0
5906	0
5907	5.513609457668403e-05
5908	0
5909	0
5910	0
5911	0
5912	0
5913	0
5914	0
5915	0
5916	0
5917	0
5918	0
5919	0
5920	0
5921	6.844370436523422e-05
5922	0.00011750671311048654
5923	0
5924	0
5925	0
5926	0
5927	0
5928	0
5929	0
5930	5.513609457668403e-05
5931	0
5932	0
5933	0
5934	0
5935	0.0001502502005791253
5936	0
5937	0
5938	0
5939	5.513609457668403e-05
5940	0
5941	0
5942	0
5943	0
5944	0
5945	0.0001293065964692919
5946	0
5947	0
5948	0
5949	0
5950	0
5951	0
5952	0
5953	5.513609457668403e-05
5954	9.764914490428359e-05
5955	0
5956	0
5957	5.5864857355063753e-05
5958	0
5959	0
5960	0
5961	0
5962	0
5963	0
5964	0
5965	0
5966	0.0003977537648174062
5967	6.327642724225565e-05
5968	0
5969	0
5970	0
5971	0
5972	7.039227836473592e-05
5973	5.513609457668403e-05
5974	5.513609457668403e-05
5975	5.513609457668403e-05
5976	0
5977	5.513609457668403e-05
5978	0
5979	0
5980	0
5981	8.893018488838098e-05
5982	0
5983	0
5984	0
5985	0
5986	0
5987	0
5988	0
5989	5.513609457668403e-05
5990	0
5991	9.972312385293281e-05
5992	0.0001548722262252911
5993	0.0003278492379919102
5994	0
5995	0
5996	0
5997	0
5998	0
5999	0.0009478571455199573
6000	5.513609457668403e-05
6001	0
6002	0
6003	0.00014004734925912005
6004	6.87325440942674e-05
6005	0.00011314123708524646
6006	0
6007	0
6008	0.0002746428295967558
6009	0
6010	0
6011	5.513609457668403e-05
6012	0
6013	8.965885053391806e-05
6014	6.234483971876819e-05
6015	6.459575643366789e-05
6016	0
6017	0
6018	5.513609457668403e-05
6019	0
6020	8.372693047447459e-05
6021	5.856744496844874e-05
6022	0
6023	0.00018576827577609955
6024	0.0008234014810222265
6025	5.513609457668403e-05
6026	5.513609457668403e-05
6027	0
6028	0
6029	0
6030	0
6031	0
6032	0
6033	0
6034	0
6035	0
6036	0
6037	0
6038	0
6039	0
6040	0
6041	0
6042	0
6043	0.0004761580514942654
6044	0.00015158212334689293
6045	0
6046	0
6047	0
6048	0
6049	7.28281547732632e-05
6050	0
6051	0
6052	0
6053	8.392392568976325e-05
6054	0
6055	0.00010731262987450637
6056	0
6057	0
6058	0
6059	8.413000760329627e-05
6060	0
6061	6.666460831357567e-05
6062	5.513609457668403e-05
6063	0
6064	7.631649418062668e-05
6065	0
6066	0
6067	0
6068	0
6069	9.277597276847793e-05
6070	0
6071	0
6072	6.53288500231635e-05
6073	0
6074	0
6075	8.808588935571544e-05
6076	6.336602340914046e-05
6077	0
6078	5.513609457668403e-05
6079	8.939743534107085e-05
6080	0
6081	0
6082	0
6083	0.0025559000818777327
6084	0
6085	0
6086	0
6087	0
6088	0
6089	0
6090	0
6091	0.0001312539196861094
6092	0
6093	5.513609457668403e-05
6094	0
6095	0
6096	0
6097	0
6098	0
6099	0
6100	0
6101	5.513609457668403e-05
6102	0
6103	0
6104	0
6105	0
6106	0.000622539228796119
6107	0
6108	0
6109	0
6110	0
6111	0.00026379112260587964
6112	0
6113	0.00012702270224748333
6114	0.0001000025333682711
6115	0
6116	0
6117	0
6118	5.943222868887397e-05
6119	5.513609457668403e-05
6120	0
6121	0
6122	0.00013250776760008375
6123	0
6124	5.513609457668403e-05
6125	0
6126	0
6127	0.00021507910661367675
6128	6.044445699697717e-05
6129	0
6130	7.856982169383492e-05
6131	0.0001367359395159894
6132	5.513609457668403e-05
6133	0
6134	0.0001766613888978906
6135	0
6136	0
6137	0
6138	0
6139	0
6140	0
6141	0
6142	0
6143	0
6144	0
6145	0.00028644060189747143
6146	0
6147	0
6148	0
6149	0
6150	0.0005013512332219286
6151	7.206810175889106e-05
6152	0.00014433653532036565
6153	0
6154	0
6155	0
6156	0
6157	8.271474826494388e-05
6158	0.00010913934216842325
6159	0
6160	0
6161	0
6162	0.00011213161285572639
6163	0
6164	5.513609457668403e-05
6165	0
6166	0
6167	0.00016892308763319545
6168	0
6169	0.0007297308888534768
6170	0
6171	0
6172	0.00020547746609119534
6173	0
6174	0
6175	6.294733694906765e-05
6176	0
6177	8.096255161988507e-05
6178	0
6179	0
6180	0
6181	0.0001267040378239844
6182	0
6183	0
6184	0
6185	0
6186	0
6187	7.289735214121177e-05
6188	0
6189	0
6190	0
6191	0.0001208709998764899
6192	0
6193	0
6194	0.00016567480272572377
6195	0
6196	5.513609457668403e-05
6197	0
6198	0
6199	0
6200	0
6201	0.00011477758398502827
6202	0
6203	5.513609457668403e-05
6204	9.360726386639439e-05
6205	0
6206	5.513609457668403e-05
6207	0
6208	0
6209	0
6210	6.516810504731343e-05
6211	0
6212	0
6213	0
6214	0
6215	8.7363623527268e-05
6216	0
6217	0
6218	0
6219	5.513609457668403e-05
6220	5.513609457668403e-05
6221	0
6222	0
6223	5.678381874224947e-05
6224	0
6225	0.00012323332528206633
6226	5.513609457668403e-05
6227	0
6228	0
6229	0
6230	0
6231	0
6232	0
6233	5.513609457668403e-05
6234	0.00012918364359621736
6235	0.00023737240784191935
6236	0.00013505174095505758
6237	0
6238	0
6239	0
6240	0
6241	0
6242	0
6243	0
6244	0
6245	5.513609457668403e-05
6246	0
6247	0
6248	0
6249	0
6250	0
6251	0
6252	6.0994112700702414e-05
6253	0
6254	0
6255	5.8433484235020064e-05
6256	0.00010010748368858384
6257	5.513609457668403e-05
6258	0
6259	0
6260	0
6261	9.420221112729202e-05
6262	0
6263	0
6264	0
6265	0
6266	0
6267	0
6268	0
6269	0
6270	0
6271	0
6272	0
6273	6.706956311565559e-05
6274	5.513609457668403e-05
6275	5.513609457668403e-05
6276	0
6277	0
6278	0
6279	5.6556320462571964e-05
6280	0
6281	0
6282	5.513609457668403e-05
6283	0
6284	0
6285	0
6286	7.248064870212133e-05
6287	0
6288	6.982309109840974e-05
6289	0
6290	0
6291	5.513609457668403e-05
6292	0
6293	5.513609457668403e-05
6294	0
6295	5.513609457668403e-05
6296	0.00010063806052616295
6297	6.03452211938948e-05
6298	0
6299	0
6300	0
6301	5.513609457668403e-05
6302	0
6303	0
6304	0.0001268316975915951
6305	0.0009573116558882022
6306	0.0013435904663769013
6307	5.513609457668403e-05
6308	0
6309	5.513609457668403e-05
6310	0.00011684827214859854
6311	0
6312	0
6313	0
6314	7.136868774710778e-05
6315	0.00020173454738270702
6316	0
6317	0
6318	0
6319	0
6320	0
6321	0
6322	0
6323	0
6324	0.00019550405778285125
6325	8.696029738343765e-05
6326	6.654387990392429e-05
6327	0
6328	0
6329	0
6330	0
6331	0
6332	0
6333	0
6334	7.248285275877729e-05
6335	0
6336	5.513609457668403e-05
6337	5.513609457668403e-05
6338	0.00023121784171173073
6339	0
6340	0
6341	6.111481413383043e-05
6342	0
6343	5.7824643545315515e-05
6344	0
6345	0
6346	0
6347	0
6348	8.927689889468926e-05
6349	0
6350	0
6351	0.0001350187711961036
6352	9.265373432850406e-05
6353	0
6354	0
6355	0
6356	0
6357	0
6358	0
6359	0.00014619571204019195
6360	0
6361	0
6362	0
6363	0
6364	5.513609457668403e-05
6365	0
6366	0
6367	0
6368	0
6369	0
6370	0
6371	0.00014460025479401427
6372	0
6373	0
6374	0
6375	0.0009529843701414897
6376	8.010023031054446e-05
6377	0
6378	5.745283805303872e-05
6379	0
6380	0
6381	0.00035810844775502966
6382	0
6383	0.00013578449313785167
6384	0.0001085492254777134
6385	0
6386	0
6387	0.00019623325366242966
6388	0
6389	0
6390	6.767905457893129e-05
6391	0.00010379903848284344
6392	7.916361490087299e-05
6393	0.0001313752321812151
6394	0
6395	0.0001493506519199889
6396	0
6397	0
6398	0
6399	0
6400	0
6401	0
6402	0
6403	0
6404	0.00021962700059232221
6405	0
6406	0.00010200354881098581
6407	0
6408	6.0380643624672975e-05
6409	0
6410	0
6411	0
6412	5.513609457668403e-05
6413	0.00021390668016972185
6414	0
6415	0
6416	0
6417	6.766093657076105e-05
6418	0
6419	0
6420	0
6421	0
6422	7.075857932145129e-05
6423	9.569139640142263e-05
6424	0
6425	0
6426	0
6427	7.944094897837556e-05
6428	0
6429	0.00011873301271902867
6430	0
6431	0
6432	0
6433	0.000491406210928384
6434	0
6435	5.513609457668403e-05
6436	8.867095800870548e-05
6437	0
6438	0.00023396769705660796
6439	0
6440	0
6441	0.00016049491403756635
6442	0
6443	0.00018907733082235804
6444	0.00030023240851051024
6445	0
6446	0
6447	0
6448	0
6449	0
6450	0
6451	0
6452	0.0007031203147934851
6453	0
6454	5.513609457668403e-05
6455	0
6456	0
6457	0
6458	0
6459	0
6460	0
6461	0
6462	0
6463	0
6464	0
6465	0
6466	0.00018063339369668222
6467	0
6468	0
6469	0
6470	0
6471	0
6472	0
6473	0.00038335299210541507
6474	0
6475	0
6476	9.450147379156429e-05
6477	0
6478	5.513609457668403e-05
6479	0
6480	8.252252175029842e-05
6481	0
6482	0
6483	5.513609457668403e-05
6484	0
6485	0
6486	0
6487	0
6488	0
6489	0
6490	0
6491	0
6492	7.387335345565982e-05
6493	0
6494	0
6495	7.164044267579316e-05
6496	0
6497	0.00013343045421865344
6498	0
6499	9.995541944239451e-05
6500	5.513609457668403e-05
6501	0
6502	0
6503	0
6504	5.513609457668403e-05
6505	0
6506	0
6507	0
6508	0
6509	0
6510	0
6511	0
6512	5.513609457668403e-05
6513	0
6514	0
6515	0
6516	0.00011138462206205713
6517	0
6518	0
6519	0.00023075316533588985
6520	0
6521	0
6522	0
6523	0
6524	7.390447768129083e-05
6525	0
6526	0
6527	0
6528	0
6529	5.513609457668403e-05
6530	0
6531	0
6532	0
6533	5.513609457668403e-05
6534	0
6535	0
6536	0
6537	0.00024268807110235482
6538	0
6539	0
6540	0
6541	0
6542	0
6543	0
6544	0
6545	8.844170289531982e-05
6546	5.513609457668403e-05
6547	9.593183792168381e-05
6548	6.397605934494417e-05
6549	0
6550	0
6551	0
6552	0.00011939250007254784
6553	0
6554	0
6555	0
6556	5.513609457668403e-05
6557	0
6558	0
6559	6.397605934494417e-05
6560	0
6561	5.513609457668403e-05
6562	0.0001771226890661634
6563	0
6564	0
6565	0.0002615215841903524
6566	0
6567	9.76293477173032e-05
6568	0
6569	0
6570	0
6571	0.00035384801361135833
6572	0
6573	6.358154114239992e-05
6574	0
6575	6.674195147125075e-05
6576	0
6577	0
6578	7.941829124597618e-05
6579	5.513609457668403e-05
6580	0
6581	0
6582	0
6583	0
6584	0
6585	0
6586	0
6587	0
6588	0
6589	0
6590	5.513609457668403e-05
6591	0
6592	0
6593	0.0006933599059700423
6594	0
6595	5.513609457668403e-05
6596	0
6597	0
6598	0
6599	0.0001734022021968636
6600	0
6601	0
6602	0
6603	0
6604	0
6605	0
6606	0
6607	0.00011605224149898444
6608	0
6609	0
6610	6.451642781550088e-05
6611	0
6612	0
6613	0
6614	0
6615	0
6616	7.337704780312459e-05
6617	0.00012447211532403562
6618	0.00013546563461032426
6619	0
6620	0
6621	0
6622	0
6623	0
6624	0
6625	0
6626	0
6627	0
6628	5.513609457668403e-05
6629	0
6630	0
6631	0
6632	0
6633	0
6634	0
6635	0
6636	0
6637	0
6638	0
6639	0
6640	0
6641	0.00020772408643037773
6642	0
6643	0
6644	0.00038645435897471903
6645	0
6646	0
6647	0
6648	0
6649	5.513609457668403e-05
6650	5.513609457668403e-05
6651	7.332614675230188e-05
6652	0
6653	0
6654	0.0002704684996569004
6655	0
6656	0
6657	0
6658	0
6659	5.513609457668403e-05
6660	0
6661	0
6662	0.00013345692140260044
6663	0
6664	0
6665	0.00015330616279684154
6666	7.37529924590891e-05
6667	0
6668	0
6669	0
6670	0
6671	0
6672	0
6673	0
6674	0
6675	0
6676	9.849747989027727e-05
6677	0
6678	0
6679	0
6680	5.513609457668403e-05
6681	0
6682	0
6683	0
6684	0
6685	0
6686	0
6687	5.513609457668403e-05
6688	0
6689	0
6690	0.0003007921771243622
6691	0
6692	5.5864857355063753e-05
6693	5.513609457668403e-05
6694	0
6695	0
6696	0
6697	0
6698	6.087763355298425e-05
6699	0
6700	0
6701	5.7947145013039214e-05
6702	0
6703	0
6704	0
6705	0
6706	5.6556320462571964e-05
6707	0
6708	0.0001412361169858124
6709	7.245616453786083e-05
6710	0
6711	0
6712	0
6713	5.747946728839912e-05
6714	8.158810154875395e-05
6715	0
6716	5.513609457668403e-05
6717	0
6718	5.513609457668403e-05
6719	0.00011472800823953574
6720	0
6721	0.0005848680390917026
6722	5.513609457668403e-05
6723	0
6724	5.513609457668403e-05
6725	0.00026420080288087254
6726	0
6727	0
6728	0.00014453819536448112
6729	5.513609457668403e-05
6730	0
6731	0
6732	0
6733	0
6734	0
6735	0
6736	0
6737	0
6738	0
6739	5.513609457668403e-05
6740	0
6741	0
6742	0.0002313603278689919
6743	0
6744	0
6745	9.128347260011353e-05
6746	0
6747	0
6748	5.513609457668403e-05
6749	6.176381537749439e-05
6750	0
6751	5.513609457668403e-05
6752	0
6753	0
6754	0.00010712040930194728
6755	6.250234299530778e-05
6756	0.00014973583181761196
6757	0
6758	0
6759	0
6760	0.00019240384100851365
6761	0
6762	0
6763	8.763467218865608e-05
6764	0
6765	0
6766	5.7824643545315515e-05
6767	0
6768	5.513609457668403e-05
6769	0
6770	7.720935592375496e-05
6771	5.513609457668403e-05
6772	7.1719395882703e-05
6773	5.513609457668403e-05
6774	0
6775	0.00010596718025017681
6776	0
6777	0
6778	8.303006255585231e-05
6779	0
6780	0.00021144443302329293
6781	0
6782	0
6783	0.0002660869376290183
6784	0
6785	0
6786	0
6787	8.804002361209103e-05
6788	0
6789	0
6790	9.645985612217296e-05
6791	0
6792	0
6793	0
6794	7.494157775756252e-05
6795	5.513609457668403e-05
6796	0
6797	0
6798	0
6799	0.00047807959848804185
6800	0.00016085312958887522
6801	0.00010049980291648245
6802	0
6803	0
6804	0
6805	9.31471765448169e-05
6806	0
6807	0
6808	9.658890060477464e-05
6809	0
6810	0
6811	0
6812	0
6813	0
6814	0
6815	5.513609457668403e-05
6816	0
6817	0.00024898525877106747
6818	0
6819	7.268667533739259e-05
6820	0.00012670746019610406
6821	0.0003378942659721903
6822	0
6823	0.0003868198908252569
6824	0
6825	0
6826	0
6827	5.513609457668403e-05
6828	0
6829	0
6830	0
6831	0
6832	0.0001172562309246944
6833	0.00012018365123587732
6834	0
6835	0.000122549391807273
6836	0
6837	0
6838	0.00023402928363729433
6839	0.00010272301872071648
6840	0
6841	0
6842	0
6843	0.0002167943643475922
6844	0
6845	0
6846	0
6847	0
6848	0
6849	5.513609457668403e-05
6850	0
6851	7.460951605477822e-05
6852	0
6853	0.00010727133257126554
6854	0
6855	0
6856	0
6857	0
6858	0
6859	0
6860	0
6861	0.0004669191178301067
6862	0
6863	0
6864	0.00014654328463476748
6865	0
6866	0
6867	0
6868	8.003644103191482e-05
6869	0
6870	0
6871	0.00011640896133819273
6872	7.856982169383492e-05
6873	9.786452324353896e-05
6874	5.513609457668403e-05
6875	0
6876	8.588028302971578e-05
6877	0
6878	0
6879	0
6880	8.62479350839293e-05
6881	0
6882	9.682873487331997e-05
6883	0
6884	0.0005536405415165442
6885	0
6886	0
6887	5.513609457668403e-05
6888	0.0003004383385700995
6889	0.0001369323224606603
6890	0.00011008608449524586
6891	0.00048644752561290854
6892	6.291796698384419e-05
6893	0
6894	0
6895	0
6896	0.00010588125878066326
6897	0
6898	0.00030605382720509227
6899	0
6900	0
6901	0
6902	0.00022357455992577248
6903	5.513609457668403e-05
6904	0.0002081728805942248
6905	0
6906	0
6907	0.00012286386806842047
6908	0.0002022889053740065
6909	0
6910	0
6911	0
6912	8.3881103508111e-05
6913	0
6914	9.604807941984703e-05
6915	0
6916	0.00012144682420879967
6917	0
6918	0
6919	5.513609457668403e-05
6920	0
6921	0
6922	0
6923	0
6924	0
6925	5.513609457668403e-05
6926	0
6927	5.513609457668403e-05
6928	0
6929	0
6930	0
6931	0
6932	5.890212650161549e-05
6933	0
6934	0
6935	6.0208096677205646e-05
6936	0
6937	0
6938	0
6939	0
6940	0
6941	0
6942	0
6943	0
6944	0
6945	5.513609457668403e-05
6946	0
6947	0.0005400242577718685
6948	0
6949	0.00014280947231041683
6950	0
6951	0
6952	8.547576407704086e-05
6953	9.934978521204251e-05
6954	0
6955	0
6956	0
6957	0
6958	0
6959	0
6960	0
6961	0
6962	0
6963	0
6964	0
6965	0
6966	5.513609457668403e-05
6967	0
6968	0.000210453993455893
6969	5.513609457668403e-05
6970	5.513609457668403e-05
6971	6.924446992677817e-05
6972	0
6973	5.513609457668403e-05
6974	0
6975	0
6976	0
6977	0
6978	0
6979	0.0003063119368061951
6980	0
6981	6.52383482019241e-05
6982	0
6983	0
6984	0
6985	0
6986	0.0001063085137847195
6987	9.294360245213314e-05
6988	0
6989	0
6990	0.00021520373280321025
6991	0
6992	0
6993	0
6994	0
6995	0
6996	0
6997	0
6998	0
6999	0.0003761416016170658
7000	0
7001	0
7002	0
7003	0.00010265813664976403
7004	0
7005	0
7006	0
7007	0
7008	0
7009	0
7010	7.980143668124962e-05
7011	0.0002768527179150559
7012	0
7013	6.514169728451515e-05
7014	0
7015	0.00010453762039302822
7016	0
7017	0
7018	0.0003507689387278333
7019	0.00016272470083646468
7020	7.494157775756252e-05
7021	0
7022	0
7023	0
7024	0.0008737316540860599
7025	6.700944512064258e-05
7026	0.00027661344061356656
7027	0.00018713600823655924
7028	0
7029	0
7030	0
7031	0
7032	0
7033	0
7034	0.0005456431294387619
7035	0.00016992771663814865
7036	0
7037	0
7038	0
7039	0.00010427945148221168
7040	0
7041	0
7042	0
7043	0.0001079539505874651
7044	0
7045	0
7046	0.0001007702575691521
7047	0
7048	0.00012006114733141196
7049	0
7050	0
7051	5.513609457668403e-05
7052	0
7053	0.0002409767375121072
7054	5.513609457668403e-05
7055	0
7056	0.0010304798899792016
7057	5.513609457668403e-05
7058	6.937593493060665e-05
7059	0
7060	0
7061	0
7062	8.313161319731049e-05
7063	8.249190069444121e-05
7064	0
7065	0
7066	0
7067	6.439881039815013e-05
7068	0
7069	5.513609457668403e-05
7070	5.513609457668403e-05
7071	5.513609457668403e-05
7072	8.404964704952588e-05
7073	0.00028914537066680496
7074	0
7075	0
7076	0
7077	0
7078	0
7079	0
7080	0
7081	0
7082	0
7083	6.317690687484995e-05
7084	0
7085	8.075345230074891e-05
7086	0
7087	5.513609457668403e-05
7088	0
7089	0.00015192710798381573
7090	0
7091	0
7092	0.0001441743051561001
7093	0
7094	0.00013567650320584366
7095	9.185571941508513e-05
7096	0
7097	0
7098	0
7099	0
7100	0
7101	0.00020731983504617608
7102	0
7103	0
7104	8.619905393657227e-05
7105	6.690487929857663e-05
7106	0
7107	0
7108	0
7109	0
7110	0.0002595291107666599
7111	9.325218549112752e-05
7112	0
7113	0
7114	7.294619460373645e-05
7115	6.685295813525948e-05
7116	0
7117	0
7118	0.0004227648917762481
7119	0
7120	0
7121	0
7122	9.512043872506786e-05
7123	0
7124	0
7125	0
7126	0
7127	0.00010339797743926025
7128	0
7129	0
7130	5.513609457668403e-05
7131	8.099151656800819e-05
7132	5.513609457668403e-05
7133	0
7134	0
7135	5.513609457668403e-05
7136	0.00025649320564462015
7137	0.0001762198877808436
7138	0
7139	0
7140	0
7141	0
7142	0
7143	0
7144	0
7145	0
7146	0
7147	0.00017308728483649368
7148	5.513609457668403e-05
7149	0
7150	0
7151	0
7152	0
7153	0.00028367265183232103
7154	0
7155	0
7156	0
7157	0
7158	0
7159	0
7160	0
7161	0.0012711493995418482
7162	0
7163	0.00015576747571490314
7164	0
7165	0.00014104744739810142
7166	0
7167	0
7168	0
7169	0
7170	0
7171	7.04462381737913e-05
7172	5.513609457668403e-05
7173	5.513609457668403e-05
7174	6.183144518158429e-05
7175	5.513609457668403e-05
7176	0
7177	0
7178	0
7179	0
7180	0.0002301926114784126
7181	0
7182	0
7183	0
7184	0
7185	0
7186	0
7187	0.0001558781642465969
7188	0.00011329892977510761
7189	5.513609457668403e-05
7190	7.137789151725172e-05
7191	7.6169686783284e-05
7192	6.711137170448448e-05
7193	0
7194	8.356209155450849e-05
7195	0
7196	0
7197	0
7198	6.641772373179312e-05
7199	5.513609457668403e-05
7200	0
7201	0
7202	0
7203	0
7204	0.0001253177572411766
7205	0
7206	0.0001120147024307362
7207	0
7208	0
7209	0
7210	0
7211	5.615495227742973e-05
7212	0
7213	0
7214	0.00023749338028924774
7215	5.513609457668403e-05
7216	0
7217	0
7218	0
7219	0
7220	0.00014560261324731764
7221	9.754762329236284e-05
7222	0
7223	0
7224	6.708920746091026e-05
7225	0
7226	6.825949904837374e-05
7227	5.513609457668403e-05
7228	0.00014513322701735558
7229	0
7230	5.513609457668403e-05
7231	6.299230915550111e-05
7232	0
7233	0
7234	0
7235	5.760280269427886e-05
7236	0
7237	0.00013863546407740082
7238	7.09625185416802e-05
7239	0
7240	0.0003232162267503451
7241	5.513609457668403e-05
7242	0
7243	0.0001272763174660938
7244	0
7245	0
7246	0
7247	0.0003810794738532891
7248	5.513609457668403e-05
7249	0
7250	5.513609457668403e-05
7251	0.0003299549031580113
7252	0
7253	0
7254	0.00011029677052994748
7255	0
7256	0
7257	0
7258	0
7259	6.034358949160644e-05
7260	0
7261	0.00010001648067276965
7262	0
7263	0
7264	0
7265	0
7266	5.513609457668403e-05
7267	0
7268	0
7269	0
7270	0
7271	0
7272	5.513609457668403e-05
7273	0
7274	5.513609457668403e-05
7275	0
7276	5.836954179440751e-05
7277	0
7278	0
7279	0
7280	0
7281	0
7282	8.009637823679108e-05
7283	0
7284	0.00011576408238073133
7285	0
7286	0
7287	0
7288	0
7289	0
7290	0
7291	0
7292	0.0002924416238287927
7293	0
7294	0
7295	0
7296	8.905488483940789e-05
7297	0
7298	0
7299	0
7300	0
7301	0
7302	6.337993621239247e-05
7303	0
7304	0
7305	0
7306	0
7307	0
7308	0
7309	0
7310	0
7311	0.0004489544542820665
7312	7.396953976205167e-05
7313	0
7314	0
7315	0
7316	0
7317	6.571794063417455e-05
7318	0.00016043547762310372
7319	6.990446647784978e-05
7320	0
7321	0
7322	5.513609457668403e-05
7323	0
7324	0.00020948564749626212
7325	9.060188035413458e-05
7326	0.0007827425207943616
7327	0
7328	0
7329	0
7330	0
7331	0
7332	0
7333	0
7334	9.995815475396817e-05
7335	7.805465077151142e-05
7336	0
7337	0
7338	0
7339	0
7340	0
7341	5.513609457668403e-05
7342	0
7343	0
7344	0
7345	5.513609457668403e-05
7346	0.0007913223993198752
7347	0
7348	0
7349	0.0004810824905368454
7350	0
7351	8.80830049259174e-05
7352	6.450300322312458e-05
7353	9.665488564942467e-05
7354	0
7355	0.00018478175889148995
7356	0
7357	0
7358	0
7359	0
7360	0
7361	0
7362	0
7363	0
7364	0
7365	0
7366	0
7367	0
7368	0
7369	5.513609457668403e-05
7370	0
7371	0
7372	9.061124665806096e-05
7373	0
7374	0
7375	0
7376	0
7377	0.0001805502253835415
7378	5.513609457668403e-05
7379	0.00018340638621621678
7380	0
7381	0
7382	0
7383	0
7384	0.0001813029279011198
7385	0
7386	0
7387	0
7388	0.0001571274027114826
7389	0
7390	0.0003527903924933412
7391	0
7392	0
7393	5.513609457668403e-05
7394	5.513609457668403e-05
7395	0
7396	0
7397	0
7398	0
7399	0
7400	0
7401	0.00014694922963554642
7402	0.00083715783699799
7403	0
7404	0
7405	9.257715820926922e-05
7406	6.868152375136928e-05
7407	5.513609457668403e-05
7408	0.00012320997937055665
7409	6.0974408040606284e-05
7410	0
7411	0
7412	0
7413	6.30752349295717e-05
7414	5.513609457668403e-05
7415	0.00015089275303755236
7416	5.8204044628137395e-05
7417	9.820590013349479e-05
7418	0
7419	0
7420	0.00011489821773116385
7421	9.79362037218805e-05
7422	5.513609457668403e-05
7423	0
7424	0
7425	5.513609457668403e-05
7426	0
7427	9.494556014994025e-05
7428	0
7429	0
7430	0.0004982949747793057
7431	0
7432	0
7433	0
7434	6.500547101647416e-05
7435	5.513609457668403e-05
7436	0
7437	0
7438	0
7439	0
7440	0
7441	0
7442	0
7443	8.421064004848238e-05
7444	0
7445	0
7446	0
7447	0
7448	0
7449	0
7450	0.0002810972500299742
7451	5.513609457668403e-05
7452	0.00020450225679369638
7453	0
7454	8.904444685647512e-05
7455	8.679320248799609e-05
7456	0
7457	0
7458	0
7459	0
7460	0
7461	0
7462	0
7463	0
7464	0
7465	0
7466	0
7467	0
7468	0
7469	0
7470	7.903444143139278e-05
7471	0
7472	0.00018538405461802275
7473	0
7474	0
7475	0
7476	0
7477	0
7478	0
7479	0.00046476907442960074
7480	0.0002107393203916018
7481	0.00027005970742328896
7482	7.332793707464252e-05
7483	7.557016932895348e-05
7484	0.0003371341483970677
7485	0
7486	0
7487	0
7488	0
7489	6.670620612124478e-05
7490	0
7491	0
7492	0.0003723912251990891
7493	0
7494	0
7495	0
7496	5.513609457668403e-05
7497	0
7498	0
7499	5.513609457668403e-05
7500	0
7501	0
7502	0
7503	0
7504	0
7505	0
7506	0
7507	0
7508	0
7509	0.00023053984310365193
7510	0.00019732053025883816
7511	5.513609457668403e-05
7512	0
7513	0
7514	9.42852974192258e-05
7515	0
7516	0
7517	0
7518	0
7519	0
7520	0.00027278059758669923
7521	6.609212283924808e-05
7522	0.00016705734054087786
7523	0.000296291013192803
7524	0
7525	0
7526	0
7527	0
7528	0
7529	0.00012543727592813667
7530	0
7531	0
7532	0.00035730394559971496
7533	0
7534	0
7535	0.00018128685471193733
7536	0.00012253388110819707
7537	0
7538	0
7539	6.292947937054411e-05
7540	0
7541	0
7542	5.513609457668403e-05
7543	0
7544	0
7545	0
7546	0
7547	0
7548	0
7549	0
7550	6.53288500231635e-05
7551	0
7552	0
7553	0
7554	7.444640918893808e-05
7555	0
7556	0
7557	0
7558	9.21601850466915e-05
7559	0
7560	0.00016981031128463796
7561	0.00010077264504628391
7562	0
7563	0
7564	0
7565	0
7566	0
7567	0
7568	0
7569	0
7570	0
7571	5.513609457668403e-05
7572	0
7573	5.513609457668403e-05
7574	0
7575	0
7576	0.0001258183121414237
7577	8.347595862497403e-05
7578	0
7579	5.513609457668403e-05
7580	7.646618034140981e-05
7581	0.0009137997526719992
7582	0
7583	0
7584	0
7585	0
7586	0
7587	0
7588	0
7589	9.016558177902983e-05
7590	5.816227327855245e-05
7591	5.8989354304017196e-05
7592	0
7593	0
7594	0.00010076369197665753
7595	0
7596	0
7597	0
7598	0
7599	0
7600	8.761378639212744e-05
7601	0
7602	0
7603	0
7604	0
7605	7.855992274927653e-05
7606	0
7607	0
7608	0
7609	0.00022970901298774218
7610	0
7611	0
7612	0
7613	0
7614	0
7615	0
7616	5.513609457668403e-05
7617	0
7618	0.00012956829395825202
7619	0.00013116183736853432
7620	0
7621	0
7622	9.197870702818585e-05
7623	0
7624	9.363053088288359e-05
7625	0.0003815191640584087
7626	0
7627	0
7628	0
7629	0
7630	0
7631	0.00012413127842408048
7632	0
7633	0
7634	5.513609457668403e-05
7635	0.000374840997708551
7636	0
7637	0.0011705448698041965
7638	0
7639	0
7640	0
7641	5.513609457668403e-05
7642	7.116351449000202e-05
7643	5.513609457668403e-05
7644	0
7645	0
7646	0
7647	5.513609457668403e-05
7648	0.00040368959211928084
7649	0
7650	0
7651	8.94807341179105e-05
7652	0
7653	0
7654	0.00019587219970220422
7655	0
7656	6.858112540283779e-05
7657	0
7658	5.513609457668403e-05
7659	0
7660	0.00013492001792890027
7661	0
7662	0
7663	0
7664	0
7665	0
7666	0
7667	0
7668	0
7669	0
7670	0
7671	0
7672	9.89764002764117e-05
7673	0.00012042614283423088
7674	6.563467255961305e-05
7675	0
7676	0
7677	5.513609457668403e-05
7678	0
7679	0.0001115495286628359
7680	6.250736690401856e-05
7681	5.513609457668403e-05
7682	0
7683	0
7684	0
7685	0
7686	0
7687	0.000340887531598254
7688	0
7689	0
7690	7.788440833151509e-05
7691	0
7692	0
7693	0
7694	0
7695	0
7696	0
7697	0
7698	0.00010428267669061251
7699	0
7700	5.513609457668403e-05
7701	0
7702	0
7703	5.513609457668403e-05
7704	0
7705	0
7706	5.513609457668403e-05
7707	5.513609457668403e-05
7708	0
7709	0.00034398789486046304
7710	0
7711	0
7712	0
7713	0
7714	0
7715	0
7716	0
7717	0
7718	0
7719	5.615495227742973e-05
7720	0
7721	0
7722	0
7723	0
7724	0
7725	0
7726	0
7727	0
7728	0
7729	0
7730	0
7731	0
7732	0
7733	0
7734	5.513609457668403e-05
7735	0
7736	0
7737	0
7738	0
7739	0.00011683997018132095
7740	0
7741	9.537445509447175e-05
7742	7.682579219734349e-05
7743	5.513609457668403e-05
7744	0
7745	0
7746	0
7747	0
7748	0
7749	8.475548154978808e-05
7750	0
7751	0
7752	0
7753	0
7754	0
7755	0
7756	0
7757	0
7758	0
7759	0
7760	0
7761	0
7762	0
7763	0
7764	0
7765	0.00020105364292435641
7766	5.513609457668403e-05
7767	0
7768	0
7769	0
7770	6.027515325625868e-05
7771	0
7772	0
7773	0
7774	0
7775	5.513609457668403e-05
7776	0
7777	0
7778	0
7779	0
7780	0
7781	0
7782	5.513609457668403e-05
7783	0
7784	0
7785	0
7786	0
7787	0
7788	0
7789	0
7790	5.513609457668403e-05
7791	0
7792	0
7793	7.494157775756252e-05
7794	0
7795	0
7796	7.075857932145129e-05
7797	5.98228400001142e-05
7798	0
7799	8.108800320327146e-05
7800	8.070682004454519e-05
7801	0
7802	0
7803	0
7804	5.513609457668403e-05
7805	0
7806	0
7807	0
7808	0
7809	0
7810	0
7811	0
7812	9.362464706228355e-05
7813	8.50762064355921e-05
7814	0
7815	0
7816	0
7817	5.513609457668403e-05
7818	0
7819	0.0001231073133727421
7820	6.515789945282984e-05
7821	0.00018291136486951832
7822	0
7823	0
7824	0
7825	0
7826	9.927613233547518e-05
7827	0
7828	5.513609457668403e-05
7829	0
7830	0
7831	0
7832	0
7833	0
7834	0
7835	0
7836	0.00012367155980641452
7837	0
7838	0
7839	0
7840	0.00022856113842784222
7841	0
7842	0
7843	0
7844	0
7845	0
7846	0.00010152648728824364
7847	0
7848	0
7849	0
7850	9.94273027837993e-05
7851	8.130750413679169e-05
7852	0
7853	0
7854	0
7855	0
7856	0
7857	0
7858	0
7859	0
7860	0.0002754590040323803
7861	0
7862	0
7863	0
7864	5.729839641945418e-05
7865	5.9157083485081874e-05
7866	0
7867	0
7868	0
7869	5.513609457668403e-05
7870	0
7871	0.00013545736306118665
7872	0
7873	0.0001442137718597045
7874	0
7875	0
7876	0
7877	0
7878	0
7879	0.000102416487563192
7880	0
7881	0
7882	5.513609457668403e-05
7883	0
7884	0
7885	0
7886	0
7887	0
7888	0
7889	0
7890	5.513609457668403e-05
7891	0.00028558744441176527
7892	0
7893	0.0019302696417890098
7894	5.513609457668403e-05
7895	0
7896	0
7897	9.654304557244197e-05
7898	0
7899	0
7900	0
7901	6.889300778525258e-05
7902	0
7903	0
7904	0
7905	0.00015343277837302302
7906	0
7907	0
7908	0
7909	0.0001557359347205441
7910	0
7911	0.0003334946505847406
7912	6.328358147650095e-05
7913	0
7914	0
7915	0
7916	0
7917	0
7918	7.856982169383492e-05
7919	0
7920	9.707788541506716e-05
7921	5.513609457668403e-05
7922	0
7923	0
7924	0
7925	0
7926	0
7927	0
7928	0
7929	0
7930	5.513609457668403e-05
7931	0
7932	0
7933	5.513609457668403e-05
7934	0
7935	0
7936	0
7937	0
7938	0
7939	0
7940	0.0001977743067701028
7941	0
7942	5.513609457668403e-05
7943	0.00010197089030539283
7944	0
7945	7.542658846875543e-05
7946	0
7947	0
7948	0.00014060990656421498
7949	0
7950	5.513609457668403e-05
7951	0
7952	0.00017214946340366713
7953	7.472578015616188e-05
7954	0
7955	0
7956	0
7957	9.644759156747138e-05
7958	0
7959	0.00018573260836963565
7960	0
7961	0.00012176336836355371
7962	0
7963	0
7964	0
7965	0
7966	0
7967	0
7968	0
7969	0
7970	0
7971	8.679317421430443e-05
7972	5.513609457668403e-05
7973	7.343812278212472e-05
7974	5.513609457668403e-05
7975	0
7976	0.00011191750368497473
7977	0
7978	0
7979	0
7980	0
7981	0
7982	0
7983	0
7984	7.547677669117301e-05
7985	0
7986	0
7987	0.00022290312808513087
7988	5.7824643545315515e-05
7989	0
7990	5.513609457668403e-05
7991	6.099452635597175e-05
7992	0
7993	0
7994	5.7824643545315515e-05
7995	0
7996	7.129590215348283e-05
7997	6.173036802873252e-05
7998	0
7999	0
8000	0
8001	7.558590907455804e-05
8002	0
8003	5.513609457668403e-05
8004	0.00015917153560841583
8005	0
8006	8.266951300940731e-05
8007	0
8008	0
8009	0.0003235317076283163
8010	0.0002515813125079247
8011	0
8012	0
8013	0
8014	0
8015	0
8016	0
8017	0
8018	0
8019	0
8020	0
8021	0
8022	0
8023	0
8024	5.513609457668403e-05
8025	0
8026	0.00011448781712776414
8027	0
8028	0.00018033363407465983
8029	0
8030	0
8031	5.513609457668403e-05
8032	0
8033	0.00019345808365406483
8034	0
8035	0
8036	0
8037	0.00013409741241003235
8038	0
8039	0
8040	0
8041	0
8042	0
8043	0
8044	0
8045	5.8976404371802406e-05
8046	0.00017918308331940608
8047	7.341858850713352e-05
8048	0
8049	6.999467106556357e-05
8050	0.00022712583847399036
8051	0
8052	8.029556656770888e-05
8053	0
8054	0
8055	0
8056	7.86489180744391e-05
8057	0
8058	0
8059	0
8060	0
8061	0
8062	0
8063	0
8064	0.0001175309614019505
8065	0
8066	0.00014750493338412942
8067	0
8068	0
8069	0
8070	0.00010456665789309685
8071	0
8072	0
8073	0
8074	0
8075	9.209313095767099e-05
8076	0.0003178662237317004
8077	0
8078	0
8079	5.513609457668403e-05
8080	0.0001018749419152784
8081	0.00010470249084762576
8082	0
8083	0.0002614272745099861
8084	5.513609457668403e-05
8085	0
8086	5.513609457668403e-05
8087	0
8088	6.0286525709857264e-05
8089	0
8090	0
8091	0
8092	0
8093	0
8094	0
8095	0
8096	7.479868142381055e-05
8097	0
8098	0
8099	0
8100	0
8101	0
8102	0
8103	0
8104	0.00032775443405267524
8105	0
8106	0
8107	9.059123458105738e-05
8108	0
8109	7.856982169383492e-05
8110	6.198483776255549e-05
8111	0.00019263100704798136
8112	0
8113	0
8114	0
8115	0
8116	0
8117	0
8118	0
8119	0
8120	0
8121	0
8122	0
8123	6.0994112700702414e-05
8124	0.0001704012242581224
8125	0
8126	0
8127	8.475548154978808e-05
8128	0
8129	0
8130	6.317319007777302e-05
8131	0
8132	0
8133	0
8134	5.513609457668403e-05
8135	0
8136	0
8137	0
8138	0
8139	0
8140	0
8141	0
8142	5.757517816331765e-05
8143	0
8144	0
8145	0
8146	0
8147	0
8148	0.00016449348779005483
8149	0
8150	0.00010928737792307991
8151	0
8152	0
8153	7.513501318203259e-05
8154	0
8155	0
8156	0.00017841196300249986
8157	0
8158	0
8159	0
8160	0
8161	0
8162	7.391479999654316e-05
8163	0
8164	0
8165	0
8166	0.00010769429811330377
8167	0
8168	6.233421504223311e-05
8169	0
8170	0
8171	0
8172	0
8173	0
8174	0
8175	0
8176	0
8177	0
8178	5.513609457668403e-05
8179	0
8180	0
8181	0
8182	0
8183	7.738501592216755e-05
8184	0
8185	0
8186	0
8187	0
8188	0
8189	0
8190	0
8191	0
8192	0.00016705283180226408
8193	0
8194	0.00012025164989764122
8195	7.185325005773009e-05
8196	0
8197	0
8198	0
8199	0
8200	0
8201	0
8202	6.776781817754117e-05
8203	0
8204	0
8205	6.030736584658607e-05
8206	0
8207	0
8208	0
8209	0.000644321659023663
8210	0
8211	0
8212	0
8213	0
8214	0
8215	0
8216	0
8217	0
8218	0.0002547207767290332
8219	5.513609457668403e-05
8220	0
8221	0
8222	0
8223	0
8224	0
8225	0
8226	7.484140655057376e-05
8227	0
8228	0
8229	0
8230	0
8231	0
8232	0
8233	0.0007983983748287613
8234	0
8235	0
8236	0
8237	8.405436705506247e-05
8238	0
8239	0
8240	0
8241	5.513609457668403e-05
8242	0
8243	0
8244	0
8245	0
8246	0.00011548954932149097
8247	0
8248	0
8249	9.90265523697763e-05
8250	0.0001162653861185301
8251	0
8252	9.203938092367848e-05
8253	6.699147900039284e-05
8254	0
8255	0
8256	0
8257	0
8258	0
8259	0
8260	0
8261	5.513609457668403e-05
8262	0
8263	0
8264	0
8265	0
8266	0
8267	7.259177998438296e-05
8268	5.9126620571271314e-05
8269	0
8270	0
8271	9.904260468897622e-05
8272	5.513609457668403e-05
8273	0.0001918777750309333
8274	6.516810504731343e-05
8275	0
8276	0
8277	0.0003481149994588238
8278	9.382437823604413e-05
8279	0
8280	5.513609457668403e-05
8281	0
8282	0.0006993856734095732
8283	0
8284	5.5517130789971034e-05
8285	0
8286	0
8287	0
8288	0.0003241415442540505
8289	0.00018984893748115873
8290	0.00015051561421778405
8291	5.694931590851958e-05
8292	0
8293	0.00012610279556230438
8294	0
8295	0
8296	0
8297	0
8298	0
8299	0
8300	0
8301	8.934185696580927e-05
8302	0
8303	9.409641874980049e-05
8304	9.818963768991649e-05
8305	0
8306	7.999004757972285e-05
8307	0.0001186463814370503
8308	0
8309	0
8310	0
8311	0
8312	5.513609457668403e-05
8313	8.511205621384508e-05
8314	5.951618381517209e-05
8315	9.09684966270338e-05
8316	0
8317	0
8318	0
8319	0
8320	0
8321	6.37618117126328e-05
8322	0
8323	5.513609457668403e-05
8324	0
8325	0
8326	0
8327	0
8328	0
8329	0
8330	0
8331	0
8332	0
8333	7.573415461100169e-05
8334	0
8335	0
8336	0
8337	6.71547279121258e-05
8338	0.00013150058321702792
8339	0
8340	5.513609457668403e-05
8341	0
8342	0
8343	0
8344	8.454199834204181e-05
8345	6.450958542354439e-05
8346	0
8347	6.295719509776253e-05
8348	5.873923139192696e-05
8349	5.513609457668403e-05
8350	0
8351	0
8352	0
8353	0.00010128490561687957
8354	0
8355	0
8356	0
8357	0
8358	0
8359	0
8360	0
8361	0
8362	0
8363	0
8364	0
8365	0.00025368490827310197
8366	0
8367	0
8368	0
8369	6.261209005933472e-05
8370	0
8371	7.075857932145129e-05
8372	0.00012122958222832622
8373	0
8374	0
8375	0
8376	6.450958542354439e-05
8377	0
8378	9.620390526283041e-05
8379	0
8380	0
8381	0
8382	5.513609457668403e-05
8383	0
8384	0
8385	0
8386	0
8387	0
8388	0
8389	0.00010066821271813018
8390	0
8391	0.00016618340368929093
8392	0
8393	0
8394	0
8395	0
8396	0
8397	5.513609457668403e-05
8398	0
8399	9.607292183393259e-05
8400	0
8401	0.00019973453838317658
8402	0
8403	0
8404	5.513609457668403e-05
8405	0
8406	0
8407	0
8408	0.00012288253509587285
8409	5.513609457668403e-05
8410	0
8411	0
8412	0
8413	6.572358681093847e-05
8414	0
8415	0
8416	0.0002244909222926015
8417	0
8418	5.513609457668403e-05
8419	0
8420	8.04397367229772e-05
8421	9.06282853108559e-05
8422	0
8423	0.00038894363348778886
8424	0
8425	0
8426	0
8427	0
8428	0
8429	5.513609457668403e-05
8430	0.00011188000276939254
8431	0
8432	5.513609457668403e-05
8433	0
8434	5.513609457668403e-05
8435	0
8436	7.495249318711008e-05
8437	6.85066458893275e-05
8438	0
8439	5.513609457668403e-05
8440	0
8441	5.513609457668403e-05
8442	5.513609457668403e-05
8443	0
8444	0.000202295832674617
8445	0
8446	0
8447	0
8448	0
8449	0
8450	0
8451	0
8452	0
8453	0.00031396920708455425
8454	0
8455	0
8456	5.513609457668403e-05
8457	0
8458	9.18507964474317e-05
8459	0.00010200354881098581
8460	0
8461	0
8462	5.513609457668403e-05
8463	7.808335173701064e-05
8464	0
8465	7.148734209983101e-05
8466	0
8467	0
8468	0
8469	0
8470	0
8471	6.459575643366789e-05
8472	0.00011518415279328272
8473	0
8474	0
8475	9.010571684606953e-05
8476	0
8477	0
8478	8.391296859299167e-05
8479	0
8480	5.513609457668403e-05
8481	0
8482	0
8483	0
8484	0.0002442416723369583
8485	7.485739305149689e-05
8486	0.0002898097960085022
8487	0
8488	5.513609457668403e-05
8489	6.459575643366789e-05
8490	0.00014314120155617507
8491	0
8492	0
8493	0
8494	0
8495	0.0001446371950895171
8496	0
8497	0
8498	0
8499	9.298484182559583e-05
8500	0
8501	0
8502	0
8503	0
8504	0.0007270531028613854
8505	6.22242552700332e-05
8506	9.173250760504412e-05
8507	0
8508	0
8509	0
8510	0
8511	0
8512	0
8513	0
8514	0.0001834253577684587
8515	0
8516	0
8517	6.459575643366789e-05
8518	0
8519	0
8520	0
8521	5.837623239718265e-05
8522	0
8523	0
8524	0
8525	0.00010020890660460512
8526	5.801591982954488e-05
8527	0
8528	0
8529	0
8530	0
8531	0
8532	0
8533	0
8534	0
8535	0
8536	0
8537	5.513609457668403e-05
8538	0
8539	0
8540	0
8541	0.0001173679086880536
8542	0
8543	0
8544	6.358154114239992e-05
8545	0
8546	0
8547	0
8548	0
8549	0.00017160917361145475
8550	0
8551	0.00010041110477272694
8552	0
8553	0
8554	0
8555	0
8556	0
8557	0
8558	6.468360737441033e-05
8559	0
8560	6.685295813525948e-05
8561	5.513609457668403e-05
8562	0
8563	5.513609457668403e-05
8564	0
8565	0
8566	0.0001278169854554277
8567	0.000527523464604411
8568	0
8569	0
8570	0
8571	0
8572	0
8573	0
8574	5.513609457668403e-05
8575	5.513609457668403e-05
8576	0
8577	0
8578	0
8579	9.82316237609776e-05
8580	0
8581	5.513609457668403e-05
8582	0
8583	0.00042320200214576644
8584	9.034349170868427e-05
8585	0
8586	0
8587	0.0004948391989606805
8588	0
8589	0
8590	0
8591	0
8592	0
8593	6.034358949160644e-05
8594	0
8595	6.706479794939965e-05
8596	7.634979875006018e-05
8597	0
8598	8.668221875958183e-05
8599	0
8600	0
8601	5.84746354186981e-05
8602	0
8603	5.513609457668403e-05
8604	0
8605	5.513609457668403e-05
8606	0
8607	0.0001925180249347512
8608	0
8609	0
8610	0
8611	0
8612	0
8613	0
8614	0
8615	0
8616	0
8617	0
8618	0.00014776976093801216
8619	0
8620	0
8621	0
8622	0
8623	0
8624	0
8625	0
8626	0
8627	5.513609457668403e-05
8628	0
8629	0
8630	0.0009488469193440992
8631	5.513609457668403e-05
8632	9.648595607878046e-05
8633	0
8634	0
8635	0
8636	0
8637	0
8638	5.513609457668403e-05
8639	0
8640	0
8641	0
8642	0
8643	0
8644	0
8645	0.00012155859462363082
8646	7.045737644237661e-05
8647	0
8648	0
8649	5.513609457668403e-05
8650	0
8651	0
8652	0
8653	0
8654	0
8655	0
8656	5.513609457668403e-05
8657	6.52055196832416e-05
8658	0.00029792036429981446
8659	0
8660	0
8661	5.513609457668403e-05
8662	0.00018952460443434445
8663	0
8664	0.00043399131708575706
8665	0
8666	0
8667	0
8668	0.00012699614755236569
8669	0
8670	0
8671	0
8672	5.513609457668403e-05
8673	0
8674	0
8675	0
8676	0
8677	0
8678	0
8679	0
8680	5.513609457668403e-05
8681	0
8682	0.00032112903349923515
8683	0
8684	0
8685	7.302827022192802e-05
8686	0.00010501946210424233
8687	0
8688	0
8689	0
8690	0
8691	0
8692	0
8693	0
8694	5.513609457668403e-05
8695	0.00014213956865042116
8696	0
8697	0.00013936004065232932
8698	0
8699	0
8700	0
8701	0
8702	0
8703	0
8704	0
8705	0
8706	0
8707	0
8708	0
8709	0
8710	7.277932561998768e-05
8711	0
8712	0
8713	0
8714	0
8715	0
8716	0
8717	0.00016134979770815588
8718	5.513609457668403e-05
8719	0
8720	0
8721	0
8722	0
8723	0
8724	0
8725	0
8726	0
8727	0
8728	5.513609457668403e-05
8729	0
8730	0
8731	0
8732	0
8733	0
8734	0
8735	0
8736	0.00012862847588322217
8737	0
8738	0
8739	0
8740	0
8741	0.000523146497028757
8742	0
8743	0.0001664457549307314
8744	0
8745	0
8746	0
8747	8.588834886794028e-05
8748	0.0001304439776730834
8749	0
8750	0
8751	0
8752	0
8753	0
8754	0.00010988665803265333
8755	0.00010200354881098581
8756	0
8757	0
8758	9.492802948138463e-05
8759	0
8760	5.513609457668403e-05
8761	0
8762	0
8763	0
8764	0
8765	0
8766	0
8767	0
8768	0
8769	0
8770	0
8771	0.0001599775559044061
8772	0
8773	0
8774	0
8775	0
8776	0
8777	0
8778	5.7266433405515934e-05
8779	0
8780	0
8781	0.00012825921283529432
8782	7.856982169383492e-05
8783	0.00032832191209439135
8784	0
8785	0.00014897198058945062
8786	0
8787	0.00047522166191708685
8788	5.8076620180187523e-05
8789	0
8790	0
8791	0
8792	0
8793	5.513609457668403e-05
8794	0.0002841281235175627
8795	0
8796	0
8797	0
8798	0
8799	0.00016244687203722017
8800	8.641036607103535e-05
8801	0
8802	0
8803	0
8804	0
8805	0
8806	0
8807	0
8808	5.513609457668403e-05
8809	0
8810	0
8811	0
8812	7.674103290736453e-05
8813	0
8814	0
8815	0
8816	0.00011596085667965288
8817	0
8818	0
8819	0
8820	0.00018579316705807372
8821	0
8822	0
8823	0
8824	0
8825	0.00041294364198537825
8826	0
8827	0
8828	0
8829	0
8830	0
8831	0
8832	0
8833	0
8834	0
8835	0
8836	5.513609457668403e-05
8837	0
8838	0
8839	6.784602340374189e-05
8840	0
8841	0
8842	0
8843	0.0006910557272446527
8844	0
8845	0.00014989070939906783
8846	0
8847	0
8848	0
8849	0
8850	0
8851	0
8852	0
8853	0
8854	0
8855	5.513609457668403e-05
8856	0.00012386880978316065
8857	0
8858	0
8859	0
8860	0
8861	0
8862	0.00010271150278150622
8863	6.437668676505918e-05
8864	0
8865	5.806531046632789e-05
8866	0
8867	0
8868	0
8869	0
8870	0
8871	0
8872	8.339720170094379e-05
8873	0
8874	0
8875	6.516810504731343e-05
8876	0
8877	0
8878	0
8879	5.513609457668403e-05
8880	0
8881	0.00021544252021172742
8882	0.00011012045029655952
8883	0
8884	0
8885	0
8886	0
8887	0
8888	0
8889	0
8890	0
8891	0
8892	0
8893	5.513609457668403e-05
8894	6.457800412131416e-05
8895	9.275746320570885e-05
8896	0
8897	0
8898	0.00017989221160147277
8899	0
8900	0
8901	0
8902	0
8903	0
8904	5.513609457668403e-05
8905	5.5864857355063753e-05
8906	0
8907	0
8908	0
8909	0
8910	5.513609457668403e-05
8911	0
8912	0
8913	0.0003299345913537055
8914	0
8915	0.00014020407691113526
8916	0
8917	0
8918	0
8919	5.513609457668403e-05
8920	5.513609457668403e-05
8921	0
8922	0
8923	0
8924	0.00014347025859432895
8925	0
8926	0
8927	0
8928	0.0012838329437428733
8929	0
8930	0
8931	0
8932	0
8933	0
8934	0
8935	0
8936	0
8937	0
8938	6.820930824679698e-05
8939	0
8940	0
8941	0
8942	9.30435355450073e-05
8943	5.760280269427886e-05
8944	0
8945	0
8946	0
8947	0
8948	6.573097359195945e-05
8949	0
8950	0
8951	0
8952	0
8953	0
8954	5.513609457668403e-05
8955	0
8956	0
8957	0.0002365415464051848
8958	0
8959	0
8960	5.513609457668403e-05
8961	0
8962	0
8963	0
8964	0
8965	0
8966	0
8967	0
8968	0
8969	0
8970	0
8971	0
8972	0
8973	0
8974	0
8975	0
8976	9.227258367189745e-05
8977	0.00010639862370884762
8978	0
8979	0
8980	0.00027459479694932627
8981	0
8982	0
8983	0
8984	8.554264664571969e-05
8985	6.811477421079837e-05
8986	0
8987	5.513609457668403e-05
8988	0
8989	0
8990	0.00013792518155172868
8991	0
8992	0
8993	5.513609457668403e-05
8994	0
8995	0
8996	0
8997	0
8998	6.13438607251513e-05
8999	0
9000	0
9001	0
9002	0
9003	0
9004	0
9005	0
9006	9.137672960402225e-05
9007	0
9008	0
9009	0.00010714598056481446
9010	0
9011	0
9012	0
9013	5.513609457668403e-05
9014	0
9015	0
9016	0
9017	0
9018	0
9019	0
9020	0
9021	0
9022	0.0004974679037440935
9023	0
9024	0
9025	0
9026	0
9027	0.00017767814581253212
9028	0
9029	6.18767487853552e-05
9030	0
9031	0
9032	0
9033	0.0002625255230640937
9034	0
9035	0
9036	0
9037	0
9038	7.06185970821878e-05
9039	0
9040	0
9041	0
9042	0
9043	0
9044	0
9045	0
9046	0
9047	0
9048	0
9049	0
9050	0
9051	0
9052	0
9053	0
9054	0
9055	0
9056	0
9057	0
9058	0.00024687685193315443
9059	0
9060	0
9061	0
9062	0
9063	0.00015997125139782323
9064	0
9065	0.00023495962498393244
9066	0
9067	0
9068	0
9069	0
9070	0
9071	0
9072	0
9073	0
9074	0.00022050973794537275
9075	0
9076	0
9077	0
9078	0
9079	0
9080	0
9081	5.513609457668403e-05
9082	0
9083	0
9084	0
9085	0
9086	0
9087	0
9088	0
9089	0
9090	0
9091	8.95891501074083e-05
9092	0
9093	5.513609457668403e-05
9094	0
9095	0
9096	9.701561789884197e-05
9097	0
9098	0.00020274214062526694
9099	0.00018238327472204442
9100	5.513609457668403e-05
9101	0
9102	0
9103	0
9104	0
9105	0
9106	0
9107	0
9108	0
9109	0.00025752727469470314
9110	5.513609457668403e-05
9111	0
9112	7.075857932145129e-05
9113	9.641350346880972e-05
9114	5.812087824743225e-05
9115	0.00013816632044948837
9116	0
9117	0
9118	5.513609457668403e-05
9119	0.00018619367883027427
9120	7.003789218232331e-05
9121	0
9122	5.513609457668403e-05
9123	6.327642724225565e-05
9124	0.0002544697395438843
9125	0
9126	0
9127	0
9128	0
9129	0
9130	5.735068409366182e-05
9131	6.222109884986858e-05
9132	0
9133	0
9134	0.0002671335247197023
9135	0
9136	9.374142514138292e-05
9137	0.0007974661465401059
9138	0
9139	0
9140	0.00011835116506342077
9141	0
9142	0
9143	0
9144	0
9145	0
9146	0
9147	8.679317421430443e-05
9148	0.00016976310240473036
9149	0
9150	0
9151	0
9152	0
9153	0
9154	0
9155	0.00046177883052506944
9156	6.289069739293226e-05
9157	0
9158	6.183144518158429e-05
9159	5.513609457668403e-05
9160	0
9161	8.26526489229574e-05
9162	0
9163	0
9164	0
9165	0
9166	5.513609457668403e-05
9167	0
9168	0
9169	0.00038336610350434003
9170	5.513609457668403e-05
9171	0
9172	0
9173	0
9174	5.513609457668403e-05
9175	0
9176	8.557996220858426e-05
9177	0
9178	0
9179	0
9180	0.0003332094883042498
9181	0
9182	0
9183	8.087533244214849e-05
9184	0
9185	0
9186	0
9187	0
9188	7.387165586609934e-05
9189	0
9190	0
9191	0
9192	0.0001882643947848421
9193	0.00023235499553520597
9194	0
9195	0
9196	0
9197	5.513609457668403e-05
9198	0
9199	0
9200	0.00022135793638167087
9201	0.00011402513331323165
9202	0
9203	0
9204	0
9205	0
9206	0
9207	0
9208	0.00023074341439688635
9209	0.00015837234852267745
9210	0
9211	0.0003907788463495607
9212	6.718275162339478e-05
9213	0
9214	0
9215	0.00012773274463226378
9216	0.0001288962467825551
9217	0
9218	0
9219	0
9220	0.0005312078577596454
9221	5.513609457668403e-05
9222	0
9223	0
9224	5.6556320462571964e-05
9225	0
9226	0
9227	8.599309037879398e-05
9228	0
9229	0.00011959802297424238
9230	0
9231	0
9232	0
9233	0
9234	0
9235	0
9236	0
9237	0
9238	0
9239	0
9240	0
9241	0
9242	0
9243	0
9244	0
9245	7.417306953938355e-05
9246	5.513609457668403e-05
9247	0
9248	0
9249	0
9250	0.00011065051811716867
9251	0
9252	6.847136687013238e-05
9253	5.513609457668403e-05
9254	0.00019738482847646258
9255	0
9256	0
9257	0
9258	0.00014567079358273398
9259	0
9260	0
9261	5.678381874224947e-05
9262	5.513609457668403e-05
9263	0
9264	0.0002263074311640951
9265	0
9266	0
9267	0
9268	5.513609457668403e-05
9269	7.075857932145129e-05
9270	0
9271	5.513609457668403e-05
9272	0
9273	0
9274	8.570797837152659e-05
9275	0
9276	0
9277	0
9278	5.513609457668403e-05
9279	0
9280	6.56725543242374e-05
9281	0
9282	0
9283	0
9284	0.00023734722998595246
9285	0
9286	0
9287	0
9288	0
9289	0
9290	0
9291	7.123768728147894e-05
9292	0
9293	0
9294	6.186055540160559e-05
9295	0.0001487538772073226
9296	0
9297	0
9298	0.0005907804237320721
9299	5.513609457668403e-05
9300	0
9301	0
9302	0
9303	0
9304	5.513609457668403e-05
9305	0
9306	0
9307	7.1837990512377e-05
9308	0
9309	0
9310	6.232789514603127e-05
9311	5.513609457668403e-05
9312	0
9313	0.0001299697285548012
9314	0
9315	7.566928510184157e-05
9316	0
9317	0
9318	0
9319	5.513609457668403e-05
9320	0
9321	0
9322	0
9323	0
9324	0
9325	0.0003769223952124845
9326	0
9327	5.513609457668403e-05
9328	0
9329	0
9330	0
9331	8.982283196203223e-05
9332	0
9333	0
9334	0
9335	0
9336	0
9337	0
9338	8.074114426041841e-05
9339	0
9340	5.513609457668403e-05
9341	0
9342	0
9343	0
9344	0
9345	0
9346	0
9347	0.00010200354881098581
9348	0.0005342889818033975
9349	0.0008724826618776684
9350	0.0001763524057569295
9351	0.0001232958535743325
9352	5.513609457668403e-05
9353	0
9354	0
9355	0
9356	0
9357	0
9358	0
9359	0.00025514033288833365
9360	7.474234898193422e-05
9361	5.513609457668403e-05
9362	0
9363	0
9364	0
9365	0.00015208768164099362
9366	0
9367	0
9368	0
9369	0
9370	0
9371	7.484881714164616e-05
9372	0
9373	0.00022055496685641684
9374	0
9375	0
9376	0
9377	0
9378	0
9379	0
9380	0
9381	9.901124824291738e-05
9382	0
9383	0
9384	0.00018473912555652444
9385	0
9386	0
9387	0
9388	0
9389	0
9390	0
9391	5.513609457668403e-05
9392	0
9393	0
9394	0
9395	5.513609457668403e-05
9396	5.513609457668403e-05
9397	0
9398	0
9399	0
9400	8.867146207707478e-05
9401	0
9402	0
9403	7.428015809918174e-05
9404	0
9405	0
9406	0
9407	0
9408	5.513609457668403e-05
9409	0
9410	0
9411	0
9412	0
9413	0
9414	0.00015243532649797053
9415	0
9416	0
9417	0.00016585197569460235
9418	0.0002300882197852724
9419	0
9420	7.27092477634518e-05
9421	0
9422	0
9423	0
9424	0.00012520418380917924
9425	0.00011170776410197709
9426	0
9427	0.00010579042768527736
9428	0
9429	0.0001346388552884416
9430	0
9431	0
9432	5.513609457668403e-05
9433	0
9434	0
9435	0.00026630820780214733
9436	0
9437	0
9438	0
9439	0
9440	0
9441	0
9442	0
9443	0
9444	0
9445	0
9446	0.00047958917284415337
9447	5.513609457668403e-05
9448	0
9449	0
9450	0
9451	0
9452	0.00030607747807451615
9453	0
9454	0
9455	5.513609457668403e-05
9456	6.96198298366512e-05
9457	0
9458	0
9459	0
9460	0
9461	0
9462	5.513609457668403e-05
9463	0
9464	0
9465	0
9466	0
9467	0
9468	0
9469	0.00033720485526554433
9470	0
9471	0
9472	0
9473	0
9474	0
9475	0.0008269580943153795
9476	0
9477	6.50398390914101e-05
9478	0.00011030281322555884
9479	0
9480	9.255865881789246e-05
9481	0
9482	8.278746659891663e-05
9483	0
9484	0
9485	0.0001753025269100674
9486	0.00020759366971130567
9487	0
9488	0
9489	0
9490	0
9491	0
9492	0
9493	0
9494	5.725475197831126e-05
9495	0
9496	0
9497	0
9498	0
9499	0.00023328023979145833
9500	0
9501	7.605644082324342e-05
9502	0
9503	0
9504	0.00031215965135089174
9505	0
9506	0
9507	0
9508	8.003503708155858e-05
9509	5.513609457668403e-05
9510	0
9511	0.00010347976310043662
9512	0
9513	5.513609457668403e-05
9514	0
9515	0.00011229437685931188
9516	6.444101922135838e-05
9517	0.0013163534616046882
9518	0
9519	0
9520	0.00013740978147559868
9521	0
9522	6.285838731463368e-05
9523	0
9524	0
9525	5.513609457668403e-05
9526	0
9527	8.879494437207493e-05
9528	0
9529	0
9530	0
9531	0
9532	0
9533	0
9534	0
9535	0
9536	0
9537	6.250234299530778e-05
9538	0
9539	0
9540	7.394929483173602e-05
9541	0
9542	0.00010951291221503423
9543	0
9544	0
9545	0
9546	0
9547	0
9548	5.513609457668403e-05
9549	0.00024463152937861954
9550	0.00021695666184456898
9551	0
9552	0
9553	5.7480976466591394e-05
9554	0
9555	5.513609457668403e-05
9556	7.416627050981009e-05
9557	0.00012541811777266076
9558	0
9559	5.513609457668403e-05
9560	6.183144518158429e-05
9561	0
9562	5.513609457668403e-05
9563	0
9564	0
9565	0.0001795327129848258
9566	8.480143071093807e-05
9567	0
9568	0.00016317744734662353
9569	0
9570	0
9571	0
9572	0
9573	0
9574	0
9575	0.00012418784379300562
9576	0.00011658942038605196
9577	0
9578	0
9579	0
9580	0
9581	0
9582	0.00023174248300483058
9583	0
9584	0
9585	0
9586	7.113961553473829e-05
9587	0
9588	0
9589	0
9590	0
9591	0
9592	9.58877453823894e-05
9593	0.0001676346212738352
9594	0.00026003504218918583
9595	0.00012839365870916553
9596	0
9597	0
9598	0
9599	0
9600	8.385079859695775e-05
9601	0
9602	0
9603	0
9604	0
9605	0
9606	0
9607	0
9608	0
9609	7.164044267579316e-05
9610	0
9611	5.513609457668403e-05
9612	0
9613	0
9614	0
9615	0
9616	0
9617	6.176381537749439e-05
9618	0
9619	0
9620	0
9621	0
9622	0
9623	0
9624	0
9625	0
9626	0
9627	0
9628	0
9629	0
9630	0
9631	0
9632	8.408693177148565e-05
9633	0
9634	0
9635	0
9636	5.513609457668403e-05
9637	0.00010200354881098581
9638	0
9639	0
9640	7.349262894711677e-05
9641	0
9642	0
9643	0
9644	0
9645	0
9646	0
9647	0
9648	0
9649	0
9650	0
9651	0
9652	0
9653	0
9654	0
9655	0
9656	9.203938092367848e-05
9657	0
9658	0
9659	6.099452635597175e-05
9660	0
9661	5.513609457668403e-05
9662	0
9663	0
9664	5.513609457668403e-05
9665	0
9666	5.513609457668403e-05
9667	5.513609457668403e-05
9668	0
9669	0
9670	5.513609457668403e-05
9671	5.513609457668403e-05
9672	0
9673	0
9674	0
9675	0
9676	0
9677	0
9678	0
9679	8.874097427543479e-05
9680	0.0013099885987904387
9681	0
9682	0.00012581651669274914
9683	5.8305563732070923e-05
9684	0
9685	0.00030103032740131107
9686	0
9687	7.405116668170322e-05
9688	0
9689	0
9690	0
9691	0.00010204230585899343
9692	0
9693	0
9694	0
9695	0
9696	6.572358681093847e-05
9697	8.464853527585906e-05
9698	0
9699	0
9700	0
9701	0
9702	0
9703	0
9704	0
9705	7.02425442872713e-05
9706	0
9707	0
9708	0
9709	0
9710	0
9711	0
9712	0.00023315667205873122
9713	0
9714	0.00012341831806661442
9715	0
9716	0
9717	0.00011573155146642647
9718	0
9719	0
9720	0
9721	0
9722	0
9723	0
9724	5.513609457668403e-05
9725	0
9726	0.00039906061801338056
9727	0
9728	0
9729	0
9730	8.708342375649969e-05
9731	0
9732	0
9733	0
9734	0
9735	0
9736	0
9737	0.00019638078133664286
9738	0
9739	0
9740	5.513609457668403e-05
9741	0
9742	5.6245893568350756e-05
9743	5.513609457668403e-05
9744	0
9745	0
9746	0
9747	0
9748	6.034358949160644e-05
9749	0
9750	0
9751	0
9752	0
9753	0
9754	0
9755	0
9756	7.158643311728801e-05
9757	7.251143422972257e-05
9758	0
9759	0
9760	0
9761	0
9762	5.735068409366182e-05
9763	0.00028658101631915203
9764	7.65058099622696e-05
9765	0
9766	0
9767	0
9768	0
9769	9.264764192964221e-05
9770	9.241169176458594e-05
9771	0
9772	0
9773	0
9774	0
9775	9.241169176458594e-05
9776	0
9777	0
9778	0
9779	0.00010958250040479892
9780	7.035637350982917e-05
9781	0
9782	0
9783	0
9784	0
9785	0
9786	0
9787	0
9788	0
9789	0
9790	0
9791	0
9792	0
9793	0
9794	0
9795	0
9796	8.325290437675428e-05
9797	6.046786557484108e-05
9798	0
9799	0
9800	0
9801	5.513609457668403e-05
9802	0
9803	0
9804	0.00019783624813525663
9805	0.00023327044547413267
9806	5.513609457668403e-05
9807	0
9808	0.00021131464587814268
9809	0
9810	0
9811	0
9812	0
9813	0
9814	0.00010708863944128893
9815	0
9816	0
9817	0
9818	5.513609457668403e-05
9819	0
9820	0
9821	0
9822	0
9823	0
9824	5.513609457668403e-05
9825	0
9826	0
9827	0
9828	0
9829	5.513609457668403e-05
9830	0
9831	0
9832	0
9833	0
9834	0
9835	0
9836	0
9837	0
9838	0
9839	0
9840	0
9841	6.721438495893487e-05
9842	0
9843	0
9844	0.00017243140639192485
9845	0
9846	0
9847	0
9848	0
9849	0
9850	0
9851	0.0009493592837485835
9852	6.596242763488497e-05
9853	0
9854	0
9855	0
9856	5.513609457668403e-05
9857	0
9858	0
9859	0
9860	0
9861	0
9862	0
9863	0
9864	5.513609457668403e-05
9865	0
9866	6.947360920222861e-05
9867	0.00024253158005184397
9868	0
9869	0
9870	0
9871	0
9872	0
9873	0
9874	0
9875	5.513609457668403e-05
9876	0
9877	0.00014300746861184072
9878	0
9879	0
9880	0
9881	0
9882	9.985376909270831e-05
9883	5.513609457668403e-05
9884	6.450958542354439e-05
9885	0
9886	0
9887	0
9888	6.044445699697717e-05
9889	0
9890	0
9891	0
9892	0
9893	0
9894	0
9895	0.00024913515440489126
9896	0
9897	0
9898	0
9899	0.00013265460035036744
9900	0
9901	0
9902	0.00013481863031062787
9903	0
9904	0
9905	0
9906	0
9907	0.0004678809226134553
9908	0
9909	0
9910	0
9911	5.513609457668403e-05
9912	5.513609457668403e-05
9913	0
9914	0
9915	0
9916	0
9917	0
9918	0
9919	0
9920	0
9921	0
9922	5.513609457668403e-05
9923	0
9924	9.337870591472362e-05
9925	0.0001739515844128956
9926	0
9927	0
9928	0
9929	0
9930	0
9931	0
9932	0
9933	0
9934	0
9935	0.00021344693138540668
9936	0
9937	5.513609457668403e-05
9938	0
9939	0
9940	0
9941	8.701281705507093e-05
9942	0
9943	0
9944	0
9945	0
9946	5.513609457668403e-05
9947	0
9948	0
9949	5.513609457668403e-05
9950	0
9951	0
9952	0
9953	0
9954	0
9955	0
9956	5.5517130789971034e-05
9957	0
9958	5.513609457668403e-05
9959	0
9960	0
9961	0.00010736701987287305
9962	0
9963	0
9964	0
9965	0
9966	0
9967	9.457739294744293e-05
9968	0
9969	0
9970	0
9971	0
9972	0
9973	0.0001571513965001445
9974	0
9975	0
9976	0
9977	0
9978	0
9979	0
9980	0
9981	0
9982	5.9637499121140304e-05
9983	0
9984	0
9985	0
9986	0
9987	0
9988	0.00010583045758901717
9989	0.00018411702599045238
9990	5.855790349325959e-05
9991	5.513609457668403e-05
9992	0
9993	7.856982169383492e-05
9994	0
9995	0
9996	0
9997	0
9998	0
9999	0
10000	0
10001	5.513609457668403e-05
10002	0
10003	0
10004	0.00037645426982004236
10005	7.044305520352727e-05
10006	0
10007	0
10008	7.729924181202968e-05
10009	0
10010	0
10011	0
10012	0
10013	0
10014	0
10015	0
10016	5.513609457668403e-05
10017	8.299835214422464e-05
10018	0
10019	0
10020	0
10021	0
10022	0
10023	0
10024	0
10025	0.00025354811782614633
10026	0
10027	0
10028	8.560587668615175e-05
10029	8.822523636759667e-05
10030	0
10031	5.513609457668403e-05
10032	0
10033	0
10034	0
10035	0
10036	0.00010131989250700734
10037	0
10038	0.00011554804908513584
10039	0
10040	5.513609457668403e-05
10041	0
10042	0
10043	0.00010200354881098581
10044	5.513609457668403e-05
10045	0
10046	0
10047	0
10048	0
10049	7.521066935200162e-05
10050	0
10051	0
10052	0
10053	0
10054	0
10055	0
10056	5.5517130789971034e-05
10057	0
10058	8.193904992874582e-05
10059	0.00016264068489204756
10060	0
10061	0
10062	0
10063	0
10064	0
10065	0
10066	0
10067	0
10068	0
10069	0.00015606441142346033
10070	5.513609457668403e-05
10071	0
10072	0.00025532252947749347
10073	0
10074	0.0001066581404655737
10075	0
10076	0
10077	0
10078	0
10079	7.697441958290832e-05
10080	0
10081	5.513609457668403e-05
10082	0.00021251264199931424
10083	0
10084	0
10085	0
10086	0
10087	0
10088	0
10089	0
10090	0.00012706915837727364
10091	8.756683863031208e-05
10092	0
10093	0
10094	0
10095	0
10096	0
10097	0
10098	0
10099	0
10100	0.00026732528635603015
10101	0.00010200354881098581
10102	0.00038508118824644665
10103	0
10104	0
10105	0.00010925078672082743
10106	0
10107	0
10108	0
10109	0.00012863648915597758
10110	0.00022680289488615743
10111	0
10112	0
10113	0
10114	0
10115	0
10116	0
10117	0
10118	0
10119	0
10120	8.39582360530488e-05
10121	0
10122	0
10123	0
10124	5.513609457668403e-05
10125	7.503393307451046e-05
10126	0
10127	0
10128	0
10129	6.781455782378158e-05
10130	8.053934489075536e-05
10131	0
10132	0
10133	0
10134	0
10135	0
10136	0
10137	0
10138	0
10139	0
10140	0
10141	0
10142	0
10143	0
10144	0
10145	0
10146	0
10147	0
10148	0.00010956690707513068
10149	0
10150	0
10151	8.298679048313168e-05
10152	0
10153	0
10154	0
10155	0
10156	0.0002396942530930833
10157	0
10158	0
10159	8.68062387378552e-05
10160	0
10161	0
10162	0
10163	7.501925697911508e-05
10164	0
10165	0.00040048915384156906
10166	0
10167	0
10168	0
10169	0.0001265056767820392
10170	0
10171	0
10172	0
10173	0
10174	0
10175	0
10176	0
10177	0
10178	0
10179	0
10180	0
10181	0.00022073400353815901
10182	0
10183	0
10184	0
10185	0
10186	0.0001252636509126396
10187	0
10188	0
10189	0
10190	0.00019814044795787888
10191	7.164044267579316e-05
10192	0
10193	0
10194	0
10195	5.513609457668403e-05
10196	0.0008045402673770851
10197	0.0002309017528079208
10198	5.513609457668403e-05
10199	0
10200	8.818372528583937e-05
10201	0
10202	0.0001308129876247375
10203	0
10204	0
10205	0.00010905273760347
10206	0
10207	0
10208	0
10209	0
10210	0
10211	5.513609457668403e-05
10212	0
10213	0
10214	0
10215	0.0003102005209068181
10216	0.00025174968926984715
10217	9.419230643860216e-05
10218	0
10219	6.68089097760167e-05
10220	5.513609457668403e-05
10221	0.0001259915392355844
10222	0
10223	0
10224	0
10225	5.513609457668403e-05
10226	0
10227	6.183144518158429e-05
10228	5.513609457668403e-05
10229	0
10230	0
10231	0
10232	0
10233	0
10234	0
10235	0
10236	0
10237	0
10238	0
10239	0
10240	0.0003173034323075318
10241	0
10242	0
10243	0
10244	0
10245	0
10246	0
10247	0
10248	0
10249	0
10250	0
10251	0
10252	0.00016752073128710956
10253	7.032348788682947e-05
10254	0
10255	7.281921815055256e-05
10256	0.00044034006709802473
10257	0
10258	0
10259	0
10260	9.722317668616606e-05
10261	0
10262	0.00011769111379981108
10263	0
10264	5.513609457668403e-05
10265	0
10266	0.00010200354881098581
10267	0.00022965553934993453
10268	0
10269	0
10270	0
10271	0
10272	0
10273	0
10274	0
10275	0
10276	0
10277	8.9284011650595e-05
10278	7.306190717254737e-05
10279	0
10280	0
10281	0
10282	0
10283	0
10284	0
10285	0
10286	0
10287	0.00021237753520187384
10288	5.977586312268188e-05
10289	0
10290	0
10291	0
10292	0
10293	0
10294	0
10295	0
10296	0.00017685894243542243
10297	5.513609457668403e-05
10298	6.3295011230656e-05
10299	0
10300	6.251138896874569e-05
10301	0.00021167419433144446
10302	0
10303	0
10304	0.0002462957262755672
10305	0
10306	0
10307	7.856982169383492e-05
10308	0
10309	0
10310	0
10311	0
10312	7.559092411779842e-05
10313	0
10314	6.0854937094711396e-05
10315	0
10316	0
10317	0.0002939830935985582
10318	0
10319	0
10320	0
10321	7.138182347196472e-05
10322	0
10323	0
10324	0.0002950143171599408
10325	0
10326	5.513609457668403e-05
10327	0.00019894545551525143
10328	0
10329	0
10330	0.00016172490835352155
10331	0.00011151477266410645
10332	0
10333	0
10334	5.513609457668403e-05
10335	0
10336	0
10337	0
10338	0
10339	0
10340	0.00011731154985153566
10341	0
10342	0.0002601790688241637
10343	0.00041982530081186904
10344	9.712334668821924e-05
10345	0
10346	0
10347	0
10348	0
10349	0.00022499688435527037
10350	8.147402841873397e-05
10351	0
10352	0
10353	0
10354	0
10355	0
10356	0
10357	5.513609457668403e-05
10358	0
10359	0
10360	0
10361	0
10362	0
10363	0
10364	0
10365	5.513609457668403e-05
10366	0
10367	0
10368	0
10369	0.0003395756389039752
10370	0
10371	0
10372	0
10373	0
10374	0
10375	0
10376	0
10377	0
10378	0
10379	0
10380	0
10381	6.302989670191797e-05
10382	0
10383	0
10384	0
10385	0
10386	5.513609457668403e-05
10387	0.0001112021142681241
10388	0
10389	0
10390	5.513609457668403e-05
10391	0
10392	0
10393	0
10394	0
10395	0
10396	0
10397	0
10398	0
10399	0
10400	0
10401	0
10402	0
10403	0
10404	0.0005961517204972546
10405	0
10406	0
10407	0
10408	0
10409	0
10410	0
10411	0
10412	0
10413	0.00010786198059027353
10414	0
10415	0
10416	0
10417	0.00038566042339326475
10418	0.0001165401295969739
10419	0.0001788094050980416
10420	0
10421	0
10422	0
10423	0
10424	0
10425	0
10426	0
10427	0
10428	0
10429	0
10430	0.0006003279741303047
10431	0.00015246535168499253
10432	0
10433	0
10434	0
10435	0
10436	6.0546740025149916e-05
10437	0
10438	0
10439	0
10440	0.00010457355150422567
10441	7.783854533566058e-05
10442	0
10443	5.939677223434783e-05
10444	6.52256010383384e-05
10445	0
10446	0
10447	0
10448	0
10449	0
10450	0
10451	0
10452	5.513609457668403e-05
10453	0
10454	0
10455	0
10456	0
10457	6.852679578648453e-05
10458	0
10459	0
10460	0
10461	0
10462	0.00016749368225656315
10463	0
10464	0
10465	5.852704420585357e-05
10466	0
10467	0
10468	0
10469	5.513609457668403e-05
10470	6.194683179902005e-05
10471	0
10472	6.145914304044357e-05
10473	5.513609457668403e-05
10474	0.00014461893530601003
10475	7.428015809918174e-05
10476	0
10477	0
10478	0
10479	0
10480	6.443351134866293e-05
10481	0
10482	0
10483	0
10484	0
10485	0.00015963574090846477
10486	0
10487	0.00024941086186960204
10488	0
10489	0
10490	7.774031823142732e-05
10491	0
10492	0
10493	0
10494	0
10495	0
10496	0
10497	0
10498	6.466519763428607e-05
10499	0
10500	0
10501	0
10502	0
10503	0
10504	0
10505	0
10506	5.904171576287585e-05
10507	0
10508	5.513609457668403e-05
10509	5.833156547265858e-05
10510	0
10511	0
10512	0
10513	5.822776420162498e-05
10514	0
10515	0
10516	7.660878014258558e-05
10517	0
10518	0
10519	0
10520	0
10521	0
10522	0
10523	0
10524	0
10525	0.00015883032888997346
10526	0
10527	5.513609457668403e-05
10528	0
10529	0
10530	7.720390228223111e-05
10531	0
10532	0
10533	0
10534	7.723618983508068e-05
10535	7.803564968818561e-05
10536	0
10537	0
10538	0.0007455552503770013
10539	0
10540	0.0001081773572286471
10541	0
10542	0
10543	0
10544	0
10545	0
10546	0
10547	5.905313154188965e-05
10548	0
10549	0
10550	0
10551	0
10552	0
10553	0
10554	0.0002112982466961961
10555	0.00016401773867066765
10556	0
10557	0.0003183856009538512
10558	5.513609457668403e-05
10559	5.651454911298702e-05
10560	0
10561	0
10562	0.00024852267910966395
10563	0
10564	0.00012231123581808777
10565	0
10566	0.00012298812098053804
10567	5.513609457668403e-05
10568	0
10569	0
10570	0
10571	0
10572	0
10573	0
10574	0
10575	0
10576	0
10577	0
10578	0
10579	0
10580	5.513609457668403e-05
10581	0
10582	0.0003031946987119479
10583	0
10584	0
10585	0
10586	0
10587	0
10588	0.0003338944544548292
10589	0.00015646385910963014
10590	0
10591	0
10592	0
10593	0
10594	0
10595	0
10596	0
10597	0
10598	0
10599	0.0013051973763358096
10600	8.16513747271733e-05
10601	5.513609457668403e-05
10602	6.315822569955363e-05
10603	5.513609457668403e-05
10604	0
10605	0
10606	7.649596378589738e-05
10607	0
10608	0
10609	5.513609457668403e-05
10610	0
10611	0
10612	0
10613	0
10614	0
10615	0
10616	7.235418319981544e-05
10617	0
10618	0
10619	0
10620	0
10621	0
10622	0
10623	0
10624	0
10625	0.0001878601897622234
10626	0
10627	0
10628	0
10629	0.0001093769756033367
10630	0
10631	0
10632	0
10633	0
10634	0
10635	0
10636	0
10637	0
10638	0
10639	0
10640	0.00018580916681399913
10641	0
10642	0
10643	0
10644	6.167666670418932e-05
10645	0
10646	0
10647	0
10648	0.00010484843895633317
10649	0
10650	6.325952708209113e-05
10651	0
10652	0.00012688013157706514
10653	0
10654	0
10655	0
10656	0.00013108349989244717
10657	0
10658	0
10659	0.0003701574205138515
10660	5.513609457668403e-05
10661	0
10662	0
10663	0
10664	0
10665	8.814180666529539e-05
10666	0
10667	0
10668	0
10669	0
10670	0
10671	5.513609457668403e-05
10672	0
10673	6.57420601607544e-05
10674	0
10675	0
10676	5.5864857355063753e-05
10677	0
10678	0
10679	0
10680	0
10681	5.513609457668403e-05
10682	0
10683	0
10684	0
10685	0
10686	0
10687	0
10688	0
10689	0
10690	5.874128336393801e-05
10691	0
10692	0
10693	5.513609457668403e-05
10694	0
10695	8.219270899741292e-05
10696	0
10697	0
10698	0.0002020506839427739
10699	5.513609457668403e-05
10700	0
10701	0
10702	0
10703	0
10704	0
10705	0
10706	5.513609457668403e-05
10707	0.0005107173841283464
10708	0
10709	0
10710	5.513609457668403e-05
10711	0
10712	0
10713	0
10714	0.00010549387499055217
10715	0
10716	0
10717	0
10718	5.513609457668403e-05
10719	0
10720	0
10721	5.513609457668403e-05
10722	0.0002752386056534844
10723	0
10724	0.00021881614963797767
10725	9.688019761477419e-05
10726	0
10727	0
10728	0
10729	0
10730	0
10731	0
10732	0
10733	0
10734	0.00046912541566634816
10735	0
10736	0
10737	0
10738	0
10739	0
10740	0
10741	0
10742	0.00026140819244986694
10743	0
10744	0
10745	0.00021345438132695124
10746	0
10747	8.66584062394274e-05
10748	5.513609457668403e-05
10749	0
10750	0
10751	0.00012199288879934404
10752	0.00010665432934974097
10753	6.626861331514139e-05
10754	5.513609457668403e-05
10755	0
10756	0
10757	0
10758	0
10759	0.0004117464613225111
10760	0
10761	5.513609457668403e-05
10762	0
10763	0
10764	0.00010305446533539166
10765	0
10766	0
10767	0
10768	0.00015392359594706002
10769	0
10770	5.513609457668403e-05
10771	0
10772	0
10773	0
10774	0
10775	0
10776	5.513609457668403e-05
10777	0
10778	0
10779	0
10780	0
10781	0
10782	0
10783	0
10784	0
10785	0
10786	6.110293423880742e-05
10787	0
10788	0
10789	0
10790	0
10791	7.601705670407224e-05
10792	0
10793	0
10794	0
10795	0.00015882773318035646
10796	0
10797	0
10798	0
10799	0
10800	0
10801	0
10802	0
10803	0
10804	0
10805	7.395456715911228e-05
10806	0.00018725833753922342
10807	0.00048221174279453223
10808	0
10809	0
10810	5.8934139700969165e-05
10811	0
10812	0
10813	0
10814	5.513609457668403e-05
10815	0
10816	6.640405141004047e-05
10817	0
10818	9.917412741190898e-05
10819	0
10820	0
10821	0
10822	0
10823	0
10824	0
10825	0
10826	0
10827	0
10828	0
10829	0.00022701244730643128
10830	0
10831	6.133151023897558e-05
10832	0
10833	0
10834	0
10835	5.513609457668403e-05
10836	0
10837	0
10838	0
10839	0
10840	0
10841	6.37728240811333e-05
10842	0
10843	0
10844	0
10845	5.513609457668403e-05
10846	0
10847	0
10848	0.0002038328141383447
10849	0
10850	5.513609457668403e-05
10851	9.360560085139587e-05
10852	5.513609457668403e-05
10853	0
10854	0
10855	0.00010268520312510114
10856	0
10857	5.513609457668403e-05
10858	0
10859	0
10860	0
10861	8.187124345864074e-05
10862	0
10863	0
10864	8.853371979625666e-05
10865	0
10866	0
10867	0
10868	5.513609457668403e-05
10869	0.00018016436989252898
10870	0
10871	0.000185401597592436
10872	0
10873	0.00023903584841453252
10874	7.28592055877041e-05
10875	9.48355406706311e-05
10876	0
10877	5.513609457668403e-05
10878	9.396546371280619e-05
10879	0.00045364075079567677
10880	0
10881	0
10882	0
10883	0
10884	0
10885	0
10886	0
10887	0
10888	0
10889	6.52055196832416e-05
10890	0
10891	0
10892	0
10893	0
10894	0
10895	0
10896	5.513609457668403e-05
10897	0
10898	0
10899	0
10900	0
10901	0
10902	0
10903	0.00012543207827340574
10904	0
10905	0
10906	0.0001551392899006465
10907	0.0002752406373204239
10908	0.0002700149955101376
10909	0
10910	0
10911	0
10912	0
10913	0.000535688985646523
10914	0
10915	0.0002156095258619002
10916	0.00014133737087154198
10917	0
10918	0
10919	9.525286354262412e-05
10920	5.848376987913416e-05
10921	0
10922	6.149163945411314e-05
10923	9.025088120768633e-05
10924	7.907653905761265e-05
10925	0.0002316706629912611
10926	0
10927	8.34352169711673e-05
10928	0
10929	8.873434521311789e-05
10930	5.513609457668403e-05
10931	0
10932	0.00010200354881098581
10933	0
10934	0.000266612502718054
10935	0
10936	5.513609457668403e-05
10937	0.00010749152503222351
10938	5.5517130789971034e-05
10939	0
10940	6.711389276267697e-05
10941	0
10942	5.513609457668403e-05
10943	0
10944	0
10945	0
10946	0
10947	0
10948	6.375865948029768e-05
10949	9.700710354173346e-05
10950	0
10951	0
10952	0
10953	0
10954	0.00010765767817262083
10955	0
10956	0
10957	0.00014927357585493492
10958	0
10959	0
10960	0
10961	5.513609457668403e-05
10962	0
10963	0
10964	0
10965	0
10966	5.513609457668403e-05
10967	6.778452067307737e-05
10968	5.513609457668403e-05
10969	0
10970	0
10971	0
10972	0
10973	0
10974	0
10975	0
10976	0
10977	0
10978	0
10979	0
10980	0
10981	0
10982	0
10983	5.513609457668403e-05
10984	0
10985	0.00011408945724772311
10986	0
10987	0
10988	8.029514097713286e-05
10989	0
10990	9.153231527900222e-05
10991	0
10992	0
10993	0.000115898860598168
10994	0.00010166268018645054
10995	0
10996	0
10997	0
10998	0
10999	0
11000	0
11001	0
11002	0
11003	0
11004	0
11005	0
11006	0
11007	0
11008	0
11009	0.0005353850853173529
11010	0
11011	0
11012	0
11013	5.513609457668403e-05
11014	0
11015	0
11016	0
11017	0.0002562621963415215
11018	0.0001669265886316584
11019	8.977755172450853e-05
11020	0.0001903530506686717
11021	7.919719939241737e-05
11022	0
11023	0
11024	0.0001909367772393384
11025	0
11026	0
11027	0
11028	0.00017083592932927807
11029	0
11030	0
11031	0
11032	8.8933562588657e-05
11033	0
11034	0
11035	0
11036	5.729839641945418e-05
11037	5.760280269427886e-05
11038	0
11039	0
11040	0.0002378604369833526
11041	0.0002575860234689496
11042	6.441194489388959e-05
11043	0
11044	0
11045	0
11046	0
11047	0
11048	0
11049	8.692581048177201e-05
11050	0
11051	0
11052	0
11053	0
11054	0.00023905824649044614
11055	0
11056	8.519100254689864e-05
11057	7.834129161377089e-05
11058	0
11059	0.00036195001958581977
11060	5.513609457668403e-05
11061	6.381173643557976e-05
11062	9.407083138547302e-05
11063	0.00020219109770780862
11064	7.378982080544926e-05
11065	0
11066	0
11067	0
11068	0
11069	0.00011533711555101599
11070	0
11071	0
11072	0
11073	5.598823010821679e-05
11074	0
11075	0
11076	0.00012450196742899787
11077	0
11078	0
11079	0
11080	0
11081	0.00011560042106384101
11082	0
11083	0.0001692511856475394
11084	0.0001196538429330729
11085	0
11086	0
11087	0
11088	0
11089	0
11090	0.00012322474947374358
11091	0
11092	0
11093	7.739585873818106e-05
11094	0
11095	0
11096	0
11097	0
11098	7.625849910796856e-05
11099	0
11100	0
11101	6.294115780784674e-05
11102	0
11103	5.513609457668403e-05
11104	0.0002715406310948594
11105	0
11106	0
11107	5.513609457668403e-05
11108	0
11109	0
11110	0.0001309021295853268
11111	7.428015809918174e-05
11112	0
11113	6.9098337385731e-05
11114	0.00014901766905290811
11115	0
11116	0
11117	0
11118	0
11119	0
11120	0
11121	0.0003182687836537931
11122	0
11123	0
11124	0
11125	5.513609457668403e-05
11126	0
11127	0.0001371533690065753
11128	0.00045590426919039895
11129	0
11130	0
11131	0.00032846341618800136
11132	8.929253863545336e-05
11133	0
11134	5.513609457668403e-05
11135	0
11136	5.513609457668403e-05
11137	0
11138	0
11139	0
11140	0
11141	0.000625028146401911
11142	0
11143	0.00014324146660119695
11144	0
11145	0
11146	0
11147	0
11148	0
11149	5.593045820777389e-05
11150	0
11151	0
11152	0
11153	0
11154	0.0001331171975882627
11155	5.513609457668403e-05
11156	0
11157	0
11158	0
11159	0
11160	0
11161	0
11162	0
11163	0
11164	6.030736584658607e-05
11165	0
11166	0
11167	0.0002345574443650691
11168	0
11169	0
11170	0
11171	5.513609457668403e-05
11172	0
11173	5.693868897031102e-05
11174	0.0005525566750050379
11175	0
11176	0
11177	0
11178	0
11179	0
11180	0.00034508888966783556
11181	6.644624140096535e-05
11182	5.513609457668403e-05
11183	0
11184	0
11185	0
11186	0
11187	0
11188	5.513609457668403e-05
11189	9.445174780299602e-05
11190	6.0098601908755774e-05
11191	0
11192	0
11193	0
11194	0.00013350924405432696
11195	0
11196	0
11197	0
11198	0
11199	0
11200	0
11201	0
11202	0
11203	0
11204	0
11205	0
11206	0
11207	0
11208	5.513609457668403e-05
11209	0
11210	0
11211	0
11212	0
11213	0.0005607775224838426
11214	0
11215	0.00014187844293561084
11216	0
11217	7.381925343732787e-05
11218	0
11219	9.365391055058195e-05
11220	0
11221	0
11222	0
11223	0
11224	0.00019000857721715328
11225	0
11226	5.513609457668403e-05
11227	5.513609457668403e-05
11228	5.513609457668403e-05
11229	0
11230	0
11231	0
11232	0
11233	5.513609457668403e-05
11234	0.00023408262001830735
11235	0.000522185886355758
11236	6.302989670191797e-05
11237	0
11238	5.513609457668403e-05
11239	6.292947937054411e-05
11240	0
11241	0
11242	0
11243	0
11244	0
11245	0.00012404760712707194
11246	0.0003152782580680754
11247	0
11248	0
11249	0.0002510007058356001
11250	0
11251	0.0001404381890796238
11252	0
11253	0
11254	0
11255	0
11256	0
11257	5.513609457668403e-05
11258	0.00011573945815179502
11259	9.32782470776812e-05
11260	0.00013366329976785324
11261	5.513609457668403e-05
11262	0
11263	7.929858447221463e-05
11264	0
11265	0
11266	0
11267	0
11268	0
11269	0
11270	0.0001439832081223022
11271	5.513609457668403e-05
11272	0
11273	0.00040177472324309647
11274	0
11275	0
11276	0
11277	6.034358949160644e-05
11278	0
11279	0.0001865018828853737
11280	0
11281	0
11282	5.513609457668403e-05
11283	0
11284	9.697196694122092e-05
11285	0
11286	0
11287	0
11288	0
11289	0
11290	0
11291	0
11292	0
11293	5.513609457668403e-05
11294	0
11295	0
11296	0
11297	0
11298	5.513609457668403e-05
11299	0
11300	5.513609457668403e-05
11301	8.292172071441087e-05
11302	0
11303	0.0002378402138271773
11304	0
11305	9.978197664254568e-05
11306	0
11307	0
11308	0.00022871872950482687
11309	0
11310	0
11311	0
11312	0
11313	5.513609457668403e-05
11314	0
11315	0
11316	0
11317	0
11318	0
11319	0
11320	0.00017137199555659782
11321	7.114835771387194e-05
11322	0
11323	0
11324	7.467486099747686e-05
11325	5.837623239718265e-05
11326	0
11327	0
11328	0
11329	5.513609457668403e-05
11330	0
11331	0
11332	0
11333	5.513609457668403e-05
11334	0
11335	0
11336	0
11337	0
11338	5.513609457668403e-05
11339	0
11340	0.00017319873683704698
11341	0
11342	0.0021048994678201593
11343	0
11344	0
11345	0
11346	5.513609457668403e-05
11347	0
11348	0
11349	0
11350	0.00013072501321800443
11351	0
11352	0
11353	0
11354	0
11355	0
11356	0.0003306935368500579
11357	0
11358	0
11359	5.513609457668403e-05
11360	0
11361	0
11362	0
11363	0
11364	0
11365	0
11366	0.0001239170478010246
11367	0
11368	0
11369	0.00012137333399447534
11370	5.513609457668403e-05
11371	0
11372	5.513609457668403e-05
11373	0
11374	0
11375	0
11376	0
11377	0
11378	0
11379	0
11380	0
11381	0
11382	0
11383	0
11384	0
11385	0
11386	0
11387	0
11388	5.513609457668403e-05
11389	0
11390	0
11391	0
11392	0.00013931896037709971
11393	0
11394	0
11395	0
11396	0.00011949872153533923
11397	0
11398	0
11399	0
11400	0
11401	0
11402	0
11403	0
11404	0.0004372905479995647
11405	0
11406	0
11407	0
11408	0.00015791458047349823
11409	0
11410	0
11411	5.513609457668403e-05
11412	0
11413	5.513609457668403e-05
11414	0
11415	0
11416	0
11417	0
11418	0
11419	0
11420	5.513609457668403e-05
11421	0
11422	0
11423	0
11424	0
11425	0.0006360345245122532
11426	0
11427	0
11428	0
11429	0
11430	0
11431	0
11432	0
11433	0
11434	0
11435	0
11436	0
11437	5.513609457668403e-05
11438	0
11439	0.00021853406882682555
11440	0
11441	5.513609457668403e-05
11442	0
11443	0.00010605111030829312
11444	0
11445	0
11446	0.00013019183406805422
11447	0
11448	0.0001678369321520379
11449	0
11450	0
11451	6.440525503506761e-05
11452	0
11453	6.0763090155969584e-05
11454	0
11455	0
11456	0
11457	0
11458	0
11459	5.660070252150596e-05
11460	0.00012823649899935247
11461	0
11462	0
11463	0.00024342450161312168
11464	0
11465	0
11466	0
11467	0
11468	0
11469	0
11470	0
11471	0
11472	5.513609457668403e-05
11473	0
11474	0
11475	0
11476	0.0002411750311591354
11477	0
11478	0
11479	0
11480	0
11481	0
11482	5.513609457668403e-05
11483	0
11484	7.856982169383492e-05
11485	0.0002873868331695779
11486	0
11487	0
11488	0
11489	5.513609457668403e-05
11490	0
11491	0.00013851065064702687
11492	0
11493	0
11494	9.363938513059467e-05
11495	0
11496	0
11497	0
11498	0
11499	0
11500	7.974783284750717e-05
11501	0
11502	0
11503	0
11504	0
11505	0
11506	0
11507	6.806960634586852e-05
11508	0
11509	0
11510	0
11511	0
11512	0
11513	0
11514	0
11515	0
11516	0
11517	0
11518	0
11519	0
11520	0
11521	0
11522	0
11523	9.12235972373878e-05
11524	0
11525	0.00022429005983533795
11526	0
11527	0.000294596662387569
11528	0
11529	8.093302477721357e-05
11530	0
11531	8.226402900512835e-05
11532	0
11533	5.513609457668403e-05
11534	5.513609457668403e-05
11535	0
11536	0
11537	6.964792702451013e-05
11538	0
11539	0
11540	0.00032648742489205663
11541	0.00010932344455981893
11542	0
11543	0
11544	0.00012195765793869548
11545	6.656627236237061e-05
11546	0
11547	0
11548	0
11549	0
11550	0
11551	0.00023870131035437432
11552	0
11553	0
11554	0
11555	0
11556	0.0002000552451326342
11557	6.052450893589792e-05
11558	0.0006221909131093031
11559	0
11560	0.00030329844912971266
11561	0
11562	0
11563	0
11564	0
11565	0
11566	0
11567	0
11568	0.00016424818816947835
11569	0
11570	5.513609457668403e-05
11571	0
11572	0
11573	0
11574	0.00019386964100563832
11575	0
11576	5.513609457668403e-05
11577	0
11578	0
11579	0
11580	0.00015959536108926147
11581	9.677733041992497e-05
11582	0
11583	0.0001304094005649647
11584	5.513609457668403e-05
11585	0.0002614404683884582
11586	0
11587	0
11588	0
11589	0
11590	0
11591	0
11592	0
11593	0
11594	0.000105214246015789
11595	0
11596	0.00011762603355575305
11597	0.0001210442634318583
11598	0.0001579111941068048
11599	0
11600	0
11601	0
11602	0.000611698609383398
11603	0
11604	8.822966730841279e-05
11605	0
11606	0
11607	0
11608	0
11609	0
11610	0
11611	5.513609457668403e-05
11612	0
11613	0
11614	0
11615	5.513609457668403e-05
11616	0
11617	0
11618	6.638884677743451e-05
11619	9.313485026225476e-05
11620	7.095576161627684e-05
11621	0.0019373948662330682
11622	0.0002399778560603232
11623	0
11624	0
11625	0
11626	0
11627	0.00012543727592813667
11628	0
11629	0
11630	5.513609457668403e-05
11631	5.513609457668403e-05
11632	0.00010267844661003564
11633	0
11634	5.513609457668403e-05
11635	0
11636	0
11637	0
11638	9.31574112427156e-05
11639	0
11640	0.00014664988096996722
11641	0
11642	0
11643	7.353642741750328e-05
11644	7.072739936119974e-05
11645	0
11646	0
11647	0
11648	0
11649	0
11650	5.513609457668403e-05
11651	0.00011721766441713779
11652	0.00011324872470224953
11653	0
11654	9.282569308104318e-05
11655	0
11656	5.513609457668403e-05
11657	0.00015845886435089735
11658	0
11659	0
11660	0
11661	0
11662	0
11663	0.00014652071137997077
11664	0
11665	8.709041326825434e-05
11666	5.513609457668403e-05
11667	0
11668	8.904995310765666e-05
11669	0
11670	0.00011139104544066728
11671	0
11672	6.715729225366403e-05
11673	0
11674	0
11675	0.00025637559596038107
11676	0
11677	0
11678	0
11679	5.513609457668403e-05
11680	0
11681	0
11682	0
11683	0
11684	0.00022408762869197365
11685	0
11686	5.513609457668403e-05
11687	8.131952768888098e-05
11688	6.299230915550111e-05
11689	0.0001639196938667944
11690	8.859162656998072e-05
11691	0
11692	5.939677223434783e-05
11693	0
11694	0
11695	0
11696	0
11697	5.513609457668403e-05
11698	5.513609457668403e-05
11699	0
11700	0
11701	0
11702	0
11703	0
11704	9.208912687531996e-05
11705	0
11706	0
11707	0
11708	5.513609457668403e-05
11709	0
11710	0
11711	0
11712	0
11713	0.0001358409386006245
11714	0
11715	0
11716	0
11717	0.00040313898624975286
11718	0
11719	0
11720	6.995859840590768e-05
11721	0.00024102430356038107
11722	0
11723	0
11724	0
11725	6.284017051408068e-05
11726	0
11727	0
11728	0
11729	0
11730	0
11731	0
11732	0
11733	5.513609457668403e-05
11734	9.85296584162334e-05
11735	0
11736	0
11737	0
11738	0
11739	0
11740	5.977586312268188e-05
11741	0
11742	0
11743	0
11744	0
11745	0
11746	0
11747	0.00010230759287976356
11748	0
11749	0
11750	5.513609457668403e-05
11751	0.0001963909021238766
11752	5.513609457668403e-05
11753	5.513609457668403e-05
11754	0
11755	5.513609457668403e-05
11756	0
11757	0.00011879648749655566
11758	0.0002903543457597332
11759	0
11760	5.90575124541222e-05
11761	0
11762	6.998629959161857e-05
11763	0
11764	0
11765	0
11766	0
11767	0
11768	5.513609457668403e-05
11769	0
11770	0
11771	0.00010772064297348387
11772	0
11773	0
11774	5.513609457668403e-05
11775	0.00012240944783467047
11776	0
11777	0.0001702766496983112
11778	0
11779	0
11780	0
11781	0
11782	0
11783	0
11784	0.00011228422206454341
11785	0
11786	0
11787	0
11788	0
11789	5.513609457668403e-05
11790	0
11791	6.62182240953788e-05
11792	0.0017103309171553648
11793	0
11794	0
11795	0
11796	0
11797	0
11798	0
11799	0
11800	0
11801	0
11802	0
11803	5.513609457668403e-05
11804	5.513609457668403e-05
11805	0
11806	0.00015411988771522675
11807	0
11808	0
11809	5.513609457668403e-05
11810	0
11811	7.644957913019582e-05
11812	0
11813	0
11814	5.513609457668403e-05
11815	0.00020005793580705583
11816	0
11817	0
11818	0
11819	0.00012090711841862157
11820	0.00017070883427408535
11821	0
11822	0
11823	0
11824	0
11825	0
11826	0
11827	0
11828	5.85342056652351e-05
11829	0
11830	5.513609457668403e-05
11831	0
11832	0
11833	0
11834	6.57370663677761e-05
11835	0
11836	0
11837	6.488776958850365e-05
11838	0
11839	6.721454246929164e-05
11840	0
11841	0
11842	5.513609457668403e-05
11843	5.513609457668403e-05
11844	0
11845	0
11846	5.513609457668403e-05
11847	0
11848	0
11849	0
11850	5.513609457668403e-05
11851	0
11852	0
11853	0
11854	0
11855	0
11856	0
11857	0
11858	0
11859	6.22242552700332e-05
11860	0
11861	0
11862	0
11863	0
11864	0
11865	5.513609457668403e-05
11866	0
11867	0
11868	5.513609457668403e-05
11869	0
11870	0
11871	0
11872	0
11873	0
11874	0
11875	0
11876	0
11877	0
11878	6.438287475248289e-05
11879	0
11880	6.503338868739967e-05
11881	0
11882	0
11883	0
11884	0
11885	0.0001444391892854548
11886	5.513609457668403e-05
11887	0
11888	9.663083806033497e-05
11889	0
11890	0
11891	0
11892	0
11893	0
11894	7.325796246897094e-05
11895	7.124293642856862e-05
11896	0
11897	0.00020612417162812279
11898	0
11899	0
11900	7.263855112785023e-05
11901	0
11902	0
11903	0
11904	0
11905	0
11906	0
11907	0.000355899705090209
11908	5.513609457668403e-05
11909	0
11910	0.0001609602457940804
11911	5.513609457668403e-05
11912	7.328993649345799e-05
11913	0
11914	7.617783417175448e-05
11915	0
11916	5.977586312268188e-05
11917	0
11918	0
11919	0
11920	9.6185209929739e-05
11921	0
11922	0
11923	0
11924	0
11925	0
11926	5.513609457668403e-05
11927	0
11928	0
11929	0
11930	0
11931	0
11932	0
11933	0.000309105645446047
11934	0
11935	0
11936	0
11937	0
11938	0
11939	5.513609457668403e-05
11940	0
11941	0
11942	7.065731681965662e-05
11943	0
11944	0
11945	0
11946	0
11947	0
11948	0.00023039163601096501
11949	0
11950	0
11951	6.355283997260962e-05
11952	0
11953	0
11954	0
11955	0
11956	0.00029320263886109917
11957	0
11958	0
11959	0
11960	0
11961	5.513609457668403e-05
11962	0.00040035412970242643
11963	0.0008268743284817265
11964	8.176354661929648e-05
11965	0
11966	0
11967	0.00021983557248630618
11968	0
11969	0
11970	0
11971	0
11972	5.513609457668403e-05
11973	0
11974	0
11975	0
11976	0
11977	6.982104878735107e-05
11978	0
11979	0
11980	0
11981	0.00023831938547420108
11982	5.513609457668403e-05
11983	0
11984	0
11985	0
11986	6.18767487853552e-05
11987	0
11988	0
11989	5.9160067920033167e-05
11990	0
11991	5.513609457668403e-05
11992	0
11993	0
11994	0
11995	0
11996	0
11997	0
11998	6.685295813525948e-05
11999	0
12000	0
12001	0
12002	0
12003	0
12004	0
12005	0
12006	0
12007	0
12008	0
12009	0
12010	0
12011	0
12012	0
12013	6.581910786098416e-05
12014	0
12015	0
12016	0
12017	0
12018	0
12019	0
12020	7.720935592375496e-05
12021	5.8569422977499097e-05
12022	0
12023	0
12024	5.513609457668403e-05
12025	0
12026	0.00010985531393283091
12027	0
12028	0.00021150389454077453
12029	0
12030	0.00011851883187455751
12031	0
12032	0
12033	0
12034	0.0001420850050246218
12035	0
12036	0
12037	0
12038	6.933222881758392e-05
12039	0
12040	0
12041	0
12042	0
12043	0
12044	5.513609457668403e-05
12045	0
12046	5.513609457668403e-05
12047	5.513609457668403e-05
12048	0
12049	5.513609457668403e-05
12050	0
12051	9.911398581920493e-05
12052	0
12053	0
12054	0
12055	0
12056	0
12057	0
12058	0
12059	0
12060	5.513609457668403e-05
12061	9.04034773518816e-05
12062	5.513609457668403e-05
12063	5.513609457668403e-05
12064	0
12065	0
12066	0
12067	0
12068	0
12069	0
12070	0.00022365077226110211
12071	0
12072	0.00019743285815259723
12073	0.00014682759071016615
12074	0
12075	0
12076	6.527558397449417e-05
12077	0
12078	0
12079	0
12080	0
12081	0
12082	0.00011794317764552933
12083	0
12084	0
12085	0.00020518946502197778
12086	0
12087	0
12088	7.04462381737913e-05
12089	0
12090	0
12091	5.513609457668403e-05
12092	0
12093	0
12094	0
12095	0
12096	0
12097	0
12098	7.295597103737048e-05
12099	0
12100	0
12101	8.789335649517173e-05
12102	0
12103	5.513609457668403e-05
12104	0
12105	0
12106	0
12107	0
12108	0
12109	0
12110	0
12111	0
12112	0
12113	0
12114	7.639429367056889e-05
12115	0
12116	5.675221368821167e-05
12117	0
12118	0
12119	0.0001860054229498297
12120	0
12121	0
12122	8.28764087344004e-05
12123	0
12124	0
12125	0
12126	0
12127	0
12128	0
12129	0.00010193012940027364
12130	0
12131	5.7098029099883515e-05
12132	0
12133	0
12134	0
12135	0
12136	0
12137	0
12138	0.0003397894044454367
12139	0.00022207404177890223
12140	0
12141	0
12142	5.513609457668403e-05
12143	0
12144	0.0003041926165315313
12145	0
12146	0
12147	0
12148	0.00012645160342245913
12149	0
12150	0.00018693334361533548
12151	0.0001385704610513865
12152	0
12153	0.0003093932218240532
12154	0.00011303761146288434
12155	0
12156	0
12157	0
12158	0
12159	0
12160	7.202420062806376e-05
12161	5.513609457668403e-05
12162	0
12163	5.513609457668403e-05
12164	0
12165	0
12166	0
12167	0
12168	0.00013790803408247665
12169	5.513609457668403e-05
12170	0
12171	0
12172	0.00016017638468314956
12173	0
12174	0
12175	5.513609457668403e-05
12176	0
12177	0
12178	0
12179	0
12180	0
12181	0
12182	0
12183	0
12184	0
12185	5.513609457668403e-05
12186	0
12187	0
12188	0
12189	0
12190	0.00027363143673294363
12191	0.00010512804575993925
12192	0
12193	0
12194	0
12195	5.513609457668403e-05
12196	0
12197	0
12198	0
12199	0.00019113394933373393
12200	0
12201	0
12202	0
12203	0
12204	0
12205	0
12206	0
12207	0
12208	0
12209	0
12210	0.00037085414535087516
12211	0
12212	0
12213	0
12214	0
12215	0.00015008716935562935
12216	0
12217	0
12218	0
12219	0.0001141728686194066
12220	0
12221	8.36785730713631e-05
12222	0
12223	0
12224	0.0003048332906643354
12225	0
12226	0
12227	0
12228	0
12229	5.513609457668403e-05
12230	0
12231	0
12232	0
12233	0
12234	0.00014616448483376987
12235	9.36363987288464e-05
12236	0.00018179469084914052
12237	6.491093018872861e-05
12238	0
12239	0
12240	0
12241	0
12242	0
12243	0
12244	0.0002925207639820119
12245	0
12246	5.513609457668403e-05
12247	0
12248	0
12249	0.0017984895601344717
12250	5.513609457668403e-05
12251	0
12252	0
12253	0
12254	0.00012513113021137644
12255	0.00010807268574069222
12256	0
12257	0
12258	0.0005311690854957784
12259	0
12260	0
12261	8.590707244694723e-05
12262	0.00036774001276534165
12263	5.513609457668403e-05
12264	0
12265	6.914694600449837e-05
12266	0.00024580269935403474
12267	0
12268	0
12269	0.00038492480145071
12270	0
12271	0.00011032539045554665
12272	0
12273	0
12274	0
12275	0
12276	0
12277	5.84746354186981e-05
12278	9.857471548089164e-05
12279	0
12280	5.513609457668403e-05
12281	0
12282	0
12283	0
12284	0
12285	0
12286	5.513609457668403e-05
12287	0
12288	6.667972163685413e-05
12289	0
12290	0
12291	0
12292	0
12293	5.513609457668403e-05
12294	0
12295	0
12296	7.856982169383492e-05
12297	0
12298	0
12299	0
12300	0
12301	9.618100763782259e-05
12302	0
12303	0
12304	0
12305	0
12306	0
12307	0
12308	0
12309	0
12310	0
12311	0
12312	0
12313	0
12314	0
12315	9.072717150926729e-05
12316	0
12317	0
12318	0
12319	0
12320	0
12321	0
12322	9.397729962406566e-05
12323	0
12324	0
12325	0
12326	0
12327	0.00020550367855193914
12328	0
12329	0
12330	8.783100935274969e-05
12331	7.566420470995856e-05
12332	0.00015051054170664237
12333	0
12334	0
12335	0
12336	0.00011543143538208757
12337	0
12338	5.675221368821167e-05
12339	0
12340	5.513609457668403e-05
12341	0
12342	0
12343	0
12344	0
12345	6.120799148153283e-05
12346	0
12347	0
12348	0
12349	6.347683500197297e-05
12350	0
12351	0
12352	0
12353	0
12354	0
12355	0
12356	0.00025705534287902163
12357	0
12358	0
12359	0
12360	0
12361	0
12362	6.298550681190635e-05
12363	0
12364	0
12365	0
12366	0
12367	5.513609457668403e-05
12368	0
12369	0
12370	5.513609457668403e-05
12371	0
12372	0
12373	0
12374	0
12375	9.113844411274321e-05
12376	0
12377	0.0003746022154117388
12378	0
12379	0
12380	0
12381	0
12382	0
12383	0
12384	0
12385	0
12386	8.793650181691698e-05
12387	8.177567164521199e-05
12388	0
12389	0
12390	0
12391	0
12392	0
12393	0
12394	0
12395	0
12396	5.513609457668403e-05
12397	0
12398	0
12399	0
12400	0
12401	0
12402	5.513609457668403e-05
12403	0
12404	0
12405	0
12406	0
12407	0
12408	0
12409	5.513609457668403e-05
12410	0
12411	0
12412	0.00021788328342888303
12413	0
12414	0
12415	0.00211518149509038
12416	0
12417	0
12418	0
12419	0
12420	0
12421	0
12422	0
12423	0
12424	0
12425	0
12426	0
12427	0
12428	0
12429	6.584465598224735e-05
12430	0
12431	0.0002835368465682282
12432	8.939743534107085e-05
12433	0
12434	5.513609457668403e-05
12435	0
12436	0.0001896642975280683
12437	0
12438	5.513609457668403e-05
12439	5.513609457668403e-05
12440	0
12441	0
12442	0
12443	0
12444	0
12445	0
12446	0
12447	0
12448	0
12449	0
12450	0.0001359768426072577
12451	0
12452	6.183144518158429e-05
12453	0
12454	0
12455	0
12456	0
12457	0
12458	8.088940482445134e-05
12459	0
12460	0
12461	0
12462	0
12463	5.513609457668403e-05
12464	0
12465	0.0001296311921690883
12466	0
12467	0
12468	0
12469	0
12470	0
12471	0
12472	0
12473	0
12474	0.00011990080543123865
12475	0
12476	0
12477	5.513609457668403e-05
12478	0.0002216212485311008
12479	0
12480	0
12481	5.513609457668403e-05
12482	0
12483	0
12484	0
12485	0
12486	0.00013041659435302224
12487	0
12488	0
12489	0.0002459995984251114
12490	0
12491	0
12492	0.0005077112851140171
12493	0
12494	0
12495	0
12496	0
12497	5.513609457668403e-05
12498	0
12499	0
12500	0
12501	0
12502	0.0002725127795513708
12503	5.513609457668403e-05
12504	0.00021730831788631115
12505	0
12506	0
12507	0.0002506946984998735
12508	0
12509	0
12510	0
12511	0
12512	0
12513	0
12514	0
12515	0
12516	0.0002798135724018079
12517	0
12518	0.0005906384466897884
12519	0
12520	0
12521	5.513609457668403e-05
12522	0
12523	0
12524	0.00029082523417646217
12525	0
12526	0
12527	9.738842446424401e-05
12528	0
12529	0
12530	7.49078775609672e-05
12531	0
12532	0
12533	8.794331254069528e-05
12534	5.513609457668403e-05
12535	0.0001561464679653421
12536	0.0003631193594723465
12537	0
12538	0
12539	0.00020679848612653855
12540	0
12541	0
12542	0
12543	0
12544	0
12545	0
12546	8.49660368778954e-05
12547	0
12548	0
12549	0
12550	0
12551	0
12552	0.0001665372079836264
12553	0.0004444175991377565
12554	0
12555	0
12556	0
12557	0
12558	0
12559	0
12560	5.6556320462571964e-05
12561	0
12562	0
12563	0
12564	0
12565	0
12566	0
12567	0
12568	0
12569	0.0001653772805197895
12570	0
12571	0
12572	0.00043155486750023057
12573	6.943550154139228e-05
12574	0
12575	0.0001068787511378892
12576	0
12577	0
12578	0
12579	0
12580	0
12581	0
12582	0
12583	0
12584	5.513609457668403e-05
12585	0
12586	0
12587	0
12588	9.977315003373901e-05
12589	0.00025384210776012027
12590	0.00015054382919773212
12591	0
12592	0.0004097243790140653
12593	0.0002114493861921906
12594	0
12595	0.00010540544848111182
12596	0
12597	0
12598	0
12599	5.999417319390709e-05
12600	7.477773892520498e-05
12601	0
12602	0.0001091953424929402
12603	0
12604	0
12605	0
12606	5.513609457668403e-05
12607	5.513609457668403e-05
12608	0
12609	0
12610	0
12611	0
12612	0.000374431561916778
12613	0
12614	0.0002468895161461122
12615	0
12616	0
12617	0.00011915287819930465
12618	0
12619	0
12620	0
12621	0
12622	0
12623	0
12624	0
12625	0
12626	5.513609457668403e-05
12627	0
12628	0.0003789220361519145
12629	0
12630	0
12631	0
12632	0
12633	0
12634	0
12635	0
12636	6.616015675190405e-05
12637	0
12638	0.00013914612126387498
12639	0
12640	0
12641	0
12642	0.0001268642680367103
12643	0.00016315293317841997
12644	0.0001319369516281397
12645	0
12646	0
12647	0.00041241902778122504
12648	9.319796205132125e-05
12649	6.802046971856837e-05
12650	0.0001434508934626079
12651	0.00012911687494179426
12652	0
12653	0.00031555316918508103
12654	0
12655	0
12656	0.0001344330149692905
12657	0
12658	0
12659	0
12660	0
12661	0
12662	0
12663	0
12664	0.00013415134002943885
12665	0
12666	0
12667	0
12668	0
12669	5.513609457668403e-05
12670	0
12671	0
12672	0
12673	0
12674	9.996475843028312e-05
12675	0
12676	0.00011565843561644093
12677	0
12678	0
12679	0
12680	0
12681	0
12682	0
12683	5.513609457668403e-05
12684	5.513609457668403e-05
12685	0
12686	0
12687	0
12688	0
12689	0
12690	0
12691	0
12692	6.276522027614831e-05
12693	0
12694	0
12695	0
12696	0
12697	0
12698	0
12699	0
12700	0.00021632124249637463
12701	0.00019790528926112133
12702	0
12703	0
12704	0
12705	0
12706	0
12707	0
12708	0
12709	0
12710	0
12711	0.00019452449045367145
12712	0.00021650423546050866
12713	0
12714	0
12715	0
12716	8.088112729849294e-05
12717	0
12718	0
12719	0
12720	0
12721	0
12722	0.00015287939604825016
12723	0
12724	7.255785532477753e-05
12725	0
12726	0.00011481231510658842
12727	7.075857932145129e-05
12728	0.0001138589332346946
12729	0
12730	0
12731	6.532382389301281e-05
12732	0.00019097521944713036
12733	0
12734	0
12735	0
12736	0
12737	0
12738	0
12739	0
12740	0
12741	0
12742	0
12743	0.00032993326805427927
12744	0.00020085550487294654
12745	0
12746	0
12747	0
12748	0
12749	0
12750	0
12751	6.450958542354439e-05
12752	0
12753	5.513609457668403e-05
12754	0
12755	0
12756	0
12757	6.685295813525948e-05
12758	0
12759	0
12760	0
12761	0
12762	0
12763	0
12764	0
12765	0
12766	0
12767	0
12768	0
12769	0
12770	0
12771	0
12772	6.840569204576616e-05
12773	0
12774	7.075857932145129e-05
12775	0
12776	0
12777	0.00020252166986635005
12778	0
12779	0
12780	0
12781	0
12782	0.00015984194904165072
12783	0
12784	0
12785	5.513609457668403e-05
12786	5.939677223434783e-05
12787	0
12788	0
12789	0
12790	0.00017243197033405265
12791	0
12792	0
12793	0
12794	0
12795	0
12796	0
12797	0
12798	0
12799	7.091427400415901e-05
12800	0
12801	0.0001512281778363898
12802	0
12803	0
12804	0
12805	5.513609457668403e-05
12806	0
12807	0
12808	0
12809	5.615495227742973e-05
12810	0
12811	0
12812	0
12813	0.00033628110096331563
12814	0.0003466999757302518
12815	0
12816	0
12817	0
12818	0
12819	0.00015145775518316632
12820	0
12821	0
12822	0
12823	0
12824	0
12825	0
12826	0
12827	9.19308574421761e-05
12828	0
12829	0
12830	0
12831	0
12832	0
12833	0.0001568920971636363
12834	0
12835	9.491964323518718e-05
12836	8.931929037203e-05
12837	0
12838	0
12839	5.513609457668403e-05
12840	0.00015288675134941855
12841	0
12842	0
12843	0
12844	0
12845	0
12846	0
12847	0
12848	5.513609457668403e-05
12849	0.00011345342914603843
12850	0.00016293843763657515
12851	0
12852	0
12853	0
12854	0
12855	0
12856	0
12857	0
12858	0
12859	0.00020652471557293668
12860	0
12861	0
12862	0
12863	0
12864	0
12865	0
12866	0
12867	0
12868	0
12869	0
12870	0
12871	0
12872	0
12873	0
12874	0
12875	0.00013270731029372423
12876	0
12877	0.0003487987869623405
12878	0
12879	0
12880	0.00021578188236869708
12881	0
12882	0
12883	0.00040842096356921167
12884	0.00020959028055440285
12885	0
12886	5.513609457668403e-05
12887	5.513609457668403e-05
12888	0
12889	0
12890	7.919754887874563e-05
12891	0
12892	0
12893	0
12894	0
12895	0
12896	5.513609457668403e-05
12897	0
12898	0.00016804880918509443
12899	0
12900	0
12901	0
12902	0.0002702990460910506
12903	8.34895288022494e-05
12904	0
12905	0
12906	0
12907	0
12908	0.0018784307759680955
12909	0
12910	0
12911	0
12912	0.00011384682937028132
12913	0
12914	0
12915	0
12916	0
12917	0
12918	0
12919	0
12920	0
12921	0
12922	5.513609457668403e-05
12923	0
12924	0
12925	0
12926	0.0015265798847700826
12927	0
12928	0.00011979292479183154
12929	0
12930	0
12931	0
12932	0
12933	0
12934	0
12935	6.948746990385271e-05
12936	0
12937	5.513609457668403e-05
12938	0
12939	0
12940	0.0001165924397192404
12941	0
12942	8.511107993588245e-05
12943	5.513609457668403e-05
12944	0
12945	0
12946	0.0002934649449777138
12947	0
12948	0
12949	0
12950	5.943222868887397e-05
12951	0
12952	8.079514936007478e-05
12953	8.401758823928194e-05
12954	0
12955	0
12956	5.8107762870525625e-05
12957	0
12958	0
12959	0.00017194344171514412
12960	0.000104256383655473
12961	0.0012312692355834825
12962	0
12963	0
12964	0
12965	0
12966	0
12967	5.513609457668403e-05
12968	0.0001768338616453826
12969	0
12970	0.0008628360912439908
12971	8.93076737944419e-05
12972	0
12973	0
12974	0
12975	0
12976	0
12977	0
12978	0
12979	0.00027605477916031734
12980	0
12981	0.0005512588005795897
12982	0
12983	0
12984	0.00010618125989511338
12985	0.00035695489307544567
12986	0
12987	0
12988	0
12989	0
12990	0
12991	0
12992	0
12993	7.863480898046116e-05
12994	5.513609457668403e-05
12995	7.856982169383492e-05
12996	0
12997	0
12998	5.513609457668403e-05
12999	0
13000	0
13001	0
13002	0.00013188028448285586
13003	0
13004	5.8107762870525625e-05
13005	0
13006	0
13007	8.123732299624269e-05
13008	0
13009	0
13010	5.513609457668403e-05
13011	0
13012	8.766141841711847e-05
13013	0
13014	0
13015	0
13016	0
13017	0
13018	0
13019	0
13020	0
13021	0.000190761732735074
13022	5.615495227742973e-05
13023	0
13024	0
13025	0
13026	5.513609457668403e-05
13027	0.0002030463110960008
13028	0
13029	0
13030	0
13031	5.513609457668403e-05
13032	0.00018700571174929868
13033	0
13034	0
13035	0
13036	0
13037	9.68404600797705e-05
13038	0
13039	5.5517130789971034e-05
13040	0
13041	0
13042	5.747946728839912e-05
13043	0
13044	0
13045	0
13046	0
13047	0
13048	0
13049	0
13050	0
13051	0
13052	0
13053	0
13054	0
13055	0
13056	5.513609457668403e-05
13057	6.195299256178674e-05
13058	8.244876242805365e-05
13059	0
13060	0
13061	5.513609457668403e-05
13062	0
13063	0
13064	0
13065	5.513609457668403e-05
13066	0
13067	0
13068	0
13069	0
13070	6.674332847886788e-05
13071	0
13072	0
13073	0
13074	0.000143942340805327
13075	0
13076	0
13077	0
13078	0.00016779713133948987
13079	0
13080	0
13081	0
13082	0
13083	0
13084	0
13085	0
13086	0
13087	0.00032911069652222046
13088	0
13089	0
13090	0
13091	0
13092	5.747946728839912e-05
13093	0
13094	0
13095	5.615495227742973e-05
13096	0
13097	0
13098	0
13099	0.00023906463459379116
13100	0
13101	6.370344140856272e-05
13102	0
13103	0
13104	0
13105	0
13106	0
13107	0
13108	0
13109	0
13110	0
13111	0
13112	0
13113	0.0003491909735979638
13114	0
13115	0
13116	0
13117	0
13118	0
13119	0.00017127991626405309
13120	0.0007733681369707016
13121	0
13122	0
13123	8.189109805990864e-05
13124	0
13125	5.513609457668403e-05
13126	0
13127	0
13128	5.747946728839912e-05
13129	0
13130	0
13131	0
13132	5.513609457668403e-05
13133	0
13134	0
13135	0
13136	6.608278994183424e-05
13137	0.0001224142988984528
13138	0.00010873900685002446
13139	0
13140	0
13141	0
13142	0
13143	0
13144	0
13145	0
13146	0
13147	0
13148	0
13149	0
13150	0
13151	0
13152	6.467058632414141e-05
13153	0.00014377113121706358
13154	0
13155	0
13156	0
13157	0.00011563914022031554
13158	6.099452635597175e-05
13159	0
13160	0
13161	0
13162	0.00018331712438194307
13163	0
13164	0.0005139677546857589
13165	0
13166	0
13167	0
13168	8.056826112429704e-05
13169	0
13170	5.513609457668403e-05
13171	5.615495227742973e-05
13172	0
13173	0.0002256839885231838
13174	8.21754029697079e-05
13175	0.0002482235797676745
13176	0
13177	0.0003181397135718416
13178	0
13179	0
13180	0
13181	0
13182	0
13183	5.84746354186981e-05
13184	0.00013604602696243157
13185	0
13186	9.753933928100214e-05
13187	0.0002208178655325729
13188	0
13189	0
13190	0
13191	0
13192	0
13193	0
13194	0
13195	6.631217981717136e-05
13196	0
13197	0
13198	0
13199	5.513609457668403e-05
13200	0
13201	0.0003474015132163637
13202	0
13203	0
13204	0.00010762757525651878
13205	0
13206	0
13207	7.622644898211983e-05
13208	0
13209	6.52055196832416e-05
13210	0
13211	0.00025813618246945937
13212	0
13213	0
13214	0
13215	0
13216	0
13217	0
13218	0
13219	0
13220	0
13221	0
13222	0
13223	0
13224	0
13225	0
13226	0.00012322474947374358
13227	0
13228	0
13229	0
13230	0
13231	0
13232	0
13233	8.332673996176021e-05
13234	0.0003193299353825984
13235	0
13236	5.513609457668403e-05
13237	0
13238	0
13239	0
13240	9.966134164667343e-05
13241	0
13242	0
13243	0.0003931275866974402
13244	0
13245	0
13246	0
13247	0
13248	0
13249	0
13250	0
13251	8.384589297526085e-05
13252	0
13253	0
13254	8.629111712250273e-05
13255	0
13256	0
13257	0
13258	0
13259	0
13260	0
13261	0
13262	0
13263	0.00013796727218578627
13264	0
13265	0
13266	0
13267	0.00039499181523195646
13268	0
13269	0
13270	0
13271	0
13272	0
13273	0
13274	0
13275	0.00011638003677655526
13276	0
13277	0
13278	0
13279	0
13280	0
13281	0
13282	7.936597425038216e-05
13283	0
13284	0
13285	0
13286	0
13287	0
13288	0
13289	0
13290	5.513609457668403e-05
13291	0
13292	0
13293	0
13294	0
13295	0
13296	0
13297	6.385782314475625e-05
13298	0
13299	0.0002845818236615072
13300	0.0002437833969786664
13301	0
13302	0.00019312270084204726
13303	8.092927676219908e-05
13304	0
13305	0
13306	0
13307	0
13308	0.00012030495722247951
13309	0
13310	0
13311	0
13312	0
13313	9.715796480609868e-05
13314	0
13315	0
13316	0
13317	0
13318	5.513609457668403e-05
13319	0
13320	0
13321	0
13322	5.513609457668403e-05
13323	0.00021150957337879472
13324	0.00038582556773024065
13325	0.00011835748032024645
13326	0
13327	0
13328	0.0002447721870541905
13329	0
13330	6.251171505408426e-05
13331	0.0003857412359687338
13332	0.00027970978377005927
13333	0
13334	0
13335	0
13336	0
13337	0.00019322693216350338
13338	0
13339	0.0004852496502119508
13340	0
13341	0
13342	0
13343	9.164189309183971e-05
13344	0
13345	0
13346	0
13347	0
13348	0
13349	0
13350	7.075857932145129e-05
13351	0
13352	0
13353	0
13354	0
13355	0
13356	0
13357	0
13358	0
13359	0
13360	0
13361	0
13362	0
13363	0
13364	0
13365	0
13366	0.00025364199947616045
13367	0
13368	0
13369	8.539445127782264e-05
13370	0
13371	0
13372	0
13373	0
13374	0
13375	0
13376	0
13377	0
13378	0
13379	0
13380	0
13381	0
13382	0
13383	5.513609457668403e-05
13384	0
13385	0
13386	0
13387	0
13388	0.00011702733460627334
13389	0
13390	0
13391	0
13392	0
13393	0
13394	0
13395	0
13396	8.136486718336261e-05
13397	0
13398	0
13399	5.513609457668403e-05
13400	0
13401	0
13402	0.000114827193743006
13403	0
13404	0
13405	0
13406	0
13407	0
13408	0
13409	0
13410	8.851622899538384e-05
13411	0
13412	0
13413	0
13414	0.0016311539909576191
13415	0
13416	0
13417	0
13418	0
13419	0
13420	0
13421	0
13422	0
13423	6.840569204576616e-05
13424	0
13425	0.0004651158932380127
13426	0.0002891737625742983
13427	0
13428	0
13429	0
13430	0
13431	0
13432	0.0006474117132086245
13433	0.00012072291354103736
13434	0
13435	0
13436	0
13437	0.00039173332010388937
13438	0
13439	0
13440	0
13441	0
13442	0
13443	0
13444	0
13445	0
13446	0
13447	0
13448	0
13449	0
13450	5.513609457668403e-05
13451	0
13452	0
13453	0.00021661288534933934
13454	0
13455	0
13456	0
13457	0
13458	0.0003334833775033177
13459	0
13460	0
13461	0
13462	0
13463	0
13464	0.0001485225998418179
13465	0
13466	0
13467	0
13468	5.513609457668403e-05
13469	7.826659610363665e-05
13470	0.0004862206391856084
13471	0
13472	0
13473	0
13474	0
13475	0.00034503669549291956
13476	5.513609457668403e-05
13477	0
13478	0
13479	0
13480	0.0001679100968386599
13481	0
13482	0
13483	0.00021804207364846422
13484	0
13485	0
13486	0
13487	0
13488	0
13489	0
13490	0
13491	0
13492	0.0001344330149692905
13493	0
13494	0
13495	0
13496	0
13497	0
13498	0
13499	0
13500	0
13501	0
13502	0.0005361070060460239
13503	0
13504	0
13505	0.0003000203229824856
13506	0
13507	0
13508	0
13509	0
13510	0
13511	0.0007008854755656665
13512	0.00024108202840702792
13513	0
13514	5.513609457668403e-05
13515	0
13516	0
13517	0.0002952437472650119
13518	0.00024180703978943346
13519	0
13520	0
13521	0
13522	0
13523	0
13524	0.0004986770361520409
13525	5.747946728839912e-05
13526	0
13527	0
13528	0.0002617089426635698
13529	0.0001332650305106839
13530	5.513609457668403e-05
13531	0
13532	0
13533	0
13534	0
13535	0
13536	0
13537	0
13538	0
13539	0
13540	0
13541	0
13542	0
13543	0
13544	0
13545	0
13546	0
13547	0
13548	0
13549	0
13550	0
13551	7.8019971575723e-05
13552	0
13553	0
13554	0
13555	0
13556	0
13557	0
13558	0
13559	0
13560	0
13561	0
13562	0
13563	0
13564	0
13565	0
13566	0
13567	0
13568	0
13569	0
13570	0
13571	0
13572	0
13573	6.971708033846679e-05
13574	0
13575	0
13576	0
13577	0
13578	0
13579	0
13580	0
13581	0
13582	5.513609457668403e-05
13583	0.0002779644854683211
13584	0
13585	0
13586	0.00019831048426477915
13587	5.513609457668403e-05
13588	0
13589	0
13590	0.00037967604139984613
13591	0
13592	0.0002469874217574624
13593	0
13594	0.00020252166986635005
13595	5.513609457668403e-05
13596	0.0002661179126203202
13597	0.00020427208470902218
13598	0.00013770994091298676
13599	0
13600	0
13601	5.513609457668403e-05
13602	0
13603	5.513609457668403e-05
13604	9.469384357645004e-05
13605	0.00031286826733396123
13606	5.747946728839912e-05
13607	0
13608	0
13609	0
13610	9.787705721575008e-05
13611	0
13612	5.513609457668403e-05
13613	7.371909552828e-05
13614	0.00021309799873831507
13615	0.00010302240651173148
13616	0.0001344330149692905
13617	5.513609457668403e-05
13618	0.001995347826701795
13619	0
13620	0
13621	5.513609457668403e-05
13622	5.513609457668403e-05
13623	0
13624	9.515324707084022e-05
13625	0
13626	0.00032062193924084205
13627	0
13628	0.00012322474947374358
13629	0
13630	0
13631	0
13632	0
13633	8.378549466945012e-05
13634	0
13635	0
13636	0.00035104037419406316
13637	0
13638	5.513609457668403e-05
13639	5.513609457668403e-05
13640	0
13641	0
13642	0
13643	0
13644	0
13645	0.00012718269689169029
13646	0.0002536865480512004
13647	0
13648	5.513609457668403e-05
13649	0.00019535049847894714
13650	0.00010160690169555155
13651	0
13652	5.513609457668403e-05
13653	0.00011662047885124382
13654	0.0005434008212459418
13655	0.00026744604387388864
13656	7.099787995022636e-05
13657	0
13658	5.513609457668403e-05
13659	0
13660	0
13661	0.00032569002348642744
13662	0.00020645317146799518
13663	0
13664	0
13665	5.513609457668403e-05
13666	7.075857932145129e-05
13667	0.00010200354881098581
13668	5.513609457668403e-05
13669	7.51707278491576e-05
13670	5.513609457668403e-05
13671	0
13672	6.186055540160559e-05
13673	0.0003789051037503972
13674	0.00012452661323764536
13675	0
13676	0
13677	0.0001344330149692905
13678	0.0001344330149692905
13679	0
13680	0
13681	6.22242552700332e-05
13682	0
13683	5.848376987913416e-05
13684	0
13685	0
13686	0
13687	0
13688	0
13689	7.591465569414653e-05
13690	5.513609457668403e-05
13691	5.513609457668403e-05
13692	9.142208078537662e-05
13693	0.00012322474947374358
13694	0
13695	5.513609457668403e-05
13696	0
13697	0.00019831048426477915
13698	0.00012593919575123907
13699	0
13700	0
13701	0
13702	0
13703	5.513609457668403e-05
13704	7.996541601264978e-05
13705	5.513609457668403e-05
13706	0
13707	0.0003095449236142585
13708	0.0001344330149692905
13709	0
13710	0.00021715540161698624
13711	0.00012322474947374358
13712	5.513609457668403e-05
13713	0
13714	0
13715	5.513609457668403e-05
13716	0
13717	0.0002786543093694356
13718	0
13719	0
13720	0
13721	7.867325551185475e-05
13722	0
13723	0
13724	0
13725	0
13726	0.00011795649824807768
13727	0
13728	0
13729	0
13730	0.0001313157331840975
13731	0
13732	6.558102681052873e-05
13733	0
13734	0
13735	9.402812820378663e-05
13736	0
13737	0.00017798172449219382
13738	5.513609457668403e-05
13739	0
13740	7.672326309569875e-05
13741	0.00013351722209899435
13742	0
13743	0.0003485443154913149
13744	0
13745	0.00013022182936771957
13746	7.145277936931528e-05
13747	5.513609457668403e-05
13748	5.513609457668403e-05
13749	0
13750	5.513609457668403e-05
13751	0
13752	5.513609457668403e-05
13753	0
13754	5.513609457668403e-05
13755	0
13756	0.00010634910468212557
13757	0.0001059326730716178
13758	0.00012610279556230438
13759	6.35542254541902e-05
13760	0
13761	0
13762	0
13763	0
13764	5.513609457668403e-05
13765	5.513609457668403e-05
13766	0
13767	0
13768	5.7893003649290013e-05
13769	5.747946728839912e-05
13770	0
13771	0
13772	0
13773	0
13774	0
13775	0
13776	0.00020252166986635005
13777	0
13778	5.513609457668403e-05
13779	0
13780	0.00015033088631054512
13781	0
13782	5.513609457668403e-05
13783	0
13784	0
13785	5.513609457668403e-05
13786	0
13787	0.0002827989996064615
13788	5.513609457668403e-05
13789	0.00035626980496499027
13790	0
13791	0
13792	5.513609457668403e-05
13793	0
13794	7.419759834633143e-05
13795	5.513609457668403e-05
13796	0.0001993573889768291
13797	0.00012610279556230438
13798	0
13799	0
13800	0
13801	0
13802	0
13803	8.947905327746792e-05
13804	0.00012427165418579355
13805	0.00045241737583468097
13806	0.00012610279556230438
13807	0.00016696997453361282
13808	0.00036490282528521675
13809	0
13810	0
13811	0
13812	0
13813	0.00019831048426477915
13814	0
13815	0.0001344330149692905
13816	0.0001339375410091282
13817	5.513609457668403e-05
13818	0.00013022182936771957
13819	0
13820	5.513609457668403e-05
13821	0
13822	0
13823	0
13824	0.00017598854871199495
13825	0.00022957283242505019
13826	0
13827	0.00014185886520387054
13828	0.00034070582439405884
13829	0
13830	0
13831	0
13832	0
13833	0
13834	0
13835	7.856982169383492e-05
13836	5.513609457668403e-05
13837	0
13838	0
13839	5.513609457668403e-05
13840	0.00022669010370318294
13841	0
13842	5.513609457668403e-05
13843	0
13844	0
13845	0
13846	0
13847	0
13848	0
13849	0
13850	5.513609457668403e-05
13851	0
13852	5.747946728839912e-05
13853	5.513609457668403e-05
13854	0
13855	0
13856	0
13857	0.0003721055874258465
13858	0
13859	0.00020252166986635005
13860	5.513609457668403e-05
13861	6.646572255038021e-05
13862	0
13863	0.00020252166986635005
13864	0
13865	0
13866	0
13867	0
13868	8.912388386474196e-05
13869	0
13870	0
13871	0
13872	9.8630508850217e-05
13873	0
13874	0.00020613115363598384
13875	0
13876	0
13877	0
13878	0.00011544948685005446
13879	0
13880	0.00010941003117209255
13881	0
13882	0.00039531704962051463
13883	0
13884	0
13885	0.00015667889652068602
13886	0
13887	0
13888	0
13889	0.00010200354881098581
13890	0
13891	9.521574252856156e-05
13892	0
13893	0.000511108363689031
13894	0.0002786543093694356
13895	0.00013022182936771957
13896	0.00026744604387388864
13897	0.0001344330149692905
13898	0.0002779262390870169
13899	0.0003456016848634987
13900	0.0002786543093694356
13901	7.856982169383492e-05
13902	0.00020252166986635005
13903	5.513609457668403e-05
13904	0.00032867419961003243
13905	9.122015209534092e-05
13906	5.513609457668403e-05
13907	0.00013022182936771957
13908	0.0001923603090828531
13909	0.0002035685745784
13910	0.00010133322857475168
13911	5.513609457668403e-05
13912	0.00027165722947545954
13913	0.00034674296426649514
13914	0.0002469548478808558
13915	0.00019831048426477915
13916	0.00027165722947545954
13917	0.0002786543093694356
13918	0.00034674296426649514
13919	0.00019831048426477915
13920	0.0001339999425336777
13921	0.0001993573889768291
13922	0.0002062439090111655
13923	7.264517990811791e-05
13924	0.0001344330149692905
13925	0.0002035685745784
13926	0.00012427165418579355
13927	0.0002786543093694356
13928	0.00026744604387388864
13929	0.00012322474947374358
13930	0.00019831048426477915
13931	0.00019831048426477915
13932	5.513609457668403e-05
13933	5.513609457668403e-05
13934	0.00027165722947545954
13935	0.00027760740465738564
13936	0.00027165722947545954
13937	7.308682634687782e-05
13938	0.00012427165418579355
13939	5.513609457668403e-05
13940	0.0001923603090828531
13941	5.513609457668403e-05
13942	7.001625091048662e-05
13943	0.00020252166986635005
13944	0.00011158404016978099
13945	5.513609457668403e-05
13946	8.306242979728938e-05
13947	0.00027165722947545954
13948	0.00026744604387388864
13949	0.0002538645792577578
13950	0.0001923603090828531
13951	0.0002123404258512935
13952	5.513609457668403e-05
13953	9.836718733872922e-05
13954	9.32428373005997e-05
13955	5.513609457668403e-05
13956	0.00012427165418579355
13957	5.513609457668403e-05
13958	0.0001923603090828531
13959	9.339028978737847e-05
13960	5.513609457668403e-05
13961	7.075857932145129e-05
13962	0.0001344330149692905
13963	9.095105909100932e-05
13964	5.513609457668403e-05
13965	0.00022780664269004338
13966	0.00013022182936771957
13967	0.00015799336023111449
13968	0.00020951874976032607
13969	0.00042893417212740435
13970	5.513609457668403e-05
13971	5.513609457668403e-05
13972	0.00020252166986635005
13973	5.513609457668403e-05
13974	0.00012427165418579355
13977	8.378620157694647e-05
13978	5.513609457668403e-05
13979	0.00020252166986635005
13980	0.00027165722947545954
13981	0.00019831048426477915
13982	0.00012322474947374358
13983	0.00020951874976032607
13984	0.0002786543093694356
13985	0.00012986214164499842
13986	5.513609457668403e-05
13987	5.513609457668403e-05
13988	0.0006788219285935573
13991	0.00012322474947374358
13992	0.00012322474947374358
13993	0.00020252166986635005
13994	5.513609457668403e-05
13995	9.462782248582227e-05
13998	0.00019831048426477915
13999	0.0001344330149692905
14000	5.513609457668403e-05
14001	0.0002035685745784
14002	0.00012427165418579355
14005	0.00027165722947545954
14006	0.00010323861133167147
14007	5.513609457668403e-05
14008	0.00027760740465738564
14009	5.513609457668403e-05
14010	0.0001923603090828531
14011	0.0001923603090828531
14012	0.00018868876289075136
14013	0.00012427165418579355
14014	0.00010036932790657307
14015	0.00027165722947545954
14016	7.341674266357387e-05
14017	0.0001993573889768291
14018	0.0001923603090828531
14019	0.0001344330149692905
14020	0.00011188559896458617
14021	0.0001344330149692905
14022	0.0002035685745784
14023	5.513609457668403e-05
14024	0.00018851305910146397
14025	0.00012427165418579355
14026	5.513609457668403e-05
14027	5.513609457668403e-05
14028	5.513609457668403e-05
14029	0.00027165722947545954
14031	0.0001993573889768291
14032	0.00034674296426649514
14033	0.00014423175254065418
14034	0.00034674296426649514
14035	0.0001923603090828531
14036	0.0001344330149692905
14037	0.00021547577595068589
14038	0.00027165722947545954
14039	0.00013022182936771957
14040	8.914685810701366e-05
14041	0.00020252166986635005
14042	0.00019831048426477915
14043	8.365867169928955e-05
14044	9.8630508850217e-05
14045	5.513609457668403e-05
14046	0.0001923603090828531
14047	0.00012322474947374358
14048	5.513609457668403e-05
14049	0.0002786543093694356
14050	7.075857932145129e-05
14051	0.0002035685745784
14052	0.00011449894595758149
14053	0.00019831048426477915
14054	0.0002786543093694356
14055	5.513609457668403e-05
14056	5.513609457668403e-05
14057	0.00012610279556230438
14058	6.61579729116514e-05
14059	0.00019831048426477915
14060	0.00027165722947545954
14061	0.00012427165418579355
14062	0.0002035685745784
14063	0.00026744604387388864
14064	0.00026744604387388864
14065	5.513609457668403e-05
14066	5.513609457668403e-05
14067	5.513609457668403e-05
14068	5.513609457668403e-05
14069	0.00027165722947545954
14070	5.513609457668403e-05
14071	0.0001923603090828531
14072	0.00013547804141650916
14073	0.00026744604387388864
14074	5.513609457668403e-05
14075	0.00019831048426477915
14076	5.513609457668403e-05
14077	7.517241859425986e-05
14078	0.00020252166986635005
14079	0.00013022182936771957
14080	0.0001923603090828531
14081	7.693830669241115e-05
14082	0.00010941003117209255
14085	0.0001993573889768291
14086	9.175619784093875e-05
14087	5.513609457668403e-05
14088	0.00020951874976032607
14089	0.0001344330149692905
14090	8.350901900677038e-05
14091	0.0001923603090828531
14092	0.00020182577496164232
14093	0.00027165722947545954
14094	5.513609457668403e-05
14095	0.00012322474947374358
14096	0.00012322474947374358
14097	0.00012322474947374358
14098	0.00037410867905163714
14099	0.0002035685745784
14100	0.0001014091361444553
14102	0.00011525034833026015
14103	7.856982169383492e-05
14104	0.00015799336023111449
14106	5.513609457668403e-05
14107	0.00012427165418579355
14108	0.0001993573889768291
14109	0.00012322474947374358
13989	0.00014172528030707162
14110	0.0001344330149692905
14030	9.590308047912742e-05
14111	0.00013022182936771957
14112	0.00013022182936771957
14113	5.513609457668403e-05
14114	0.00010465379732577679
14115	5.513609457668403e-05
14116	5.513609457668403e-05
14117	5.513609457668403e-05
14118	0.0002015005543552164
14119	5.513609457668403e-05
14120	0.0001496336757374657
14121	5.513609457668403e-05
14122	0.0001993573889768291
14123	8.865682240011344e-05
14124	0.00027760740465738564
14125	9.586212981866089e-05
14126	0.0002190138313700361
14127	0.00019831048426477915
14128	6.591561689855956e-05
14129	0.00010412076303067372
14130	0.0001344330149692905
14131	0.00022174421138193004
14132	0.00012427165418579355
14133	5.513609457668403e-05
14134	5.513609457668403e-05
14136	5.513609457668403e-05
14137	0.00012427165418579355
14138	0.0001344330149692905
14139	0.00012427165418579355
14140	0.0001923603090828531
14141	9.019223934228829e-05
14142	0.00026744604387388864
14143	0.00027760740465738564
14144	8.021509465092623e-05
14145	5.513609457668403e-05
14146	0.0001923603090828531
14147	0.0002786543093694356
14148	0.00011188559896458617
14149	9.464225401599843e-05
14150	0.00020252166986635005
14151	5.513609457668403e-05
14152	0.00011525034833026015
14153	0.00020951874976032607
14154	0.00020951874976032607
14155	5.513609457668403e-05
14156	5.513609457668403e-05
14157	0.00010851882358460665
14158	0.00026744604387388864
14159	0.0002035685745784
14101	0.0007913734750001379
14160	5.513609457668403e-05
14161	5.513609457668403e-05
14162	0.00012322474947374358
14163	0.00016014955985655172
14164	0.00027760740465738564
14165	5.513609457668403e-05
14166	5.513609457668403e-05
14167	0.0001376880797058653
14168	5.513609457668403e-05
14169	5.513609457668403e-05
14170	5.513609457668403e-05
14171	9.275746320570885e-05
14172	0.00013022182936771957
14173	5.513609457668403e-05
14174	7.697396769751165e-05
14175	0.0003075087168841382
14176	0.00013669097835856335
14177	5.513609457668403e-05
14178	8.365867169928955e-05
14179	5.513609457668403e-05
14180	0.0001344330149692905
14181	0.00027760740465738564
14182	0.00026744604387388864
14183	5.513609457668403e-05
14184	0.00020252166986635005
14185	0.00021938658207307324
14186	0.00013022182936771957
14187	5.513609457668403e-05
14189	6.643039227717468e-05
14190	5.513609457668403e-05
14191	9.8630508850217e-05
14192	5.513609457668403e-05
14194	0.00012322474947374358
14195	6.42364767446129e-05
14196	0.0001344330149692905
14197	0.00015966904273104923
14198	0.00012322474947374358
14199	0.0001344330149692905
14200	0.00012668590176979374
14201	0.00013022182936771957
14202	0.00015799336023111449
14203	0.00013022182936771957
14204	0.00014357407086337882
14205	6.591561689855956e-05
14206	0.00027165722947545954
14207	5.513609457668403e-05
14208	0.0001993573889768291
14209	0.00020252166986635005
14210	5.513609457668403e-05
14211	5.513609457668403e-05
14212	0.00034674296426649514
14213	0.0002035685745784
14214	7.075857932145129e-05
14215	0.00012543727592813667
14216	5.513609457668403e-05
14217	5.513609457668403e-05
14218	0.0001923603090828531
14219	0.00012610279556230438
14135	0.00014730015779548797
14220	0.0001923603090828531
14221	5.513609457668403e-05
14222	5.513609457668403e-05
14223	0.0001344330149692905
14224	0.00034674296426649514
14225	0.00012427165418579355
14226	5.513609457668403e-05
14227	5.513609457668403e-05
14228	5.513609457668403e-05
14229	0.00024858025308512435
14230	0.0001344330149692905
14231	0.0001923603090828531
14232	5.513609457668403e-05
14233	0.0001923603090828531
14234	0.00012322474947374358
14235	0.0001923603090828531
14236	0.00026744604387388864
14237	0.00012427165418579355
14238	0.00010634910468212557
14241	7.27620232810303e-05
14242	5.513609457668403e-05
14243	0.0001344330149692905
14244	0.00027165722947545954
14245	0.00010200354881098581
14246	0.00012322474947374358
14247	0.00015966904273104923
14250	5.513609457668403e-05
14251	0.00012610279556230438
14252	6.450958542354439e-05
14253	0.00012427165418579355
14254	0.0001344330149692905
14255	6.491925656355624e-05
14256	0.00012610279556230438
14257	0.0002035685745784
14258	0.0001344330149692905
14259	5.513609457668403e-05
14260	0.00012427165418579355
14261	0.0001993573889768291
14262	0.00012328145428974855
14263	5.513609457668403e-05
14264	5.513609457668403e-05
13990	0.0002818889816086978
13976	9.952790314524893e-05
14265	0.00012322474947374358
14266	0.0002538645792577578
14267	0.00019831048426477915
14268	0.00020951874976032607
14269	0.0001344330149692905
14270	0.0001344330149692905
14271	5.513609457668403e-05
14272	9.042293941653265e-05
14273	0.00034674296426649514
14274	0.0001274417971432763
14275	0.00012668590176979374
14276	0.0001993573889768291
14277	5.513609457668403e-05
14278	5.513609457668403e-05
14279	0.00020252166986635005
14280	5.513609457668403e-05
14281	0.00010941003117209255
14282	0.0001344330149692905
14283	0.00014312940455494508
14284	0.00010941003117209255
14285	5.513609457668403e-05
14286	9.537553525786497e-05
14287	0.0001344330149692905
14288	0.0002035685745784
14289	5.513609457668403e-05
14290	5.513609457668403e-05
14291	0.0001344330149692905
14292	0.00012253215770035146
14293	5.513609457668403e-05
14294	0.0002035685745784
14295	0.00013022182936771957
14296	0.00012427165418579355
14297	9.303908160236476e-05
14298	5.513609457668403e-05
14299	0.0001923603090828531
14300	5.513609457668403e-05
14301	0.00019831048426477915
14302	0.00012427165418579355
14303	0.0001344330149692905
14304	0.00020252166986635005
14193	7.693830669241115e-05
14305	0.00012668590176979374
14306	5.513609457668403e-05
14307	0.00027165722947545954
14308	5.513609457668403e-05
14309	5.513609457668403e-05
14310	5.513609457668403e-05
14311	0.0002035685745784
14312	5.513609457668403e-05
14313	0.00020252166986635005
14314	0.0001630953582779973
14315	0.00020252166986635005
14316	5.513609457668403e-05
14317	5.513609457668403e-05
14318	5.513609457668403e-05
14319	0.00010634910468212557
14320	0.00012427165418579355
14321	5.513609457668403e-05
14322	0.0001923603090828531
14323	7.653995723793344e-05
14324	0.00010200354881098581
14325	5.513609457668403e-05
14326	0.00012597121614728985
14327	9.8630508850217e-05
14328	5.513609457668403e-05
14329	5.513609457668403e-05
14330	0.00034674296426649514
14331	0.00020252166986635005
14332	5.513609457668403e-05
14333	8.365867169928955e-05
13975	0.00011525034833026015
14334	5.513609457668403e-05
14335	0.0001344330149692905
14336	5.513609457668403e-05
14337	5.513609457668403e-05
14338	0.0001923603090828531
14339	5.513609457668403e-05
14340	0.0002733187747243017
14341	5.513609457668403e-05
14342	5.513609457668403e-05
14343	5.513609457668403e-05
14344	5.513609457668403e-05
14345	5.513609457668403e-05
14346	5.513609457668403e-05
14347	5.513609457668403e-05
14348	5.513609457668403e-05
14349	5.513609457668403e-05
14350	0.00013022182936771957
14351	0.0001344330149692905
14352	5.513609457668403e-05
14353	6.685295813525948e-05
14354	0.00012427165418579355
14355	6.384442640920135e-05
14356	0.00012427165418579355
14357	0.00034674296426649514
14358	0.00013022182936771957
14359	0.00012322474947374358
14360	5.513609457668403e-05
14361	0.00010941003117209255
14362	5.513609457668403e-05
14363	5.513609457668403e-05
14366	7.341674266357387e-05
14367	0.0001316164506860075
14368	0.00012597121614728985
14369	0.00012427165418579355
14370	0.0001630953582779973
14371	0.0001269672118888356
14372	5.513609457668403e-05
14373	9.8630508850217e-05
14374	0.00017419112681595506
14375	0.00034674296426649514
14376	0.00020252166986635005
14377	5.513609457668403e-05
14378	5.513609457668403e-05
14379	5.513609457668403e-05
14380	5.513609457668403e-05
14381	5.513609457668403e-05
14382	0.00020951874976032607
14383	5.513609457668403e-05
14003	0.00010941003117209255
14384	0.00012427165418579355
14385	5.513609457668403e-05
14386	5.513609457668403e-05
14387	0.00012610279556230438
14388	5.513609457668403e-05
14389	0.00012427165418579355
14390	5.513609457668403e-05
14391	0.00012597121614728985
14393	0.00012597121614728985
14394	5.513609457668403e-05
14365	9.730087324640068e-05
14395	0.0001274843123844004
14396	0.00013767290710686513
14397	0.00020252166986635005
14188	7.693830669241115e-05
14398	5.513609457668403e-05
14399	5.747946728839912e-05
14400	7.075857932145129e-05
14004	0.00021727951323033263
14401	0.00012427165418579355
14402	0.0001344330149692905
14403	5.513609457668403e-05
14404	0.00014677508358771027
14405	5.513609457668403e-05
14406	5.513609457668403e-05
14407	0.0001405522196088413
14408	5.513609457668403e-05
14409	5.513609457668403e-05
14410	0.00020704765161325676
14411	5.513609457668403e-05
14412	5.513609457668403e-05
14413	5.513609457668403e-05
14414	5.513609457668403e-05
14415	5.513609457668403e-05
14416	7.296771542445005e-05
14417	5.513609457668403e-05
14418	5.513609457668403e-05
14419	5.513609457668403e-05
14420	0.00012322474947374358
14421	5.513609457668403e-05
14424	0.00020252166986635005
14425	5.513609457668403e-05
14426	5.513609457668403e-05
14427	5.513609457668403e-05
14428	0.00027165722947545954
14429	5.513609457668403e-05
14430	5.513609457668403e-05
14431	0.00012427165418579355
14432	5.513609457668403e-05
14105	0.0002486731736482414
14433	0.0001670403504184849
14434	5.513609457668403e-05
14435	0.0001344330149692905
14438	0.00011188559896458617
14439	0.00011525034833026015
14440	5.513609457668403e-05
14441	5.513609457668403e-05
14442	5.513609457668403e-05
14443	5.513609457668403e-05
14444	0.0001769097333497131
14445	5.513609457668403e-05
14446	5.513609457668403e-05
14447	5.513609457668403e-05
13997	0.00017283867038159163
14448	0.00012427165418579355
14449	6.342802878736819e-05
14451	5.513609457668403e-05
14452	0.00010465379732577679
14453	5.513609457668403e-05
14454	5.513609457668403e-05
14455	7.581663202902225e-05
14456	5.513609457668403e-05
14457	0.00012418072552989158
14458	5.513609457668403e-05
14459	5.513609457668403e-05
14460	5.513609457668403e-05
14461	5.513609457668403e-05
14462	7.653995723793344e-05
14392	0.0002474677132420226
14463	7.296771542445005e-05
14464	5.513609457668403e-05
14465	5.513609457668403e-05
14466	5.513609457668403e-05
14467	0.00011525034833026015
14468	5.513609457668403e-05
14469	5.513609457668403e-05
14470	5.513609457668403e-05
14471	5.513609457668403e-05
14472	5.513609457668403e-05
14473	5.513609457668403e-05
14474	5.513609457668403e-05
14475	5.513609457668403e-05
14476	5.513609457668403e-05
14477	5.513609457668403e-05
14478	5.513609457668403e-05
14479	5.513609457668403e-05
14480	5.513609457668403e-05
14481	0.00012427165418579355
14482	7.075857932145129e-05
14483	5.513609457668403e-05
14484	5.513609457668403e-05
14485	5.513609457668403e-05
14486	5.513609457668403e-05
14487	5.513609457668403e-05
14488	9.8630508850217e-05
14489	0.00012610279556230438
14490	0.00011449894595758149
14491	5.513609457668403e-05
14492	5.513609457668403e-05
14493	0.0001316164506860075
14494	5.513609457668403e-05
14495	5.513609457668403e-05
14496	0.00013022182936771957
14497	0.00012427165418579355
14498	5.513609457668403e-05
14499	5.513609457668403e-05
14500	5.513609457668403e-05
14501	5.513609457668403e-05
14502	7.99461858073312e-05
14503	8.781103958667349e-05
14504	6.449719162414486e-05
14505	5.513609457668403e-05
14506	5.513609457668403e-05
14507	5.513609457668403e-05
14508	5.513609457668403e-05
14509	5.513609457668403e-05
14510	5.513609457668403e-05
14511	5.513609457668403e-05
14512	5.513609457668403e-05
14513	0.00010160690169555155
14514	5.513609457668403e-05
14515	5.513609457668403e-05
14516	5.513609457668403e-05
14517	5.513609457668403e-05
14518	5.513609457668403e-05
14519	5.513609457668403e-05
14520	5.513609457668403e-05
14521	5.513609457668403e-05
14522	6.498858421600783e-05
14523	5.513609457668403e-05
14524	5.513609457668403e-05
14525	5.513609457668403e-05
14526	9.8630508850217e-05
14527	5.513609457668403e-05
14528	5.513609457668403e-05
14529	5.513609457668403e-05
14530	5.513609457668403e-05
14531	5.513609457668403e-05
14532	9.8630508850217e-05
14533	5.513609457668403e-05
14534	5.513609457668403e-05
14535	0.00013718292133772355
14536	5.513609457668403e-05
14537	5.513609457668403e-05
14538	7.075857932145129e-05
14539	5.906521883731604e-05
14540	5.513609457668403e-05
13996	5.513609457668403e-05
14083	5.513609457668403e-05
14084	0.00014887100304528756
14239	5.513609457668403e-05
14240	0.00010200354881098581
14248	5.513609457668403e-05
14249	0.00010200354881098581
14364	5.513609457668403e-05
14422	5.513609457668403e-05
14423	7.856982169383492e-05
14436	5.513609457668403e-05
14437	0.00010200354881098581
14450	7.856982169383492e-05
