3478	0.0011100650170497816
2017	0.00010833540788297174
13209	6.52055196832416e-05
9220	0.0005312078577596454
11235	0.000522185886355758
11121	0.0003182687836537931
4896	5.8192667678921104e-05
1543	0.00015438511700928043
9469	0.00033720485526554433
1986	0.00021568211459323955
5993	0.0003278492379919102
966	0.0005076198280259195
3300	0.00044069544023532856
3632	0.0006929893707341296
10436	6.0546740025149916e-05
555	0.0012357073838419554
3451	6.440525503506761e-05
82	0.0009457055168258477
21	0.00042356582528176034
4962	0.00041803337965907653
13123	8.189109805990864e-05
3700	0.0004853846447830418
6925	5.513609457668403e-05
64	0.0009672473910505099
4981	6.718275162339478e-05
27	0.00024099678833261435
8202	6.776781817754117e-05
1258	0.0018806180814171227
1789	0.00036351108162882486
1166	0.00038008939958443673
11059	0.00036195001958581977
4795	0.0003869110755806183
4278	0.0002670342014523114
4459	0.00010565252549938863
7163	0.00015576747571490314
10369	0.0003395756389039752
13101	6.370344140856272e-05
1948	0.0017655169181365349
4536	0.0001861274841438669
1768	0.0012957067639063203
5879	0.0004405341139603922
47	0.003515820531634886
4456	7.972280859610515e-05
13661	0.00032569002348642744
1659	0.0006963947853167965
3358	8.735359515342191e-05
9714	0.00012341831806661442
989	0.0011389369939629578
1193	0.007327014097442915
13894	0.0002786543093694356
1408	0.0001333109656190057
1303	0.0024097041847122936
9100	5.513609457668403e-05
89	0.003466488737497041
4925	5.513609457668403e-05
5857	0.00016704104030836333
10932	0.00010200354881098581
112	0.00022900651198463757
12883	0.00040842096356921167
13825	0.00022957283242505019
13895	0.00013022182936771957
98	0.009615257794157242
6533	5.513609457668403e-05
6571	0.00035384801361135833
1674	0.001197400090508836
4403	0.0005567885621391805
12535	0.0001561464679653421
5366	0.00024031980073838262
9594	0.00026003504218918583
2592	0.0008486595524675705
8990	0.00013792518155172868
2963	0.00028616475595160735
10156	0.0002396942530930833
7550	6.53288500231635e-05
1062	0.00014300746861184072
63	0.00015271195689209134
6823	0.0003868198908252569
11910	0.0001609602457940804
13896	0.00026744604387388864
13596	0.0002661179126203202
2082	0.0019288847790190882
535	5.513609457668403e-05
1180	0.0007557628017005074
397	0.00013093443538018614
6721	0.0005848680390917026
6771	5.513609457668403e-05
2553	0.0007917983228674169
5286	0.00017130182240362361
3024	0.0016056260626630481
13897	0.0001344330149692905
2493	0.009880342902354648
6641	0.00020772408643037773
176	0.0012294862021590043
7480	0.0002107393203916018
7532	0.00035730394559971496
9155	0.00046177883052506944
1887	0.0002675073490944264
6404	0.00021962700059232221
306	0.004382696309943399
5294	0.0018624723007902202
13898	0.0002779262390870169
2731	0.0009760658831373135
12902	0.0002702990460910506
12588	9.977315003373901e-05
12664	0.00013415134002943885
6864	0.00014654328463476748
9033	0.0002625255230640937
6817	0.00024898525877106747
9899	0.00013265460035036744
2933	8.325422478171703e-05
7026	0.00027661344061356656
11558	0.0006221909131093031
717	0.00029642694512421486
13002	0.00013188028448285586
8567	0.000527523464604411
5806	0.00018247991200886582
546	0.0008911188903034987
874	0.0005359686918583409
1332	0.00027695328769444615
12172	0.00016017638468314956
4120	5.513609457668403e-05
31	0.005577719150990115
8661	5.513609457668403e-05
2004	0.0042585079421820216
1396	0.001124332084110843
13120	0.0007733681369707016
1334	6.540949881631141e-05
5829	0.00026281086178657834
3367	0.0001208476366593469
642	0.0013437554008385146
2983	0.0002646488220103773
4418	0.00011323767954817207
13899	0.0003456016848634987
4749	0.0006990013479207144
5657	9.917712601821522e-05
2952	0.00019317690189687344
11064	7.378982080544926e-05
3163	0.00012495190627747943
3852	5.513609457668403e-05
181	0.00102815767085837
1138	0.0004393619101285205
4764	0.0002217886499839489
7349	0.0004810824905368454
1862	0.00010296813970681827
10768	0.00015392359594706002
313	0.0007179448216629098
1049	0.0001983115591092019
2685	0.0001958692110483748
2675	0.0002839240019031258
6167	0.00016892308763319545
4910	5.513609457668403e-05
5619	0.00013150963860216977
1803	0.0012532723124057028
7346	0.0007913223993198752
8209	0.000644321659023663
8104	0.00032775443405267524
1152	5.513609457668403e-05
1251	0.0033470503765256543
7353	9.665488564942467e-05
1609	0.0030284582213920166
6008	0.0002746428295967558
1132	0.00017422975977149626
12676	0.00011565843561644093
804	0.00011855636343511004
4151	0.00015064458453311724
278	0.0007842290672038036
10588	0.0003338944544548292
403	0.00041883322766231486
11885	0.0001444391892854548
7282	8.009637823679108e-05
4828	0.00012409032064009514
102	8.872895116741478e-05
7407	5.513609457668403e-05
6441	0.00016049491403756635
7996	7.129590215348283e-05
2834	0.00014005720900462203
9371	7.484881714164616e-05
4184	0.0006846810713848822
12724	7.255785532477753e-05
519	0.0011836743261469755
6004	6.87325440942674e-05
683	0.00015112485828127498
5691	0.00010787783055690085
5503	0.0005029659794361052
9446	0.00047958917284415337
13828	0.00034070582439405884
8736	0.00012862847588322217
10913	0.000535688985646523
13137	0.0001224142988984528
9211	0.0003907788463495607
7130	5.513609457668403e-05
7681	5.513609457668403e-05
9867	0.00024253158005184397
11021	7.919719939241737e-05
771	0.0007641852681652115
4041	5.513609457668403e-05
4902	0.00013783032970579367
6724	5.513609457668403e-05
424	0.001416651917081235
3099	0.00012529473287284607
9685	0.00030103032740131107
10791	7.601705670407224e-05
10629	0.0001093769756033367
4137	0.00011555561568353778
2740	0.00027468430969406957
7326	0.0007827425207943616
13590	0.00037967604139984613
13177	0.0003181397135718416
8288	0.0003241415442540505
13900	0.0002786543093694356
0	0.002135929783675709
9851	0.0009493592837485835
6473	0.00038335299210541507
13267	0.00039499181523195646
3146	0.00014181058606958848
4885	0.00042923413433435664
12258	0.0005311690854957784
845	0.00027572663157752016
4921	0.0003229225890025231
1885	0.00037439510271053124
11340	0.00017319873683704698
8391	0.00016618340368929093
3633	0.0004140980873076099
2196	0.00012758588617244678
212	5.513609457668403e-05
1239	0.00010482056633159421
4500	5.513609457668403e-05
77	0.002722874103583106
8250	0.0001162653861185301
3388	0.00287829446725585
4695	6.685295813525948e-05
2134	0.0014549994643748144
2110	5.513609457668403e-05
3243	0.0003321875022801398
13604	9.469384357645004e-05
11594	0.000105214246015789
4777	0.00035401796755557476
8794	0.0002841281235175627
10915	0.0002156095258619002
4837	0.000278390875725004
3013	0.00013296996818427243
13233	8.332673996176021e-05
8475	9.010571684606953e-05
3566	0.00024670446053556757
6427	7.944094897837556e-05
80	0.007095400551587781
3494	0.00019802255737169305
3514	0.0009770243804264383
4589	0.000332537022458879
8365	0.00025368490827310197
12142	5.513609457668403e-05
3906	0.0002499490986520109
614	0.00048298763204436513
6546	5.513609457668403e-05
6932	5.890212650161549e-05
3283	0.0017944409534132542
1977	8.970848360547172e-05
2351	0.0004529128155730995
2408	0.00018004439993601513
773	0.0006487587304540593
4702	0.00010200354881098581
5422	0.00011437783005390097
13074	0.000143942340805327
1344	0.003151502239546938
2838	0.00034062757774802057
3801	0.00031100762391666884
6257	5.513609457668403e-05
960	6.94563098499335e-05
6106	0.000622539228796119
13901	7.856982169383492e-05
13902	0.00020252166986635005
13712	5.513609457668403e-05
5167	5.513609457668403e-05
1952	0.00037497356377921875
9348	0.0005342889818033975
3732	0.0003447518653721401
11687	8.131952768888098e-05
8413	6.572358681093847e-05
13186	9.753933928100214e-05
5704	0.0025690800795716484
9680	0.0013099885987904387
5880	5.513609457668403e-05
412	0.0020061425320313814
8066	0.00014750493338412942
12415	0.00211518149509038
3615	0.002750720106397249
7115	6.685295813525948e-05
3638	0.000584166303197303
13903	5.513609457668403e-05
240	0.010944186703630905
10343	0.00041982530081186904
1507	6.219518615747772e-05
9576	0.00011658942038605196
11814	5.513609457668403e-05
9284	0.00023734722998595246
3457	0.0006504806566833006
4044	9.325044049060107e-05
10165	0.00040048915384156906
7122	9.512043872506786e-05
6305	0.0009573116558882022
13904	0.00032867419961003243
2163	0.0002700717911836768
11752	5.513609457668403e-05
86	0.002265895339846911
557	0.00038754663503578254
264	0.00010234099674992934
13905	9.122015209534092e-05
8549	0.00017160917361145475
12753	5.513609457668403e-05
1578	0.0011405283541867316
7161	0.0012711493995418482
12827	9.19308574421761e-05
2403	5.513609457668403e-05
4721	0.0004111970336924586
1314	0.00023720136450326967
2968	0.0032795792705961647
13906	5.513609457668403e-05
51	0.0075712649426142534
7581	0.0009137997526719992
7492	0.0003723912251990891
13874	0.00020613115363598384
9566	8.480143071093807e-05
12968	0.0001768338616453826
1836	8.80122807419758e-05
114	0.0010605394784272105
838	0.0031193833072188956
2256	0.00037531148367311434
12502	0.0002725127795513708
2605	9.220015577828027e-05
9501	7.605644082324342e-05
1073	0.0014081020489815678
3268	0.001328121449500027
11956	0.00029320263886109917
1210	8.831305511137475e-05
40	0.00017378396645256728
1475	0.00019411040891285984
2209	8.357845126062075e-05
11967	0.00021983557248630618
6512	5.513609457668403e-05
12458	8.088940482445134e-05
6947	0.0005400242577718685
7660	0.00013492001792890027
11408	0.00015791458047349823
1282	5.513609457668403e-05
1999	6.044445699697717e-05
4497	0.00024235263509305146
3479	6.299572412179646e-05
510	0.0012744242551880715
1086	0.00021752777191687817
53	0.001204355677967004
11491	0.00013851065064702687
11257	5.513609457668403e-05
5270	0.0015813632963112992
4204	0.00014453579917880343
1039	0.0006833636977724208
8881	0.00021544252021172742
11907	0.000355899705090209
13907	0.00013022182936771957
2539	5.513609457668403e-05
11369	0.00012137333399447534
1886	0.0001000319070302754
3788	0.0006575978366573214
6892	6.291796698384419e-05
1743	5.513609457668403e-05
2832	9.977852825642804e-05
4918	5.513609457668403e-05
5478	6.767281634697191e-05
10868	5.513609457668403e-05
647	0.0005674360518417068
1070	5.513609457668403e-05
4168	0.002103252976760359
2921	5.513609457668403e-05
6742	0.0002313603278689919
11259	9.32782470776812e-05
13908	0.0001923603090828531
1329	6.655891201194037e-05
2346	0.0012677178403959419
10205	0.00010905273760347
3438	0.0007053454590307323
13437	0.00039173332010388937
3186	0.00028179294733502434
7893	0.0019302696417890098
1286	0.00035192589698861246
4763	0.00010080964178871775
10028	8.560587668615175e-05
1310	0.00011509768430977951
4990	0.000828059904397939
6111	0.00026379112260587964
13909	0.0002035685745784
5483	0.00017234657860033825
4703	0.00031135932801506404
8277	0.0003481149994588238
8233	0.0007983983748287613
2123	0.0019291332511019406
13164	0.0005139677546857589
11054	0.00023905824649044614
6306	0.0013435904663769013
9935	0.00021344693138540668
6912	8.3881103508111e-05
9435	0.00026630820780214733
11060	5.513609457668403e-05
924	0.00016267577126021136
4915	6.689795756655649e-05
4847	0.000322595724001076
9988	0.00010583045758901717
8076	0.0003178662237317004
11028	0.00017083592932927807
9340	5.513609457668403e-05
13910	0.00010133322857475168
10806	0.00018725833753922342
1451	6.18767487853552e-05
1339	0.00036248278074118857
12278	9.857471548089164e-05
6833	0.00012018365123587732
10609	5.513609457668403e-05
3361	5.983607939396571e-05
3076	0.0002210440544362134
716	0.0009021164639580275
13911	5.513609457668403e-05
9895	0.00024913515440489126
4481	0.0006183658767138056
3383	5.5517130789971034e-05
2263	0.00029370960817424704
4250	5.513609457668403e-05
7479	0.00046476907442960074
5034	0.00016074585908007493
2752	0.00015117199864471585
343	6.149163945411314e-05
8560	6.685295813525948e-05
311	0.0003726976228552574
13808	0.00036490282528521675
13912	0.00027165722947545954
10105	0.00010925078672082743
7238	7.09625185416802e-05
7046	0.0001007702575691521
10530	7.720390228223111e-05
12370	5.513609457668403e-05
4732	0.00014250715712504436
1660	0.0008136708280014003
9298	0.0005907804237320721
12175	5.513609457668403e-05
2036	9.713725359895828e-05
492	0.0001405944047714094
885	0.0002542115559958068
13913	0.00034674296426649514
5999	0.0009478571455199573
1821	0.00013697138998579884
4970	0.0002916230047000892
247	5.513609457668403e-05
4986	0.0022479953147955907
2371	6.351025248146723e-05
1419	0.0010132194776379885
1293	0.00012111844498583955
521	0.0002809090971029429
13502	0.0005361070060460239
7625	0.0003815191640584087
9122	5.513609457668403e-05
677	0.0017123976039260926
3699	7.503706862879838e-05
12073	0.00014682759071016615
11032	8.8933562588657e-05
319	0.004548070726315394
13914	0.0002469548478808558
7048	0.00012006114733141196
2846	6.441632995858892e-05
6274	5.513609457668403e-05
1778	0.0013740883204714403
229	0.0005552303180383589
3648	0.00017312041488162102
641	0.0005357144506280521
8382	5.513609457668403e-05
3244	0.0022942131711410213
12163	5.513609457668403e-05
9575	0.00012418784379300562
11136	5.513609457668403e-05
1613	0.00018085145003990928
150	0.000631284068427633
4457	5.836954179440751e-05
8505	6.22242552700332e-05
1295	5.513609457668403e-05
1036	0.0006850879811866177
3046	0.0001247412449290103
11213	0.0005607775224838426
2293	0.00010810598346715702
2841	0.00018807016691232267
4836	0.00042397391678338127
9192	0.0001882643947848421
11670	0.00011139104544066728
3795	5.694931590851958e-05
6452	0.0007031203147934851
3549	6.315233486869036e-05
3195	0.00034661304129881686
11981	0.00023831938547420108
1218	0.0003995392905797421
3595	8.13782344395851e-05
3897	0.00011012133262993737
13915	0.00019831048426477915
6662	0.00013345692140260044
8898	0.00017989221160147277
13916	0.00027165722947545954
1011	0.0005227636651845869
3352	8.50047544328581e-05
765	0.0013004320621631043
6607	0.00011605224149898444
13027	0.0002030463110960008
7987	0.00022290312808513087
12819	0.00015145775518316632
1576	6.973532979227305e-05
2919	0.0002584237434982655
6880	8.62479350839293e-05
543	0.0004598246106364427
5404	0.0004356500583883347
11570	5.513609457668403e-05
7782	5.513609457668403e-05
3258	0.0001446431475214574
3482	5.513609457668403e-05
487	0.00025546219557262795
12908	0.0018784307759680955
9137	0.0007974661465401059
5240	0.0005097731790637398
6799	0.00047807959848804185
4651	9.64289735316284e-05
2977	0.0006486151495917203
7687	0.000340887531598254
13776	0.00020252166986635005
4697	0.0001327392414598331
1446	8.487686979113014e-05
833	0.00016132486671902784
10386	5.513609457668403e-05
6083	0.0025559000818777327
11713	0.0001358409386006245
11615	5.513609457668403e-05
8646	7.045737644237661e-05
8278	9.382437823604413e-05
13917	0.0002786543093694356
7800	8.070682004454519e-05
4538	7.856726613586865e-05
1993	0.0027514555368053956
13827	0.00014185886520387054
562	0.00026213468457902256
7739	0.00011683997018132095
8004	0.00015917153560841583
2520	0.00046518969342585604
13918	0.00034674296426649514
1651	0.00022937278034614473
8741	0.000523146497028757
5330	8.120217935379325e-05
1551	0.0027140042961689747
950	0.0011473615136394322
5721	5.736787811165078e-05
1079	5.513609457668403e-05
3696	0.0003140686823337305
11630	5.513609457668403e-05
2089	0.0001679690229115196
2243	0.00012581458774259927
143	5.513609457668403e-05
5278	0.00014971247058271844
958	8.72233182042321e-05
3635	0.00012694922116780408
1947	8.983867870025519e-05
159	0.0004783376721369795
7836	0.00012367155980641452
2452	0.00060394891724975
233	0.00024779483529619286
4873	5.513609457668403e-05
12970	0.0008628360912439908
13919	0.00019831048426477915
11529	8.093302477721357e-05
9504	0.00031215965135089174
9805	0.00023327044547413267
1466	0.00018730417099540545
12129	0.00010193012940027364
7311	0.0004489544542820665
3762	5.513609457668403e-05
13920	0.0001339999425336777
2019	5.513609457668403e-05
5891	6.734166445612562e-05
13921	0.0001993573889768291
3827	6.179803855937083e-05
7765	0.00020105364292435641
912	0.0011726266456828036
8575	5.513609457668403e-05
2016	0.0002992398997063056
700	0.00020537187850692097
1943	0.00018234191840270158
7672	9.89764002764117e-05
4109	0.00014353323446861577
163	0.002791411169328763
7153	0.00028367265183232103
13922	0.0002062439090111655
5966	0.0003977537648174062
3035	0.00016272854165096814
6162	0.00011213161285572639
12979	0.00027605477916031734
7635	0.000374840997708551
2662	6.294733694906765e-05
13730	0.0001313157331840975
4330	9.397096265018897e-05
10873	0.00023903584841453252
8504	0.0007270531028613854
7679	0.0001115495286628359
7214	0.00023749338028924774
931	0.00017429617569878706
4404	0.0017012744188756273
4022	5.513609457668403e-05
11604	8.822966730841279e-05
1667	0.00085845035666346
12572	0.00043155486750023057
1035	0.0009293746175762545
52	0.00035815460614354704
3141	0.0001586978577068753
4434	5.513609457668403e-05
6790	9.645985612217296e-05
2380	5.513609457668403e-05
7594	0.00010076369197665753
13339	0.0004852496502119508
11342	0.0021048994678201593
4530	0.0005617681598371887
11404	0.0004372905479995647
205	0.0009266718483573205
13923	7.264517990811791e-05
3012	0.0009732397747001909
12021	5.8569422977499097e-05
12850	0.00016293843763657515
4772	0.0001079202754355754
9264	0.0002263074311640951
390	5.513609457668403e-05
2000	0.00019921301326013738
1607	0.00022061337188018128
2278	0.0001065609088539206
5	0.0003760746778372107
5886	0.00011365275705511199
7204	0.0001253177572411766
4323	0.00015278205508497653
1249	7.365233246380016e-05
6907	0.00012286386806842047
9395	5.513609457668403e-05
3919	0.00017055201289862865
5409	0.0005806984981523627
5564	5.513609457668403e-05
5448	5.821682163303361e-05
13924	0.0001344330149692905
13573	6.971708033846679e-05
10861	8.187124345864074e-05
11894	7.325796246897094e-05
13925	0.0002035685745784
173	0.0006940366858088624
4147	0.0008589930033119029
13857	0.0003721055874258465
13750	5.513609457668403e-05
3289	0.00010463263658943648
9351	0.0001232958535743325
155	9.181429882551502e-05
3419	0.00014429731432690835
12912	0.00011384682937028132
3107	9.369577827798354e-05
13183	5.84746354186981e-05
13926	0.00012427165418579355
13927	0.0002786543093694356
813	0.00012943610662888698
6215	8.7363623527268e-05
10751	0.00012199288879934404
7051	5.513609457668403e-05
217	0.001222568059930401
3740	0.0003119163346578808
3969	0.0004075054965955083
6026	5.513609457668403e-05
12744	0.00020085550487294654
10342	0.0002601790688241637
1415	0.00014155768313944665
4658	0.0002624371237365056
12524	0.00029082523417646217
2614	0.00033234882250190057
790	0.0003371467181591233
2229	0.0007214312481159143
5285	0.00011428958353345306
6820	0.00012670746019610406
3694	0.00014250736417330815
4399	0.00045366239364576173
12327	0.00020550367855193914
4344	0.00024046623188567394
3157	0.00024908281772642913
10599	0.0013051973763358096
5465	0.0017170308723794287
1483	0.0001973689651162185
10807	0.00048221174279453223
7148	5.513609457668403e-05
2636	0.00016385687991463617
10954	0.00010765767817262083
4281	8.564718507456635e-05
1628	0.000389753767009533
601	0.0002047569975480838
7402	0.00083715783699799
12249	0.0017984895601344717
1906	0.00010989674467100935
746	0.0003382123753163529
7118	0.0004227648917762481
3399	0.00014709889833825634
3114	0.00031967398232563216
4659	0.000387042697652835
670	9.619484601436083e-05
195	0.00034221112337228475
2563	0.00011456975071559054
7401	0.00014694922963554642
7430	0.0004982949747793057
12546	8.49660368778954e-05
6902	0.00022357455992577248
3927	0.00011584180635817385
11933	0.000309105645446047
2741	0.00021513019881594725
4614	5.513609457668403e-05
13928	0.00026744604387388864
2750	0.00015338296853378876
3001	0.0003338675481403504
6145	0.00028644060189747143
4758	9.28924803555999e-05
5762	0.00016720604161242521
11234	0.00023408262001830735
12875	0.00013270731029372423
7940	0.0001977743067701028
13614	0.00021309799873831507
6821	0.0003378942659721903
4356	5.918370100419134e-05
1725	0.000248395002144527
9400	8.867146207707478e-05
8064	0.0001175309614019505
7817	5.513609457668403e-05
13464	0.0001485225998418179
5802	0.00013208722634064411
13929	0.00012322474947374358
2337	0.001185614772738535
4750	6.965955641339674e-05
4068	0.0002273489937582178
4761	0.00010540544848111182
1442	0.0006638356029049698
1950	7.031301681073954e-05
7520	0.00027278059758669923
11453	6.0763090155969584e-05
6324	0.00019550405778285125
79	0.00014097137742124464
1009	0.00026397597981348204
12836	8.931929037203e-05
8480	5.513609457668403e-05
4105	0.0005368049951809
2941	0.0005683464067981389
6559	6.397605934494417e-05
528	0.0003369947519158642
1269	0.00017931181515413465
5791	5.513609457668403e-05
8148	0.00016449348779005483
10747	8.66584062394274e-05
93	0.0014620917829703721
10091	8.756683863031208e-05
8960	5.513609457668403e-05
13930	0.00019831048426477915
1691	0.0003319112969745932
4922	5.513609457668403e-05
10102	0.00038508118824644665
8598	8.668221875958183e-05
9756	7.158643311728801e-05
10074	0.0001066581404655737
8273	0.0001918777750309333
1951	0.0007121048532067623
10966	5.513609457668403e-05
10069	0.00015606441142346033
7240	0.0003232162267503451
5259	5.513609457668403e-05
4774	6.303213846023793e-05
1231	6.928251592567159e-05
13741	0.00013351722209899435
480	0.00014222457726778082
774	8.797189347173708e-05
12849	0.00011345342914603843
13204	0.00010762757525651878
7609	0.00022970901298774218
8980	0.00027459479694932627
171	0.00016060203574834532
10256	0.00044034006709802473
1684	0.00010405935375235709
13743	0.0003485443154913149
13592	0.0002469874217574624
1248	0.00014575784801046997
5778	0.00016688298321902478
13931	0.00019831048426477915
180	0.00017661615601697312
13932	5.513609457668403e-05
10390	5.513609457668403e-05
13184	0.00013604602696243157
7452	0.00020450225679369638
12539	0.00020679848612653855
7709	0.00034398789486046304
1406	5.513609457668403e-05
7388	0.0001571274027114826
7325	9.060188035413458e-05
4822	0.00019627518597052719
2052	0.00011451038080497432
6375	0.0009529843701414897
6884	0.0005536405415165442
13618	0.001995347826701795
11684	0.00022408762869197365
651	0.0001884520078356117
8601	5.84746354186981e-05
13648	5.513609457668403e-05
2330	0.00029063876659107287
6169	0.0007297308888534768
2871	6.450958542354439e-05
6832	0.0001172562309246944
2040	5.513609457668403e-05
4114	7.793767715827945e-05
4234	5.513609457668403e-05
4862	0.00022668723103564853
13113	0.0003491909735979638
11740	5.977586312268188e-05
1600	0.0019683331725193647
2442	9.644036994511918e-05
13933	5.513609457668403e-05
57	7.932344421365146e-05
9325	0.0003769223952124845
3291	9.508588510620552e-05
7871	0.00013545736306118665
13518	0.00024180703978943346
12356	0.00025705534287902163
3876	5.513609457668403e-05
13337	0.00019322693216350338
1382	0.00041418889102854897
1000	0.00012324387687345415
3237	0.0002453800304294771
12349	6.347683500197297e-05
11842	5.513609457668403e-05
13646	0.0002536865480512004
3284	0.00010823415060587789
6945	5.513609457668403e-05
5577	0.00010476077632298557
13524	0.0004986770361520409
13302	0.00019312270084204726
4569	7.112145388463196e-05
13934	0.00027165722947545954
6565	0.0002615215841903524
6708	0.0001412361169858124
10871	0.000185401597592436
9245	7.417306953938355e-05
2277	0.00020430374451456314
1822	5.513609457668403e-05
4740	0.0010276969644629848
3150	0.00014534863097950086
13805	0.00045241737583468097
12590	0.00015054382919773212
1353	0.00021644451873542703
7484	0.0003371341483970677
2682	0.00031986748350239355
5707	0.0010719539742132648
13325	0.00011835748032024645
13432	0.0006474117132086245
2238	0.0002444405420171999
9373	0.00022055496685641684
10555	0.00016401773867066765
10215	0.0003102005209068181
9183	8.087533244214849e-05
12684	5.513609457668403e-05
10490	7.774031823142732e-05
943	0.00019811728249049092
13935	0.00027760740465738564
3609	7.860235071808731e-05
10925	0.0002316706629912611
13861	6.646572255038021e-05
415	0.0011365719769375726
5331	9.604777168280117e-05
13138	0.00010873900685002446
928	0.0001872800252966302
3033	0.0003446608918030951
11308	0.00022871872950482687
13678	0.0001344330149692905
7974	5.513609457668403e-05
7034	0.0005456431294387619
13078	0.00016779713133948987
7147	0.00017308728483649368
13936	0.00027165722947545954
672	0.0001747497467087039
8924	0.00014347025859432895
3389	7.790265472129172e-05
5418	0.00010517278606512459
11194	0.00013350924405432696
10554	0.0002112982466961961
13328	0.0002447721870541905
12612	0.000374431561916778
10752	0.00010665432934974097
9169	0.00038336610350434003
13937	7.308682634687782e-05
13938	0.00012427165418579355
4602	0.0002377853809880778
9907	0.0004678809226134553
645	0.00032613055946191657
6873	9.786452324353896e-05
8307	0.0001186463814370503
12210	0.00037085414535087516
1448	0.00010606245878783059
1133	0.00015740620951322577
13174	8.21754029697079e-05
3612	5.513609457668403e-05
197	0.00010772024943671391
5041	0.0004769105701490162
2370	0.00012650949245137375
13939	5.513609457668403e-05
13300	0.0002437833969786664
6729	5.513609457668403e-05
13710	0.00021715540161698624
652	5.513609457668403e-05
9829	5.513609457668403e-05
9148	0.00016976310240473036
3597	8.571252356244642e-05
7259	6.034358949160644e-05
11666	5.513609457668403e-05
12255	0.00010807268574069222
7950	5.513609457668403e-05
5883	5.513609457668403e-05
9806	5.513609457668403e-05
744	0.0004850824973611294
8205	6.030736584658607e-05
5477	6.854223000207066e-05
568	0.0005541513992624989
242	0.0001585764083431889
657	0.0003261104619390612
7127	0.00010339797743926025
12516	0.0002798135724018079
2730	0.0003576522978503485
5765	7.946514209798716e-05
1763	0.00020843066019990208
2193	0.0001756288216694328
2814	0.00023571965840518818
11056	8.519100254689864e-05
8293	0.00012610279556230438
2083	0.001278804697723902
13940	0.0001923603090828531
4421	0.0001654171712317979
11061	6.381173643557976e-05
13941	5.513609457668403e-05
5020	9.178051487030773e-05
4517	0.00023114545694330813
11013	5.513609457668403e-05
2713	0.00034257059125713006
6164	5.513609457668403e-05
10314	6.0854937094711396e-05
10942	5.513609457668403e-05
13677	0.0001344330149692905
1500	0.0006879862494540605
449	5.693868897031102e-05
8444	0.000202295832674617
11081	0.00011560042106384101
1566	0.001140353289474289
10462	0.00016749368225656315
8312	5.513609457668403e-05
11774	5.513609457668403e-05
5611	8.843029146078085e-05
8156	0.00017841196300249986
3066	0.00010015398473063269
4884	0.0001541203588406163
10120	8.39582360530488e-05
2257	0.000186299811252461
13613	7.371909552828e-05
13942	7.001625091048662e-05
526	0.0005959605613217866
6433	0.000491406210928384
13943	0.00020252166986635005
6599	0.0001734022021968636
8282	0.0006993856734095732
12507	0.0002506946984998735
12250	5.513609457668403e-05
3205	0.0005043612257577843
6127	0.00021507910661367675
9780	7.035637350982917e-05
9937	5.513609457668403e-05
9310	6.232789514603127e-05
6808	9.658890060477464e-05
7415	0.00015089275303755236
1206	0.0003249844390427392
10253	7.032348788682947e-05
1001	5.513609457668403e-05
139	0.00012243007968126748
12967	5.513609457668403e-05
10919	9.525286354262412e-05
13863	0.00020252166986635005
2235	0.000847633440711732
1365	0.0003504489050030994
11009	0.0005353850853173529
8787	0.00047522166191708685
5782	0.0008546680027750227
5368	6.527558397449417e-05
3489	0.0002131573747241628
10260	9.722317668616606e-05
2569	6.970947523611914e-05
6775	0.00010596718025017681
1105	5.513609457668403e-05
5705	5.513609457668403e-05
1703	0.0003341934927767559
5038	0.0007660013625779539
2964	5.513609457668403e-05
8632	9.648595607878046e-05
551	0.00013460121622086425
974	0.0003474926324364703
3616	0.0003380344292303448
12330	8.783100935274969e-05
6191	0.0001208709998764899
8843	0.0006910557272446527
11460	0.00012823649899935247
3853	0.0004207527063294595
715	5.513609457668403e-05
9691	0.00010204230585899343
1029	0.00026979133388269007
11963	0.0008268743284817265
3018	5.513609457668403e-05
13636	0.00035104037419406316
6728	0.00014453819536448112
1717	5.513609457668403e-05
378	0.0012885585502161359
375	0.00010622605111583442
12362	6.298550681190635e-05
11098	7.625849910796856e-05
10665	8.814180666529539e-05
3406	0.0008253416401020575
846	0.0003641848338626119
4657	8.241975456813871e-05
1370	0.0002090934113640244
8046	0.00017918308331940608
7110	0.0002595291107666599
4686	9.198624290110573e-05
2402	0.00018928480743923417
3485	0.0002518484360101875
2	0.00021381098344344461
10558	5.513609457668403e-05
10724	0.00021881614963797767
7897	9.654304557244197e-05
4223	8.688230434079445e-05
2241	5.513609457668403e-05
11911	5.513609457668403e-05
13944	0.00011158404016978099
4375	0.00010805873393969452
4904	0.00018954897236093257
10538	0.0007455552503770013
3219	0.001017096599189576
1433	0.00028618629893352893
250	0.00016350029908318182
10197	0.0002309017528079208
13583	0.0002779644854683211
4228	0.00016290667905621655
4561	0.00016444149269036247
9359	0.00025514033288833365
13323	0.00021150957337879472
13598	0.00013770994091298676
11180	0.00034508888966783556
1130	5.513609457668403e-05
8083	0.0002614272745099861
12790	0.00017243197033405265
12237	6.491093018872861e-05
13087	0.00032911069652222046
13945	5.513609457668403e-05
12592	0.0004097243790140653
10404	0.0005961517204972546
5190	0.0002602186053522965
12890	7.919754887874563e-05
426	7.856982169383492e-05
8284	5.5517130789971034e-05
286	0.000230348775697362
374	0.0031311033963657415
11640	0.00014664988096996722
4957	7.35807168964666e-05
6438	0.00023396769705660796
11632	0.00010267844661003564
727	0.0015516862977978767
11686	5.513609457668403e-05
1554	6.375602694450342e-05
11293	5.513609457668403e-05
4505	0.00010700245946477715
761	0.0016059467205221934
12266	0.00024580269935403474
9697	8.464853527585906e-05
11113	6.9098337385731e-05
2077	6.183144518158429e-05
1893	7.447967117859872e-05
12536	0.0003631193594723465
1678	0.00035837237209563114
8423	0.00038894363348778886
7990	5.513609457668403e-05
346	0.0016938609972238865
11338	5.513609457668403e-05
6206	5.513609457668403e-05
12280	5.513609457668403e-05
13946	8.306242979728938e-05
2414	5.513609457668403e-05
13947	0.00027165722947545954
2943	0.00010267318186117262
9109	0.00025752727469470314
10795	0.00015882773318035646
12683	5.513609457668403e-05
7698	0.00010428267669061251
1423	0.0013271974283039327
5695	0.0001529399842330961
1556	0.00032675154232072843
2051	0.00025674496810305724
2320	5.615495227742973e-05
6273	6.706956311565559e-05
11820	0.00017070883427408535
5200	0.00015559310645806132
2537	0.00026736756193521084
13948	0.00026744604387388864
10159	8.68062387378552e-05
8166	0.00010769429811330377
995	0.00013819928863291996
5464	5.513609457668403e-05
7680	6.250736690401856e-05
1312	0.00010750165808605616
9902	0.00013481863031062787
3533	5.513609457668403e-05
2911	0.0011768035160551354
13839	5.513609457668403e-05
3671	0.00022891442178821146
13698	0.00012593919575123907
8583	0.00042320200214576644
602	0.0013546599511400073
6889	0.0001369323224606603
223	0.0007731421920665572
4023	0.00028774565455496855
12552	0.0001665372079836264
13949	0.0002538645792577578
6537	0.00024268807110235482
11568	0.00016424818816947835
9560	6.183144518158429e-05
9258	0.00014567079358273398
7952	0.00017214946340366713
1816	0.00010420174810618185
3057	0.00029950515611876493
5106	5.732946529988568e-05
7654	0.00019587219970220422
6891	0.00048644752561290854
1296	0.00012636677147056654
13414	0.0016311539909576191
3517	0.00013214193959657804
13732	6.558102681052873e-05
4401	7.371909552828e-05
10327	0.00019894545551525143
530	0.0006157697619377813
3882	0.0001629581921334797
1277	6.450958542354439e-05
1630	0.0011557145907080753
629	0.00029707838539698585
8033	0.00019345808365406483
186	0.0019186687408439109
1345	0.0006150491446371562
2138	0.00034210008828432703
3920	0.00019976178752735237
7187	0.0001558781642465969
9254	0.00019738482847646258
6381	0.00035810844775502966
1545	0.0004069538875678211
3914	6.515589015512337e-05
4159	6.764911069180672e-05
11174	0.0005525566750050379
8664	0.00043399131708575706
11972	5.513609457668403e-05
6338	0.00023121784171173073
5607	5.513609457668403e-05
13517	0.0002952437472650119
4956	0.00039700348209487356
13243	0.0003931275866974402
907	0.00015392942742424538
12833	0.0001568920971636363
8682	0.00032112903349923515
579	0.00021735952139190172
11215	0.00014187844293561084
6072	6.53288500231635e-05
12119	0.0001860054229498297
6315	0.00020173454738270702
576	6.901916208881435e-05
10625	0.0001878601897622234
11489	5.513609457668403e-05
13950	0.0001923603090828531
4448	0.00010052805471400753
477	0.0001839814096533685
12589	0.00025384210776012027
13470	0.0004862206391856084
2533	0.0003748829268237335
5825	0.00013055544448308426
626	0.0002806455296614948
273	6.336602340914046e-05
1325	9.954200501629786e-05
1840	6.45369109386126e-05
6326	6.654387990392429e-05
12757	6.685295813525948e-05
11356	0.0003306935368500579
13885	0.00015667889652068602
1788	5.98228400001142e-05
10186	0.0001252636509126396
1641	0.00012504725384572668
1900	0.00011257324455870535
37	0.00010077264504628391
2454	0.00013719644030086146
8495	0.0001446371950895171
11324	7.467486099747686e-05
11057	7.834129161377089e-05
7062	8.313161319731049e-05
5440	5.513609457668403e-05
3542	0.0003790990278217163
5295	0.00017238144593628328
8349	5.513609457668403e-05
204	7.445938449836725e-05
3665	9.194855301313874e-05
9513	5.513609457668403e-05
13951	0.0002123404258512935
4206	0.0011400709324836356
1449	6.753519137070982e-05
13425	0.0004651158932380127
2324	5.513609457668403e-05
1109	0.0001851476842116824
8618	0.00014776976093801216
8915	0.00014020407691113526
13707	0.0003095449236142585
1443	0.00018386034973727293
1625	0.0008270294578300343
12271	0.00011032539045554665
6158	0.00010913934216842325
1333	0.0006471786866287525
1471	0.00016722140160654774
2043	0.0001585258854681483
755	0.000909197759813876
1727	6.667972163685413e-05
9081	5.513609457668403e-05
11760	5.90575124541222e-05
11472	5.513609457668403e-05
2659	0.00010200354881098581
3487	0.0002049246855894142
7879	0.000102416487563192
12859	0.00020652471557293668
5484	5.513609457668403e-05
8587	0.0004948391989606805
1280	0.0003625236440760311
2900	0.00020932723886892294
8486	0.0002898097960085022
11755	5.513609457668403e-05
13952	5.513609457668403e-05
9268	5.513609457668403e-05
130	0.003426489167560032
11134	5.513609457668403e-05
2340	0.00020549966534762703
2928	0.0003627564656648768
6387	0.00019623325366242966
10487	0.00024941086186960204
1959	0.00014034275713487244
11411	5.513609457668403e-05
13953	9.836718733872922e-05
5834	8.107067161796822e-05
4643	0.0002893000794899377
12981	0.0005512588005795897
7351	8.80830049259174e-05
10564	0.00012231123581808777
3147	5.513609457668403e-05
8047	7.341858850713352e-05
4329	0.00011743808584735349
2522	8.947250797155761e-05
2305	5.513609457668403e-05
983	7.554738645440042e-05
10582	0.0003031946987119479
3649	0.00028542696302147845
3830	0.0012390348745607383
11300	5.513609457668403e-05
13954	9.32428373005997e-05
7085	8.075345230074891e-05
1799	5.513609457668403e-05
1075	0.0006502683551273426
12595	0.00010540544848111182
11657	0.00015845886435089735
4917	0.00020307499751519965
13955	5.513609457668403e-05
9730	8.708342375649969e-05
6787	8.804002361209103e-05
141	0.00016947837570274125
13673	0.0003789051037503972
4417	7.980711949197715e-05
13956	0.00012427165418579355
772	0.0002805515837198696
497	0.0001810799303956792
13824	0.00017598854871199495
252	0.00021225570969778362
13840	0.00022669010370318294
13119	0.00017127991626405309
6043	0.0004761580514942654
7901	6.889300778525258e-05
12103	5.513609457668403e-05
4366	0.00019910846007540023
292	0.0006129649379403141
13957	5.513609457668403e-05
2590	0.0003042415489398869
6236	0.00013505174095505758
11104	0.0002715406310948594
13605	0.00031286826733396123
2765	0.00013849777924788975
8404	5.513609457668403e-05
13958	0.0001923603090828531
12786	5.939677223434783e-05
218	0.00027051528501414584
1807	0.000330402491449345
8337	6.71547279121258e-05
11560	0.00030329844912971266
9666	5.513609457668403e-05
5975	5.513609457668403e-05
6725	0.00026420080288087254
3392	8.216736711705595e-05
13959	9.339028978737847e-05
9452	0.00030607747807451615
4610	0.00012597121614728985
4939	0.0003516435697835927
10480	6.443351134866293e-05
158	0.00027080306091254857
11017	0.0002562621963415215
7379	0.00018340638621621678
8825	0.00041294364198537825
10878	9.396546371280619e-05
3116	0.00019068770292171295
147	0.0004647187167004334
5907	5.513609457668403e-05
9396	5.513609457668403e-05
12367	5.513609457668403e-05
4018	5.513609457668403e-05
4800	8.289829547818728e-05
6665	0.00015330616279684154
9568	0.00016317744734662353
2658	0.0002941786188308411
5543	6.394784308363131e-05
2840	7.856982169383492e-05
2381	5.513609457668403e-05
5670	7.808443469503833e-05
985	0.00019371617379462645
6275	5.513609457668403e-05
5408	0.0001492545505069808
10930	5.513609457668403e-05
11698	5.513609457668403e-05
5184	0.00062889544037572
1432	5.513609457668403e-05
3443	0.00013781962847219295
3619	0.0016487767928624177
610	7.149667198757626e-05
55	0.0003716803349775921
13960	5.513609457668403e-05
4451	0.0003282989859025665
1190	0.0009428146097060012
11485	0.0002873868331695779
9295	0.0001487538772073226
13961	7.075857932145129e-05
9170	5.513609457668403e-05
5248	0.0002347857626448388
4903	5.513609457668403e-05
12642	0.0001268642680367103
11878	6.438287475248289e-05
8630	0.0009488469193440992
9515	0.00011229437685931188
2316	0.00010095359656342332
13962	0.0001344330149692905
7743	5.513609457668403e-05
1713	5.513609457668403e-05
2409	0.00028400836938351757
1400	0.00023433059916124385
10875	9.48355406706311e-05
13303	8.092927676219908e-05
7372	9.061124665806096e-05
1131	5.513609457668403e-05
1082	0.0001621655780730853
1574	5.6245893568350756e-05
2240	0.00018269006887728284
12593	0.0002114493861921906
10100	0.00026732528635603015
11557	6.052450893589792e-05
2192	0.00010329025842957716
8686	0.00010501946210424233
4662	8.628699408730808e-05
11154	0.0001331171975882627
38	8.705893229719964e-05
5245	5.513609457668403e-05
2167	0.00010160165693731701
7228	0.00014513322701735558
10659	0.0003701574205138515
9414	0.00015243532649797053
7180	0.0002301926114784126
1592	0.00037756573401904504
2266	5.513609457668403e-05
4571	6.149163945411314e-05
9763	0.00028658101631915203
13963	9.095105909100932e-05
13528	0.0002617089426635698
5449	0.0002687206869601091
2957	0.00011534244689423334
9877	0.00014300746861184072
13964	5.513609457668403e-05
6874	5.513609457668403e-05
3871	0.00011789312650484085
7819	0.0001231073133727421
3090	0.0003991696122344992
2884	8.82822213210973e-05
6768	5.513609457668403e-05
10706	5.513609457668403e-05
1358	8.377742843576058e-05
3202	0.00011312892525839802
10330	0.00016172490835352155
13965	0.00022780664269004338
5192	0.0005481651841582303
13966	0.00013022182936771957
5276	0.00016143759394370998
5810	0.0001240873436872588
7056	0.0010304798899792016
8785	0.00014897198058945062
827	6.305628721783769e-05
13240	9.966134164667343e-05
2947	0.00014835160745513878
1771	0.00011338662496964411
13745	0.00013022182936771957
13967	0.00015799336023111449
13968	0.00020951874976032607
4270	0.0002799181033758471
7322	5.513609457668403e-05
13423	6.840569204576616e-05
1604	0.0003389060394972123
12835	9.491964323518718e-05
13152	6.467058632414141e-05
5352	0.0002635663264454018
7425	5.513609457668403e-05
7677	5.513609457668403e-05
2021	5.513609457668403e-05
8517	6.459575643366789e-05
1867	0.0004007358991277613
9485	0.0001753025269100674
3715	0.0006922997776572767
1904	0.00021834812647165066
6519	0.00023075316533588985
12262	0.00036774001276534165
11585	0.0002614404683884582
2837	8.293330569061652e-05
13969	0.00042893417212740435
1186	0.00011353892451847338
11246	0.0003152782580680754
11260	0.00013366329976785324
1608	8.852827079301078e-05
7220	0.00014560261324731764
10850	5.513609457668403e-05
2755	5.513609457668403e-05
12799	7.091427400415901e-05
6835	0.000122549391807273
1242	9.685298920453022e-05
7345	5.513609457668403e-05
2431	0.00010374916190207146
8913	0.0003299345913537055
10907	0.0002752406373204239
2101	6.254322890699968e-05
13970	5.513609457668403e-05
1143	5.836954179440751e-05
11544	0.00012195765793869548
3264	0.00021584384230026045
5279	0.00022810285047488284
13505	0.0003000203229824856
1185	0.00013257516037811298
5838	0.00019599195434316687
3340	9.157551078109371e-05
418	0.00016295583284448075
9475	0.0008269580943153795
12575	0.0001068787511378892
9667	5.513609457668403e-05
10776	5.513609457668403e-05
1123	5.513609457668403e-05
1555	5.5864857355063753e-05
8668	0.00012699614755236569
5786	9.122416251819676e-05
10036	0.00010131989250700734
9307	7.1837990512377e-05
3439	0.0001654399692688385
7377	0.0001805502253835415
2215	9.898010413091985e-05
10202	0.0001308129876247375
8584	9.034349170868427e-05
2805	0.0003621514915806149
4224	0.0007617088707049109
13971	5.513609457668403e-05
11041	0.0002575860234689496
5902	0.0001830164129365954
13187	0.0002208178655325729
4701	5.513609457668403e-05
7408	0.00012320997937055665
6226	5.513609457668403e-05
2194	5.513609457668403e-05
7521	6.609212283924808e-05
534	8.291137482971516e-05
7959	0.00018573260836963565
5714	5.513609457668403e-05
6134	0.0001766613888978906
1321	0.00010334563489047564
123	0.0005918571121123244
12728	0.0001138589332346946
13972	0.00020252166986635005
8631	5.513609457668403e-05
2949	0.0006050333528685435
690	0.00012157854834986235
11128	0.00045590426919039895
10652	0.00012688013157706514
9595	0.00012839365870916553
3856	0.00017209988766119145
12148	0.00012645160342245913
1970	6.868152375136928e-05
12518	0.0005906384466897884
1529	0.000119937996711967
11020	0.0001903530506686717
10761	5.513609457668403e-05
11733	5.513609457668403e-05
3953	0.00028529031437202743
12732	0.00019097521944713036
9360	7.474234898193422e-05
11527	0.000294596662387569
2530	0.0001304960764142316
3221	0.00018877062749073312
1071	7.235935797915853e-05
10473	5.513609457668403e-05
10470	6.194683179902005e-05
1498	5.694931590851958e-05
5496	0.00011579163509879212
13973	5.513609457668403e-05
6839	0.00010272301872071648
11494	9.363938513059467e-05
11717	0.00040313898624975286
13654	0.0005434008212459418
7422	5.513609457668403e-05
7850	9.94273027837993e-05
2795	0.00011011534207988903
7813	8.50762064355921e-05
13610	9.787705721575008e-05
7137	0.0001762198877808436
1734	5.8962715784753106e-05
13893	0.000511108363689031
277	5.513609457668403e-05
11665	8.709041326825434e-05
13859	0.00020252166986635005
2811	8.99854181606003e-05
1685	5.513609457668403e-05
11049	8.692581048177201e-05
13974	0.00012427165418579355
776	0.00025686135414753985
13975	0.00011525034833026015
13976	9.952790314524893e-05
9562	5.513609457668403e-05
13645	0.00012718269689169029
7011	0.0002768527179150559
10650	6.325952708209113e-05
809	5.513609457668403e-05
11551	0.00023870131035437432
9074	0.00022050973794537275
13626	0.00032062193924084205
803	6.930288182649677e-05
8783	0.00032832191209439135
12647	0.00041241902778122504
3453	8.221805817312827e-05
9299	5.513609457668403e-05
2046	0.0001652028955787212
13977	8.378620157694647e-05
13978	5.513609457668403e-05
9119	0.00018619367883027427
2086	0.00021696685468873618
6152	0.00014433653532036565
10698	0.0002020506839427739
1155	8.95030057591085e-05
2326	6.634994987895964e-05
3303	8.389915912839383e-05
10896	5.513609457668403e-05
11224	0.00019000857721715328
4926	5.513609457668403e-05
9022	0.0004974679037440935
12185	5.513609457668403e-05
12439	5.513609457668403e-05
11627	0.00012543727592813667
1	0.0012430005338410412
6044	0.00015158212334689293
12726	0.00011481231510658842
8808	5.513609457668403e-05
9427	0.00010579042768527736
463	0.0005278738918172907
3531	0.00014734222091988242
13453	0.00021661288534933934
1114	0.00021331921421987313
13099	0.00023906463459379116
13175	0.0002482235797676745
6561	5.513609457668403e-05
12151	0.0001385704610513865
12903	8.34895288022494e-05
4455	5.513609457668403e-05
12028	0.00021150389454077453
11093	7.739585873818106e-05
1832	5.943222868887397e-05
12650	0.0001434508934626079
896	0.0008504628895446318
9176	8.557996220858426e-05
13511	0.0007008854755656665
2022	0.00016821151846877974
2399	0.0001785991878360069
12497	5.513609457668403e-05
7071	5.513609457668403e-05
4899	8.583336358777718e-05
13979	0.00020252166986635005
13980	0.00027165722947545954
8771	0.0001599775559044061
4612	0.00030271030678121727
2609	5.513609457668403e-05
3253	0.00012846452515626646
6616	7.337704780312459e-05
6716	5.513609457668403e-05
2318	0.00013991507100492476
9161	8.26526489229574e-05
4856	7.987908951635506e-05
1113	7.331818064991409e-05
8353	0.00010128490561687957
10264	5.513609457668403e-05
2030	0.00010177350013971105
6296	0.00010063806052616295
6861	0.0004669191178301067
1998	0.00018416003832532523
6763	8.763467218865608e-05
2121	0.0001182728138618828
10417	0.00038566042339326475
3339	0.00014704195603356144
2978	0.0002008954020559651
11167	0.0002345574443650691
2681	5.513609457668403e-05
11998	6.685295813525948e-05
7251	0.0003299549031580113
788	0.00012958696139555993
1265	0.00011913056286549836
1588	7.449713506300826e-05
939	5.513609457668403e-05
938	5.513609457668403e-05
2449	0.0002858609316595069
4785	0.0002676206865768769
4012	5.513609457668403e-05
5793	0.00021779623395012533
4630	0.00015566715545835494
7027	0.00018713600823655924
10707	0.0005107173841283464
7173	5.513609457668403e-05
1697	5.513609457668403e-05
11926	5.513609457668403e-05
9717	0.00011573155146642647
6547	9.593183792168381e-05
11320	0.00017137199555659782
13788	5.513609457668403e-05
13981	0.00019831048426477915
3021	0.00014906869795422044
6872	7.856982169383492e-05
10753	6.626861331514139e-05
2276	0.00014206995330114282
3308	8.010359284399334e-05
8408	0.00012288253509587285
11689	0.0001639196938667944
11757	0.00011879648749655566
12961	0.0012312692355834825
1681	0.00012831738507928215
12898	0.00016804880918509443
10195	5.513609457668403e-05
13653	0.00011662047885124382
3481	0.00012245065646234617
9924	9.337870591472362e-05
4958	9.452212677131452e-05
13058	8.244876242805365e-05
3836	8.601137516786172e-05
1137	0.0002155002101970114
12492	0.0005077112851140171
2567	0.00015134185389071867
13426	0.0002891737625742983
11815	0.00020005793580705583
259	5.513609457668403e-05
795	0.00022138011246858406
7624	9.363053088288359e-05
13982	0.00012322474947374358
8026	0.00011448781712776414
13983	0.00020951874976032607
13984	0.0002786543093694356
13985	0.00012986214164499842
8369	6.261209005933472e-05
7	0.0002100971000787821
4090	5.513609457668403e-05
3272	7.856982169383492e-05
11734	9.85296584162334e-05
2302	0.0004994929734883104
11476	0.0002411750311591354
4628	0.0001389361000829153
5319	7.49857394332742e-05
13037	9.68404600797705e-05
5456	7.35844649162587e-05
588	5.513609457668403e-05
13324	0.00038582556773024065
13480	0.0001679100968386599
13882	0.00039531704962051463
8697	0.00013936004065232932
3722	0.0003774462930762636
5151	6.450958542354439e-05
10547	5.905313154188965e-05
9884	6.450958542354439e-05
2212	0.00010693649244528447
1508	7.996622188703383e-05
9958	5.513609457668403e-05
6359	0.00014619571204019195
10252	0.00016752073128710956
5495	0.0002738762172299516
1084	0.00011291220064072455
8111	0.00019263100704798136
43	0.0001467657673766451
10852	5.513609457668403e-05
10754	5.513609457668403e-05
11672	6.715729225366403e-05
13986	5.513609457668403e-05
3942	7.48764879413438e-05
7341	5.513609457668403e-05
11448	0.0001678369321520379
2227	6.230216689154719e-05
1733	6.0994112700702414e-05
13987	5.513609457668403e-05
2162	6.756756270391722e-05
3316	0.00018256701621476802
3196	5.703702222610925e-05
3495	6.394784308363131e-05
3088	0.0001112228031415974
10419	0.0001788094050980416
13330	6.251171505408426e-05
9327	5.513609457668403e-05
894	5.513609457668403e-05
13988	0.0006788219285935573
11962	0.00040035412970242643
10262	0.00011769111379981108
10025	0.00025354811782614633
7994	5.7824643545315515e-05
6714	8.158810154875395e-05
13747	5.513609457668403e-05
11	0.0006109497707422877
10916	0.00014133737087154198
3535	0.0005376649640475727
2042	0.0001051013727518664
9527	8.879494437207493e-05
12940	0.0001165924397192404
10879	0.00045364075079567677
4592	0.000549127784327657
4980	0.00012291126492982026
3095	0.00011505554891694502
8465	7.148734209983101e-05
3395	0.00015319683554821013
2312	0.00018676681982282597
12450	0.0001359768426072577
8458	9.18507964474317e-05
10922	6.149163945411314e-05
5347	0.00012602762780615135
9726	0.00039906061801338056
6999	0.0003761416016170658
8070	0.00010456665789309685
5669	0.00019024743782057783
8743	0.0001664457549307314
2423	0.00031433862739437365
13989	0.00014172528030707162
13990	0.0002818889816086978
13689	7.591465569414653e-05
4054	0.0007179372933472922
7247	0.0003810794738532891
9724	5.513609457668403e-05
13991	0.00012322474947374358
13992	0.00012322474947374358
2733	0.00010005800702802233
5388	6.306297782061282e-05
2618	0.00032161021963115436
2617	7.351523997585146e-05
5824	5.513609457668403e-05
5787	7.772377029062405e-05
7912	6.328358147650095e-05
3849	6.149271781088281e-05
7018	0.0003507689387278333
4316	5.513609457668403e-05
3954	8.841584632199076e-05
7227	5.513609457668403e-05
4117	0.0001250589615646949
9136	9.374142514138292e-05
10829	0.00022701244730643128
1318	0.0002569237058095396
13318	5.513609457668403e-05
13366	0.00025364199947616045
479	0.0001236164071896058
2965	6.964792702451013e-05
3838	5.513609457668403e-05
2481	0.0002885141056909195
4751	0.0003304081238456509
607	0.0001402835101894875
4093	5.513609457668403e-05
7010	7.980143668124962e-05
10759	0.0004117464613225111
732	8.399422714943196e-05
9511	0.00010347976310043662
11245	0.00012404760712707194
8056	7.86489180744391e-05
8024	5.513609457668403e-05
13993	0.00020252166986635005
4276	5.675221368821167e-05
10190	0.00019814044795787888
7352	6.450300322312458e-05
6325	8.696029738343765e-05
3923	0.0001363153764371844
12215	0.00015008716935562935
7873	0.0001442137718597045
1343	5.513609457668403e-05
11346	5.513609457668403e-05
4244	5.513609457668403e-05
13994	5.513609457668403e-05
4573	0.0017591947504578588
2666	0.0015250565292256996
209	0.00031825388290492767
12711	0.00019452449045367145
11188	5.513609457668403e-05
12943	5.513609457668403e-05
13995	9.462782248582227e-05
405	6.85648115100608e-05
10527	5.513609457668403e-05
5764	6.988483062113718e-05
13996	5.513609457668403e-05
13997	0.00017283867038159163
5148	5.513609457668403e-05
11313	5.513609457668403e-05
4953	8.774744848787699e-05
3610	0.0001569781841705559
10324	0.0002950143171599408
10513	5.822776420162498e-05
1493	0.00022074599687534784
11164	6.030736584658607e-05
8009	0.0003235317076283163
12336	0.00011543143538208757
8289	0.00018984893748115873
13998	0.00019831048426477915
539	0.0007466251219499126
5794	6.106278317678173e-05
5818	5.513609457668403e-05
7846	0.00010152648728824364
10742	0.00026140819244986694
5726	7.708058878138723e-05
5638	0.00036712898925466873
4215	0.00019164072256095454
11654	9.282569308104318e-05
3137	5.513609457668403e-05
11141	0.000625028146401911
12224	0.0003048332906643354
7943	0.00010197089030539283
12322	9.397729962406566e-05
203	0.0003971630409721944
5881	5.513609457668403e-05
5338	0.00016417294324324114
8028	0.00018033363407465983
578	9.242384198055787e-05
8561	5.513609457668403e-05
782	0.00030827818659166073
9477	6.50398390914101e-05
10357	5.513609457668403e-05
1871	0.0005275959642034427
13999	0.0001344330149692905
11301	8.292172071441087e-05
11182	5.513609457668403e-05
9517	0.0013163534616046882
2818	0.00028995466001339966
3355	0.00010200354881098581
656	0.00044284057730458246
3333	6.450958542354439e-05
6843	0.0002167943643475922
6223	5.678381874224947e-05
9209	0.00015837234852267745
12489	0.0002459995984251114
8993	5.513609457668403e-05
5182	0.00020100898010103166
852	0.0006752010420501667
9403	7.428015809918174e-05
1093	0.00017513131878230933
11189	9.445174780299602e-05
14000	5.513609457668403e-05
8378	9.620390526283041e-05
14001	0.0002035685745784
2406	0.00019244649218178026
148	0.00014613711896120695
10644	6.167666670418932e-05
3423	6.099951522072712e-05
6916	0.00012144682420879967
5864	0.00023978379536906253
2667	0.0005283482213679968
7631	0.00012413127842408048
13299	0.0002845818236615072
9737	0.00019638078133664286
11303	0.0002378402138271773
13787	0.0002827989996064615
9130	5.735068409366182e-05
735	0.0007152858190364832
5663	0.00012289419910087583
2583	5.513609457668403e-05
5355	5.513609457668403e-05
6871	0.00011640896133819273
3210	5.513609457668403e-05
4205	0.00013338628314397134
10441	7.783854533566058e-05
13132	5.513609457668403e-05
9586	7.113961553473829e-05
5336	0.0002998707066681433
9331	8.982283196203223e-05
235	0.0003871245094105118
8436	7.495249318711008e-05
1017	6.788002298131299e-05
6701	5.7947145013039214e-05
12315	9.072717150926729e-05
13708	0.0001344330149692905
13234	0.0003193299353825984
503	0.0001472452513668928
12098	7.295597103737048e-05
33	7.445009672647041e-05
11811	7.644957913019582e-05
2281	0.0001946440688136941
12993	7.863480898046116e-05
8566	0.0001278169854554277
7087	5.513609457668403e-05
1076	5.904171576287585e-05
11619	9.313485026225476e-05
13650	0.00010160690169555155
10431	0.00015246535168499253
577	8.900145209104492e-05
1927	0.00011007925155815694
14002	0.00012427165418579355
8862	0.00010271150278150622
4726	0.00010203285081580258
2885	0.00013755053278181507
14003	0.00010941003117209255
14004	0.00021727951323033263
2437	5.513609457668403e-05
3529	9.65859430983067e-05
10656	0.00013108349989244717
6348	8.927689889468926e-05
13740	7.672326309569875e-05
3240	0.00012889191502920712
2426	0.0002027548724454541
14005	0.00027165722947545954
11644	7.072739936119974e-05
929	0.00014418394537496712
4446	0.0001375243543064611
9027	0.00017767814581253212
9856	5.513609457668403e-05
4153	0.00013527966438874728
10109	0.00012863648915597758
9712	0.00023315667205873122
274	5.513609457668403e-05
9550	0.00021695666184456898
11114	0.00014901766905290811
4166	0.0002541242856745013
1147	6.294733694906765e-05
9200	0.00022135793638167087
4648	0.0005474317231896754
8372	0.00012122958222832622
3552	5.513609457668403e-05
14006	0.00010323861133167147
5179	0.00014482165290528
14007	5.513609457668403e-05
1330	0.00013826032023469788
6055	0.00010731262987450637
4017	0.00011636625748832845
6076	6.336602340914046e-05
810	0.0001612857782036783
6225	0.00012323332528206633
10387	0.0001112021142681241
72	7.87741222296233e-05
12599	5.999417319390709e-05
3917	0.0001320798279800191
12628	0.0003789220361519145
10695	8.219270899741292e-05
10344	9.712334668821924e-05
671	0.00012453988566143073
14008	0.00027760740465738564
11792	0.0017103309171553648
12653	0.00031555316918508103
3204	0.00012743341988620738
2090	9.671173747829024e-05
19	0.0001542501001368696
1946	6.927825805150427e-05
14009	5.513609457668403e-05
946	5.513609457668403e-05
13683	5.848376987913416e-05
10321	7.138182347196472e-05
6219	5.513609457668403e-05
6069	9.277597276847793e-05
3973	5.7594084891928595e-05
2287	5.513609457668403e-05
1204	7.691043996532643e-05
590	0.0001256127297809725
8267	7.259177998438296e-05
13007	8.123732299624269e-05
12617	0.00011915287819930465
175	0.0001575172866910278
9796	8.325290437675428e-05
14010	0.0001923603090828531
14011	0.0001923603090828531
10908	0.0002700149955101376
4635	0.0001523753099408637
14012	0.00018868876289075136
17	0.0008045579681932524
2261	9.594662767841653e-05
9429	0.0001346388552884416
2544	5.513609457668403e-05
324	0.00016469078537106354
1104	5.513609457668403e-05
3997	0.000335167719764943
9261	5.678381874224947e-05
11533	5.513609457668403e-05
2728	0.00015572233720433765
5686	0.0004149669079586868
14013	0.00012427165418579355
7318	0.00016043547762310372
12254	0.00012513113021137644
12051	9.911398581920493e-05
5231	7.02046599573017e-05
10081	5.513609457668403e-05
7860	0.0002754590040323803
14014	0.00010036932790657307
11279	0.0001865018828853737
6552	0.00011939250007254784
8081	0.00010470249084762576
10660	5.513609457668403e-05
8389	0.00010066821271813018
2894	7.775001531262022e-05
9229	0.00011959802297424238
12061	9.04034773518816e-05
8314	5.951618381517209e-05
9804	0.00019783624813525663
6973	5.513609457668403e-05
4410	9.469516534898974e-05
9982	5.9637499121140304e-05
14015	0.00027165722947545954
14016	7.341674266357387e-05
785	0.000329507867616824
14017	0.0001993573889768291
5811	0.0002135815104643643
10606	7.649596378589738e-05
11439	0.00021853406882682555
12269	0.00038492480145071
2839	0.00021609098142423759
6499	9.995541944239451e-05
12553	0.0004444175991377565
6075	8.808588935571544e-05
10181	0.00022073400353815901
11663	0.00014652071137997077
6952	8.547576407704086e-05
3513	5.513609457668403e-05
14018	0.0001923603090828531
584	8.727312235250674e-05
4645	7.25311359650875e-05
2701	6.149163945411314e-05
10673	6.57420601607544e-05
5899	5.513609457668403e-05
6593	0.0006933599059700423
13458	0.0003334833775033177
168	0.00039559599407934884
4258	9.903698770241079e-05
9063	0.00015997125139782323
8755	0.00010200354881098581
2435	0.00016699848127937802
2374	0.0003241622080123502
13529	0.0001332650305106839
3216	0.0027865182169621895
4233	7.937223753395943e-05
1414	0.00015607819555286883
5052	5.513609457668403e-05
589	0.00023497444370407328
8194	0.00012025164989764122
14019	0.0001344330149692905
8050	0.00022712583847399036
7417	9.820590013349479e-05
3670	0.00010429790539220719
2469	0.00027779899845324814
340	5.513609457668403e-05
4679	0.00033992241200064724
10940	6.711389276267697e-05
11576	5.513609457668403e-05
13669	7.51707278491576e-05
9425	0.00011170776410197709
8290	0.00015051561421778405
8490	0.00014314120155617507
10219	6.68089097760167e-05
10312	7.559092411779842e-05
14020	0.00011188559896458617
1579	0.00020285364007509266
1089	0.0008684086868923093
14021	0.0001344330149692905
1372	7.354951337486292e-05
5498	5.513609457668403e-05
8695	0.00014213956865042116
1876	0.0006341173487755166
10810	5.8934139700969165e-05
6898	0.00030605382720509227
8441	5.513609457668403e-05
7019	0.00016272470083646468
5112	0.0002841248664548651
9866	6.947360920222861e-05
7560	0.00016981031128463796
897	9.997692364645383e-05
78	5.513609457668403e-05
4738	5.513609457668403e-05
12244	0.0002925207639820119
5227	5.513609457668403e-05
6435	5.513609457668403e-05
3304	0.00015069882997213068
14022	0.0002035685745784
10540	0.0001081773572286471
1911	6.492583285291193e-05
11806	0.00015411988771522675
1528	0.0002624341474448569
737	5.513609457668403e-05
12168	0.00013790803408247665
6304	0.0001268316975915951
2145	0.00017827165983032154
8928	0.0012838329437428733
7499	5.513609457668403e-05
887	0.00014118633565538615
11675	0.00025637559596038107
5731	5.513609457668403e-05
7024	0.0008737316540860599
9058	0.00024687685193315443
1798	0.00024279427392327095
2742	0.00016537198673792508
6064	7.631649418062668e-05
10418	0.0001165401295969739
4318	0.00040799382674105457
4219	8.271524948474108e-05
890	9.463848894033415e-05
6754	0.00010712040930194728
10059	0.00016264068489204756
3540	0.00011665545493844923
6395	0.0001493506519199889
2143	0.0006115732637617022
11507	6.806960634586852e-05
5887	0.00027442689407414933
2468	0.00045677845267685045
7648	0.00040368959211928084
3845	0.0004873640276030734
12153	0.0003093932218240532
10786	6.110293423880742e-05
6392	7.916361490087299e-05
1719	7.525549929532306e-05
3362	0.0005138377692195979
12813	0.00033628110096331563
5134	0.00013678140070754976
11690	8.859162656998072e-05
1118	0.00016588897348253186
13891	9.521574252856156e-05
1401	0.00012840593498543473
11425	0.0006360345245122532
1915	0.00011848826974132477
1796	5.513609457668403e-05
2724	0.00023680640400195688
1735	0.0003854191489221882
3119	8.267831388134424e-05
5065	0.00030138291622571373
5826	0.0002452581647076361
10949	9.700710354173346e-05
8409	5.513609457668403e-05
8855	5.513609457668403e-05
2897	5.513609457668403e-05
10277	8.9284011650595e-05
14023	5.513609457668403e-05
9	0.0004831741150398008
13586	0.00019831048426477915
12396	5.513609457668403e-05
5506	0.00013862574551057598
14024	0.00018851305910146397
7790	5.513609457668403e-05
5442	0.0002996925978834493
13057	6.195299256178674e-05
6005	0.00011314123708524646
3266	8.028745300953338e-05
2500	0.0001348870373028188
12478	0.0002216212485311008
13748	5.513609457668403e-05
12700	0.00021632124249637463
4163	5.513609457668403e-05
977	0.00010920039951254474
6745	9.128347260011353e-05
4655	5.513609457668403e-05
10413	0.00010786198059027353
8514	0.0001834253577684587
14025	0.00012427165418579355
4519	6.133958613064283e-05
12626	5.513609457668403e-05
10334	5.513609457668403e-05
132	5.7667451748690744e-05
7591	5.8989354304017196e-05
10640	0.00018580916681399913
8432	5.513609457668403e-05
11258	0.00011573945815179502
7865	5.9157083485081874e-05
10929	8.873434521311789e-05
7312	7.396953976205167e-05
10699	5.513609457668403e-05
3721	5.513609457668403e-05
2806	8.504960229819861e-05
4860	7.896397022331338e-05
4725	0.000198848973435187
9365	0.00015208768164099362
10267	0.00022965553934993453
10525	0.00015883032888997346
14026	5.513609457668403e-05
10835	5.513609457668403e-05
625	0.00020420610540805806
1626	0.0002031029914407128
981	0.00019443137258654802
7616	5.513609457668403e-05
14027	5.513609457668403e-05
3053	0.00011198632078776271
3112	5.694931590851958e-05
2582	0.00012003891670957388
11758	0.0002903543457597332
3850	0.00010966729377826612
2950	0.0001407422637346937
3594	6.876368088078839e-05
6953	9.934978521204251e-05
14028	5.513609457668403e-05
9280	6.56725543242374e-05
14029	0.00027165722947545954
8596	7.634979875006018e-05
9499	0.00023328023979145833
5833	5.812087824743225e-05
1736	0.00021594062054953957
14030	9.590308047912742e-05
14031	0.0001993573889768291
6024	0.0008234014810222265
11463	0.00024342450161312168
12722	0.00015287939604825016
380	0.0003391520272693263
10004	0.00037645426982004236
8183	7.738501592216755e-05
8544	6.358154114239992e-05
3103	5.760280269427886e-05
11916	5.977586312268188e-05
8052	8.029556656770888e-05
14032	0.00034674296426649514
11249	0.0002510007058356001
9808	0.00021131464587814268
14033	0.00014423175254065418
8218	0.0002547207767290332
5340	0.00019728922369401767
10993	0.000115898860598168
10848	0.0002038328141383447
3466	5.513609457668403e-05
280	5.513609457668403e-05
12431	0.0002835368465682282
14034	0.00034674296426649514
3687	0.0001335259314825438
7292	0.0002924416238287927
9611	5.513609457668403e-05
5783	9.673505423517928e-05
14035	0.0001923603090828531
11747	0.00010230759287976356
2650	8.921726291855761e-05
14036	0.0001344330149692905
4259	5.513609457668403e-05
3972	8.936899920412267e-05
4509	0.00011807874526692874
12070	0.00022365077226110211
1214	8.850751141094773e-05
2135	0.00011272735128283232
6783	0.0002660869376290183
12154	0.00011303761146288434
9814	0.00010708863944128893
7454	8.904444685647512e-05
7073	0.00028914537066680496
4218	7.593154853359026e-05
14037	0.00021547577595068589
2763	9.951889665997364e-05
7793	7.494157775756252e-05
1420	0.0005294663005640667
3812	0.00017954229778427473
6617	0.00012447211532403562
5242	7.603565529842998e-05
3217	5.513609457668403e-05
9112	7.075857932145129e-05
2836	9.807167479306168e-05
7891	0.00028558744441176527
2360	8.191540882778432e-05
12602	0.0001091953424929402
13263	0.00013796727218578627
2084	0.0003422194659834233
2661	6.583809596997387e-05
9661	5.513609457668403e-05
2913	0.0013087986996929046
13868	8.912388386474196e-05
1896	5.513609457668403e-05
2063	6.753292619591847e-05
1238	0.0002899119816412422
2505	5.513609457668403e-05
10457	6.852679578648453e-05
11771	0.00010772064297348387
7820	6.515789945282984e-05
7450	0.0002810972500299742
12774	7.075857932145129e-05
2630	0.0001989361805171527
7909	0.0001557359347205441
1686	0.00027183046955318716
3422	0.00010522786354957695
12340	5.513609457668403e-05
14038	0.00027165722947545954
11768	5.513609457668403e-05
23	0.00010465379732577679
8563	5.513609457668403e-05
8579	9.82316237609776e-05
262	6.450958542354439e-05
5736	0.0002707459422729411
1025	6.615955873072953e-05
476	0.00017761436489612033
7254	0.00011029677052994748
1167	5.513609457668403e-05
12504	0.00021730831788631115
563	0.0008120400349011093
5859	0.0001817110089099417
9201	0.00011402513331323165
14039	0.00013022182936771957
14040	8.914685810701366e-05
8760	5.513609457668403e-05
5147	0.00018516354915800232
10216	0.00025174968926984715
1054	8.861627711453242e-05
10818	9.917412741190898e-05
6575	6.674195147125075e-05
14041	0.00020252166986635005
12946	0.0002934649449777138
11019	8.977755172450853e-05
692	0.00014094326914306803
10557	0.0003183856009538512
11897	0.00020612417162812279
5572	8.503718444262623e-05
3449	0.00018654452653721524
5673	5.9212532657513876e-05
2677	0.00018569237833310692
9006	9.137672960402225e-05
1558	0.00014142105443508808
11219	9.365391055058195e-05
14042	0.00019831048426477915
1288	5.513609457668403e-05
12884	0.00020959028055440285
355	0.00017479126685980434
12436	0.0001896642975280683
948	5.513609457668403e-05
2291	5.513609457668403e-05
7529	0.00012543727592813667
6352	9.265373432850406e-05
13332	0.00027970978377005927
1855	6.123094410331992e-05
2581	0.00016124402888500542
5420	0.0001519784219501571
13021	0.000190761732735074
13492	0.0001344330149692905
127	0.0003354585368282837
14043	8.365867169928955e-05
6756	0.00014973583181761196
4010	0.0001162518401178444
6590	5.513609457668403e-05
14044	9.8630508850217e-05
5444	0.000124652541397731
12190	0.00027363143673294363
9193	0.00023235499553520597
3895	5.798383890756587e-05
2012	0.0004019625872056826
13674	0.00012452661323764536
427	0.000510619162874574
9038	7.06185970821878e-05
5804	9.998533098916991e-05
11227	5.513609457668403e-05
12573	6.943550154139228e-05
6132	5.513609457668403e-05
5744	0.00015822149217963405
1304	6.937593493060665e-05
10240	0.0003173034323075318
6210	6.516810504731343e-05
1072	0.0003975667685243781
7335	7.805465077151142e-05
12387	8.177567164521199e-05
10221	0.0001259915392355844
473	0.0002517001922875192
10938	5.5517130789971034e-05
8416	0.0002244909222926015
1759	0.00011321523832032485
5897	5.513609457668403e-05
2594	0.0005312350731758225
4694	8.713063691610066e-05
754	0.00010124272738608851
1647	0.0001245212519961712
5277	5.513609457668403e-05
2191	0.0002604863918441734
4805	8.066977945430802e-05
4333	0.00016549419821543639
8037	0.00013409741241003235
6383	0.00013578449313785167
13162	0.00018331712438194307
3404	0.00010841217480753092
5620	9.111377886794324e-05
5583	6.956179179759337e-05
673	0.00010408092788533665
1544	0.00015000693345529472
6128	6.044445699697717e-05
4200	0.0002822508113814027
14045	5.513609457668403e-05
2009	0.0001355289497982419
7390	0.0003527903924933412
59	0.00022751802653661369
7921	5.513609457668403e-05
6150	0.0005013512332219286
4637	5.513609457668403e-05
1043	0.0002253209260482294
6291	5.513609457668403e-05
8472	0.00011518415279328272
13853	5.513609457668403e-05
8010	0.0002515813125079247
9115	0.00013816632044948837
3557	5.513609457668403e-05
5082	0.00014199110904557832
10990	9.153231527900222e-05
4177	0.00010383246834726756
2464	0.00022004606592386552
14046	0.0001923603090828531
10072	0.00025532252947749347
3330	5.513609457668403e-05
2561	0.00013516632686610627
695	0.00010911334448058025
2775	7.910208654008566e-05
3602	5.513609457668403e-05
6927	5.513609457668403e-05
5890	5.910056221860415e-05
10090	0.00012706915837727364
5759	0.00016831678631228086
3654	0.00010898742156027386
900	5.513609457668403e-05
5452	0.00021257962653294593
5688	8.281653309861007e-05
8581	5.513609457668403e-05
10841	6.37728240811333e-05
12959	0.00017194344171514412
289	5.513609457668403e-05
14047	0.00012322474947374358
1617	0.00013125641791911672
12814	0.0003466999757302518
4226	5.513609457668403e-05
5627	8.486695467154544e-05
12160	7.202420062806376e-05
2660	7.003789218232331e-05
3521	0.00010598956456496587
780	0.00016280402109037192
11574	0.00019386964100563832
6795	5.513609457668403e-05
5485	8.276213414503059e-05
7054	5.513609457668403e-05
11611	5.513609457668403e-05
10326	5.513609457668403e-05
8434	5.513609457668403e-05
10043	0.00010200354881098581
9797	6.046786557484108e-05
11525	0.00022429005983533795
694	7.889168473950719e-05
3327	5.513609457668403e-05
3734	0.0003768392718535033
4274	7.620067382562042e-05
14048	5.513609457668403e-05
14049	0.0002786543093694356
9478	0.00011030281322555884
6391	0.00010379903848284344
5008	6.183144518158429e-05
4469	0.000167385467454621
6371	0.00014460025479401427
1051	9.976810038219214e-05
6194	0.00016567480272572377
998	5.513609457668403e-05
14050	7.075857932145129e-05
4539	9.373954320300405e-05
8453	0.00031396920708455425
7393	5.513609457668403e-05
1903	0.00010598475065778362
3536	6.183144518158429e-05
13251	8.384589297526085e-05
12114	7.639429367056889e-05
631	0.0001225887532174265
7199	5.513609457668403e-05
14051	0.0002035685745784
7948	0.00014060990656421498
2332	5.7088905169779936e-05
10298	6.3295011230656e-05
11076	0.00012450196742899787
13842	5.513609457668403e-05
317	0.0001921464844745414
7472	0.00018538405461802275
14052	0.00011449894595758149
913	0.00011573602169054201
12953	8.401758823928194e-05
5168	5.513609457668403e-05
11791	6.62182240953788e-05
8261	5.513609457668403e-05
8249	9.90265523697763e-05
1872	6.0854937094711396e-05
5954	9.764914490428359e-05
14053	0.00019831048426477915
11131	0.00032846341618800136
8645	0.00012155859462363082
2678	5.513609457668403e-05
4050	0.0002414458410014327
8499	9.298484182559583e-05
5085	0.0002128428110279506
12922	5.513609457668403e-05
12236	0.00018179469084914052
10936	5.513609457668403e-05
6618	0.00013546563461032426
6851	7.460951605477822e-05
3950	0.0010150300084461033
14054	0.0002786543093694356
7131	8.099151656800819e-05
4572	5.513609457668403e-05
3381	5.513609457668403e-05
440	5.513609457668403e-05
12477	5.513609457668403e-05
2450	0.00031286745456864855
6351	0.0001350187711961036
2877	5.513609457668403e-05
12649	6.802046971856837e-05
3020	8.45968361786928e-05
10129	6.781455782378158e-05
6896	0.00010588125878066326
2140	6.887730573872284e-05
7394	5.513609457668403e-05
2813	9.401921067127435e-05
14055	5.513609457668403e-05
8728	5.513609457668403e-05
10255	7.281921815055256e-05
4143	8.585488503740582e-05
13612	5.513609457668403e-05
11541	0.00010932344455981893
8662	0.00018952460443434445
9158	6.183144518158429e-05
10430	0.0006003279741303047
6778	8.303006255585231e-05
8872	8.339720170094379e-05
14056	5.513609457668403e-05
9636	5.513609457668403e-05
11370	5.513609457668403e-05
3096	0.00027674033231629415
14057	0.00012610279556230438
11620	7.095576161627684e-05
7198	6.641772373179312e-05
3751	0.0002518144600794224
8607	0.0001925180249347512
2502	6.227516298059932e-05
2573	5.513609457668403e-05
4699	5.513609457668403e-05
11775	0.00012240944783467047
12076	6.527558397449417e-05
9664	5.513609457668403e-05
4101	0.00020918801098590903
11720	6.995859840590768e-05
6101	5.513609457668403e-05
786	0.0001308287474196608
3490	0.00010102046747826384
14058	6.61579729116514e-05
9582	0.00023174248300483058
14059	0.00019831048426477915
6919	5.513609457668403e-05
2835	0.00021666829761247733
13201	0.0003474015132163637
12569	0.0001653772805197895
14060	0.00027165722947545954
4771	5.513609457668403e-05
3032	0.0003443942586268668
9065	0.00023495962498393244
10920	5.848376987913416e-05
9188	7.387165586609934e-05
2717	6.665888868550614e-05
11784	0.00011228422206454341
5888	0.00011009973016023764
410	0.00015787136354715337
12782	0.00015984194904165072
1117	0.00010176281499965433
4603	0.00022673873064309218
5870	9.055735179686224e-05
1426	0.00013687422727266547
3011	0.00017465680056708024
14061	0.00012427165418579355
13796	0.0001993573889768291
4267	8.590670727471318e-05
6079	8.939743534107085e-05
4791	0.00011631193890911475
13850	5.513609457668403e-05
149	6.034358949160644e-05
7132	5.513609457668403e-05
2760	0.00015013987169757334
14062	0.0002035685745784
14063	0.00026744604387388864
6876	8.588028302971578e-05
5596	0.00013799957177012862
10079	7.697441958290832e-05
14064	0.00026744604387388864
7558	9.21601850466915e-05
3918	0.0003364353357937767
733	0.0001152259521825673
10297	5.513609457668403e-05
39	0.00026709764185118537
10148	0.00010956690707513068
1349	8.818286459117526e-05
2158	0.0001718970921010175
8345	6.450958542354439e-05
4998	7.73116988708289e-05
2641	0.00012799762860441041
13369	8.539445127782264e-05
5935	0.0001502502005791253
7039	0.00010427945148221168
4567	5.513609457668403e-05
11692	5.939677223434783e-05
174	9.801590133909282e-05
1692	0.0007032582624498792
552	0.0001087276924238255
1814	0.0002154855174695727
8484	0.0002442416723369583
2673	0.00013107913058856696
11839	6.721454246929164e-05
6466	0.00018063339369668222
42	0.0001971695238640083
3067	7.07193393842726e-05
6288	6.982309109840974e-05
10151	8.298679048313168e-05
3611	7.234155601845784e-05
3928	5.513609457668403e-05
8778	5.7266433405515934e-05
14065	5.513609457668403e-05
14066	5.513609457668403e-05
13322	5.513609457668403e-05
565	0.000203939569142216
7035	0.00016992771663814865
8124	0.0001704012242581224
3083	7.015403515707284e-05
5801	0.00010651084576420223
14067	5.513609457668403e-05
4974	5.98228400001142e-05
446	5.513609457668403e-05
10198	5.513609457668403e-05
11991	5.513609457668403e-05
2572	0.0001158102192262746
14068	5.513609457668403e-05
14069	0.00027165722947545954
3640	0.0003706626661359252
12638	0.00013914612126387498
5001	0.00020191454105692803
5508	0.0001391436339627412
8839	6.784602340374189e-05
14070	5.513609457668403e-05
2564	9.515806688779283e-05
4829	0.00016130178836677896
13211	0.00025813618246945937
7241	5.513609457668403e-05
4467	8.280523636816205e-05
14071	0.0001923603090828531
12942	8.511107993588245e-05
11948	0.00023039163601096501
14072	0.00013547804141650916
13818	0.00013022182936771957
10924	7.907653905761265e-05
12994	5.513609457668403e-05
2887	5.513609457668403e-05
3030	9.632308703813513e-05
1595	7.110743813974242e-05
6172	0.00020547746609119534
6093	5.513609457668403e-05
7104	8.619905393657227e-05
7619	0.00013116183736853432
14073	0.00026744604387388864
13530	5.513609457668403e-05
1914	6.149163945411314e-05
6423	9.569139640142263e-05
8456	5.513609457668403e-05
3947	7.639776415453131e-05
7637	0.0011705448698041965
6235	0.00023737240784191935
2160	0.00022558614201497948
9824	5.513609457668403e-05
5519	7.418038823802685e-05
818	6.564655508471605e-05
11708	5.513609457668403e-05
8895	9.275746320570885e-05
533	0.00020639853981368526
723	5.513609457668403e-05
2434	5.694931590851958e-05
6690	0.0003007921771243622
2451	0.0008392100647115232
11298	5.513609457668403e-05
10008	7.729924181202968e-05
3325	5.513609457668403e-05
1124	0.00012948807756136204
6204	9.360726386639439e-05
5075	0.00010642156010773687
4094	8.151185024931235e-05
11500	7.974783284750717e-05
2999	0.00013853406396853153
13757	0.0001059326730716178
5377	8.537564735078593e-05
6504	5.513609457668403e-05
9208	0.00023074341439688635
5143	5.513609457668403e-05
3231	6.357798549608679e-05
8657	6.52055196832416e-05
318	0.00026090338773234156
5682	0.0002718857757292271
14074	5.513609457668403e-05
14075	0.00019831048426477915
12614	0.0002468895161461122
14076	5.513609457668403e-05
10934	0.000266612502718054
10296	0.00017685894243542243
12772	6.840569204576616e-05
9271	5.513609457668403e-05
14077	7.517241859425986e-05
4544	0.00012108257257248831
14078	0.00020252166986635005
14079	0.00013022182936771957
4116	0.00013311501175086602
14080	0.0001923603090828531
7674	6.563467255961305e-05
7243	0.0001272763174660938
10191	7.164044267579316e-05
7420	0.00011489821773116385
11063	0.00020219109770780862
3461	0.0001589140942569204
5655	5.513609457668403e-05
4317	6.405812825735943e-05
6003	0.00014004734925912005
2669	0.0004167303268041429
4521	0.0001016581618694907
10349	0.00022499688435527037
2177	9.443668813470123e-05
13703	5.513609457668403e-05
14081	7.693830669241115e-05
12928	0.00011979292479183154
2443	5.513609457668403e-05
305	6.583650236187581e-05
7514	9.42852974192258e-05
10693	5.513609457668403e-05
10725	9.688019761477419e-05
45	7.108857218139411e-05
7206	0.0001120147024307362
14082	0.00010941003117209255
3583	0.00018861168697120923
12386	8.793650181691698e-05
11652	0.00011324872470224953
2568	5.513609457668403e-05
8894	6.457800412131416e-05
3334	5.513609457668403e-05
9565	0.0001795327129848258
1616	5.513609457668403e-05
14083	5.513609457668403e-05
14084	0.00014887100304528756
2187	5.513609457668403e-05
6748	5.513609457668403e-05
6567	9.76293477173032e-05
12674	9.996475843028312e-05
3169	8.802494520365295e-05
13410	8.851622899538384e-05
9775	9.241169176458594e-05
3978	5.513609457668403e-05
5637	8.395328568762492e-05
13597	0.00020427208470902218
2064	5.513609457668403e-05
8718	5.513609457668403e-05
1892	0.00023667481002043813
5723	7.420927092547131e-05
4811	8.934461924500861e-05
6908	0.0002022889053740065
5957	5.5864857355063753e-05
2497	0.00018941470051764194
5013	0.0002174857143305937
1187	0.0002071294650602278
10734	0.00046912541566634816
4265	9.442254049537373e-05
2982	0.0005871936022687983
9114	5.812087824743225e-05
3278	8.699915023382084e-05
6986	0.0001063085137847195
11040	0.0002378604369833526
11621	0.0019373948662330682
3874	0.00015024803156577873
9683	5.8305563732070923e-05
296	0.0002190749016290338
14085	0.0001993573889768291
13475	0.00034503669549291956
6078	5.513609457668403e-05
9180	0.0003332094883042498
1059	5.513609457668403e-05
46	0.00010801693490633023
646	0.00012197417652850376
9447	5.513609457668403e-05
6654	0.0002704684996569004
7510	0.00019732053025883816
4593	0.0002210736450662777
1868	5.513609457668403e-05
3111	7.413800793400216e-05
9197	5.513609457668403e-05
1356	0.00010284580294899937
726	7.608125357840684e-05
7481	0.00027005970742328896
5128	5.660070252150596e-05
14086	9.175619784093875e-05
862	6.396556432221187e-05
12221	8.36785730713631e-05
11581	9.677733041992497e-05
14087	5.513609457668403e-05
9682	0.00012581651669274914
11888	9.663083806033497e-05
12088	7.04462381737913e-05
2748	5.513609457668403e-05
5939	5.513609457668403e-05
4913	5.513609457668403e-05
10877	5.513609457668403e-05
14088	0.00020951874976032607
6234	0.00012918364359621736
14089	0.0001344330149692905
14090	8.350901900677038e-05
8347	6.295719509776253e-05
12138	0.0003397894044454367
7775	5.513609457668403e-05
14091	0.0001923603090828531
6545	8.844170289531982e-05
10058	8.193904992874582e-05
13649	0.00019535049847894714
14092	0.00020182577496164232
7015	0.00010453762039302822
9973	0.0001571513965001445
11181	6.644624140096535e-05
4874	0.00014677597565753177
10440	0.00010457355150422567
12644	0.0001319369516281397
10340	0.00011731154985153566
3098	0.0002488920404004715
13872	9.8630508850217e-05
14093	0.00027165722947545954
14094	5.513609457668403e-05
4431	0.0001803703326328876
11392	0.00013931896037709971
2072	7.034471129250099e-05
14095	0.00012322474947374358
3155	5.513609457668403e-05
11024	0.0001909367772393384
1156	8.890213388939772e-05
3805	6.491093018872861e-05
11132	8.929253863545336e-05
4030	5.513609457668403e-05
13835	7.856982169383492e-05
14096	0.00012322474947374358
1510	6.292609984496463e-05
6838	0.00023402928363729433
14097	0.00012322474947374358
14098	0.00037410867905163714
7719	5.615495227742973e-05
9556	7.416627050981009e-05
11251	0.0001404381890796238
1175	8.04411771625492e-05
1192	5.513609457668403e-05
12263	5.513609457668403e-05
3425	5.513609457668403e-05
7224	6.708920746091026e-05
14099	0.0002035685745784
145	6.445246764335106e-05
13852	5.747946728839912e-05
12743	0.00032993326805427927
4345	5.513609457668403e-05
7828	5.513609457668403e-05
4426	5.982121179356559e-05
11803	5.513609457668403e-05
8948	6.573097359195945e-05
10994	0.00010166268018645054
2844	0.00016041464703123943
7025	6.700944512064258e-05
10509	5.833156547265858e-05
1201	8.426304783044123e-05
4604	8.593821528031739e-05
11762	6.998629959161857e-05
7535	0.00018128685471193733
10816	6.640405141004047e-05
10516	7.660878014258558e-05
1817	0.00013278078414624881
9424	0.00012520418380917924
1513	5.735068409366182e-05
8816	0.00011596085667965288
8758	9.492802948138463e-05
14100	0.0001014091361444553
14101	0.0007913734750001379
14102	0.00011525034833026015
7821	0.00018291136486951832
2606	5.513609457668403e-05
2217	0.0001142272861428271
12486	0.00013041659435302224
6314	7.136868774710778e-05
7215	5.513609457668403e-05
12139	0.00022207404177890223
6773	5.513609457668403e-05
9764	7.65058099622696e-05
1416	8.636173740627518e-05
6119	5.513609457668403e-05
14103	7.856982169383492e-05
14104	0.00015799336023111449
5417	0.00010256114864952987
2433	0.00024363582438420892
5000	0.00010006029087173394
2199	8.626304967353208e-05
4364	6.454296120216062e-05
73	0.00020520466916941845
14105	0.0002486731736482414
178	5.513609457668403e-05
536	5.513609457668403e-05
5643	7.796732446353543e-05
3899	7.093003552060756e-05
11961	5.513609457668403e-05
14106	5.513609457668403e-05
14107	0.00012427165418579355
3987	5.513609457668403e-05
11721	0.00024102430356038107
6341	6.111481413383043e-05
1200	0.0001712187910607179
4011	0.00010257982236247192
10559	5.651454911298702e-05
4130	0.0002678432332574379
13836	5.513609457668403e-05
14108	0.0001993573889768291
8649	5.513609457668403e-05
14109	0.00012322474947374358
12530	7.49078775609672e-05
971	5.836954179440751e-05
7973	7.343812278212472e-05
4396	5.513609457668403e-05
396	5.513609457668403e-05
6968	0.000210453993455893
4499	6.638635597394781e-05
13157	0.00011563914022031554
6981	6.52383482019241e-05
6556	5.513609457668403e-05
4820	5.513609457668403e-05
4160	5.513609457668403e-05
9246	5.513609457668403e-05
4585	5.513609457668403e-05
12995	7.856982169383492e-05
7188	0.00011329892977510761
5867	8.242610154154923e-05
9542	0.00010951291221503423
558	5.513609457668403e-05
10903	0.00012543207827340574
8984	8.554264664571969e-05
4652	0.0014852437477479987
5334	5.513609457668403e-05
3306	0.00024235361429687024
6310	0.00011684827214859854
7523	0.000296291013192803
7092	0.0001441743051561001
3686	0.00028019554345876357
271	9.250516325147332e-05
14110	0.0001344330149692905
11173	5.693868897031102e-05
8800	8.641036607103535e-05
13595	5.513609457668403e-05
749	0.0009863214360162093
4527	0.00015508276421696956
9349	0.0008724826618776684
2389	0.0014309844362011051
6	9.163987256234789e-05
5235	6.992796955229e-05
6114	0.0001000025333682711
3181	0.00018227358085497273
9124	0.0002544697395438843
663	0.00013021785137502177
13061	5.513609457668403e-05
10710	5.513609457668403e-05
8820	0.00018579316705807372
1409	5.513609457668403e-05
6023	0.00018576827577609955
7317	6.571794063417455e-05
430	8.181332040478836e-05
9110	5.513609457668403e-05
13692	9.142208078537662e-05
9553	5.7480976466591394e-05
3058	0.0002300348152704514
12044	5.513609457668403e-05
12296	7.856982169383492e-05
976	0.00011869654117500455
5191	5.513609457668403e-05
1259	5.796817360926527e-05
9215	0.00012773274463226378
10589	0.00015646385910963014
1615	0.00026431681124686635
1125	0.00013845387902820284
1883	7.856982169383492e-05
11651	0.00011721766441713779
5110	5.513609457668403e-05
1260	7.975222797100509e-05
6196	5.513609457668403e-05
10562	0.00024852267910966395
7191	7.6169686783284e-05
10082	0.00021251264199931424
6015	6.459575643366789e-05
8045	5.8976404371802406e-05
1452	0.00022038667195776654
1402	5.513609457668403e-05
7451	5.513609457668403e-05
4002	8.547576407704086e-05
8226	7.484140655057376e-05
11622	0.0002399778560603232
8977	0.00010639862370884762
3301	0.00017514108360178147
1514	5.513609457668403e-05
7094	0.00013567650320584366
14111	0.00013022182936771957
1478	5.682233012902963e-05
3621	6.111481413383043e-05
7261	0.00010001648067276965
12199	0.00019113394933373393
10304	0.0002462957262755672
12474	0.00011990080543123865
6805	9.31471765448169e-05
6013	8.965885053391806e-05
14112	0.00013022182936771957
12465	0.0001296311921690883
14113	5.513609457668403e-05
2161	0.00029174121797659336
2390	5.513609457668403e-05
2562	0.00040899043241678887
3326	7.961178061584426e-05
14114	0.00010465379732577679
4809	8.159589373286165e-05
2624	0.00031042013145155754
13813	0.00019831048426477915
5660	0.00026640625906140455
10474	0.00014461893530601003
1741	6.962688480389603e-05
6819	7.268667533739259e-05
13022	5.615495227742973e-05
850	5.513609457668403e-05
3382	0.00019796656955983093
3570	5.762157605675217e-05
11602	0.000611698609383398
860	0.00044785147634834725
14115	5.513609457668403e-05
4832	7.407415711787368e-05
2039	7.220338002516199e-05
7248	5.513609457668403e-05
10365	5.513609457668403e-05
11828	5.85342056652351e-05
6914	9.604807941984703e-05
244	8.944990588432872e-05
4280	0.0002503367266675484
11580	0.00015959536108926147
8957	0.0002365415464051848
14116	5.513609457668403e-05
7933	5.513609457668403e-05
12293	5.513609457668403e-05
5109	5.513609457668403e-05
3097	0.0002807542230383124
3933	6.608538650975405e-05
1455	0.0002365366365652402
3142	0.00020404522600474137
14117	5.513609457668403e-05
10718	5.513609457668403e-05
9925	0.0001739515844128956
1621	9.211432196798493e-05
3971	0.0001417608916807185
2307	0.00011713777349198356
14118	0.0002015005543552164
7369	5.513609457668403e-05
10648	0.00010484843895633317
2259	7.657701574756977e-05
6719	0.00011472800823953574
1794	5.513609457668403e-05
14119	5.513609457668403e-05
7089	0.00015192710798381573
4943	0.00012130665992436527
6650	5.513609457668403e-05
6644	0.00038645435897471903
3349	0.0001933167483960644
9841	6.721438495893487e-05
6124	5.513609457668403e-05
10317	0.0002939830935985582
14120	0.0001496336757374657
6990	0.00021520373280321025
11656	5.513609457668403e-05
7190	7.137789151725172e-05
14121	5.513609457668403e-05
11277	6.034358949160644e-05
12926	0.0015265798847700826
13795	5.513609457668403e-05
13056	5.513609457668403e-05
4677	5.593045820777389e-05
3401	0.0002933595137375631
7235	5.760280269427886e-05
7997	6.173036802873252e-05
5977	5.513609457668403e-05
5692	7.819018916126056e-05
7482	7.332793707464252e-05
4812	0.00022255526736800112
12503	5.513609457668403e-05
7435	5.513609457668403e-05
10001	5.513609457668403e-05
7319	6.990446647784978e-05
9099	0.00018238327472204442
4425	0.0001168123616564519
5835	7.110743813974242e-05
8420	8.04397367229772e-05
14122	0.0001993573889768291
12886	5.513609457668403e-05
13738	5.513609457668403e-05
12072	0.00019743285815259723
6666	7.37529924590891e-05
1319	0.00015417084893989605
1316	9.37912748099578e-05
1829	5.513609457668403e-05
447	0.00015251580060006027
11830	5.513609457668403e-05
4788	0.0006805900042498602
3475	0.00010919014390863962
4089	8.649894107960469e-05
1195	0.0001352031319127377
10845	5.513609457668403e-05
2784	8.706697282369188e-05
5679	8.111538175904312e-05
10130	8.053934489075536e-05
905	0.00012982335962140716
9967	9.457739294744293e-05
3502	7.894162155511309e-05
4673	0.0001457478246617646
3804	0.0001785342721343719
5175	7.573503790690234e-05
335	7.584710258221671e-05
11111	7.428015809918174e-05
2743	0.00011562495401573142
5193	0.00015645017525940113
2513	8.960120818183909e-05
12412	0.00021788328342888303
4264	8.846881218425295e-05
4479	5.513609457668403e-05
14123	8.865682240011344e-05
2579	0.0006662885253982866
9762	5.735068409366182e-05
14124	0.00027760740465738564
1537	0.000366020060250096
9174	5.513609457668403e-05
14125	9.586212981866089e-05
9779	0.00010958250040479892
12020	7.720935592375496e-05
14126	0.0002190138313700361
11155	5.513609457668403e-05
8782	7.856982169383492e-05
4969	9.111745512084809e-05
1958	5.9701776557344724e-05
7355	0.00018478175889148995
11939	5.513609457668403e-05
1721	0.00017503218667251416
1849	5.513609457668403e-05
14127	0.00019831048426477915
234	0.00013497784714282528
469	8.722074559875916e-05
14128	6.591561689855956e-05
906	0.00019431255791786943
237	5.7893003649290013e-05
3742	0.00030168674455331794
11127	0.0001371533690065753
893	0.0001253329015720009
8462	5.513609457668403e-05
1161	5.513609457668403e-05
7890	5.513609457668403e-05
759	8.443521338989596e-05
12085	0.00020518946502197778
3908	5.7824643545315515e-05
6882	9.682873487331997e-05
5608	0.0001380915410378542
119	0.0001214632243908688
10906	0.0001551392899006465
10957	0.00014927357585493492
445	8.599262059334575e-05
13655	0.00026744604387388864
4821	0.00015998818323000383
2882	6.892280661052356e-05
8237	8.405436705506247e-05
4385	5.84746354186981e-05
4368	7.895238649434792e-05
167	0.00010957098429748976
14129	0.00010412076303067372
14130	0.0001344330149692905
9757	7.251143422972257e-05
14131	0.00022174421138193004
7741	9.537445509447175e-05
7618	0.00012956829395825202
7651	8.94807341179105e-05
3256	0.00022444627522375364
14132	0.00012427165418579355
14133	5.513609457668403e-05
8799	0.00016244687203722017
9989	0.00018411702599045238
7221	9.754762329236284e-05
8781	0.00012825921283529432
11018	0.0001669265886316584
12600	7.477773892520498e-05
14134	5.513609457668403e-05
14135	0.00014730015779548797
4416	7.385411410369211e-05
5868	0.00011055026026485842
14136	5.513609457668403e-05
4339	8.279890468053974e-05
5018	0.0004281304893623628
54	0.00012648905681099444
9480	9.255865881789246e-05
7413	6.30752349295717e-05
4100	9.087798127432496e-05
14137	0.00012427165418579355
2861	0.0002747829041656753
2616	0.00018577458302507403
617	7.648088457825896e-05
9252	6.847136687013238e-05
1236	5.513609457668403e-05
3140	9.937922833451603e-05
5796	7.843449466365951e-05
3110	8.012478825331598e-05
12716	8.088112729849294e-05
14138	0.0001344330149692905
12301	9.618100763782259e-05
9486	0.00020759366971130567
7101	0.00020731983504617608
4984	7.908388794791785e-05
2342	7.343812278212472e-05
10948	6.375865948029768e-05
6524	7.390447768129083e-05
2405	5.513609457668403e-05
4061	9.062985931064806e-05
2874	6.248844185928877e-05
2633	9.249251228196542e-05
2344	5.513609457668403e-05
3413	8.275116475836836e-05
7605	7.855992274927653e-05
14139	0.00012427165418579355
8595	6.706479794939965e-05
3860	0.00011126796013464889
14140	0.0001923603090828531
12960	0.000104256383655473
6334	7.248285275877729e-05
5505	6.52055196832416e-05
9559	5.513609457668403e-05
5436	0.0004958759134640334
8130	6.317319007777302e-05
2736	7.33724808507778e-05
12091	5.513609457668403e-05
14141	9.019223934228829e-05
5224	0.0005354483407260888
9818	5.513609457668403e-05
3617	6.149271781088281e-05
4463	0.00022511950554369463
13765	5.513609457668403e-05
11084	0.0001196538429330729
14142	0.00026744604387388864
3680	0.00010588176879801497
1202	5.513609457668403e-05
14143	0.00027760740465738564
6429	0.00011873301271902867
12937	5.513609457668403e-05
11459	5.660070252150596e-05
7509	0.00023053984310365193
6888	0.0003004383385700995
9417	0.00016585197569460235
12712	0.00021650423546050866
13343	9.164189309183971e-05
1655	0.00012558592113117687
7706	5.513609457668403e-05
730	5.513609457668403e-05
5127	0.00022155320315498975
3368	5.513609457668403e-05
918	6.198514184288436e-05
13668	5.513609457668403e-05
2180	0.00020646438381062684
14144	8.021509465092623e-05
769	8.267557933008738e-05
9462	5.513609457668403e-05
3736	0.00039861013753583437
7511	5.513609457668403e-05
257	5.513609457668403e-05
10506	5.904171576287585e-05
3608	5.513609457668403e-05
5315	0.00010849595364851133
13717	0.0002786543093694356
3967	5.513609457668403e-05
14145	5.513609457668403e-05
2864	0.00030459094987702733
5542	5.513609457668403e-05
116	0.00011441060283368191
14146	0.0001923603090828531
6480	8.252252175029842e-05
5253	8.095530345526936e-05
3729	0.0001089493791906878
14147	0.0002786543093694356
12161	5.513609457668403e-05
14148	0.00011188559896458617
1302	8.290329550867424e-05
6760	0.00019240384100851365
2739	0.00012320213232201797
9212	6.718275162339478e-05
7972	5.513609457668403e-05
5598	8.505896321670743e-05
9990	5.855790349325959e-05
3085	5.513609457668403e-05
6680	5.513609457668403e-05
3274	0.00030025079972891895
6000	5.513609457668403e-05
13207	7.622644898211983e-05
1067	5.513609457668403e-05
8192	0.00016705283180226408
8162	7.391479999654316e-05
2028	8.288984650016842e-05
11912	7.328993649345799e-05
14149	9.464225401599843e-05
3429	0.00012193120700742819
2704	8.367084056206138e-05
14150	0.00020252166986635005
2165	6.322037116992632e-05
12692	6.276522027614831e-05
5210	6.144398349079073e-05
7707	5.513609457668403e-05
4640	8.013338615601634e-05
4083	0.0001616871246723002
13388	0.00011702733460627334
1315	0.00010462719923691572
9679	8.874097427543479e-05
14151	5.513609457668403e-05
3344	9.128285496358101e-05
5873	9.675991993472936e-05
14152	0.00011525034833026015
8558	6.468360737441033e-05
224	6.641839260139553e-05
5413	5.513609457668403e-05
1341	5.513609457668403e-05
6130	7.856982169383492e-05
2929	5.513609457668403e-05
3072	8.161771431705005e-05
1956	6.144398349079073e-05
4157	0.00032410228228727726
7135	5.513609457668403e-05
10676	5.5864857355063753e-05
8463	7.808335173701064e-05
14153	0.00020951874976032607
4285	0.00017567473295824934
9557	0.00012541811777266076
12030	0.00011851883187455751
3768	6.094423925698554e-05
2501	5.513609457668403e-05
623	0.00017223748462059344
2607	6.652751751559096e-05
3341	5.513609457668403e-05
1470	0.00012714558219097653
9525	5.513609457668403e-05
6020	8.372693047447459e-05
13817	5.513609457668403e-05
3041	7.740698439812684e-05
5328	7.772377029062405e-05
11273	0.00040177472324309647
12984	0.00010618125989511338
4342	8.906017490991543e-05
11819	0.00012090711841862157
11270	0.0001439832081223022
9384	0.00018473912555652444
14154	0.00020951874976032607
13010	5.513609457668403e-05
1069	0.00014735101325920896
9593	0.0001676346212738352
495	5.765114239111831e-05
5728	0.0001343103638519168
14155	5.513609457668403e-05
12122	8.28764087344004e-05
2623	8.16840662336491e-05
13693	0.00012322474947374358
5745	5.513609457668403e-05
7600	8.761378639212744e-05
120	0.00013365569457805948
11388	5.513609457668403e-05
30	9.903698770241079e-05
12332	0.00015051054170664237
2596	8.954670579695978e-05
888	0.0001243423466483985
12377	0.0003746022154117388
11305	9.978197664254568e-05
9227	8.599309037879398e-05
2711	9.113844411274321e-05
13004	5.8107762870525625e-05
14156	5.513609457668403e-05
11271	5.513609457668403e-05
2073	5.752828170048591e-05
2427	5.513609457668403e-05
9098	0.00020274214062526694
10714	0.00010549387499055217
14157	0.00010851882358460665
6444	0.00030023240851051024
14158	0.00026744604387388864
304	5.5517130789971034e-05
4176	0.0003295913694809972
14159	0.0002035685745784
5321	5.513609457668403e-05
7984	7.547677669117301e-05
2404	9.817874225686389e-05
1026	0.00025017296480987826
2397	9.713365787146667e-05
3998	0.00010671732246413703
10163	7.501925697911508e-05
3410	5.513609457668403e-05
7111	9.325218549112752e-05
12971	8.93076737944419e-05
3298	0.00011879353814622456
7576	0.0001258183121414237
515	9.511694309949966e-05
6014	6.234483971876819e-05
11704	9.208912687531996e-05
14160	5.513609457668403e-05
14161	5.513609457668403e-05
3501	9.387589127836371e-05
14162	0.00012322474947374358
2883	8.999840873088756e-05
12062	5.513609457668403e-05
2020	0.000117123051423975
8301	8.934185696580927e-05
4008	5.513609457668403e-05
8421	9.06282853108559e-05
402	7.507923668421103e-05
9456	6.96198298366512e-05
13032	0.00018700571174929868
14163	0.00016014955985655172
997	6.809442625349798e-05
10923	9.025088120768633e-05
1359	8.693820601200459e-05
3560	0.00015224435593308498
5094	0.0003016185963847
14164	0.00027760740465738564
7334	9.995815475396817e-05
10485	0.00015963574090846477
5981	8.893018488838098e-05
4110	0.00010379411537446044
973	0.0001363361163501809
14165	5.513609457668403e-05
3690	9.892527143160821e-05
7272	5.513609457668403e-05
864	7.915747149665184e-05
14166	5.513609457668403e-05
4256	6.685295813525948e-05
13601	5.513609457668403e-05
632	8.234865474465813e-05
9156	6.289069739293226e-05
5820	8.55942786949817e-05
13031	5.513609457668403e-05
1457	0.0001468229236713795
3545	9.394296034598634e-05
8430	0.00011188000276939254
567	5.513609457668403e-05
6201	0.00011477758398502827
1657	5.513609457668403e-05
7063	8.249190069444121e-05
14167	0.0001376880797058653
4968	5.513609457668403e-05
11886	5.513609457668403e-05
4756	5.513609457668403e-05
13173	0.0002256839885231838
4770	8.370737431919668e-05
14168	5.513609457668403e-05
14169	5.513609457668403e-05
14170	5.513609457668403e-05
6337	5.513609457668403e-05
6628	5.513609457668403e-05
14171	9.275746320570885e-05
14172	0.00013022182936771957
4307	5.513609457668403e-05
4963	0.00020876499827769576
9319	5.513609457668403e-05
9418	0.0002300882197852724
11531	8.226402900512835e-05
4367	5.8315088187372233e-05
13715	5.513609457668403e-05
3488	5.513609457668403e-05
90	5.513609457668403e-05
7409	6.0974408040606284e-05
6706	5.6556320462571964e-05
13656	7.099787995022636e-05
14173	5.513609457668403e-05
13667	0.00010200354881098581
9338	8.074114426041841e-05
1278	0.00013739060910504327
6579	5.513609457668403e-05
848	7.856982169383492e-05
6516	0.00011138462206205713
12049	5.513609457668403e-05
10566	0.00012298812098053804
4397	0.00026476937065117093
14174	7.697396769751165e-05
7070	5.513609457668403e-05
5263	7.192795496494003e-05
5528	5.513609457668403e-05
9147	8.679317421430443e-05
12331	7.566420470995856e-05
2070	7.743510610154565e-05
14175	0.0003075087168841382
14176	0.00013669097835856335
12150	0.00018693334361533548
4560	5.8612526621536086e-05
6061	6.666460831357567e-05
701	0.0001503526102462798
11986	6.18767487853552e-05
14177	5.513609457668403e-05
14178	8.365867169928955e-05
3420	0.00010200354881098581
4413	5.513609457668403e-05
14179	5.513609457668403e-05
13815	0.0001344330149692905
4927	0.00011709624024178878
14180	0.0001344330149692905
14181	0.00027760740465738564
1992	0.00011800430619938128
14182	0.00026744604387388864
14183	5.513609457668403e-05
1168	5.5864857355063753e-05
3986	9.214716303838452e-05
13803	8.947905327746792e-05
12952	8.079514936007478e-05
14184	0.00020252166986635005
7384	0.0001813029279011198
4704	5.513609457668403e-05
6853	0.00010727133257126554
14185	0.00021938658207307324
14186	0.00013022182936771957
2150	0.00015027170434494866
456	8.319848591055963e-05
1546	6.781142832300364e-05
14187	5.513609457668403e-05
6849	5.513609457668403e-05
1121	0.00012380389156307125
7378	5.513609457668403e-05
9311	5.513609457668403e-05
1357	8.293755605544685e-05
3724	0.0001716637612258006
6113	0.00012702270224748333
13168	8.056826112429704e-05
4019	0.000152103093983282
12375	9.113844411274321e-05
14188	7.693830669241115e-05
7114	7.294619460373645e-05
7905	0.00015343277837302302
2313	0.0001028864648393898
4766	0.00017611991116537893
3064	0.00013285937371879908
9029	6.18767487853552e-05
7561	0.00010077264504628391
8150	0.00010928737792307991
14189	6.643039227717468e-05
8919	5.513609457668403e-05
3226	0.00016127823804926704
4548	0.00012673999019515163
14190	5.513609457668403e-05
137	0.0001370921191562721
3448	5.513609457668403e-05
5249	5.513609457668403e-05
8304	9.818963768991649e-05
3062	6.451294446609788e-05
7072	8.404964704952588e-05
13737	0.00017798172449219382
14191	9.8630508850217e-05
2969	5.513609457668403e-05
2671	5.513609457668403e-05
3336	8.383864368410453e-05
14192	5.513609457668403e-05
4991	0.00010680442307793567
14193	7.693830669241115e-05
9391	5.513609457668403e-05
7284	0.00011576408238073133
1012	6.516810504731343e-05
11261	5.513609457668403e-05
14194	0.00012322474947374358
7945	7.542658846875543e-05
7296	8.905488483940789e-05
7734	5.513609457668403e-05
12669	5.513609457668403e-05
5903	5.513609457668403e-05
272	0.0001655114915293001
14195	6.42364767446129e-05
13476	5.513609457668403e-05
13469	7.826659610363665e-05
67	8.638106406621854e-05
160	5.513609457668403e-05
11631	5.513609457668403e-05
6295	5.513609457668403e-05
628	0.00010019546541816183
12429	6.584465598224735e-05
1552	6.051491546480112e-05
879	0.00016748744879864548
832	5.513609457668403e-05
14196	0.0001344330149692905
2329	5.513609457668403e-05
1164	0.0005107308660210606
14197	0.00015966904273104923
60	5.513609457668403e-05
14198	0.00012322474947374358
11321	7.114835771387194e-05
4665	9.291938042865034e-05
8976	9.227258367189745e-05
457	7.874499963792299e-05
14199	0.0001344330149692905
9522	6.285838731463368e-05
2907	5.513609457668403e-05
7250	5.513609457668403e-05
802	5.513609457668403e-05
13652	5.513609457668403e-05
609	6.479946319637951e-05
14200	0.00012668590176979374
3168	0.0006005665768955547
14201	0.00013022182936771957
14202	0.00015799336023111449
14203	0.00013022182936771957
13297	6.385782314475625e-05
8127	8.475548154978808e-05
14204	0.00014357407086337882
4123	7.824773843928038e-05
6151	7.206810175889106e-05
8812	7.674103290736453e-05
4400	8.489134142278276e-05
9350	0.0001763524057569295
7797	5.98228400001142e-05
8397	5.513609457668403e-05
3292	6.370344140856272e-05
9742	5.6245893568350756e-05
13726	0.00011795649824807768
4668	6.234483971876819e-05
1627	8.029170005408791e-05
5698	5.7098029099883515e-05
7057	5.513609457668403e-05
4374	7.6673822054752e-05
7324	0.00020948564749626212
1823	5.513609457668403e-05
4755	0.00032387949187850945
9922	5.513609457668403e-05
12219	0.0001141728686194066
1916	0.000108871848315413
5463	8.253501136006321e-05
14205	6.591561689855956e-05
9516	6.444101922135838e-05
13816	0.0001339375410091282
1418	7.964659886265012e-05
13711	0.00012322474947374358
1324	6.1498192436544e-05
9696	6.572358681093847e-05
3092	0.00015777347775063543
8998	6.13438607251513e-05
13254	8.629111712250273e-05
8344	8.454199834204181e-05
8080	0.0001018749419152784
14206	0.00027165722947545954
14207	5.513609457668403e-05
14208	0.0001993573889768291
14209	0.00020252166986635005
7483	7.557016932895348e-05
14210	5.513609457668403e-05
14211	5.513609457668403e-05
3980	0.0003476702148984835
14212	0.00034674296426649514
14213	0.0002035685745784
26	5.513609457668403e-05
5271	5.513609457668403e-05
11789	5.513609457668403e-05
14214	7.075857932145129e-05
8437	6.85066458893275e-05
14215	0.00012543727592813667
7580	7.646618034140981e-05
7536	0.00012253388110819707
1672	0.0001587753752066984
7427	9.494556014994025e-05
8748	0.0001304439776730834
8049	6.999467106556357e-05
14216	5.513609457668403e-05
908	0.00022854936894384464
14217	5.513609457668403e-05
13450	5.513609457668403e-05
4708	7.613821787772208e-05
1764	8.905210555105664e-05
13514	5.513609457668403e-05
13617	5.513609457668403e-05
13512	0.00024108202840702792
6436	8.867095800870548e-05
14218	0.0001923603090828531
9883	5.513609457668403e-05
14219	0.00012610279556230438
5904	9.22230012725366e-05
13396	8.136486718336261e-05
9882	9.985376909270831e-05
12985	0.00035695489307544567
12643	0.00016315293317841997
6610	6.451642781550088e-05
7053	0.0002409767375121072
5604	9.56614062025181e-05
7266	5.513609457668403e-05
10498	6.466519763428607e-05
8574	5.513609457668403e-05
517	0.00046912588861417707
221	9.283888655887678e-05
13433	0.00012072291354103736
14220	0.0001923603090828531
3400	5.513609457668403e-05
698	0.00010525357505671902
6698	6.087763355298425e-05
14221	5.513609457668403e-05
6578	7.941829124597618e-05
1487	0.00032970657979654696
11238	5.513609457668403e-05
6181	0.0001267040378239844
9548	5.513609457668403e-05
14222	5.513609457668403e-05
10301	0.00021167419433144446
6692	5.5864857355063753e-05
1085	8.351332912889109e-05
10287	0.00021237753520187384
13624	9.515324707084022e-05
10988	8.029514097713286e-05
13697	0.00019831048426477915
8478	8.391296859299167e-05
709	0.00011328495108358267
13789	0.00035626980496499027
4818	9.937896424502655e-05
11101	6.294115780784674e-05
1379	9.384053738539086e-05
2545	5.513609457668403e-05
14223	0.0001344330149692905
14224	0.00034674296426649514
8525	0.00010020890660460512
9113	9.641350346880972e-05
4550	6.111481413383043e-05
8603	5.513609457668403e-05
10110	0.00022680289488615743
3491	0.0001788357872120095
7237	0.00013863546407740082
621	0.00018613645546398466
12195	5.513609457668403e-05
10200	8.818372528583937e-05
14225	0.00012427165418579355
3496	7.885663449854331e-05
14226	5.513609457668403e-05
14227	5.513609457668403e-05
6413	0.00021390668016972185
1492	8.501138404467126e-05
10029	8.822523636759667e-05
12533	8.794331254069528e-05
7826	9.927613233547518e-05
3841	5.513609457668403e-05
14228	5.513609457668403e-05
7013	6.514169728451515e-05
2234	5.513609457668403e-05
1706	5.513609457668403e-05
14229	0.00024858025308512435
4196	0.00018481140792323805
8836	5.513609457668403e-05
6794	7.494157775756252e-05
2461	0.0009955836326783305
1350	5.8621766427669736e-05
7522	0.00016705734054087786
5189	0.00010684429004711654
4590	5.513609457668403e-05
8788	5.8076620180187523e-05
930	6.466519763428607e-05
3134	8.844364991877755e-05
14230	0.0001344330149692905
13705	5.513609457668403e-05
10671	5.513609457668403e-05
8109	7.856982169383492e-05
11804	5.513609457668403e-05
2693	0.00011610049835985707
1311	0.00010815447963856818
3007	0.00015645749021503137
8134	5.513609457668403e-05
2001	0.00010321687008514393
14231	0.0001923603090828531
13275	0.00011638003677655526
1392	5.513609457668403e-05
3131	8.071613711410831e-05
4193	5.513609457668403e-05
7069	5.513609457668403e-05
5991	9.972312385293281e-05
4043	8.061959123006985e-05
12648	9.319796205132125e-05
12584	5.513609457668403e-05
1833	5.513609457668403e-05
179	6.834776437407306e-05
4376	7.494157775756252e-05
14232	5.513609457668403e-05
2506	5.513609457668403e-05
4231	0.00012987265022435505
2029	0.00043268059044263935
5120	0.000769577232423523
13236	5.513609457668403e-05
3394	5.513609457668403e-05
14233	0.0001923603090828531
11618	6.638884677743451e-05
1793	0.00014514713506275442
6827	5.513609457668403e-05
9482	8.278746659891663e-05
14234	0.00012322474947374358
3043	0.000247346597646602
14235	0.0001923603090828531
12082	0.00011794317764552933
8672	5.513609457668403e-05
13780	0.00015033088631054512
12432	8.939743534107085e-05
1746	7.51982179324588e-05
13880	0.00010941003117209255
11597	0.0001210442634318583
11900	7.263855112785023e-05
6255	5.8433484235020064e-05
14236	0.00026744604387388864
10508	5.513609457668403e-05
2521	5.513609457668403e-05
5079	8.697862651871236e-05
14237	0.00012427165418579355
10600	8.16513747271733e-05
2336	8.06517668952942e-05
572	5.513609457668403e-05
14238	0.00010634910468212557
13752	5.513609457668403e-05
5486	0.00010520050005503631
14239	5.513609457668403e-05
14240	0.00010200354881098581
9420	7.27092477634518e-05
14241	7.27620232810303e-05
7171	7.04462381737913e-05
3322	5.513609457668403e-05
1987	9.089389690898722e-05
8075	9.209313095767099e-05
14242	5.513609457668403e-05
9274	8.570797837152659e-05
288	6.643404966018874e-05
9687	7.405116668170322e-05
3480	9.073843790955566e-05
3148	6.953466718885871e-05
8142	5.757517816331765e-05
92	0.00022125299022596198
10869	0.00018016436989252898
6649	5.513609457668403e-05
5111	0.00012048464262163526
2303	5.513609457668403e-05
11037	5.760280269427886e-05
1453	6.222109884986858e-05
11598	0.0001579111941068048
14243	0.0001344330149692905
1705	5.513609457668403e-05
12877	0.0003487987869623405
6412	5.513609457668403e-05
2771	8.175499998648932e-05
8313	8.511205621384508e-05
11143	0.00014324146660119695
1516	0.00010389255699913642
1888	8.309104182075726e-05
14244	0.00027165722947545954
12234	0.00014616448483376987
4414	0.00014290245631758605
14245	0.00010200354881098581
2032	7.248064870212133e-05
6800	0.00016085312958887522
936	5.513609457668403e-05
11171	5.513609457668403e-05
2050	6.167666670418932e-05
538	5.513609457668403e-05
8627	5.513609457668403e-05
14246	0.00012322474947374358
14247	0.00015966904273104923
5462	5.513609457668403e-05
18	0.0002216125704092165
5342	0.00048188758603316125
2695	6.571801129505195e-05
7749	8.475548154978808e-05
9617	6.176381537749439e-05
3624	7.34805332897247e-05
5361	5.5517130789971034e-05
7496	5.513609457668403e-05
3815	0.00019132232602943902
14248	5.513609457668403e-05
14249	0.00010200354881098581
14250	5.513609457668403e-05
516	6.882708681877503e-05
9269	7.075857932145129e-05
14251	0.00012610279556230438
14252	6.450958542354439e-05
2511	0.00041067682904089226
2571	5.513609457668403e-05
11638	9.31574112427156e-05
13331	0.0003857412359687338
14253	0.00012427165418579355
3197	8.529938563804607e-05
1223	9.480217073916928e-05
600	9.799056700665834e-05
5790	8.505545246660892e-05
3519	6.313309210304507e-05
8246	0.00011548954932149097
81	7.719382279236148e-05
4381	6.703158514219837e-05
4556	9.847517146220513e-05
7911	0.0003334946505847406
3465	7.594455485854304e-05
11750	5.513609457668403e-05
11110	0.0001309021295853268
5378	0.00020277047378885823
9864	5.513609457668403e-05
3257	0.00010224457943010294
14254	0.0001344330149692905
9294	6.186055540160559e-05
14255	6.491925656355624e-05
2091	7.02046599573017e-05
6476	9.450147379156429e-05
7634	5.513609457668403e-05
7971	8.679317421430443e-05
13704	7.996541601264978e-05
7920	9.707788541506716e-05
3932	5.769613181896928e-05
14256	0.00012610279556230438
1774	5.513609457668403e-05
2962	0.000228618141898896
14257	0.0002035685745784
7489	6.670620612124478e-05
8845	0.00014989070939906783
7194	8.356209155450849e-05
11396	0.00011949872153533923
13622	5.513609457668403e-05
1688	5.513609457668403e-05
4639	6.854295452455798e-05
14258	0.0001344330149692905
3539	7.636146082351565e-05
5162	9.37412810968448e-05
231	0.00011556920292586843
4739	8.89672557916339e-05
14259	5.513609457668403e-05
14260	0.00012427165418579355
14261	0.0001993573889768291
10196	0.0008045402673770851
7573	5.513609457668403e-05
12636	6.616015675190405e-05
4178	0.00011370316953431524
4996	5.513609457668403e-05
1469	9.954485245170132e-05
10038	0.00011554804908513584
297	0.00020871620772571338
1869	5.513609457668403e-05
8506	9.173250760504412e-05
9956	5.5517130789971034e-05
2233	5.5517130789971034e-05
4378	5.513609457668403e-05
4331	6.27869391892351e-05
7703	5.513609457668403e-05
1489	6.608538650975405e-05
7840	0.00022856113842784222
2698	5.513609457668403e-05
14262	0.00012328145428974855
1022	6.348277988394147e-05
961	5.7594084891928595e-05
14263	5.513609457668403e-05
14264	5.513609457668403e-05
398	0.00011610947363928094
417	5.513609457668403e-05
4690	5.513609457668403e-05
13603	5.513609457668403e-05
2603	0.00012273836563176445
1978	0.00032223744581694994
1936	5.513609457668403e-05
12481	5.513609457668403e-05
2155	7.410625462390142e-05
2300	7.19056796597147e-05
6676	9.849747989027727e-05
3331	5.513609457668403e-05
13681	6.22242552700332e-05
8107	9.059123458105738e-05
12651	0.00012911687494179426
11062	9.407083138547302e-05
3203	7.313636018332028e-05
2536	5.513609457668403e-05
8593	6.034358949160644e-05
6203	5.513609457668403e-05
10452	5.513609457668403e-05
12751	6.450958542354439e-05
214	5.513609457668403e-05
11329	5.513609457668403e-05
8031	5.513609457668403e-05
12606	5.513609457668403e-05
11859	6.22242552700332e-05
8694	5.513609457668403e-05
1052	6.512971746794585e-05
14265	0.00012322474947374358
13551	7.8019971575723e-05
334	5.7747720857806784e-05
9743	5.513609457668403e-05
14266	0.0002538645792577578
12038	6.933222881758392e-05
14267	0.00019831048426477915
13282	7.936597425038216e-05
14268	0.00020951874976032607
344	6.91472473558449e-05
3588	5.513609457668403e-05
3206	5.513609457668403e-05
11596	0.00011762603355575305
1284	0.00015415685845881932
3182	6.203742951709201e-05
829	8.551066081879363e-05
14269	0.0001344330149692905
11482	5.513609457668403e-05
13313	9.715796480609868e-05
12887	5.513609457668403e-05
14270	0.0001344330149692905
14271	5.513609457668403e-05
14272	9.042293941653265e-05
696	5.7947145013039214e-05
4429	5.729839641945418e-05
3875	6.649622006747524e-05
5641	0.0001248580137433121
5397	6.219518615747772e-05
8280	5.513609457668403e-05
14273	0.00034674296426649514
4623	5.513609457668403e-05
14274	0.0001274417971432763
14275	0.00012668590176979374
6595	5.513609457668403e-05
14276	0.0001993573889768291
14277	5.513609457668403e-05
1240	8.169990886616258e-05
11865	5.513609457668403e-05
10017	8.299835214422464e-05
3348	0.00010847287202948329
13658	5.513609457668403e-05
4076	0.00010480705225882097
2792	6.234483971876819e-05
9549	0.00024463152937861954
11751	0.0001963909021238766
6157	8.271474826494388e-05
11443	0.00010605111030829312
826	5.513609457668403e-05
1629	0.0001300422791154113
14278	5.513609457668403e-05
12191	0.00010512804575993925
14279	0.00020252166986635005
14280	5.513609457668403e-05
14281	0.00010941003117209255
10864	8.853371979625666e-05
7804	5.513609457668403e-05
4099	0.00010454087440534465
1580	0.000160361764314024
3313	7.682579219734349e-05
1562	5.852704420585357e-05
14282	0.0001344330149692905
4033	8.697172861910463e-05
1383	8.985975424033528e-05
14283	0.00014312940455494508
4296	0.00015112163664197055
10331	0.00011151477266410645
8338	0.00013150058321702792
5398	6.333372429513819e-05
2558	0.00014943664994355232
2535	5.513609457668403e-05
10722	0.0002752386056534844
14284	0.00010941003117209255
14285	5.513609457668403e-05
9096	9.701561789884197e-05
4113	5.513609457668403e-05
7542	5.513609457668403e-05
1639	5.513609457668403e-05
7796	7.075857932145129e-05
14286	9.537553525786497e-05
2467	7.075857932145129e-05
1371	0.00010699451646338048
13308	0.00012030495722247951
14287	0.0001344330149692905
1375	5.513609457668403e-05
4773	7.037248826629553e-05
6495	7.164044267579316e-05
5613	8.881138078422165e-05
14288	0.0002035685745784
4741	5.513609457668403e-05
1716	0.00011157529029390728
2598	0.0001379485060176425
14289	5.513609457668403e-05
3102	5.513609457668403e-05
8376	6.450958542354439e-05
12265	6.914694600449837e-05
7589	9.016558177902983e-05
13026	5.513609457668403e-05
14290	5.513609457668403e-05
3606	6.16355952678503e-05
14291	0.0001344330149692905
14292	0.00012253215770035146
3888	0.00017849743011031768
13350	7.075857932145129e-05
6562	0.0001771226890661634
1518	5.513609457668403e-05
1585	0.00014472850706982813
14293	5.513609457668403e-05
9250	0.00011065051811716867
11540	0.00032648742489205663
11228	5.513609457668403e-05
11366	0.0001239170478010246
13878	0.00011544948685005446
3719	5.513609457668403e-05
14294	0.0002035685745784
8717	0.00016134979770815588
3957	5.513609457668403e-05
1973	5.513609457668403e-05
8429	5.513609457668403e-05
5501	5.675221368821167e-05
1925	5.513609457668403e-05
14295	0.00013022182936771957
8003	5.513609457668403e-05
6890	0.00011008608449524586
2954	8.561987548469995e-05
8605	5.513609457668403e-05
10005	7.044305520352727e-05
6780	0.00021144443302329293
12956	5.8107762870525625e-05
1709	0.00010410943056483689
11437	5.513609457668403e-05
5973	5.513609457668403e-05
14296	0.00012427165418579355
1111	8.339169403769693e-05
6364	5.513609457668403e-05
7957	9.644759156747138e-05
1975	0.00012224689157703598
2859	6.998454341302859e-05
3470	8.88882667116102e-05
14297	9.303908160236476e-05
9091	8.95891501074083e-05
14298	5.513609457668403e-05
1366	5.513609457668403e-05
5800	0.00042228349106776595
3769	0.00018950717652914986
12034	0.0001420850050246218
2122	0.0003372819392231349
13721	7.867325551185475e-05
12801	0.0001512281778363898
784	8.08000247039523e-05
10220	5.513609457668403e-05
6252	6.0994112700702414e-05
12026	0.00010985531393283091
5630	0.00010853560427205022
6766	5.7824643545315515e-05
8658	0.00029792036429981446
3351	0.00011766640986977302
12288	6.667972163685413e-05
8685	7.302827022192802e-05
12701	0.00019790528926112133
462	8.980441989144924e-05
6935	6.0208096677205646e-05
14299	0.0001923603090828531
14300	5.513609457668403e-05
3156	5.513609457668403e-05
1010	8.443577042464829e-05
10217	9.419230643860216e-05
11583	0.0001304094005649647
9520	0.00013740978147559868
12840	0.00015288675134941855
1587	6.034358949160644e-05
14301	0.00019831048426477915
8863	6.437668676505918e-05
5291	5.513609457668403e-05
1158	6.551430887415508e-05
2471	5.513609457668403e-05
14302	0.00012427165418579355
7799	8.108800320327146e-05
7416	5.8204044628137395e-05
3004	5.513609457668403e-05
7211	5.615495227742973e-05
2350	5.513609457668403e-05
8489	6.459575643366789e-05
7165	0.00014104744739810142
9912	5.513609457668403e-05
11284	9.697196694122092e-05
718	5.513609457668403e-05
3993	7.032716142502541e-05
7455	8.679320248799609e-05
2279	8.820855529026535e-05
1055	0.00016560809411058898
14303	0.0001344330149692905
14304	0.00020252166986635005
200	5.513609457668403e-05
2164	0.0001525890755130965
10469	5.513609457668403e-05
4936	5.513609457668403e-05
7003	0.00010265813664976403
4624	8.937281712736463e-05
14305	0.00012668590176979374
6739	5.513609457668403e-05
6053	8.392392568976325e-05
6122	0.00013250776760008375
14306	5.513609457668403e-05
4912	5.513609457668403e-05
12848	5.513609457668403e-05
10764	0.00010305446533539166
11350	0.00013072501321800443
1108	5.852704420585357e-05
10985	0.00011408945724772311
166	0.0001054356240995513
6772	7.1719395882703e-05
14307	0.00027165722947545954
3006	5.513609457668403e-05
13778	5.513609457668403e-05
2400	8.343093547186996e-05
14308	5.513609457668403e-05
438	5.513609457668403e-05
3285	8.990511388381247e-05
14309	5.513609457668403e-05
14310	5.513609457668403e-05
13804	0.00012427165418579355
8399	9.607292183393259e-05
9381	9.901124824291738e-05
8754	0.00010988665803265333
6713	5.747946728839912e-05
6904	0.0002081728805942248
14311	0.0002035685745784
161	5.513609457668403e-05
12880	0.00021578188236869708
12144	0.0003041926165315313
7643	5.513609457668403e-05
10745	0.00021345438132695124
10927	8.34352169711673e-05
6177	8.096255161988507e-05
8271	9.904260468897622e-05
14312	5.513609457668403e-05
14313	0.00020252166986635005
7414	5.513609457668403e-05
13158	6.099452635597175e-05
14314	0.0001630953582779973
2183	5.728508324095168e-05
878	9.632535989498482e-05
7656	6.858112540283779e-05
1949	5.513609457668403e-05
5601	7.554291281704064e-05
3391	0.0001256386907085569
4731	5.513609457668403e-05
6131	0.0001367359395159894
14315	0.00020252166986635005
14316	5.513609457668403e-05
10169	0.0001265056767820392
9140	0.00011835116506342077
14317	5.513609457668403e-05
1619	0.0002432714311480588
12527	9.738842446424401e-05
6971	6.924446992677817e-05
615	5.513609457668403e-05
566	7.249991428173478e-05
12131	5.7098029099883515e-05
7095	9.185571941508513e-05
8006	8.266951300940731e-05
14318	5.513609457668403e-05
2990	5.513609457668403e-05
8086	5.513609457668403e-05
12896	5.513609457668403e-05
3356	6.380336310246191e-05
14319	0.00010634910468212557
253	7.619879329233184e-05
14320	0.00012427165418579355
7443	8.421064004848238e-05
8088	6.0286525709857264e-05
1907	5.513609457668403e-05
14321	5.513609457668403e-05
1844	0.0001696830475852815
14322	0.0001923603090828531
14323	7.653995723793344e-05
12013	6.581910786098416e-05
6220	5.513609457668403e-05
4194	5.513609457668403e-05
14324	0.00010200354881098581
4549	6.97978886322123e-05
12607	5.513609457668403e-05
4295	0.00010232875612371697
5921	6.844370436523422e-05
5379	5.7824643545315515e-05
14325	5.513609457668403e-05
4967	5.513609457668403e-05
14326	0.00012597121614728985
4383	5.513609457668403e-05
13807	0.00016696997453361282
14327	9.8630508850217e-05
12560	5.6556320462571964e-05
7577	8.347595862497403e-05
6492	7.387335345565982e-05
14328	5.513609457668403e-05
9949	5.513609457668403e-05
4621	7.617944507014367e-05
7622	9.197870702818585e-05
4340	5.513609457668403e-05
10227	6.183144518158429e-05
8306	7.999004757972285e-05
1496	7.304688371021699e-05
14329	5.513609457668403e-05
13735	9.402812820378663e-05
11920	9.6185209929739e-05
14330	0.00034674296426649514
1792	0.0001104792649964717
13759	6.35542254541902e-05
3421	5.513609457668403e-05
6979	0.0003063119368061951
10937	0.00010749152503222351
14331	0.00020252166986635005
5322	5.513609457668403e-05
11107	5.513609457668403e-05
8710	7.277932561998768e-05
5290	0.00012071173682934894
2580	5.513609457668403e-05
3716	0.00010200354881098581
8303	9.409641874980049e-05
9740	5.513609457668403e-05
13012	8.766141841711847e-05
10851	9.360560085139587e-05
14332	5.513609457668403e-05
10748	5.513609457668403e-05
1144	6.135573861612384e-05
8905	5.5864857355063753e-05
1519	9.44096513514943e-05
14333	8.365867169928955e-05
9888	6.044445699697717e-05
9508	8.003503708155858e-05
4616	5.513609457668403e-05
2284	9.31779228040905e-05
3290	5.513609457668403e-05
14334	5.513609457668403e-05
14335	0.0001344330149692905
439	0.0001340267423612788
3593	7.251143422972257e-05
4931	5.513609457668403e-05
10968	5.513609457668403e-05
14336	5.513609457668403e-05
14337	5.513609457668403e-05
14338	0.0001923603090828531
14339	5.513609457668403e-05
904	0.00021387530490986817
13594	0.00020252166986635005
1096	6.756760397921236e-05
104	5.872099167697392e-05
14340	0.0002733187747243017
4035	8.446699510539658e-05
8291	5.694931590851958e-05
571	0.00011762603355575305
6801	0.00010049980291648245
914	8.045396494541191e-05
1323	6.030736584658607e-05
7869	5.513609457668403e-05
3905	9.474912741777065e-05
3214	5.513609457668403e-05
10534	7.723618983508068e-05
5665	9.406907412478157e-05
9961	0.00010736701987287305
11634	5.513609457668403e-05
5201	5.513609457668403e-05
5107	0.00011116281339548561
6286	7.248064870212133e-05
13662	0.00020645317146799518
13746	7.145277936931528e-05
448	8.497863649793513e-05
3170	9.655399933733948e-05
2171	5.513609457668403e-05
6422	7.075857932145129e-05
13136	6.608278994183424e-05
14341	5.513609457668403e-05
1458	5.513609457668403e-05
7172	5.513609457668403e-05
2984	7.236921496865682e-05
14342	5.513609457668403e-05
2372	5.513609457668403e-05
5740	5.930683197164016e-05
5645	9.164183692532334e-05
2886	5.513609457668403e-05
5243	5.513609457668403e-05
13171	5.615495227742973e-05
1468	0.00018227358085497273
3639	0.00014199745961984662
14343	5.513609457668403e-05
369	0.000122531536345702
1527	7.398753328968166e-05
4271	5.513609457668403e-05
13402	0.000114827193743006
14344	5.513609457668403e-05
787	5.513609457668403e-05
6187	7.289735214121177e-05
13860	5.513609457668403e-05
2131	5.513609457668403e-05
9347	0.00010200354881098581
14345	5.513609457668403e-05
24	5.513609457668403e-05
843	0.00014377546890907762
758	5.513609457668403e-05
7571	5.513609457668403e-05
7434	6.500547101647416e-05
1594	6.311419564855329e-05
8268	5.9126620571271314e-05
1275	6.584465598224735e-05
4197	5.513609457668403e-05
7690	7.788440833151509e-05
8893	5.513609457668403e-05
14346	5.513609457668403e-05
5199	5.513609457668403e-05
14347	5.513609457668403e-05
11420	5.513609457668403e-05
6749	6.176381537749439e-05
14348	5.513609457668403e-05
1191	5.513609457668403e-05
14349	5.513609457668403e-05
3562	6.97050420580056e-05
9769	9.264764192964221e-05
6483	5.513609457668403e-05
9432	5.513609457668403e-05
2271	5.513609457668403e-05
14350	0.00013022182936771957
2574	0.00026046279592391
13806	0.00012610279556230438
2292	6.351025248146723e-05
14351	0.0001344330149692905
6651	7.332614675230188e-05
4365	6.370344140856272e-05
9609	7.164044267579316e-05
6297	6.03452211938948e-05
2444	5.513609457668403e-05
11263	7.929858447221463e-05
2245	5.513609457668403e-05
7020	7.494157775756252e-05
7658	5.513609457668403e-05
5851	5.5517130789971034e-05
9120	7.003789218232331e-05
14352	5.513609457668403e-05
1596	8.593925055826464e-05
779	0.00010200354881098581
4167	5.513609457668403e-05
3965	5.513609457668403e-05
3378	0.00010200354881098581
7766	5.513609457668403e-05
3847	5.513609457668403e-05
1818	5.513609457668403e-05
14353	6.685295813525948e-05
13616	0.0001344330149692905
14354	0.00012427165418579355
1652	0.0002763369747268218
9670	5.513609457668403e-05
6233	5.513609457668403e-05
5047	7.342351513745058e-05
6256	0.00010010748368858384
554	5.513609457668403e-05
11233	5.513609457668403e-05
653	6.78815020441747e-05
1347	0.00013651396097536908
4475	5.513609457668403e-05
5480	8.008291732593408e-05
14355	6.384442640920135e-05
2665	0.00012768471466515885
2959	5.513609457668403e-05
2516	7.363664298601244e-05
3363	8.660678754412562e-05
8123	6.0994112700702414e-05
11834	6.57370663677761e-05
3977	9.574468130803704e-05
5732	5.513609457668403e-05
14356	0.00012427165418579355
14357	0.00034674296426649514
2114	6.418242084224745e-05
65	0.0002604249818117338
3434	5.513609457668403e-05
4485	5.513609457668403e-05
4871	5.513609457668403e-05
6245	5.513609457668403e-05
9640	7.349262894711677e-05
10056	5.5517130789971034e-05
9131	6.222109884986858e-05
7105	6.690487929857663e-05
13070	6.674332847886788e-05
9637	0.00010200354881098581
1203	5.513609457668403e-05
8938	6.820930824679698e-05
2640	5.513609457668403e-05
4202	7.413800793400216e-05
2587	0.00026913689651453807
14358	0.00013022182936771957
8110	6.198483776255549e-05
5862	6.492583285291193e-05
14359	0.00012322474947374358
404	5.513609457668403e-05
10307	7.856982169383492e-05
3505	6.0994112700702414e-05
11977	6.982104878735107e-05
5217	5.513609457668403e-05
9166	5.513609457668403e-05
1398	5.513609457668403e-05
964	6.294733694906765e-05
14360	5.513609457668403e-05
14361	0.00010941003117209255
14362	5.513609457668403e-05
3232	5.513609457668403e-05
9540	7.394929483173602e-05
422	5.513609457668403e-05
11446	0.00013019183406805422
1068	5.513609457668403e-05
8096	7.479868142381055e-05
2359	5.6245893568350756e-05
10855	0.00010268520312510114
8253	6.699147900039284e-05
14363	5.513609457668403e-05
441	5.513609457668403e-05
13153	0.00014377113121706358
7642	7.116351449000202e-05
9941	8.701281705507093e-05
5595	0.00017771188802367894
8084	5.513609457668403e-05
7700	5.513609457668403e-05
972	5.513609457668403e-05
12101	8.789335649517173e-05
10040	5.513609457668403e-05
3589	6.647310545999197e-05
14364	5.513609457668403e-05
6393	0.0001313752321812151
3530	7.028553615104368e-05
8856	0.00012386880978316065
7647	5.513609457668403e-05
14365	9.730087324640068e-05
8485	7.485739305149689e-05
336	5.513609457668403e-05
14366	7.341674266357387e-05
4001	5.513609457668403e-05
14367	0.0001316164506860075
5945	0.0001293065964692919
7406	6.868152375136928e-05
1384	5.7088905169779936e-05
1002	0.00015071960388628088
4098	5.513609457668403e-05
13638	5.513609457668403e-05
5144	5.513609457668403e-05
604	0.00019031753509655058
5989	5.513609457668403e-05
6011	5.513609457668403e-05
2285	7.503393307451046e-05
8875	6.516810504731343e-05
3009	6.52055196832416e-05
14368	0.00012597121614728985
14369	0.00012427165418579355
10874	7.28592055877041e-05
1922	6.714552850033107e-05
2901	5.513609457668403e-05
9632	8.408693177148565e-05
2808	5.513609457668403e-05
12534	5.513609457668403e-05
8987	5.513609457668403e-05
12434	5.513609457668403e-05
1015	6.438287475248289e-05
11523	9.12235972373878e-05
612	5.513609457668403e-05
11217	7.381925343732787e-05
11333	5.513609457668403e-05
12935	6.948746990385271e-05
11282	5.513609457668403e-05
3228	5.513609457668403e-05
12656	0.0001344330149692905
3135	6.294733694906765e-05
69	5.513609457668403e-05
816	0.00010423647972089754
11190	6.0098601908755774e-05
553	5.513609457668403e-05
14370	0.0001630953582779973
10444	6.52256010383384e-05
5992	0.0001548722262252911
1894	7.723822937897772e-05
10070	5.513609457668403e-05
11036	5.729839641945418e-05
7302	6.337993621239247e-05
14371	0.0001269672118888356
14372	5.513609457668403e-05
911	5.513609457668403e-05
1599	8.39116080412945e-05
10616	7.235418319981544e-05
7421	9.79362037218805e-05
3224	6.492583285291193e-05
8418	5.513609457668403e-05
4778	5.513609457668403e-05
14373	9.8630508850217e-05
1920	5.513609457668403e-05
4486	7.846353684369824e-05
4488	5.998694538808567e-05
2348	5.513609457668403e-05
6987	9.294360245213314e-05
2166	5.513609457668403e-05
10443	5.939677223434783e-05
11843	5.513609457668403e-05
4532	5.898703131001096e-05
14374	0.00017419112681595506
5327	7.641493703619163e-05
5972	7.039227836473592e-05
6378	5.745283805303872e-05
2807	7.12488663635868e-05
14375	0.00034674296426649514
8910	5.513609457668403e-05
8551	0.00010041110477272694
978	0.0001581849063446948
9134	0.0002671335247197023
7136	0.00025649320564462015
991	5.513609457668403e-05
11753	5.513609457668403e-05
13065	5.513609457668403e-05
14376	0.00020252166986635005
14377	5.513609457668403e-05
2912	5.513609457668403e-05
8401	0.00019973453838317658
14378	5.513609457668403e-05
12277	5.84746354186981e-05
356	5.513609457668403e-05
14379	5.513609457668403e-05
14380	5.513609457668403e-05
14381	5.513609457668403e-05
13820	5.513609457668403e-05
4787	5.513609457668403e-05
5752	8.576567991659156e-05
2047	5.513609457668403e-05
886	5.513609457668403e-05
11777	0.0001702766496983112
4989	5.513609457668403e-05
6118	5.943222868887397e-05
6815	5.513609457668403e-05
5922	0.00011750671311048654
6384	0.0001085492254777134
8195	7.185325005773009e-05
12235	9.36363987288464e-05
2637	5.952876697724443e-05
11951	6.355283997260962e-05
3154	0.00011586560865695366
4047	6.644624140096535e-05
13615	0.00010302240651173148
485	0.00012070514577983271
10125	7.503393307451046e-05
9844	0.00017243140639192485
13042	5.747946728839912e-05
7770	6.027515325625868e-05
1835	0.00010999536223039441
854	7.839188059396755e-05
1866	6.288869198797369e-05
12438	5.513609457668403e-05
4647	6.988483062113718e-05
5836	0.00010874356341605165
14382	0.00020951874976032607
6970	5.513609457668403e-05
9315	7.566928510184157e-05
5616	5.513609457668403e-05
8747	8.588834886794028e-05
2566	7.097055685471697e-05
6751	5.513609457668403e-05
14383	5.513609457668403e-05
7961	0.00012176336836355371
3839	7.780540647297273e-05
4650	7.002456061874451e-05
11073	5.598823010821679e-05
2639	8.150547542059886e-05
4575	0.00018682825382691627
9352	5.513609457668403e-05
6949	0.00014280947231041683
12409	5.513609457668403e-05
12345	6.120799148153283e-05
14384	0.00012427165418579355
11964	8.176354661929648e-05
14385	5.513609457668403e-05
6755	6.250234299530778e-05
12229	5.513609457668403e-05
29	8.108300687716599e-05
2654	5.513609457668403e-05
14386	5.513609457668403e-05
8904	5.513609457668403e-05
13039	5.5517130789971034e-05
1750	5.513609457668403e-05
8942	9.30435355450073e-05
12731	6.532382389301281e-05
4293	0.00012561245387222476
15	8.123771592086764e-05
14387	0.00012610279556230438
13794	7.419759834633143e-05
14388	5.513609457668403e-05
12116	5.675221368821167e-05
8638	5.513609457668403e-05
6390	6.767905457893129e-05
8920	5.513609457668403e-05
8442	5.513609457668403e-05
13672	6.186055540160559e-05
5492	5.513609457668403e-05
2384	0.00010453354590154703
11989	5.9160067920033167e-05
14389	0.00012427165418579355
10350	8.147402841873397e-05
13633	8.378549466945012e-05
10049	7.521066935200162e-05
11982	5.513609457668403e-05
7067	6.439881039815013e-05
11083	0.0001692511856475394
8153	7.513501318203259e-05
11556	0.0002000552451326342
10690	5.874128336393801e-05
2485	7.709396021220749e-05
14390	5.513609457668403e-05
11069	0.00011533711555101599
9671	5.513609457668403e-05
10211	5.513609457668403e-05
1826	6.111481413383043e-05
9313	0.0001299697285548012
14391	0.00012597121614728985
14392	0.0002474677132420226
14393	0.00012597121614728985
14394	5.513609457668403e-05
5827	5.513609457668403e-05
10770	5.513609457668403e-05
121	5.513609457668403e-05
1074	5.513609457668403e-05
8168	6.233421504223311e-05
6293	5.513609457668403e-05
4864	5.513609457668403e-05
7976	0.00011191750368497473
1815	6.397605934494417e-05
6722	5.513609457668403e-05
11725	6.284017051408068e-05
8985	6.811477421079837e-05
3930	5.513609457668403e-05
13587	5.513609457668403e-05
10535	7.803564968818561e-05
1744	7.96488662660619e-05
1024	0.00011581337332942132
13468	5.513609457668403e-05
12805	5.513609457668403e-05
14395	0.0001274843123844004
7189	5.513609457668403e-05
13758	0.00012610279556230438
14396	0.00013767290710686513
14397	0.00020252166986635005
6261	9.420221112729202e-05
7991	6.099452635597175e-05
9659	6.099452635597175e-05
2987	5.513609457668403e-05
1491	8.088265528431245e-05
5974	5.513609457668403e-05
11451	6.440525503506761e-05
3775	0.00010716913898503215
10580	5.513609457668403e-05
87	7.18353808868375e-05
12452	6.183144518158429e-05
8333	7.573415461100169e-05
3731	6.608278994183424e-05
8272	5.513609457668403e-05
4705	5.513609457668403e-05
3051	5.513609457668403e-05
7812	9.362464706228355e-05
14398	5.513609457668403e-05
11809	5.513609457668403e-05
4792	5.513609457668403e-05
13639	5.513609457668403e-05
5114	5.513609457668403e-05
364	5.513609457668403e-05
5367	6.491093018872861e-05
14399	5.747946728839912e-05
8541	0.0001173679086880536
549	5.513609457668403e-05
14400	7.075857932145129e-05
6770	7.720935592375496e-05
7539	6.292947937054411e-05
14401	0.00012427165418579355
8521	5.837623239718265e-05
6309	5.513609457668403e-05
4728	5.513609457668403e-05
3350	7.291927725367935e-05
14402	0.0001344330149692905
12402	5.513609457668403e-05
7043	0.0001079539505874651
5453	5.9646742290633505e-05
4638	5.8557999785411485e-05
2141	6.721438495893487e-05
14403	5.513609457668403e-05
13383	5.513609457668403e-05
14404	0.00014677508358771027
2935	5.7667451748690744e-05
13768	5.7893003649290013e-05
3705	5.513609457668403e-05
14405	5.513609457668403e-05
14406	5.513609457668403e-05
5207	5.513609457668403e-05
2118	7.075857932145129e-05
14407	0.0001405522196088413
13628	0.00012322474947374358
2804	5.513609457668403e-05
4588	5.513609457668403e-05
12246	5.513609457668403e-05
10288	5.977586312268188e-05
2908	9.056738671520416e-05
10472	6.145914304044357e-05
9291	7.123768728147894e-05
14408	5.513609457668403e-05
14409	5.513609457668403e-05
4727	6.450958542354439e-05
861	6.671131422546835e-05
12839	5.513609457668403e-05
14410	0.00020704765161325676
4842	5.513609457668403e-05
12463	5.513609457668403e-05
9494	5.725475197831126e-05
4135	5.513609457668403e-05
13226	0.00012322474947374358
1038	5.513609457668403e-05
9592	9.58877453823894e-05
10601	5.513609457668403e-05
1754	0.00010825929986869629
4810	5.513609457668403e-05
385	6.800067201883007e-05
3926	9.445697738925238e-05
1730	9.749910105278143e-05
12809	5.615495227742973e-05
5172	7.579331998183531e-05
9537	6.250234299530778e-05
172	9.650943747082494e-05
9656	9.203938092367848e-05
4626	5.513609457668403e-05
14411	5.513609457668403e-05
2779	5.513609457668403e-05
7470	7.903444143139278e-05
9705	7.02425442872713e-05
9361	5.513609457668403e-05
14412	5.513609457668403e-05
4594	5.513609457668403e-05
5930	5.513609457668403e-05
4681	7.893528264445373e-05
2552	7.266470314893709e-05
14413	5.513609457668403e-05
182	5.694931590851958e-05
745	5.513609457668403e-05
14414	5.513609457668403e-05
11688	6.299230915550111e-05
9159	5.513609457668403e-05
14415	5.513609457668403e-05
4835	5.513609457668403e-05
2632	9.33849405218715e-05
7058	6.937593493060665e-05
2942	5.513609457668403e-05
12521	5.513609457668403e-05
7864	5.729839641945418e-05
3402	5.513609457668403e-05
3990	8.049282807803674e-05
4710	5.513609457668403e-05
9224	5.6556320462571964e-05
3711	0.00010798139018836807
1027	6.93749669872983e-05
290	6.915765000574622e-05
3050	0.00016134625404045592
4111	0.00023049198732894233
14416	7.296771542445005e-05
6336	5.513609457668403e-05
8178	5.513609457668403e-05
8371	7.075857932145129e-05
14417	5.513609457668403e-05
14418	5.513609457668403e-05
13782	5.513609457668403e-05
5814	0.00010350895330486188
5252	0.00012322474947374358
11359	5.513609457668403e-05
8439	5.513609457668403e-05
12169	5.513609457668403e-05
9262	5.513609457668403e-05
1880	8.933733818324146e-05
6969	5.513609457668403e-05
11837	6.488776958850365e-05
4780	5.513609457668403e-05
4066	5.513609457668403e-05
5254	7.142322500153524e-05
202	9.56614062025181e-05
1650	5.729839641945418e-05
8526	5.801591982954488e-05
7988	5.7824643545315515e-05
807	7.187162306474169e-05
11236	6.302989670191797e-05
2902	5.513609457668403e-05
1935	0.00015830980453192955
2823	0.00012749436334665094
8348	5.873923139192696e-05
4063	6.040725719589889e-05
941	9.407083138547302e-05
56	0.00011146392934663002
10567	5.513609457668403e-05
11325	5.837623239718265e-05
14419	5.513609457668403e-05
11880	6.503338868739967e-05
326	5.8305563732070923e-05
8488	5.513609457668403e-05
4377	5.513609457668403e-05
3297	9.209500381980289e-05
11484	7.856982169383492e-05
8865	5.806531046632789e-05
14420	0.00012322474947374358
12727	7.075857932145129e-05
1081	8.521237442598239e-05
3872	5.513609457668403e-05
14421	5.513609457668403e-05
3281	0.00010217050305131703
14422	5.513609457668403e-05
14423	7.856982169383492e-05
7230	5.513609457668403e-05
3520	5.513609457668403e-05
14424	0.00020252166986635005
791	5.513609457668403e-05
6500	5.513609457668403e-05
379	5.513609457668403e-05
7882	5.513609457668403e-05
2787	5.747946728839912e-05
7590	5.816227327855245e-05
2102	6.99128627762621e-05
14425	5.513609457668403e-05
5031	5.513609457668403e-05
347	6.351025248146723e-05
10475	7.428015809918174e-05
14426	5.513609457668403e-05
3321	0.0001153942433519216
2604	8.1840064829072e-05
940	7.824773843928038e-05
13092	5.747946728839912e-05
5130	5.513609457668403e-05
5435	0.0001391274098730156
2655	5.513609457668403e-05
14427	5.513609457668403e-05
2932	6.172812414807755e-05
433	0.00012451359534491438
5654	5.513609457668403e-05
3136	6.781142832300364e-05
3086	0.00010842096900703891
10602	6.315822569955363e-05
6062	5.513609457668403e-05
10225	5.513609457668403e-05
4208	5.513609457668403e-05
11103	5.513609457668403e-05
12950	5.943222868887397e-05
14428	0.00027165722947545954
2683	5.513609457668403e-05
2465	0.00011153265186858785
1506	5.513609457668403e-05
12047	5.513609457668403e-05
14429	5.513609457668403e-05
6021	5.856744496844874e-05
1919	5.513609457668403e-05
5546	5.513609457668403e-05
2523	8.80675717560624e-05
9509	5.513609457668403e-05
11850	5.513609457668403e-05
3335	5.693868897031102e-05
8340	5.513609457668403e-05
5808	5.513609457668403e-05
982	0.0001213507352252251
6443	0.00018907733082235804
8315	9.09684966270338e-05
4949	5.513609457668403e-05
14430	5.513609457668403e-05
14431	0.00012427165418579355
2436	6.0827094385428576e-05
9123	6.327642724225565e-05
4297	5.513609457668403e-05
3766	5.513609457668403e-05
699	6.948746990385271e-05
1363	5.513609457668403e-05
2048	0.00010200354881098581
9093	5.513609457668403e-05
1696	6.491640733926547e-05
14432	5.513609457668403e-05
11090	0.00012322474947374358
5533	5.513609457668403e-05
7083	6.317690687484995e-05
2059	5.513609457668403e-05
474	6.848129614619219e-05
2174	6.685295813525948e-05
5488	5.513609457668403e-05
7918	7.856982169383492e-05
10465	5.852704420585357e-05
4504	0.0002976108790734455
14433	0.0001670403504184849
1115	6.842011197663841e-05
3241	5.513609457668403e-05
1234	6.0974408040606284e-05
7930	5.513609457668403e-05
14434	5.513609457668403e-05
13128	5.747946728839912e-05
6091	0.0001312539196861094
12261	8.590707244694723e-05
5610	6.690487929857663e-05
2953	5.856744496844874e-05
814	5.513609457668403e-05
9013	5.513609457668403e-05
13889	0.00010200354881098581
14435	0.0001344330149692905
7673	0.00012042614283423088
14436	5.513609457668403e-05
14437	0.00010200354881098581
187	5.513609457668403e-05
6478	5.513609457668403e-05
9009	0.00010714598056481446
2319	8.240431424634618e-05
14438	0.00011188559896458617
13125	5.513609457668403e-05
14439	0.00011525034833026015
4127	7.397918863498798e-05
7953	7.472578015616188e-05
6417	6.766093657076105e-05
13769	5.747946728839912e-05
3287	5.513609457668403e-05
9408	5.513609457668403e-05
11908	5.513609457668403e-05
413	6.458785891804508e-05
2881	7.594455485854304e-05
14440	5.513609457668403e-05
14441	5.513609457668403e-05
11149	5.593045820777389e-05
8079	5.513609457668403e-05
1553	6.0097208965349165e-05
1676	7.101390827914175e-05
14442	5.513609457668403e-05
14443	5.513609457668403e-05
1683	5.513609457668403e-05
9216	0.0001288962467825551
7742	7.682579219734349e-05
6406	0.00010200354881098581
4688	5.513609457668403e-05
14444	0.0001769097333497131
11545	6.656627236237061e-05
6454	5.513609457668403e-05
11868	5.513609457668403e-05
6718	5.513609457668403e-05
14445	5.513609457668403e-05
7851	8.130750413679169e-05
5567	5.513609457668403e-05
13621	5.513609457668403e-05
1879	6.608278994183424e-05
8274	6.516810504731343e-05
5896	9.849747989027727e-05
865	5.513609457668403e-05
14446	5.513609457668403e-05
4909	6.0905969907131396e-05
6573	6.358154114239992e-05
4129	5.513609457668403e-05
891	5.7883268800869795e-05
1225	5.513609457668403e-05
14447	5.513609457668403e-05
8882	0.00011012045029655952
9946	5.513609457668403e-05
993	0.00010844911550858628
9555	5.513609457668403e-05
400	5.513609457668403e-05
1979	7.950588816168284e-05
6529	5.513609457668403e-05
6687	5.513609457668403e-05
14448	0.00012427165418579355
14449	6.342802878736819e-05
14450	7.856982169383492e-05
505	5.513609457668403e-05
2280	9.258654445709651e-05
14451	5.513609457668403e-05
11125	5.513609457668403e-05
5729	7.856982169383492e-05
14452	0.00010465379732577679
13095	5.615495227742973e-05
3414	5.513609457668403e-05
14453	5.513609457668403e-05
13695	5.513609457668403e-05
2242	8.111087487421042e-05
9770	9.241169176458594e-05
14454	5.513609457668403e-05
2037	0.00014212921606379973
2251	7.075768475467897e-05
10967	6.778452067307737e-05
9993	7.856982169383492e-05
14455	7.581663202902225e-05
3477	7.559092411779842e-05
2857	5.687192621499151e-05
14456	5.513609457668403e-05
4897	5.7893003649290013e-05
11441	5.513609457668403e-05
6497	0.00013343045421865344
14457	0.00012418072552989158
2732	5.513609457668403e-05
14458	5.513609457668403e-05
321	5.513609457668403e-05
13483	0.00021804207364846422
7554	7.444640918893808e-05
5529	7.126954491623187e-05
14459	5.513609457668403e-05
14460	5.513609457668403e-05
14461	5.513609457668403e-05
7276	5.836954179440751e-05
6868	8.003644103191482e-05
14462	7.653995723793344e-05
9852	6.596242763488497e-05
6966	5.513609457668403e-05
7894	5.513609457668403e-05
6025	5.513609457668403e-05
1050	5.513609457668403e-05
13606	5.747946728839912e-05
4609	5.513609457668403e-05
7192	6.711137170448448e-05
9221	5.513609457668403e-05
6709	7.245616453786083e-05
1773	0.00012895207890139607
6279	5.6556320462571964e-05
14463	7.296771542445005e-05
781	6.0791471213077904e-05
5108	5.513609457668403e-05
5953	5.513609457668403e-05
14464	5.513609457668403e-05
2988	5.513609457668403e-05
11239	6.292947937054411e-05
14465	5.513609457668403e-05
4776	5.513609457668403e-05
4195	5.513609457668403e-05
2438	6.0786284844662245e-05
3474	5.513609457668403e-05
4165	6.592880170473573e-05
14466	5.513609457668403e-05
136	0.0001244647262711421
10228	5.513609457668403e-05
14467	0.00011525034833026015
10300	6.251138896874569e-05
6887	5.513609457668403e-05
1364	0.00012543727592813667
1044	5.513609457668403e-05
967	5.513609457668403e-05
1103	9.824381688671696e-05
1847	0.00013385877293001713
14468	5.513609457668403e-05
10814	5.513609457668403e-05
3532	5.513609457668403e-05
14469	5.513609457668403e-05
10266	0.00010200354881098581
5070	0.00011662460130884569
4059	5.513609457668403e-05
14470	5.513609457668403e-05
13754	5.513609457668403e-05
934	5.513609457668403e-05
409	5.513609457668403e-05
3657	5.513609457668403e-05
493	5.513609457668403e-05
2729	5.765114239111831e-05
125	5.513609457668403e-05
13195	6.631217981717136e-05
6301	5.513609457668403e-05
3178	7.856982169383492e-05
4876	5.83944776417995e-05
7405	9.257715820926922e-05
1857	7.035021712623008e-05
13756	0.00010634910468212557
1811	5.513609457668403e-05
2708	5.513609457668403e-05
4214	5.513609457668403e-05
14471	5.513609457668403e-05
12063	5.513609457668403e-05
14472	5.513609457668403e-05
11413	5.513609457668403e-05
14473	5.513609457668403e-05
10857	5.513609457668403e-05
9304	5.513609457668403e-05
68	5.513609457668403e-05
14474	5.513609457668403e-05
9875	5.513609457668403e-05
8656	5.513609457668403e-05
14475	5.513609457668403e-05
4164	0.0001071064553776272
14476	5.513609457668403e-05
5306	5.513609457668403e-05
5545	5.513609457668403e-05
1209	5.729839641945418e-05
9801	5.513609457668403e-05
12046	5.513609457668403e-05
11668	8.904995310765666e-05
14477	5.513609457668403e-05
6408	6.0380643624672975e-05
9600	8.385079859695775e-05
14478	5.513609457668403e-05
12785	5.513609457668403e-05
10805	7.395456715911228e-05
11226	5.513609457668403e-05
14479	5.513609457668403e-05
1255	8.413000760329627e-05
6059	8.413000760329627e-05
6018	5.513609457668403e-05
414	8.937147261485733e-05
14480	5.513609457668403e-05
4685	5.513609457668403e-05
4209	5.513609457668403e-05
2008	0.00010200354881098581
6659	5.513609457668403e-05
1967	7.075857932145129e-05
5439	6.85648115100608e-05
11042	6.441194489388959e-05
8943	5.760280269427886e-05
2801	5.513609457668403e-05
12060	5.513609457668403e-05
14481	0.00012427165418579355
14482	7.075857932145129e-05
990	5.513609457668403e-05
5693	5.513609457668403e-05
5710	7.856982169383492e-05
1843	5.7824643545315515e-05
11697	5.513609457668403e-05
14483	5.513609457668403e-05
8252	9.203938092367848e-05
2185	7.075857932145129e-05
14484	5.513609457668403e-05
14485	5.513609457668403e-05
13666	7.075857932145129e-05
213	6.466632702840529e-05
13665	5.513609457668403e-05
675	5.513609457668403e-05
13290	5.513609457668403e-05
4959	5.513609457668403e-05
11534	5.513609457668403e-05
14486	5.513609457668403e-05
9278	5.513609457668403e-05
14487	5.513609457668403e-05
2827	6.815812515894657e-05
1327	5.513609457668403e-05
312	5.513609457668403e-05
14488	9.8630508850217e-05
9911	5.513609457668403e-05
14489	0.00012610279556230438
14490	0.00011449894595758149
9455	5.513609457668403e-05
747	6.634958949351138e-05
8954	5.513609457668403e-05
4478	5.513609457668403e-05
14491	5.513609457668403e-05
14492	5.513609457668403e-05
8241	5.513609457668403e-05
7175	5.513609457668403e-05
10044	5.513609457668403e-05
14493	0.0001316164506860075
3380	5.7824643545315515e-05
3416	5.513609457668403e-05
2027	9.269014476729552e-05
5696	6.723315455093605e-05
13785	5.513609457668403e-05
12998	5.513609457668403e-05
3904	0.00018223919709686606
1091	6.747421276199022e-05
14494	5.513609457668403e-05
11679	5.513609457668403e-05
10603	5.513609457668403e-05
14495	5.513609457668403e-05
1997	5.513609457668403e-05
14496	0.00013022182936771957
1775	6.034358949160644e-05
11584	5.513609457668403e-05
8471	6.459575643366789e-05
14497	0.00012427165418579355
685	5.513609457668403e-05
11208	5.513609457668403e-05
6548	6.397605934494417e-05
9118	5.513609457668403e-05
4115	5.84746354186981e-05
307	6.52055196832416e-05
14498	5.513609457668403e-05
7641	5.513609457668403e-05
13670	5.513609457668403e-05
4282	5.7824643545315515e-05
2440	5.513609457668403e-05
14499	5.513609457668403e-05
14500	5.513609457668403e-05
1176	5.513609457668403e-05
14501	5.513609457668403e-05
10124	5.513609457668403e-05
10681	5.513609457668403e-05
8793	5.513609457668403e-05
13764	5.513609457668403e-05
6343	5.7824643545315515e-05
4125	5.904171576287585e-05
13170	5.513609457668403e-05
6282	5.513609457668403e-05
10031	5.513609457668403e-05
14502	7.99461858073312e-05
5585	0.00012273125864730437
4327	6.450958542354439e-05
1485	5.513609457668403e-05
5521	5.848376987913416e-05
2463	5.513609457668403e-05
14503	8.781103958667349e-05
5854	5.63692663215038e-05
5848	5.513609457668403e-05
3725	6.370344140856272e-05
14504	6.449719162414486e-05
13797	0.00012610279556230438
2393	5.513609457668403e-05
14505	5.513609457668403e-05
13582	5.513609457668403e-05
10889	6.52055196832416e-05
14506	5.513609457668403e-05
923	5.513609457668403e-05
8459	0.00010200354881098581
7231	6.299230915550111e-05
697	5.513609457668403e-05
2309	5.513609457668403e-05
14507	5.513609457668403e-05
5405	5.513609457668403e-05
4797	0.00010200354881098581
11846	5.513609457668403e-05
4558	6.030736584658607e-05
14508	5.513609457668403e-05
8001	7.558590907455804e-05
655	5.513609457668403e-05
14509	5.513609457668403e-05
14510	5.513609457668403e-05
4555	5.513609457668403e-05
944	5.513609457668403e-05
6693	5.513609457668403e-05
14511	5.513609457668403e-05
14512	5.513609457668403e-05
11643	7.353642741750328e-05
14513	0.00010160690169555155
14514	5.513609457668403e-05
4079	5.513609457668403e-05
8219	5.513609457668403e-05
11895	7.124293642856862e-05
6175	6.294733694906765e-05
5323	0.00013553265729573878
14515	5.513609457668403e-05
12024	5.513609457668403e-05
14516	5.513609457668403e-05
7174	6.183144518158429e-05
8680	5.513609457668403e-05
14517	5.513609457668403e-05
13199	5.513609457668403e-05
295	6.304810137654573e-05
5016	5.513609457668403e-05
2514	8.328254958943712e-05
14518	5.513609457668403e-05
10831	6.133151023897558e-05
14519	5.513609457668403e-05
14520	5.513609457668403e-05
2576	5.84746354186981e-05
14521	5.513609457668403e-05
6903	5.513609457668403e-05
3318	5.513609457668403e-05
14522	6.498858421600783e-05
14523	5.513609457668403e-05
14524	5.513609457668403e-05
13690	5.513609457668403e-05
14525	5.513609457668403e-05
11914	7.617783417175448e-05
11372	5.513609457668403e-05
10016	5.513609457668403e-05
9253	5.513609457668403e-05
2543	0.00011656426793477215
11942	7.065731681965662e-05
6376	8.010023031054446e-05
6049	7.28281547732632e-05
10983	5.513609457668403e-05
3709	5.513609457668403e-05
10721	5.513609457668403e-05
13792	5.513609457668403e-05
2447	7.065731681965662e-05
14526	9.8630508850217e-05
12777	0.00020252166986635005
4203	5.513609457668403e-05
1825	5.959886210228412e-05
13525	5.747946728839912e-05
13399	5.513609457668403e-05
4466	6.251138896874569e-05
821	5.598823010821679e-05
7274	5.513609457668403e-05
5967	6.327642724225565e-05
1428	5.513609457668403e-05
14527	5.513609457668403e-05
9991	5.513609457668403e-05
4806	0.00010200354881098581
14528	5.513609457668403e-05
7942	5.513609457668403e-05
4733	5.513609457668403e-05
11537	6.964792702451013e-05
7579	5.513609457668403e-05
2310	8.85702125454392e-05
5223	5.513609457668403e-05
10278	7.306190717254737e-05
4580	7.42947324771502e-05
14529	5.513609457668403e-05
8879	5.513609457668403e-05
3209	5.513609457668403e-05
5697	5.593045820777389e-05
4848	6.183144518158429e-05
10381	6.302989670191797e-05
5402	5.513609457668403e-05
14530	5.513609457668403e-05
41	5.513609457668403e-05
10961	5.513609457668403e-05
5221	5.513609457668403e-05
14531	5.513609457668403e-05
14532	9.8630508850217e-05
13691	5.513609457668403e-05
12338	5.675221368821167e-05
8537	5.513609457668403e-05
9748	6.034358949160644e-05
3634	6.10765637967281e-05
5264	6.133958613064283e-05
714	5.8305563732070923e-05
6307	5.513609457668403e-05
3254	5.513609457668403e-05
1765	6.968330976706012e-05
3963	5.513609457668403e-05
4430	5.513609457668403e-05
3238	7.856982169383492e-05
12286	5.513609457668403e-05
10101	0.00010200354881098581
14533	5.513609457668403e-05
14534	5.513609457668403e-05
14535	0.00013718292133772355
8323	5.513609457668403e-05
11650	5.513609457668403e-05
14536	5.513609457668403e-05
14537	5.513609457668403e-05
8321	6.37618117126328e-05
7226	6.825949904837374e-05
14538	7.075857932145129e-05
14539	5.906521883731604e-05
14540	5.513609457668403e-05
