0	0
1	0
2	7.213676916483354e-05
3	6.453836724295943e-05
4	5.896155849296007e-05
5	0
6	6.453836724295943e-05
7	0
8	0
9	0
10	0
11	0
12	0
13	0
14	0
15	0
16	6.613174117153066e-05
17	0
18	0
19	0
20	0
21	0.003466364602155476
22	0
23	0
24	0
25	0.00023073091847257987
26	5.896155849296007e-05
27	0
28	0
29	0
30	0
31	0
32	6.523546833670935e-05
33	8.573024049295695e-05
34	6.589893845236021e-05
35	0.00016708952920876236
36	0
37	0
38	0.01000302957884412
39	0
40	0
41	0
42	0
43	0
44	5.896155849296007e-05
45	7.569198474295812e-05
46	0
47	0
48	0
49	0
50	0
51	0.0003501248523932451
52	0
53	9.07232510858021e-05
54	5.896155849296007e-05
55	0
56	0
57	0
58	0
59	0
60	0
61	8.791806546411053e-05
62	0
63	7.951871329983767e-05
64	0
65	0
66	9.95438691730569e-05
67	0
68	7.262473993045849e-05
69	6.0832040930848056e-05
70	0
71	0.0005180007125502624
72	0
73	0
74	0
75	6.453836724295943e-05
76	0
77	0
78	0
79	0
80	5.896155849296007e-05
81	5.896155849296007e-05
82	0
83	0
84	0
85	0
86	0
87	0
88	0
89	0
90	0.0001125007862514402
91	0
92	0
93	0.00010286284662077123
94	5.896155849296007e-05
95	0
96	0
97	0
98	0.0002661847623182853
99	0
100	0
101	5.896155849296007e-05
102	0
103	0.00010915283724295422
104	0.00010915283724295422
105	6.89998142429589e-05
106	0.0001338141351832676
107	6.73267716179591e-05
108	0
109	0
110	0.00035075024179044844
111	6.314416505545958e-05
112	6.314416505545958e-05
113	0.00013199831884058737
114	5.896155849296007e-05
115	0
116	7.150937818045861e-05
117	5.896155849296007e-05
118	0.00020317117763341894
119	0
120	0
121	0
122	0.00013343651250299798
123	5.896155849296007e-05
124	0.005520974977503771
125	5.896155849296007e-05
126	0
127	6.0810398985285723e-05
128	0
129	0
130	0
131	0.0004507579973595269
132	0
133	8.21934428129923e-05
134	0
135	0
136	0
137	0.00033126754868142885
138	0
139	0
140	8.291094733250792e-05
141	0
142	6.453836724295943e-05
143	8.450236722764604e-05
144	6.015483068296079e-05
145	0
146	0
147	5.896155849296007e-05
148	5.896155849296007e-05
149	0
150	0
151	5.991544025853594e-05
152	0
153	5.896155849296007e-05
154	0
155	0
156	0
157	0
158	7.150937818045861e-05
159	8.236891877358901e-05
160	0
161	0
162	0
163	7.569198474295812e-05
164	0
165	0
166	5.896155849296007e-05
167	0
168	5.896155849296007e-05
169	6.120972810636188e-05
170	0
171	0
172	0
173	5.896155849296007e-05
174	6.523546833670935e-05
175	0
176	6.73267716179591e-05
177	5.896155849296007e-05
178	5.896155849296007e-05
179	0.00043806528856870573
180	0
181	6.613174117153066e-05
182	0.0002921999652572538
183	0
184	5.896155849296007e-05
185	0
186	0
187	5.896155849296007e-05
188	5.939800439513393e-05
189	0
190	0
191	5.896155849296007e-05
192	0
193	5.896155849296007e-05
194	8.405719786795714e-05
195	0.00010509324076022029
196	6.176302330999721e-05
197	7.306912113093081e-05
198	0
199	7.569198474295812e-05
200	0
201	5.896155849296007e-05
202	5.896155849296007e-05
203	5.975146410464094e-05
204	0
205	0.0001426136897429503
206	0
207	6.314416505545958e-05
208	0.0002095353947429425
209	5.930068875478436e-05
210	0
211	0
212	0
213	0
214	5.896155849296007e-05
215	0
216	9.660501755545568e-05
217	0
218	0
219	5.896155849296007e-05
220	0
221	5.896155849296007e-05
222	0
223	0
224	0
225	0
226	0
227	0
228	7.673763638358299e-05
229	0
230	5.896155849296007e-05
231	0
232	7.569198474295812e-05
233	0
234	0
235	5.896155849296007e-05
236	0.00022485637657442426
237	6.147653097342853e-05
238	0
239	6.494928999295938e-05
240	5.896155849296007e-05
241	0.0012581632374547176
242	0
243	0
244	5.896155849296007e-05
245	0
246	0.00010666783050300109
247	0
248	0
249	0
250	5.896155849296007e-05
251	0
252	0
253	5.896155849296007e-05
254	0
255	0
256	0
257	0
258	0
259	0
260	0
261	0
262	0
263	0.0003033329423587814
264	5.896155849296007e-05
265	0
266	7.010978042106832e-05
267	0
268	0.00013271485421170146
269	6.453836724295943e-05
270	0
271	5.896155849296007e-05
272	0
273	0
274	5.896155849296007e-05
275	0.0005814143585717989
276	0
277	0
278	0
279	0
280	0
281	0
282	0
283	0
284	0
285	5.896155849296007e-05
286	6.523546833670935e-05
287	0
288	0
289	0
290	5.896155849296007e-05
291	0
292	6.73267716179591e-05
293	0
294	0
295	5.896155849296007e-05
296	5.896155849296007e-05
297	6.057280130853575e-05
298	7.569198474295812e-05
299	5.896155849296007e-05
300	0
301	0
302	5.896155849296007e-05
303	0.0002363842922223264
304	0
305	6.053003595389739e-05
306	0
307	0
308	0
309	5.939800439513393e-05
310	5.896155849296007e-05
311	0
312	5.896155849296007e-05
313	0
314	0
315	0
316	9.175275185894725e-05
317	0
318	9.578822638166663e-05
319	0
320	5.931501820246708e-05
321	0
322	7.927707608224342e-05
323	0
324	7.778328802420787e-05
325	6.523546833670935e-05
326	0
327	5.896155849296007e-05
328	0
329	0
330	5.896155849296007e-05
331	0
332	0
333	9.460001916943435e-05
334	0
335	0
336	0
337	0
338	0
339	0
340	5.931501820246708e-05
341	0
342	0
343	0
344	0
345	0
346	0
347	0
348	0
349	0
350	0.00010915283724295422
351	8.178505758895818e-05
352	0
353	0
354	5.998587030418445e-05
355	0
356	0
357	5.896155849296007e-05
358	6.483007723911325e-05
359	0
360	0
361	0
362	5.939800439513393e-05
363	0
364	0.00015934411599294833
365	7.286589922775575e-05
366	0
367	7.780533441205843e-05
368	7.294341471617272e-05
369	0
370	0
371	0
372	0
373	0
374	5.896155849296007e-05
375	0
376	6.613174117153066e-05
377	0
378	0
379	0.00011627554699797668
380	0
381	0
382	0
383	0
384	0
385	5.930068875478436e-05
386	5.896155849296007e-05
387	6.89998142429589e-05
388	0
389	7.150937818045861e-05
390	8.405719786795714e-05
391	0
392	5.896155849296007e-05
393	0
394	6.523546833670935e-05
395	0
396	0
397	0
398	0.00010915283724295422
399	0
400	5.896155849296007e-05
401	6.73267716179591e-05
402	0
403	7.275142667106802e-05
404	0
405	0
406	0
407	5.930068875478436e-05
408	0
409	0
410	0
411	0
412	0
413	0.00011751805036795324
414	0
415	0
416	7.563677613999375e-05
417	0
418	0
419	0
420	0
421	0.00012730539431815484
422	0
423	0
424	0
425	0
426	8.66636961636501e-05
427	0
428	0
429	0.00017547190392696978
430	0
431	0
432	0
433	8.405719786795714e-05
434	6.015658893938851e-05
435	0
436	0.00014682111742046926
437	5.896155849296007e-05
438	6.453836724295943e-05
439	5.896155849296007e-05
440	7.150937818045861e-05
441	0
442	0
443	0
444	0
445	5.896155849296007e-05
446	5.896155849296007e-05
447	0.0001437818826435614
448	0
449	7.462432822633458e-05
450	5.896155849296007e-05
451	0
452	6.519474152997623e-05
453	5.896155849296007e-05
454	5.896155849296007e-05
455	5.896155849296007e-05
456	0.0001600914575998435
457	0.00010832343693975868
458	0
459	6.053003595389739e-05
460	0
461	0
462	0
463	0
464	0
465	0
466	0
467	0
468	7.473596038581537e-05
469	0
470	0
471	0
472	5.896155849296007e-05
473	6.89998142429589e-05
474	0.00010915283724295422
475	0
476	0.00041149084653838483
477	0
478	0
479	0
480	7.010978042106832e-05
481	0
482	6.314416505545958e-05
483	0
484	5.896155849296007e-05
485	0
486	0
487	6.453836724295943e-05
488	6.453836724295943e-05
489	0.00016556073197258753
490	0
491	6.0076920242959944e-05
492	5.896155849296007e-05
493	6.164252647704133e-05
494	8.405719786795714e-05
495	0
496	5.896155849296007e-05
497	5.896155849296007e-05
498	0
499	5.896155849296007e-05
500	0
501	0
502	0
503	6.096648185607125e-05
504	5.896155849296007e-05
505	0
506	0
507	0
508	0
509	0
510	0
511	0
512	0
513	5.896155849296007e-05
514	5.896155849296007e-05
515	6.015483068296079e-05
516	0
517	5.896155849296007e-05
518	6.89998142429589e-05
519	0
520	0.0007119933816763573
521	0.00027227449318043516
522	8.562028537198402e-05
523	0
524	5.896155849296007e-05
525	0.00012588326349295226
526	0
527	0
528	7.150937818045861e-05
529	0
530	6.015483068296079e-05
531	0
532	7.442197199400869e-05
533	8.732691865501535e-05
534	5.896155849296007e-05
535	0
536	9.660501755545568e-05
537	6.053003595389739e-05
538	0
539	0
540	0
541	0
542	0
543	5.931501820246708e-05
544	0.00027645709974293475
545	0
546	0
547	0
548	0
549	0
550	0
551	0
552	0
553	0
554	0
555	0
556	0
557	6.053003595389739e-05
558	0
559	0
560	0
561	6.73267716179591e-05
562	5.896155849296007e-05
563	0
564	0
565	5.896155849296007e-05
566	0
567	9.003661503227106e-05
568	0
569	0
570	0
571	9.74605635835439e-05
572	0
573	0
574	7.150937818045861e-05
575	0
576	0
577	5.931501820246708e-05
578	0.00024278789748296076
579	6.398068636795949e-05
580	0
581	0
582	0
583	5.896155849296007e-05
584	6.0692292242959874e-05
585	7.569198474295812e-05
586	0.00024906180732671006
587	0
588	0
589	5.896155849296007e-05
590	5.896155849296007e-05
591	0
592	0
593	0
594	0
595	0
596	0
597	0
598	0
599	6.314416505545958e-05
600	5.896155849296007e-05
601	0
602	0
603	0
604	0
605	6.398068636795949e-05
606	0.0001907062696747936
607	0
608	0
609	0
610	6.314416505545958e-05
611	0
612	0
613	0
614	0
615	7.569198474295812e-05
616	0
617	0
618	0.00019242782767565464
619	0
620	6.053003595389739e-05
621	0
622	5.896155849296007e-05
623	0
624	0
625	0
626	0
627	6.191398665472444e-05
628	0
629	0
630	0
631	0
632	5.896155849296007e-05
633	7.444343570597971e-05
634	5.896155849296007e-05
635	0
636	0
637	5.896155849296007e-05
638	0
639	5.896155849296007e-05
640	0.00010915283724295422
641	0
642	0
643	6.505580310636142e-05
644	8.573024049295695e-05
645	6.314416505545958e-05
646	0
647	0
648	0
649	5.896155849296007e-05
650	0
651	0
652	0
653	0
654	5.896155849296007e-05
655	6.73267716179591e-05
656	0
657	0
658	0
659	7.644591896139392e-05
660	0
661	6.0185736023447736e-05
662	0
663	5.896155849296007e-05
664	0.00015934411599294833
665	0
666	0
667	6.398068636795949e-05
668	0
669	0
670	0
671	0
672	0
673	0
674	0.00018016496285594164
675	0
676	0
677	0
678	8.077086414027896e-05
679	5.896155849296007e-05
680	0
681	0
682	8.986057221585252e-05
683	0
684	8.405719786795714e-05
685	0
686	0
687	0
688	5.896155849296007e-05
689	0
690	0
691	0
692	0
693	0
694	7.150937818045861e-05
695	0
696	0
697	0
698	0
699	0
700	0
701	9.7370270652691e-05
702	0
703	0
704	0
705	5.939800439513393e-05
706	0
707	5.9372962417140353e-05
708	0
709	0
710	0
711	7.042435619396339e-05
712	0
713	0
714	0.00030248664533340084
715	5.896155849296007e-05
716	6.0491724199571474e-05
717	0
718	6.254664983224537e-05
719	0
720	0
721	6.0076920242959944e-05
722	0
723	0
724	0
725	0
726	8.405719786795714e-05
727	5.896155849296007e-05
728	0
729	5.896155849296007e-05
730	0
731	6.147112243045978e-05
732	0
733	5.896155849296007e-05
734	8.323639632948681e-05
735	0.000124569973752827
736	7.437869500283288e-05
737	9.409545361795597e-05
738	0.00015934411599294833
739	0
740	0
741	0
742	0
743	0
744	6.613174117153066e-05
745	6.654601839295919e-05
746	0
747	0
748	0.00016001187003248168
749	8.427748786038052e-05
750	0
751	5.896155849296007e-05
752	0
753	0
754	0
755	0
756	5.896155849296007e-05
757	5.896155849296007e-05
758	6.73267716179591e-05
759	0
760	0.0004910576743559772
761	6.523546833670935e-05
762	0.00023173560634927299
763	0.00015905354563909568
764	0
765	6.544459866483432e-05
766	0
767	0
768	0.0001264361134973568
769	8.336194236842882e-05
770	0.00037316921180104455
771	0.0007124193545209855
772	0
773	0
774	0
775	8.405719786795714e-05
776	6.523546833670935e-05
777	5.896155849296007e-05
778	0
779	0
780	6.613174117153066e-05
781	0
782	0
783	0
784	0
785	0
786	0
787	5.9478994356362076e-05
788	7.150937818045861e-05
789	5.896155849296007e-05
790	0
791	0
792	0
793	0
794	0.00010915283724295422
795	0
796	0
797	5.896155849296007e-05
798	7.569198474295812e-05
799	0
800	0.00027135510747171087
801	0
802	0
803	0.00033642690135044813
804	5.973373201219075e-05
805	5.896155849296007e-05
806	0
807	0
808	0.00014685286799933945
809	5.896155849296007e-05
810	0
811	5.896155849296007e-05
812	6.209851341483471e-05
813	0
814	0
815	0
816	6.174996286795974e-05
817	6.160320474295977e-05
818	0.000348594390198299
819	6.0185736023447736e-05
820	6.453836724295943e-05
821	0.0001378520847544856
822	5.896155849296007e-05
823	5.896155849296007e-05
824	0
825	0
826	6.89998142429589e-05
827	0
828	0
829	0
830	0
831	0.00010959341722780097
832	6.770700857818633e-05
833	0
834	5.896155849296007e-05
835	0
836	0
837	7.369487176035362e-05
838	0.00016620552180962746
839	5.896155849296007e-05
840	0
841	0
842	0
843	0
844	6.089199229103677e-05
845	0
846	0
847	0.00024278789748296076
848	6.270981745089232e-05
849	6.0325000566008736e-05
850	0
851	0
852	5.896155849296007e-05
853	5.930068875478436e-05
854	0.00029576813108294085
855	0.00013218171811768325
856	0
857	8.056435449295755e-05
858	6.73267716179591e-05
859	6.523546833670935e-05
860	0
861	0
862	0
863	0
864	5.896155849296007e-05
865	0
866	5.896155849296007e-05
867	0
868	0
869	5.896155849296007e-05
870	5.896155849296007e-05
871	5.896155849296007e-05
872	0
873	0
874	0.000151889095773089
875	0
876	8.338671500299303e-05
877	0
878	6.806217496960737e-05
879	0
880	0
881	0
882	7.987459130545763e-05
883	0
884	0
885	0.0002858119225161208
886	0
887	7.569198474295812e-05
888	0
889	6.282242608911347e-05
890	0
891	0
892	7.010978042106832e-05
893	0
894	0
895	0
896	0
897	8.405719786795714e-05
898	5.896155849296007e-05
899	0
900	8.154763393045744e-05
901	6.089199229103677e-05
902	5.998587030418445e-05
903	0
904	0
905	0
906	5.896155849296007e-05
907	0
908	0
909	0
910	6.89998142429589e-05
911	0
912	0
913	0
914	5.896155849296007e-05
915	7.202681404386062e-05
916	0
917	0
918	0
919	6.0395595028674194e-05
920	0
921	9.122738054652773e-05
922	0
923	0
924	0.0011234029313010787
925	0
926	6.89998142429589e-05
927	0
928	0
929	0
930	6.89998142429589e-05
931	7.437869500283288e-05
932	0.00019517893776521746
933	7.010978042106832e-05
934	0.00012274914042131077
935	0
936	5.896155849296007e-05
937	5.974579722342873e-05
938	5.931501820246708e-05
939	7.569198474295812e-05
940	6.160320474295977e-05
941	0
942	0
943	6.453836724295943e-05
944	0
945	7.150937818045861e-05
946	0
947	0
948	0
949	7.554522661795815e-05
950	6.89998142429589e-05
951	6.613174117153066e-05
952	6.89998142429589e-05
953	7.84106790085828e-05
954	0
955	0
956	5.931501820246708e-05
957	0
958	6.21933871734475e-05
959	0
960	0
961	5.896155849296007e-05
962	0
963	0
964	7.150937818045861e-05
965	0
966	0
967	0
968	6.48774975047837e-05
969	0
970	0
971	5.896155849296007e-05
972	0
973	0
974	5.896155849296007e-05
975	6.398068636795949e-05
976	6.73267716179591e-05
977	0
978	0
979	6.233706019383011e-05
980	0
981	7.010978042106832e-05
982	0
983	0
984	6.0076920242959944e-05
985	0
986	0
987	0
988	0
989	0
990	0
991	0
992	0
993	0.00011647930774671149
994	0
995	0
996	0
997	0
998	0
999	0
1000	0
1001	0
1002	0
1003	9.122738054652773e-05
1004	0
1005	0
1006	0
1007	0.00018702649238893675
1008	5.896155849296007e-05
1009	6.635826104647838e-05
1010	0
1011	8.405719786795714e-05
1012	6.89998142429589e-05
1013	8.823980443045665e-05
1014	0
1015	0
1016	0
1017	0
1018	0
1019	0
1020	0
1021	5.998587030418445e-05
1022	5.896155849296007e-05
1023	0
1024	0
1025	5.896155849296007e-05
1026	5.896155849296007e-05
1027	0.0001339211421913209
1028	0
1029	9.996115541657013e-05
1030	0
1031	5.896155849296007e-05
1032	5.896155849296007e-05
1033	6.015658893938851e-05
1034	0
1035	5.896155849296007e-05
1036	6.73267716179591e-05
1037	5.896155849296007e-05
1038	0
1039	5.896155849296007e-05
1040	0
1041	6.0779383652815634e-05
1042	0
1043	6.015483068296079e-05
1044	0
1045	0
1046	0
1047	5.896155849296007e-05
1048	0
1049	0.00010454432524969649
1050	5.896155849296007e-05
1051	5.896155849296007e-05
1052	8.405719786795714e-05
1053	6.398068636795949e-05
1054	0
1055	0
1056	0
1057	7.569198474295812e-05
1058	0
1059	6.89998142429589e-05
1060	0
1061	0
1062	0
1063	0
1064	0
1065	0
1066	0
1067	7.09684417120138e-05
1068	0.00015702638589027004
1069	0
1070	0.0004967572421471052
1071	0
1072	0
1073	0
1074	0.0002544775401998119
1075	0
1076	0
1077	0
1078	5.896155849296007e-05
1079	0
1080	7.569198474295812e-05
1081	0
1082	0
1083	0
1084	6.120625282066513e-05
1085	0
1086	5.896155849296007e-05
1087	0
1088	0
1089	6.8163292930459e-05
1090	5.896155849296007e-05
1091	0.00023463103411793955
1092	5.896155849296007e-05
1093	0.00019714136471260288
1094	0.00022457442145397028
1095	0.00022383369120296918
1096	5.896155849296007e-05
1097	5.896155849296007e-05
1098	6.314416505545958e-05
1099	0
1100	0.0001387226898491626
1101	0
1102	5.896155849296007e-05
1103	0
1104	0
1105	0
1106	0
1107	0.00037258752020513696
1108	0
1109	0.0011701795530381167
1110	0
1111	0
1112	5.896155849296007e-05
1113	0
1114	6.453836724295943e-05
1115	0
1116	0
1117	7.150937818045861e-05
1118	0
1119	0
1120	0
1121	0
1122	5.896155849296007e-05
1123	5.896155849296007e-05
1124	9.159301068976063e-05
1125	7.569198474295812e-05
1126	0
1127	0
1128	7.910760478818469e-05
1129	0
1130	0.00011079653949411324
1131	7.569198474295812e-05
1132	7.569198474295812e-05
1133	0.00017531490014608588
1134	5.896155849296007e-05
1135	0
1136	0
1137	0
1138	8.405719786795714e-05
1139	5.896155849296007e-05
1140	0
1141	0
1142	6.947782642153027e-05
1143	5.896155849296007e-05
1144	6.523546833670935e-05
1145	0
1146	6.243801070075188e-05
1147	0
1148	0
1149	0
1150	6.124298025432344e-05
1151	0.0001000382251411992
1152	5.896155849296007e-05
1153	0
1154	7.010978042106832e-05
1155	0
1156	7.150937818045861e-05
1157	0
1158	7.723210419530705e-05
1159	0
1160	6.254664983224537e-05
1161	5.896155849296007e-05
1162	8.405719786795714e-05
1163	6.105286177420982e-05
1164	0
1165	0
1166	0
1167	0
1168	0
1169	0
1170	5.930068875478436e-05
1171	0
1172	0
1173	0
1174	0.00017141322414533847
1175	8.405719786795714e-05
1176	5.896155849296007e-05
1177	0
1178	0
1179	0
1180	0.001243541549106951
1181	0
1182	0
1183	0
1184	5.896155849296007e-05
1185	6.0969209642959844e-05
1186	0
1187	8.126879349295747e-05
1188	0
1189	0
1190	0
1191	0
1192	0
1193	0
1194	0
1195	7.976680548177127e-05
1196	0
1197	0
1198	0
1199	0
1200	0
1201	6.089199229103677e-05
1202	6.92686960934053e-05
1203	5.896155849296007e-05
1204	8.538058243629377e-05
1205	0
1206	6.209851341483471e-05
1207	0
1208	0
1209	0
1210	0
1211	0
1212	0
1213	0
1214	6.519474152997623e-05
1215	5.896155849296007e-05
1216	0
1217	5.974579722342873e-05
1218	5.93763624495716e-05
1219	0
1220	0
1221	5.896155849296007e-05
1222	0
1223	0
1224	9.540998710902724e-05
1225	0
1226	0
1227	0
1228	0
1229	0
1230	6.73267716179591e-05
1231	7.625435201186563e-05
1232	6.642874052671007e-05
1233	7.612843064513198e-05
1234	0
1235	5.93763624495716e-05
1236	0
1237	0
1238	0
1239	0
1240	0
1241	0
1242	0.0001271471003051554
1243	6.089199229103677e-05
1244	0
1245	5.974579722342873e-05
1246	0.00024278789748296076
1247	5.983245406586907e-05
1248	0
1249	0
1250	0.0010293418305839183
1251	0
1252	0
1253	0
1254	0
1255	0
1256	0.00024067974611300026
1257	0
1258	0
1259	0
1260	0
1261	0
1262	5.896155849296007e-05
1263	0.00038303364539022305
1264	0
1265	0
1266	5.896155849296007e-05
1267	0
1268	0
1269	6.73267716179591e-05
1270	0
1271	0
1272	0
1273	5.896155849296007e-05
1274	6.105286177420982e-05
1275	0
1276	6.73267716179591e-05
1277	0
1278	0
1279	0
1280	0
1281	0
1282	0
1283	0
1284	0
1285	5.896155849296007e-05
1286	0
1287	0
1288	0.00015384837200461266
1289	0.00010915283724295422
1290	0
1291	0
1292	7.150937818045861e-05
1293	0.00040446519725756175
1294	6.238067869429911e-05
1295	0
1296	0
1297	0
1298	7.569198474295812e-05
1299	0
1300	0
1301	0
1302	5.896155849296007e-05
1303	0
1304	6.523546833670935e-05
1305	5.896155849296007e-05
1306	0
1307	6.557459859853363e-05
1308	0
1309	0
1310	6.73267716179591e-05
1311	6.73267716179591e-05
1312	0
1313	5.896155849296007e-05
1314	0
1315	0
1316	6.025116787559276e-05
1317	0
1318	0
1319	0
1320	6.73267716179591e-05
1321	0
1322	6.053003595389739e-05
1323	0
1324	5.896155849296007e-05
1325	0
1326	0
1327	0
1328	0
1329	0
1330	0
1331	5.896155849296007e-05
1332	0
1333	0.00012463564999540402
1334	6.398068636795949e-05
1335	0
1336	0
1337	0
1338	8.405719786795714e-05
1339	0
1340	6.314416505545958e-05
1341	6.352440201568681e-05
1342	5.896155849296007e-05
1343	8.424300768765337e-05
1344	0.0002626873953665147
1345	7.847499354606734e-05
1346	5.896155849296007e-05
1347	0
1348	5.896155849296007e-05
1349	0
1350	0
1351	0
1352	0
1353	6.523546833670935e-05
1354	5.973713465695822e-05
1355	0
1356	5.896155849296007e-05
1357	5.896155849296007e-05
1358	0
1359	0
1360	0
1361	5.930068875478436e-05
1362	7.080493918045869e-05
1363	5.896155849296007e-05
1364	5.896155849296007e-05
1365	5.896155849296007e-05
1366	6.0692292242959874e-05
1367	0
1368	0
1369	6.662233261795918e-05
1370	0
1371	5.896155849296007e-05
1372	0
1373	0
1374	5.896155849296007e-05
1375	6.0007210133584954e-05
1376	6.0395595028674194e-05
1377	0
1378	0
1379	0
1380	0
1381	0.00011131041515675559
1382	0
1383	0
1384	0
1385	6.053003595389739e-05
1386	0
1387	0
1388	8.887569845468673e-05
1389	6.73267716179591e-05
1390	7.569198474295812e-05
1391	8.405719786795714e-05
1392	0
1393	6.0593647049782875e-05
1394	0
1395	6.453836724295943e-05
1396	0.0005814143585717989
1397	8.405719786795714e-05
1398	5.896155849296007e-05
1399	0
1400	5.896155849296007e-05
1401	0
1402	0.00010915283724295422
1403	5.896155849296007e-05
1404	0
1405	0
1406	0
1407	5.896155849296007e-05
1408	0
1409	0
1410	0
1411	0
1412	0
1413	7.503913218294609e-05
1414	6.73267716179591e-05
1415	0
1416	0.00011919109299295304
1417	0
1418	0
1419	0
1420	0
1421	0
1422	7.170854992153001e-05
1423	0
1424	5.930068875478436e-05
1425	6.398068636795949e-05
1426	0
1427	0
1428	0
1429	0
1430	0
1431	0
1432	5.896155849296007e-05
1433	0
1434	0
1435	0
1436	0
1437	0
1438	0.00010286284662077123
1439	0
1440	0
1441	0
1442	0
1443	0
1444	0
1445	0
1446	0
1447	0
1448	0
1449	0.00011479096168658222
1450	0
1451	0
1452	0
1453	0.00014741825364883982
1454	6.837242325858397e-05
1455	0
1456	6.495317119957094e-05
1457	0
1458	0
1459	8.405719786795714e-05
1460	0
1461	0
1462	0.0001520950775588983
1463	6.0928170101745335e-05
1464	0
1465	0
1466	5.896155849296007e-05
1467	5.896155849296007e-05
1468	0.00010649937571363601
1469	0
1470	0
1471	0
1472	0.00032737135191621044
1473	0
1474	0
1475	5.896155849296007e-05
1476	0
1477	5.896155849296007e-05
1478	7.919142878118898e-05
1479	6.0185736023447736e-05
1480	5.896155849296007e-05
1481	5.971209267896464e-05
1482	0.0009647177918510835
1483	0
1484	0
1485	0
1486	0
1487	0
1488	0
1489	0.0002065465969147324
1490	6.314416505545958e-05
1491	0.00038795303551988214
1492	0
1493	0
1494	5.896155849296007e-05
1495	0
1496	5.896155849296007e-05
1497	5.896155849296007e-05
1498	0.0008849721964056247
1499	0.00033747830912506186
1500	0
1501	0
1502	0
1503	5.896155849296007e-05
1504	7.569198474295812e-05
1505	6.613174117153066e-05
1506	8.21934428129923e-05
1507	0
1508	5.896155849296007e-05
1509	0
1510	0
1511	0
1512	5.896155849296007e-05
1513	0
1514	0
1515	0
1516	0
1517	0
1518	5.896155849296007e-05
1519	0
1520	6.0779383652815634e-05
1521	5.896155849296007e-05
1522	0
1523	0
1524	0
1525	5.896155849296007e-05
1526	0
1527	0
1528	0
1529	0
1530	5.896155849296007e-05
1531	0
1532	0
1533	5.931501820246708e-05
1534	0
1535	0
1536	0
1537	6.589893845236021e-05
1538	0
1539	7.150937818045861e-05
1540	6.613174117153066e-05
1541	0
1542	6.589893845236021e-05
1543	7.240565101527994e-05
1544	6.523546833670935e-05
1545	0
1546	6.73267716179591e-05
1547	0
1548	0
1549	5.896155849296007e-05
1550	0
1551	6.502633800858436e-05
1552	0
1553	0
1554	0
1555	5.896155849296007e-05
1556	5.896155849296007e-05
1557	0
1558	0
1559	7.315985211900884e-05
1560	6.89998142429589e-05
1561	7.581585795608895e-05
1562	6.73267716179591e-05
1563	6.73267716179591e-05
1564	6.453836724295943e-05
1565	0
1566	5.896155849296007e-05
1567	0
1568	0
1569	0
1570	0
1571	0
1572	0
1573	5.896155849296007e-05
1574	0
1575	5.896155849296007e-05
1576	0
1577	0
1578	0.00019525500185469663
1579	0.00010915283724295422
1580	0
1581	6.135161938581694e-05
1582	6.613174117153066e-05
1583	0
1584	0.00010915283724295422
1585	5.896155849296007e-05
1586	0
1587	0
1588	0
1589	9.474126250049083e-05
1590	0
1591	0
1592	6.254664983224537e-05
1593	6.0395595028674194e-05
1594	0
1595	7.647622347342678e-05
1596	0.00013436158590135927
1597	6.159643996383045e-05
1598	0.00010078762411795519
1599	6.453836724295943e-05
1600	7.437869500283288e-05
1601	0
1602	6.160320474295977e-05
1603	0
1604	6.533739856958192e-05
1605	5.896155849296007e-05
1606	6.852004380795982e-05
1607	5.93763624495716e-05
1608	0
1609	0
1610	7.612843064513198e-05
1611	0
1612	0
1613	8.137812687557369e-05
1614	5.939800439513393e-05
1615	0.00024278789748296076
1616	5.896155849296007e-05
1617	8.196589458670738e-05
1618	6.523546833670935e-05
1619	6.015483068296079e-05
1620	0
1621	5.896155849296007e-05
1622	0
1623	0
1624	0
1625	0.00010915283724295422
1626	5.896155849296007e-05
1627	6.523546833670935e-05
1628	0
1629	0
1630	6.613174117153066e-05
1631	0
1632	0.00018798545296371284
1633	5.896155849296007e-05
1634	0
1635	0
1636	0
1637	0
1638	0
1639	0
1640	0
1641	5.896155849296007e-05
1642	0
1643	0
1644	6.73267716179591e-05
1645	5.9893798312973606e-05
1646	5.896155849296007e-05
1647	5.896155849296007e-05
1648	5.974579722342873e-05
1649	0
1650	5.896155849296007e-05
1651	0
1652	0
1653	6.160320474295977e-05
1654	5.931501820246708e-05
1655	0
1656	0
1657	5.896155849296007e-05
1658	5.931501820246708e-05
1659	0
1660	5.896155849296007e-05
1661	0.00010915283724295422
1662	0
1663	0
1664	0
1665	0
1666	7.569198474295812e-05
1667	6.30395998913971e-05
1668	0
1669	0
1670	6.053003595389739e-05
1671	5.896155849296007e-05
1672	0
1673	5.939800439513393e-05
1674	0
1675	0
1676	0
1677	7.143333078841317e-05
1678	0
1679	0
1680	5.896155849296007e-05
1681	7.569198474295812e-05
1682	6.15339758077651e-05
1683	0
1684	0
1685	0
1686	0
1687	5.896155849296007e-05
1688	0
1689	0
1690	0
1691	7.569198474295812e-05
1692	7.569198474295812e-05
1693	0
1694	7.569198474295812e-05
1695	0
1696	0.00014440375847076038
1697	6.089199229103677e-05
1698	0
1699	5.896155849296007e-05
1700	7.857630030661069e-05
1701	0
1702	6.230764374295968e-05
1703	0
1704	0
1705	0
1706	0
1707	0
1708	0
1709	0
1710	6.17534483734285e-05
1711	5.896155849296007e-05
1712	0.00011016902187643459
1713	5.930068875478436e-05
1714	0
1715	5.939800439513393e-05
1716	5.896155849296007e-05
1717	5.9478994356362076e-05
1718	0.0005814143585717989
1719	0
1720	5.896155849296007e-05
1721	0
1722	0
1723	0
1724	5.896155849296007e-05
1725	0
1726	0
1727	5.896155849296007e-05
1728	8.2074248993823e-05
1729	8.611230404329644e-05
1730	0
1731	0
1732	0
1733	0
1734	0
1735	6.105286177420982e-05
1736	0
1737	7.150937818045861e-05
1738	0
1739	0
1740	0
1741	0.0010416218695722666
1742	0
1743	0
1744	0
1745	0.000178331562130731
1746	0.0001272892940527142
1747	5.896155849296007e-05
1748	5.896155849296007e-05
1749	7.010978042106832e-05
1750	0
1751	7.569198474295812e-05
1752	0
1753	9.78669205335099e-05
1754	6.523546833670935e-05
1755	0
1756	0
1757	0
1758	0
1759	0
1760	5.896155849296007e-05
1761	0
1762	6.053003595389739e-05
1763	8.667993512695993e-05
1764	0
1765	0
1766	0
1767	5.896155849296007e-05
1768	0
1769	0
1770	0
1771	7.569198474295812e-05
1772	0
1773	0
1774	6.966203264121666e-05
1775	0
1776	8.405719786795714e-05
1777	0
1778	6.015483068296079e-05
1779	0
1780	0
1781	0
1782	5.939800439513393e-05
1783	8.405719786795714e-05
1784	0.00010915283724295422
1785	0
1786	6.160320474295977e-05
1787	0
1788	6.0185736023447736e-05
1789	0
1790	0
1791	5.896155849296007e-05
1792	0
1793	0
1794	0
1795	0
1796	6.453836724295943e-05
1797	0
1798	6.453836724295943e-05
1799	0
1800	0
1801	0
1802	0
1803	5.896155849296007e-05
1804	0
1805	0
1806	0
1807	0
1808	8.122029950382704e-05
1809	0
1810	5.896155849296007e-05
1811	7.768596064094385e-05
1812	0
1813	6.314416505545958e-05
1814	0
1815	0
1816	0
1817	5.998587030418445e-05
1818	5.896155849296007e-05
1819	5.896155849296007e-05
1820	6.89998142429589e-05
1821	0
1822	7.303567312796342e-05
1823	0
1824	5.896155849296007e-05
1825	6.147112243045978e-05
1826	0.0003801252564650633
1827	7.034865482818602e-05
1828	5.931501820246708e-05
1829	7.360068146170837e-05
1830	0
1831	0
1832	0
1833	0
1834	6.776332269897466e-05
1835	0.0002368851179501497
1836	0
1837	0
1838	6.89998142429589e-05
1839	5.896155849296007e-05
1840	0
1841	5.939800439513393e-05
1842	7.010978042106832e-05
1843	0
1844	5.896155849296007e-05
1845	6.352440201568681e-05
1846	0
1847	0
1848	5.998587030418445e-05
1849	0
1850	6.73267716179591e-05
1851	0
1852	0
1853	8.423234646849048e-05
1854	0
1855	0
1856	0
1857	0
1858	0
1859	0
1860	0.00011610916859095932
1861	5.930068875478436e-05
1862	6.523546833670935e-05
1863	5.896155849296007e-05
1864	6.765291805719772e-05
1865	0
1866	0
1867	0.00010915283724295422
1868	0
1869	6.523546833670935e-05
1870	0.00010915283724295422
1871	0
1872	0
1873	0.00015083888650172777
1874	0
1875	0
1876	6.523546833670935e-05
1877	6.015483068296079e-05
1878	0
1879	5.931501820246708e-05
1880	0
1881	0.00011983690187548792
1882	0
1883	8.405719786795714e-05
1884	0
1885	0
1886	5.93763624495716e-05
1887	6.0007210133584954e-05
1888	5.939800439513393e-05
1889	5.896155849296007e-05
1890	0
1891	0
1892	7.910760478818469e-05
1893	0
1894	0
1895	0
1896	0
1897	0
1898	0
1899	5.896155849296007e-05
1900	7.150937818045861e-05
1901	0
1902	5.896155849296007e-05
1903	5.896155849296007e-05
1904	6.73267716179591e-05
1905	0.00011705710495488235
1906	0.00010078762411795519
1907	0.00038303364539022305
1908	7.150937818045861e-05
1909	8.823980443045665e-05
1910	0
1911	5.896155849296007e-05
1912	0
1913	0
1914	0
1915	0
1916	5.9372962417140353e-05
1917	6.0185736023447736e-05
1918	0
1919	0
1920	9.409545361795597e-05
1921	0
1922	0.00013424847661795128
1923	0.00010267886274468268
1924	0
1925	0
1926	0
1927	0
1928	0
1929	0
1930	5.896155849296007e-05
1931	0
1932	7.320702437347312e-05
1933	7.290358036795845e-05
1934	0.00012619867662763413
1935	5.930068875478436e-05
1936	0
1937	0
1938	0
1939	0
1940	0
1941	8.320129768335299e-05
1942	6.147112243045978e-05
1943	6.025116787559276e-05
1944	9.741887330456071e-05
1945	7.569198474295812e-05
1946	5.896155849296007e-05
1947	0.0009508106943569899
1948	0
1949	0
1950	0
1951	0
1952	0
1953	0
1954	8.963400661795648e-05
1955	0
1956	8.256027272530283e-05
1957	5.896155849296007e-05
1958	5.896155849296007e-05
1959	0
1960	8.405719786795714e-05
1961	5.896155849296007e-05
1962	6.0185736023447736e-05
1963	0
1964	0.0007836971068792541
1965	0.00010664950466351221
1966	0
1967	0
1968	0
1969	0
1970	0
1971	0
1972	0
1973	0
1974	0
1975	0
1976	5.896155849296007e-05
1977	0
1978	5.931501820246708e-05
1979	0
1980	9.409545361795597e-05
1981	0
1982	9.602588741603267e-05
1983	6.89998142429589e-05
1984	0
1985	0
1986	5.896155849296007e-05
1987	5.930068875478436e-05
1988	0.00011983690187548792
1989	0
1990	5.896155849296007e-05
1991	0
1992	0.00010915283724295422
1993	0
1994	0
1995	5.896155849296007e-05
1996	0
1997	5.896155849296007e-05
1998	0.00010252690238403452
1999	0
2000	5.896155849296007e-05
2001	0
2002	0
2003	0
2004	0.00010915283724295422
2005	5.896155849296007e-05
2006	7.010978042106832e-05
2007	5.896155849296007e-05
2008	7.569198474295812e-05
2009	0
2010	5.896155849296007e-05
2011	5.896155849296007e-05
2012	0
2013	8.405719786795714e-05
2014	6.015658893938851e-05
2015	7.150937818045861e-05
2016	0
2017	0
2018	0
2019	0
2020	5.896155849296007e-05
2021	0
2022	0
2023	5.971549271139589e-05
2024	0.00016201024468226967
2025	5.896155849296007e-05
2026	0
2027	0
2028	6.89998142429589e-05
2029	0
2030	5.896155849296007e-05
2031	7.136262005545862e-05
2032	6.314416505545958e-05
2033	0.00018897147903967332
2034	8.405719786795714e-05
2035	0
2036	0
2037	5.896155849296007e-05
2038	5.896155849296007e-05
2039	5.896155849296007e-05
2040	0
2041	0
2042	0
2043	0.00029279293780363043
2044	0
2045	7.046372653983373e-05
2046	8.5822044745093e-05
2047	6.73267716179591e-05
2048	0
2049	0
2050	0
2051	0
2052	6.094143987807767e-05
2053	0
2054	0
2055	5.9372962417140353e-05
2056	0
2057	0
2058	0
2059	0
2060	0
2061	5.971209267896464e-05
2062	0.00025831646654211535
2063	0
2064	0
2065	0
2066	6.089199229103677e-05
2067	7.569198474295812e-05
2068	0
2069	0
2070	0
2071	0
2072	0
2073	0
2074	6.398068636795949e-05
2075	0
2076	0
2077	0
2078	0
2079	5.896155849296007e-05
2080	0.00011983690187548792
2081	6.453836724295943e-05
2082	0
2083	6.73267716179591e-05
2084	0
2085	0
2086	7.549440189007805e-05
2087	0
2088	0
2089	5.896155849296007e-05
2090	0
2091	5.896155849296007e-05
2092	0
2093	5.896155849296007e-05
2094	0
2095	6.0513366145133806e-05
2096	0
2097	0
2098	0
2099	0
2100	0
2101	0
2102	0
2103	0
2104	0
2105	5.896155849296007e-05
2106	7.150937818045861e-05
2107	0
2108	0
2109	5.896155849296007e-05
2110	0
2111	0
2112	0
2113	0
2114	0
2115	5.896155849296007e-05
2116	6.144124666929906e-05
2117	0
2118	0
2119	0
2120	5.896155849296007e-05
2121	5.896155849296007e-05
2122	5.896155849296007e-05
2123	5.896155849296007e-05
2124	0.00010230679358130633
2125	7.303567312796342e-05
2126	0
2127	0
2128	0
2129	0
2130	0
2131	0
2132	0
2133	0.00013158170450133785
2134	5.896155849296007e-05
2135	5.896155849296007e-05
2136	6.89998142429589e-05
2137	7.569198474295812e-05
2138	0
2139	0
2140	0
2141	6.613174117153066e-05
2142	8.289764659644418e-05
2143	5.896155849296007e-05
2144	7.010978042106832e-05
2145	5.896155849296007e-05
2146	0
2147	0.00030586738850751373
2148	0
2149	0
2150	9.211566457422505e-05
2151	0
2152	0.00014838565266685506
2153	0
2154	0
2155	0
2156	5.9478994356362076e-05
2157	6.941807489920886e-05
2158	0.00010915283724295422
2159	7.010978042106832e-05
2160	0
2161	0
2162	0
2163	0
2164	0.0001682455739524211
2165	6.053003595389739e-05
2166	0
2167	5.896155849296007e-05
2168	0
2169	0
2170	0
2171	5.896155849296007e-05
2172	5.974579722342873e-05
2173	0
2174	0
2175	0
2176	0
2177	0.00013909455329610165
2178	5.931501820246708e-05
2179	0.0002858119225161208
2180	5.896155849296007e-05
2181	6.613174117153066e-05
2182	6.398068636795949e-05
2183	0
2184	0.00010945379681006783
2185	0
2186	0
2187	0
2188	5.9893798312973606e-05
2189	8.405719786795714e-05
2190	0
2191	0
2192	0
2193	0
2194	0
2195	6.073472529049848e-05
2196	5.9372962417140353e-05
2197	0
2198	0
2199	0
2200	0
2201	6.523546833670935e-05
2202	8.555098592599268e-05
2203	0
2204	7.604544445246511e-05
2205	7.150937818045861e-05
2206	0
2207	5.896155849296007e-05
2208	5.896155849296007e-05
2209	0
2210	0
2211	5.896155849296007e-05
2212	0
2213	8.405719786795714e-05
2214	6.398068636795949e-05
2215	0
2216	0
2217	0
2218	0
2219	0
2220	5.896155849296007e-05
2221	5.896155849296007e-05
2222	0
2223	0
2224	5.896155849296007e-05
2225	6.015483068296079e-05
2226	6.290010954175238e-05
2227	0
2228	0
2229	5.896155849296007e-05
2230	0
2231	0
2232	0
2233	0
2234	7.44969542965297e-05
2235	0
2236	0
2237	5.896155849296007e-05
2238	0
2239	6.73267716179591e-05
2240	0
2241	0
2242	6.0969209642959844e-05
2243	5.896155849296007e-05
2244	0
2245	5.896155849296007e-05
2246	5.896155849296007e-05
2247	0.00039016611618747745
2248	7.569198474295812e-05
2249	0
2250	0
2251	0
2252	0
2253	6.0779383652815634e-05
2254	6.10474718172994e-05
2255	5.896155849296007e-05
2256	0.0002728621677177182
2257	0
2258	0
2259	0
2260	0.0006056520273698731
2261	5.896155849296007e-05
2262	0.00017014313621334617
2263	0
2264	0
2265	0
2266	9.242241099295616e-05
2267	7.569198474295812e-05
2268	0
2269	0
2270	5.939800439513393e-05
2271	0
2272	0
2273	0
2274	5.896155849296007e-05
2275	0
2276	0
2277	5.896155849296007e-05
2278	0
2279	5.9654148464291366e-05
2280	5.896155849296007e-05
2281	9.037519931365087e-05
2282	5.896155849296007e-05
2283	5.896155849296007e-05
2284	0
2285	5.896155849296007e-05
2286	0
2287	9.299870555043639e-05
2288	0
2289	0
2290	5.9478994356362076e-05
2291	5.896155849296007e-05
2292	6.057280130853575e-05
2293	7.436266948664368e-05
2294	0
2295	0
2296	0
2297	8.48414365984258e-05
2298	0
2299	0
2300	0
2301	0
2302	0
2303	7.150937818045861e-05
2304	0
2305	0
2306	7.027410272243224e-05
2307	0
2308	0
2309	0
2310	0
2311	0
2312	0
2313	0
2314	0
2315	0
2316	0
2317	0
2318	0
2319	0
2320	0.00011343169663998106
2321	0.00010915283724295422
2322	0
2323	5.9893798312973606e-05
2324	5.896155849296007e-05
2325	5.939800439513393e-05
2326	0
2327	0
2328	7.569198474295812e-05
2329	0
2330	0
2331	0
2332	0
2333	5.896155849296007e-05
2334	0
2335	0
2336	0
2337	0
2338	0
2339	0
2340	0
2341	5.896155849296007e-05
2342	0
2343	0
2344	6.718001349295911e-05
2345	5.896155849296007e-05
2346	5.896155849296007e-05
2347	5.939800439513393e-05
2348	9.119188165798951e-05
2349	0
2350	0
2351	0
2352	0
2353	6.048832416714023e-05
2354	0
2355	0
2356	8.573024049295695e-05
2357	6.352440201568681e-05
2358	0
2359	0
2360	6.015483068296079e-05
2361	0
2362	0
2363	0
2364	0
2365	0
2366	0
2367	6.096648185607125e-05
2368	5.896155849296007e-05
2369	8.443743482818437e-05
2370	5.896155849296007e-05
2371	6.73267716179591e-05
2372	0
2373	0
2374	5.896155849296007e-05
2375	0.00045756912012747525
2376	0
2377	0.00028003981460379197
2378	5.939800439513393e-05
2379	0
2380	6.937090264474458e-05
2381	0.00020051673637823161
2382	0
2383	0
2384	0
2385	0
2386	0
2387	0.00018840084439836162
2388	6.89998142429589e-05
2389	0
2390	0
2391	0
2392	0
2393	0
2394	5.896155849296007e-05
2395	6.89998142429589e-05
2396	0
2397	5.896155849296007e-05
2398	0
2399	7.698009813546927e-05
2400	0
2401	0.0002511531106079598
2402	7.010978042106832e-05
2403	0
2404	0
2405	5.896155849296007e-05
2406	6.89998142429589e-05
2407	0
2408	0
2409	0
2410	6.89998142429589e-05
2411	0
2412	0
2413	0
2414	5.896155849296007e-05
2415	6.209851341483471e-05
2416	0
2417	0
2418	6.523546833670935e-05
2419	0
2420	0
2421	0
2422	0
2423	0
2424	0
2425	5.930068875478436e-05
2426	0
2427	0
2428	6.0007210133584954e-05
2429	0
2430	8.405719786795714e-05
2431	6.453836724295943e-05
2432	5.896155849296007e-05
2433	8.910153108494504e-05
2434	0
2435	0.00015721604197685047
2436	0
2437	0
2438	0
2439	0
2440	0
2441	0
2442	0
2443	0
2444	0.00012170065693045275
2445	0
2446	0
2447	0.00011101093543991659
2448	0
2449	0
2450	0
2451	0.00010915283724295422
2452	5.896155849296007e-05
2453	0
2454	5.896155849296007e-05
2455	0
2456	0
2457	0
2458	0
2459	0.00011949167750583422
2460	6.089199229103677e-05
2461	0
2462	0
2463	6.0185736023447736e-05
2464	0
2465	0
2466	0
2467	0
2468	5.9372962417140353e-05
2469	0
2470	0
2471	5.896155849296007e-05
2472	6.398068636795949e-05
2473	0
2474	0.0002824958897360659
2475	0
2476	0
2477	9.242241099295616e-05
2478	0
2479	0
2480	0
2481	9.405276886113505e-05
2482	5.896155849296007e-05
2483	0
2484	8.614850114920689e-05
2485	6.323383001329375e-05
2486	5.896155849296007e-05
2487	8.420157711974812e-05
2488	0
2489	5.9372962417140353e-05
2490	0.00011901785489414758
2491	5.896155849296007e-05
2492	6.233706019383011e-05
2493	0
2494	0
2495	0
2496	5.896155849296007e-05
2497	0
2498	0
2499	7.569198474295812e-05
2500	0
2501	7.569198474295812e-05
2502	0
2503	0
2504	5.896155849296007e-05
2505	0
2506	6.0779383652815634e-05
2507	6.314416505545958e-05
2508	5.930068875478436e-05
2509	5.896155849296007e-05
2510	5.896155849296007e-05
2511	5.93763624495716e-05
2512	7.150937818045861e-05
2513	0
2514	0
2515	5.896155849296007e-05
2516	7.569198474295812e-05
2517	6.73267716179591e-05
2518	6.73267716179591e-05
2519	7.6371379434271e-05
2520	0
2521	0
2522	0
2523	6.116776854790487e-05
2524	0
2525	7.290358036795845e-05
2526	0
2527	0
2528	0
2529	0
2530	0
2531	6.523546833670935e-05
2532	5.896155849296007e-05
2533	0
2534	0
2535	5.931501820246708e-05
2536	0
2537	6.73267716179591e-05
2538	0
2539	8.405719786795714e-05
2540	7.010978042106832e-05
2541	0
2542	0
2543	5.896155849296007e-05
2544	0
2545	0
2546	5.896155849296007e-05
2547	0
2548	5.983245406586907e-05
2549	5.931501820246708e-05
2550	5.896155849296007e-05
2551	0
2552	8.405719786795714e-05
2553	5.896155849296007e-05
2554	8.405719786795714e-05
2555	5.896155849296007e-05
2556	0.00013670928990106108
2557	0
2558	0
2559	6.453836724295943e-05
2560	0
2561	0
2562	5.896155849296007e-05
2563	0
2564	6.0779383652815634e-05
2565	6.147112243045978e-05
2566	0
2567	0
2568	0.00021383846562921788
2569	5.896155849296007e-05
2570	0
2571	0
2572	8.196589458670738e-05
2573	0
2574	0
2575	5.896155849296007e-05
2576	5.896155849296007e-05
2577	0
2578	5.896155849296007e-05
2579	5.896155849296007e-05
2580	0
2581	0
2582	0
2583	0
2584	0
2585	0
2586	0
2587	0
2588	5.93763624495716e-05
2589	0
2590	0
2591	6.523546833670935e-05
2592	0.000157957951611992
2593	5.896155849296007e-05
2594	0
2595	8.405719786795714e-05
2596	6.201124392044196e-05
2597	0
2598	8.405719786795714e-05
2599	5.896155849296007e-05
2600	5.896155849296007e-05
2601	0
2602	0
2603	0
2604	6.89998142429589e-05
2605	7.457662299295825e-05
2606	5.896155849296007e-05
2607	0
2608	0
2609	0
2610	0
2611	0
2612	0
2613	0
2614	0
2615	0
2616	0
2617	5.896155849296007e-05
2618	0
2619	0
2620	0
2621	7.569198474295812e-05
2622	5.896155849296007e-05
2623	5.9478994356362076e-05
2624	0
2625	0
2626	8.405719786795714e-05
2627	0
2628	0
2629	0
2630	6.89998142429589e-05
2631	0
2632	5.896155849296007e-05
2633	0
2634	5.896155849296007e-05
2635	0
2636	0
2637	5.896155849296007e-05
2638	6.589893845236021e-05
2639	0
2640	0
2641	9.159301068976063e-05
2642	9.159301068976063e-05
2643	6.73267716179591e-05
2644	0
2645	0
2646	0
2647	0
2648	0
2649	6.033933001369144e-05
2650	6.184010521586885e-05
2651	0
2652	6.015483068296079e-05
2653	0
2654	5.939800439513393e-05
2655	5.896155849296007e-05
2656	9.722697489884567e-05
2657	0
2658	0
2659	5.896155849296007e-05
2660	0
2661	5.896155849296007e-05
2662	0
2663	5.896155849296007e-05
2664	5.896155849296007e-05
2665	8.2074248993823e-05
2666	0.00010915283724295422
2667	0
2668	5.896155849296007e-05
2669	0
2670	0
2671	5.9893798312973606e-05
2672	0
2673	5.896155849296007e-05
2674	0.0001871791862672389
2675	5.896155849296007e-05
2676	0
2677	5.896155849296007e-05
2678	0
2679	0
2680	0
2681	0
2682	0
2683	0
2684	5.896155849296007e-05
2685	0
2686	6.0969209642959844e-05
2687	0.00011113566975593752
2688	5.896155849296007e-05
2689	6.282242608911347e-05
2690	0
2691	0
2692	0
2693	5.896155849296007e-05
2694	0
2695	0
2696	0
2697	0
2698	6.613174117153066e-05
2699	0
2700	7.129209991747163e-05
2701	0
2702	7.569198474295812e-05
2703	5.896155849296007e-05
2704	0
2705	5.896155849296007e-05
2706	0
2707	0
2708	0
2709	6.613174117153066e-05
2710	0
2711	6.613174117153066e-05
2712	0
2713	5.896155849296007e-05
2714	0
2715	5.896155849296007e-05
2716	0
2717	7.569198474295812e-05
2718	0
2719	0
2720	0
2721	7.249278865199867e-05
2722	0
2723	0
2724	0
2725	5.896155849296007e-05
2726	0
2727	0
2728	0
2729	7.569198474295812e-05
2730	6.0969209642959844e-05
2731	0
2732	5.896155849296007e-05
2733	6.174855841626305e-05
2734	0
2735	5.9372962417140353e-05
2736	0
2737	0
2738	6.89998142429589e-05
2739	0
2740	0
2741	0
2742	0
2743	6.523546833670935e-05
2744	0
2745	5.931501820246708e-05
2746	0.000249626039280185
2747	5.896155849296007e-05
2748	5.896155849296007e-05
2749	0
2750	5.896155849296007e-05
2751	6.314416505545958e-05
2752	0
2753	0.000258943434102311
2754	0.0003481474686472181
2755	0.0001827198964080155
2756	5.896155849296007e-05
2757	0.0002681241298516839
2758	5.896155849296007e-05
2759	5.896155849296007e-05
2760	6.453836724295943e-05
2761	8.735002864173445e-05
2762	0.00015625228878579476
2763	0
2764	0
2765	5.896155849296007e-05
2766	0
2767	0
2768	0
2769	0
2770	0
2771	0
2772	0
2773	0
2774	0
2775	0
2776	0
2777	0
2778	5.896155849296007e-05
2779	0
2780	5.896155849296007e-05
2781	7.150937818045861e-05
2782	6.160320474295977e-05
2783	0
2784	5.93763624495716e-05
2785	9.433655981210104e-05
2786	0
2787	0
2788	0.00010915283724295422
2789	0
2790	0
2791	0
2792	5.896155849296007e-05
2793	0.00021148798116792352
2794	0
2795	0
2796	0
2797	5.896155849296007e-05
2798	0
2799	0
2800	5.896155849296007e-05
2801	0
2802	0
2803	0
2804	0
2805	0.0004085884587249385
2806	0
2807	5.896155849296007e-05
2808	0
2809	0
2810	8.51030257086965e-05
2811	0.0004000701876133667
2812	0
2813	0
2814	0
2815	0.0002019333417818446
2816	0
2817	0
2818	0
2819	0
2820	0
2821	0
2822	9.660501755545568e-05
2823	0
2824	6.015658893938851e-05
2825	0
2826	0
2827	0
2828	0
2829	5.896155849296007e-05
2830	6.519474152997623e-05
2831	9.874371495908598e-05
2832	0
2833	0
2834	0
2835	0
2836	6.015658893938851e-05
2837	0.0002233975504887963
2838	0
2839	0
2840	7.150937818045861e-05
2841	5.896155849296007e-05
2842	0
2843	0
2844	0
2845	0
2846	0
2847	0
2848	0
2849	0.00018318448177908364
2850	7.150937818045861e-05
2851	0
2852	0
2853	0
2854	7.437869500283288e-05
2855	8.230448654652878e-05
2856	0
2857	0.00012402825788352209
2858	0
2859	0.00011542674708670347
2860	0
2861	6.314416505545958e-05
2862	0.0002102729800339076
2863	0
2864	0
2865	6.613174117153066e-05
2866	0
2867	0
2868	7.010978042106832e-05
2869	0.0001049702306804547
2870	5.930068875478436e-05
2871	0
2872	0.0004020051128223309
2873	6.453836724295943e-05
2874	0.00021361789027909094
2875	5.896155849296007e-05
2876	0
2877	0
2878	0.0006316056373217931
2879	0
2880	5.896155849296007e-05
2881	5.931501820246708e-05
2882	0
2883	5.896155849296007e-05
2884	6.523546833670935e-05
2885	0
2886	0
2887	0
2888	0
2889	0
2890	0
2891	0
2892	9.33710974438489e-05
2893	6.0076920242959944e-05
2894	0
2895	0
2896	5.896155849296007e-05
2897	0.00010286284662077123
2898	0
2899	0
2900	0
2901	0
2902	0
2903	0
2904	0
2905	0
2906	0
2907	0
2908	7.569198474295812e-05
2909	7.509446951974391e-05
2910	9.722697489884567e-05
2911	5.930068875478436e-05
2912	6.254664983224537e-05
2913	6.613174117153066e-05
2914	5.896155849296007e-05
2915	5.989039828054236e-05
2916	0
2917	5.896155849296007e-05
2918	0
2919	0
2920	5.939800439513393e-05
2921	7.030285705666067e-05
2922	0
2923	0
2924	0
2925	0
2926	0
2927	0
2928	0
2929	0
2930	0
2931	0
2932	0
2933	5.896155849296007e-05
2934	5.896155849296007e-05
2935	0
2936	5.896155849296007e-05
2937	0
2938	7.170782123148463e-05
2939	6.73267716179591e-05
2940	0
2941	0
2942	0
2943	0
2944	0
2945	0
2946	6.0224212275925744e-05
2947	0
2948	0
2949	0
2950	0
2951	0
2952	0
2953	6.89998142429589e-05
2954	0
2955	8.405719786795714e-05
2956	0
2957	5.9372962417140353e-05
2958	0
2959	0
2960	0
2961	0
2962	0
2963	0
2964	5.896155849296007e-05
2965	5.896155849296007e-05
2966	0
2967	5.931501820246708e-05
2968	0
2969	5.973373201219075e-05
2970	0
2971	0
2972	0
2973	0
2974	6.352440201568681e-05
2975	0
2976	0
2977	0
2978	0
2979	6.398068636795949e-05
2980	0.00013164831054205127
2981	5.896155849296007e-05
2982	0
2983	0
2984	8.905827344116752e-05
2985	5.896155849296007e-05
2986	0
2987	0
2988	0
2989	0
2990	5.896155849296007e-05
2991	5.896155849296007e-05
2992	0
2993	0
2994	0.0003751376044036234
2995	0
2996	5.9372962417140353e-05
2997	6.73267716179591e-05
2998	8.545140005545697e-05
2999	7.569198474295812e-05
3000	5.896155849296007e-05
3001	7.150937818045861e-05
3002	6.613174117153066e-05
3003	0
3004	0.0001243839525640333
3005	0.0004514845520795724
3006	8.480968195349364e-05
3007	0
3008	0
3009	0
3010	0
3011	5.93763624495716e-05
3012	5.896155849296007e-05
3013	0
3014	5.896155849296007e-05
3015	5.896155849296007e-05
3016	5.896155849296007e-05
3017	0
3018	5.931501820246708e-05
3019	0
3020	6.254664983224537e-05
3021	8.405719786795714e-05
3022	6.110369616714016e-05
3023	5.896155849296007e-05
3024	0.0004050154477967938
3025	0.0001127030171662667
3026	0
3027	0
3028	0
3029	0
3030	0
3031	0
3032	0
3033	0
3034	0
3035	0
3036	0.00015934411599294833
3037	5.971549271139589e-05
3038	0
3039	7.569198474295812e-05
3040	0
3041	0
3042	0
3043	5.896155849296007e-05
3044	0
3045	0
3046	0
3047	0
3048	6.0076920242959944e-05
3049	0
3050	7.172581558329472e-05
3051	5.896155849296007e-05
3052	0
3053	0
3054	0
3055	0
3056	0
3057	0
3058	0
3059	5.896155849296007e-05
3060	9.242241099295616e-05
3061	5.896155849296007e-05
3062	0
3063	0
3064	6.359459960834415e-05
3065	0
3066	0
3067	0
3068	6.053003595389739e-05
3069	6.613174117153066e-05
3070	7.569198474295812e-05
3071	7.569198474295812e-05
3072	7.010978042106832e-05
3073	0
3074	6.575290420011134e-05
3075	0
3076	0
3077	0
3078	5.896155849296007e-05
3079	0
3080	0
3081	7.569198474295812e-05
3082	0
3083	0
3084	7.150937818045861e-05
3085	6.523095721429071e-05
3086	0
3087	0.00011417196511795362
3088	0
3089	0
3090	5.9372962417140353e-05
3091	0
3092	0
3093	0
3094	0
3095	0
3096	6.007286227401504e-05
3097	0
3098	5.896155849296007e-05
3099	8.405719786795714e-05
3100	0
3101	0
3102	0
3103	6.523546833670935e-05
3104	5.930068875478436e-05
3105	8.673227189984478e-05
3106	0
3107	5.896155849296007e-05
3108	5.9372962417140353e-05
3109	0
3110	0
3111	0
3112	0
3113	5.930068875478436e-05
3114	5.896155849296007e-05
3115	0
3116	6.89998142429589e-05
3117	0
3118	0
3119	6.089199229103677e-05
3120	8.338753873394823e-05
3121	0.00010915283724295422
3122	0
3123	6.0185736023447736e-05
3124	0
3125	0
3126	6.0185736023447736e-05
3127	0
3128	0
3129	0
3130	0
3131	8.126879349295747e-05
3132	6.015483068296079e-05
3133	9.4096697368902e-05
3134	6.453836724295943e-05
3135	0
3136	6.0491724199571474e-05
3137	0
3138	0
3139	0
3140	8.405719786795714e-05
3141	0.00012339825675299916
3142	0.00010915283724295422
3143	5.896155849296007e-05
3144	0
3145	0
3146	0
3147	0
3148	0
3149	6.453836724295943e-05
3150	0
3151	0
3152	0
3153	0
3154	0
3155	5.896155849296007e-05
3156	0
3157	5.896155849296007e-05
3158	0
3159	5.896155849296007e-05
3160	8.122705249123801e-05
3161	0.00010915283724295422
3162	0
3163	5.896155849296007e-05
3164	6.613174117153066e-05
3165	0.00010078762411795519
3166	0
3167	0
3168	0
3169	0
3170	0
3171	0
3172	0
3173	0
3174	5.896155849296007e-05
3175	0
3176	0
3177	0
3178	5.896155849296007e-05
3179	0
3180	0
3181	0
3182	0
3183	5.896155849296007e-05
3184	6.352440201568681e-05
3185	0
3186	0.00010915283724295422
3187	0
3188	0
3189	0
3190	7.010978042106832e-05
3191	0
3192	0
3193	6.147112243045978e-05
3194	6.523546833670935e-05
3195	0
3196	0
3197	7.150937818045861e-05
3198	0
3199	7.569198474295812e-05
3200	0.0009761479103746701
3201	0
3202	0
3203	0
3204	7.569198474295812e-05
3205	0
3206	0
3207	0
3208	0
3209	0
3210	8.907632574295655e-05
3211	0
3212	5.896155849296007e-05
3213	5.896155849296007e-05
3214	0
3215	0
3216	5.896155849296007e-05
3217	0
3218	0
3219	0
3220	0
3221	5.998587030418445e-05
3222	0
3223	0.00021297392015675684
3224	0.00010915283724295422
3225	0
3226	0
3227	5.896155849296007e-05
3228	0.0001429653641575486
3229	0
3230	7.246325994603448e-05
3231	0
3232	0
3233	0
3234	0
3235	0
3236	0
3237	0
3238	0
3239	0
3240	0
3241	0
3242	0
3243	5.896155849296007e-05
3244	0
3245	0
3246	0
3247	0.00011542674708670347
3248	5.896155849296007e-05
3249	0
3250	0.00013915795180546438
3251	8.004365972988127e-05
3252	0.00017493736998516662
3253	5.896155849296007e-05
3254	9.331868382777749e-05
3255	5.896155849296007e-05
3256	0
3257	0
3258	0
3259	0.00020083241597129863
3260	0
3261	0
3262	0
3263	0
3264	0
3265	0
3266	9.741887330456071e-05
3267	0
3268	0
3269	5.896155849296007e-05
3270	0
3271	8.21934428129923e-05
3272	6.89998142429589e-05
3273	5.896155849296007e-05
3274	0
3275	9.741887330456071e-05
3276	5.930068875478436e-05
3277	0
3278	0
3279	0
3280	6.471943246211525e-05
3281	0
3282	0
3283	0
3284	0
3285	0
3286	0
3287	0
3288	0
3289	0.00010588948442859908
3290	0
3291	0
3292	0
3293	0
3294	5.896155849296007e-05
3295	5.93763624495716e-05
3296	5.896155849296007e-05
3297	5.896155849296007e-05
3298	0
3299	6.0185736023447736e-05
3300	0
3301	5.896155849296007e-05
3302	0
3303	5.896155849296007e-05
3304	5.896155849296007e-05
3305	6.89998142429589e-05
3306	0.0001725939485378025
3307	0.0001300758073336432
3308	0
3309	6.052464599698696e-05
3310	0.00024278789748296076
3311	5.896155849296007e-05
3312	0
3313	0
3314	5.93763624495716e-05
3315	9.930887652349238e-05
3316	0
3317	0
3318	0
3319	5.896155849296007e-05
3320	0
3321	0
3322	0
3323	6.73267716179591e-05
3324	5.973373201219075e-05
3325	0
3326	6.398068636795949e-05
3327	0
3328	0
3329	0
3330	5.896155849296007e-05
3331	0
3332	8.439632812978143e-05
3333	0
3334	6.352440201568681e-05
3335	0
3336	0
3337	0
3338	0
3339	0.0002054676170256968
3340	9.236235430534227e-05
3341	0
3342	0
3343	0
3344	0
3345	0
3346	5.93763624495716e-05
3347	0
3348	6.089199229103677e-05
3349	0
3350	0
3351	0
3352	0
3353	5.896155849296007e-05
3354	0
3355	6.523546833670935e-05
3356	0
3357	0
3358	0
3359	0
3360	7.00989900234907e-05
3361	0
3362	0
3363	0
3364	0.00038303364539022305
3365	0
3366	0
3367	0
3368	7.15815678063541e-05
3369	0
3370	0
3371	0.00010915283724295422
3372	0.00010942600397088224
3373	0
3374	0.00010587049649271344
3375	5.896155849296007e-05
3376	0
3377	0
3378	5.896155849296007e-05
3379	7.569198474295812e-05
3380	0
3381	0
3382	5.896155849296007e-05
3383	0
3384	9.844811056682884e-05
3385	0
3386	0
3387	0
3388	0
3389	8.21934428129923e-05
3390	0.00017404285168630857
3391	0
3392	0.00014612235726361406
3393	0.00030116218932551615
3394	6.73267716179591e-05
3395	0
3396	0
3397	5.896155849296007e-05
3398	0
3399	0
3400	0
3401	0
3402	0
3403	0.00015144041777381514
3404	0
3405	0
3406	5.931501820246708e-05
3407	0
3408	0
3409	6.741769784757866e-05
3410	0
3411	0.00013424847661795128
3412	0
3413	0
3414	0
3415	0
3416	0
3417	6.613174117153066e-05
3418	0
3419	6.181025269228407e-05
3420	0
3421	8.997674719138797e-05
3422	0
3423	0.00024746976758798807
3424	0
3425	5.896155849296007e-05
3426	5.896155849296007e-05
3427	0
3428	0.0002095353947429425
3429	0
3430	0
3431	0
3432	6.662233261795918e-05
3433	6.0076920242959944e-05
3434	5.896155849296007e-05
3435	0
3436	5.93763624495716e-05
3437	5.973713465695822e-05
3438	0
3439	7.010978042106832e-05
3440	0
3441	5.896155849296007e-05
3442	5.896155849296007e-05
3443	0
3444	0.00011914840823613212
3445	8.050417411113496e-05
3446	5.896155849296007e-05
3447	5.896155849296007e-05
3448	0
3449	7.569198474295812e-05
3450	0
3451	6.398068636795949e-05
3452	0
3453	6.015483068296079e-05
3454	0
3455	5.896155849296007e-05
3456	0
3457	0.00013843108318045078
3458	6.059435610636195e-05
3459	0
3460	0
3461	0
3462	6.105286177420982e-05
3463	0
3464	5.896155849296007e-05
3465	0
3466	5.930068875478436e-05
3467	0
3468	0
3469	0.00015587048963295138
3470	0
3471	0
3472	0
3473	0
3474	0
3475	0.00010078762411795519
3476	8.446860179213742e-05
3477	0
3478	6.105286177420982e-05
3479	5.896155849296007e-05
3480	0
3481	0
3482	6.0007210133584954e-05
3483	0
3484	0
3485	0
3486	5.896155849296007e-05
3487	0
3488	0
3489	0
3490	5.896155849296007e-05
3491	5.896155849296007e-05
3492	0
3493	5.896155849296007e-05
3494	6.0185736023447736e-05
3495	5.896155849296007e-05
3496	5.930068875478436e-05
3497	8.405719786795714e-05
3498	0
3499	9.276749999887667e-05
3500	5.931501820246708e-05
3501	0
3502	0
3503	0
3504	0
3505	5.896155849296007e-05
3506	0
3507	5.896155849296007e-05
3508	0
3509	0
3510	0
3511	0
3512	0
3513	0
3514	6.523546833670935e-05
3515	0
3516	0
3517	0
3518	0
3519	5.9372962417140353e-05
3520	0
3521	8.004365972988127e-05
3522	7.010978042106832e-05
3523	6.0076920242959944e-05
3524	0
3525	6.041605050478423e-05
3526	0
3527	5.939800439513393e-05
3528	0
3529	0
3530	0
3531	0
3532	8.531693886974801e-05
3533	6.523546833670935e-05
3534	6.523546833670935e-05
3535	0.0007071057322874859
3536	0.00035793800601522594
3537	0
3538	0
3539	0
3540	0
3541	0
3542	0
3543	0.001235844874833802
3544	8.405719786795714e-05
3545	0
3546	0
3547	6.147112243045978e-05
3548	0
3549	0
3550	5.896155849296007e-05
3551	6.0076920242959944e-05
3552	6.105286177420982e-05
3553	0
3554	5.896155849296007e-05
3555	0.0001094415957465362
3556	5.896155849296007e-05
3557	0
3558	0
3559	0
3560	0
3561	6.73267716179591e-05
3562	0
3563	6.73267716179591e-05
3564	7.778328802420787e-05
3565	0
3566	0
3567	0
3568	0
3569	0
3570	0
3571	0
3572	5.896155849296007e-05
3573	5.896155849296007e-05
3574	0.0003570651328029194
3575	6.0969209642959844e-05
3576	0
3577	0
3578	6.453836724295943e-05
3579	0
3580	0
3581	5.896155849296007e-05
3582	5.896155849296007e-05
3583	6.0692292242959874e-05
3584	0
3585	0
3586	0
3587	7.652850605545802e-05
3588	0.0003062235642654339
3589	5.896155849296007e-05
3590	6.89998142429589e-05
3591	6.0076920242959944e-05
3592	0
3593	0
3594	0
3595	0
3596	6.398068636795949e-05
3597	5.896155849296007e-05
3598	5.896155849296007e-05
3599	0
3600	0
3601	7.010978042106832e-05
3602	0
3603	0
3604	0
3605	0
3606	0
3607	0
3608	0
3609	0
3610	0
3611	0.00023073091847257987
3612	6.398068636795949e-05
3613	7.150937818045861e-05
3614	0
3615	0
3616	6.211387582723245e-05
3617	0
3618	5.896155849296007e-05
3619	0
3620	0
3621	7.569198474295812e-05
3622	0
3623	0
3624	7.150937818045861e-05
3625	6.147112243045978e-05
3626	5.930068875478436e-05
3627	0
3628	0
3629	6.73267716179591e-05
3630	0
3631	0
3632	0
3633	0
3634	0
3635	0.00013947584133474752
3636	0
3637	0
3638	7.581585795608895e-05
3639	6.238744347342843e-05
3640	0
3641	0
3642	0
3643	6.0395595028674194e-05
3644	7.150937818045861e-05
3645	0.00027581579895416335
3646	5.991544025853594e-05
3647	5.896155849296007e-05
3648	5.9478994356362076e-05
3649	0
3650	6.089199229103677e-05
3651	0
3652	0
3653	5.896155849296007e-05
3654	0.00010286284662077123
3655	9.546433061146585e-05
3656	0.00010697095832975473
3657	6.015483068296079e-05
3658	0
3659	6.160320474295977e-05
3660	0
3661	6.0076920242959944e-05
3662	0
3663	0.00027556291073149096
3664	0
3665	0
3666	0
3667	0
3668	0.00038511409052695945
3669	0
3670	0
3671	0.00017446820960226477
3672	7.569198474295812e-05
3673	0
3674	6.73267716179591e-05
3675	5.930068875478436e-05
3676	5.9372962417140353e-05
3677	5.93763624495716e-05
3678	0
3679	0
3680	0
3681	0
3682	0
3683	6.188592638707131e-05
3684	6.254664983224537e-05
3685	7.115086904653009e-05
3686	5.896155849296007e-05
3687	0.000255270515396376
3688	0
3689	0
3690	0
3691	0.00021487742705920932
3692	0
3693	5.896155849296007e-05
3694	6.89998142429589e-05
3695	0
3696	5.981280835174546e-05
3697	6.0007210133584954e-05
3698	0
3699	0
3700	0
3701	5.896155849296007e-05
3702	0
3703	0
3704	0.00016280522057040016
3705	0
3706	0
3707	6.0779383652815634e-05
3708	0
3709	0
3710	5.896155849296007e-05
3711	0
3712	0
3713	0
3714	0
3715	0
3716	0
3717	0.00010958928314512807
3718	0
3719	7.723425743371505e-05
3720	0
3721	6.89998142429589e-05
3722	6.89998142429589e-05
3723	0
3724	0
3725	0
3726	0
3727	0
3728	5.896155849296007e-05
3729	0.000277737053392941
3730	5.896155849296007e-05
3731	6.015658893938851e-05
3732	0
3733	0
3734	0.00018822415166677657
3735	7.603111500478241e-05
3736	0.00010915283724295422
3737	5.896155849296007e-05
3738	0
3739	0
3740	6.691597990199932e-05
3741	0.00010915283724295422
3742	0
3743	6.0076920242959944e-05
3744	0
3745	8.478474064904846e-05
3746	0
3747	0
3748	0
3749	8.823980443045665e-05
3750	0
3751	0
3752	7.150937818045861e-05
3753	9.242241099295616e-05
3754	7.150937818045861e-05
3755	0
3756	0
3757	0
3758	0
3759	0
3760	0.0010890131174653083
3761	6.147112243045978e-05
3762	0
3763	0
3764	6.160320474295977e-05
3765	7.603943399930067e-05
3766	0.00011541066630826977
3767	0
3768	8.691240762010513e-05
3769	0
3770	0
3771	8.557139322806405e-05
3772	0
3773	0
3774	6.463976376568668e-05
3775	0
3776	0
3777	5.930068875478436e-05
3778	6.105286177420982e-05
3779	0
3780	5.896155849296007e-05
3781	0
3782	0.001984563402720834
3783	5.931501820246708e-05
3784	0
3785	7.240565101527994e-05
3786	5.896155849296007e-05
3787	7.569198474295812e-05
3788	5.896155849296007e-05
3789	0
3790	9.242241099295616e-05
3791	0
3792	0
3793	0
3794	5.931501820246708e-05
3795	0
3796	0.00027691561903573215
3797	0
3798	0
3799	7.569198474295812e-05
3800	8.21934428129923e-05
3801	0
3802	0
3803	0
3804	7.141205079719459e-05
3805	0
3806	0
3807	6.352440201568681e-05
3808	9.409545361795597e-05
3809	6.610684470389675e-05
3810	0
3811	7.569198474295812e-05
3812	0
3813	0
3814	0
3815	0
3816	5.896155849296007e-05
3817	0
3818	0
3819	0
3820	0
3821	0
3822	8.527330466688664e-05
3823	0
3824	5.896155849296007e-05
3825	5.896155849296007e-05
3826	5.9372962417140353e-05
3827	0
3828	0
3829	0
3830	0
3831	0
3832	0.00012839941768629895
3833	0
3834	0
3835	0
3836	5.896155849296007e-05
3837	0
3838	0
3839	5.896155849296007e-05
3840	0
3841	0
3842	0.00018618249968042842
3843	0
3844	0
3845	0
3846	0
3847	0
3848	0
3849	0
3850	0
3851	0
3852	0
3853	0
3854	0
3855	5.896155849296007e-05
3856	7.569198474295812e-05
3857	5.896155849296007e-05
3858	0.00010409102461113387
3859	5.896155849296007e-05
3860	0
3861	0
3862	0
3863	7.987459130545763e-05
3864	0
3865	0.00024278789748296076
3866	0
3867	6.523546833670935e-05
3868	0
3869	0.0001060368890617265
3870	0.0005814143585717989
3871	0
3872	0
3873	0
3874	5.939800439513393e-05
3875	0
3876	0
3877	0
3878	8.088639240941692e-05
3879	0
3880	0
3881	0.00038303364539022305
3882	0
3883	0
3884	0
3885	5.896155849296007e-05
3886	0
3887	0.00010110425955189442
3888	5.896155849296007e-05
3889	6.523546833670935e-05
3890	0
3891	5.896155849296007e-05
3892	0
3893	0
3894	5.896155849296007e-05
3895	0.0001378520847544856
3896	0
3897	5.896155849296007e-05
3898	5.896155849296007e-05
3899	6.613174117153066e-05
3900	0
3901	7.638004857423635e-05
3902	0
3903	7.150937818045861e-05
3904	6.105286177420982e-05
3905	0
3906	0
3907	0
3908	0
3909	0.0004081292847652201
3910	0
3911	0
3912	6.0185736023447736e-05
3913	6.031807954025721e-05
3914	7.010978042106832e-05
3915	5.971549271139589e-05
3916	5.896155849296007e-05
3917	0
3918	5.896155849296007e-05
3919	0
3920	5.896155849296007e-05
3921	6.691597990199932e-05
3922	6.613174117153066e-05
3923	0.00014491591000327986
3924	0
3925	5.896155849296007e-05
3926	0
3927	0.0007892415054343611
3928	0.0001094415957465362
3929	7.051073498487059e-05
3930	0.00015004841097955167
3931	0
3932	0
3933	0
3934	5.9729822159078594e-05
3935	0.00015321311621794157
3936	0
3937	5.896155849296007e-05
3938	5.896155849296007e-05
3939	0
3940	0
3941	0
3942	8.464859793419732e-05
3943	0.00011914840823613212
3944	6.613174117153066e-05
3945	0
3946	6.523546833670935e-05
3947	0.00010286284662077123
3948	0
3949	0
3950	0
3951	0
3952	0
3953	0
3954	0.00033521293881121485
3955	0
3956	5.896155849296007e-05
3957	0.00013643397019784628
3958	7.223692096154992e-05
3959	6.519474152997623e-05
3960	7.010978042106832e-05
3961	0
3962	6.135161938581694e-05
3963	6.0395595028674194e-05
3964	0
3965	6.230764374295968e-05
3966	0
3967	0
3968	0
3969	0
3970	0.00023097313072393874
3971	0
3972	5.9372962417140353e-05
3973	0
3974	0
3975	0
3976	0
3977	0
3978	0
3979	0
3980	7.171242808651842e-05
3981	5.896155849296007e-05
3982	0
3983	0
3984	5.896155849296007e-05
3985	0
3986	5.896155849296007e-05
3987	0
3988	0
3989	5.939800439513393e-05
3990	0
3991	0.00012716986428463418
3992	6.009925693293574e-05
3993	0
3994	0
3995	0
3996	0
3997	0
3998	6.170971785636181e-05
3999	0
4000	0.0001378520847544856
4001	0
4002	5.896155849296007e-05
4003	0
4004	5.896155849296007e-05
4005	0
4006	5.896155849296007e-05
4007	0
4008	9.722697489884567e-05
4009	0
4010	0
4011	0
4012	5.896155849296007e-05
4013	0
4014	0
4015	6.0076920242959944e-05
4016	6.015483068296079e-05
4017	5.9372962417140353e-05
4018	5.896155849296007e-05
4019	0
4020	0
4021	0
4022	0
4023	0
4024	6.523546833670935e-05
4025	6.209851341483471e-05
4026	0
4027	6.613174117153066e-05
4028	0
4029	0
4030	8.573024049295695e-05
4031	0
4032	0
4033	0
4034	0
4035	0
4036	0
4037	0
4038	0
4039	0
4040	5.896155849296007e-05
4041	6.613174117153066e-05
4042	0
4043	5.896155849296007e-05
4044	0
4045	0
4046	0
4047	0
4048	0.0002640319595119352
4049	6.089199229103677e-05
4050	0
4051	6.116776854790487e-05
4052	0
4053	0
4054	6.0969209642959844e-05
4055	0
4056	0
4057	0
4058	0
4059	5.896155849296007e-05
4060	0
4061	0
4062	0
4063	0
4064	0
4065	8.598763166603383e-05
4066	0.00014741825364883982
4067	0
4068	0
4069	0
4070	0
4071	0.00012860195775857695
4072	9.39161990509917e-05
4073	5.931501820246708e-05
4074	5.998587030418445e-05
4075	6.613174117153066e-05
4076	0
4077	5.896155849296007e-05
4078	5.971549271139589e-05
4079	0
4080	0
4081	8.405719786795714e-05
4082	0
4083	6.254664983224537e-05
4084	0.0005814143585717989
4085	0
4086	6.314416505545958e-05
4087	0
4088	0
4089	0
4090	5.896155849296007e-05
4091	0
4092	7.150937818045861e-05
4093	0
4094	0
4095	6.116776854790487e-05
4096	0
4097	0
4098	5.896155849296007e-05
4099	0
4100	0
4101	0
4102	5.896155849296007e-05
4103	6.209851341483471e-05
4104	8.405719786795714e-05
4105	8.405719786795714e-05
4106	0
4107	0
4108	0
4109	0
4110	0
4111	9.405276886113505e-05
4112	0
4113	0.00011804508764466987
4114	0
4115	0
4116	0
4117	0
4118	0
4119	5.896155849296007e-05
4120	6.89998142429589e-05
4121	6.096648185607125e-05
4122	0
4123	0
4124	0
4125	0
4126	6.074905473818119e-05
4127	0
4128	0
4129	0
4130	0
4131	0
4132	6.160320474295977e-05
4133	0
4134	0
4135	5.93763624495716e-05
4136	0
4137	0
4138	0
4139	5.896155849296007e-05
4140	7.569198474295812e-05
4141	0
4142	0
4143	0
4144	0
4145	0
4146	0
4147	0.0002486535678266879
4148	5.896155849296007e-05
4149	0
4150	0
4151	0
4152	5.93763624495716e-05
4153	0
4154	6.314416505545958e-05
4155	5.896155849296007e-05
4156	0
4157	0
4158	0
4159	5.896155849296007e-05
4160	5.896155849296007e-05
4161	0
4162	0
4163	6.226729206554782e-05
4164	0
4165	0
4166	9.200799692705273e-05
4167	0
4168	0.00011143425900431758
4169	0
4170	0
4171	6.523546833670935e-05
4172	0
4173	0
4174	0
4175	0
4176	0.00012170065693045275
4177	8.050417411113496e-05
4178	6.0076920242959944e-05
4179	5.896155849296007e-05
4180	5.93763624495716e-05
4181	5.896155849296007e-05
4182	0
4183	5.896155849296007e-05
4184	0
4185	7.784127449654976e-05
4186	0
4187	0
4188	8.61017523826732e-05
4189	0
4190	0
4191	0
4192	0
4193	6.613174117153066e-05
4194	0
4195	0
4196	0.00018526388713719302
4197	0.0009142667659938958
4198	0
4199	0
4200	0
4201	0.00013544174880795198
4202	0
4203	6.877983286926154e-05
4204	0
4205	6.73267716179591e-05
4206	0.00012987181537884798
4207	0
4208	0.00010915283724295422
4209	0
4210	0.00023935767628980952
4211	0.00013799067894679798
4212	0
4213	5.896155849296007e-05
4214	6.160320474295977e-05
4215	0
4216	7.569198474295812e-05
4217	7.170854992153001e-05
4218	0
4219	0
4220	0
4221	0
4222	0.00012588326349295226
4223	0
4224	6.613174117153066e-05
4225	0
4226	6.431981662978378e-05
4227	0.00012170065693045275
4228	0
4229	0
4230	0
4231	5.896155849296007e-05
4232	0
4233	5.896155849296007e-05
4234	0
4235	7.010978042106832e-05
4236	5.896155849296007e-05
4237	6.059435610636195e-05
4238	5.998587030418445e-05
4239	0
4240	6.745224981483408e-05
4241	5.896155849296007e-05
4242	0.00015419522230499593
4243	0
4244	5.896155849296007e-05
4245	0
4246	0.0001378520847544856
4247	0
4248	5.896155849296007e-05
4249	0
4250	5.896155849296007e-05
4251	0
4252	0
4253	0
4254	0.0003798370118386361
4255	0
4256	5.896155849296007e-05
4257	0
4258	0
4259	5.896155849296007e-05
4260	0.00024278789748296076
4261	0
4262	6.770021863246798e-05
4263	0
4264	0
4265	0
4266	6.0007210133584954e-05
4267	0
4268	0
4269	0
4270	5.896155849296007e-05
4271	6.282242608911347e-05
4272	7.010978042106832e-05
4273	5.939800439513393e-05
4274	0
4275	0
4276	0
4277	0
4278	0
4279	7.341698590322022e-05
4280	5.896155849296007e-05
4281	6.73267716179591e-05
4282	0
4283	7.150937818045861e-05
4284	8.405719786795714e-05
4285	8.405719786795714e-05
4286	0
4287	0
4288	0.00012926633773148393
4289	0
4290	7.683562957487827e-05
4291	0
4292	5.939800439513393e-05
4293	7.010978042106832e-05
4294	0
4295	0
4296	0.00011381334927669039
4297	0
4298	0.00011003302929934182
4299	0
4300	0.00012145311163443912
4301	0
4302	0
4303	0
4304	0.00011961042442384286
4305	7.569198474295812e-05
4306	0.00033907644529471723
4307	0
4308	6.0969209642959844e-05
4309	5.896155849296007e-05
4310	0
4311	0
4312	6.123112255286106e-05
4313	0
4314	0.00017469763367124335
4315	0
4316	8.405719786795714e-05
4317	5.931501820246708e-05
4318	0
4319	5.931501820246708e-05
4320	7.569198474295812e-05
4321	0.0002228107572115323
4322	0
4323	0
4324	0
4325	0
4326	6.89998142429589e-05
4327	0
4328	6.979831185943609e-05
4329	0
4330	0
4331	0
4332	5.896155849296007e-05
4333	0
4334	0
4335	0
4336	0
4337	8.332260823328687e-05
4338	0
4339	0
4340	0
4341	5.896155849296007e-05
4342	0
4343	0
4344	8.318118153495294e-05
4345	6.094483991050892e-05
4346	0
4347	0
4348	0
4349	0
4350	5.896155849296007e-05
4351	5.896155849296007e-05
4352	7.569198474295812e-05
4353	0
4354	5.896155849296007e-05
4355	0
4356	0
4357	5.896155849296007e-05
4358	6.110369616714016e-05
4359	6.73267716179591e-05
4360	5.896155849296007e-05
4361	5.896155849296007e-05
4362	0
4363	0
4364	5.896155849296007e-05
4365	5.9372962417140353e-05
4366	6.766798425858406e-05
4367	0
4368	0
4369	0
4370	5.896155849296007e-05
4371	6.613174117153066e-05
4372	0.00010393030565162202
4373	0
4374	0
4375	0
4376	0
4377	6.453836724295943e-05
4378	5.896155849296007e-05
4379	6.73267716179591e-05
4380	0
4381	0
4382	6.509604811795935e-05
4383	7.331557345015628e-05
4384	6.0185736023447736e-05
4385	0
4386	0
4387	5.896155849296007e-05
4388	0
4389	7.569198474295812e-05
4390	7.569198474295812e-05
4391	0
4392	0
4393	6.233706019383011e-05
4394	0.0002611266709176871
4395	0
4396	8.370231003841173e-05
4397	7.61699969215295e-05
4398	5.896155849296007e-05
4399	7.429778255545828e-05
4400	0
4401	0
4402	0
4403	0.00011079653949411324
4404	7.569198474295812e-05
4405	6.73267716179591e-05
4406	0
4407	5.939800439513393e-05
4408	0
4409	5.896155849296007e-05
4410	0
4411	0
4412	0
4413	7.86795608590292e-05
4414	7.464633310233324e-05
4415	0
4416	0
4417	0
4418	0
4419	0
4420	5.896155849296007e-05
4421	0
4422	7.437869500283288e-05
4423	0
4424	0.00010274865963688618
4425	5.931501820246708e-05
4426	6.314416505545958e-05
4427	5.9372962417140353e-05
4428	0
4429	6.73267716179591e-05
4430	0.00011414969208647767
4431	6.201170158279717e-05
4432	0
4433	0
4434	0
4435	0
4436	5.930068875478436e-05
4437	0
4438	7.569198474295812e-05
4439	5.896155849296007e-05
4440	0
4441	0
4442	5.991544025853594e-05
4443	0
4444	0
4445	0
4446	6.613174117153066e-05
4447	0
4448	0
4449	0
4450	0
4451	0
4452	9.192236448459682e-05
4453	5.896155849296007e-05
4454	0
4455	0
4456	0
4457	5.896155849296007e-05
4458	6.0395595028674194e-05
4459	0
4460	0
4461	0
4462	6.0007210133584954e-05
4463	0
4464	0
4465	0
4466	0
4467	0
4468	0
4469	0
4470	0
4471	0
4472	0
4473	0
4474	6.191398665472444e-05
4475	5.896155849296007e-05
4476	0
4477	0
4478	0
4479	0
4480	7.987459130545763e-05
4481	0
4482	5.930068875478436e-05
4483	0.00015596789366564614
4484	5.896155849296007e-05
4485	0
4486	0
4487	0
4488	5.896155849296007e-05
4489	0
4490	0
4491	0
4492	5.896155849296007e-05
4493	6.015483068296079e-05
4494	5.896155849296007e-05
4495	0
4496	6.0491724199571474e-05
4497	0
4498	7.010978042106832e-05
4499	0
4500	0
4501	0
4502	0
4503	0
4504	6.73267716179591e-05
4505	7.466097808329438e-05
4506	0
4507	5.896155849296007e-05
4508	6.73267716179591e-05
4509	0
4510	0
4511	6.505580310636142e-05
4512	0
4513	0
4514	5.896155849296007e-05
4515	0
4516	0.00029306777310722265
4517	0
4518	5.896155849296007e-05
4519	5.931501820246708e-05
4520	0.0002869547327466464
4521	6.0657209802081495e-05
4522	0
4523	0
4524	0.0002269048766975892
4525	6.613174117153066e-05
4526	6.147112243045978e-05
4527	0
4528	0
4529	0
4530	0.00016653217441591232
4531	0
4532	0
4533	6.0076920242959944e-05
4534	9.931485671973567e-05
4535	5.896155849296007e-05
4536	0
4537	0
4538	0
4539	0
4540	6.053003595389739e-05
4541	0
4542	0.0001267132515683013
4543	6.613174117153066e-05
4544	5.896155849296007e-05
4545	5.896155849296007e-05
4546	6.523546833670935e-05
4547	6.031807954025721e-05
4548	0.00010915283724295422
4549	0
4550	0
4551	0
4552	0
4553	6.116776854790487e-05
4554	5.896155849296007e-05
4555	7.240565101527994e-05
4556	0
4557	7.437869500283288e-05
4558	0
4559	0.0001692714442735045
4560	0
4561	6.453836724295943e-05
4562	0
4563	0
4564	0
4565	0
4566	6.105286177420982e-05
4567	7.18485084422829e-05
4568	5.896155849296007e-05
4569	6.050330616758644e-05
4570	0
4571	0
4572	6.523546833670935e-05
4573	5.896155849296007e-05
4574	0
4575	6.314416505545958e-05
4576	0
4577	5.974579722342873e-05
4578	0
4579	0
4580	0
4581	8.405719786795714e-05
4582	7.150937818045861e-05
4583	0.00010915283724295422
4584	0
4585	6.008492748525302e-05
4586	7.035633529025605e-05
4587	0.0001467962963054498
4588	0.00010982059128248757
4589	5.896155849296007e-05
4590	0
4591	0
4592	0
4593	0
4594	6.015483068296079e-05
4595	0
4596	7.318242080545841e-05
4597	0
4598	5.896155849296007e-05
4599	8.759119865094238e-05
4600	0
4601	5.896155849296007e-05
4602	0
4603	0.00017718192334414064
4604	0
4605	5.896155849296007e-05
4606	0
4607	0
4608	5.896155849296007e-05
4609	0
4610	0
4611	5.896155849296007e-05
4612	5.896155849296007e-05
4613	0
4614	0
4615	0
4616	0
4617	0
4618	5.896155849296007e-05
4619	6.015720114760901e-05
4620	5.896155849296007e-05
4621	7.099076776886156e-05
4622	0
4623	5.93763624495716e-05
4624	5.896155849296007e-05
4625	0
4626	5.939800439513393e-05
4627	0.00010950602946221154
4628	0
4629	0
4630	0
4631	6.854352989068623e-05
4632	0
4633	0
4634	0
4635	0
4636	0
4637	0
4638	5.896155849296007e-05
4639	5.896155849296007e-05
4640	0
4641	0
4642	0
4643	0
4644	0
4645	5.896155849296007e-05
4646	0
4647	7.862149854210452e-05
4648	5.930068875478436e-05
4649	5.931501820246708e-05
4650	0
4651	0
4652	0
4653	0
4654	0
4655	6.533720741525663e-05
4656	6.453836724295943e-05
4657	0
4658	0
4659	5.974579722342873e-05
4660	0
4661	0
4662	5.896155849296007e-05
4663	0
4664	0
4665	0.00011017361526513049
4666	0
4667	7.569198474295812e-05
4668	6.0076920242959944e-05
4669	0
4670	0
4671	0
4672	0
4673	5.896155849296007e-05
4674	0
4675	0
4676	6.352440201568681e-05
4677	8.21934428129923e-05
4678	0
4679	5.896155849296007e-05
4680	5.896155849296007e-05
4681	0
4682	6.015483068296079e-05
4683	0
4684	0
4685	0.00042462071014864893
4686	0
4687	6.0076920242959944e-05
4688	0
4689	0
4690	5.896155849296007e-05
4691	0
4692	5.896155849296007e-05
4693	0.00010915283724295422
4694	5.973373201219075e-05
4695	0
4696	0
4697	0
4698	0
4699	0
4700	0
4701	0
4702	0.00010371858226791338
4703	0
4704	0
4705	0
4706	8.456596285045875e-05
4707	0.00010915283724295422
4708	0
4709	7.150937818045861e-05
4710	0
4711	0
4712	7.150937818045861e-05
4713	0
4714	0
4715	0
4716	0
4717	0
4718	5.896155849296007e-05
4719	6.053003595389739e-05
4720	0
4721	0
4722	0.00020749575725981448
4723	0
4724	6.519474152997623e-05
4725	0.00023613540377696643
4726	5.896155849296007e-05
4727	0
4728	0.00013344743524420583
4729	9.327642122750044e-05
4730	0
4731	0
4732	5.896155849296007e-05
4733	0
4734	6.73267716179591e-05
4735	0
4736	0
4737	0
4738	0
4739	6.73267716179591e-05
4740	5.896155849296007e-05
4741	0
4742	0
4743	0
4744	0
4745	0.0003229877021847961
4746	0
4747	6.89998142429589e-05
4748	9.282680448427004e-05
4749	6.502633800858436e-05
4750	5.896155849296007e-05
4751	0
4752	0
4753	0
4754	0
4755	0
4756	6.613174117153066e-05
4757	0
4758	0.0001325949288343733
4759	0
4760	0.00013234602848900243
4761	5.896155849296007e-05
4762	5.896155849296007e-05
4763	0.0002456178381926729
4764	0
4765	6.031807954025721e-05
4766	0
4767	6.398068636795949e-05
4768	5.896155849296007e-05
4769	0
4770	0
4771	0
4772	5.896155849296007e-05
4773	0
4774	0
4775	0
4776	0
4777	8.598763166603383e-05
4778	0
4779	0.000124166252928868
4780	0
4781	0
4782	5.930068875478436e-05
4783	0
4784	5.896155849296007e-05
4785	0
4786	0
4787	0
4788	0
4789	0
4790	6.053003595389739e-05
4791	6.0185736023447736e-05
4792	0
4793	6.0969209642959844e-05
4794	6.0185736023447736e-05
4795	0
4796	0
4797	6.114378800382939e-05
4798	0
4799	0
4800	0
4801	5.896155849296007e-05
4802	5.931501820246708e-05
4803	0
4804	5.896155849296007e-05
4805	0
4806	0
4807	0
4808	0
4809	0
4810	0
4811	0
4812	5.896155849296007e-05
4813	0
4814	5.931501820246708e-05
4815	0
4816	7.150937818045861e-05
4817	6.031807954025721e-05
4818	5.896155849296007e-05
4819	0
4820	6.398068636795949e-05
4821	0
4822	0
4823	0
4824	5.896155849296007e-05
4825	0
4826	8.188132478811564e-05
4827	5.896155849296007e-05
4828	6.89998142429589e-05
4829	5.939800439513393e-05
4830	0
4831	0
4832	6.015483068296079e-05
4833	0.00015901180552811144
4834	0
4835	0
4836	0
4837	0
4838	0
4839	5.896155849296007e-05
4840	5.896155849296007e-05
4841	5.896155849296007e-05
4842	6.0076920242959944e-05
4843	5.896155849296007e-05
4844	6.0969209642959844e-05
4845	0
4846	6.425952680545945e-05
4847	0
4848	0.00021819284594558325
4849	0
4850	0
4851	0
4852	6.589893845236021e-05
4853	0
4854	7.569198474295812e-05
4855	0
4856	0
4857	6.613174117153066e-05
4858	0
4859	0
4860	5.931501820246708e-05
4861	0
4862	6.116776854790487e-05
4863	0.00010915283724295422
4864	0
4865	0
4866	6.0969209642959844e-05
4867	0
4868	0
4869	0
4870	5.896155849296007e-05
4871	0
4872	6.613174117153066e-05
4873	0
4874	0
4875	0
4876	0.00013201005775523438
4877	6.041605050478423e-05
4878	6.523546833670935e-05
4879	0
4880	0
4881	5.896155849296007e-05
4882	0
4883	7.492687297349894e-05
4884	0
4885	0
4886	0
4887	0
4888	0
4889	0
4890	5.896155849296007e-05
4891	0
4892	0
4893	0
4894	0
4895	0
4896	0
4897	0
4898	0
4899	0
4900	5.896155849296007e-05
4901	6.73267716179591e-05
4902	0
4903	0
4904	0
4905	0
4906	0
4907	0
4908	9.119188165798951e-05
4909	0
4910	0
4911	0
4912	5.896155849296007e-05
4913	0
4914	9.310902943347973e-05
4915	5.896155849296007e-05
4916	0
4917	5.896155849296007e-05
4918	0
4919	0
4920	9.660501755545568e-05
4921	5.896155849296007e-05
4922	0
4923	0
4924	0
4925	0
4926	0
4927	0
4928	0
4929	5.939800439513393e-05
4930	6.059435610636195e-05
4931	0
4932	0
4933	0
4934	7.081227708670869e-05
4935	5.896155849296007e-05
4936	0
4937	5.896155849296007e-05
4938	0
4939	5.896155849296007e-05
4940	0
4941	7.569198474295812e-05
4942	0
4943	0
4944	6.644597496572102e-05
4945	5.896155849296007e-05
4946	0
4947	0
4948	0
4949	7.437869500283288e-05
4950	0
4951	5.939800439513393e-05
4952	0
4953	0
4954	7.82095559227509e-05
4955	0
4956	5.896155849296007e-05
4957	0
4958	0
4959	5.930068875478436e-05
4960	5.896155849296007e-05
4961	0
4962	0
4963	0
4964	0
4965	0
4966	6.0779383652815634e-05
4967	0
4968	0
4969	5.998587030418445e-05
4970	0
4971	0
4972	0
4973	0
4974	6.509604811795935e-05
4975	7.150937818045861e-05
4976	5.9372962417140353e-05
4977	0
4978	0
4979	0
4980	0
4981	5.896155849296007e-05
4982	0
4983	0
4984	0
4985	7.64641582621888e-05
4986	9.892386906299034e-05
4987	0
4988	7.569198474295812e-05
4989	0
4990	0
4991	6.057280130853575e-05
4992	0
4993	0
4994	6.398068636795949e-05
4995	5.896155849296007e-05
4996	0
4997	0
4998	5.896155849296007e-05
4999	0
5000	5.896155849296007e-05
5001	0
5002	0
5003	0
5004	0
5005	0
5006	7.391434931309116e-05
5007	6.523546833670935e-05
5008	0
5009	0
5010	0.00011333544380545373
5011	0
5012	0
5013	0
5014	0
5015	5.896155849296007e-05
5016	0
5017	0
5018	0
5019	0
5020	9.910508690824576e-05
5021	0
5022	0
5023	0
5024	0
5025	0.00012170065693045275
5026	0
5027	0
5028	0
5029	0
5030	0
5031	5.896155849296007e-05
5032	0
5033	6.0007210133584954e-05
5034	0
5035	0
5036	0
5037	0
5038	0
5039	0
5040	0
5041	0
5042	0
5043	0
5044	0
5045	5.896155849296007e-05
5046	0
5047	0
5048	0
5049	0
5050	5.939800439513393e-05
5051	5.896155849296007e-05
5052	5.896155849296007e-05
5053	0
5054	0
5055	5.9372962417140353e-05
5056	0
5057	6.114378800382939e-05
5058	0
5059	0
5060	0
5061	0
5062	0
5063	6.810148101081616e-05
5064	6.523546833670935e-05
5065	6.053003595389739e-05
5066	8.04543041823413e-05
5067	0.0010211154418211955
5068	0
5069	0
5070	0
5071	0
5072	0.00010078762411795519
5073	5.896155849296007e-05
5074	0
5075	0
5076	0
5077	0
5078	5.896155849296007e-05
5079	8.405719786795714e-05
5080	8.823980443045665e-05
5081	5.896155849296007e-05
5082	0
5083	0.00010915283724295422
5084	5.896155849296007e-05
5085	0
5086	5.896155849296007e-05
5087	5.896155849296007e-05
5088	7.010978042106832e-05
5089	0
5090	0
5091	9.159301068976063e-05
5092	0
5093	6.0969209642959844e-05
5094	6.398068636795949e-05
5095	8.405719786795714e-05
5096	6.148219785464074e-05
5097	5.896155849296007e-05
5098	0
5099	0
5100	0.0001806913407289657
5101	5.896155849296007e-05
5102	0
5103	8.573024049295695e-05
5104	6.147112243045978e-05
5105	6.314416505545958e-05
5106	0
5107	0.00010915283724295422
5108	0
5109	0
5110	7.569198474295812e-05
5111	7.150937818045861e-05
5112	6.089199229103677e-05
5113	7.150937818045861e-05
5114	6.352440201568681e-05
5115	5.896155849296007e-05
5116	0
5117	0
5118	0
5119	0
5120	0
5121	5.930068875478436e-05
5122	6.0692292242959874e-05
5123	7.332368661842999e-05
5124	0
5125	7.150937818045861e-05
5126	0
5127	0
5128	6.0076920242959944e-05
5129	0
5130	5.896155849296007e-05
5131	0
5132	0
5133	0
5134	0
5135	0
5136	0
5137	0.00045496778196700034
5138	0
5139	6.0076920242959944e-05
5140	0
5141	0
5142	0
5143	0.00010321179960311977
5144	0
5145	0
5146	6.1009160062973467e-05
5147	0
5148	0
5149	0
5150	0
5151	5.896155849296007e-05
5152	0
5153	0
5154	0
5155	0.00011826955240900656
5156	0
5157	0
5158	5.931501820246708e-05
5159	0
5160	0
5161	0
5162	0
5163	0
5164	5.896155849296007e-05
5165	9.242241099295616e-05
5166	5.896155849296007e-05
5167	0
5168	0
5169	0
5170	6.160320474295977e-05
5171	5.896155849296007e-05
5172	5.896155849296007e-05
5173	0
5174	0
5175	0
5176	0
5177	0
5178	0
5179	0
5180	7.150937818045861e-05
5181	6.398068636795949e-05
5182	6.053003595389739e-05
5183	5.896155849296007e-05
5184	8.586769692738189e-05
5185	0
5186	0
5187	0
5188	6.398068636795949e-05
5189	5.896155849296007e-05
5190	5.9372962417140353e-05
5191	0
5192	0
5193	0
5194	0
5195	5.896155849296007e-05
5196	0
5197	0
5198	0
5199	0
5200	6.73267716179591e-05
5201	0
5202	5.896155849296007e-05
5203	6.0835515403659214e-05
5204	0.0001041461230571048
5205	5.896155849296007e-05
5206	5.93763624495716e-05
5207	5.896155849296007e-05
5208	0
5209	0.00021992348555275928
5210	0
5211	0
5212	6.453836724295943e-05
5213	5.896155849296007e-05
5214	6.73267716179591e-05
5215	7.150937818045861e-05
5216	5.896155849296007e-05
5217	0.00038511409052695945
5218	0
5219	0
5220	0.00040383138232348624
5221	0
5222	0
5223	0
5224	0
5225	8.405719786795714e-05
5226	0.00024278789748296076
5227	0
5228	6.89998142429589e-05
5229	0
5230	6.053003595389739e-05
5231	5.896155849296007e-05
5232	6.453836724295943e-05
5233	7.010978042106832e-05
5234	0
5235	0
5236	0
5237	5.896155849296007e-05
5238	0.0002053536799915989
5239	5.896155849296007e-05
5240	0
5241	6.521248698197033e-05
5242	0
5243	0
5244	0
5245	0
5246	7.150937818045861e-05
5247	0
5248	0
5249	0
5250	6.14056555451337e-05
5251	0
5252	0
5253	0.00020909575525252758
5254	0
5255	0
5256	5.896155849296007e-05
5257	0
5258	0
5259	0
5260	5.896155849296007e-05
5261	6.73267716179591e-05
5262	0
5263	8.993740425300304e-05
5264	0.00011751805036795324
5265	0
5266	0
5267	0
5268	0
5269	0
5270	5.896155849296007e-05
5271	5.896155849296007e-05
5272	0
5273	0
5274	0
5275	0
5276	0
5277	0
5278	0
5279	0
5280	0
5281	6.105286177420982e-05
5282	0
5283	7.216664492599424e-05
5284	5.896155849296007e-05
5285	0
5286	0
5287	5.93763624495716e-05
5288	0
5289	0
5290	0
5291	9.82801907934789e-05
5292	6.015658893938851e-05
5293	5.896155849296007e-05
5294	0
5295	0
5296	5.974579722342873e-05
5297	0
5298	0
5299	0
5300	0
5301	7.150937818045861e-05
5302	0
5303	7.183900056348782e-05
5304	0
5305	0
5306	0
5307	0
5308	5.896155849296007e-05
5309	6.0657209802081495e-05
5310	0
5311	0
5312	0
5313	0
5314	8.405719786795714e-05
5315	0
5316	0
5317	0
5318	0
5319	8.405719786795714e-05
5320	0
5321	6.0076920242959944e-05
5322	0
5323	7.735671503842277e-05
5324	0
5325	0
5326	0
5327	0
5328	5.896155849296007e-05
5329	5.896155849296007e-05
5330	0
5331	0
5332	0
5333	0
5334	5.896155849296007e-05
5335	0
5336	0.00011088899774574094
5337	5.896155849296007e-05
5338	0
5339	0
5340	5.896155849296007e-05
5341	0.0002281880116778134
5342	0
5343	0
5344	0
5345	6.015483068296079e-05
5346	0
5347	7.019484468938734e-05
5348	0
5349	5.896155849296007e-05
5350	0
5351	0
5352	6.209851341483471e-05
5353	0
5354	0
5355	8.405719786795714e-05
5356	0
5357	0
5358	0
5359	5.896155849296007e-05
5360	0
5361	0
5362	0
5363	0
5364	0
5365	5.93763624495716e-05
5366	0
5367	6.89998142429589e-05
5368	7.150937818045861e-05
5369	0
5370	0
5371	0
5372	0
5373	0
5374	6.254664983224537e-05
5375	0
5376	0
5377	0
5378	0
5379	0
5380	0
5381	0
5382	0
5383	0
5384	0.0001795063338732275
5385	5.896155849296007e-05
5386	5.998587030418445e-05
5387	0
5388	0.0001720449776212571
5389	0
5390	0
5391	0
5392	5.896155849296007e-05
5393	6.254664983224537e-05
5394	6.0779383652815634e-05
5395	6.0969209642959844e-05
5396	0
5397	5.9478994356362076e-05
5398	5.896155849296007e-05
5399	7.328381732818568e-05
5400	6.314416505545958e-05
5401	5.896155849296007e-05
5402	0.00010915283724295422
5403	0
5404	0
5405	0
5406	0
5407	6.517571681438793e-05
5408	0
5409	6.053003595389739e-05
5410	5.9654148464291366e-05
5411	5.896155849296007e-05
5412	0
5413	5.896155849296007e-05
5414	5.896155849296007e-05
5415	0
5416	6.053003595389739e-05
5417	0
5418	0
5419	5.939800439513393e-05
5420	0
5421	0
5422	5.991544025853594e-05
5423	0
5424	0
5425	5.896155849296007e-05
5426	0
5427	0
5428	0.00010078762411795519
5429	0.0004009499855498872
5430	0.00023495116274743332
5431	8.154763393045744e-05
5432	0
5433	6.48774975047837e-05
5434	0
5435	0
5436	0
5437	0
5438	5.974579722342873e-05
5439	7.768596064094385e-05
5440	0
5441	0
5442	0
5443	0
5444	0
5445	7.569198474295812e-05
5446	0
5447	5.9372962417140353e-05
5448	0
5449	0
5450	6.114378800382939e-05
5451	0
5452	0
5453	0.0002702050580014185
5454	5.9478994356362076e-05
5455	0
5456	0.00018187781466576719
5457	0
5458	8.286216742152871e-05
5459	0
5460	0
5461	0
5462	0.00015934411599294833
5463	0
5464	0
5465	0
5466	0
5467	6.453836724295943e-05
5468	0
5469	0
5470	5.896155849296007e-05
5471	0
5472	6.642244842488777e-05
5473	0
5474	0
5475	0
5476	0
5477	6.0395595028674194e-05
5478	0
5479	0
5480	8.604807441852032e-05
5481	0
5482	5.896155849296007e-05
5483	0
5484	0.00019985619477068834
5485	0
5486	0
5487	0
5488	0
5489	6.188252635464006e-05
5490	0
5491	0
5492	0.0002942163125985577
5493	0
5494	7.787421425382743e-05
5495	0
5496	8.154763393045744e-05
5497	0
5498	5.896155849296007e-05
5499	0.00022798511931245878
5500	6.449812223136148e-05
5501	0
5502	0
5503	6.009925693293574e-05
5504	0
5505	0
5506	0.00018961094362496926
5507	0
5508	5.896155849296007e-05
5509	0
5510	0
5511	0.0022965685200537155
5512	0
5513	0
5514	7.150937818045861e-05
5515	6.523546833670935e-05
5516	0
5517	0
5518	5.896155849296007e-05
5519	6.0779383652815634e-05
5520	6.147112243045978e-05
5521	5.896155849296007e-05
5522	5.896155849296007e-05
5523	0
5524	0
5525	6.352440201568681e-05
5526	0
5527	0
5528	0
5529	5.93763624495716e-05
5530	5.896155849296007e-05
5531	5.896155849296007e-05
5532	5.896155849296007e-05
5533	0
5534	0
5535	5.896155849296007e-05
5536	0
5537	0.00013093990002566842
5538	0
5539	0
5540	6.73267716179591e-05
5541	0
5542	0
5543	7.569198474295812e-05
5544	6.21933871734475e-05
5545	0
5546	7.61699969215295e-05
5547	9.787774611849109e-05
5548	5.896155849296007e-05
5549	0
5550	0
5551	0
5552	6.89998142429589e-05
5553	7.569198474295812e-05
5554	7.457662299295825e-05
5555	0
5556	9.276559598402904e-05
5557	0
5558	0
5559	6.806217496960737e-05
5560	0
5561	6.532260597342809e-05
5562	6.135161938581694e-05
5563	5.896155849296007e-05
5564	7.010978042106832e-05
5565	0
5566	0.00012040017000800951
5567	6.0076920242959944e-05
5568	0
5569	5.896155849296007e-05
5570	0.00021225281513883505
5571	0
5572	0
5573	0
5574	0
5575	0
5576	0
5577	5.9372962417140353e-05
5578	0
5579	5.896155849296007e-05
5580	0
5581	0
5582	7.382729516252076e-05
5583	5.896155849296007e-05
5584	0
5585	0
5586	5.896155849296007e-05
5587	0
5588	6.73267716179591e-05
5589	7.010978042106832e-05
5590	5.896155849296007e-05
5591	0
5592	0
5593	5.930068875478436e-05
5594	6.0692292242959874e-05
5595	6.523546833670935e-05
5596	7.799972542704398e-05
5597	0.00010267886274468268
5598	0
5599	0
5600	0
5601	0
5602	0
5603	0
5604	0
5605	5.896155849296007e-05
5606	0
5607	0
5608	5.931501820246708e-05
5609	7.150937818045861e-05
5610	0
5611	0
5612	0
5613	0.0004233284488591359
5614	0
5615	0
5616	0
5617	0
5618	0
5619	0
5620	5.896155849296007e-05
5621	0
5622	5.896155849296007e-05
5623	5.896155849296007e-05
5624	7.604544445246511e-05
5625	0
5626	0
5627	5.896155849296007e-05
5628	0
5629	5.930068875478436e-05
5630	0
5631	0
5632	0.00015305412537076535
5633	0
5634	0
5635	0.0001378520847544856
5636	8.405719786795714e-05
5637	0
5638	0
5639	5.9372962417140353e-05
5640	6.0076920242959944e-05
5641	8.405719786795714e-05
5642	6.613174117153066e-05
5643	0.000160722363639337
5644	0.00023253916968759956
5645	0
5646	0
5647	5.974579722342873e-05
5648	5.896155849296007e-05
5649	7.010978042106832e-05
5650	5.896155849296007e-05
5651	8.55161265333635e-05
5652	0
5653	0
5654	0
5655	5.896155849296007e-05
5656	0.00010915283724295422
5657	6.135161938581694e-05
5658	0
5659	6.73267716179591e-05
5660	6.181025269228407e-05
5661	0
5662	0
5663	0
5664	0
5665	0
5666	0
5667	5.896155849296007e-05
5668	9.236235430534227e-05
5669	0
5670	0
5671	0
5672	5.896155849296007e-05
5673	0.0001034391636881909
5674	0
5675	0
5676	0
5677	0.00030151982449034545
5678	6.48774975047837e-05
5679	6.613174117153066e-05
5680	0
5681	0
5682	8.655484123277966e-05
5683	0
5684	0
5685	0
5686	5.896155849296007e-05
5687	5.896155849296007e-05
5688	0
5689	0
5690	0
5691	0
5692	5.896155849296007e-05
5693	0.0006753378551914441
5694	0
5695	0
5696	7.569198474295812e-05
5697	8.405719786795714e-05
5698	0
5699	0
5700	5.896155849296007e-05
5701	5.9478994356362076e-05
5702	6.053003595389739e-05
5703	0
5704	0
5705	0
5706	0
5707	5.939800439513393e-05
5708	0
5709	5.896155849296007e-05
5710	0.00010915283724295422
5711	5.974579722342873e-05
5712	5.896155849296007e-05
5713	0
5714	0.00010915283724295422
5715	7.038478361618794e-05
5716	0
5717	8.405719786795714e-05
5718	0
5719	0
5720	0
5721	0
5722	0
5723	8.614850114920689e-05
5724	0
5725	6.398068636795949e-05
5726	6.086916621572168e-05
5727	0
5728	5.9893798312973606e-05
5729	6.254664983224537e-05
5730	0
5731	0.00017793076407502913
5732	0
5733	0
5734	0
5735	0
5736	5.896155849296007e-05
5737	0
5738	6.096648185607125e-05
5739	7.150937818045861e-05
5740	0
5741	0
5742	0
5743	5.973373201219075e-05
5744	6.352440201568681e-05
5745	0
5746	0
5747	5.896155849296007e-05
5748	0
5749	0
5750	7.569198474295812e-05
5751	0
5752	0
5753	0
5754	0
5755	0
5756	0
5757	0
5758	0
5759	5.896155849296007e-05
5760	0
5761	0
5762	5.896155849296007e-05
5763	5.896155849296007e-05
5764	8.439107488772382e-05
5765	0
5766	0
5767	0
5768	6.11746456654835e-05
5769	0
5770	0
5771	7.150937818045861e-05
5772	0
5773	0
5774	0
5775	0
5776	6.523546833670935e-05
5777	0
5778	0
5779	6.130339621521705e-05
5780	0
5781	0
5782	0
5783	0
5784	5.896155849296007e-05
5785	5.998587030418445e-05
5786	0
5787	5.896155849296007e-05
5788	0
5789	0
5790	6.0921452573075785e-05
5791	5.930068875478436e-05
5792	6.110369616714016e-05
5793	0
5794	0
5795	0
5796	0
5797	7.042435619396339e-05
5798	0
5799	0
5800	0
5801	0
5802	0
5803	0
5804	0
5805	0
5806	5.896155849296007e-05
5807	0
5808	0
5809	0
5810	5.896155849296007e-05
5811	0.00010495414990202098
5812	5.896155849296007e-05
5813	0
5814	0
5815	0
5816	0
5817	0
5818	5.896155849296007e-05
5819	0
5820	0
5821	0.00024278789748296076
5822	0
5823	5.931501820246708e-05
5824	0
5825	6.453836724295943e-05
5826	5.930068875478436e-05
5827	0
5828	0
5829	0
5830	0
5831	0
5832	5.896155849296007e-05
5833	5.93763624495716e-05
5834	0
5835	0
5836	5.896155849296007e-05
5837	6.0007210133584954e-05
5838	0.0003526542107730655
5839	0
5840	6.398068636795949e-05
5841	0
5842	0
5843	5.896155849296007e-05
5844	0
5845	0
5846	0
5847	0
5848	5.931501820246708e-05
5849	5.896155849296007e-05
5850	0
5851	0
5852	0
5853	0
5854	5.931501820246708e-05
5855	5.896155849296007e-05
5856	0
5857	0
5858	0
5859	5.896155849296007e-05
5860	0
5861	0
5862	0
5863	0
5864	0
5865	0
5866	0
5867	0
5868	5.896155849296007e-05
5869	0
5870	0
5871	0
5872	0
5873	0
5874	8.21934428129923e-05
5875	7.150937818045861e-05
5876	0
5877	0
5878	6.015483068296079e-05
5879	0
5880	5.931501820246708e-05
5881	7.150937818045861e-05
5882	0
5883	0
5884	7.61033886671384e-05
5885	0
5886	0
5887	5.896155849296007e-05
5888	0
5889	0
5890	5.896155849296007e-05
5891	5.896155849296007e-05
5892	8.821455024249787e-05
5893	6.352440201568681e-05
5894	0
5895	0
5896	0
5897	0
5898	5.93763624495716e-05
5899	0.0003282642557961036
5900	0
5901	0
5902	9.409545361795597e-05
5903	0
5904	5.896155849296007e-05
5905	0
5906	5.896155849296007e-05
5907	5.9478994356362076e-05
5908	0
5909	0
5910	0.00010915283724295422
5911	9.409545361795597e-05
5912	6.314416505545958e-05
5913	0
5914	5.896155849296007e-05
5915	0
5916	0
5917	0
5918	5.896155849296007e-05
5919	0.00040386158147993575
5920	0
5921	0
5922	6.453836724295943e-05
5923	0
5924	0
5925	0
5926	5.896155849296007e-05
5927	0
5928	5.896155849296007e-05
5929	0.00010915283724295422
5930	5.896155849296007e-05
5931	0
5932	0
5933	7.40185848018509e-05
5934	0
5935	0
5936	0.00017576911479515924
5937	0
5938	0
5939	5.9372962417140353e-05
5940	0
5941	0
5942	0
5943	5.896155849296007e-05
5944	7.429238698356783e-05
5945	5.896155849296007e-05
5946	8.004681963992312e-05
5947	5.896155849296007e-05
5948	8.541371891525429e-05
5949	0
5950	0
5951	8.256027272530283e-05
5952	0
5953	0
5954	5.896155849296007e-05
5955	0
5956	5.973373201219075e-05
5957	0.00022376151413650708
5958	0
5959	0
5960	6.366201158224524e-05
5961	0
5962	5.896155849296007e-05
5963	0
5964	0
5965	0
5966	0
5967	0
5968	0
5969	0
5970	6.433414607746649e-05
5971	5.939800439513393e-05
5972	0
5973	7.223692096154992e-05
5974	0
5975	0
5976	0
5977	0
5978	0
5979	5.896155849296007e-05
5980	5.896155849296007e-05
5981	7.223692096154992e-05
5982	0
5983	0
5984	0
5985	0
5986	5.931501820246708e-05
5987	0.00017071519282680663
5988	0
5989	5.9372962417140353e-05
5990	0.00010915283724295422
5991	0
5992	0.00018014956636113827
5993	6.282242608911347e-05
5994	5.9372962417140353e-05
5995	0
5996	0
5997	5.896155849296007e-05
5998	0
5999	0
6000	0
6001	5.896155849296007e-05
6002	5.896155849296007e-05
6003	5.896155849296007e-05
6004	0
6005	0
6006	5.930068875478436e-05
6007	5.896155849296007e-05
6008	6.015658893938851e-05
6009	0
6010	0
6011	0
6012	5.896155849296007e-05
6013	0
6014	0
6015	0
6016	0
6017	0
6018	0
6019	0
6020	0
6021	0
6022	5.998587030418445e-05
6023	5.974579722342873e-05
6024	0
6025	0
6026	5.896155849296007e-05
6027	6.105286177420982e-05
6028	0
6029	0
6030	0
6031	0
6032	6.48774975047837e-05
6033	0
6034	7.569198474295812e-05
6035	0
6036	6.031807954025721e-05
6037	6.654314509571095e-05
6038	0
6039	0.00013472579652628014
6040	0.00013458235363771797
6041	5.974579722342873e-05
6042	0
6043	5.896155849296007e-05
6044	0
6045	5.930068875478436e-05
6046	0
6047	0
6048	0
6049	5.896155849296007e-05
6050	0
6051	6.613174117153066e-05
6052	0
6053	0.0004066232650927653
6054	0
6055	5.896155849296007e-05
6056	5.896155849296007e-05
6057	5.896155849296007e-05
6058	0
6059	0
6060	5.896155849296007e-05
6061	0
6062	0
6063	7.181650169987884e-05
6064	8.256027272530283e-05
6065	0
6066	6.89998142429589e-05
6067	0
6068	0
6069	5.896155849296007e-05
6070	0
6071	8.54367265283487e-05
6072	0.00010915283724295422
6073	7.569198474295812e-05
6074	5.896155849296007e-05
6075	0
6076	0
6077	6.613174117153066e-05
6078	5.896155849296007e-05
6079	0
6080	0
6081	6.059435610636195e-05
6082	0
6083	0
6084	0
6085	0
6086	0
6087	5.896155849296007e-05
6088	6.008719172169776e-05
6089	5.896155849296007e-05
6090	5.896155849296007e-05
6091	0
6092	0
6093	0
6094	5.93763624495716e-05
6095	6.031807954025721e-05
6096	0
6097	0
6098	0
6099	0.0001468651262602806
6100	0
6101	0
6102	6.0395595028674194e-05
6103	0
6104	0
6105	0
6106	0
6107	0
6108	0
6109	0
6110	5.931501820246708e-05
6111	6.135161938581694e-05
6112	0
6113	0.00024278789748296076
6114	5.896155849296007e-05
6115	6.089199229103677e-05
6116	0
6117	0
6118	5.998587030418445e-05
6119	0
6120	0
6121	7.569198474295812e-05
6122	5.93763624495716e-05
6123	0
6124	5.896155849296007e-05
6125	0
6126	5.896155849296007e-05
6127	0.00033195617878533284
6128	0
6129	0
6130	0
6131	0
6132	0
6133	6.453836724295943e-05
6134	0.00010915283724295422
6135	8.405719786795714e-05
6136	5.9478994356362076e-05
6137	0
6138	0.0003379247634181805
6139	0
6140	0
6141	5.896155849296007e-05
6142	6.089199229103677e-05
6143	0
6144	0.00010542532713302453
6145	0
6146	0
6147	0
6148	8.405719786795714e-05
6149	0
6150	5.896155849296007e-05
6151	0
6152	0
6153	5.896155849296007e-05
6154	0
6155	0
6156	0
6157	0
6158	0
6159	6.254664983224537e-05
6160	0
6161	5.896155849296007e-05
6162	5.931501820246708e-05
6163	0
6164	5.896155849296007e-05
6165	8.5822044745093e-05
6166	0
6167	8.405719786795714e-05
6168	0
6169	6.73267716179591e-05
6170	0
6171	6.120972810636188e-05
6172	0
6173	0
6174	0
6175	5.930068875478436e-05
6176	0
6177	6.135161938581694e-05
6178	0
6179	0
6180	0
6181	6.0185736023447736e-05
6182	6.089199229103677e-05
6183	0.00012170065693045275
6184	0
6185	5.93763624495716e-05
6186	0.00023577363547447436
6187	0
6188	0
6189	0
6190	6.806217496960737e-05
6191	5.973373201219075e-05
6192	7.150937818045861e-05
6193	5.896155849296007e-05
6194	0
6195	0
6196	0
6197	0
6198	0
6199	0.00011019848888357909
6200	0
6201	0
6202	0
6203	0
6204	7.150937818045861e-05
6205	6.280611139764109e-05
6206	0
6207	0
6208	0.00026074285812641704
6209	5.931501820246708e-05
6210	0
6211	0
6212	0
6213	0
6214	0
6215	6.73267716179591e-05
6216	7.18485084422829e-05
6217	0
6218	6.174138316219052e-05
6219	0
6220	0
6221	0
6222	0
6223	6.790648449484276e-05
6224	0
6225	0
6226	0
6227	0
6228	0
6229	0
6230	0
6231	7.150937818045861e-05
6232	0
6233	6.0969209642959844e-05
6234	6.308235313581673e-05
6235	0
6236	5.930068875478436e-05
6237	0
6238	0
6239	0
6240	0
6241	6.453836724295943e-05
6242	6.89998142429589e-05
6243	0
6244	0
6245	0
6246	6.243801070075188e-05
6247	6.73267716179591e-05
6248	0
6249	5.896155849296007e-05
6250	0
6251	0
6252	0
6253	0
6254	0
6255	8.405719786795714e-05
6256	0
6257	5.931501820246708e-05
6258	0
6259	0.00022988690896579185
6260	0
6261	5.896155849296007e-05
6262	5.896155849296007e-05
6263	0
6264	7.569198474295812e-05
6265	0
6266	0
6267	5.896155849296007e-05
6268	0
6269	6.489750748958101e-05
6270	5.896155849296007e-05
6271	0
6272	0
6273	0
6274	0
6275	0
6276	0
6277	0
6278	0
6279	0
6280	0
6281	0
6282	5.896155849296007e-05
6283	6.0007210133584954e-05
6284	0
6285	0
6286	0
6287	5.896155849296007e-05
6288	6.0185736023447736e-05
6289	0.0001717204034478692
6290	0
6291	0
6292	0
6293	0
6294	9.18008267746904e-05
6295	6.414002376081662e-05
6296	0
6297	0
6298	0
6299	0
6300	5.9372962417140353e-05
6301	0
6302	0.00013857031616260415
6303	6.209851341483471e-05
6304	6.613174117153066e-05
6305	0
6306	0
6307	0
6308	0
6309	0
6310	0
6311	6.667691208593438e-05
6312	6.0849093762190625e-05
6313	0
6314	0
6315	7.1721023236644e-05
6316	7.477324090730076e-05
6317	5.896155849296007e-05
6318	0
6319	0
6320	5.896155849296007e-05
6321	0
6322	5.896155849296007e-05
6323	0.00038955510414996045
6324	0
6325	0
6326	0
6327	8.48956090927788e-05
6328	6.116776854790487e-05
6329	0
6330	5.896155849296007e-05
6331	0
6332	5.896155849296007e-05
6333	0
6334	0
6335	5.896155849296007e-05
6336	5.896155849296007e-05
6337	5.896155849296007e-05
6338	0
6339	0
6340	0
6341	0
6342	0
6343	0
6344	0
6345	0
6346	5.896155849296007e-05
6347	5.896155849296007e-05
6348	0
6349	0
6350	0
6351	5.9372962417140353e-05
6352	0
6353	5.896155849296007e-05
6354	0
6355	5.896155849296007e-05
6356	0
6357	0
6358	0
6359	5.896155849296007e-05
6360	5.896155849296007e-05
6361	0
6362	8.600696765297388e-05
6363	7.010978042106832e-05
6364	0
6365	6.0076920242959944e-05
6366	7.150937818045861e-05
6367	0
6368	0
6369	6.92686960934053e-05
6370	0
6371	0
6372	0
6373	0
6374	0
6375	0
6376	0.00030586477083765476
6377	0
6378	5.931501820246708e-05
6379	0
6380	0
6381	0
6382	5.931501820246708e-05
6383	0
6384	7.150937818045861e-05
6385	0
6386	0
6387	5.896155849296007e-05
6388	0
6389	0
6390	0
6391	8.573024049295695e-05
6392	0.00013169622792363065
6393	0
6394	0
6395	0
6396	0
6397	0
6398	0
6399	0
6400	0
6401	5.896155849296007e-05
6402	0
6403	5.896155849296007e-05
6404	5.896155849296007e-05
6405	9.546880528158215e-05
6406	0
6407	0
6408	6.453836724295943e-05
6409	0
6410	0
6411	5.896155849296007e-05
6412	0.0001586825016893198
6413	0
6414	5.896155849296007e-05
6415	0
6416	5.896155849296007e-05
6417	6.323723004572499e-05
6418	5.896155849296007e-05
6419	0
6420	0.00024278789748296076
6421	0
6422	0
6423	0
6424	5.896155849296007e-05
6425	0
6426	0.0001903528099652866
6427	0
6428	0.0017583125310186901
6429	0
6430	6.73267716179591e-05
6431	5.896155849296007e-05
6432	0
6433	6.089199229103677e-05
6434	0
6435	0
6436	0
6437	5.971209267896464e-05
6438	0
6439	0.0001656180258366976
6440	0
6441	0
6442	7.150937818045861e-05
6443	7.010978042106832e-05
6444	5.896155849296007e-05
6445	6.790648449484276e-05
6446	5.9478994356362076e-05
6447	0
6448	0
6449	0
6450	5.896155849296007e-05
6451	0
6452	0
6453	5.896155849296007e-05
6454	0
6455	0.00013446876661037466
6456	0
6457	0
6458	5.896155849296007e-05
6459	0
6460	0
6461	0
6462	8.405719786795714e-05
6463	5.896155849296007e-05
6464	5.896155849296007e-05
6465	0
6466	0
6467	5.896155849296007e-05
6468	6.0395595028674194e-05
6469	6.0969209642959844e-05
6470	0
6471	0
6472	0
6473	0
6474	0
6475	0
6476	0
6477	0
6478	0
6479	0
6480	0
6481	0
6482	0
6483	0
6484	0
6485	0
6486	0
6487	5.896155849296007e-05
6488	9.660501755545568e-05
6489	0
6490	0
6491	6.228045917339922e-05
6492	6.314416505545958e-05
6493	0
6494	0
6495	0
6496	5.896155849296007e-05
6497	5.931501820246708e-05
6498	0.00013090026999795304
6499	5.93763624495716e-05
6500	0
6501	0
6502	0
6503	0
6504	7.569198474295812e-05
6505	0.00010286284662077123
6506	0
6507	6.206607765662134e-05
6508	0
6509	8.749630157150101e-05
6510	0.00010542532713302453
6511	0
6512	5.896155849296007e-05
6513	0
6514	5.896155849296007e-05
6515	6.144144853255016e-05
6516	6.033933001369144e-05
6517	0.0004044324009447163
6518	0
6519	0
6520	0.00010915283724295422
6521	8.423234646849048e-05
6522	0
6523	0
6524	5.896155849296007e-05
6525	5.896155849296007e-05
6526	5.896155849296007e-05
6527	5.896155849296007e-05
6528	0
6529	6.89998142429589e-05
6530	5.896155849296007e-05
6531	6.0007210133584954e-05
6532	0
6533	6.73267716179591e-05
6534	0.00010587056237465595
6535	0
6536	0
6537	6.352440201568681e-05
6538	5.974579722342873e-05
6539	0
6540	0
6541	5.896155849296007e-05
6542	0
6543	6.73267716179591e-05
6544	6.147112243045978e-05
6545	5.896155849296007e-05
6546	5.974579722342873e-05
6547	0.0002481087930328774
6548	5.896155849296007e-05
6549	0
6550	0
6551	0
6552	5.930068875478436e-05
6553	0
6554	0
6555	0
6556	0
6557	8.277217804278533e-05
6558	5.896155849296007e-05
6559	6.352440201568681e-05
6560	0
6561	0
6562	0
6563	6.116776854790487e-05
6564	0.00028355713697686646
6565	0
6566	6.053003595389739e-05
6567	6.314416505545958e-05
6568	0
6569	7.010978042106832e-05
6570	6.314416505545958e-05
6571	8.405719786795714e-05
6572	0
6573	0
6574	5.896155849296007e-05
6575	0
6576	6.613174117153066e-05
6577	5.896155849296007e-05
6578	0.00011283109224346928
6579	0
6580	0
6581	0
6582	0
6583	0
6584	0
6585	0
6586	0
6587	0
6588	0
6589	0
6590	0
6591	0.00012170065693045275
6592	6.105286177420982e-05
6593	0
6594	0
6595	5.896155849296007e-05
6596	6.015483068296079e-05
6597	0
6598	6.523546833670935e-05
6599	0
6600	0
6601	0
6602	0
6603	5.896155849296007e-05
6604	0
6605	0
6606	0
6607	7.569198474295812e-05
6608	0
6609	0
6610	5.973373201219075e-05
6611	0
6612	0.00011542674708670347
6613	0
6614	5.896155849296007e-05
6615	0
6616	0.0002859241948131772
6617	0.00011500901777816919
6618	0
6619	0
6620	0.00010286284662077123
6621	0
6622	6.031807954025721e-05
6623	0
6624	6.523546833670935e-05
6625	0
6626	8.978875646480936e-05
6627	0
6628	0
6629	5.896155849296007e-05
6630	0
6631	0
6632	0
6633	0
6634	7.06945846942574e-05
6635	0
6636	0
6637	5.9654148464291366e-05
6638	5.896155849296007e-05
6639	0
6640	0
6641	6.314416505545958e-05
6642	8.439107488772382e-05
6643	6.449812223136148e-05
6644	7.569198474295812e-05
6645	6.89998142429589e-05
6646	0
6647	0
6648	0.0002955617625779402
6649	6.0969209642959844e-05
6650	0
6651	0
6652	0
6653	0
6654	0
6655	5.9893798312973606e-05
6656	0
6657	0
6658	5.896155849296007e-05
6659	0
6660	0
6661	6.154014206931402e-05
6662	0
6663	0
6664	0
6665	0.000199364700989209
6666	7.150937818045861e-05
6667	0
6668	0
6669	0
6670	6.73267716179591e-05
6671	0.00024278789748296076
6672	0
6673	5.939800439513393e-05
6674	0
6675	0
6676	0
6677	0
6678	0
6679	0
6680	0
6681	0
6682	0
6683	0.00024278789748296076
6684	6.73267716179591e-05
6685	5.896155849296007e-05
6686	0.00018372518626464879
6687	0
6688	0.00013912691275111625
6689	5.896155849296007e-05
6690	5.896155849296007e-05
6691	0
6692	5.896155849296007e-05
6693	0
6694	0
6695	7.669536823394901e-05
6696	8.405719786795714e-05
6697	0.00021477715534253493
6698	0
6699	5.9372962417140353e-05
6700	0
6701	5.896155849296007e-05
6702	0
6703	0
6704	0
6705	0
6706	5.896155849296007e-05
6707	7.429238698356783e-05
6708	0
6709	0
6710	0
6711	0
6712	0
6713	6.195666445246676e-05
6714	0
6715	5.896155849296007e-05
6716	0
6717	0
6718	6.0185736023447736e-05
6719	0
6720	0
6721	7.010978042106832e-05
6722	6.6459645867197e-05
6723	0
6724	0
6725	5.896155849296007e-05
6726	0
6727	0
6728	0
6729	0
6730	0
6731	0
6732	0
6733	0
6734	0
6735	0.0001241631915702746
6736	0.00020410711838319382
6737	0
6738	0
6739	0
6740	5.896155849296007e-05
6741	6.0185736023447736e-05
6742	0
6743	0
6744	0
6745	5.896155849296007e-05
6746	0
6747	5.896155849296007e-05
6748	0
6749	0
6750	0
6751	0
6752	0
6753	0
6754	6.519474152997623e-05
6755	0
6756	0
6757	0.0002552985866644552
6758	0
6759	5.93763624495716e-05
6760	0
6761	0
6762	0
6763	0
6764	5.896155849296007e-05
6765	0
6766	6.81181838129616e-05
6767	5.896155849296007e-05
6768	8.405719786795714e-05
6769	0
6770	0
6771	5.896155849296007e-05
6772	5.896155849296007e-05
6773	5.896155849296007e-05
6774	5.896155849296007e-05
6775	5.974579722342873e-05
6776	8.405719786795714e-05
6777	0
6778	0
6779	0
6780	5.930068875478436e-05
6781	0.000128490024134109
6782	0
6783	0
6784	0
6785	0
6786	0.00012215575338302256
6787	0
6788	5.971209267896464e-05
6789	6.589273508224498e-05
6790	0
6791	0
6792	5.974579722342873e-05
6793	5.896155849296007e-05
6794	6.89998142429589e-05
6795	0
6796	6.176041611772545e-05
6797	0
6798	0
6799	5.939800439513393e-05
6800	5.896155849296007e-05
6801	0
6802	7.150937818045861e-05
6803	5.93763624495716e-05
6804	0
6805	0
6806	0
6807	0
6808	6.854352989068623e-05
6809	0
6810	0
6811	6.398068636795949e-05
6812	5.896155849296007e-05
6813	8.256027272530283e-05
6814	0
6815	0.00018822133868549504
6816	0
6817	0
6818	0
6819	0
6820	5.974579722342873e-05
6821	0
6822	0
6823	0
6824	0
6825	0
6826	0
6827	5.896155849296007e-05
6828	0
6829	7.150937818045861e-05
6830	5.896155849296007e-05
6831	0
6832	5.896155849296007e-05
6833	0
6834	6.053003595389739e-05
6835	0
6836	5.896155849296007e-05
6837	0
6838	5.939800439513393e-05
6839	5.896155849296007e-05
6840	0
6841	0
6842	5.896155849296007e-05
6843	6.277314596093483e-05
6844	5.930068875478436e-05
6845	5.896155849296007e-05
6846	5.896155849296007e-05
6847	6.056799286356879e-05
6848	0
6849	5.939800439513393e-05
6850	0.00010593875567615163
6851	0
6852	5.896155849296007e-05
6853	6.053003595389739e-05
6854	0
6855	8.405719786795714e-05
6856	0.0006987820839702418
6857	0.0012960042277237363
6858	0
6859	0
6860	5.9372962417140353e-05
6861	0
6862	0
6863	0
6864	5.896155849296007e-05
6865	7.211590920661453e-05
6866	0
6867	0
6868	0.00014789091193970934
6869	0
6870	0
6871	0
6872	0
6873	0
6874	0
6875	6.114378800382939e-05
6876	0
6877	0
6878	0
6879	0
6880	5.896155849296007e-05
6881	0
6882	0
6883	5.896155849296007e-05
6884	0
6885	0
6886	0
6887	0.00013942526224188014
6888	0
6889	0
6890	5.896155849296007e-05
6891	0
6892	5.896155849296007e-05
6893	0
6894	0
6895	5.896155849296007e-05
6896	5.931501820246708e-05
6897	0
6898	0.0001378520847544856
6899	0.00042874370330222086
6900	0
6901	5.896155849296007e-05
6902	5.9372962417140353e-05
6903	5.896155849296007e-05
6904	0
6905	0
6906	0
6907	0
6908	0
6909	0
6910	0
6911	0.0002053683327313685
6912	0
6913	8.405719786795714e-05
6914	6.544459866483432e-05
6915	0
6916	0
6917	5.896155849296007e-05
6918	0
6919	0
6920	5.896155849296007e-05
6921	0.00015565010035951897
6922	0
6923	0
6924	0
6925	0
6926	6.093277469927094e-05
6927	0
6928	0
6929	7.569198474295812e-05
6930	0
6931	0
6932	5.896155849296007e-05
6933	6.0145135936371034e-05
6934	0
6935	0.00019691275316273453
6936	0.0002573180206532576
6937	0
6938	0
6939	5.896155849296007e-05
6940	5.998587030418445e-05
6941	0.0005100205277833852
6942	5.896155849296007e-05
6943	6.160320474295977e-05
6944	0
6945	0
6946	0
6947	0
6948	9.99123361416628e-05
6949	0
6950	0
6951	0
6952	6.672925639474488e-05
6953	0
6954	5.973373201219075e-05
6955	0
6956	6.0969209642959844e-05
6957	6.031807954025721e-05
6958	5.896155849296007e-05
6959	0
6960	5.896155849296007e-05
6961	0
6962	5.896155849296007e-05
6963	5.896155849296007e-05
6964	0
6965	5.896155849296007e-05
6966	5.896155849296007e-05
6967	8.549123440367125e-05
6968	0
6969	0
6970	0
6971	0
6972	5.896155849296007e-05
6973	0
6974	5.896155849296007e-05
6975	0
6976	0
6977	5.896155849296007e-05
6978	0
6979	0
6980	0
6981	5.896155849296007e-05
6982	0
6983	0
6984	5.939800439513393e-05
6985	9.658593679118893e-05
6986	0.00028697795935947955
6987	0
6988	0
6989	0
6990	0
6991	0
6992	0
6993	0
6994	8.405719786795714e-05
6995	5.896155849296007e-05
6996	6.254664983224537e-05
6997	0
6998	0
6999	0
7000	0
7001	0.00010915283724295422
7002	5.896155849296007e-05
7003	0
7004	0
7005	0
7006	0
7007	0
7008	0
7009	0
7010	0
7011	0
7012	5.939800439513393e-05
7013	0
7014	0
7015	7.150937818045861e-05
7016	0
7017	0.00013633977989920102
7018	0
7019	6.523546833670935e-05
7020	0
7021	5.896155849296007e-05
7022	0
7023	9.308189649548794e-05
7024	5.896155849296007e-05
7025	5.896155849296007e-05
7026	0
7027	0
7028	0
7029	0
7030	0
7031	0
7032	0
7033	0
7034	0.00016796546862886486
7035	0
7036	0
7037	6.523546833670935e-05
7038	0
7039	0
7040	5.896155849296007e-05
7041	6.031807954025721e-05
7042	0
7043	5.93763624495716e-05
7044	0
7045	6.613174117153066e-05
7046	0
7047	0
7048	6.0969209642959844e-05
7049	6.398068636795949e-05
7050	6.015658893938851e-05
7051	5.896155849296007e-05
7052	0
7053	5.896155849296007e-05
7054	0
7055	0
7056	0
7057	9.277526707865896e-05
7058	0
7059	0
7060	0.0001509789028679493
7061	0
7062	0
7063	5.896155849296007e-05
7064	6.0166268061252455e-05
7065	6.453836724295943e-05
7066	0
7067	0
7068	0.00027745774090139324
7069	0
7070	0
7071	0
7072	0
7073	5.896155849296007e-05
7074	0.00015489417488041124
7075	0
7076	6.34841821234283e-05
7077	6.0076920242959944e-05
7078	7.150937818045861e-05
7079	0
7080	0
7081	6.398068636795949e-05
7082	8.576099329688718e-05
7083	0
7084	0
7085	0
7086	5.896155849296007e-05
7087	5.896155849296007e-05
7088	0
7089	0
7090	0
7091	0
7092	5.896155849296007e-05
7093	0
7094	0
7095	0
7096	5.9372962417140353e-05
7097	0
7098	0
7099	0
7100	0
7101	0
7102	5.93763624495716e-05
7103	5.931501820246708e-05
7104	0
7105	0
7106	0
7107	0
7108	0
7109	0
7110	0.00012670077077769497
7111	0
7112	0
7113	0
7114	0
7115	5.896155849296007e-05
7116	6.398068636795949e-05
7117	5.896155849296007e-05
7118	0
7119	9.409545361795597e-05
7120	0
7121	0
7122	0
7123	5.93763624495716e-05
7124	0
7125	0
7126	6.015483068296079e-05
7127	7.150937818045861e-05
7128	8.42337939775858e-05
7129	5.896155849296007e-05
7130	0
7131	0
7132	6.043037995246694e-05
7133	0
7134	0
7135	6.0007210133584954e-05
7136	0
7137	0
7138	0
7139	8.405719786795714e-05
7140	0
7141	5.93763624495716e-05
7142	0
7143	0
7144	0
7145	5.93763624495716e-05
7146	0
7147	0
7148	5.998587030418445e-05
7149	5.974579722342873e-05
7150	0
7151	5.931501820246708e-05
7152	0
7153	0
7154	0
7155	0
7156	0
7157	0
7158	5.896155849296007e-05
7159	6.453836724295943e-05
7160	0
7161	5.896155849296007e-05
7162	6.523546833670935e-05
7163	0
7164	0
7165	0
7166	0
7167	0
7168	6.73267716179591e-05
7169	0
7170	5.931501820246708e-05
7171	0
7172	0
7173	0
7174	9.536556521480872e-05
7175	6.0969209642959844e-05
7176	5.896155849296007e-05
7177	0
7178	5.896155849296007e-05
7179	5.896155849296007e-05
7180	0
7181	0
7182	0
7183	0
7184	0
7185	0
7186	0.00013997668248895916
7187	0
7188	0.0001663366649670441
7189	5.896155849296007e-05
7190	7.290358036795845e-05
7191	0
7192	0
7193	5.931501820246708e-05
7194	6.73267716179591e-05
7195	0
7196	0
7197	0
7198	5.896155849296007e-05
7199	0
7200	6.398068636795949e-05
7201	0
7202	5.9372962417140353e-05
7203	0
7204	0
7205	5.93763624495716e-05
7206	0
7207	0
7208	5.930068875478436e-05
7209	5.9372962417140353e-05
7210	7.569198474295812e-05
7211	0
7212	0
7213	5.896155849296007e-05
7214	0
7215	5.896155849296007e-05
7216	0
7217	0
7218	0
7219	5.896155849296007e-05
7220	0
7221	0
7222	0
7223	0
7224	0
7225	6.852180206438753e-05
7226	0
7227	5.896155849296007e-05
7228	0
7229	0
7230	0.00010915283724295422
7231	5.896155849296007e-05
7232	0
7233	0
7234	5.896155849296007e-05
7235	0
7236	0
7237	5.896155849296007e-05
7238	6.114378800382939e-05
7239	8.405719786795714e-05
7240	0
7241	0
7242	0
7243	5.896155849296007e-05
7244	0
7245	0
7246	0.000589779571696798
7247	0
7248	7.150937818045861e-05
7249	0
7250	0
7251	0
7252	0
7253	0
7254	0
7255	0
7256	0
7257	0
7258	5.896155849296007e-05
7259	0
7260	0
7261	0
7262	0
7263	0
7264	0
7265	0
7266	5.896155849296007e-05
7267	0
7268	0
7269	0
7270	6.015483068296079e-05
7271	8.405719786795714e-05
7272	6.89998142429589e-05
7273	7.20476801833543e-05
7274	0
7275	6.314416505545958e-05
7276	5.896155849296007e-05
7277	8.464375039267075e-05
7278	6.613174117153066e-05
7279	6.053003595389739e-05
7280	0
7281	5.93763624495716e-05
7282	7.634794799686691e-05
7283	5.896155849296007e-05
7284	5.998587030418445e-05
7285	5.896155849296007e-05
7286	0
7287	6.0692292242959874e-05
7288	7.15651462679586e-05
7289	5.896155849296007e-05
7290	0
7291	0
7292	7.569198474295812e-05
7293	0
7294	0
7295	0
7296	6.613174117153066e-05
7297	0
7298	0
7299	0
7300	0
7301	6.0185736023447736e-05
7302	5.930068875478436e-05
7303	0
7304	5.896155849296007e-05
7305	0.00010760259291285075
7306	6.015483068296079e-05
7307	0
7308	0.00010915283724295422
7309	0.00013305344617152285
7310	0
7311	0.00014725457289127975
7312	5.896155849296007e-05
7313	6.0076920242959944e-05
7314	9.708511972204168e-05
7315	6.73267716179591e-05
7316	0
7317	0
7318	0
7319	0
7320	0
7321	5.896155849296007e-05
7322	0.00037354039410674047
7323	5.896155849296007e-05
7324	6.73267716179591e-05
7325	0
7326	0.00022324923427023702
7327	0
7328	5.896155849296007e-05
7329	0
7330	7.569198474295812e-05
7331	0
7332	0
7333	0.00031373173415827994
7334	0
7335	0
7336	0
7337	0
7338	0
7339	0
7340	5.896155849296007e-05
7341	0
7342	6.314416505545958e-05
7343	6.895833384729776e-05
7344	0
7345	0
7346	0
7347	0
7348	7.150937818045861e-05
7349	7.150937818045861e-05
7350	0
7351	6.230764374295968e-05
7352	0
7353	0
7354	0.00016884859049994574
7355	5.896155849296007e-05
7356	0
7357	9.242241099295616e-05
7358	8.405719786795714e-05
7359	0
7360	0
7361	0
7362	0
7363	5.9372962417140353e-05
7364	0
7365	0
7366	7.401815441259893e-05
7367	0
7368	5.998587030418445e-05
7369	0
7370	5.939800439513393e-05
7371	6.182458213996679e-05
7372	5.896155849296007e-05
7373	0
7374	9.39986973824813e-05
7375	0
7376	5.896155849296007e-05
7377	5.896155849296007e-05
7378	0.00020017111787792402
7379	0.00016986202539306358
7380	7.150937818045861e-05
7381	0.00022174047896023242
7382	0
7383	0
7384	6.0969209642959844e-05
7385	0
7386	5.896155849296007e-05
7387	0
7388	6.0395595028674194e-05
7389	6.015658893938851e-05
7390	0
7391	0
7392	5.896155849296007e-05
7393	0
7394	6.125658783325875e-05
7395	0
7396	5.896155849296007e-05
7397	0
7398	8.405719786795714e-05
7399	0.00011664276239166084
7400	0
7401	0
7402	5.896155849296007e-05
7403	0
7404	7.569198474295812e-05
7405	5.896155849296007e-05
7406	0
7407	0
7408	0
7409	6.613174117153066e-05
7410	0
7411	0
7412	6.223598606414706e-05
7413	0
7414	8.405719786795714e-05
7415	0
7416	0
7417	6.613174117153066e-05
7418	0
7419	0
7420	6.716590213478605e-05
7421	0
7422	5.896155849296007e-05
7423	5.896155849296007e-05
7424	0
7425	0
7426	7.118204375382821e-05
7427	0
7428	0
7429	0
7430	6.613174117153066e-05
7431	0
7432	0
7433	0
7434	6.0076920242959944e-05
7435	8.405719786795714e-05
7436	0.00010915283724295422
7437	0
7438	6.015483068296079e-05
7439	5.896155849296007e-05
7440	0
7441	0
7442	0
7443	0.0002952571446518397
7444	0
7445	0
7446	0.00012150940960702423
7447	5.896155849296007e-05
7448	5.93763624495716e-05
7449	0
7450	0
7451	5.896155849296007e-05
7452	0
7453	0
7454	0
7455	0
7456	0
7457	6.73267716179591e-05
7458	0
7459	0.00012170065693045275
7460	6.096648185607125e-05
7461	0
7462	0
7463	0
7464	0
7465	0
7466	0
7467	5.896155849296007e-05
7468	0
7469	6.254664983224537e-05
7470	0
7471	0
7472	5.9372962417140353e-05
7473	0
7474	5.896155849296007e-05
7475	0
7476	0
7477	6.0969209642959844e-05
7478	0
7479	5.896155849296007e-05
7480	0
7481	5.896155849296007e-05
7482	5.93763624495716e-05
7483	0
7484	0
7485	0.00020301879757452933
7486	0.00010177194303548954
7487	0
7488	0
7489	0
7490	5.896155849296007e-05
7491	6.254664983224537e-05
7492	0.00012588326349295226
7493	0
7494	0
7495	5.896155849296007e-05
7496	5.93763624495716e-05
7497	8.334597288285511e-05
7498	0
7499	6.323383001329375e-05
7500	0
7501	0
7502	5.896155849296007e-05
7503	5.930068875478436e-05
7504	0
7505	0
7506	5.930068875478436e-05
7507	0
7508	0
7509	5.896155849296007e-05
7510	0
7511	0
7512	0.00010078762411795519
7513	6.015658893938851e-05
7514	8.884359874310358e-05
7515	0
7516	6.523546833670935e-05
7517	5.896155849296007e-05
7518	0
7519	0
7520	0
7521	5.896155849296007e-05
7522	5.896155849296007e-05
7523	0
7524	6.0969209642959844e-05
7525	0
7526	7.010978042106832e-05
7527	0
7528	0
7529	0
7530	0
7531	0
7532	0
7533	0
7534	0
7535	0
7536	0
7537	0
7538	5.896155849296007e-05
7539	5.896155849296007e-05
7540	0
7541	0.00011751805036795324
7542	0
7543	0
7544	7.232215688648113e-05
7545	0
7546	0
7547	0
7548	0
7549	0
7550	6.0395595028674194e-05
7551	0
7552	8.405719786795714e-05
7553	0
7554	0
7555	0
7556	0
7557	5.896155849296007e-05
7558	0
7559	0
7560	0
7561	0
7562	0
7563	5.896155849296007e-05
7564	0
7565	5.896155849296007e-05
7566	5.896155849296007e-05
7567	5.896155849296007e-05
7568	6.0076920242959944e-05
7569	0
7570	0
7571	5.896155849296007e-05
7572	0
7573	0
7574	0
7575	0
7576	0.00012588326349295226
7577	0.0002858119225161208
7578	0
7579	0
7580	0
7581	0
7582	0
7583	0
7584	0
7585	5.896155849296007e-05
7586	6.072948346443749e-05
7587	0
7588	0
7589	0
7590	9.375592487719271e-05
7591	0
7592	0
7593	0
7594	0
7595	0
7596	0
7597	0
7598	0
7599	0.00024278789748296076
7600	0
7601	0
7602	0
7603	5.896155849296007e-05
7604	0
7605	5.896155849296007e-05
7606	5.896155849296007e-05
7607	0
7608	0
7609	0
7610	0
7611	0
7612	0
7613	7.010978042106832e-05
7614	6.282242608911347e-05
7615	0
7616	0
7617	5.896155849296007e-05
7618	5.931501820246708e-05
7619	0
7620	0
7621	9.216840710305045e-05
7622	5.896155849296007e-05
7623	0
7624	0
7625	0
7626	5.896155849296007e-05
7627	0
7628	0
7629	0.00011229365917187118
7630	0
7631	5.896155849296007e-05
7632	0
7633	0
7634	0
7635	0
7636	5.9372962417140353e-05
7637	6.71700389848635e-05
7638	6.613174117153066e-05
7639	0
7640	0
7641	6.0510048648895515e-05
7642	0
7643	0
7644	5.896155849296007e-05
7645	5.896155849296007e-05
7646	0
7647	0
7648	0
7649	0.00011835631369705212
7650	0.00010778837251597705
7651	0
7652	0
7653	5.896155849296007e-05
7654	0
7655	0
7656	0
7657	0.00010302456912921664
7658	0
7659	0
7660	0.00010121029881105476
7661	6.015483068296079e-05
7662	0
7663	0
7664	0
7665	9.660501755545568e-05
7666	0
7667	0
7668	0
7669	0
7670	0
7671	6.314416505545958e-05
7672	0
7673	6.147112243045978e-05
7674	0
7675	5.896155849296007e-05
7676	5.93763624495716e-05
7677	0.00012305939738201807
7678	0
7679	5.896155849296007e-05
7680	0
7681	0
7682	6.015658893938851e-05
7683	0
7684	6.0185736023447736e-05
7685	5.896155849296007e-05
7686	6.031807954025721e-05
7687	0
7688	0
7689	0
7690	0
7691	0
7692	5.896155849296007e-05
7693	8.393230427406059e-05
7694	0
7695	0
7696	5.896155849296007e-05
7697	6.0510048648895515e-05
7698	0.0001117944834929539
7699	0
7700	0
7701	5.896155849296007e-05
7702	5.896155849296007e-05
7703	0
7704	0
7705	0
7706	6.160320474295977e-05
7707	0
7708	0
7709	5.896155849296007e-05
7710	0
7711	0
7712	5.896155849296007e-05
7713	0
7714	0
7715	0
7716	0
7717	8.972512398882185e-05
7718	0
7719	6.314416505545958e-05
7720	0
7721	0
7722	5.896155849296007e-05
7723	0
7724	6.314416505545958e-05
7725	0
7726	6.015483068296079e-05
7727	0
7728	0
7729	5.896155849296007e-05
7730	0
7731	0
7732	0
7733	0
7734	0
7735	0
7736	5.896155849296007e-05
7737	6.135161938581694e-05
7738	0
7739	0
7740	0
7741	0
7742	0
7743	0
7744	0
7745	6.077010903465311e-05
7746	0
7747	5.896155849296007e-05
7748	0
7749	0.0001392234988556646
7750	6.053003595389739e-05
7751	7.170854992153001e-05
7752	0
7753	0
7754	0
7755	0
7756	5.9372962417140353e-05
7757	0
7758	5.896155849296007e-05
7759	0
7760	0
7761	5.896155849296007e-05
7762	0.00016651429867151893
7763	6.398068636795949e-05
7764	0
7765	0
7766	0
7767	5.896155849296007e-05
7768	5.896155849296007e-05
7769	0
7770	0
7771	0
7772	0
7773	5.896155849296007e-05
7774	0
7775	0
7776	7.855620201818418e-05
7777	6.0076920242959944e-05
7778	0
7779	0
7780	0
7781	0
7782	0
7783	0
7784	0.00012086413561795284
7785	0
7786	0
7787	5.896155849296007e-05
7788	0
7789	0
7790	5.896155849296007e-05
7791	0.00010915283724295422
7792	0
7793	0
7794	0
7795	0
7796	0
7797	0
7798	0.00015934411599294833
7799	0
7800	0
7801	0
7802	0
7803	0
7804	0.0002813095749991198
7805	0
7806	5.931501820246708e-05
7807	0
7808	0
7809	0
7810	5.896155849296007e-05
7811	0
7812	5.896155849296007e-05
7813	0
7814	8.405719786795714e-05
7815	0
7816	6.0491724199571474e-05
7817	0.00010973330076546086
7818	5.896155849296007e-05
7819	0
7820	6.73267716179591e-05
7821	0
7822	0
7823	0
7824	0
7825	5.896155849296007e-05
7826	0
7827	7.569198474295812e-05
7828	5.896155849296007e-05
7829	0
7830	6.613174117153066e-05
7831	5.896155849296007e-05
7832	5.896155849296007e-05
7833	0
7834	0
7835	0
7836	0.00010915283724295422
7837	0
7838	0
7839	0
7840	0
7841	0
7842	0.00014398823899630905
7843	9.984027684203562e-05
7844	5.9372962417140353e-05
7845	0
7846	0.00011579201367201684
7847	0
7848	9.405276886113505e-05
7849	0
7850	0
7851	0
7852	6.160320474295977e-05
7853	7.569198474295812e-05
7854	6.770700857818633e-05
7855	0
7856	0
7857	0
7858	0
7859	0
7860	0
7861	6.116776854790487e-05
7862	5.896155849296007e-05
7863	0
7864	0.0001239926775526348
7865	6.053003595389739e-05
7866	0
7867	0
7868	0
7869	0
7870	0.00038303364539022305
7871	0
7872	0
7873	0
7874	0
7875	0
7876	0
7877	5.896155849296007e-05
7878	0
7879	8.405719786795714e-05
7880	6.0185736023447736e-05
7881	0
7882	6.0395595028674194e-05
7883	0
7884	9.852688819483646e-05
7885	0
7886	6.0007210133584954e-05
7887	0
7888	0
7889	0.0002176587078658221
7890	5.896155849296007e-05
7891	9.869632083670542e-05
7892	0
7893	6.910121076568617e-05
7894	7.569198474295812e-05
7895	0
7896	5.896155849296007e-05
7897	5.896155849296007e-05
7898	0
7899	5.896155849296007e-05
7900	5.974579722342873e-05
7901	5.896155849296007e-05
7902	0
7903	0
7904	5.9654148464291366e-05
7905	0
7906	0
7907	0
7908	0
7909	5.998587030418445e-05
7910	0
7911	5.896155849296007e-05
7912	5.896155849296007e-05
7913	0
7914	0
7915	0
7916	0
7917	0
7918	0
7919	6.186905524921894e-05
7920	5.896155849296007e-05
7921	0
7922	0
7923	0
7924	0
7925	0
7926	5.896155849296007e-05
7927	5.896155849296007e-05
7928	5.896155849296007e-05
7929	5.896155849296007e-05
7930	0
7931	6.393778783911335e-05
7932	0
7933	0
7934	0
7935	5.896155849296007e-05
7936	0
7937	6.89998142429589e-05
7938	0
7939	5.896155849296007e-05
7940	5.896155849296007e-05
7941	0
7942	0
7943	0
7944	0
7945	8.405719786795714e-05
7946	0
7947	0
7948	5.896155849296007e-05
7949	0.00017883745924967108
7950	7.360068146170837e-05
7951	0
7952	0
7953	0.00015907221725195098
7954	0
7955	0
7956	5.896155849296007e-05
7957	0
7958	0
7959	0
7960	0
7961	6.766590187978339e-05
7962	5.896155849296007e-05
7963	6.105286177420982e-05
7964	0
7965	0
7966	0
7967	0
7968	9.989597675609066e-05
7969	5.896155849296007e-05
7970	0
7971	0
7972	7.569198474295812e-05
7973	0
7974	9.796661883759802e-05
7975	0
7976	0
7977	0
7978	0
7979	0
7980	0.00020382242342361525
7981	0
7982	5.896155849296007e-05
7983	0
7984	0
7985	5.896155849296007e-05
7986	0
7987	0
7988	0.00022383369120296918
7989	0
7990	0
7991	5.896155849296007e-05
7992	0
7993	5.896155849296007e-05
7994	0
7995	6.096109189916081e-05
7996	0
7997	0
7998	6.015483068296079e-05
7999	6.0076920242959944e-05
8000	6.067463701101102e-05
8001	0
8002	5.896155849296007e-05
8003	5.896155849296007e-05
8004	6.114378800382939e-05
8005	0
8006	9.004881057456801e-05
8007	0
8008	0
8009	0
8010	0
8011	5.896155849296007e-05
8012	0
8013	0
8014	0
8015	7.081227708670869e-05
8016	0.0001165919026563428
8017	0
8018	0
8019	0.00026048647433236813
8020	6.147112243045978e-05
8021	5.896155849296007e-05
8022	0.0004936111599858894
8023	0
8024	0
8025	5.93763624495716e-05
8026	0
8027	0
8028	5.896155849296007e-05
8029	0
8030	0.0001390809398591563
8031	0
8032	0
8033	0
8034	0
8035	0
8036	5.93763624495716e-05
8037	5.896155849296007e-05
8038	0
8039	5.896155849296007e-05
8040	5.896155849296007e-05
8041	0
8042	0
8043	7.150937818045861e-05
8044	8.405719786795714e-05
8045	6.089199229103677e-05
8046	0
8047	0
8048	6.35998169969876e-05
8049	6.89998142429589e-05
8050	0
8051	9.433655981210104e-05
8052	0
8053	0
8054	0
8055	5.896155849296007e-05
8056	0
8057	0
8058	0
8059	0.0001526092607361282
8060	0
8061	0
8062	0
8063	0.00038303364539022305
8064	5.896155849296007e-05
8065	0
8066	0
8067	0
8068	5.896155849296007e-05
8069	0
8070	0
8071	6.613174117153066e-05
8072	0
8073	6.147112243045978e-05
8074	5.930068875478436e-05
8075	0.00016154039974394522
8076	5.896155849296007e-05
8077	0
8078	5.896155849296007e-05
8079	5.939800439513393e-05
8080	0
8081	0
8082	0
8083	0
8084	0
8085	9.827806018045548e-05
8086	0
8087	6.89998142429589e-05
8088	5.896155849296007e-05
8089	0
8090	5.896155849296007e-05
8091	5.896155849296007e-05
8092	0
8093	0
8094	0
8095	5.896155849296007e-05
8096	0
8097	0
8098	5.998587030418445e-05
8099	0
8100	5.930068875478436e-05
8101	5.9893798312973606e-05
8102	0
8103	0
8104	0
8105	5.930068875478436e-05
8106	0.00011042636087565782
8107	5.896155849296007e-05
8108	0
8109	0
8110	5.896155849296007e-05
8111	0.00010915283724295422
8112	0
8113	8.518183625032911e-05
8114	0
8115	0
8116	5.896155849296007e-05
8117	0
8118	0
8119	0.000195328477882837
8120	5.896155849296007e-05
8121	6.015483068296079e-05
8122	0
8123	0
8124	0
8125	0
8126	5.896155849296007e-05
8127	0
8128	6.598560973107067e-05
8129	6.0185736023447736e-05
8130	0
8131	6.352440201568681e-05
8132	0
8133	0
8134	0
8135	0
8136	6.0969209642959844e-05
8137	5.896155849296007e-05
8138	0
8139	0
8140	0
8141	0
8142	0
8143	6.0007210133584954e-05
8144	6.89998142429589e-05
8145	0
8146	5.896155849296007e-05
8147	0
8148	6.053003595389739e-05
8149	0
8150	0
8151	0
8152	0
8153	0.00030376473079632573
8154	0
8155	0
8156	5.896155849296007e-05
8157	0
8158	0
8159	0.0001074565809046725
8160	0
8161	0
8162	0
8163	5.896155849296007e-05
8164	0
8165	0.00010622402208416295
8166	0
8167	6.613174117153066e-05
8168	0
8169	0.00010915283724295422
8170	0
8171	9.891831317644579e-05
8172	6.053003595389739e-05
8173	0
8174	0
8175	0
8176	5.896155849296007e-05
8177	0
8178	5.896155849296007e-05
8179	0
8180	0
8181	0
8182	0
8183	0
8184	5.971549271139589e-05
8185	0
8186	0
8187	0.00013287349629187976
8188	5.931501820246708e-05
8189	6.0779383652815634e-05
8190	0
8191	0.00010204240608670503
8192	0
8193	0
8194	0
8195	0
8196	0
8197	0
8198	0
8199	0
8200	0
8201	0
8202	0
8203	0
8204	6.209851341483471e-05
8205	5.896155849296007e-05
8206	0
8207	6.182458213996679e-05
8208	0
8209	0
8210	0
8211	0
8212	0
8213	7.569198474295812e-05
8214	5.896155849296007e-05
8215	0
8216	5.896155849296007e-05
8217	0
8218	0
8219	0.00013006587005545177
8220	6.453836724295943e-05
8221	0
8222	5.896155849296007e-05
8223	0
8224	0
8225	0
8226	0
8227	7.787421425382743e-05
8228	0
8229	0
8230	0
8231	0.00012588326349295226
8232	0
8233	0
8234	5.896155849296007e-05
8235	5.896155849296007e-05
8236	0
8237	0
8238	5.896155849296007e-05
8239	0
8240	5.896155849296007e-05
8241	0
8242	0
8243	0
8244	0
8245	0.00036422039648935974
8246	0
8247	0
8248	0
8249	5.896155849296007e-05
8250	5.9372962417140353e-05
8251	5.896155849296007e-05
8252	5.896155849296007e-05
8253	0
8254	0
8255	5.896155849296007e-05
8256	5.93763624495716e-05
8257	0
8258	0
8259	6.009925693293574e-05
8260	0
8261	0
8262	5.930068875478436e-05
8263	0
8264	0
8265	5.9372962417140353e-05
8266	7.150937818045861e-05
8267	0
8268	0
8269	0
8270	0
8271	0
8272	0.00010157703128467353
8273	0
8274	0
8275	0
8276	0
8277	0
8278	0
8279	0
8280	0
8281	0
8282	0
8283	5.896155849296007e-05
8284	0
8285	0.00024278789748296076
8286	0
8287	0
8288	5.896155849296007e-05
8289	0
8290	6.323383001329375e-05
8291	0
8292	0
8293	0.00013479459236103507
8294	6.523546833670935e-05
8295	0
8296	6.114378800382939e-05
8297	0
8298	0
8299	6.523546833670935e-05
8300	0
8301	0.00011111546081940715
8302	6.195666445246676e-05
8303	0
8304	0
8305	6.053003595389739e-05
8306	0
8307	5.896155849296007e-05
8308	0
8309	0
8310	0
8311	0
8312	0.00024278789748296076
8313	5.896155849296007e-05
8314	0
8315	5.896155849296007e-05
8316	0
8317	0
8318	0
8319	0.000598144784821797
8320	6.398068636795949e-05
8321	5.93763624495716e-05
8322	0
8323	5.931501820246708e-05
8324	5.896155849296007e-05
8325	5.896155849296007e-05
8326	0
8327	0
8328	0
8329	5.896155849296007e-05
8330	8.405719786795714e-05
8331	0
8332	0
8333	0
8334	5.896155849296007e-05
8335	0
8336	0
8337	9.660501755545568e-05
8338	0
8339	0
8340	0
8341	5.896155849296007e-05
8342	0.0001305209665080216
8343	5.896155849296007e-05
8344	0
8345	5.896155849296007e-05
8346	0
8347	5.896155849296007e-05
8348	0
8349	0
8350	0
8351	0
8352	5.896155849296007e-05
8353	0
8354	0
8355	0
8356	7.569198474295812e-05
8357	0
8358	0.00010169503983448523
8359	0
8360	5.896155849296007e-05
8361	0
8362	6.204881329025701e-05
8363	0
8364	0.00020314927585248852
8365	0
8366	0.00016120625939541295
8367	0
8368	0
8369	0
8370	0
8371	0.00024278789748296076
8372	5.896155849296007e-05
8373	6.147112243045978e-05
8374	0
8375	0
8376	0
8377	7.767901145114624e-05
8378	0.00010915283724295422
8379	5.896155849296007e-05
8380	5.896155849296007e-05
8381	0
8382	0
8383	9.479664757796366e-05
8384	0
8385	6.453836724295943e-05
8386	0
8387	5.896155849296007e-05
8388	0
8389	6.041605050478423e-05
8390	0
8391	0
8392	0.0003882741865088831
8393	5.998587030418445e-05
8394	5.896155849296007e-05
8395	0
8396	7.150937818045861e-05
8397	0
8398	0
8399	0
8400	0
8401	0
8402	0
8403	6.0395595028674194e-05
8404	0
8405	0
8406	0
8407	0
8408	0
8409	0
8410	5.974579722342873e-05
8411	0
8412	0
8413	7.778328802420787e-05
8414	0
8415	0
8416	0
8417	0
8418	0
8419	0
8420	0
8421	5.974579722342873e-05
8422	0
8423	0
8424	0
8425	5.896155849296007e-05
8426	6.0007210133584954e-05
8427	0.00015490332160250528
8428	0
8429	0
8430	5.93763624495716e-05
8431	8.280100112075507e-05
8432	0
8433	0
8434	0
8435	7.41510244304583e-05
8436	0
8437	0
8438	0
8439	5.896155849296007e-05
8440	5.896155849296007e-05
8441	0.00010286284662077123
8442	0
8443	0
8444	0.0002454945690229163
8445	0
8446	5.896155849296007e-05
8447	0.00011034187240950627
8448	0
8449	0
8450	0
8451	5.896155849296007e-05
8452	0
8453	0
8454	0
8455	0
8456	6.254664983224537e-05
8457	0
8458	0
8459	0.00011951615059558404
8460	5.896155849296007e-05
8461	0
8462	6.0969209642959844e-05
8463	5.896155849296007e-05
8464	5.896155849296007e-05
8465	5.930068875478436e-05
8466	0
8467	0.00013007516406920002
8468	0
8469	6.73267716179591e-05
8470	0
8471	0.00026342252264710574
8472	0
8473	0
8474	0
8475	5.896155849296007e-05
8476	5.896155849296007e-05
8477	5.896155849296007e-05
8478	5.896155849296007e-05
8479	0
8480	5.896155849296007e-05
8481	0
8482	0
8483	0
8484	5.896155849296007e-05
8485	5.896155849296007e-05
8486	0
8487	7.150937818045861e-05
8488	8.405719786795714e-05
8489	0
8490	5.896155849296007e-05
8491	0
8492	5.896155849296007e-05
8493	0
8494	0
8495	0
8496	7.569198474295812e-05
8497	0
8498	0
8499	0.00011665151058620666
8500	5.93763624495716e-05
8501	5.896155849296007e-05
8502	0
8503	8.655484123277966e-05
8504	5.896155849296007e-05
8505	6.094483991050892e-05
8506	0.00023494313395976398
8507	5.974579722342873e-05
8508	5.896155849296007e-05
8509	5.896155849296007e-05
8510	0
8511	0
8512	0
8513	0
8514	5.896155849296007e-05
8515	5.9372962417140353e-05
8516	0
8517	5.896155849296007e-05
8518	0
8519	0
8520	0
8521	5.896155849296007e-05
8522	0
8523	0
8524	0
8525	7.569198474295812e-05
8526	0
8527	0
8528	5.896155849296007e-05
8529	5.896155849296007e-05
8530	0.00010915283724295422
8531	5.896155849296007e-05
8532	0
8533	0
8534	5.896155849296007e-05
8535	6.359459960834415e-05
8536	0
8537	6.282242608911347e-05
8538	0
8539	0
8540	6.613174117153066e-05
8541	0
8542	0
8543	0
8544	0
8545	0
8546	0
8547	0
8548	0
8549	0
8550	7.32401119304584e-05
8551	0
8552	0
8553	0
8554	0
8555	0
8556	0
8557	5.9478994356362076e-05
8558	0
8559	0.00012170065693045275
8560	0
8561	0
8562	0
8563	0
8564	0
8565	5.896155849296007e-05
8566	0
8567	0
8568	0
8569	0
8570	5.896155849296007e-05
8571	0
8572	0
8573	5.939800439513393e-05
8574	5.896155849296007e-05
8575	6.73267716179591e-05
8576	0.0001010819509673363
8577	0
8578	0
8579	0
8580	0
8581	0
8582	5.896155849296007e-05
8583	0
8584	7.569198474295812e-05
8585	5.896155849296007e-05
8586	5.896155849296007e-05
8587	0
8588	0
8589	5.896155849296007e-05
8590	7.797340650432149e-05
8591	5.896155849296007e-05
8592	0
8593	0
8594	0.00017310382140432395
8595	0
8596	0
8597	5.896155849296007e-05
8598	0.0001254650028367023
8599	7.778187324575565e-05
8600	0
8601	7.150937818045861e-05
8602	0
8603	0
8604	0
8605	0
8606	5.896155849296007e-05
8607	5.896155849296007e-05
8608	0.00010784353860865344
8609	0
8610	0.00018065707405774055
8611	0
8612	0
8613	0.0001554781495648254
8614	5.93763624495716e-05
8615	5.896155849296007e-05
8616	0
8617	0
8618	5.939800439513393e-05
8619	0.0004311303416668834
8620	0
8621	0
8622	0
8623	0
8624	5.939800439513393e-05
8625	5.896155849296007e-05
8626	0
8627	5.896155849296007e-05
8628	0.00024278789748296076
8629	0
8630	0
8631	5.896155849296007e-05
8632	8.405719786795714e-05
8633	0
8634	9.03585460802179e-05
8635	0
8636	0
8637	9.405276886113505e-05
8638	6.809894513718978e-05
8639	0
8640	0.00039944838895777365
8641	0.00013479868974556144
8642	0
8643	5.896155849296007e-05
8644	0
8645	0
8646	7.343981197853531e-05
8647	7.14959580524506e-05
8648	0
8649	0
8650	6.73267716179591e-05
8651	0
8652	0
8653	0
8654	0
8655	0
8656	0
8657	5.896155849296007e-05
8658	9.017023822853333e-05
8659	0
8660	5.896155849296007e-05
8661	6.453836724295943e-05
8662	6.523546833670935e-05
8663	0
8664	5.896155849296007e-05
8665	0
8666	0
8667	5.896155849296007e-05
8668	0
8669	5.896155849296007e-05
8670	5.991544025853594e-05
8671	5.896155849296007e-05
8672	6.015483068296079e-05
8673	0
8674	0
8675	0
8676	0
8677	0
8678	0.00024278789748296076
8679	0
8680	0
8681	5.896155849296007e-05
8682	7.75016215011927e-05
8683	0
8684	0
8685	0
8686	5.896155849296007e-05
8687	5.939800439513393e-05
8688	5.93763624495716e-05
8689	6.114378800382939e-05
8690	5.896155849296007e-05
8691	5.896155849296007e-05
8692	0.00011697660344545337
8693	0.00017198695605861807
8694	0.0001770177320020569
8695	5.930068875478436e-05
8696	5.896155849296007e-05
8697	0
8698	5.896155849296007e-05
8699	5.896155849296007e-05
8700	7.010978042106832e-05
8701	6.942554383949904e-05
8702	0.0003244497540664164
8703	0
8704	5.896155849296007e-05
8705	5.9478994356362076e-05
8706	0
8707	0
8708	0
8709	0
8710	0.00010952445688234668
8711	0
8712	5.896155849296007e-05
8713	0
8714	0
8715	0.0004910576743559772
8716	0
8717	0
8718	5.9372962417140353e-05
8719	5.896155849296007e-05
8720	0
8721	6.314416505545958e-05
8722	0
8723	0
8724	6.398068636795949e-05
8725	5.896155849296007e-05
8726	0
8727	0
8728	0
8729	5.896155849296007e-05
8730	6.613174117153066e-05
8731	0
8732	7.987459130545763e-05
8733	6.0849093762190625e-05
8734	7.905051941967507e-05
8735	0
8736	0
8737	0
8738	0
8739	0
8740	0
8741	0
8742	0
8743	0
8744	0
8745	0
8746	0
8747	0
8748	7.578823757748545e-05
8749	5.896155849296007e-05
8750	7.150937818045861e-05
8751	0
8752	0
8753	0
8754	0
8755	0.00036714626421896696
8756	0.0001118036669934255
8757	7.369160769132792e-05
8758	0
8759	0
8760	0
8761	5.896155849296007e-05
8762	5.896155849296007e-05
8763	0
8764	5.896155849296007e-05
8765	0
8766	0
8767	5.9478994356362076e-05
8768	0
8769	0
8770	0.00014817722196156888
8771	0
8772	0
8773	7.150937818045861e-05
8774	0.0005051955011525761
8775	6.523546833670935e-05
8776	0
8777	0
8778	7.150937818045861e-05
8779	0
8780	0.00012392886713048047
8781	0
8782	0
8783	0
8784	5.896155849296007e-05
8785	0
8786	5.896155849296007e-05
8787	5.9372962417140353e-05
8788	0
8789	6.523546833670935e-05
8790	0
8791	0
8792	0
8793	5.896155849296007e-05
8794	0
8795	7.202602090438474e-05
8796	5.896155849296007e-05
8797	5.896155849296007e-05
8798	0
8799	5.896155849296007e-05
8800	0
8801	6.613174117153066e-05
8802	0.00021225281513883505
8803	0
8804	5.896155849296007e-05
8805	9.56388333913091e-05
8806	0
8807	0
8808	0
8809	0
8810	0
8811	9.158588968045626e-05
8812	5.939800439513393e-05
8813	0
8814	0
8815	5.896155849296007e-05
8816	0
8817	0
8818	0
8819	5.896155849296007e-05
8820	0
8821	0
8822	0
8823	0
8824	0
8825	0.00011023286065756605
8826	0.00020270904050046732
8827	5.896155849296007e-05
8828	7.822579672145378e-05
8829	0
8830	5.896155849296007e-05
8831	0
8832	0
8833	5.896155849296007e-05
8834	0
8835	5.931501820246708e-05
8836	0
8837	6.015483068296079e-05
8838	7.987459130545763e-05
8839	0.00013390026767163936
8840	0
8841	0
8842	0
8843	0
8844	6.73267716179591e-05
8845	0
8846	7.150937818045861e-05
8847	0
8848	7.159767623527294e-05
8849	0
8850	0
8851	0
8852	0
8853	0
8854	0
8855	0
8856	0
8857	0
8858	0
8859	0.00011133123179816445
8860	5.896155849296007e-05
8861	5.931501820246708e-05
8862	5.896155849296007e-05
8863	0
8864	6.089199229103677e-05
8865	0
8866	7.150937818045861e-05
8867	0
8868	0.0001168850271504423
8869	0
8870	0
8871	0
8872	0
8873	5.998587030418445e-05
8874	0
8875	0
8876	6.73267716179591e-05
8877	0.00017221733313178389
8878	5.896155849296007e-05
8879	0
8880	0
8881	0
8882	0
8883	0.00022257077547046145
8884	0
8885	5.896155849296007e-05
8886	0
8887	0
8888	0
8889	0
8890	0
8891	0
8892	0
8893	0
8894	0.00024278789748296076
8895	0
8896	0
8897	0
8898	0
8899	5.9372962417140353e-05
8900	5.896155849296007e-05
8901	0
8902	0.00010915283724295422
8903	6.73267716179591e-05
8904	8.570090011911617e-05
8905	0
8906	0
8907	6.015658893938851e-05
8908	5.930068875478436e-05
8909	5.930068875478436e-05
8910	0
8911	0.00011124414052420396
8912	0.00010915283724295422
8913	0
8914	0
8915	0
8916	0
8917	0
8918	0
8919	0.00012588326349295226
8920	0
8921	0
8922	0
8923	5.896155849296007e-05
8924	0
8925	0
8926	5.896155849296007e-05
8927	0
8928	0
8929	9.561475565271943e-05
8930	8.609841902544345e-05
8931	6.015483068296079e-05
8932	5.973373201219075e-05
8933	0
8934	0
8935	0
8936	0
8937	0
8938	0
8939	0
8940	0
8941	0
8942	5.896155849296007e-05
8943	0
8944	0
8945	0.0003062235642654339
8946	0
8947	0
8948	0.00044921010890526633
8949	0
8950	0
8951	6.0969209642959844e-05
8952	0.00044003686033077563
8953	5.896155849296007e-05
8954	5.896155849296007e-05
8955	9.666180278081027e-05
8956	5.896155849296007e-05
8957	0
8958	0
8959	5.896155849296007e-05
8960	0
8961	0
8962	0
8963	0
8964	5.896155849296007e-05
8965	5.896155849296007e-05
8966	5.939800439513393e-05
8967	0
8968	0.00018610914046677878
8969	6.053003595389739e-05
8970	0
8971	0
8972	0
8973	0
8974	0
8975	0
8976	5.896155849296007e-05
8977	5.896155849296007e-05
8978	5.896155849296007e-05
8979	0
8980	5.896155849296007e-05
8981	6.864130510903038e-05
8982	5.896155849296007e-05
8983	0
8984	0
8985	5.896155849296007e-05
8986	0
8987	0
8988	0
8989	0
8990	5.896155849296007e-05
8991	6.059435610636195e-05
8992	5.896155849296007e-05
8993	0
8994	0
8995	7.86795608590292e-05
8996	0
8997	0
8998	0
8999	0
9000	0
9001	9.405276886113505e-05
9002	0
9003	0
9004	0
9005	0
9006	0
9007	6.072948346443749e-05
9008	0
9009	0
9010	5.998587030418445e-05
9011	0
9012	0
9013	0
9014	0
9015	0
9016	0
9017	5.896155849296007e-05
9018	0
9019	0
9020	0
9021	0
9022	0
9023	0.0003601092309929249
9024	0
9025	0.00027039461938659955
9026	0.00010254875362779073
9027	9.401038934963697e-05
9028	6.89998142429589e-05
9029	6.086916621572168e-05
9030	5.896155849296007e-05
9031	0
9032	8.405719786795714e-05
9033	0
9034	5.93763624495716e-05
9035	0
9036	0
9037	0
9038	0
9039	0
9040	0
9041	0
9042	0
9043	5.930068875478436e-05
9044	0
9045	0
9046	5.896155849296007e-05
9047	0
9048	5.896155849296007e-05
9049	0
9050	0
9051	6.453836724295943e-05
9052	0
9053	0
9054	5.896155849296007e-05
9055	5.931501820246708e-05
9056	7.912770399888518e-05
9057	0
9058	0
9059	0
9060	6.110369616714016e-05
9061	0
9062	5.896155849296007e-05
9063	0
9064	0
9065	0
9066	0
9067	0
9068	0.0001034391636881909
9069	0
9070	0
9071	0.00019612868466075865
9072	0.0001325949288343733
9073	5.930068875478436e-05
9074	0
9075	0
9076	0
9077	5.896155849296007e-05
9078	5.896155849296007e-05
9079	0
9080	0
9081	0
9082	0
9083	8.60648490179569e-05
9084	6.73267716179591e-05
9085	0
9086	0
9087	0
9088	0
9089	0.00021628890876012038
9090	0.0002079723597088087
9091	0
9092	0
9093	0
9094	0
9095	0
9096	0
9097	0
9098	7.940486068837075e-05
9099	5.896155849296007e-05
9100	7.569198474295812e-05
9101	0.00024278789748296076
9102	0
9103	0
9104	5.896155849296007e-05
9105	6.089199229103677e-05
9106	0
9107	0
9108	5.896155849296007e-05
9109	0
9110	7.569198474295812e-05
9111	0
9112	0
9113	7.18485084422829e-05
9114	0
9115	0
9116	0
9117	5.896155849296007e-05
9118	0
9119	0
9120	5.998587030418445e-05
9121	0
9122	0
9123	0
9124	0
9125	0
9126	0
9127	0
9128	5.896155849296007e-05
9129	5.896155849296007e-05
9130	0
9131	5.896155849296007e-05
9132	0
9133	0
9134	9.409545361795597e-05
9135	5.896155849296007e-05
9136	0
9137	0
9138	0.0002206462461061837
9139	0
9140	0
9141	0
9142	0
9143	0
9144	0
9145	0
9146	6.209851341483471e-05
9147	6.453836724295943e-05
9148	6.0969209642959844e-05
9149	5.896155849296007e-05
9150	0
9151	5.896155849296007e-05
9152	0
9153	0
9154	0
9155	0
9156	0
9157	0
9158	5.896155849296007e-05
9159	0
9160	5.896155849296007e-05
9161	0
9162	0
9163	0
9164	5.896155849296007e-05
9165	0
9166	0
9167	5.896155849296007e-05
9168	0
9169	0
9170	0
9171	5.93763624495716e-05
9172	0
9173	0
9174	0
9175	0
9176	0
9177	0
9178	0.00010915283724295422
9179	9.158588968045626e-05
9180	0
9181	0
9182	5.896155849296007e-05
9183	0.00010286284662077123
9184	5.896155849296007e-05
9185	0
9186	0.00024278789748296076
9187	0
9188	6.0076920242959944e-05
9189	5.896155849296007e-05
9190	0.0002504579481416588
9191	0
9192	0
9193	0
9194	0
9195	0
9196	0.00024278789748296076
9197	0
9198	0
9199	5.930068875478436e-05
9200	5.896155849296007e-05
9201	0
9202	0
9203	0
9204	5.9372962417140353e-05
9205	0
9206	0.0002504342586387786
9207	6.031807954025721e-05
9208	7.569198474295812e-05
9209	5.896155849296007e-05
9210	9.39538489921868e-05
9211	5.896155849296007e-05
9212	0
9213	7.569198474295812e-05
9214	0
9215	0.0001269444870393977
9216	5.896155849296007e-05
9217	5.896155849296007e-05
9218	7.192069806817839e-05
9219	0
9220	0
9221	5.931501820246708e-05
9222	0
9223	0
9224	6.0849093762190625e-05
9225	0
9226	5.896155849296007e-05
9227	0
9228	0
9229	5.896155849296007e-05
9230	0
9231	0
9232	0
9233	5.896155849296007e-05
9234	0
9235	0
9236	0
9237	0
9238	5.896155849296007e-05
9239	0
9240	0
9241	0
9242	0
9243	0.00021225281513883505
9244	0
9245	8.405719786795714e-05
9246	0
9247	0
9248	0.000320348614219751
9249	0
9250	0
9251	0
9252	0
9253	0
9254	0
9255	0
9256	0
9257	5.896155849296007e-05
9258	0.00016960691657735616
9259	0
9260	5.896155849296007e-05
9261	6.0076920242959944e-05
9262	5.9372962417140353e-05
9263	6.159643996383045e-05
9264	0
9265	6.523546833670935e-05
9266	0
9267	5.9372962417140353e-05
9268	0
9269	0
9270	0.00026074285812641704
9271	6.523546833670935e-05
9272	0
9273	6.482095065507652e-05
9274	0
9275	0
9276	7.202681404386062e-05
9277	6.0007210133584954e-05
9278	0
9279	0
9280	0
9281	0
9282	0.0002597266734929366
9283	6.254664983224537e-05
9284	0
9285	0
9286	0
9287	5.896155849296007e-05
9288	0
9289	0
9290	0
9291	0
9292	0
9293	0
9294	5.896155849296007e-05
9295	0
9296	5.896155849296007e-05
9297	0
9298	0
9299	0
9300	0
9301	5.896155849296007e-05
9302	0
9303	6.114378800382939e-05
9304	0
9305	0
9306	0
9307	0
9308	7.150937818045861e-05
9309	0
9310	0
9311	0
9312	5.896155849296007e-05
9313	0
9314	0
9315	5.896155849296007e-05
9316	0.00033194508797578675
9317	0
9318	5.896155849296007e-05
9319	0
9320	0
9321	0
9322	6.031807954025721e-05
9323	5.931501820246708e-05
9324	0
9325	0
9326	0
9327	0
9328	0
9329	0
9330	0
9331	0
9332	0
9333	9.119188165798951e-05
9334	0
9335	0
9336	5.896155849296007e-05
9337	7.569198474295812e-05
9338	8.439107488772382e-05
9339	0
9340	7.842713464173549e-05
9341	0
9342	0
9343	6.152064322065767e-05
9344	0
9345	0
9346	6.455430098224513e-05
9347	0
9348	0
9349	5.896155849296007e-05
9350	0
9351	0.00022297074411823265
9352	0
9353	0
9354	5.930068875478436e-05
9355	0.00016510897637608542
9356	0
9357	5.896155849296007e-05
9358	0
9359	0
9360	0
9361	0
9362	6.453836724295943e-05
9363	0
9364	0
9365	9.881492929084108e-05
9366	7.569198474295812e-05
9367	0
9368	0
9369	0
9370	0
9371	7.36327700530788e-05
9372	0
9373	5.9372962417140353e-05
9374	8.21934428129923e-05
9375	5.896155849296007e-05
9376	0
9377	6.613174117153066e-05
9378	5.896155849296007e-05
9379	6.0076920242959944e-05
9380	0
9381	0
9382	0
9383	7.150937818045861e-05
9384	0.00016096425214885937
9385	0
9386	0.0001517057714929629
9387	0
9388	0
9389	0
9390	5.939800439513393e-05
9391	0
9392	0.00010154014497884228
9393	5.9372962417140353e-05
9394	0
9395	6.519474152997623e-05
9396	0
9397	0
9398	0
9399	0
9400	0
9401	5.896155849296007e-05
9402	0
9403	5.896155849296007e-05
9404	0
9405	0
9406	0
9407	5.896155849296007e-05
9408	5.896155849296007e-05
9409	5.896155849296007e-05
9410	0.00011040761921170406
9411	0
9412	0
9413	0
9414	6.015483068296079e-05
9415	0.00014000736386924711
9416	0.00024278789748296076
9417	0
9418	0
9419	5.896155849296007e-05
9420	0
9421	5.896155849296007e-05
9422	6.0779383652815634e-05
9423	6.89998142429589e-05
9424	0
9425	0
9426	0
9427	0
9428	0
9429	0
9430	5.991544025853594e-05
9431	0
9432	0
9433	5.896155849296007e-05
9434	0
9435	5.931501820246708e-05
9436	5.930068875478436e-05
9437	8.405719786795714e-05
9438	5.896155849296007e-05
9439	6.314416505545958e-05
9440	7.214402945419641e-05
9441	0
9442	0
9443	0
9444	5.9372962417140353e-05
9445	0
9446	0
9447	0
9448	0
9449	7.736502736795792e-05
9450	0
9451	0
9452	0
9453	9.267466722928108e-05
9454	0
9455	5.896155849296007e-05
9456	5.896155849296007e-05
9457	0
9458	0
9459	5.896155849296007e-05
9460	0
9461	0
9462	0
9463	5.991544025853594e-05
9464	5.939800439513393e-05
9465	5.93763624495716e-05
9466	5.896155849296007e-05
9467	0
9468	0
9469	0
9470	0
9471	0
9472	5.896155849296007e-05
9473	0
9474	9.116284259197877e-05
9475	5.939800439513393e-05
9476	6.809894513718978e-05
9477	9.99123361416628e-05
9478	0
9479	0
9480	0
9481	6.523546833670935e-05
9482	0
9483	0
9484	0
9485	6.613174117153066e-05
9486	5.896155849296007e-05
9487	0
9488	6.015658893938851e-05
9489	6.053003595389739e-05
9490	0
9491	8.209125765055397e-05
9492	0
9493	5.896155849296007e-05
9494	0
9495	0
9496	6.015483068296079e-05
9497	0.00038165061817784743
9498	0
9499	7.86795608590292e-05
9500	5.896155849296007e-05
9501	0
9502	0
9503	0
9504	0
9505	5.896155849296007e-05
9506	0
9507	6.983691829291946e-05
9508	5.896155849296007e-05
9509	0
9510	6.031807954025721e-05
9511	0
9512	5.896155849296007e-05
9513	0
9514	5.896155849296007e-05
9515	0
9516	8.405719786795714e-05
9517	0
9518	0
9519	6.015658893938851e-05
9520	0
9521	5.9372962417140353e-05
9522	0
9523	5.9372962417140353e-05
9524	0
9525	5.931501820246708e-05
9526	0
9527	6.254664983224537e-05
9528	0.00012170065693045275
9529	5.896155849296007e-05
9530	0
9531	5.930068875478436e-05
9532	5.9372962417140353e-05
9533	0
9534	6.89998142429589e-05
9535	0
9536	0
9537	6.147112243045978e-05
9538	0
9539	0
9540	0
9541	8.077098129403288e-05
9542	0.0005469865452593524
9543	0
9544	0
9545	5.896155849296007e-05
9546	8.126879349295747e-05
9547	0.00024278789748296076
9548	5.896155849296007e-05
9549	0
9550	0
9551	0
9552	0
9553	0
9554	0
9555	0
9556	0.00012601428194733896
9557	0.00026451869398346704
9558	0
9559	5.896155849296007e-05
9560	5.896155849296007e-05
9561	6.207896976687898e-05
9562	7.945633064920767e-05
9563	0
9564	0
9565	0
9566	5.896155849296007e-05
9567	6.147112243045978e-05
9568	0
9569	6.031807954025721e-05
9570	5.896155849296007e-05
9571	0
9572	0.00027420707106829074
9573	0
9574	5.896155849296007e-05
9575	0
9576	5.896155849296007e-05
9577	0
9578	5.896155849296007e-05
9579	0
9580	0
9581	0.00013030428821771386
9582	0
9583	0
9584	0
9585	0
9586	0
9587	5.896155849296007e-05
9588	0
9589	0.00017540960024665258
9590	0
9591	0
9592	0
9593	5.896155849296007e-05
9594	0
9595	5.931501820246708e-05
9596	8.348813558757472e-05
9597	0
9598	0
9599	0
9600	5.896155849296007e-05
9601	0
9602	0
9603	7.150937818045861e-05
9604	0
9605	5.9372962417140353e-05
9606	0.00034381803340385376
9607	0
9608	0
9609	5.93763624495716e-05
9610	0
9611	0
9612	0
9613	0
9614	0
9615	0
9616	0
9617	0
9618	0
9619	0
9620	0
9621	5.93763624495716e-05
9622	0
9623	6.033933001369144e-05
9624	0.00010915283724295422
9625	5.896155849296007e-05
9626	0
9627	0
9628	0
9629	6.73267716179591e-05
9630	5.973373201219075e-05
9631	0
9632	0
9633	8.154763393045744e-05
9634	0
9635	0
9636	0
9637	0
9638	6.110369616714016e-05
9639	0
9640	5.896155849296007e-05
9641	0
9642	6.053003595389739e-05
9643	0
9644	6.297141237591045e-05
9645	0
9646	5.896155849296007e-05
9647	0
9648	0
9649	0
9650	5.896155849296007e-05
9651	5.930068875478436e-05
9652	0
9653	0
9654	0
9655	0
9656	5.896155849296007e-05
9657	0
9658	0
9659	0.0001378520847544856
9660	6.053003595389739e-05
9661	0
9662	0
9663	0
9664	0
9665	0
9666	5.896155849296007e-05
9667	5.896155849296007e-05
9668	6.015483068296079e-05
9669	0.00023450687392762256
9670	6.766798425858406e-05
9671	0
9672	6.73267716179591e-05
9673	5.896155849296007e-05
9674	0
9675	0
9676	0
9677	0
9678	0
9679	0
9680	0
9681	0
9682	5.930068875478436e-05
9683	5.896155849296007e-05
9684	0.0001378520847544856
9685	5.930068875478436e-05
9686	5.896155849296007e-05
9687	5.896155849296007e-05
9688	0
9689	0
9690	5.896155849296007e-05
9691	0
9692	0
9693	9.03585460802179e-05
9694	0
9695	0
9696	6.523546833670935e-05
9697	5.939800439513393e-05
9698	0
9699	7.010978042106832e-05
9700	0.0001903581824365641
9701	0
9702	0
9703	5.896155849296007e-05
9704	5.896155849296007e-05
9705	6.453836724295943e-05
9706	6.015483068296079e-05
9707	5.9372962417140353e-05
9708	0
9709	0
9710	0.00037265705068042343
9711	0
9712	0
9713	0
9714	0.00015271277541637529
9715	0
9716	0
9717	0
9718	0
9719	5.9478994356362076e-05
9720	0.00010286284662077123
9721	0
9722	5.896155849296007e-05
9723	5.896155849296007e-05
9724	0
9725	5.896155849296007e-05
9726	6.116776854790487e-05
9727	0
9728	0
9729	0
9730	0
9731	7.307785564139593e-05
9732	0.00015858196764475868
9733	9.242241099295616e-05
9734	0
9735	0
9736	0
9737	0
9738	6.254664983224537e-05
9739	5.896155849296007e-05
9740	0
9741	6.333986195251546e-05
9742	0
9743	0
9744	0
9745	5.974579722342873e-05
9746	0
9747	0
9748	0
9749	0
9750	0
9751	0
9752	0.00011043791041751672
9753	9.34182696983132e-05
9754	0
9755	0
9756	0
9757	0
9758	0
9759	5.896155849296007e-05
9760	0
9761	0
9762	0
9763	0
9764	0.0007992829200553736
9765	0
9766	8.420767765151395e-05
9767	0.00010915283724295422
9768	0
9769	0
9770	0
9771	0
9772	8.837923666274168e-05
9773	9.03311077117064e-05
9774	0
9775	6.089199229103677e-05
9776	5.896155849296007e-05
9777	0
9778	0
9779	0
9780	5.93763624495716e-05
9781	0
9782	0
9783	5.896155849296007e-05
9784	0
9785	0
9786	8.219386100418961e-05
9787	0
9788	0
9789	0
9790	5.896155849296007e-05
9791	6.015658893938851e-05
9792	5.896155849296007e-05
9793	0
9794	0.00024059155402428794
9795	0
9796	0
9797	6.053003595389739e-05
9798	0
9799	7.457662299295825e-05
9800	6.0969209642959844e-05
9801	0
9802	0.0002638657856659408
9803	0
9804	0
9805	0
9806	0
9807	0.00029488747434598266
9808	0.00024278789748296076
9809	0
9810	0
9811	6.130339621521705e-05
9812	0
9813	0
9814	0
9815	6.523546833670935e-05
9816	0
9817	0
9818	0
9819	6.439549032457101e-05
9820	0
9821	0
9822	0
9823	0
9824	0
9825	5.896155849296007e-05
9826	0
9827	0.00013424847661795128
9828	0
9829	0.0005745862750253473
9830	0
9831	5.939800439513393e-05
9832	0
9833	0
9834	5.930068875478436e-05
9835	0
9836	0
9837	0
9838	0
9839	5.931501820246708e-05
9840	6.0969209642959844e-05
9841	0
9842	0
9843	5.896155849296007e-05
9844	5.896155849296007e-05
9845	0
9846	0
9847	0
9848	0
9849	5.896155849296007e-05
9850	6.33342835355732e-05
9851	0
9852	5.896155849296007e-05
9853	5.989039828054236e-05
9854	0.00020617419301921532
9855	0
9856	5.896155849296007e-05
9857	0
9858	5.896155849296007e-05
9859	5.896155849296007e-05
9860	5.896155849296007e-05
9861	5.939800439513393e-05
9862	5.896155849296007e-05
9863	0
9864	8.405719786795714e-05
9865	0
9866	5.931501820246708e-05
9867	5.896155849296007e-05
9868	5.896155849296007e-05
9869	6.0849093762190625e-05
9870	6.398068636795949e-05
9871	5.896155849296007e-05
9872	0
9873	0
9874	0
9875	0
9876	0
9877	5.931501820246708e-05
9878	0
9879	5.896155849296007e-05
9880	7.569198474295812e-05
9881	5.939800439513393e-05
9882	0
9883	0.00028567025739991846
9884	0
9885	0.00011377540596435457
9886	0
9887	6.453836724295943e-05
9888	0.00024278789748296076
9889	0.0002978791010053682
9890	0
9891	0
9892	5.930068875478436e-05
9893	0
9894	8.938262658654179e-05
9895	0
9896	5.896155849296007e-05
9897	0
9898	0
9899	5.896155849296007e-05
9900	0
9901	0.00012588326349295226
9902	0
9903	0
9904	5.896155849296007e-05
9905	0
9906	0
9907	0
9908	5.931501820246708e-05
9909	0
9910	0
9911	7.786096588738494e-05
9912	0
9913	0
9914	5.998587030418445e-05
9915	0
9916	0
9917	5.998587030418445e-05
9918	0
9919	0
9920	0
9921	0
9922	0
9923	0.00022932795378555388
9924	0
9925	5.896155849296007e-05
9926	0
9927	0
9928	0
9929	7.457662299295825e-05
9930	0
9931	0.00033489126563470355
9932	0
9933	0
9934	6.031807954025721e-05
9935	0.00024278789748296076
9936	0
9937	5.896155849296007e-05
9938	0
9939	0
9940	5.896155849296007e-05
9941	0.00011745071221019454
9942	6.314416505545958e-05
9943	0
9944	0.0002724599489287827
9945	0.0003397624837509745
9946	0
9947	0
9948	5.896155849296007e-05
9949	0.00010377520023402627
9950	0
9951	0
9952	0
9953	0.0003062235642654339
9954	0
9955	0.00032886037017132284
9956	5.896155849296007e-05
9957	0
9958	0
9959	0
9960	8.106786349545835e-05
9961	5.896155849296007e-05
9962	5.974579722342873e-05
9963	7.569198474295812e-05
9964	5.896155849296007e-05
9965	0
9966	0
9967	0
9968	0
9969	0
9970	0
9971	0.00010915283724295422
9972	0
9973	5.896155849296007e-05
9974	5.896155849296007e-05
9975	5.896155849296007e-05
9976	6.0779383652815634e-05
9977	0
9978	0
9979	0
9980	0
9981	0
9982	8.089141758638685e-05
9983	5.896155849296007e-05
9984	0
9985	6.089199229103677e-05
9986	0
9987	6.99495088769619e-05
9988	0
9989	5.896155849296007e-05
9990	0.00011068018471285419
9991	0
9992	0
9993	0
9994	6.744010174289482e-05
9995	0
9996	9.232923492156265e-05
9997	0
9998	0
9999	5.9372962417140353e-05
10000	0
10001	0
10002	6.402146877619365e-05
10003	0
10004	0
10005	0
10006	0
10007	0
10008	0
10009	0
10010	6.509287947662413e-05
10011	0
10012	0
10013	5.896155849296007e-05
10014	5.896155849296007e-05
10015	0
10016	0.0001378520847544856
10017	5.896155849296007e-05
10018	0.0004646066739607825
10019	0
10020	7.660849157601038e-05
10021	0
10022	0
10023	8.06225275630486e-05
10024	0
10025	0.00024749154392668166
10026	7.569198474295812e-05
10027	5.896155849296007e-05
10028	0
10029	0
10030	0
10031	5.896155849296007e-05
10032	7.569198474295812e-05
10033	6.89998142429589e-05
10034	0
10035	5.896155849296007e-05
10036	5.896155849296007e-05
10037	0
10038	5.896155849296007e-05
10039	5.896155849296007e-05
10040	0
10041	6.124298025432344e-05
10042	6.053003595389739e-05
10043	0
10044	0.0001002575534331662
10045	5.896155849296007e-05
10046	5.93763624495716e-05
10047	0
10048	6.015483068296079e-05
10049	6.73267716179591e-05
10050	0
10051	0
10052	5.896155849296007e-05
10053	5.896155849296007e-05
10054	0.0002793430559341035
10055	5.931501820246708e-05
10056	0
10057	0
10058	0
10059	0
10060	5.931501820246708e-05
10061	0
10062	0
10063	5.896155849296007e-05
10064	6.015483068296079e-05
10065	0
10066	0.00014417580489850746
10067	0
10068	0
10069	0.0002070999790931227
10070	0
10071	0
10072	0
10073	0
10074	8.513635583167078e-05
10075	0
10076	0
10077	7.569198474295812e-05
10078	0
10079	0
10080	0
10081	0
10082	6.906096575408822e-05
10083	6.662233261795918e-05
10084	0
10085	5.896155849296007e-05
10086	0
10087	8.405719786795714e-05
10088	5.896155849296007e-05
10089	0
10090	0.00024278789748296076
10091	0
10092	0
10093	0
10094	0.00010915283724295422
10095	0
10096	5.896155849296007e-05
10097	8.869989862786445e-05
10098	0
10099	0
10100	0.00033218224889114076
10101	0
10102	5.974579722342873e-05
10103	0
10104	0.00011036038029891907
10105	5.896155849296007e-05
10106	0
10107	0
10108	0.00030880844006872326
10109	0
10110	5.896155849296007e-05
10111	0
10112	0
10113	0
10114	0
10115	0
10116	5.896155849296007e-05
10117	0
10118	0
10119	0
10120	0
10121	0
10122	0
10123	0
10124	0
10125	0
10126	0
10127	5.9809408319314215e-05
10128	6.421464303282365e-05
10129	0
10130	0
10131	0.00028831403343014344
10132	5.896155849296007e-05
10133	6.654314509571095e-05
10134	0
10135	7.88787326001006e-05
10136	0.00020760151927467534
10137	0
10138	0
10139	0
10140	0.00011646551865682273
10141	5.896155849296007e-05
10142	6.0076920242959944e-05
10143	9.2546284206087e-05
10144	0
10145	0
10146	0
10147	0
10148	0.0001388925980863166
10149	6.907045268681037e-05
10150	0
10151	5.896155849296007e-05
10152	5.896155849296007e-05
10153	0.00024278789748296076
10154	0
10155	0
10156	0.00010915283724295422
10157	5.896155849296007e-05
10158	0.0006280850700767498
10159	0
10160	0
10161	0
10162	5.896155849296007e-05
10163	0
10164	0
10165	8.823980443045665e-05
10166	5.896155849296007e-05
10167	0
10168	9.859052067082398e-05
10169	0
10170	0
10171	0
10172	0
10173	6.73267716179591e-05
10174	7.676509239570791e-05
10175	0
10176	0.00016896232312810502
10177	0
10178	0
10179	5.896155849296007e-05
10180	0
10181	0
10182	0
10183	0
10184	0
10185	0.00025709342427471254
10186	5.896155849296007e-05
10187	0
10188	0
10189	0
10190	0
10191	7.18485084422829e-05
10192	0
10193	0
10194	0
10195	0
10196	0
10197	5.939800439513393e-05
10198	5.896155849296007e-05
10199	0.0022778277163160656
10200	0.00016763335353385577
10201	5.896155849296007e-05
10202	5.896155849296007e-05
10203	0
10204	0
10205	0
10206	0
10207	0
10208	0.00024278789748296076
10209	0
10210	0.00021241752163455172
10211	5.896155849296007e-05
10212	0
10213	0
10214	0
10215	0
10216	0
10217	0
10218	0
10219	6.73267716179591e-05
10220	0
10221	0
10222	0
10223	5.896155849296007e-05
10224	0
10225	0
10226	0
10227	0
10228	0
10229	0
10230	0.00011658309259977743
10231	7.150937818045861e-05
10232	6.174996286795974e-05
10233	0
10234	6.0779383652815634e-05
10235	0
10236	0
10237	6.105286177420982e-05
10238	0
10239	6.0076920242959944e-05
10240	0
10241	0
10242	0
10243	0
10244	0
10245	0
10246	5.896155849296007e-05
10247	7.332368661842999e-05
10248	0
10249	0
10250	0
10251	0
10252	5.93763624495716e-05
10253	0
10254	7.612843064513198e-05
10255	0
10256	0
10257	0
10258	0
10259	0
10260	5.998587030418445e-05
10261	0
10262	0
10263	0
10264	0
10265	0
10266	5.896155849296007e-05
10267	0
10268	0
10269	0
10270	0
10271	0
10272	8.435205690330495e-05
10273	5.896155849296007e-05
10274	5.93763624495716e-05
10275	0
10276	0
10277	0.00010666607224657339
10278	5.896155849296007e-05
10279	6.790648449484276e-05
10280	0.00010854844725011289
10281	0
10282	0
10283	5.896155849296007e-05
10284	0.0007492594157359896
10285	0.0002513614603679376
10286	5.896155849296007e-05
10287	0
10288	5.896155849296007e-05
10289	0.00024278789748296076
10290	6.0969209642959844e-05
10291	0
10292	0
10293	8.405719786795714e-05
10294	0
10295	0
10296	5.896155849296007e-05
10297	0
10298	5.896155849296007e-05
10299	0
10300	0
10301	5.896155849296007e-05
10302	5.896155849296007e-05
10303	0
10304	0
10305	0
10306	0
10307	5.896155849296007e-05
10308	0
10309	0.0001388925980863166
10310	6.0076920242959944e-05
10311	5.896155849296007e-05
10312	0
10313	0
10314	0
10315	0
10316	0
10317	0
10318	0
10319	0
10320	0
10321	0
10322	0
10323	0
10324	0
10325	5.896155849296007e-05
10326	0
10327	6.818954319234555e-05
10328	7.074983331282424e-05
10329	0
10330	0
10331	5.896155849296007e-05
10332	0.0001985783352008228
10333	5.939800439513393e-05
10334	5.896155849296007e-05
10335	5.896155849296007e-05
10336	0.0007110870043116204
10337	0
10338	0
10339	0
10340	5.896155849296007e-05
10341	5.896155849296007e-05
10342	5.971209267896464e-05
10343	0
10344	6.114378800382939e-05
10345	0
10346	6.053003595389739e-05
10347	0.0001193561879228406
10348	0
10349	0
10350	0
10351	0.0003138029865463246
10352	0.00019462526415233927
10353	6.015658893938851e-05
10354	0
10355	5.896155849296007e-05
10356	6.0969209642959844e-05
10357	5.896155849296007e-05
10358	0
10359	0
10360	0
10361	0
10362	5.896155849296007e-05
10363	0
10364	0.00011085996496141339
10365	5.896155849296007e-05
10366	5.896155849296007e-05
10367	0
10368	6.0076920242959944e-05
10369	5.896155849296007e-05
10370	0
10371	5.896155849296007e-05
10372	0
10373	0.002612229465055378
10374	0
10375	0
10376	0
10377	0
10378	5.896155849296007e-05
10379	0
10380	0
10381	0
10382	0.00022936102691385564
10383	0.001449815664339308
10384	0
10385	0
10386	0
10387	0
10388	0
10389	0
10390	0
10391	5.896155849296007e-05
10392	6.586822163719003e-05
10393	5.9478994356362076e-05
10394	5.974579722342873e-05
10395	7.778328802420787e-05
10396	0
10397	5.896155849296007e-05
10398	0
10399	5.896155849296007e-05
10400	0
10401	0
10402	5.9478994356362076e-05
10403	0
10404	0
10405	0
10406	0
10407	0
10408	0
10409	5.896155849296007e-05
10410	0
10411	8.012376264061612e-05
10412	0
10413	0
10414	0
10415	0
10416	0
10417	0
10418	5.896155849296007e-05
10419	0.0002885793292312067
10420	0.00018151115960856923
10421	5.896155849296007e-05
10422	0
10423	0
10424	6.105286177420982e-05
10425	0
10426	0
10427	0
10428	5.896155849296007e-05
10429	0
10430	0
10431	0
10432	0
10433	0
10434	5.896155849296007e-05
10435	0
10436	0
10437	0
10438	0
10439	6.523546833670935e-05
10440	0.00030376473079632573
10441	5.930068875478436e-05
10442	0
10443	0
10444	5.896155849296007e-05
10445	0
10446	0
10447	0
10448	5.896155849296007e-05
10449	0
10450	0
10451	5.896155849296007e-05
10452	5.896155849296007e-05
10453	0
10454	5.896155849296007e-05
10455	0
10456	0
10457	9.681656517254736e-05
10458	0
10459	0.00021225281513883505
10460	0.00010628808335512834
10461	6.523546833670935e-05
10462	6.0969209642959844e-05
10463	0
10464	0
10465	0
10466	0
10467	0
10468	5.896155849296007e-05
10469	0
10470	0
10471	0
10472	0
10473	5.998587030418445e-05
10474	0
10475	0
10476	5.896155849296007e-05
10477	0
10478	0
10479	6.414002376081662e-05
10480	0
10481	7.569198474295812e-05
10482	0
10483	5.896155849296007e-05
10484	0
10485	5.896155849296007e-05
10486	0
10487	7.569198474295812e-05
10488	0
10489	0
10490	6.0510048648895515e-05
10491	0
10492	0
10493	0
10494	5.931501820246708e-05
10495	0
10496	0
10497	0
10498	5.973373201219075e-05
10499	0
10500	0
10501	0
10502	5.930068875478436e-05
10503	0
10504	0
10505	0
10506	0
10507	0
10508	0
10509	5.896155849296007e-05
10510	5.896155849296007e-05
10511	0
10512	0
10513	0
10514	6.230764374295968e-05
10515	0
10516	0
10517	5.896155849296007e-05
10518	5.896155849296007e-05
10519	0
10520	0
10521	0.00018735131833346903
10522	0
10523	0
10524	0
10525	0
10526	6.031807954025721e-05
10527	0.0002594317184092129
10528	0
10529	0
10530	0
10531	5.896155849296007e-05
10532	5.896155849296007e-05
10533	0
10534	0
10535	0
10536	0
10537	0
10538	0
10539	0
10540	0
10541	0
10542	0
10543	0
10544	0
10545	0
10546	0.00022059449525473705
10547	0
10548	0
10549	0
10550	5.896155849296007e-05
10551	0
10552	0
10553	5.930068875478436e-05
10554	0
10555	0
10556	0
10557	0
10558	0
10559	5.896155849296007e-05
10560	0
10561	0
10562	0
10563	0
10564	0
10565	5.896155849296007e-05
10566	0
10567	0
10568	6.523546833670935e-05
10569	0.00030117888984499026
10570	9.959259367152677e-05
10571	0
10572	0
10573	0
10574	0
10575	8.984815771560347e-05
10576	0
10577	0
10578	0
10579	5.974579722342873e-05
10580	5.930068875478436e-05
10581	5.896155849296007e-05
10582	7.202681404386062e-05
10583	0
10584	0
10585	0
10586	0
10587	5.896155849296007e-05
10588	0
10589	0.00012337369955545255
10590	0
10591	0.0001974137862841724
10592	0.00020754819207358544
10593	5.991544025853594e-05
10594	0
10595	0.0001533531394529568
10596	5.896155849296007e-05
10597	9.805767985846924e-05
10598	5.896155849296007e-05
10599	0.0001378520847544856
10600	0
10601	0
10602	5.896155849296007e-05
10603	5.896155849296007e-05
10604	0
10605	6.144144853255016e-05
10606	5.896155849296007e-05
10607	0.0002609544632343847
10608	0
10609	0
10610	0
10611	5.930068875478436e-05
10612	0
10613	5.896155849296007e-05
10614	0
10615	0
10616	0.00012588326349295226
10617	5.896155849296007e-05
10618	0
10619	0.00021668041592227258
10620	0
10621	0
10622	0.00011597449688632151
10623	0
10624	0.0012943840959575002
10625	0.00026769919444035465
10626	0
10627	0
10628	0
10629	0
10630	0
10631	0
10632	0
10633	0.0002333787798395474
10634	0
10635	0
10636	0
10637	0.0002921838547321916
10638	0
10639	0
10640	5.896155849296007e-05
10641	0
10642	0
10643	0
10644	5.896155849296007e-05
10645	0
10646	0
10647	5.896155849296007e-05
10648	0
10649	0
10650	0
10651	5.896155849296007e-05
10652	5.896155849296007e-05
10653	5.896155849296007e-05
10654	0
10655	8.405719786795714e-05
10656	0
10657	0
10658	0.0002597266734929366
10659	0.0002483283042642188
10660	0
10661	0.0002297264158800339
10662	0
10663	5.896155849296007e-05
10664	0
10665	5.939800439513393e-05
10666	7.745148188388805e-05
10667	5.931501820246708e-05
10668	5.896155849296007e-05
10669	0.0005300450434511538
10670	9.409545361795597e-05
10671	0.00013521563286383653
10672	0.00019402591109418237
10673	7.569198474295812e-05
10674	0
10675	0
10676	5.896155849296007e-05
10677	0
10678	0
10679	0
10680	0.00016724548546136737
10681	5.896155849296007e-05
10682	5.896155849296007e-05
10683	0
10684	0
10685	0
10686	0
10687	0
10688	5.896155849296007e-05
10689	0
10690	0
10691	0
10692	0
10693	0.00011705462661207238
10694	5.896155849296007e-05
10695	0
10696	0
10697	0
10698	0
10699	0.00010915283724295422
10700	5.896155849296007e-05
10701	0
10702	0
10703	0
10704	0
10705	0
10706	0
10707	0
10708	0
10709	0
10710	0
10711	5.896155849296007e-05
10712	0
10713	0
10714	0.0002162710621497692
10715	0.00011218182816798132
10716	0
10717	0
10718	0
10719	0
10720	0.00022158180215095625
10721	0
10722	5.896155849296007e-05
10723	5.896155849296007e-05
10724	6.453836724295943e-05
10725	5.939800439513393e-05
10726	0
10727	0
10728	0.00024669291992936133
10729	0
10730	0
10731	0
10732	0
10733	6.282242608911347e-05
10734	0
10735	0
10736	0
10737	0
10738	5.896155849296007e-05
10739	0
10740	0.0002723934382808618
10741	0
10742	0
10743	6.73267716179591e-05
10744	0
10745	0
10746	0
10747	0
10748	0
10749	0
10750	5.896155849296007e-05
10751	5.896155849296007e-05
10752	9.483371373750691e-05
10753	0.00027275848045364806
10754	0
10755	0
10756	6.0692292242959874e-05
10757	0
10758	0
10759	0
10760	0
10761	5.896155849296007e-05
10762	0
10763	0
10764	5.896155849296007e-05
10765	8.480968195349364e-05
10766	5.896155849296007e-05
10767	0
10768	5.896155849296007e-05
10769	0
10770	8.782154377420669e-05
10771	5.896155849296007e-05
10772	0
10773	0
10774	0.00023947727574175287
10775	0
10776	0
10777	0
10778	5.896155849296007e-05
10779	0
10780	0.0001155077527780466
10781	0
10782	0
10783	0
10784	0
10785	0
10786	0
10787	0
10788	0.0002036169924022943
10789	0
10790	0.00012756219107742654
10791	5.930068875478436e-05
10792	0
10793	5.896155849296007e-05
10794	0
10795	0
10796	5.896155849296007e-05
10797	5.896155849296007e-05
10798	5.939800439513393e-05
10799	0
10800	0
10801	0
10802	0
10803	0.00024278789748296076
10804	6.453836724295943e-05
10805	6.703609515486267e-05
10806	0
10807	0
10808	0
10809	0
10810	7.610678869956965e-05
10811	0.00026976528724767854
10812	0
10813	0
10814	0
10815	5.896155849296007e-05
10816	6.613174117153066e-05
10817	5.896155849296007e-05
10818	0
10819	0.0002396358511420289
10820	0.00011760574054122384
10821	0
10822	5.896155849296007e-05
10823	0
10824	5.931501820246708e-05
10825	0.0001859978156486342
10826	0
10827	6.056799286356879e-05
10828	0.00014415449517610245
10829	0
10830	0.00021855048439077836
10831	0
10832	0
10833	0
10834	0
10835	6.0969209642959844e-05
10836	0
10837	6.031807954025721e-05
10838	0
10839	6.015483068296079e-05
10840	0
10841	5.896155849296007e-05
10842	0
10843	6.015483068296079e-05
10844	5.896155849296007e-05
10845	7.042435619396339e-05
10846	5.896155849296007e-05
10847	0
10848	0
10849	0
10850	0
10851	0.0004215463775988737
10852	0
10853	0
10854	5.931501820246708e-05
10855	0
10856	7.395495232586338e-05
10857	5.896155849296007e-05
10858	0
10859	0
10860	0
10861	0
10862	5.930068875478436e-05
10863	5.896155849296007e-05
10864	0
10865	0
10866	0
10867	0
10868	0.00014884102611143404
10869	0
10870	0
10871	5.896155849296007e-05
10872	0
10873	5.896155849296007e-05
10874	0
10875	0
10876	0
10877	0
10878	0
10879	0
10880	0
10881	0
10882	0
10883	6.180765399295975e-05
10884	0
10885	0
10886	0
10887	0
10888	0
10889	8.941020276272322e-05
10890	0
10891	0
10892	0.00027792809736359693
10893	0
10894	7.762241854103481e-05
10895	8.245171266037785e-05
10896	0.0001716795611838616
10897	0
10898	0
10899	0
10900	5.896155849296007e-05
10901	0
10902	0
10903	0
10904	5.896155849296007e-05
10905	0.0001692333689047335
10906	5.931501820246708e-05
10907	0.0001325949288343733
10908	0
10909	0
10910	8.353349436193315e-05
10911	0
10912	7.569198474295812e-05
10913	0
10914	6.015658893938851e-05
10915	0
10916	8.405719786795714e-05
10917	0
10918	0.0003357440043813494
10919	0
10920	0.00010346903962497032
10921	0
10922	0
10923	0
10924	5.896155849296007e-05
10925	0
10926	0
10927	0
10928	0
10929	0
10930	0
10931	0
10932	0
10933	0
10934	5.896155849296007e-05
10935	0
10936	6.613174117153066e-05
10937	0
10938	5.896155849296007e-05
10939	0
10940	0
10941	5.896155849296007e-05
10942	0
10943	5.896155849296007e-05
10944	0
10945	0
10946	6.46500352444245e-05
10947	0
10948	0
10949	6.398068636795949e-05
10950	6.015483068296079e-05
10951	5.896155849296007e-05
10952	0
10953	0
10954	5.896155849296007e-05
10955	0
10956	5.896155849296007e-05
10957	0
10958	0.00017095265844923398
10959	5.896155849296007e-05
10960	0
10961	0
10962	5.896155849296007e-05
10963	5.896155849296007e-05
10964	0
10965	0
10966	0.0012575650012992227
10967	0
10968	0
10969	0
10970	0
10971	5.896155849296007e-05
10972	0.00018498003199468946
10973	0
10974	0
10975	8.90046950253076e-05
10976	0
10977	5.896155849296007e-05
10978	0
10979	5.896155849296007e-05
10980	0
10981	0
10982	0.0002879142741463991
10983	0
10984	7.736502736795792e-05
10985	5.896155849296007e-05
10986	0
10987	0
10988	0
10989	0
10990	8.012376264061612e-05
10991	0
10992	0
10993	5.896155849296007e-05
10994	0
10995	5.896155849296007e-05
10996	5.896155849296007e-05
10997	0
10998	0
10999	0
11000	5.896155849296007e-05
11001	0
11002	0.00024278789748296076
11003	0
11004	0
11005	0.00012305939738201807
11006	0
11007	0
11008	0
11009	0.00018467502800665055
11010	0
11011	5.896155849296007e-05
11012	0
11013	0
11014	0
11015	0
11016	6.147112243045978e-05
11017	5.896155849296007e-05
11018	5.896155849296007e-05
11019	0.0001261567145151465
11020	5.896155849296007e-05
11021	5.896155849296007e-05
11022	0
11023	0
11024	0
11025	5.896155849296007e-05
11026	5.896155849296007e-05
11027	0
11028	0
11029	5.896155849296007e-05
11030	5.896155849296007e-05
11031	0
11032	0
11033	0
11034	0
11035	0
11036	5.896155849296007e-05
11037	9.405276886113505e-05
11038	8.126879349295747e-05
11039	0
11040	6.015720114760901e-05
11041	5.896155849296007e-05
11042	0
11043	0.00010766341964934479
11044	0.0001378520847544856
11045	5.896155849296007e-05
11046	0.00010915283724295422
11047	0
11048	5.896155849296007e-05
11049	0
11050	0
11051	0.00010736617653278604
11052	0
11053	0
11054	0
11055	0
11056	0
11057	5.896155849296007e-05
11058	0.010476147833837145
11059	0
11060	0
11061	0
11062	0
11063	7.010978042106832e-05
11064	0
11065	0
11066	5.896155849296007e-05
11067	0
11068	0.00010026392061193118
11069	6.053003595389739e-05
11070	0
11071	5.896155849296007e-05
11072	0.00012346033215046828
11073	0.00024278789748296076
11074	0
11075	0
11076	5.896155849296007e-05
11077	0.00018417832736177138
11078	0
11079	0
11080	0
11081	8.13337921098494e-05
11082	0.00010975155895790032
11083	0
11084	0
11085	0
11086	7.150937818045861e-05
11087	0
11088	0
11089	0
11090	0
11091	0
11092	0
11093	0
11094	0
11095	0.0014336341412828852
11096	0.00017342746326722084
11097	0
11098	5.896155849296007e-05
11099	0.00015695423949299
11100	5.896155849296007e-05
11101	0
11102	0
11103	5.930068875478436e-05
11104	0
11105	5.896155849296007e-05
11106	0.00024278789748296076
11107	0
11108	5.896155849296007e-05
11109	7.208965338037226e-05
11110	6.453836724295943e-05
11111	0.000311900402446776
11112	0
11113	6.314416505545958e-05
11114	0
11115	0
11116	0
11117	0
11118	0.00010915283724295422
11119	0
11120	5.896155849296007e-05
11121	0
11122	0.00012828412039714125
11123	0
11124	0
11125	0
11126	0
11127	0.0002491317375506535
11128	0
11129	0
11130	0
11131	0.00026278918110186585
11132	0
11133	5.896155849296007e-05
11134	0
11135	0
11136	6.0969209642959844e-05
11137	0
11138	0
11139	0
11140	7.391798495247302e-05
11141	0.00019612224744445774
11142	5.896155849296007e-05
11143	5.931501820246708e-05
11144	0
11145	0
11146	0
11147	0
11148	0
11149	0
11150	0
11151	8.405719786795714e-05
11152	0
11153	5.896155849296007e-05
11154	0
11155	0
11156	5.896155849296007e-05
11157	0
11158	0
11159	5.931501820246708e-05
11160	0
11161	0
11162	0
11163	8.405719786795714e-05
11164	5.896155849296007e-05
11165	5.896155849296007e-05
11166	5.930068875478436e-05
11167	7.61699969215295e-05
11168	5.896155849296007e-05
11169	0
11170	0
11171	0
11172	0
11173	0
11174	0.00012990913742235617
11175	6.453836724295943e-05
11176	0
11177	5.896155849296007e-05
11178	0
11179	0.0002223421217024195
11180	0
11181	0
11182	5.896155849296007e-05
11183	0
11184	0
11185	0
11186	7.569198474295812e-05
11187	0
11188	0
11189	0
11190	5.896155849296007e-05
11191	0
11192	0
11193	7.074983331282424e-05
11194	0
11195	0
11196	7.150937818045861e-05
11197	0
11198	0
11199	0
11200	0
11201	0
11202	5.896155849296007e-05
11203	5.896155849296007e-05
11204	0.0001802108914861189
11205	5.896155849296007e-05
11206	0
11207	5.896155849296007e-05
11208	5.896155849296007e-05
11209	0
11210	0
11211	0
11212	0
11213	0
11214	0
11215	0.00016069800274450373
11216	0.00010797010848622244
11217	5.896155849296007e-05
11218	0
11219	0.00011400700187638366
11220	6.589893845236021e-05
11221	5.896155849296007e-05
11222	0
11223	0
11224	0
11225	5.896155849296007e-05
11226	5.896155849296007e-05
11227	0.000250721447473184
11228	0.0001388925980863166
11229	0
11230	5.896155849296007e-05
11231	8.076838385960523e-05
11232	0
11233	0
11234	0.0001464377871715213
11235	0
11236	0.00015712157822546412
11237	0
11238	0
11239	5.896155849296007e-05
11240	0
11241	7.569198474295812e-05
11242	6.613174117153066e-05
11243	0
11244	0
11245	8.258190416569982e-05
11246	0
11247	0.0002691745132759572
11248	7.529364126081531e-05
11249	0
11250	0
11251	0
11252	0.00014969589002334233
11253	5.896155849296007e-05
11254	0
11255	0.0001658595958274609
11256	0.00015934411599294833
11257	5.896155849296007e-05
11258	0.00011154289813581108
11259	8.65500129914538e-05
11260	0
11261	5.896155849296007e-05
11262	0
11263	0
11264	5.896155849296007e-05
11265	0
11266	0.00024278789748296076
11267	0
11268	0
11269	0.00010915283724295422
11270	0
11271	0
11272	0
11273	0
11274	0.000362529565800641
11275	5.9478994356362076e-05
11276	0.00015678733120706785
11277	0
11278	0
11279	6.703373654213946e-05
11280	0
11281	0.00010915283724295422
11282	8.405719786795714e-05
11283	0
11284	0.00015786286566973318
11285	5.896155849296007e-05
11286	0
11287	5.896155849296007e-05
11288	5.896155849296007e-05
11289	0
11290	0
11291	0
11292	0
11293	5.896155849296007e-05
11294	5.896155849296007e-05
11295	0
11296	5.896155849296007e-05
11297	0
11298	6.352440201568681e-05
11299	0
11300	5.896155849296007e-05
11301	0
11302	0
11303	0.00019562827694143207
11304	0
11305	0
11306	0
11307	0.00024639921930138446
11308	0
11309	8.573024049295695e-05
11310	0.0001265371639863425
11311	0
11312	0
11313	5.896155849296007e-05
11314	0
11315	0.00024278789748296076
11316	0.0002095353947429425
11317	0
11318	0
11319	0
11320	5.896155849296007e-05
11321	0
11322	0.00028470551560424355
11323	0
11324	0
11325	5.896155849296007e-05
11326	0
11327	0
11328	0
11329	0
11330	0
11331	0
11332	0
11333	0
11334	0
11335	0
11336	0.0002977402148332772
11337	5.896155849296007e-05
11338	0
11339	0.00015179365189136026
11340	0.0002977402148332772
11341	0
11342	0
11343	5.896155849296007e-05
11344	5.896155849296007e-05
11345	5.896155849296007e-05
11346	7.270265037045933e-05
11347	0
11348	9.548937398544798e-05
11349	5.896155849296007e-05
11350	0
11351	0
11352	0
11353	6.147112243045978e-05
11354	9.554037758098686e-05
11355	0
11356	5.896155849296007e-05
11357	0.0001764551258940682
11358	0
11359	0
11360	0
11361	0
11362	0
11363	8.5822044745093e-05
11364	5.896155849296007e-05
11365	0
11366	0
11367	0
11368	0
11369	0
11370	0
11371	5.896155849296007e-05
11372	0.0001536595741172551
11373	0
11374	0.00012624263083835455
11375	0
11376	0
11377	0.0004402809380780363
11378	7.150937818045861e-05
11379	5.896155849296007e-05
11380	0
11381	0
11382	5.896155849296007e-05
11383	0
11384	0.00013424847661795128
11385	0
11386	0
11387	0.0010539756402702385
11388	0
11389	0
11390	9.959259367152677e-05
11391	0
11392	0
11393	5.896155849296007e-05
11394	0
11395	5.896155849296007e-05
11396	5.896155849296007e-05
11397	0
11398	5.896155849296007e-05
11399	5.896155849296007e-05
11400	0.00021252596842772983
11401	0
11402	0
11403	9.576849624295577e-05
11404	0
11405	0.00024278789748296076
11406	0
11407	8.684560224295681e-05
11408	5.896155849296007e-05
11409	0
11410	0.00015475583298127601
11411	0.00021245530893224468
11412	0.0001269687023762856
11413	0
11414	0
11415	0.0002757533252123504
11416	0.00022410684449186396
11417	0
11418	0
11419	0
11420	0.0011029374115431377
11421	0
11422	0
11423	0
11424	0.00016155499717678614
11425	0
11426	0
11427	0
11428	5.896155849296007e-05
11429	0.00011870708553450529
11430	0.00047459259411045845
11431	0
11432	0.00027038200143936284
11433	0
11434	0
11435	0.00027129276616229264
11436	0.0002142954880868246
11437	5.896155849296007e-05
11438	5.896155849296007e-05
11439	0
11440	0
11441	0
11442	0
11443	0.00015039990444198412
11444	8.405719786795714e-05
11445	0
11446	0
11447	0
11448	0
11449	8.012376264061612e-05
11450	0
11451	5.896155849296007e-05
11452	0
11453	5.896155849296007e-05
11454	0
11455	0
11456	0
11457	0
11458	0.00014084061497294243
11459	0.00028590493952595526
11460	0
11461	0.00014417580489850746
11462	6.89998142429589e-05
11463	5.896155849296007e-05
11464	0
11465	5.896155849296007e-05
11466	5.896155849296007e-05
11467	0.0004619921755518777
11468	5.896155849296007e-05
11469	0
11470	6.613174117153066e-05
11471	0
11472	0
11473	0.0002088125663324043
11474	5.896155849296007e-05
11475	0
11476	0
11477	0.00022902165052042828
11478	0.0001120801979521546
11479	5.896155849296007e-05
11480	0
11481	0
11482	0.00012767825832715534
11483	0
11484	0.0004292430287715824
11485	5.896155849296007e-05
11486	0
11487	0
11488	0
11489	8.254349263581447e-05
11490	0
11491	5.896155849296007e-05
11492	0
11493	0
11494	5.896155849296007e-05
11495	0
11496	0.00024278789748296076
11497	0
11498	0
11499	0
11500	0
11501	0
11502	0
11503	0
11504	0.00013236233117580902
11505	0
11506	0
11507	0
11508	0
11509	9.859052067082398e-05
11510	0
11511	0
11512	7.150937818045861e-05
11513	0
11514	5.896155849296007e-05
11515	0
11516	0
11517	0
11518	0
11519	0
11520	0
11521	0
11522	5.896155849296007e-05
11523	0.0001327406563452831
11524	0
11525	0
11526	0.00013861944479742183
11527	5.896155849296007e-05
11528	5.896155849296007e-05
11529	0.00023716137527085958
11530	0
11531	0
11532	0.0001388925980863166
11533	0
11534	0.0001388925980863166
11535	0.0002329954282485492
11536	0.00012526744274421597
11537	0
11538	0
11539	0
11540	0
11541	0
11542	0
11543	0
11544	0
11545	0
11546	0
11547	5.896155849296007e-05
11548	8.405719786795714e-05
11549	0.00021216577322206222
11550	0.00015452298324675166
11551	0
11552	0
11553	0
11554	0
11555	0
11556	0
11557	0
11558	0
11560	5.896155849296007e-05
11561	0.00011786877076333115
11562	0
11563	0
11564	0
11565	0
11566	0
11567	0
11568	0
11569	0
11570	0
11571	0
11572	0
11573	0
11574	0
11575	0
11576	0
11577	0
11578	0
11579	0.00014444655269071416
11580	0.00026195828461190817
11581	0.000834614073507195
11582	5.896155849296007e-05
11583	0
11584	7.569198474295812e-05
11585	0
11586	5.896155849296007e-05
11587	0.0009444617783958574
11588	0
11589	0
11590	0
11591	0.00011116755034432336
11592	5.896155849296007e-05
11593	0
11594	0
11595	5.896155849296007e-05
11596	0.00023453960148991872
11597	0
11598	0
11599	0
11600	5.896155849296007e-05
11601	0
11602	0
11603	0
11604	0
11605	0.00010915283724295422
11606	5.896155849296007e-05
11607	0
11608	0
11609	0.0002364406056787103
11610	0
11611	0
11612	0
11613	0
11614	5.896155849296007e-05
11615	0
11616	0
11617	0
11618	0
11619	0
11620	5.896155849296007e-05
11621	0
11622	0
11623	0
11624	0
11625	0
11626	0.0004164234744334985
11627	0
11628	5.896155849296007e-05
11629	0
11630	0.0010586251376790898
11631	0.0013401794826864088
11632	0
11633	0
11634	0
11635	0
11636	0
11637	0
11638	0.0002755615293088993
11639	5.896155849296007e-05
11640	0
11641	7.870779306467757e-05
11642	0
11643	0
11644	0
11645	5.896155849296007e-05
11646	0
11647	5.896155849296007e-05
11648	0
11649	0
11650	0.0002913347273646289
11651	0
11652	0.0019284203883414913
11653	0
11654	0
11655	0
11656	0
11657	0
11658	5.896155849296007e-05
11659	0
11660	0
11661	5.896155849296007e-05
11662	0
11663	0.0005711625290306823
11664	7.59193886896779e-05
11665	0
11666	0
11667	0
11668	0
11669	0
11670	0
11671	0
11672	0
11673	0
11674	0
11675	0.00014408374133921176
11676	0
11677	0
11678	0
11679	0
11680	7.150937818045861e-05
11681	0
11682	0
11683	6.124298025432344e-05
11684	0
11685	0
11686	0
11687	0.00027151668170046216
11688	6.523546833670935e-05
11689	0
11690	0
11691	5.896155849296007e-05
11692	0
11693	0
11694	0
11695	0
11696	0
11697	0.0031028388536449543
11698	0.00010915283724295422
11699	0
11700	0
11701	0
11702	0
11703	0
11704	0
11705	0
11706	0
11707	0
11708	0
11709	0
11710	0
11711	0
11712	0
11713	0.0001757672991338243
11714	0
11715	0
11716	0
11717	7.150937818045861e-05
11718	0
11719	9.284479772872762e-05
11720	0
11721	0
11722	0.00024070928713360569
11723	0
11724	0.000768655563316769
11725	0
11726	0
11727	0.00022383369120296918
11728	0
11729	5.896155849296007e-05
11730	0
11731	7.150937818045861e-05
11732	0
11733	5.896155849296007e-05
11734	0
11735	0
11736	0.0014722884573463836
11737	0
11738	5.896155849296007e-05
11739	0.00021780917523992068
11740	0.0007687599551396469
11741	0
11742	0.0002508085815087636
11743	0
11744	0
11745	0.0008321308903693448
11746	0.0002140869208671555
11747	0
11748	0
11749	0
11750	0
11751	0
11752	0
11753	0
11754	5.896155849296007e-05
11755	0
11756	5.896155849296007e-05
11757	0
11758	0
11759	0
11760	0
11761	0
11762	0
11763	0
11764	0
11765	0.00020607563035512347
11766	0
11767	0.00010915283724295422
11768	0
11769	5.896155849296007e-05
11770	0
11771	0
11772	8.405719786795714e-05
11773	0.00012588326349295226
11774	0
11775	0
11776	9.158588968045626e-05
11777	0
11778	0
11779	0
11780	0.00034268852473478883
11781	5.896155849296007e-05
11782	0.001147117122389912
11783	6.389210131305056e-05
11784	0
11785	5.896155849296007e-05
11786	0
11787	0
11788	0
11789	0
11790	0
11791	0
11792	0
11793	0
11794	0
11795	0
11796	0
11797	0.00025388538280391126
11798	0
11799	0
11800	0
11801	5.896155849296007e-05
11802	0
11803	0
11804	0
11805	0
11806	0
11807	0
11808	0
11809	0.0002467371917457372
11810	0
11811	5.896155849296007e-05
11812	0
11813	0
11814	0
11815	0
11816	0
11817	0
11818	0
11819	0
11820	0.0007097147764080186
11821	0
11822	0
11823	0
11824	0
11825	0
11826	0
11827	0
11828	0
11829	0
11830	0
11831	0
11832	5.896155849296007e-05
11833	0
11834	0
11835	0
11836	0
11837	0
11838	0
11839	0
11840	5.896155849296007e-05
11841	0.00023429872365310264
11842	0
11843	0
11844	5.896155849296007e-05
11845	0
11846	0
11847	0
11848	0
11849	6.124298025432344e-05
11850	0
11851	5.896155849296007e-05
11852	0
11853	0
11854	0.0004132792098550847
11855	0
11856	0
11857	0
11858	0
11859	0
11860	0.0002237412079149452
11861	0
11862	0
11863	0
11864	0
11865	5.896155849296007e-05
11866	5.896155849296007e-05
11867	0
11868	0.0001349760193990426
11869	6.944267846722355e-05
11870	5.896155849296007e-05
11871	0
11872	0
11873	0
11874	0
11875	0
11876	0
11877	0
11878	0.00025887720000942213
11879	5.896155849296007e-05
11880	0.0001325949288343733
11881	5.896155849296007e-05
11882	0
11883	0
11884	0
11885	9.271091108307933e-05
11886	6.89998142429589e-05
11887	0
11888	0
11889	6.687048726568642e-05
11890	0
11891	0
11892	0
11893	0.00024517738218467856
11894	0
11895	0.0004966739138268123
11896	0
11897	0.00014417580489850746
11898	0
11899	0.00023632863394048594
11900	0
11901	0
11902	0.0001163460156121799
11903	0
11904	0
11905	0.00011698881406738428
11906	0
11907	0
11908	0
11909	0
11910	0
11911	0.0004663491283331085
11912	5.896155849296007e-05
11913	0.0004224069769735425
11914	0
11915	0
11916	0
11917	0
11918	0
11919	0
11920	0
11921	5.896155849296007e-05
11922	0
11923	0.000876950219283624
11924	0.0003878249954510131
11925	0.00029746706154438243
11926	0
11927	0
11928	5.896155849296007e-05
11929	0
11930	0
11931	0
11932	0
11933	0.00012215295135579183
11934	0
11935	0
11936	6.923882033224459e-05
11937	0.00012001419417744492
11938	0
11939	0
11940	0
11941	0
11942	0.00021780917523992068
11943	0.00029746706154438243
11944	0
11945	0
11946	0.00010915283724295422
11947	0
11948	0
11949	0
11950	0.0001449348287553523
11951	0
11952	5.896155849296007e-05
11953	5.896155849296007e-05
11954	0.0008823088349024933
11955	0
11956	0
11957	7.031434773403019e-05
11958	0
11959	0
11960	0.0005357787066179043
11961	5.896155849296007e-05
11962	0.0004109857528879284
11963	0
11964	0
11965	0.00012430094805461058
11966	0
11967	0
11968	0
11969	0
11970	0
11971	0
11972	0
11973	0
11974	0.000357375948378731
11975	0
11976	0
11977	0.0002797515203190736
11978	5.896155849296007e-05
11979	0
11980	0
11981	0
11982	0
11983	0
11984	5.896155849296007e-05
11985	0.0002321555189752251
11986	0
11987	0
11988	0.0003382394379414203
11989	0
11990	0.00029746706154438243
11991	0
11992	0.00022383369120296918
11993	0.00021225281513883505
11994	0
11995	0
11996	0
11997	0.00031268705682164594
11998	0
11999	0.002386025330683191
12000	5.896155849296007e-05
12001	6.314416505545958e-05
12002	0
12003	0
12004	0
12005	0
12006	0
12007	5.896155849296007e-05
12008	0.00048637014655510466
12009	0
12010	0
12011	0
12012	0
12013	0.0003467016503966252
12014	0.001025517120843778
12015	5.896155849296007e-05
12016	0
12017	0
12018	0
12019	0
12020	0
12021	0.0013880800521398281
12022	0
12023	0
12024	0
12025	5.896155849296007e-05
12026	0
12027	0
12028	0
12029	0
12030	0.00010542252510579378
12031	0
12032	7.569198474295812e-05
12033	7.379079994182198e-05
12034	0
12035	0.0005504108334191979
12036	0.00012588326349295226
12037	0
12038	0
12039	0
12040	0
12041	5.896155849296007e-05
12042	0
12043	0
12044	0
12045	6.253952889371315e-05
12046	0
12047	0
12048	0
12049	0
12050	0
12051	8.405719786795714e-05
12052	0
12053	0
12054	0.00021989104430260282
12055	0
12056	0.00037798521031100213
12057	0
12058	0
12059	0
12060	5.896155849296007e-05
12061	0
12062	0.0006070224246956362
12063	0
12064	6.33342835355732e-05
12065	5.896155849296007e-05
12066	0
12067	0.00031793221160765543
12068	0
12069	0
12070	0.00027014474344158964
12071	5.896155849296007e-05
12072	0
12073	0
12074	0.0008196568618396488
12075	8.405719786795714e-05
12076	5.896155849296007e-05
12077	0
12078	0.00010915283724295422
12079	0
12080	0
12081	0
12082	0
12083	0
12084	0
12085	0
12086	0
12087	0
12088	5.896155849296007e-05
12089	0
12090	0
12091	0
12092	0
12093	0
12094	0
12095	0.00022862134543728162
12096	0
12097	0
12098	0
12099	5.896155849296007e-05
12100	0
12101	0
12102	9.320285956928061e-05
12103	0
12104	0
12105	5.896155849296007e-05
12106	0.00013540790237171862
12107	0
12108	0
12109	0
12110	0
12111	5.896155849296007e-05
12112	0.00024416754122759296
12113	0.00021225281513883505
12114	0
12115	0
12116	0
12117	8.405719786795714e-05
12118	5.896155849296007e-05
12119	0
12120	0
12121	5.896155849296007e-05
12122	0
12123	0.00025342547139847494
12124	0
12125	0.0013879877900699069
12126	0.00010915283724295422
12127	0
12128	0
12129	0
12130	0
12131	8.993740425300304e-05
12132	0
12133	0
12134	0
12135	0
12136	0.0002626196413656343
12137	9.109425518545882e-05
12138	5.896155849296007e-05
12139	0.0008142987730810499
12140	0
12141	0
12142	0
12143	0
12144	0
12145	5.896155849296007e-05
12146	0
12147	5.896155849296007e-05
12148	0
12149	0
12150	0
12151	0
12152	0
12153	0.0002977402148332772
12154	5.896155849296007e-05
12155	0
12156	0
12157	0
12158	0.003247815327651215
12159	8.405719786795714e-05
12160	5.896155849296007e-05
12161	0
12162	0
12163	0
12164	0
12165	0
12166	0
12167	5.896155849296007e-05
12168	0
12169	5.896155849296007e-05
12170	0
12171	0
12172	0.00040739352426648513
12173	0
12174	5.896155849296007e-05
12175	6.352440201568681e-05
12176	0
12177	0
12178	0
12179	0.00034244437248110083
12180	0
12181	0.0001203064547429529
12182	0.0002037273605056567
12183	0
12184	0
12185	0
12186	0
12187	5.896155849296007e-05
12188	0
12189	0
12190	0
12191	0
12192	0
12193	5.896155849296007e-05
12194	0
12195	5.896155849296007e-05
12196	0
12197	0
12198	0
12199	0.00013861944479742183
12200	0
12201	0
12202	0
12203	0.00017804729199803778
12204	0
12205	0
12206	0
12207	0
12208	0.0001325949288343733
12209	5.896155849296007e-05
12210	0
12211	0
12212	5.896155849296007e-05
12213	0
12214	0
12215	5.896155849296007e-05
12216	0
12217	0
12218	0.00036533160452603117
12219	0.00025367807406620604
12220	0.0001271180396852991
12221	8.052545938297713e-05
12222	0.00012092813321979426
12223	0
12224	0
12225	6.642210272727251e-05
12226	0
12227	5.896155849296007e-05
12228	0
12229	0.00029746706154438243
12230	0.00029358522038286003
12231	0.00020702915419334308
12232	0.00037739810113773895
12233	5.896155849296007e-05
12234	9.312978716547092e-05
12235	0.00024500216101897894
12236	0
12237	0
12238	0
12239	0.00015526625988516817
12240	0.00020646735432758225
12241	0
12242	5.896155849296007e-05
12243	0.00015773246400700082
12244	0
12245	0
12246	7.987459130545763e-05
12247	7.150937818045861e-05
12248	0.00032948716908167254
12249	0
12250	0
12251	0
12252	7.569198474295812e-05
12253	0
12254	5.896155849296007e-05
12255	0.0008947847738710082
12256	0
12257	0.00039494897759187887
12258	0
12259	0
12260	0
12261	0.0004411870393614838
12262	0
12263	0.00023141811446436716
12264	0
12265	0
12266	0
12267	0
12268	0.0002977402148332772
12269	0
12270	0
12271	0.00013344489661438002
12272	0
12273	0
12274	0.00017624992258948762
12275	6.739818116099982e-05
12276	9.409545361795597e-05
12277	0
12278	6.91074490567147e-05
12279	7.364619110696536e-05
12280	0
12281	6.314416505545958e-05
12282	0.00025945711468445225
12283	6.89998142429589e-05
12284	0
12285	6.474906010227271e-05
12286	0
12287	0
12288	0
12289	0.00012270240059528424
12290	0.00021225281513883505
12291	0
12292	5.896155849296007e-05
12293	5.896155849296007e-05
12294	0
12295	6.943799207331599e-05
12296	0
12297	5.896155849296007e-05
12298	0
12299	0.00037172531296091906
12300	0
12301	0
12302	6.692842813581629e-05
12303	0
12304	0.0001564120354174082
12305	0
12306	0.000567915549138994
12307	0
12308	0.00011698881406738428
12309	0
12310	6.191398665472444e-05
12311	0
12312	7.150937818045861e-05
12313	0.0001325949288343733
12314	0
12315	0
12316	6.124298025432344e-05
12317	0
12318	5.896155849296007e-05
12319	5.896155849296007e-05
12320	5.896155849296007e-05
12321	0
12322	5.896155849296007e-05
12323	5.896155849296007e-05
12324	0
12325	0
12326	0.0015781655178404832
12327	0.0001388925980863166
12328	5.896155849296007e-05
12329	0
12330	0
12331	0.00010485661259528633
12332	0
12333	0
12334	9.035950985775722e-05
12335	8.633861962932051e-05
12336	0
12337	0
12338	0.00021951242829853829
12339	0.0002023478187755271
12340	0.00037739810113773895
12341	9.895819644612783e-05
12342	9.182489576974195e-05
12343	5.896155849296007e-05
12344	0
12345	0
12346	0
12347	6.613174117153066e-05
12348	6.613174117153066e-05
12349	0.00022410684449186396
12350	0.00037739810113773895
12351	8.385812450496871e-05
12352	0.00030088081087701886
12353	5.896155849296007e-05
12354	0
12355	6.664958769831633e-05
12356	0
12357	0
12358	0
12359	5.896155849296007e-05
12360	0.00013861944479742183
12361	0
12362	0
12363	0
12364	0
12365	0.00021252596842772983
12366	5.896155849296007e-05
12367	0.00010384734920983927
12368	5.896155849296007e-05
12369	5.896155849296007e-05
12370	0
12371	0
12372	0
12373	0
12374	0.00046572979220381623
12375	0
12376	6.770700857818633e-05
12377	5.896155849296007e-05
12378	0
12379	0
12380	0.00022497935791849127
12381	0.00019280249765186622
12382	0
12383	0
12384	0
12385	0
12386	0
12387	0
12388	0
12389	0
12390	0
12391	0
12392	5.896155849296007e-05
12393	8.04404579129731e-05
12394	0.0001388925980863166
12395	0.00022383369120296918
12396	0
12397	5.896155849296007e-05
12398	0.00021252596842772983
12399	0
12400	0.00021225281513883505
12401	0
12402	0.0002865013908370975
12403	0.00011236081562715767
12404	0
12405	7.81881285524498e-05
12406	0
12407	0
12408	6.808724553841356e-05
12409	0
12410	0.00016713741662780683
12411	5.896155849296007e-05
12412	0
12413	0.00021855048439077836
12414	5.896155849296007e-05
12415	0
12416	0
12417	6.505621376974508e-05
12418	0
12419	6.64902503054592e-05
12420	6.253952889371315e-05
12421	0
12422	0
12423	0
12424	0.0001535128621970981
12425	8.405719786795714e-05
12426	0
12427	0
12428	0
12429	0
12430	0.00015249526066042686
12431	0
12432	5.896155849296007e-05
12433	0.00010915283724295422
12434	5.896155849296007e-05
12435	5.896155849296007e-05
12436	0.00010915283724295422
12437	5.896155849296007e-05
12438	5.896155849296007e-05
12439	0.00021589195171136893
12440	0
12441	0
12442	0
12443	0.00028959306661171315
12444	0.00021252596842772983
12445	0.00015561660588301866
12446	0
12447	0
12448	0.0005207317530336251
12449	6.314416505545958e-05
12450	0
12451	0
12452	6.375254419182315e-05
12453	0
12454	0.0002141795162113078
12455	0.00011378773823079282
12456	5.896155849296007e-05
12457	0.00014417580489850746
12458	5.896155849296007e-05
12459	0.00011288692130733117
12460	0.00026444125923992724
12461	5.896155849296007e-05
12462	0
12463	0
12464	5.896155849296007e-05
12465	5.896155849296007e-05
12466	5.896155849296007e-05
12467	5.896155849296007e-05
12468	0.00012603655070511391
12469	0
12470	0
12471	0.00021225281513883505
12472	0.0002236917502727816
12473	0.00022410684449186396
12474	0
12475	8.405719786795714e-05
12476	5.896155849296007e-05
12477	5.896155849296007e-05
12478	5.896155849296007e-05
12479	7.359146138270405e-05
12480	7.150937818045861e-05
12481	5.896155849296007e-05
12482	5.896155849296007e-05
12483	5.896155849296007e-05
12484	5.896155849296007e-05
12485	0
12486	0
12487	0.0006086137511049468
12488	0
12489	0.00017189193568044686
12490	5.896155849296007e-05
12491	0.00014932535508437134
12492	0.00015011150375482673
12493	0
12494	5.896155849296007e-05
12495	0
12496	0
12497	5.896155849296007e-05
12498	6.124298025432344e-05
12499	5.896155849296007e-05
12500	0.0001437731154967176
12501	5.896155849296007e-05
12502	0
12503	9.43146409112175e-05
12504	0.0002916959436027697
12505	0
12506	0.0004823236288245097
12507	5.896155849296007e-05
12508	0
12509	0.00029746706154438243
12510	0
12511	5.896155849296007e-05
12512	0
12513	0
12514	8.649689613778744e-05
12515	6.691225393632627e-05
12516	0
12517	0
12518	0.00011780277576492769
12519	0.00021855048439077836
12520	0
12521	5.896155849296007e-05
12522	8.794073625876571e-05
12523	0.00015743450206991103
12524	5.896155849296007e-05
12525	5.896155849296007e-05
12526	0
12527	7.870779306467757e-05
12528	0
12529	0
12530	0
12531	0.00037739810113773895
12532	0
12533	6.833415144155801e-05
12534	0.0001307176068621944
12535	0
12536	0
12537	5.896155849296007e-05
12538	0.00033985326051890526
12539	6.33342835355732e-05
12540	5.896155849296007e-05
12541	8.799116910435626e-05
12542	0
12543	0
12544	0
12545	0
12546	0
12547	0
12548	0
12549	0.00022410684449186396
12550	6.314416505545958e-05
12551	0
12552	0.00039618080837682174
12553	0.00029199146379168834
12554	0
12555	0
12556	0
12557	0.00021855048439077836
12558	7.067285686795871e-05
12559	0
12560	0.00022383369120296918
12561	0.00010679369433983126
12562	6.124298025432344e-05
12563	0
12564	8.06596687939268e-05
12565	0.0002436833258888387
12566	0.00021780917523992068
12567	0.00011282878702671852
12568	0.00027137096039284614
12569	0.00020123119495277767
12570	0.00035968255991243006
12571	5.896155849296007e-05
12572	0
12573	0.00037739810113773895
12574	0.00023027283203285438
12575	6.526007190472405e-05
12576	0
12577	0
12578	0
12579	5.896155849296007e-05
12580	7.569198474295812e-05
12581	0
12582	5.896155849296007e-05
12583	0
12584	0
12585	0
12586	5.896155849296007e-05
12587	5.896155849296007e-05
12588	5.896155849296007e-05
12589	0.000437002548504766
12590	0
12591	0
12592	0.00021855048439077836
12593	0.00022027957616106112
12594	0.00031300800887072044
12595	0
12596	0
12597	0
12598	5.896155849296007e-05
12599	5.896155849296007e-05
12600	0
12601	0
12602	0.0003546967109025236
12603	0
12604	0
12605	0
12606	7.84803891179578e-05
12607	0.00010971169456843056
12608	0
12609	5.896155849296007e-05
12610	0.00018518977036393436
12611	0
12612	0.00016627215640196174
12613	0
12614	0.0001715587549267282
12615	0
12616	0.0007137511591699072
12617	0
12618	0
12619	5.896155849296007e-05
12620	8.405719786795714e-05
12621	0
12622	5.896155849296007e-05
12623	5.896155849296007e-05
12624	0.00016028779494365282
12625	6.124298025432344e-05
12626	0.0002921838547321916
12627	5.896155849296007e-05
12628	6.613174117153066e-05
12629	5.896155849296007e-05
12630	0
12631	0.00030376473079632573
12632	0.00013424847661795128
12633	0.0001388925980863166
12634	0.00030376473079632573
12635	0.0002021164231767332
12636	0.00029746706154438243
12637	0.00021252596842772983
12638	0
12639	0
12640	5.896155849296007e-05
12641	6.770533482847219e-05
12642	0.0002921838547321916
12643	5.896155849296007e-05
12644	0
12645	0.00010398834052770522
12646	0.00014285180095059767
12647	8.405719786795714e-05
12648	0
12649	5.896155849296007e-05
12650	0
12651	0.0001325949288343733
12652	0
12653	0
12654	8.154763393045744e-05
12655	0.00014350965201768778
12656	7.527372408670816e-05
12657	0
12658	5.896155849296007e-05
12659	5.896155849296007e-05
12660	0.00010225831287601784
12661	6.389210131305056e-05
12662	0.00020307716159361874
12663	0.0002232659795616147
12664	5.896155849296007e-05
12665	0
12666	0.0006574437148411676
12667	0.00025536300080919325
12668	0.00021225281513883505
12669	0.00025921441650807495
12670	0.00011371568076568095
12671	0
12672	0
12673	0.00015790694327696273
12674	0.0001388925980863166
12675	0
12676	0
12677	0
12678	5.896155849296007e-05
12679	0
12680	0
12681	0
12682	5.896155849296007e-05
12683	5.896155849296007e-05
12684	0.00029746706154438243
12685	0
12686	9.674457467668309e-05
12687	5.896155849296007e-05
12688	0.00029746706154438243
12689	0.00016661659150027795
12690	9.946078160110317e-05
12691	0
12692	0.00013609876517444
12693	0
12694	0.00031190185709826075
12695	6.691225393632627e-05
12696	0.0003312164141345017
12697	5.896155849296007e-05
12698	0.00021855048439077836
12699	6.33342835355732e-05
12700	0.00030376473079632573
12701	0.00018404254944420987
12702	5.896155849296007e-05
12703	0.0003555344263970267
12704	0
12705	0.0002973612206309161
12706	0.0001388925980863166
12707	0.00029746706154438243
12708	0.00010958558737813895
12709	0.00022691569751577737
12710	5.896155849296007e-05
12711	0.00021780917523992068
12712	0.00021252596842772983
12713	5.896155849296007e-05
12714	0.00018957697992444872
12715	5.896155849296007e-05
12716	5.896155849296007e-05
12717	6.998675658983556e-05
12718	0.0006915859725958864
12719	0
12720	0
12721	0
12722	6.71700389848635e-05
12723	0
12724	0.00018268020642643465
12725	5.896155849296007e-05
12726	5.896155849296007e-05
12727	5.896155849296007e-05
12728	0.00021780917523992068
12729	0.0013388391666178114
12730	0.00020916219490283943
12731	0.00013861944479742183
12732	0.0001325949288343733
12733	6.833415144155801e-05
12734	5.896155849296007e-05
12735	0
12736	0.0001325949288343733
12737	0
12738	9.811503616173637e-05
12739	5.896155849296007e-05
12740	0
12741	5.896155849296007e-05
12742	0
12743	0.00021855048439077836
12744	0.00030376473079632573
12745	5.896155849296007e-05
12746	5.896155849296007e-05
12747	0.000161331804960667
12748	0.000424344776497637
12749	6.124298025432344e-05
12750	5.896155849296007e-05
12751	0
12752	5.896155849296007e-05
12753	0.0001388925980863166
12754	5.896155849296007e-05
12755	0.0002705764054490351
12756	0
12757	0.00021225281513883505
12758	0
12759	0
12760	0.00021855048439077836
12761	0
12762	0.00022383369120296918
12763	0
12764	0.0001388925980863166
12765	0.00010902307667682743
12766	0.000130805197860284
12767	0
12768	5.896155849296007e-05
12769	0.0001325949288343733
12770	0.0012432681639325113
12771	0
12772	0.00046244768277211743
12773	0
12774	9.660501755545568e-05
12775	6.613174117153066e-05
12776	6.944267846722355e-05
12777	5.896155849296007e-05
12778	0
12779	0.0002575830437930885
12780	0.0003480910904295613
12781	0
12782	0.00029746706154438243
12783	0
12784	0.00033310339000088143
12785	0.00012588326349295226
12786	5.896155849296007e-05
12787	5.896155849296007e-05
12788	6.46308321749629e-05
12789	0
12790	6.523546833670935e-05
12791	5.896155849296007e-05
12792	5.896155849296007e-05
12793	6.691225393632627e-05
12794	6.105286177420982e-05
12795	5.896155849296007e-05
12796	0.00030376473079632573
12797	5.896155849296007e-05
12798	8.405719786795714e-05
12799	6.613174117153066e-05
12800	0.00029746706154438243
12801	0
12802	0
12803	0
12804	0.00029746706154438243
12805	5.896155849296007e-05
12806	0
12807	0.00018103834992861948
12808	0.00033172863542971887
12809	6.943799207331599e-05
12810	0.00021780917523992068
12811	5.896155849296007e-05
12812	0.0002366309047711685
12813	0.0001325949288343733
12814	0
12815	0.00017108443849665932
12816	0.00014417580489850746
12817	0
12818	0
12819	5.896155849296007e-05
12820	0.0006892911271488667
12821	6.46308321749629e-05
12822	0.00017169006713941475
12823	0
12824	0
12825	0.0003260328302502804
12826	0.00022383369120296918
12827	5.896155849296007e-05
12828	5.896155849296007e-05
12829	7.86795608590292e-05
12830	0
12831	0.00029746706154438243
12832	0
12833	0
12834	0
12835	0
12836	0.0001325949288343733
12837	7.067285686795871e-05
12838	6.191398665472444e-05
12839	0
12840	0.0002398691583049847
12841	0.0001831324076925152
12842	5.896155849296007e-05
12843	5.896155849296007e-05
12844	0
12845	0.0002980344985572039
12846	0
12847	5.896155849296007e-05
12848	0.00010915283724295422
12849	5.896155849296007e-05
12850	5.896155849296007e-05
12851	0.00021855048439077836
12852	0
12853	0
12854	8.06730889219348e-05
12855	0.001439185160475842
12856	0.00021855048439077836
12857	7.987459130545763e-05
12858	5.896155849296007e-05
12859	0
12860	5.896155849296007e-05
12861	7.176658916974286e-05
12862	5.896155849296007e-05
12863	5.896155849296007e-05
12864	0.0002754484231197065
12865	0
12866	0.00021225281513883505
12867	0.00010364207487295736
12868	5.896155849296007e-05
12869	0.00021225281513883505
12870	5.896155849296007e-05
12871	5.896155849296007e-05
12872	5.896155849296007e-05
12873	5.896155849296007e-05
12874	0
12875	7.778328802420787e-05
12876	8.198581176081453e-05
12877	0
12878	0.00021791488637074645
12879	0.0001388925980863166
12880	6.253952889371315e-05
12881	0.00012665332271248478
12882	0
12883	0.0002977402148332772
12884	0.0001325949288343733
12885	0.00011885557954967961
12886	0.00029746706154438243
12887	0
12888	0.00020364470219594883
12889	7.927067741422728e-05
12890	0.0003556024710038673
12891	6.46308321749629e-05
12892	0
12893	6.254664983224537e-05
12894	6.375254419182315e-05
12895	0.00021252596842772983
12896	0
12897	0
12898	5.896155849296007e-05
12899	0
12900	0.0002616935253330572
12901	0
12902	5.896155849296007e-05
12903	9.157246955244824e-05
12904	0
12905	5.896155849296007e-05
12906	9.96897933021856e-05
12907	0.0001325949288343733
12908	5.896155849296007e-05
12909	5.896155849296007e-05
12910	0.00010915283724295422
12911	5.896155849296007e-05
12912	5.896155849296007e-05
12913	6.944267846722355e-05
12914	0.00037739810113773895
12915	5.896155849296007e-05
12916	0.0001325949288343733
12917	8.861154487599875e-05
12918	0.0001388925980863166
12919	0.00013881798522355965
12920	0
12921	0.00037739810113773895
12922	7.685141049672545e-05
12923	7.058427181304977e-05
12924	0
12925	0
12926	5.896155849296007e-05
12927	5.896155849296007e-05
12928	0.00023414510024186277
12929	5.896155849296007e-05
12930	0
12931	6.482095065507652e-05
12932	0.0001210047445388059
12933	0.0002921838547321916
12934	5.896155849296007e-05
12935	6.46308321749629e-05
12936	0
12937	0.00021855048439077836
12938	6.194806910680965e-05
12939	0.03221315021600183
12940	0.00021780917523992068
12941	0
12942	0
12943	0.00021855048439077836
12944	0
12945	0.00021252596842772983
12946	5.896155849296007e-05
12947	5.896155849296007e-05
12948	0
12949	0.00017360064026739533
12950	0.00023481904248672875
12951	0
12952	5.896155849296007e-05
12953	0
12954	0
12955	0.00010915283724295422
12956	5.896155849296007e-05
12957	9.158588968045626e-05
12958	5.896155849296007e-05
12959	6.314416505545958e-05
12960	0
12961	0.00013861944479742183
12962	5.896155849296007e-05
12963	8.06730889219348e-05
12964	0.00012455243413215695
12965	0.00023109830407827688
12966	5.896155849296007e-05
12967	5.896155849296007e-05
12968	6.982291542745079e-05
12969	0.00014417580489850746
12970	0.00029746706154438243
12971	0
12972	0.00027569781700040725
12973	0
12974	0.0002921838547321916
12975	0.00029746706154438243
12976	0.0001997124086204553
12977	0.00022410684449186396
12978	0.0001844397553679454
12979	0.00010008329481675769
12980	0
12981	0.00021225281513883505
12982	7.569198474295812e-05
12983	0
12984	0
12985	5.896155849296007e-05
12986	5.896155849296007e-05
12987	0.00013861944479742183
12988	0.0001967486310979496
12989	0.00021780917523992068
12990	0.00021225281513883505
12991	0
12992	6.482095065507652e-05
12993	0.00021252596842772983
12994	0
12995	5.896155849296007e-05
12996	0
12997	0
12998	0.00021252596842772983
12999	0.00013861944479742183
13000	0.00030493383149092317
13001	0.000261390404660872
13002	6.386118332331664e-05
13003	0.0002921838547321916
13004	0.00013881231407214008
13005	0.00022383369120296918
13006	0.00012061975465805604
13007	0.0002797515203190736
13008	0
13009	0.0001388925980863166
13010	0.00022383369120296918
13011	0.00038813811227162386
13012	5.896155849296007e-05
13013	6.46308321749629e-05
13014	0
13015	5.896155849296007e-05
13016	0
13017	0.0001107450566671952
13018	0
13019	0.0002625534671725284
13020	0.0004159659425676738
13021	0.00017649163542079644
13022	0
13023	5.896155849296007e-05
13024	9.328977793944994e-05
13025	6.105286177420982e-05
13026	0.00014417580489850746
13027	6.230764374295968e-05
13028	0.00021252596842772983
13029	0
13030	7.569198474295812e-05
13031	8.210531480545738e-05
13032	0.00029746706154438243
13033	7.340134290259043e-05
13034	5.896155849296007e-05
13035	0.0002000936340146118
13036	0.00021780917523992068
13037	9.946078160110317e-05
13038	0.00037739810113773895
13039	0
13040	0
13041	7.569198474295812e-05
13042	5.896155849296007e-05
13043	0.00021252596842772983
13044	0
13045	6.907122378599962e-05
13046	0.00023109830407827688
13047	0.0002684332041250996
13048	0.00010915283724295422
13049	6.253952889371315e-05
13050	5.896155849296007e-05
13051	0.0004003728151385116
13052	5.896155849296007e-05
13053	0
13054	0.0002278474309899195
13055	6.230764374295968e-05
13056	5.896155849296007e-05
13057	0.00013861944479742183
13058	0.0001325949288343733
13059	5.896155849296007e-05
13060	0.00021252596842772983
13061	5.896155849296007e-05
13062	0.00017930610761611888
13063	0.00014865770054742065
13064	0.0001325949288343733
13065	0.00037739810113773895
13066	0
13067	0.00018380312286991855
13068	6.64902503054592e-05
13069	0.0001325949288343733
13070	5.896155849296007e-05
13071	0.00029608744532101574
13072	8.405719786795714e-05
13073	5.896155849296007e-05
13074	5.896155849296007e-05
13075	0.0002667659993761358
13076	0.00021855048439077836
13077	0
13078	0.00021942299781740565
13079	6.526007190472405e-05
13080	0.00027252273906859656
13081	5.896155849296007e-05
13082	5.896155849296007e-05
13083	0
13084	0
13085	5.896155849296007e-05
13086	0.00022383369120296918
13087	0.00013861944479742183
13088	5.896155849296007e-05
13089	0.0002977402148332772
13090	0.0001609062311485055
13091	0.0002278474309899195
13092	0.00024470333866272366
13093	0.0001325949288343733
13094	0.00016634428142449256
13095	0
13096	0
13097	0.00010542532713302453
13098	0.00014417580489850746
13099	0.00028650139083709743
13100	0
13101	0
13102	0
13103	0.0002977402148332772
13104	6.314416505545958e-05
13105	0.0003539891358168093
13106	0.00037739810113773895
13107	7.569198474295812e-05
13108	0
13109	0
13110	0.00010155954921174419
13111	0
13112	0.00022410684449186396
13113	6.314416505545958e-05
13114	5.896155849296007e-05
13115	0.0001724917479252417
13116	0.0002977402148332772
13117	0
13118	0.0003422295785572814
13119	0.00032635080623382313
13120	0.0001325949288343733
13121	7.340134290259043e-05
13122	0.0002921838547321916
13123	0.00019767169739963542
13124	0
13125	5.896155849296007e-05
13126	5.896155849296007e-05
13127	0.00021225281513883505
13128	0
13129	6.124298025432344e-05
13130	0
13131	0.00021225281513883505
13132	0.0002921838547321916
13133	0
13134	0.00021780917523992068
13135	0.00010915283724295422
13136	0
13137	0
13138	0.00021225281513883505
13139	0
13140	0
13141	0
13142	0.0001325949288343733
13143	0.0001325949288343733
13144	0.00021225281513883505
13145	5.896155849296007e-05
13146	0.00037739810113773895
13147	0.00021780917523992068
13148	0.0002646060676000071
13149	0
13150	0
13151	8.733513553977007e-05
13152	5.896155849296007e-05
13153	5.896155849296007e-05
13154	0.0004130571980478477
13155	5.896155849296007e-05
13156	0
13157	6.46308321749629e-05
13158	6.523546833670935e-05
13159	0
13160	8.532992643099256e-05
13161	0
13162	0
13163	0.0001325949288343733
13164	0
13165	0.00022410684449186396
13166	0.00024083727074186202
13167	0.00013861944479742183
13168	0.00020643733138517027
13169	0.0001388925980863166
13170	0.00021225281513883505
13171	0.0001325949288343733
13172	0
13173	5.896155849296007e-05
13174	0.0003137740261980876
13175	0
13176	5.896155849296007e-05
13177	0
13178	0.0002977402148332772
13179	0.00021780917523992068
13180	0.00020470383563704912
13181	5.896155849296007e-05
13182	5.896155849296007e-05
13183	0.00029746706154438243
13184	8.025482826568486e-05
13185	0.00028677454412599226
13186	5.896155849296007e-05
13187	0.00029746706154438243
13188	5.896155849296007e-05
13189	0.00017576172918484616
13190	0.00022383369120296918
13191	0.00015116726448492036
13192	0
13193	0.0003480910904295613
13194	6.482095065507652e-05
13195	0
13196	0.00021780917523992068
13197	0.0004111474537278582
13198	7.105309382818593e-05
13199	0.00022383369120296918
13200	0
13201	0
13202	9.805767985846924e-05
13203	8.286216742152871e-05
13204	0
13205	6.147112243045978e-05
13206	6.253952889371315e-05
13207	0.00018394843231107883
13208	5.896155849296007e-05
13209	0
13210	0.0001491654082400838
13211	5.896155849296007e-05
13212	6.613174117153066e-05
13213	5.896155849296007e-05
13214	0
13215	6.523546833670935e-05
13216	0.00029746706154438243
13217	0
13218	5.896155849296007e-05
13219	0.00021225281513883505
13220	6.191398665472444e-05
13221	0
13222	6.147112243045978e-05
13223	0.000446142239306491
13224	0.00021225281513883505
13225	0
13226	0
13227	9.420308843171177e-05
13228	6.425952680545945e-05
13229	0.0001325949288343733
13230	0.00014417580489850746
13231	0.00017911866790556492
13232	0
13233	0.0002921838547321916
13234	5.896155849296007e-05
13235	0.00021855048439077836
13236	0.00022383369120296918
13237	7.150937818045861e-05
13238	0
13239	0
13240	0
13241	0
13242	0
13243	0.00033268307784033467
13244	0.00014417580489850746
13245	0.0001325949288343733
13246	0.0002608777704036755
13247	5.896155849296007e-05
13248	5.896155849296007e-05
13249	0
13250	0.0001860397355923286
13251	0
13252	0.0003388121188772371
13253	5.896155849296007e-05
13254	0.00022410684449186396
13255	0.00022410684449186396
13256	5.896155849296007e-05
13257	5.896155849296007e-05
13258	0.0002800246736079683
13259	6.105286177420982e-05
13260	0.0004061413716213865
13261	0
13262	0.00022410684449186396
13263	5.896155849296007e-05
13264	5.896155849296007e-05
13265	0
13266	0.0001388925980863166
13267	7.569198474295812e-05
13268	0
13269	0.00037739810113773895
13270	0.0002977402148332772
13271	0.00010140394895336537
13272	0
13273	0
13274	0.00021252596842772983
13275	6.412024348918689e-05
13276	5.896155849296007e-05
13277	0
13278	0.00030376473079632573
13279	0.00024689052637469827
13280	0.00021780917523992068
13281	0.0002977402148332772
13282	0.00010915283724295422
13283	0
13284	0
13285	0.0002747308733770428
13286	0.0002000936340146118
13287	7.634285282047762e-05
13288	0.00029746706154438243
13289	0
13290	0
13291	0
13292	5.896155849296007e-05
13293	0.0002522760775727036
13294	0.00021782985428023865
13295	7.340134290259043e-05
13296	8.405719786795714e-05
13297	0.0001388925980863166
13298	0.00022383369120296918
13299	0.0001325949288343733
13300	0.00013861944479742183
13301	7.778328802420787e-05
13302	0
13303	0.00023127702717043458
13304	0.00014263318458437215
13305	0
13306	0.0002977402148332772
13307	5.896155849296007e-05
13308	0.00021225281513883505
13309	5.896155849296007e-05
13310	0.00037739810113773895
13311	5.896155849296007e-05
13312	6.613174117153066e-05
13313	6.858155358670896e-05
13314	0.0001947998337836863
13315	0.00021225281513883505
13316	0.00023408588019434797
13317	5.896155849296007e-05
13318	0
13319	0.00030222211048219045
13320	0.00029746706154438243
13321	0.00030376473079632573
13322	0.0001388925980863166
13323	6.124298025432344e-05
13324	0.0002977402148332772
13325	5.896155849296007e-05
13326	0.00011808331995218977
13327	0.00014417580489850746
13328	0.00021780917523992068
13329	0
13330	5.896155849296007e-05
13331	0
13332	8.110565338253614e-05
13333	0
13334	0
13335	0.0001325949288343733
13336	0.0001325949288343733
13337	0.00029746706154438243
13338	5.896155849296007e-05
13339	0.00021252596842772983
13340	7.105309382818593e-05
13341	0.00012711789061104918
13342	6.124298025432344e-05
13344	0.0002455291450507253
13345	0
13346	0
13347	0
13348	0.00018318470084661173
13349	0
13350	0
13351	0
13352	0.00023734931107410306
13353	0.00029433781680603837
13354	0
13355	6.249353736795966e-05
13356	6.063460111795988e-05
13357	0.03772878147269168
13358	0
13359	5.896155849296007e-05
13360	0
13361	6.082049474295986e-05
13362	0
13363	5.896155849296007e-05
13364	6.249353736795966e-05
13365	0
13366	5.896155849296007e-05
13367	6.063460111795988e-05
13368	0
13369	6.249353736795966e-05
13370	0.00014572245081963172
13371	5.896155849296007e-05
13372	5.896155849296007e-05
13373	0
13374	0.00018253719595996655
13375	5.896155849296007e-05
13376	0.00027044666989618744
13377	5.896155849296007e-05
13378	6.063460111795988e-05
13379	6.082049474295986e-05
13380	0
13381	6.249353736795966e-05
13382	0
13383	5.896155849296007e-05
13384	0.00031207437327167715
13385	6.249353736795966e-05
13386	0
13387	0
13388	5.896155849296007e-05
13389	5.896155849296007e-05
13390	5.896155849296007e-05
13391	0
13392	0.00022399329839453355
13393	0
13394	0
13395	6.082049474295986e-05
13396	0
13397	5.896155849296007e-05
13398	6.249353736795966e-05
13399	0
13400	0
13401	5.896155849296007e-05
13402	0
13403	0.00031528158725477795
13404	6.249353736795966e-05
13405	6.082049474295986e-05
13406	6.063460111795988e-05
13407	6.082049474295986e-05
13408	5.896155849296007e-05
13409	0
13410	6.063460111795988e-05
13411	6.082049474295986e-05
13412	6.063460111795988e-05
13413	0
13414	0
13415	5.896155849296007e-05
13416	0
13417	5.896155849296007e-05
13418	0.00022375495718534582
13419	0
13420	0
13421	0
13422	5.896155849296007e-05
13423	5.896155849296007e-05
13424	7.798303384386749e-05
13425	6.082049474295986e-05
13426	0
13427	0
13428	0
13429	0
13430	8.975501716589915e-05
13431	0
13432	5.896155849296007e-05
13433	0.00020506130078486518
13434	0.00033897190225277757
13435	0
13436	5.896155849296007e-05
13437	0
13438	5.896155849296007e-05
13439	0
13440	0
13441	6.063460111795988e-05
13442	6.063460111795988e-05
13443	0.00018142453643199015
13444	0
13445	6.082049474295986e-05
13446	6.063460111795988e-05
13447	8.405719786795714e-05
13448	0
13449	6.249353736795966e-05
13450	0.00018511575048848984
13451	0
13452	0.00030424784838349285
13453	0.0009256449946124335
13454	0
13455	6.063460111795988e-05
13456	6.249353736795966e-05
13457	6.249353736795966e-05
13458	0
13459	5.896155849296007e-05
13460	6.063460111795988e-05
13461	0.00016866132121212874
13462	5.896155849296007e-05
13463	6.249353736795966e-05
13464	0
13465	5.896155849296007e-05
13466	0
13467	0
13468	0
13469	0
13470	0
13471	0
13472	0
13473	0.0002590085505871759
13474	0
13475	0
13476	0
13477	0
13478	0
13479	0.00010915283724295422
13480	0
13481	6.082049474295986e-05
13482	0
13483	6.063460111795988e-05
13484	0
13485	5.896155849296007e-05
13486	0
13487	0
13488	0
13489	0.00016364087224955709
13490	0.00022259582017545107
13491	5.896155849296007e-05
13492	7.569198474295812e-05
13493	0
13494	5.896155849296007e-05
13495	0.00022705743108953716
13496	0
13497	0.0002497754595934122
13498	6.89998142429589e-05
13499	6.082049474295986e-05
13500	0
13501	6.249353736795966e-05
13502	0
13503	6.249353736795966e-05
13504	6.082049474295986e-05
13505	0.00036178810017045086
13506	6.249353736795966e-05
13507	6.249353736795966e-05
13508	0.0001797045294808338
13509	0.00044648216762164665
13510	0
13511	0
13512	0
13513	5.896155849296007e-05
13514	0.00017446613446379743
13515	0
13516	5.896155849296007e-05
13517	0
13518	0.00031098072125684655
13519	0
13520	0
13521	0.00032762592936317453
13522	0
13523	6.063460111795988e-05
13524	0
13525	6.89998142429589e-05
13526	0
13527	5.896155849296007e-05
13528	0
13529	0.0001442867323679501
13530	0.00011919109299295304
13531	0
13532	0
13533	0
13534	0.00032386791753759845
13535	0
13536	0
13537	0
13538	0
13539	0
13540	7.437869500283288e-05
13541	0
13542	0.0022363075786627717
13543	0
13544	0.0002039668391959776
13545	0
13546	0
13547	0
13548	0
13549	0
13550	0
13551	5.896155849296007e-05
13552	5.896155849296007e-05
13553	5.896155849296007e-05
13554	5.896155849296007e-05
13555	0
13556	5.896155849296007e-05
13557	0
13558	0
13559	6.249353736795966e-05
13560	5.896155849296007e-05
13561	0
13562	0
13563	0
13564	0.00037142910593747906
13565	5.896155849296007e-05
13566	0
13567	5.896155849296007e-05
13568	5.896155849296007e-05
13569	0
13570	0
13571	5.896155849296007e-05
13572	0.00021620952271297344
13573	0
13574	0
13575	5.896155849296007e-05
13576	0
13577	0
13578	5.896155849296007e-05
13579	7.150937818045861e-05
13580	0.0001442867323679501
13581	0
13582	0
13583	0
13584	0.000319550396763397
13585	0
13586	0
13587	0
13588	7.150937818045861e-05
13589	6.063460111795988e-05
13590	0
13591	7.437869500283288e-05
13592	0.00046837399720877715
13593	0
13594	5.896155849296007e-05
13595	0
13596	0
13597	0
13598	0
13599	0
13600	0.00032328096028325846
13601	5.896155849296007e-05
13602	0
13603	0
13604	0
13605	0
13606	5.896155849296007e-05
13607	0.00021252596842772983
13608	0
13609	0
13610	0
13611	0
13612	5.896155849296007e-05
13613	6.89998142429589e-05
13614	0
13615	0
13616	0.0008152584435334026
13617	5.896155849296007e-05
13618	0
13619	0
13620	0.00025370709529950417
13621	0.0002861390606870953
13622	0
13623	5.896155849296007e-05
13624	5.896155849296007e-05
13625	5.896155849296007e-05
13626	0
13627	0
13628	0
13629	0
13630	5.896155849296007e-05
13631	0
13632	0
13633	0
13634	0
13635	0.00026334779933580147
13636	0
13637	0
13638	0
13639	0.00010573469144485244
13640	0.000109499037351102
13641	0
13642	0
13643	0
13644	5.896155849296007e-05
13645	0.00023528091064077642
13646	5.896155849296007e-05
13647	0
13648	0
13649	0
13650	5.896155849296007e-05
13651	0.00025674227631677953
13652	0
13653	0
13654	5.896155849296007e-05
13655	0
13656	5.896155849296007e-05
13657	0
13658	0
13659	0
13660	9.660501755545568e-05
13661	0
13662	0
13663	0
13664	0
13665	0
13666	5.896155849296007e-05
13667	0
13668	0
13669	0
13670	5.896155849296007e-05
13671	0
13672	0
13673	0
13674	0.00012468823304652383
13675	5.896155849296007e-05
13676	0
13677	0
13678	0
13679	0
13680	0
13681	0
13682	0
13683	0
13684	0
13685	5.896155849296007e-05
13686	0
13687	0
13688	0
13689	0
13690	0
13691	0
13692	0.0001325949288343733
13693	0
13694	0
13695	5.896155849296007e-05
13696	0
13697	0
13698	0
13699	0.00021780917523992068
13700	5.896155849296007e-05
13701	5.896155849296007e-05
13702	0
13703	0
13704	0.0002631499973129087
13705	5.896155849296007e-05
13706	0
13707	0
13708	5.896155849296007e-05
13709	0
13710	0
13711	5.896155849296007e-05
13712	0
13713	0
13714	0
13715	0
13716	0
13717	5.896155849296007e-05
13718	0
13719	0
13720	0
13721	0
13722	0
13723	0.00037198879053153955
13724	0
13725	0
13726	0
13727	0
13728	5.896155849296007e-05
13729	0
13730	0
13731	0
13732	0
13733	0
13734	0
13735	5.896155849296007e-05
13736	5.896155849296007e-05
13737	0
13738	0
13739	0.00022383369120296918
13740	0
13741	0
13742	0
13743	0
13744	0
13745	7.150937818045861e-05
13746	0
13747	0
13748	6.124298025432344e-05
13749	0
13750	5.896155849296007e-05
13751	5.896155849296007e-05
13752	0
13753	0
13754	0
13755	5.896155849296007e-05
13758	0.0009019828423967926
13759	0.030864823282829495
13757	0.02814003662991179
13760	5.896155849296007e-05
13761	0.0007557869164914022
13762	0.00019047297717612522
13763	0.0023012804835454335
13764	0.0002921838547321916
13765	0.00035523963197735953
13766	0.0008983734232896657
13767	5.896155849296007e-05
13768	0.00021252596842772983
13769	0.00035379821573621877
13770	0.00021780917523992068
13771	5.896155849296007e-05
13772	0.00013861944479742183
13773	0.0002921838547321916
13774	0.003388136533723652
13775	0.00021252596842772983
13776	0.00035037065561753327
13777	5.896155849296007e-05
13778	0.0009202863351739822
13779	0.0002921838547321916
13780	0.0001388925980863166
13781	0.00030376473079632573
13784	0.00023219890432796822
13785	0.0012776710003890976
13786	7.569198474295812e-05
13787	5.896155849296007e-05
13788	0.00013861944479742183
13790	0.031693235941436665
13791	5.896155849296007e-05
13792	0.00024180346377236173
13793	5.896155849296007e-05
13794	5.896155849296007e-05
13795	0.0017436253823614263
13756	0.00018518977036393436
13796	0.00035254325725569247
13797	8.405719786795714e-05
13798	5.896155849296007e-05
13799	0.00021074709512145976
13800	0.00021855048439077836
13782	0.00014936410170935245
13801	0.00021780917523992068
13802	7.150937818045861e-05
13803	0.00038092629761857537
13804	0.00022410684449186396
13805	0.00022383369120296918
13806	0.00018915692365556377
13807	5.896155849296007e-05
13808	0.0009607677743382089
13809	5.896155849296007e-05
13810	5.896155849296007e-05
13811	0.00021780917523992068
13812	5.896155849296007e-05
13813	0.00023528091064077642
13814	0.0007605769985873539
13815	5.896155849296007e-05
13816	0.0022311127521702475
13817	0.0001947998337836863
13818	5.896155849296007e-05
13819	0.0001388925980863166
13820	5.896155849296007e-05
13821	0.00013861944479742183
13822	5.896155849296007e-05
13823	0.0001388925980863166
13824	0.00016754746130323833
13825	0.0001388925980863166
13826	0.003931314350419564
13827	0.0006690173929437877
13828	5.896155849296007e-05
13829	0.00022383369120296918
13830	0.00030376473079632573
13831	0.00033679375990102866
13832	0.0002435516935690383
13833	0.00028002467360796837
13834	5.896155849296007e-05
13835	0.0009763234775246594
13836	0.003347606152532534
13837	0.0002860491895710169
13838	5.896155849296007e-05
13839	0.00029746706154438243
13840	0.0008132217792525072
13841	0.00013861944479742183
13842	0.003073646284795829
13843	0.00016420461252890603
13844	5.896155849296007e-05
13845	0.00013861944479742183
13846	0.00037739810113773895
13847	0.0001388925980863166
13848	0.00014417580489850746
13849	0.00014560126585902138
13850	0.00021225281513883505
13851	0.0001325949288343733
13852	0.0001948683657809539
13853	0.00013861944479742183
13854	0.0008300710278852147
13855	0.00021225281513883505
13856	0.00024083727074186202
13857	0.0001388925980863166
13858	5.896155849296007e-05
13859	0.004265496384229046
13860	0.0001692714442735045
13861	6.015483068296079e-05
13862	0.0010881221769725104
13863	5.896155849296007e-05
13864	0.0002921838547321916
13865	0.0004837085617966146
13866	0.00013424847661795128
13867	0.0002921838547321916
13868	5.896155849296007e-05
13869	0.0001388925980863166
13870	0.00011037910791817207
13871	0.0001388925980863166
13872	0.0002921838547321916
13873	0.000545217449131049
13874	5.896155849296007e-05
13875	0.00021252596842772983
13876	0.0003742293207462025
13877	0.000686110715115134
13878	0.00029929930590337364
13879	5.896155849296007e-05
13880	5.896155849296007e-05
13881	0.00030219594286335505
13882	0.00021225281513883505
13883	5.896155849296007e-05
13884	0.00035459958386454795
13885	0.00013861944479742183
13886	0.00021252596842772983
13887	0.00021780917523992068
13888	0.00021780917523992068
13889	5.896155849296007e-05
13891	0.00022410684449186396
13892	5.896155849296007e-05
13893	0.00021225281513883505
13894	0.00021252596842772983
13895	0.00030777847058327605
13896	0.00022383369120296918
13897	0.0002921838547321916
13898	7.569198474295812e-05
13899	0.00029917278686575897
13900	0.00030376473079632573
13901	0.00021780917523992068
13902	0.0003926300910798173
13903	0.00030376473079632573
13904	7.188961514068584e-05
13905	0.0002921838547321916
13906	0.00021855048439077836
13907	0.00047488001718523534
13908	0.0002222656153278977
13909	0.0002977402148332772
13910	0.00030376473079632573
13911	0.00022410684449186396
13912	0.00037739810113773895
13913	5.896155849296007e-05
13914	7.569198474295812e-05
13917	0.00032593320732231083
13918	0.0001739697149900101
13919	0.00021855048439077836
13920	0.0002921838547321916
13921	0.00029746706154438243
13922	6.16106795516872e-05
13923	0.0002478762386203181
13924	0.00021855048439077836
13925	0.00021855048439077836
13926	0.0002921838547321916
13927	0.0003232890448539344
13928	5.896155849296007e-05
13929	0.0003243241406458939
13930	5.896155849296007e-05
13931	0.00024633325959638204
13932	0.00017264195067643584
13933	0.0001325949288343733
13934	5.896155849296007e-05
13935	5.896155849296007e-05
13936	0.0002851697269374214
13937	0.00039522213088077364
13938	0.0001388925980863166
13939	0.00014417580489850746
13940	0.00024145398493354632
13941	0.00039624441515915794
13789	0.00021252596842772983
13942	0.00030891428098218964
13943	5.896155849296007e-05
13944	0.0003005490678571906
13945	0.00030376473079632573
13946	0.0001388925980863166
13947	5.896155849296007e-05
13948	0.00024056411745296724
13949	0.0004027101155803284
13950	0.0001325949288343733
13951	0.0001388925980863166
13952	0.00021225281513883505
13953	5.896155849296007e-05
13955	0.00021225281513883505
13956	5.896155849296007e-05
13957	0.0002684332041250996
13958	5.896155849296007e-05
13959	0.0001325949288343733
13960	0.00029746706154438243
13961	6.613174117153066e-05
13962	0.00010712128548402587
13963	0.0001388925980863166
13964	0.0002977402148332772
13965	5.896155849296007e-05
13966	0.00029746706154438243
13967	5.896155849296007e-05
13968	5.896155849296007e-05
13969	5.896155849296007e-05
13970	0.00029746706154438243
13971	5.896155849296007e-05
13972	0.00021780917523992068
13973	0.0001325949288343733
13974	5.896155849296007e-05
13975	0.0004786461589080967
13977	0.00021780917523992068
13978	0.0002828291965044924
13979	0.00021780917523992068
13980	5.896155849296007e-05
13981	0.0002921838547321916
13982	0.0002921838547321916
13983	0.00014417580489850746
13984	0.00037739810113773895
13985	5.896155849296007e-05
13986	0.0004738456146269048
13987	0.0004493010684391974
13988	0.00021855048439077836
13989	8.26998533640099e-05
13990	0.00030376473079632573
13991	0.00018951662697149545
13992	0.00030376473079632573
13993	5.896155849296007e-05
13994	0.00021225281513883505
13995	0.00021252596842772983
13996	0.00020535278818044296
13997	0.00022383369120296918
13998	0.00037739810113773895
13999	0.00033985478054839545
14000	5.896155849296007e-05
14001	0.0002921838547321916
14002	0.0003302224119544372
14003	0.0001325949288343733
14004	0.0002921838547321916
14005	0.0003118074269015236
14006	5.896155849296007e-05
14007	5.896155849296007e-05
14008	0.00015198015418406056
14009	0.0002530348609976805
14010	0.00013861944479742183
14011	0.0001388925980863166
14012	5.896155849296007e-05
14013	0.00021855048439077836
14014	5.896155849296007e-05
14015	0.00022410684449186396
14016	6.46308321749629e-05
14017	0.0001325949288343733
14018	0.0001325949288343733
14019	0.0001325949288343733
14020	5.896155849296007e-05
14021	0.00030376473079632573
14022	0.00014417580489850746
14023	8.405719786795714e-05
14024	5.896155849296007e-05
14025	0.0003628679096603944
14026	0.0001915841708445512
14027	0.00021252596842772983
14028	0.00030376473079632573
14029	5.896155849296007e-05
14030	0.00037739810113773895
14031	5.896155849296007e-05
14032	6.194806910680965e-05
14033	0.00018951662697149545
14034	0.0002921838547321916
14035	0.00021252596842772983
14036	0.00028426584215706594
14037	0.00024368418544143508
13890	0.00043667235908979244
14038	0.00022383369120296918
14039	5.896155849296007e-05
14040	0.00030376473079632573
14041	5.896155849296007e-05
14042	0.0005775745934459728
14043	5.896155849296007e-05
13916	0.00016334771721333022
14044	5.896155849296007e-05
14045	5.896155849296007e-05
14046	0.00022410684449186396
14047	5.896155849296007e-05
14048	0.0001730941519425164
14049	0.00021225281513883505
14050	0.00021225281513883505
14051	0.0002921838547321916
14052	0.00021855048439077836
14053	0.00013861944479742183
14054	0.00014725781121131563
14055	0.00015421406064850627
14056	8.154763393045743e-05
14057	0.0001388925980863166
14058	0.0004016592887617684
14059	5.896155849296007e-05
14060	0.0001388925980863166
14061	0.00030376473079632573
14062	5.896155849296007e-05
14063	0.0004538443294122987
14064	0.00021252596842772983
14065	0.0002921838547321916
14066	0.0002527520382469782
14067	0.00037739810113773895
14068	0.0001329081925316966
14069	8.676891644668074e-05
14070	0.0001892434736826007
14071	5.896155849296007e-05
14072	0.00021855048439077836
14073	0.000398988272603635
14074	0.0002977402148332772
14075	0.00022480063482633358
14076	5.896155849296007e-05
14077	0.00013861944479742183
14078	0.00014417580489850746
14079	0.00015769056820937036
14080	5.896155849296007e-05
14081	0.00030376473079632573
13976	0.00014957591205353834
14082	0.00022383369120296918
14083	0.00021780917523992068
14084	5.896155849296007e-05
14085	0.00022383369120296918
14086	6.89998142429589e-05
14087	9.946078160110317e-05
14088	0.00021780917523992068
14089	0.00018321895771955218
14090	0.00021780917523992068
14091	0.00022410684449186396
14092	0.00021225281513883505
14093	0.00014801055039417288
14094	6.2239496164773e-05
14095	0.00021252596842772983
14096	0.0001388925980863166
14097	0.0001388925980863166
14098	0.0001388925980863166
14099	0.00022383369120296918
14100	0.00021780917523992068
14101	5.896155849296007e-05
14102	5.896155849296007e-05
14103	0.00013861944479742183
14104	0.00014113138195739035
14105	0.00021225281513883505
14106	0.0002977402148332772
14107	6.314416505545958e-05
14108	5.896155849296007e-05
14109	5.896155849296007e-05
14110	0.00013861944479742183
14111	0.0002148286414140849
14112	0.00030376473079632573
14113	0.00021780917523992068
14114	7.57969637081829e-05
14115	0.00025322633682775883
14116	0.00021225281513883505
14117	0.0001388925980863166
14118	0.0001325949288343733
14119	0.0003874363568877378
14120	0.0001325949288343733
14121	5.896155849296007e-05
14122	0.00014417580489850746
14123	5.896155849296007e-05
14124	5.896155849296007e-05
14125	5.896155849296007e-05
14126	0.00023902149713883193
14127	0.00021855048439077836
14128	7.754706594898586e-05
14129	0.00021225281513883505
14130	6.73267716179591e-05
14131	0.00030376473079632573
14132	0.00014417580489850746
14133	0.0001325949288343733
14134	0.0002921838547321916
14135	0.00018321895771955218
14136	5.896155849296007e-05
14137	0.0001325949288343733
14138	0.00021855048439077836
14139	0.00014609314632881414
14140	5.896155849296007e-05
14141	0.00013861944479742183
14142	5.896155849296007e-05
14143	0.000394128527387737
14144	0.0001325949288343733
13783	0.0008923891527582113
14145	0.0001388925980863166
14146	0.00020616050319445655
14147	7.150937818045861e-05
14148	0.00013861944479742183
14149	0.0001388925980863166
14150	0.0001325949288343733
14151	6.613174117153066e-05
14152	5.896155849296007e-05
14153	0.00029746706154438243
14154	0.00022480063482633358
14155	0.00030376473079632573
14156	0.00013861944479742183
14157	0.0002977402148332772
14158	0.0001388925980863166
14159	0.00023384298660473107
14160	0.0002977402148332772
14161	5.896155849296007e-05
14162	0.00021252596842772983
14163	5.896155849296007e-05
14164	5.896155849296007e-05
14165	0.00021252596842772983
14166	0.00013861944479742183
14167	0.0002435516935690383
14168	0.0002977402148332772
14169	0.0001325949288343733
14170	6.453836724295943e-05
14171	5.896155849296007e-05
14172	5.896155849296007e-05
14173	0.0001325949288343733
14174	0.00021855048439077836
14175	0.00022383369120296918
14176	0.00021855048439077836
14177	8.146112688637291e-05
14178	0.00021780917523992068
14179	0.00014417580489850746
14180	0.0001388925980863166
14181	5.896155849296007e-05
14182	5.896155849296007e-05
14183	0.00030376473079632573
13915	0.00015785251725107554
14184	0.00010899000755813576
14185	5.896155849296007e-05
14186	7.754706594898586e-05
14187	0.00037739810113773895
14188	5.896155849296007e-05
14189	5.896155849296007e-05
11559	0.00010831631593045431
14190	0.0001388925980863166
14191	0.00021252596842772983
14192	5.896155849296007e-05
14193	0.00019201160378943416
14194	8.682380665096603e-05
14195	0.00015533724853157213
14196	0.00022383369120296918
14197	0.00021252596842772983
14198	0.0001325949288343733
14199	0.0002460021677289543
14200	0.00037739810113773895
14201	5.896155849296007e-05
14202	0.00016345971035278516
14203	0.00021252596842772983
14204	0.0002977402148332772
14205	0.00011422802318176135
14206	0.0002288444693599064
14207	5.896155849296007e-05
14208	0.00013861944479742183
14209	0.00013206705763306678
14210	0.00016658946038384468
14211	0.00013861944479742183
14212	0.00022410684449186396
14213	0.00021252596842772983
14214	0.00021780917523992068
14215	0.00021855048439077836
14216	7.150937818045861e-05
14217	0.00021780917523992068
14218	5.896155849296007e-05
14219	0.00023665466417936248
14220	0.0001325949288343733
14221	0.00029746706154438243
14222	0.0001325949288343733
14223	0.00010915283724295422
14224	0.00021252596842772983
14225	5.896155849296007e-05
14226	0.0001325949288343733
14227	0.00021855048439077836
14228	9.03311077117064e-05
14229	0.0002921838547321916
14230	0.00022410684449186396
14231	0.00010915283724295422
14232	5.896155849296007e-05
14233	0.00021225281513883505
14234	5.896155849296007e-05
14235	5.896155849296007e-05
14236	5.896155849296007e-05
14237	5.896155849296007e-05
14238	0.00019083983649430166
13954	0.00012268441362825761
14239	6.41018622781935e-05
14240	5.896155849296007e-05
14241	0.00037739810113773895
14242	0.00022572066706934892
14243	6.613174117153066e-05
14244	7.401894211795832e-05
14245	5.896155849296007e-05
14246	8.672821402609057e-05
14247	7.507073305796985e-05
14248	0.0001325949288343733
14249	0.00014417580489850746
14250	0.00014417580489850746
14251	0.00024747850089659485
14252	5.896155849296007e-05
14253	0.00021780917523992068
14254	0.00018321895771955218
14255	5.896155849296007e-05
14256	0.00022383369120296918
14257	0.0002522998369808976
14258	0.00021225281513883505
14259	7.150937818045861e-05
14260	0.00021252596842772983
14261	0.00021225281513883505
14262	0.0001388925980863166
14263	0.0002921838547321916
14264	0.00014725781121131563
14265	5.896155849296007e-05
14266	0.00030376473079632573
14267	5.896155849296007e-05
14268	0.00030376473079632573
14269	0.00022691569751577737
14270	0.00014417580489850746
14271	0.0001325949288343733
14272	0.00022383369120296918
14273	0.00022383369120296918
14274	5.896155849296007e-05
14275	0.00014417580489850746
14276	0.0002921838547321916
14277	0.0001325949288343733
14278	5.896155849296007e-05
14279	6.613174117153066e-05
14280	0.00022410684449186396
14281	0.0002522998369808976
14282	0.00025904970749892145
14283	0.00021855048439077836
14284	0.00022038226905783686
14285	0.0002921838547321916
14286	5.896155849296007e-05
14287	0.0002921838547321916
14288	5.896155849296007e-05
14289	0.00014893085383631542
14290	0.00013861944479742183
14291	8.590396512112822e-05
14292	7.488801002209376e-05
14293	0.00021225281513883505
14294	0.00013861944479742183
14295	5.896155849296007e-05
14296	8.788957499877658e-05
14297	7.569198474295812e-05
14298	0.0004147489306795506
14299	5.896155849296007e-05
14300	0.00013861944479742183
14301	5.896155849296007e-05
14302	5.896155849296007e-05
14303	5.896155849296007e-05
14304	6.613174117153066e-05
14305	5.896155849296007e-05
14306	7.318242080545841e-05
14307	5.896155849296007e-05
14308	5.896155849296007e-05
14309	0.00021855048439077836
14310	5.896155849296007e-05
14311	0.00010218182630545501
14312	5.896155849296007e-05
14313	0.00013861944479742183
14314	0.000151889095773089
14315	0.0001325949288343733
14316	8.405719786795714e-05
14317	0.00010915283724295422
14318	5.896155849296007e-05
14319	5.896155849296007e-05
14320	0.0001096609295596944
14321	5.896155849296007e-05
14322	5.896155849296007e-05
14323	5.896155849296007e-05
14324	0.0001388925980863166
14325	5.896155849296007e-05
14326	5.896155849296007e-05
14327	8.405719786795714e-05
14328	0.0001325949288343733
14329	0.00021225281513883505
14330	5.896155849296007e-05
14331	0.00018321895771955218
14332	5.896155849296007e-05
14333	6.73267716179591e-05
14334	8.993740425300304e-05
14335	0.00021780917523992068
14336	8.823980443045665e-05
14337	0.00021225281513883505
14338	7.754706594898586e-05
14339	5.896155849296007e-05
14340	5.896155849296007e-05
14341	0.00012588326349295226
14342	0.0001388925980863166
14343	0.00013861944479742183
14344	5.896155849296007e-05
14345	7.569198474295812e-05
14346	7.150937818045861e-05
14347	5.896155849296007e-05
14348	5.896155849296007e-05
14349	5.896155849296007e-05
14350	5.896155849296007e-05
14351	5.896155849296007e-05
14352	5.896155849296007e-05
14353	6.523546833670935e-05
14354	5.896155849296007e-05
13343	5.896155849296007e-05
14355	5.896155849296007e-05
14356	0.0001388925980863166
14357	5.896155849296007e-05
14358	0.00010915283724295422
14359	5.896155849296007e-05
14360	9.946078160110317e-05
14361	5.896155849296007e-05
14362	5.896155849296007e-05
14363	0.0001388925980863166
14364	6.015483068296079e-05
14365	5.896155849296007e-05
14366	5.896155849296007e-05
14367	5.896155849296007e-05
14368	5.896155849296007e-05
14369	5.896155849296007e-05
14370	5.896155849296007e-05
14371	5.896155849296007e-05
14372	5.896155849296007e-05
14373	5.896155849296007e-05
14374	5.896155849296007e-05
14375	5.896155849296007e-05
14376	7.150937818045861e-05
14379	5.896155849296007e-05
14380	5.896155849296007e-05
14381	5.896155849296007e-05
14382	5.896155849296007e-05
14383	5.896155849296007e-05
14384	5.896155849296007e-05
14385	5.896155849296007e-05
14386	7.150937818045861e-05
14377	5.896155849296007e-05
14378	0.00010915283724295422
