12255	5.095066512218974e-05
12807	0.013519690696937094
13324	5.095066512218974e-05
9243	5.8180075919119e-05
9645	6.403723728517558e-05
1408	0.0007712737078639922
11210	0.0001054424836679102
1902	0.00018111556926323456
3285	7.482268855155755e-05
13161	5.095066512218974e-05
5961	0.0001327350610939343
2743	0.00040461517573407935
12688	0.0003609845532384093
106	0.0019547664255687553
13193	0.0003086702822129951
7	0.031266581246528466
4744	0.00010200893902802335
8895	5.095066512218974e-05
1993	6.992096173251427e-05
13442	0.00018792765795063886
4814	0.00029000825613614313
1011	5.095066512218974e-05
5696	0.0003938603670926779
7661	5.095066512218974e-05
10721	7.476756738908978e-05
8902	0.00010160856008517134
2836	8.395677610428603e-05
12380	5.095066512218974e-05
6118	5.095066512218974e-05
12385	9.410239144317952e-05
225	0.0001223854391081527
9856	5.096981520504665e-05
7944	5.676765840916788e-05
5521	5.095066512218974e-05
12175	0.0012536378934286507
5754	5.095066512218974e-05
10650	0.00012791356559275688
2174	7.333437356172963e-05
14395	5.095066512218974e-05
3948	6.434767264732101e-05
8030	8.673407470780457e-05
9625	0.00011178155001994562
13378	0.0008271116094303955
6354	0.00010067569851690931
3588	5.095066512218974e-05
9548	8.081890878848695e-05
1492	5.9492412837510575e-05
12996	0.0001999263194590739
6447	7.900869985949836e-05
233	0.0033614136894473006
6193	6.818898606010998e-05
11540	0.0005374274678421412
11098	6.550512489317947e-05
6661	5.095066512218974e-05
4068	0.00047406488264572724
10	9.842983300662714e-05
14044	0.00011159597164834931
9169	0.00029114013161329704
2398	5.095066512218974e-05
699	0.00021958631379898443
7034	5.736709155243643e-05
12849	0.04491199417400607
8418	5.095066512218974e-05
7109	0.00011426320217415344
10557	0.0003689550836556384
7479	0.00015319437759286013
11451	7.605465084681529e-05
2983	5.095066512218974e-05
7350	0.0003534359326930013
3081	0.0005157288164152282
12819	5.8604567454391266e-05
3598	8.66760185225398e-05
421	5.095066512218974e-05
5968	0.00011080609758872864
6645	8.942863187499678e-05
12829	0.0005294712837961732
14007	5.6602699965958606e-05
659	5.095066512218974e-05
3066	0.0007047358457340333
8510	5.095066512218974e-05
14396	6.348150507418522e-05
1727	5.095066512218974e-05
3953	5.095066512218974e-05
13216	0.00287288650331179
4729	5.1372717928683254e-05
607	5.098632476768233e-05
9524	5.095066512218974e-05
10428	0.008226331971239786
11742	8.697508411783242e-05
10413	0.005776871290379667
1917	5.095066512218974e-05
600	7.480971446327986e-05
10212	0.002817831414556597
7015	5.7209044494259894e-05
6051	5.830625962441765e-05
4095	0.00019268300972257574
2797	0.0001867741046519089
4364	5.941865435307534e-05
7948	5.318020989494759e-05
1481	0.000225180381549413
3073	0.0006945508987179252
2289	0.00014833899405521399
10228	0.0001692036277224305
815	0.0006172770113873846
6776	6.840031688527543e-05
3112	5.095066512218974e-05
11244	5.096708868448016e-05
4711	5.095066512218974e-05
12987	0.00035068342687262516
14280	0.003778420897902724
14275	5.095066512218974e-05
3099	0.0002793006081406575
12795	8.666780390920333e-05
1530	0.0011638308574639517
7117	5.095066512218974e-05
11530	0.0003953301271277864
12982	5.095066512218974e-05
6491	9.253847815581582e-05
7823	6.489299929803984e-05
7077	0.00021296732410461673
4695	5.951059286541448e-05
10563	6.75745148064957e-05
6976	9.784531208236491e-05
4599	5.7746432178940854e-05
10120	5.095066512218974e-05
3430	5.095066512218974e-05
12307	5.095882905121175e-05
10805	8.524529555080514e-05
4009	0.00016930754483662238
11449	9.38544343135947e-05
6708	5.095066512218974e-05
14397	7.470488672272797e-05
9159	5.095066512218974e-05
4150	9.87525742089647e-05
546	6.295926745213526e-05
531	0.0002780227245392144
198	0.0004100763391070287
11565	5.096293063606031e-05
1745	0.00014838950103826328
8250	5.1024422701042556e-05
1635	0.0001744141337030531
6321	0.00036144287414724587
7003	5.095066512218974e-05
5688	7.310010986052908e-05
14250	5.095957122657739e-05
1190	5.095066512218974e-05
10691	0.0006179192703711948
9252	0.0002498029824255926
732	5.095066512218974e-05
10354	7.462423695799082e-05
7614	5.095066512218974e-05
8780	0.00018053095078553226
6502	8.708585288719558e-05
6059	5.100049798235908e-05
12884	5.095066512218974e-05
472	0.0010850473246218472
6805	5.816064040308374e-05
4677	5.095066512218974e-05
8680	5.095066512218974e-05
4078	0.00021155904734770654
2084	5.095066512218974e-05
2085	9.689703484410163e-05
10692	5.095066512218974e-05
2249	5.095888162481171e-05
13087	0.00010831932214911528
8948	5.097823098129495e-05
13011	0.0001807833214664404
2083	0.0002929679581300009
7666	5.365274939127971e-05
14398	0.00016900526449047082
5004	6.167922144218759e-05
1373	5.095066512218974e-05
8598	5.095066512218974e-05
4362	0.0001295464426029599
7942	6.145584793820256e-05
14399	0.0038734036409371
7487	0.00014549856209090337
11872	5.707087320237212e-05
8184	5.095066512218974e-05
3487	0.00021422941390261007
311	5.866369066999665e-05
14400	0.00020343604008184088
1042	5.095066512218974e-05
3378	5.8183044043904044e-05
4292	7.56692104372426e-05
1746	0.00014058861741663375
8766	5.098280988537652e-05
372	5.821362731223654e-05
3638	9.89879587141234e-05
6498	5.095066512218974e-05
10240	5.095066512218974e-05
3633	0.0002652044155719311
1120	5.095066512218974e-05
8970	0.00016337579795943936
5856	5.816946189731689e-05
4386	9.532658369218595e-05
9457	7.492355548063804e-05
442	0.00021372041885393546
8851	5.821337113975095e-05
2975	5.095066512218974e-05
14401	6.881334182236477e-05
6273	6.920714590971265e-05
3981	0.0003796055039501242
5843	0.00011771398106705556
9141	7.15665753295502e-05
48	5.095066512218974e-05
5608	5.099672137248883e-05
14211	8.235434472813485e-05
11060	5.5796270595300716e-05
10400	0.0015450810208541385
329	0.00014248247078650812
3124	0.00011638829817504962
6521	0.00031080677747948867
8024	6.028500999297274e-05
879	0.0002601904611897663
3467	0.0010336668109166135
5317	0.0002337233069088181
10238	5.095066512218974e-05
6262	5.0958842131436785e-05
595	0.0005116946909045366
6478	5.8145375561053454e-05
8693	5.095066512218974e-05
136	0.0012566386396635266
12019	0.00012142068126363642
13907	5.0959386280621616e-05
6423	7.774468017245229e-05
13144	5.095066512218974e-05
13942	6.395427601983629e-05
8704	8.065755903678687e-05
8621	6.948743357878927e-05
1523	5.707481178179332e-05
444	0.00013468903873414383
3359	6.123157946071063e-05
11930	5.095066512218974e-05
9192	0.0001789440308532155
12995	0.00012220522449534502
2874	0.00013303863374203363
4592	6.451855440087702e-05
14402	0.001061914984556078
856	5.593313262260197e-05
5962	5.095066512218974e-05
8996	0.00015192362369737875
2172	6.104148932210592e-05
11202	0.0001268526786000578
14403	0.0010971231014481346
2168	0.00011475361159555961
3530	5.095066512218974e-05
10659	0.0013480496006376683
10620	0.00010913670147737889
8802	5.817986745793808e-05
470	0.0004764258303528512
9170	0.00020609447216495572
633	0.0013183588757253997
13485	9.839177377694928e-05
1380	0.00016128728609675
1916	0.00020748704590524734
4869	5.095066512218974e-05
7305	5.095066512218974e-05
2112	5.9262910806605635e-05
13656	0.0001999219593836123
11245	0.00018150967052954676
14404	6.957139561905366e-05
7384	0.00013476880301720808
3407	6.816640842790799e-05
61	0.0018961115165121575
10368	0.00011677741789859653
7558	0.00017907815937437854
5658	9.987433256548977e-05
3189	6.406444306818833e-05
9074	0.00010160463690164599
1485	0.00045658905692614005
5378	5.642129556651413e-05
146	6.127744876933184e-05
895	0.0012254441984329955
14180	0.0002549786224234024
10636	0.00010249353084797639
3100	0.0023289071123706114
4774	9.2751459311313e-05
559	7.238587716239978e-05
7490	5.898534509076962e-05
9087	5.0975291974257996e-05
14072	6.882198082679246e-05
4032	5.1004786009950054e-05
988	0.00014856061224506086
12370	5.101769041218893e-05
13124	0.0002689120312662493
5801	5.814633063385093e-05
10064	0.0035561542383939072
6181	0.0006078567906082553
14405	0.0004319019095276038
9	5.7671316607614296e-05
9138	8.71316214796429e-05
9337	0.00045207362639420234
9253	5.333578082610826e-05
12851	0.00019005436674513062
7980	5.8174402767835396e-05
7808	0.00012046030812419507
13165	8.682263368754004e-05
13273	0.001198628988050792
13869	0.00012007551529649482
9812	7.48446577457588e-05
6555	5.0958780831730934e-05
13334	0.00015540365835635378
4521	7.859232810355913e-05
12930	7.497099194915668e-05
11609	5.875810908220668e-05
4221	5.0974201474905624e-05
13636	6.373850165954811e-05
8157	5.095066512218974e-05
2972	0.00024159561934413885
4099	0.00019431779850049012
9133	7.097766187466797e-05
8784	0.0006514707250840051
8776	9.826021771517396e-05
4405	5.095066512218974e-05
10544	5.095066512218974e-05
12802	0.0006940070263284912
9197	5.095066512218974e-05
10259	0.001626225950788514
604	0.0001526025995093012
8390	5.8199857737220405e-05
12576	5.095066512218974e-05
11778	0.0002064397956340858
3885	0.000315641671086491
2094	6.38370588472061e-05
2483	0.00012530210398345966
9370	5.095066512218974e-05
7099	5.096297006595564e-05
2265	5.095066512218974e-05
2281	7.106702821303206e-05
5916	0.00012178782790518557
11982	0.00019781216898107377
4973	5.099110153025759e-05
5848	8.670451867558901e-05
2655	5.095066512218974e-05
11338	0.00013041105416070997
6921	6.807439645499958e-05
3330	5.096981520504665e-05
12848	0.00011677827728092973
393	5.7840573091806495e-05
10899	5.095066512218974e-05
12835	5.095066512218974e-05
580	7.895156720769307e-05
13471	8.752459296198077e-05
1032	5.095066512218974e-05
11586	0.00015670755637725537
8519	5.095066512218974e-05
4244	5.235895905065228e-05
3210	0.00023909864225038165
13153	0.0001946129147718365
10980	0.00044858400331795244
3593	0.00023935220848999076
7752	0.0003103584888054608
7045	5.553825415407596e-05
10814	0.0002505525775445703
12382	5.6133676710748465e-05
10335	0.0004870046131960947
11394	7.783967662584659e-05
3782	5.095066512218974e-05
2096	0.0006939624049990642
636	5.095066512218974e-05
2588	0.0010400842457590983
3827	0.00021421809956248972
2561	5.095066512218974e-05
9610	9.422800421939081e-05
2352	6.460554405741106e-05
11066	0.00023965371665035098
1751	5.095066512218974e-05
5905	0.00022773803020939207
8836	0.00010186734748197008
8434	5.669932072561223e-05
9144	5.095066512218974e-05
739	5.095066512218974e-05
8796	6.786512196663841e-05
6894	5.095066512218974e-05
8759	0.00022517771600994232
493	0.0010582481379151037
2403	0.00017893946740533273
2012	5.942612967984627e-05
6164	0.0001634605168001522
5873	6.62210117234172e-05
3837	5.101124430714936e-05
11664	0.0006654671454869082
10519	5.095066512218974e-05
4752	5.0958862770973665e-05
9389	5.095066512218974e-05
14406	5.1094108101432525e-05
6629	5.1868862555376366e-05
8473	7.659238506445946e-05
2433	0.00012928353070777848
12512	9.175329709864541e-05
13704	5.095066512218974e-05
2661	5.104810029659562e-05
7773	6.293132651761859e-05
7192	0.00011057160812939956
5924	5.095066512218974e-05
6461	5.095066512218974e-05
13816	8.65481052577289e-05
7553	0.0007143286923209346
747	6.541048029885956e-05
14407	0.0001852076586173133
10729	5.095066512218974e-05
14408	0.000788820334108004
1135	0.00012928287206402474
14109	5.83438950702499e-05
8537	6.463896572734609e-05
8775	0.000346409414869581
1562	0.000310320448246432
8531	6.0159025387399314e-05
418	0.0004365578719778317
6739	5.095066512218974e-05
10830	0.00033040032204419964
4893	8.663494545585741e-05
5402	0.00018647572137950612
8755	0.00010209340260256253
5377	5.7209044494259894e-05
10942	0.00019887492324475905
12856	0.00032055028399258776
13136	5.095066512218974e-05
8831	5.095066512218974e-05
5955	0.0011829322798927108
7093	8.100456195730575e-05
8756	5.095066512218974e-05
12652	5.81638844426835e-05
3440	5.095066512218974e-05
8027	6.362367011383501e-05
12745	8.812444527347995e-05
5633	5.095066512218974e-05
1482	0.00020721119806939265
2523	5.095066512218974e-05
744	9.447450746285432e-05
7761	6.887294417344208e-05
7326	0.00011571220069395042
9292	5.095066512218974e-05
12304	5.095066512218974e-05
2170	0.00029506361594511547
6486	0.0007262969693410849
5181	0.0002574510340838229
4767	0.00026900693683742005
11628	9.662014475793092e-05
3044	6.0867418196104575e-05
2073	6.251287403578582e-05
7320	7.180180040612751e-05
6542	5.892259425153611e-05
14409	6.387059948578278e-05
10255	5.095066512218974e-05
4326	0.00026071436946055297
918	5.095066512218974e-05
13855	8.674790100545861e-05
972	8.650021052371363e-05
12549	9.651312481209295e-05
2368	5.095066512218974e-05
196	5.095066512218974e-05
6525	9.399588858308868e-05
2372	9.786249779675562e-05
5037	5.0970883326223664e-05
3608	0.00018673288999602268
1051	5.095066512218974e-05
7367	6.905785736073639e-05
5779	5.095066512218974e-05
7856	0.00013996764872109397
11474	0.00023592373009893348
1572	8.66760185225398e-05
11629	0.0001751229550155471
7119	7.199442671858091e-05
6591	5.095066512218974e-05
13906	5.095066512218974e-05
1534	0.00010353146472848472
2220	7.616827786625701e-05
13805	9.83329080504097e-05
11128	5.095066512218974e-05
3654	7.298256050729e-05
6710	6.009290283002193e-05
11173	0.0011623232394877623
11698	6.115258265440622e-05
5060	5.095066512218974e-05
4680	8.196712570817226e-05
4732	5.095066512218974e-05
13889	5.369876922990897e-05
10678	5.095066512218974e-05
144	7.370066692784084e-05
148	8.759603066221526e-05
4650	6.388208983670173e-05
7137	0.00014687922225431813
4622	5.095066512218974e-05
4623	5.8999362173942084e-05
10924	5.095066512218974e-05
10786	9.858446965598983e-05
792	5.095066512218974e-05
8016	7.477578389171176e-05
2758	0.0002100539395788768
1458	9.460736897114721e-05
2394	5.095066512218974e-05
10203	0.003865435192039714
12026	8.670884495508123e-05
3637	6.007292790822136e-05
8956	5.095066512218974e-05
7793	6.246460326544896e-05
5187	0.00012575074491358562
6195	5.095066512218974e-05
2214	0.00022662984847011117
10931	5.713291608454543e-05
3695	6.15433197216248e-05
10141	5.095066512218974e-05
2075	5.095066512218974e-05
10145	8.231922964684518e-05
14410	5.095066512218974e-05
1944	6.115038451229499e-05
10407	9.355103291278766e-05
13784	0.00031199747698896325
8283	5.095066512218974e-05
3774	5.206708241595068e-05
6601	5.095066512218974e-05
7630	0.00012827551032376687
8538	5.289932076220884e-05
1833	0.00014652840512048524
12880	0.00012021670209472355
6738	5.816660460420689e-05
7329	5.095066512218974e-05
11137	5.095066512218974e-05
5422	6.075591159879298e-05
8805	5.095066512218974e-05
11682	0.000185506228978218
296	7.210310337690615e-05
5078	5.097186615558642e-05
1358	0.0001175583742778405
250	5.947974879319657e-05
9100	9.971014393165978e-05
2176	5.206853777523044e-05
5562	5.816302513271694e-05
10602	5.095066512218974e-05
736	6.064282678262879e-05
14411	0.00017265918557172235
10206	6.527335557663177e-05
5686	0.00012353549161352086
11402	0.0003539850108748936
3460	6.691671043358374e-05
9051	6.493943202642773e-05
94	5.095066512218974e-05
4900	7.373734027692734e-05
11989	0.00010635430446090632
3826	0.00012673184651297776
2969	7.632428606414433e-05
14412	5.095066512218974e-05
6837	0.00010173170316983019
8198	5.095066512218974e-05
10399	9.553457778570886e-05
884	5.095066512218974e-05
166	0.00019621398749953596
13877	6.127950153700769e-05
14011	6.807439645499958e-05
1242	0.0001464162684674829
5545	9.468904853482572e-05
1631	5.943491841374943e-05
9071	0.0005472594404579931
11914	7.179573905270352e-05
4399	5.095066512218974e-05
10313	5.095066512218974e-05
6362	0.00010627466710639347
6131	0.00019627458321529488
4913	5.095066512218974e-05
1645	0.0004689911300765371
14033	5.7813838000634566e-05
14413	8.13395952113644e-05
12555	5.095066512218974e-05
5804	9.464511258871815e-05
4895	0.000173578146235812
13176	0.00010780909817390649
6722	5.560016990901222e-05
171	5.095066512218974e-05
82	0.00012097081123478062
10082	0.0003374348843302756
10039	5.8177244376946246e-05
4609	5.095066512218974e-05
5645	0.00014358645524828554
78	7.580226698672668e-05
10520	9.059508648470382e-05
7127	5.095066512218974e-05
5016	7.065700076161414e-05
11341	0.00026006980410255275
2120	0.00014078213840408978
3027	5.097120637874468e-05
9890	5.095066512218974e-05
11136	0.0005331620449614285
10443	9.867862192257635e-05
4277	0.0002407809263649739
9742	5.095066512218974e-05
11476	0.00040821241562831245
9173	0.00019322582607107737
6467	5.731683294900524e-05
13343	5.795935287296035e-05
14267	5.859436764927305e-05
3542	6.242894563208474e-05
7943	0.00010361640531685468
8049	5.7020023926206664e-05
6690	9.160967151604391e-05
2951	8.35243982713613e-05
2955	0.0006981590973841448
9397	5.095066512218974e-05
906	5.814546799764226e-05
13496	8.739263814562688e-05
13786	5.095066512218974e-05
13039	0.0002026724738951235
12867	5.095066512218974e-05
11754	0.00017100442034860395
474	5.095066512218974e-05
2284	0.0006870233482869253
3715	5.095066512218974e-05
6851	5.6602699965958606e-05
8126	5.795807463138223e-05
7837	5.095066512218974e-05
13972	5.095066512218974e-05
4041	9.699859337359551e-05
7548	7.096492160486235e-05
55	0.00019155163771540385
13482	9.742717052633791e-05
28	5.095066512218974e-05
5188	7.97707809102697e-05
6704	5.095066512218974e-05
13810	5.095066512218974e-05
12351	7.595841250243478e-05
1779	5.095066512218974e-05
4045	5.7022584453263364e-05
2090	6.260252616811673e-05
214	5.106582198973248e-05
5589	6.820551089898339e-05
8243	5.095066512218974e-05
12744	8.158673926808725e-05
8569	5.095066512218974e-05
443	0.000563014063860541
9903	5.095066512218974e-05
12163	5.984842701231452e-05
5926	5.095066512218974e-05
2755	6.469526385156512e-05
3208	5.814064736983021e-05
8545	8.66760185225398e-05
6584	0.00011174065003542578
5702	0.00017184642296883115
11274	5.095066512218974e-05
3262	0.0002246101603193904
10632	5.095066512218974e-05
13716	5.095066512218974e-05
2190	0.0023471674776131073
7662	5.095066512218974e-05
13637	5.095066512218974e-05
7946	5.095066512218974e-05
5818	5.095066512218974e-05
2444	9.987550652142688e-05
12359	5.095066512218974e-05
10531	0.0009741628875666382
9378	5.445716954708107e-05
1390	0.0013913779348181427
8007	5.095066512218974e-05
9105	5.837744444377498e-05
6336	5.0963674000537314e-05
13710	6.662968289670255e-05
7104	6.145607419573879e-05
14146	5.757629930796639e-05
10526	0.00023217034896535902
5155	0.0001699503634700959
8943	0.00012214675851584785
6691	5.851052623409167e-05
9989	0.00011572844379740749
5867	0.00033871786773116057
9200	5.3122349853840096e-05
11238	5.877043074919105e-05
9364	5.832003432299381e-05
1786	5.107575915503542e-05
7936	5.817435465156387e-05
14240	5.099854032933202e-05
7160	6.047654067045585e-05
6863	8.724340543452417e-05
7765	0.00013829939625395352
5580	5.095066512218974e-05
14414	0.00016136629049007337
3559	5.346262523041193e-05
7513	0.00010004041470671203
10780	7.533407189217337e-05
8370	6.507693165675481e-05
7210	5.843871126079001e-05
13602	5.095066512218974e-05
5298	0.0001479831285667494
2278	5.095066512218974e-05
3199	0.0009084304062625681
10930	0.001302361982113596
3643	5.397519193689356e-05
3488	0.00016096406905931782
11199	5.560016990901222e-05
8750	0.00015282001453258357
4114	5.095066512218974e-05
6693	0.00012243748471610542
2688	5.095066512218974e-05
13138	5.850293127880974e-05
5832	5.095066512218974e-05
9921	5.0958780831730934e-05
5074	7.196862206662705e-05
6959	0.00010139961902623229
1250	5.1137945263813473e-05
9307	0.0011266625703021814
3656	5.095066512218974e-05
7047	0.00034261523825955705
2801	5.097115924414955e-05
3037	5.095066512218974e-05
11104	5.095066512218974e-05
10925	5.793864697067517e-05
11687	5.3662591703078884e-05
5487	0.0002751447317983609
7693	5.095066512218974e-05
1913	8.198411694453116e-05
4140	0.00028957286389592863
4136	5.779718231224049e-05
13823	0.00014710822560275882
743	5.095066512218974e-05
10403	5.095066512218974e-05
12100	8.07217929558148e-05
10077	6.041710899287438e-05
9595	9.861763573631515e-05
11168	5.095066512218974e-05
1775	5.214972702702449e-05
5590	5.721153370857705e-05
10868	0.00047686077103520347
8502	5.95757175826864e-05
5535	5.095066512218974e-05
2818	6.392932445697019e-05
5847	6.22799812247134e-05
13355	5.095066512218974e-05
12330	5.095066512218974e-05
566	8.428486169015254e-05
6206	5.852551509344782e-05
6875	8.666099924436679e-05
6291	7.041061671602262e-05
3491	5.095066512218974e-05
2344	5.095066512218974e-05
14415	5.095066512218974e-05
14416	6.729827194433191e-05
12441	5.095066512218974e-05
11880	5.7330004378408865e-05
4256	5.095066512218974e-05
8247	8.841792638597575e-05
7042	5.095066512218974e-05
9310	8.466474388658208e-05
3216	5.095066512218974e-05
10799	5.095066512218974e-05
579	5.095066512218974e-05
2843	6.813159905175291e-05
7531	5.095066512218974e-05
14159	6.881334182236477e-05
5634	7.939312888433192e-05
10111	5.095066512218974e-05
13233	8.66760185225398e-05
3971	0.00027026054791379726
10220	9.797151835824354e-05
8342	6.019876738567695e-05
2628	5.095066512218974e-05
649	0.0001022021095237684
13621	0.00010738257134213248
3841	5.095066512218974e-05
1059	5.095066512218974e-05
706	0.0013545716324451689
3875	5.7956650770335507e-05
12919	5.2814565637515016e-05
1284	0.00030039405791355893
10826	6.173229839360545e-05
3750	5.095066512218974e-05
10671	0.00012240137192288987
5229	8.908382347566713e-05
373	5.095066512218974e-05
11224	0.00015405053885208397
137	5.095066512218974e-05
3887	0.0014247460845399906
3024	7.427662341898789e-05
1602	5.100804231388685e-05
6132	0.0001025815802668783
12478	6.499032181354382e-05
5107	5.095066512218974e-05
11889	6.525084971316708e-05
3851	5.095066512218974e-05
13298	5.095066512218974e-05
3004	5.7813838000634566e-05
729	0.00011436894875140791
5219	0.00013051821068101136
6024	5.095066512218974e-05
9929	5.095066512218974e-05
1464	7.814899338760993e-05
7771	5.095066512218974e-05
10689	8.66760185225398e-05
1095	5.095066512218974e-05
2004	5.095066512218974e-05
7524	6.116498990065598e-05
2154	0.0002957859890390462
4478	0.00023850863514496246
50	0.00016049213768700338
4157	5.104076394406462e-05
12063	8.673947626814084e-05
5076	5.095066512218974e-05
5342	6.406688816027739e-05
6434	0.00015383094890545707
422	8.45010518087478e-05
3390	5.095066512218974e-05
14189	6.705962324664929e-05
2457	5.095066512218974e-05
6250	5.095066512218974e-05
1172	5.095066512218974e-05
12810	5.419842452222156e-05
2873	5.906402684032569e-05
10843	5.095066512218974e-05
5209	5.097527694998506e-05
4642	0.00021393413577002948
1918	5.7485577370026534e-05
6398	5.095066512218974e-05
6840	5.095066512218974e-05
622	8.66760185225398e-05
1315	0.00014742670024708117
7841	0.0001013902314782651
13361	5.746111621586641e-05
11145	5.095066512218974e-05
3454	5.095066512218974e-05
10153	5.111746931050953e-05
10808	5.5944796154759034e-05
13589	5.359320035248923e-05
834	0.00019426975444898457
7855	0.00027356009711394043
10972	0.00019010786922956914
1796	0.0001598836094759248
7318	5.095066512218974e-05
10762	5.352180798054826e-05
13351	5.095066512218974e-05
5689	0.00016574701326736913
5881	5.095066512218974e-05
6416	6.681990122243422e-05
1788	6.522102989977498e-05
14385	9.743415783341434e-05
2119	8.161020112786062e-05
4453	5.095066512218974e-05
9487	5.095066512218974e-05
14090	5.095066512218974e-05
13730	5.1008048875616353e-05
11262	5.095066512218974e-05
1272	5.1131996380614255e-05
5697	5.095066512218974e-05
7457	0.00014494820959183564
6763	0.00020991097290760664
7046	5.095066512218974e-05
2103	5.660071749144308e-05
9039	0.00015601520071147654
13824	5.095066512218974e-05
4088	5.095066512218974e-05
11457	5.097186615558642e-05
10301	0.00013388719945637894
5182	7.997800463578657e-05
9483	5.095066512218974e-05
10114	5.095066512218974e-05
3426	7.292873829085287e-05
9212	5.827976465010605e-05
10123	9.470748597415712e-05
6346	0.000254474326739593
7076	5.095066512218974e-05
2410	5.101624631246115e-05
10185	0.00014394397406815282
9646	6.03079379872999e-05
4378	5.095066512218974e-05
356	7.788708504275591e-05
1990	0.00022953686641983466
4881	5.095066512218974e-05
192	0.0016147098764205127
1995	6.357269825385509e-05
5189	8.819762183409043e-05
680	0.0016072266279858816
7337	9.464511258871815e-05
14292	5.095066512218974e-05
4651	5.816049536771851e-05
1897	0.0002646649712830467
1832	5.095066512218974e-05
8262	6.9211859644182e-05
13773	5.095066512218974e-05
1798	0.00032895136338728377
5514	8.044528884766414e-05
10204	5.095066512218974e-05
13250	5.1043745968899694e-05
2146	8.78372276084072e-05
11212	0.0004193199774867091
7348	5.095066512218974e-05
13230	7.595841250243479e-05
2978	5.095066512218974e-05
2156	5.095989171139437e-05
7431	5.095066512218974e-05
12570	5.2273826359239736e-05
8900	9.938674002260485e-05
7767	5.095066512218974e-05
5860	5.095066512218974e-05
13996	6.0707934598561316e-05
4459	0.00016200239654410247
10701	0.000557362808278803
9683	0.00010056193804130273
12595	5.257454482220565e-05
6479	0.00014942133341597284
4102	5.095066512218974e-05
12172	0.00016457643786084962
4335	0.0006371866173244193
4210	0.0001815814955733333
5449	5.096689654127213e-05
7615	0.00019248285776927797
7958	0.00010629107673196006
3230	0.00012411041896479493
11324	5.314966888262795e-05
4858	8.66760185225398e-05
6247	5.097511830491472e-05
4229	8.924570669862085e-05
13281	0.0002214652131426819
6201	5.095066512218974e-05
13473	0.00010251438315454499
2924	6.143815986297422e-05
10657	5.7209044494259894e-05
1375	5.095066512218974e-05
749	5.97579582261662e-05
5763	5.095066512218974e-05
10857	5.095066512218974e-05
11235	5.293510173721962e-05
6665	0.00019265084138484455
8726	5.095066512218974e-05
14201	6.040377425310689e-05
7572	0.00010038997378139195
6130	5.834516577149999e-05
3534	0.00016314202728078073
9469	5.095066512218974e-05
3513	8.66760185225398e-05
9275	5.095066512218974e-05
17	5.095066512218974e-05
919	0.00018933249721271497
1852	5.095066512218974e-05
1612	5.095066512218974e-05
8997	9.569458373431588e-05
9590	5.095066512218974e-05
11027	0.00019029118626813436
9014	5.095066512218974e-05
660	5.095066512218974e-05
10376	5.096844774346378e-05
13620	5.821285824217266e-05
9642	0.00011855472146108536
6209	0.00010323864477954923
5504	0.00025959724436537025
8044	6.219232513022301e-05
4998	5.7214152715753425e-05
7238	0.00014658486902601085
2697	5.095066512218974e-05
3153	5.709960502162064e-05
5153	0.00016842321713203784
7364	0.00033990655000313696
5167	5.095066512218974e-05
11095	0.0009347903432362644
13661	5.095066512218974e-05
9116	7.282655401276219e-05
10506	5.105555047504358e-05
6728	5.095066512218974e-05
5972	5.095066512218974e-05
1029	0.00013435062229597906
1075	5.095066512218974e-05
13535	6.891480872934242e-05
14417	0.00040497755089600264
2981	6.806790369034144e-05
8169	0.00025565677987595
2889	5.095066512218974e-05
14418	0.00011763799146950987
11219	8.272182999121665e-05
8654	9.059809145403991e-05
13883	6.513604182950235e-05
4103	0.00044160155225595176
2294	0.00025750259563158345
10224	5.095066512218974e-05
6182	0.00029768398221942155
3786	9.429374711511443e-05
10050	0.00011349466042487062
5963	0.00019565417985465398
8533	5.8128284896561756e-05
8311	0.00042932134006517104
11686	7.915745780797743e-05
10121	0.00029827174673814746
9499	0.00024553436433789774
14419	5.095066512218974e-05
13924	6.212869911121965e-05
13363	7.603889529622308e-05
9361	5.095066512218974e-05
11594	5.095066512218974e-05
5981	5.095066512218974e-05
7204	0.00012240137192288987
244	6.472922960892825e-05
2705	9.949465975692952e-05
507	5.314966888262795e-05
13396	0.0005570037371527823
6281	0.0001568385242158506
6153	6.46845711645094e-05
943	5.095066512218974e-05
6656	5.095066512218974e-05
14070	7.082821032181811e-05
9788	5.095066512218974e-05
3191	5.095880487005949e-05
1495	0.00011645809665605768
2440	6.619447353551365e-05
2954	5.095066512218974e-05
12808	0.000130822799801345
4237	0.000111660911497732
7763	5.095066512218974e-05
7012	5.096699500151303e-05
687	5.095066512218974e-05
1394	5.439134946696945e-05
7710	5.095066512218974e-05
5443	9.046924714464389e-05
8905	0.0001910258598091579
10551	0.00011211287756412677
3223	6.184352558474807e-05
9662	0.0003136275781736368
1815	0.00010940120825784785
13532	8.902259687875157e-05
2209	5.817010339731474e-05
4416	7.620337276499489e-05
4187	0.00011469540115713267
11435	0.00014782581636700563
13034	5.842103288363961e-05
287	8.78441191339021e-05
4283	5.530008513140696e-05
14420	0.00014111219803320072
986	5.095066512218974e-05
2618	0.0001224752864003785
8629	0.00012732382444733065
11771	5.095066512218974e-05
11951	9.251831223746758e-05
5934	5.095066512218974e-05
8689	0.00015609195769463976
2990	5.09629898761227e-05
10234	5.095066512218974e-05
7920	5.560675557866793e-05
3547	6.44251364929835e-05
6280	0.0008458610465627818
8526	7.982361363417098e-05
9620	7.643586221786695e-05
11013	5.095066512218974e-05
10913	6.816375220279176e-05
11493	7.462656698213901e-05
9621	5.816302513271694e-05
10770	5.7813838000634566e-05
13239	8.398799809792161e-05
1328	0.00011006520991978106
7030	6.941180597094354e-05
2312	0.000315766560672407
4625	6.466978902056122e-05
9216	5.095066512218974e-05
8884	5.095066512218974e-05
4844	5.095066512218974e-05
2338	5.095066512218974e-05
12249	5.095066512218974e-05
1846	7.560346018578489e-05
11320	0.00024659463837066253
8814	5.095066512218974e-05
2371	0.00012240137192288987
1656	6.527798440900285e-05
2402	5.095066512218974e-05
13780	5.809573580225975e-05
4579	5.095066512218974e-05
14421	6.883793297774005e-05
567	0.00016096202886833097
7020	0.00016665538566169657
5441	0.00012351438657564863
10518	0.00020335935083005686
7543	5.095066512218974e-05
775	5.214380140266145e-05
9246	5.095066512218974e-05
8576	7.089192458884331e-05
3897	0.0002833259853126836
11285	0.0001896386037119227
5775	8.361190375711318e-05
2750	5.095066512218974e-05
5263	5.106415790054923e-05
3411	9.845661385912334e-05
5009	5.809573580225975e-05
11711	9.794088167017826e-05
3372	5.095066512218974e-05
2365	0.0010294716091319882
6818	9.506485511002067e-05
5088	0.00011553146080225383
8703	0.00013184174862253592
12879	5.1854810102572286e-05
6821	5.095066512218974e-05
1057	5.095066512218974e-05
12685	0.00011185642857809002
2507	5.095066512218974e-05
8375	0.00015948342549095918
12472	6.855816072664798e-05
4725	5.9705542633397436e-05
3988	5.095066512218974e-05
3176	0.0001883337191200194
1115	5.095066512218974e-05
4808	5.779710504289214e-05
12274	9.483069329873954e-05
6332	0.00013106851724675058
3313	0.0001256355876047521
10583	5.095066512218974e-05
2633	5.095066512218974e-05
13870	0.0004399805815922992
13603	0.00021557084158928621
4624	7.574910169731003e-05
10867	7.981202533545951e-05
14422	8.753770284807858e-05
6309	5.0960921597097966e-05
12936	0.0006415716093441208
1293	0.0001676677438724326
1703	5.095066512218974e-05
5506	5.095066512218974e-05
1132	0.0003716587732304633
9149	5.095066512218974e-05
13826	0.0001915251070598349
4228	7.982613912119176e-05
10855	5.095066512218974e-05
6084	9.232725812043357e-05
4790	5.096709057202898e-05
7467	8.506580186920301e-05
14423	5.095066512218974e-05
12627	5.9882003472277255e-05
3005	6.46770108790794e-05
11043	5.095066512218974e-05
13203	5.095888162481171e-05
5340	5.0975308962199174e-05
677	5.2992113887924024e-05
8867	0.00013461699449191468
14164	5.095066512218974e-05
9639	0.00010355647461100712
9277	0.00012279953760275703
9420	5.844965798382912e-05
851	5.095066512218974e-05
9320	5.097935371803829e-05
14424	0.0009322203265554989
1883	5.095066512218974e-05
3197	5.203325158886702e-05
13891	7.194657895368555e-05
8137	5.795807463138223e-05
2842	5.095066512218974e-05
4242	9.792949201268417e-05
7372	5.0959386280621616e-05
5058	6.1256881043633e-05
12639	5.095066512218974e-05
1992	5.095066512218974e-05
3661	7.203712719374431e-05
12084	5.095066512218974e-05
3543	5.095066512218974e-05
740	6.251336943646145e-05
12166	7.189075588698375e-05
14425	5.095066512218974e-05
590	5.6054287036525464e-05
7118	5.095066512218974e-05
2282	6.108300519556805e-05
10697	0.00014346531442089246
2009	6.91554901632858e-05
7800	0.00010130840213626577
5462	7.564197057561813e-05
14426	5.669932072561223e-05
5838	8.780088092288414e-05
11012	5.095066512218974e-05
8705	0.0002886779648293879
7218	5.8206800701183896e-05
5351	5.095066512218974e-05
1298	0.0008213172212985222
1964	0.00016160417895743528
5388	0.00011829797846302669
1498	0.00011783275653477946
3033	0.0001396805986755436
8958	5.095066512218974e-05
8985	0.00010850714621837117
11824	6.290305498237852e-05
4676	7.496950042310002e-05
949	0.00021303774767759498
2572	6.185148595526485e-05
10105	5.095066512218974e-05
11919	5.095066512218974e-05
5478	0.00012790272010439243
8971	7.275230678833998e-05
9248	0.00010199237935787681
3169	5.095066512218974e-05
5461	5.095066512218974e-05
1134	8.248827053605089e-05
2903	5.0958780831730934e-05
9382	0.00015180678340918333
12892	6.539831959365646e-05
11109	8.597847200498642e-05
6278	9.109647434392866e-05
6192	9.734161005577924e-05
2244	5.095066512218974e-05
6000	5.899988708287261e-05
12203	0.00010021076808634227
2606	0.00036454244071490184
13700	5.095066512218974e-05
9059	5.819142487874422e-05
7096	5.095066512218974e-05
11216	5.095066512218974e-05
10281	7.154619778790072e-05
8880	0.00014166421045653694
5439	5.215565250370187e-05
128	0.0024908534847643115
14138	5.095066512218974e-05
12295	5.46172145501204e-05
10463	8.670477555731824e-05
1650	0.00010426200887056714
10511	0.00022605000002510236
6435	7.03271959204813e-05
5341	5.206708241595068e-05
11172	0.00042379046565724134
9033	0.00034766029119727643
2931	7.073880636198897e-05
10771	5.095066512218974e-05
1834	7.842066786023254e-05
8938	5.809573580225975e-05
8846	5.1124081350636805e-05
5468	9.477520179923332e-05
12123	0.0001277827449093996
3931	0.00020659641691929962
4877	6.38000106931109e-05
14259	5.7215314450168954e-05
2741	0.00010739122516895061
7369	5.095066512218974e-05
11247	5.10122671685459e-05
5109	0.00016558529272246708
9720	0.00016558529272246708
14095	5.095066512218974e-05
4586	0.0002790662561684276
11280	6.460045548157615e-05
7712	9.591510520447663e-05
7240	5.671242171453358e-05
3137	0.0002721904040339893
10503	0.00046252088406603984
11936	5.710566098052854e-05
3834	5.095066512218974e-05
5564	5.095066512218974e-05
7495	5.096709434973133e-05
11759	7.15665753295502e-05
971	7.156687275024131e-05
683	5.095066512218974e-05
4274	6.141893845241348e-05
9518	0.0001153660316787752
74	0.00042449119590149385
692	6.951871214756089e-05
9973	5.095066512218974e-05
1539	0.00018238489368296802
2029	5.095066512218974e-05
7825	6.953283269543154e-05
1480	8.66760185225398e-05
6386	5.095066512218974e-05
10570	0.00037247884572534043
5851	5.095066512218974e-05
14375	5.095066512218974e-05
14383	8.66760185225398e-05
3565	8.66678265130465e-05
4016	6.616628782215512e-05
11205	5.095066512218974e-05
8178	6.449353344807978e-05
1479	0.0001240551019977757
1603	5.8230150486915406e-05
14263	0.0001362656909451893
748	0.00015460153847525563
5975	5.8180123961887354e-05
13440	0.00010081306089787359
4527	5.8810140911684056e-05
4085	0.0003022189840379853
12059	0.00012131207670934697
7702	5.7608923367076344e-05
14199	5.095066512218974e-05
12044	9.893666020814548e-05
4115	5.095066512218974e-05
788	6.634270402665281e-05
4494	0.0001947407871713993
1360	0.0001963204123196941
11601	5.098352357553565e-05
8683	5.095066512218974e-05
3494	0.00023739178084444525
9834	8.419081263285107e-05
13047	0.00013211075485766903
2786	5.5731067954453085e-05
6444	5.095066512218974e-05
4089	0.00014943753300301446
7212	5.816302513271694e-05
8972	6.166693904793405e-05
3108	0.00013634471277631377
1194	7.632820660272155e-05
3186	0.0004754278657282227
8904	0.00016544454872547494
7041	0.00012414775806263845
5249	0.0001517221899672466
6344	5.095066512218974e-05
11722	9.209190008657073e-05
7581	0.00011589804985987711
4371	5.095066512218974e-05
8428	5.81453788214302e-05
5998	6.374234886279064e-05
8332	0.0002098359231175814
5874	5.095066512218974e-05
3329	5.095066512218974e-05
12311	7.882705207357254e-05
2150	6.660137693935729e-05
2936	5.095066512218974e-05
4208	5.099174763529962e-05
13761	5.095066512218974e-05
13941	7.617746269296848e-05
9287	6.428036157883053e-05
1103	0.000117037163408363
1659	7.978382128172049e-05
8812	5.095066512218974e-05
9118	5.095066512218974e-05
5609	6.133011536613175e-05
2145	0.00011531926428710365
4867	0.00023494163478993704
9898	9.754304980685089e-05
10243	5.095066512218974e-05
11393	9.745937643368539e-05
4945	9.971310642227689e-05
11810	5.144374805009669e-05
9220	5.106154601230696e-05
1705	5.095066512218974e-05
3213	5.452320046222474e-05
337	5.095066512218974e-05
9414	5.095066512218974e-05
6358	5.853048664790716e-05
9167	5.095066512218974e-05
2679	6.818966045984797e-05
2025	8.66350208711738e-05
271	0.00011171188640045575
363	6.465620716988849e-05
2541	7.658080323984424e-05
3662	0.0002438271689745015
5137	0.0003823036274096626
6488	5.9858617784365977e-05
6699	5.095066512218974e-05
6749	5.096977542891467e-05
11094	5.095066512218974e-05
6109	5.095066512218974e-05
6482	0.00017202247095115028
10532	6.237847047606707e-05
8066	5.095066512218974e-05
5511	5.109968124612373e-05
3374	5.095066512218974e-05
68	5.095066512218974e-05
13376	9.353913824353848e-05
10851	5.746385113195264e-05
9196	0.00012271022923954574
3546	5.095066512218974e-05
5350	5.445896825820227e-05
2531	0.000320590034612105
11331	5.5939459967731886e-05
5423	5.09687331170129e-05
8715	5.095066512218974e-05
12730	8.675730661523138e-05
13515	0.0001209064818939047
11105	5.116372641034497e-05
6129	0.00018791878513949278
7900	0.00012157249063586456
12742	5.095066512218974e-05
13029	8.808306770520143e-05
14265	6.819663193245719e-05
5706	6.207192566684848e-05
13320	0.00037188973450348145
3250	0.00029034694619007944
2327	6.037465011303753e-05
5105	0.00012145346847789209
6160	0.00023378745256493968
3157	5.095066512218974e-05
5739	0.0002490301357996966
2	0.00015925856313731755
4911	0.0003258825780644116
2187	0.00040853182759605734
7897	7.457509841470862e-05
5252	5.095066512218974e-05
5012	0.00012132423692595735
13788	6.110815870635878e-05
3911	0.00010914776651957025
2389	5.095066512218974e-05
7357	0.0003605084580581677
13055	5.096500942011402e-05
13335	6.274612822123173e-05
11498	9.272397887702584e-05
11617	5.675809916497307e-05
8195	6.879992558687356e-05
14427	0.00011991551895264378
1841	5.095066512218974e-05
13885	5.692422602188507e-05
9316	6.081647010386911e-05
13223	5.095066512218974e-05
2816	0.00027863817226456264
3282	0.0003810000879473589
11411	6.818453374458608e-05
12384	9.871735477670161e-05
4606	0.00014363034042308827
1529	0.0001629100494115843
9226	0.0004208684726565799
3973	7.199383387491276e-05
4970	7.296115499280874e-05
13509	5.0967762505160834e-05
4197	5.095066512218974e-05
14428	0.00015329723812854866
4596	5.095066512218974e-05
583	5.095066512218974e-05
10703	6.796273816997549e-05
11086	0.00012382453649358363
4602	7.944472060885489e-05
7569	8.377788486084098e-05
8769	5.47397177555602e-05
9886	5.095066512218974e-05
1157	5.1002113659725156e-05
1805	5.095066512218974e-05
2543	0.000270539876663509
8013	9.878604657521912e-05
12960	5.095066512218974e-05
6151	5.681665187272826e-05
4851	5.095066512218974e-05
12199	5.100097743001181e-05
5850	0.0002023993030678702
990	7.523208408984988e-05
12781	0.00010390890666842043
13528	9.992329661760241e-05
1379	5.095066512218974e-05
3052	8.074238901680116e-05
3298	9.57107934911678e-05
10556	0.00028279833040980115
10831	5.095066512218974e-05
2512	0.00012245542763627212
8429	5.095066512218974e-05
4455	5.095066512218974e-05
298	0.0003346507616208736
4284	9.04102767533593e-05
11485	5.095066512218974e-05
107	8.162011565261332e-05
9630	0.00014343914749504564
7053	9.403747962311735e-05
8698	0.0004811948762957172
3151	6.0030982782378244e-05
12908	0.0002003085296767853
1407	5.095066512218974e-05
3299	5.095066512218974e-05
5410	5.0968542022495264e-05
2356	7.291123259988219e-05
1162	5.0993584597098626e-05
13624	0.00010844857437030188
7313	5.096701914068383e-05
30	5.095066512218974e-05
2059	5.777556030188294e-05
11551	0.00013686905713859474
6828	5.095066512218974e-05
6450	0.00011551034137169455
1945	0.00011217389287625137
13103	5.095066512218974e-05
4801	7.322132190457793e-05
4633	5.0967045440194205e-05
5258	5.095066512218974e-05
4771	9.389481529766695e-05
5954	8.188571214689174e-05
10895	6.475948597602173e-05
2033	5.095066512218974e-05
5457	5.095887973552622e-05
13929	7.533407189217337e-05
4253	9.808608663840722e-05
13807	7.815757970261824e-05
6702	0.00014135096308652464
10875	5.095066512218974e-05
8987	0.00010449101929799156
10282	0.0002996793054801142
13277	0.00010103803174522012
14304	8.092480815464649e-05
5099	6.37512703902882e-05
6736	5.287496934983182e-05
3484	0.00018133550157160735
2015	5.761831043661065e-05
3883	6.190449491017681e-05
3007	5.095066512218974e-05
14429	0.00014160178960970937
473	6.067887060861877e-05
9680	5.94238228240806e-05
5170	5.096080975911623e-05
10379	5.522920149370785e-05
6679	5.095066512218974e-05
11176	5.095066512218974e-05
465	5.8688905898920526e-05
9156	7.695971104848244e-05
5201	5.095066512218974e-05
5523	5.7956650770335507e-05
1084	8.355219500061536e-05
13023	5.918353245450182e-05
11268	5.095066512218974e-05
6633	0.0001735384115185981
10939	5.095066512218974e-05
255	0.0002545851795041851
2364	5.095066512218974e-05
7952	5.812482321772778e-05
8819	5.095066512218974e-05
10600	5.095066512218974e-05
6086	8.749173750598058e-05
12601	6.000426124146306e-05
13718	0.00010430097210063821
11943	6.876015919061957e-05
7515	5.555872475781481e-05
3848	5.835588867809665e-05
11984	5.096296724112925e-05
3659	0.00010848599012793541
2330	5.984357829117359e-05
9761	5.095066512218974e-05
7144	5.095066512218974e-05
10360	5.095066512218974e-05
11806	5.721153370857705e-05
7859	7.484779811661893e-05
6194	6.882198082679246e-05
10640	9.835317039271669e-05
481	5.095066512218974e-05
5369	9.81770305458233e-05
1398	0.00016780168546944073
11746	6.0202012333839574e-05
13456	5.7941956253645596e-05
6477	6.394170272231703e-05
14430	5.095066512218974e-05
1191	8.66760185225398e-05
11504	5.095066512218974e-05
7551	5.095066512218974e-05
1205	9.514342332826267e-05
2188	5.839398340439571e-05
8484	5.59329929264067e-05
8808	5.176614405390225e-05
8372	5.816049536771851e-05
3845	0.0002817297918609705
10512	6.555918670746167e-05
9016	5.095066512218974e-05
1757	5.1046313419576525e-05
7450	5.095066512218974e-05
2506	5.560016990901222e-05
1046	5.899988708287261e-05
7255	5.104245612955981e-05
13737	5.095066512218974e-05
254	0.00016654742216584722
3006	0.00012668814553523362
253	0.00017115414523417242
10933	5.887948954098741e-05
6357	5.095066512218974e-05
7359	5.095066512218974e-05
13465	5.095066512218974e-05
9822	7.643829010495418e-05
7311	8.728130451647758e-05
1265	9.550681347715188e-05
1679	0.00011272777564211867
3811	0.00010574031535626045
12940	5.095066512218974e-05
4246	7.356598715094949e-05
4166	0.0001477637292911029
9605	5.54163342972335e-05
2716	7.969285426977796e-05
8959	9.423933459478523e-05
7730	5.095066512218974e-05
2323	5.095066512218974e-05
10552	5.095066512218974e-05
487	0.00014293560047276527
12327	5.784237907936472e-05
13292	5.115632941836552e-05
10414	5.095066512218974e-05
4557	5.0974287756513405e-05
10547	5.095066512218974e-05
320	0.00030409958807367434
8354	0.00010436717068117348
13247	0.00020408494562985485
12855	0.00020490701639407598
6240	5.816302513271694e-05
611	6.873836410173714e-05
6991	0.0003659398601769702
6756	5.9642107972534684e-05
11239	5.095066512218974e-05
11685	5.105977147316665e-05
10542	5.095066512218974e-05
6740	5.872560087463697e-05
4214	6.881334182236477e-05
6299	0.00021498307355667754
9813	0.00019794100399556064
11353	5.099448856780968e-05
7133	0.00010343986151054606
14431	0.00012319091645991622
4097	5.6709230934150216e-05
733	9.591780960465684e-05
13755	5.095066512218974e-05
10277	0.00011891919530520206
8791	0.0003025745964314547
5026	5.831789606194527e-05
9199	5.998552666479797e-05
10755	5.095066512218974e-05
6657	7.476756738908978e-05
861	5.669932072561223e-05
5794	5.095066512218974e-05
10752	7.774468017245229e-05
10543	5.095066512218974e-05
10505	0.00022587961511533883
8840	5.8180623571633764e-05
2752	5.095066512218974e-05
6623	5.095066512218974e-05
13526	5.095066512218974e-05
13045	0.00018182887169458818
2143	5.095066512218974e-05
10187	7.355344009448552e-05
933	5.716348972159446e-05
7145	5.795756756306747e-05
4581	5.095066512218974e-05
4553	0.00010518766794979138
10694	8.520188148404952e-05
12153	9.11403214385129e-05
328	5.097632895485109e-05
14010	5.095066512218974e-05
11045	9.8510027733149e-05
5222	0.00017599841733631418
8382	5.0964608060018104e-05
7681	5.097939024647511e-05
10433	0.00010090747323743747
14119	5.0958868418033673e-05
12025	5.4655138232202985e-05
11734	5.095066512218974e-05
7862	6.487183659172744e-05
7148	7.18641419084875e-05
5054	8.434702801792839e-05
1344	7.234172998678046e-05
13934	5.624524089853749e-05
11797	5.095066512218974e-05
9079	9.032129285465161e-05
9190	7.268854790465617e-05
4803	7.652177432108493e-05
1249	0.00010439659574793218
11139	7.494722765937335e-05
1810	5.095066512218974e-05
4710	5.0967098127433684e-05
10018	5.814587704364601e-05
7696	5.816660460420689e-05
2242	0.00030965827861533727
4812	5.095066512218974e-05
8461	0.00016846436050964173
3563	5.8133981930180816e-05
5797	5.095066512218974e-05
4054	9.831921596313823e-05
12038	5.095066512218974e-05
16	7.557793083794914e-05
2404	0.00011645929103077923
2582	5.097526936006876e-05
7843	5.892259425153611e-05
4438	5.0958840260267624e-05
4423	6.469251469453913e-05
404	5.095066512218974e-05
1862	7.20449650342845e-05
1951	0.00010945353403576912
4971	5.816946218256198e-05
12160	7.366468772779338e-05
11890	7.578576306694582e-05
3853	5.095066512218974e-05
7328	6.878158768263735e-05
3070	5.095066512218974e-05
4750	8.66828262942488e-05
8094	5.756144049459597e-05
13831	5.5998526876830455e-05
1598	7.534786314578593e-05
8919	8.997756952060153e-05
5662	5.095882905121175e-05
4443	0.00012622052624820218
5731	6.0202012333839574e-05
5655	6.591411799537116e-05
2317	5.095066512218974e-05
2378	5.095066512218974e-05
9491	5.095066512218974e-05
4921	5.54163342972335e-05
6854	5.095066512218974e-05
7128	0.00012858837300745788
13400	5.593313262260197e-05
2557	5.816946189731689e-05
789	0.00012011717152438596
7819	5.095066512218974e-05
7399	5.095066512218974e-05
6804	0.0002606506287322047
5880	6.422008466178982e-05
2062	0.0005006868594494493
9412	5.095066512218974e-05
3161	9.398099172882285e-05
12089	6.040377425310689e-05
14148	6.0413493027008304e-05
10882	0.00037889804427097053
6134	5.598548876716345e-05
3121	5.0967094348862695e-05
9351	0.00039648848963184463
6652	0.00010149028478156262
6306	5.130775447717945e-05
11606	5.0958780831730934e-05
11866	5.794930306602167e-05
5674	0.0001240917076727577
6910	0.00010868309404212632
14432	8.215028041846172e-05
6345	5.095066512218974e-05
985	5.8608683563834915e-05
5349	5.095066512218974e-05
12679	5.095066512218974e-05
6168	0.0006790842343284028
8446	5.095066512218974e-05
11430	9.461489611167956e-05
9962	7.679844350881647e-05
14433	5.671780921932026e-05
3396	5.09976680085936e-05
8609	5.095066512218974e-05
10119	9.263024408926482e-05
5636	5.095066512218974e-05
684	5.095066512218974e-05
5587	7.852617818503117e-05
13044	7.852617818503117e-05
11517	5.095066512218974e-05
7039	0.00022549336334194958
3889	5.096953310117195e-05
5244	0.00010935639194842177
12825	0.0003742790150647502
2036	5.095066512218974e-05
8360	5.095066512218974e-05
301	0.00020989353221620059
2961	5.095066512218974e-05
5090	6.428501393871092e-05
7918	6.185787452044002e-05
11479	8.70500301188095e-05
5273	9.019457993812986e-05
1179	0.0002569825325436103
10486	0.0007868988807335987
2698	0.0001656425563976218
6418	0.00010547449215720429
7732	5.095066512218974e-05
14238	5.877010728531264e-05
4457	5.989021997489923e-05
7181	0.0001086658193283355
4340	5.095066512218974e-05
9279	0.00014564919443789317
9410	5.095066512218974e-05
6929	5.095066512218974e-05
5376	0.00015567121791638727
10162	0.00012378196357623773
13949	5.8748549628164115e-05
13549	6.608007774582492e-05
5957	9.562571791353993e-05
14073	5.095066512218974e-05
1136	9.09084744428747e-05
12890	6.525309618215849e-05
8898	9.987272090504276e-05
9451	5.096709057202898e-05
1437	8.66760185225398e-05
6369	0.00010549312492518616
62	0.0003271482792982736
10122	5.095066512218974e-05
4944	0.00015747545151873832
14434	5.095066512218974e-05
7874	5.095883838995463e-05
13140	5.095066512218974e-05
6256	5.095066512218974e-05
6872	0.00011140257928348319
8992	0.00011174942386005371
11225	5.7682808644531023e-05
6318	5.095066512218974e-05
2800	8.666741416967249e-05
4892	5.6602699965958606e-05
3091	5.095066512218974e-05
4890	6.082931432882928e-05
1271	5.095066512218974e-05
5862	0.00014994568349397053
7345	6.285911625563976e-05
7351	6.331638031672924e-05
4209	5.095066512218974e-05
3690	5.096705417103353e-05
265	7.987662866193161e-05
10012	6.65464341341385e-05
5152	5.095066512218974e-05
1283	0.0003780073998367814
2806	6.04070911335037e-05
9198	6.394170272231703e-05
6495	7.820601045828589e-05
3047	0.00012964907315774903
7264	5.095066512218974e-05
9130	0.00023020971376739511
8863	0.0004990693180772315
247	0.00017191657121040822
5495	0.00012906567703484294
1820	5.752215928776455e-05
10247	5.095066512218974e-05
10106	5.095066512218974e-05
13768	5.095066512218974e-05
12839	0.0005408050578604262
4981	5.2736932792207236e-05
13756	0.00011094657162839177
5357	5.095066512218974e-05
938	6.878624834629889e-05
6284	5.101084700014834e-05
1533	8.923611758274017e-05
610	5.095066512218974e-05
491	9.613244453385377e-05
8437	7.481261797054893e-05
12885	0.00035212157008804345
9854	0.00011242072196125494
612	0.00012749207456978545
5743	0.00017120882487437893
1143	9.122699807040402e-05
4341	5.095066512218974e-05
13552	5.095066512218974e-05
1662	5.095066512218974e-05
619	5.095066512218974e-05
6694	5.095066512218974e-05
14435	9.232805336630867e-05
8269	5.095066512218974e-05
10432	7.811604816648901e-05
13300	0.0018510168916764727
8914	5.1312396248924615e-05
8227	5.095066512218974e-05
843	5.102459664221806e-05
11592	0.00010593648299182374
13070	0.0002537827946669824
4920	6.04070911335037e-05
9827	5.095066512218974e-05
874	5.095066512218974e-05
2539	8.012286445044583e-05
5075	9.438845648689468e-05
6415	5.137037110480374e-05
7797	9.853141969394742e-05
1725	0.00016991502101585234
6620	5.2601541652640336e-05
10447	5.095066512218974e-05
7745	0.00015712115374154578
26	0.00013515624772366132
13585	5.675809916497307e-05
13419	0.00013758827847493087
844	0.00039010250640133935
575	0.0001143023450101196
7498	9.20380411962327e-05
7740	5.829878331501355e-05
2499	5.095066512218974e-05
6698	0.00013390988701834054
13652	9.766767695771808e-05
6455	0.00012884308075154143
13147	5.095066512218974e-05
2811	0.00036150157903060604
32	5.89128602676011e-05
4987	7.902168607251114e-05
3271	7.90159983543274e-05
4765	6.803525405630267e-05
2516	5.095066512218974e-05
2515	0.00011465639924152747
1020	0.00010122914847278654
11073	5.830078645402768e-05
10290	8.169594697860654e-05
9013	0.00033530192022126673
2712	5.095066512218974e-05
11147	5.095066512218974e-05
3964	0.0001299487574259561
2526	5.2273826359239736e-05
3301	5.994027088936053e-05
6303	7.816796503611809e-05
13660	0.00011205315970516383
2690	5.763217394967699e-05
8352	8.704146800375372e-05
11738	5.7047796296037976e-05
9492	5.095066512218974e-05
9770	5.095066512218974e-05
5584	7.953643393569766e-05
11821	6.354265104899336e-05
12208	5.095066512218974e-05
8723	6.616673222826872e-05
7081	9.022078890719723e-05
4485	9.13919062422566e-05
11437	5.095066512218974e-05
5110	5.596143615883125e-05
2808	0.00022931513275712312
2110	8.66760185225398e-05
10761	5.095066512218974e-05
135	0.0006164853951968417
2796	9.04008673114918e-05
1383	5.095066512218974e-05
11643	0.00016410970864914187
9334	5.095066512218974e-05
11420	6.908273942708257e-05
11886	9.733421722864878e-05
10253	0.0002972372629485572
14110	5.854641876678094e-05
10302	6.219749005261486e-05
8915	5.095066512218974e-05
11336	5.095066512218974e-05
2767	0.0003450734366450935
13683	7.476756738908978e-05
1101	7.66349676852571e-05
6717	5.095066512218974e-05
670	5.203325158886702e-05
10530	5.095066512218974e-05
10759	5.6760470861972234e-05
1814	5.095066512218974e-05
1227	5.096706041975759e-05
10670	5.0969631938557004e-05
7074	0.00017431475791199874
2860	0.00010924516304475053
6632	6.24640964836515e-05
10743	6.920002800406876e-05
9288	7.166514058493472e-05
13264	5.095066512218974e-05
476	9.689148617450421e-05
14436	0.000127302398128327
6155	7.333567611079946e-05
2194	9.918398732191032e-05
7249	5.817423365127128e-05
9053	5.095066512218974e-05
2583	7.838285510222045e-05
11175	5.095066512218974e-05
13179	0.00019959785036936567
11180	0.00010913102742625107
615	5.095066512218974e-05
2386	6.881334182236477e-05
9895	0.00012762134740827984
8641	9.457466078167576e-05
4668	6.514495015371981e-05
10669	8.753658690263758e-05
7755	6.807136634390735e-05
13507	5.095066512218974e-05
8628	5.546511135070451e-05
8818	0.00012623024171103933
11366	5.095066512218974e-05
5192	5.095887784710936e-05
6572	6.029885424367283e-05
3932	5.095066512218974e-05
18	8.24748878961261e-05
2288	5.816049536771851e-05
7919	5.095066512218974e-05
13088	5.095066512218974e-05
6533	0.00015675970997698461
5236	5.095066512218974e-05
12004	0.00022775267154238616
10377	5.0986261779981145e-05
3483	8.090532779073826e-05
4959	5.954903289389138e-05
14151	5.095066512218974e-05
13317	0.00015208452731766943
3315	5.29588554028845e-05
8908	0.00013947724973998777
5474	7.018779329354789e-05
6072	5.095066512218974e-05
7680	6.017756490853545e-05
4518	9.306010139582601e-05
2199	6.227111479397664e-05
4780	5.6602699965958606e-05
7195	9.62447661941515e-05
2384	5.095066512218974e-05
11658	0.00010505876971711242
7085	5.0983516023604295e-05
758	8.669906646078116e-05
2387	5.095066512218974e-05
12242	0.00013437942727788393
9244	5.0978028291154466e-05
4306	5.095066512218974e-05
1045	5.095066512218974e-05
2459	6.881334182236477e-05
6125	5.095066512218974e-05
11356	5.1104265127252716e-05
10784	5.095066512218974e-05
3326	5.095066512218974e-05
8187	0.0001308026451787406
13493	9.888705977322358e-05
9323	5.095066512218974e-05
5735	0.00010488095278379522
13858	5.095066512218974e-05
4928	8.228016399069711e-05
9291	9.889764645527862e-05
872	5.669932072561223e-05
7451	5.097542158076764e-05
13085	5.095066512218974e-05
431	0.0001021923506559911
8733	5.095066512218974e-05
13017	0.00015115102857259652
6220	7.309816298545522e-05
822	0.0001431724024671486
4898	5.095066512218974e-05
3155	0.0002437527988275006
11798	7.596716953047508e-05
2549	5.096148606824467e-05
11455	5.9698282801857687e-05
1741	7.918825224640679e-05
812	6.919571866218283e-05
3314	5.095066512218974e-05
330	8.673754324136935e-05
2420	5.095066512218974e-05
2891	8.670476305975848e-05
111	7.242125991462845e-05
3131	5.104278599272394e-05
10417	5.095066512218974e-05
13752	5.095066512218974e-05
535	9.391838199810191e-05
11979	9.902439405028365e-05
12231	5.670546456046461e-05
1089	0.000504245687611364
13745	5.095066512218974e-05
2208	5.095066512218974e-05
7228	5.097934595766638e-05
3900	5.095066512218974e-05
948	5.831251120251056e-05
12158	6.03079379872999e-05
1226	0.0003375057768898021
9608	5.758680440357775e-05
13151	5.095066512218974e-05
6587	5.095066512218974e-05
13558	0.00013919102044861702
5571	5.8916963995780854e-05
8408	5.892647630712774e-05
9081	5.671242171453358e-05
3458	5.560016990901222e-05
5409	5.095066512218974e-05
293	0.0001788370659573695
4352	5.095066512218974e-05
13327	6.026394836747208e-05
9649	5.8416749630075493e-05
5599	0.0001153522980569746
3997	5.1013910508012296e-05
1840	0.00020041774618580226
3724	7.435028041047155e-05
10390	5.095066512218974e-05
3759	5.095066512218974e-05
6223	0.00019887524614991035
8105	5.095066512218974e-05
10454	0.00017003517645669
8896	0.00010949973991913195
3428	0.00011607431022966582
12124	5.096981520504665e-05
5824	5.095066512218974e-05
3594	5.097529763430214e-05
9564	7.82750919432312e-05
6578	6.000426124146306e-05
4880	0.00010026587015017085
3697	5.095066512218974e-05
8979	5.095066512218974e-05
401	7.103939052044913e-05
12764	5.095066512218974e-05
2773	0.0002678839976293187
1740	5.095066512218974e-05
4899	5.3871070995392955e-05
2579	7.976098012011327e-05
3067	5.095066512218974e-05
1982	0.0001783243368023868
11264	5.8355906897764804e-05
12012	5.095066512218974e-05
773	5.314966888262795e-05
8367	5.821337113975095e-05
6470	5.0964608060018104e-05
1813	5.095066512218974e-05
10382	5.095066512218974e-05
9522	6.185148595526485e-05
4481	5.957344446163539e-05
1378	5.0958780831730934e-05
805	5.095066512218974e-05
10525	6.407664591635888e-05
2034	7.924223142829101e-05
6394	7.021804459227563e-05
1748	0.00010419568681427794
6077	5.095066512218974e-05
3525	9.425086849379789e-05
13998	5.835180362779548e-05
11938	6.179345192498425e-05
6631	5.83436038442301e-05
4627	5.095066512218974e-05
2466	6.365561863234185e-05
963	5.095066512218974e-05
7715	0.00016571552971189228
12021	5.095066512218974e-05
14215	9.244013799524674e-05
7302	0.00010109579460987532
161	0.0001314341416066332
286	6.053212491494095e-05
4618	5.095066512218974e-05
7620	9.957574877557184e-05
13095	0.00010900574835696883
3292	5.206708241595068e-05
6925	6.881334182236477e-05
2252	5.918353245450182e-05
4603	9.844834860387652e-05
1675	5.095066512218974e-05
5917	5.8883150590143666e-05
11458	0.0002446806819463437
6743	6.983283834637255e-05
5515	0.00010241124153045496
12900	5.095989171139437e-05
4178	5.9809259443307356e-05
9296	5.9047002262050565e-05
3533	5.095066512218974e-05
11472	5.1124801877456614e-05
7381	6.887460454865202e-05
7252	5.0975314630055664e-05
14437	7.835291794413597e-05
2784	5.095066512218974e-05
10096	5.095882905121175e-05
3175	0.0005992438199364376
2619	5.095066512218974e-05
5691	5.86009703109254e-05
13865	5.640348222013791e-05
6518	5.096003386365708e-05
5492	8.596430665157474e-05
7809	0.00010279517904395083
8130	5.0993453480472646e-05
5782	7.355637675355233e-05
8866	5.095066512218974e-05
7291	0.00016921491271697074
13373	5.862972062801699e-05
1362	8.686339662629815e-05
6383	8.609658865817887e-05
12256	5.927717765118793e-05
13546	0.0002948867237831054
4839	5.560049124365103e-05
12211	8.355219500061536e-05
4846	5.477838155794153e-05
6758	5.0970883326223664e-05
2980	5.095066512218974e-05
12821	5.9584817674142144e-05
7846	5.794930306602167e-05
6028	5.669932072561223e-05
14438	5.095066512218974e-05
9723	6.014613829065077e-05
10624	5.683305761574211e-05
6446	0.00012939594309189337
3419	8.668453617404303e-05
3003	5.095066512218974e-05
11412	5.483225312259285e-05
2346	5.0967075482042907e-05
8613	6.244797632903472e-05
14439	9.469643569216429e-05
3297	6.181916458134341e-05
11242	0.00011296679515371547
6428	5.794930306602167e-05
6172	6.141061107535516e-05
7141	5.095066512218974e-05
43	5.774466816849614e-05
8266	5.369876922990897e-05
5525	9.597226274184017e-05
807	5.095066512218974e-05
12798	5.7209044494259894e-05
3346	5.095066512218974e-05
13112	5.5285923742536276e-05
8170	0.00026751322804923573
1058	5.095066512218974e-05
5015	0.00013838712444892804
969	5.0959386280621616e-05
1400	5.097186615558642e-05
9293	5.095066512218974e-05
6173	6.257446458785079e-05
13999	5.7105644023766834e-05
6448	8.666780201991783e-05
12518	5.714758177770679e-05
517	0.00068272267864987
8833	0.00011561340490358452
7595	5.095066512218974e-05
5695	5.095066512218974e-05
3122	8.73501102789643e-05
13722	5.922769297043934e-05
10539	0.00010598167468783201
5059	0.0005651717516178564
9517	5.147286259155317e-05
10715	0.00013591438586136445
13946	5.095066512218974e-05
8199	5.095066512218974e-05
3794	5.095888162481171e-05
14155	5.891975918836808e-05
2567	5.095066512218974e-05
7757	0.00013569106302339245
2057	5.095066512218974e-05
10627	0.0005844893954209709
876	6.144998989765721e-05
6002	0.0001002726916903326
2536	7.819815748503143e-05
12366	5.895529317730576e-05
2501	5.0966944617929246e-05
6893	0.0010284425291267243
5315	6.019876738567695e-05
11101	0.00014420432104313765
10713	7.500578249838003e-05
5143	5.563344876860794e-05
12073	5.095066512218974e-05
1434	0.0001123572349928841
11035	5.095066512218974e-05
755	5.095066512218974e-05
10802	9.741818488819177e-05
1087	5.981212594101301e-05
2296	0.00011318773277819205
12374	5.096981520504665e-05
2683	5.735133668639396e-05
520	5.5805985372395866e-05
3945	5.095066512218974e-05
7977	5.095066512218974e-05
14166	5.095066512218974e-05
8447	8.668831217477668e-05
5476	6.697601856911686e-05
4048	5.095066512218974e-05
8423	5.271685474746184e-05
13	5.608960571668025e-05
6080	5.095066512218974e-05
1015	5.095066512218974e-05
12645	6.287257509348345e-05
4904	5.095066512218974e-05
4367	0.00010148811747193157
1657	5.095066512218974e-05
2856	5.7001431548526256e-05
4019	6.28745817765923e-05
13211	5.095066512218974e-05
1355	0.00010558956741286864
11234	8.34551513204489e-05
8349	5.095066512218974e-05
7768	5.7020023926206664e-05
2285	5.095066512218974e-05
757	5.095066512218974e-05
109	0.00017561484492576563
10649	5.095066512218974e-05
14440	7.158664631077247e-05
8223	0.00010109758370011766
2928	7.741908844307665e-05
387	6.424444879910346e-05
9042	5.099169102182266e-05
8964	6.982090401740158e-05
2421	5.095066512218974e-05
9381	5.095066512218974e-05
7342	5.098341976237076e-05
3544	0.0001746473474332595
14060	6.0730252606837164e-05
335	8.66760185225398e-05
4600	0.0004755738300974146
2068	5.095066512218974e-05
2366	0.0002025691766696496
13583	0.00020696586891863494
8961	8.474934653611074e-05
6143	5.097805346426299e-05
10527	0.00027793105886987233
5931	5.095066512218974e-05
9894	7.774468017245229e-05
7221	0.00012115029205057428
4784	5.095066512218974e-05
1847	0.00010786229140012044
6723	5.095066512218974e-05
12799	6.496263641848126e-05
11726	9.645272793505963e-05
10033	7.845483184494788e-05
5886	5.095066512218974e-05
6121	5.095066512218974e-05
13627	5.095066512218974e-05
524	5.095066512218974e-05
8696	5.8885660963098445e-05
1561	0.00011651660783704092
3187	0.00010332341170895721
5101	0.00020467297503393291
1110	0.00033357461242901565
1473	5.731943806854152e-05
8975	5.095066512218974e-05
11765	5.095066512218974e-05
11972	5.864855423073303e-05
3268	5.095066512218974e-05
8857	0.00021288931389303072
2235	0.00016794510569645947
3810	0.00015903274505482348
6011	7.270333301362088e-05
13804	5.095066512218974e-05
1706	0.0013961474973244173
2135	0.00011011437485487838
12794	5.102069585439256e-05
240	5.095066512218974e-05
10254	5.095066512218974e-05
4942	5.095066512218974e-05
2897	5.225236844170518e-05
5173	5.095066512218974e-05
10109	7.781993910622431e-05
10683	0.0003607110211005961
1256	5.894595419930258e-05
7132	5.095066512218974e-05
1470	5.095066512218974e-05
10988	5.771915732555815e-05
8031	7.538363485757624e-05
8579	0.00010326116297006692
7751	5.095066512218974e-05
13384	5.095066512218974e-05
11975	5.095066512218974e-05
4226	5.095066512218974e-05
3318	0.00010580929930845561
3017	5.095066512218974e-05
14441	5.095066512218974e-05
4741	6.560722036335899e-05
8602	7.157580049024589e-05
7273	6.128622996776697e-05
5150	7.787555691580314e-05
4028	8.66760185225398e-05
7139	5.671242171453358e-05
12718	5.671242171453358e-05
9454	7.485794732072477e-05
12323	7.722981044857788e-05
926	0.00012131374899909115
5909	0.00031651373329464266
6966	5.095066512218974e-05
2277	5.816302513271694e-05
6909	5.095066512218974e-05
14359	5.814827984195465e-05
13169	6.72892279421988e-05
2250	5.095066512218974e-05
12516	0.00020767495185491155
897	0.00030327014472802537
2422	5.095066512218974e-05
4608	5.095066512218974e-05
10076	0.00011689570154272242
6908	5.816302513271694e-05
3710	5.095066512218974e-05
850	6.226872799742971e-05
12492	6.010154704637906e-05
2442	5.095066512218974e-05
2709	5.095888162481171e-05
3998	5.095066512218974e-05
8150	6.555618570545361e-05
11218	5.724102527613384e-05
4013	0.0001527874989870811
11460	0.0002075877491324385
12971	5.095066512218974e-05
13791	6.0044720162865895e-05
14366	6.03079379872999e-05
5746	6.0446824674030775e-05
12204	6.106836914100237e-05
5497	5.095066512218974e-05
9158	0.0001709454709077108
482	0.00018227125668915769
2108	8.66760185225398e-05
2104	0.0005514325415640786
4818	5.372496270341165e-05
12941	0.00010439997704573914
11041	8.666780390920333e-05
11222	5.095066512218974e-05
6	5.095066512218974e-05
10166	0.00026775063214391087
7738	0.00010771508609806396
4516	5.305215649868092e-05
452	5.095066512218974e-05
10293	0.00010416768635420571
1928	5.095066512218974e-05
4125	0.00010353732936243364
14076	7.854342352945217e-05
2177	5.095066512218974e-05
735	0.0005660162932191879
2139	5.8604875269974605e-05
5615	5.0978040871921806e-05
8521	5.095066512218974e-05
11208	5.095066512218974e-05
1591	5.095066512218974e-05
9282	5.095066512218974e-05
1460	9.452283478287485e-05
5221	5.095066512218974e-05
9799	5.095066512218974e-05
4919	0.00012927420170925322
10574	5.095066512218974e-05
13083	0.00010561612164479499
7319	0.00014999368907314374
3822	6.312408325124885e-05
2224	5.095066512218974e-05
388	6.767221956464424e-05
13018	8.722918967472287e-05
8799	8.6696555055881e-05
13639	5.095066512218974e-05
3403	5.2115818218797334e-05
6424	0.00021566291160923882
1491	6.44999257083688e-05
2568	9.381212507737072e-05
9418	0.0001753072467009377
6338	0.00016472085442001286
2051	5.095066512218974e-05
12134	5.095066512218974e-05
12034	5.095066512218974e-05
2783	5.095066512218974e-05
347	0.00017379936761870152
8263	5.095066512218974e-05
12058	0.00011505077674422205
4129	0.00011146032497302683
661	5.095066512218974e-05
5164	7.122126128806313e-05
1411	6.324207462301637e-05
1732	8.66760185225398e-05
10473	5.095066512218974e-05
14442	6.690723658584639e-05
3576	6.391467498009182e-05
13391	5.0971851009784354e-05
4619	5.095066512218974e-05
9495	5.095066512218974e-05
10128	5.095066512218974e-05
46	5.095066512218974e-05
2017	5.095066512218974e-05
11371	6.144460390698379e-05
127	5.096703057115614e-05
13663	6.286861059355707e-05
1176	5.095066512218974e-05
5681	6.020698577845366e-05
3306	5.837383364349196e-05
11315	5.095066512218974e-05
9441	6.35078879754442e-05
12519	5.095066512218974e-05
3904	6.343380596770973e-05
8244	8.884306242881203e-05
553	5.095066512218974e-05
2382	5.095066512218974e-05
5749	5.880033653525836e-05
3343	5.095066512218974e-05
6012	7.639357791691782e-05
7648	0.00011498523795051592
5070	6.0164010206203086e-05
5524	0.00012184601667648326
3606	0.00023365792144979598
2656	5.681665187272826e-05
11860	5.095066512218974e-05
8514	5.095066512218974e-05
133	8.301680301036352e-05
7174	5.095066512218974e-05
4499	0.0002866638220481974
5660	0.00010835390592599515
12958	0.00011357325898205011
10266	6.285364110569334e-05
9311	9.99551492821152e-05
9304	5.095066512218974e-05
13149	5.095066512218974e-05
4168	5.095066512218974e-05
5454	5.095066512218974e-05
6098	5.095066512218974e-05
5085	0.00010004727158885831
8727	5.095066512218974e-05
7510	5.100385124189823e-05
8860	5.095066512218974e-05
2363	8.665958929586685e-05
2357	0.00013457811257820202
4247	5.095066512218974e-05
5477	0.00010633535995063812
591	6.039775236261151e-05
10305	7.136515277953264e-05
4777	5.095066512218974e-05
11662	5.095066512218974e-05
1949	5.327024909638452e-05
3698	0.0001399775871789513
4262	0.00015067434815301965
6390	5.952176283558447e-05
9776	5.098551312585085e-05
1138	5.76450367178491e-05
1200	5.095066512218974e-05
2271	5.095066512218974e-05
6874	5.095066512218974e-05
10748	5.095066512218974e-05
10439	0.0003719643677288209
10756	5.095066512218974e-05
2711	5.095066512218974e-05
1651	9.398106919170923e-05
12115	5.095066512218974e-05
7292	5.095066512218974e-05
5563	5.095066512218974e-05
7180	0.0003104994124708746
13803	5.095066512218974e-05
12054	6.399563977615373e-05
9362	7.660558962216624e-05
1765	7.200399088400913e-05
12959	5.095066512218974e-05
1230	0.0001846394184820318
6014	5.095066512218974e-05
3448	5.095066512218974e-05
12862	0.00010812753298265523
5434	6.153229574119753e-05
6411	5.095066512218974e-05
5230	0.0006737813000041418
10603	6.800778798065834e-05
5527	0.0001030051756649247
3508	9.401266866457611e-05
589	5.095066512218974e-05
2192	8.66185426609442e-05
8642	5.095066512218974e-05
2837	5.206708241595068e-05
2439	5.095066512218974e-05
10944	8.66760185225398e-05
4053	5.095066512218974e-05
1417	0.0003182382662388772
10446	5.8266629927221964e-05
10451	5.095066512218974e-05
1720	6.107960375093219e-05
4528	5.095066512218974e-05
6519	5.095066512218974e-05
2704	5.095066512218974e-05
2228	5.095066512218974e-05
19	5.095066512218974e-05
12882	0.00021012378740523384
3347	5.095066512218974e-05
6239	6.823498104215902e-05
8843	9.627795031472669e-05
7436	6.877999782881906e-05
13093	0.00012056329174844919
3553	5.095066512218974e-05
6342	0.00022791748051598806
8405	5.994060713874435e-05
9938	5.8293899636776715e-05
160	5.09615953205683e-05
10619	5.095066512218974e-05
8913	5.095066512218974e-05
5065	0.00011684138325522747
11620	5.095066512218974e-05
3019	5.095066512218974e-05
4029	5.8190056859749036e-05
2595	5.095066512218974e-05
1093	5.096091453503124e-05
13035	5.095066512218974e-05
8656	6.527157540241867e-05
1445	5.095066512218974e-05
10908	5.095066512218974e-05
6850	8.663499262290688e-05
7991	5.0969875665304664e-05
10828	5.0958780831730934e-05
11749	0.00010440812039486024
1692	5.095066512218974e-05
1638	5.095066512218974e-05
6286	5.095066512218974e-05
11703	0.0001442340878808967
722	0.0001375365827828993
2171	5.095066512218974e-05
13614	5.8293899636776715e-05
7216	5.095066512218974e-05
12889	9.870708661548275e-05
4476	5.1868826986716024e-05
1663	5.095066512218974e-05
10316	6.881334182236477e-05
5870	5.095066512218974e-05
7234	5.095066512218974e-05
11600	5.095066512218974e-05
10610	0.00014181460870764493
11927	7.103007144310057e-05
13348	6.427893963881014e-05
1255	6.0575826191097655e-05
11287	0.00022081770871829938
4044	8.049434773277738e-05
11582	5.095066512218974e-05
8222	6.392152333678205e-05
13740	0.00011325082923408397
1640	5.095066512218974e-05
5431	0.0004316751195156261
2038	0.00012302829440537553
6367	7.261749939524727e-05
10523	5.095066512218974e-05
5312	0.00010342684776310719
10737	5.095066512218974e-05
849	0.00015752484257434523
5283	5.096333623060317e-05
3256	6.30316821089563e-05
2844	5.095066512218974e-05
8190	5.671242171453358e-05
11183	0.00010939498392199594
7189	5.095066512218974e-05
13395	5.095066512218974e-05
1210	0.00017495847999516353
93	5.095066512218974e-05
11929	0.00010771211194932436
11488	0.00018495308267611304
3812	5.788822007614771e-05
285	9.837722726800578e-05
7853	5.095066512218974e-05
1366	0.0001519032604450001
12883	9.253638147546631e-05
13293	5.095066512218974e-05
2848	0.0002462281141769933
4484	5.629354765226151e-05
532	5.095066512218974e-05
2987	5.099261096607889e-05
7284	0.00013996080989335768
2236	0.0004436682557309305
4701	6.0398643029480764e-05
11156	5.598372278201964e-05
12567	5.095066512218974e-05
5302	0.000509455163428267
3354	0.00010640090754744506
2482	5.095066512218974e-05
9206	0.00010390890666842043
7503	7.479912548117576e-05
6216	5.095066512218974e-05
13628	5.095066512218974e-05
6213	0.0001365724634750133
10411	5.095066512218974e-05
8824	5.095066512218974e-05
7850	6.498736221671442e-05
5813	5.095066512218974e-05
6560	5.095066512218974e-05
6783	8.675336280442747e-05
10716	8.685307203798451e-05
14443	5.0983436977372706e-05
190	9.562175521334015e-05
12613	5.095066512218974e-05
2111	0.00016163552913501698
5435	5.82265983130889e-05
10800	0.00039829280401156453
7215	0.0001150248264250267
9883	5.095066512218974e-05
2505	0.00019359834370759945
7146	5.095066512218974e-05
13121	9.10065457752417e-05
830	5.102835507537702e-05
603	5.095066512218974e-05
2888	5.095066512218974e-05
10638	0.0001705196428658735
5465	5.67037195518523e-05
8790	5.096148606824467e-05
13156	5.095066512218974e-05
11907	5.095066512218974e-05
5031	5.095066512218974e-05
6480	5.095066512218974e-05
8933	0.0001329838574278983
845	5.095066512218974e-05
3993	8.666780201991783e-05
5184	5.095066512218974e-05
4062	7.657974177129108e-05
11213	0.00024151924967979793
12486	5.817423365127128e-05
1369	5.095066512218974e-05
5793	5.461480393248205e-05
3103	5.095066512218974e-05
3693	5.095066512218974e-05
7058	0.00010040861138204321
6361	0.0006674026198277542
7323	0.000150770789922646
10492	8.176924767580792e-05
2556	5.095066512218974e-05
3787	0.00025177117592011964
10803	5.095066512218974e-05
8912	9.333503429714549e-05
7917	6.170562859179936e-05
1790	9.506310861602287e-05
6945	5.731943806854152e-05
4379	0.00012231517416642077
3259	5.095066512218974e-05
3855	5.095066512218974e-05
10383	0.00016028449248969455
14444	5.669932072561223e-05
7822	5.3927777905552244e-05
14445	6.73633072726776e-05
6779	5.095066512218974e-05
1251	0.00012238493891764593
1817	5.095066512218974e-05
6075	5.743345386699529e-05
2200	5.095066512218974e-05
10533	0.00011104487935510909
5193	9.947787330214988e-05
2596	5.095066512218974e-05
4327	0.00027066808751239463
12607	5.095066512218974e-05
14247	0.00012240137192288987
9734	5.095066512218974e-05
4734	5.095066512218974e-05
10652	5.095066512218974e-05
6962	0.00035531210801585986
8201	5.095066512218974e-05
3231	0.00019102675915603899
1275	8.831336709563321e-05
11151	5.8267997589271975e-05
637	5.095066512218974e-05
3303	5.0965707952055144e-05
7818	5.0958862770973665e-05
11976	5.095066512218974e-05
12797	6.01974942791216e-05
7198	5.784272543470729e-05
7414	5.8169326080557045e-05
4831	0.00016379287197582554
7491	5.809573580225975e-05
6203	6.193935541047905e-05
11464	0.000123857636167517
8302	5.095066512218974e-05
2498	0.0002979001104026451
1222	0.0005743704777218595
6449	6.0202012333839574e-05
1116	6.310626883756673e-05
10510	5.095066512218974e-05
9644	5.095066512218974e-05
4547	5.095066512218974e-05
12809	6.636961259419679e-05
6957	5.851890446784495e-05
9832	0.00010975427139457143
4426	5.095066512218974e-05
11118	5.095066512218974e-05
6238	5.095066512218974e-05
10809	5.095066512218974e-05
12143	5.095066512218974e-05
11732	8.17833791423348e-05
13555	0.0003037931980016831
4060	0.00014990894330510853
1052	8.666943410380304e-05
4954	0.00010829770479298868
2638	9.731133674779968e-05
3819	0.00013276804504908264
3740	5.095066512218974e-05
4865	6.492663085009347e-05
2657	5.815907017157719e-05
9136	5.8641179379855286e-05
7066	5.100824355596111e-05
11769	5.095066512218974e-05
9120	5.095066512218974e-05
12942	5.560016990901222e-05
7660	5.100008335646354e-05
3583	0.00016721925213745114
2140	0.00010390890666842043
7476	7.523208408984988e-05
979	6.814825776356272e-05
9215	0.00018379272231807222
6050	5.7101120011681834e-05
7325	6.49479410098536e-05
7324	9.623199859740799e-05
13082	5.0993453480472646e-05
12721	5.095066512218974e-05
966	5.095066512218974e-05
5134	7.632252105049181e-05
395	8.668854018346017e-05
10879	0.00011790765117164267
3570	0.0006303868665238072
13724	5.097512895697656e-05
13725	6.882192364096083e-05
11715	5.095066512218974e-05
5234	5.095066512218974e-05
2178	6.562260166546245e-05
797	6.971325906271662e-05
11949	5.095066512218974e-05
5488	6.489049530416e-05
11625	6.0635736343356065e-05
12963	0.00013695888716037228
11000	5.095066512218974e-05
3011	5.095066512218974e-05
14152	5.101769041218893e-05
14446	6.457833779023782e-05
4492	5.095066512218974e-05
6568	5.095066512218974e-05
7726	5.7956650770335507e-05
8916	0.00027214255002869654
13002	0.00011422577273994964
2266	5.095066512218974e-05
8572	5.2273826359239736e-05
6990	7.274142069403785e-05
5279	0.0001981854565474229
7013	0.00010749180656550922
10215	5.095066512218974e-05
11802	5.095066512218974e-05
9844	5.844505285142646e-05
3397	6.436027553629952e-05
13867	5.3502476079357594e-05
4280	5.847411914651294e-05
13498	5.095066512218974e-05
1652	9.273367314433035e-05
475	6.0824223139338386e-05
8563	5.095066512218974e-05
8539	5.369876922990897e-05
3753	8.758939130730008e-05
8740	5.0987874663382485e-05
866	8.666780201991783e-05
12442	5.095066512218974e-05
1606	0.00031577489037795556
13775	9.920488664154308e-05
2721	5.7071062732959204e-05
1112	0.00017093161990583975
5215	5.095066512218974e-05
12692	8.691064022780363e-05
6924	5.2697387183806684e-05
4161	0.00018658552367953145
2261	5.2950674660660156e-05
1704	5.095066512218974e-05
14447	5.095066512218974e-05
2551	9.02485538625748e-05
155	5.095066512218974e-05
6608	5.7802491228144445e-05
12430	6.218027704280797e-05
1818	0.00018589794022388277
3247	5.095066512218974e-05
6744	8.665958929586685e-05
3471	5.095066512218974e-05
11680	0.00012278414356646505
12800	5.095066512218974e-05
4678	0.0005055052176369901
7695	9.584779628579428e-05
953	5.095066512218974e-05
8936	5.095066512218974e-05
4175	5.095066512218974e-05
2341	5.095066512218974e-05
14448	5.095066512218974e-05
8950	6.305081241773445e-05
4735	9.501193431595482e-05
9447	5.095066512218974e-05
6589	5.095066512218974e-05
13487	5.0986261779981145e-05
4613	0.00021949280598092556
13475	5.095066512218974e-05
2226	0.00026817071350918644
11796	5.095066512218974e-05
2254	8.664316006919388e-05
6721	5.095066512218974e-05
10393	5.095066512218974e-05
1636	5.095066512218974e-05
1290	6.331191513236708e-05
11191	0.00010666520435368806
4079	5.103633625038007e-05
10947	5.095066512218974e-05
1471	0.00015445313587790537
11566	5.729129039967216e-05
5440	0.0001597502159007452
10415	5.095066512218974e-05
12051	8.531354636527526e-05
2820	9.873454927125217e-05
14047	5.593313262260197e-05
5630	5.095066512218974e-05
1958	5.095066512218974e-05
3624	5.8877867583275856e-05
5927	0.00013886813573159602
6373	5.095066512218974e-05
5084	5.095066512218974e-05
2125	5.095066512218974e-05
10862	5.557011550930866e-05
13729	5.095066512218974e-05
3170	5.095066512218974e-05
6745	0.00010119976710926572
3174	5.095066512218974e-05
8692	0.00013535727217459277
11902	0.0004086090362456758
4513	5.095066512218974e-05
11164	5.095066512218974e-05
5566	0.0009593980470645789
11462	5.095066512218974e-05
2407	8.847239267882452e-05
3059	5.0959386280621616e-05
9966	5.095066512218974e-05
12179	8.053846435822866e-05
6564	5.826084222285619e-05
10695	6.043645323231438e-05
6977	5.095066512218974e-05
1729	0.0002695579130185332
7743	5.6516846198700194e-05
6831	5.106406593036738e-05
13625	5.8177244376946246e-05
5337	5.095066512218974e-05
8960	6.558887320768136e-05
10472	5.6848352345007326e-05
11544	5.095066512218974e-05
7959	6.651191518716569e-05
6037	8.159577312144339e-05
8306	6.527335557663177e-05
10133	9.505446449857429e-05
10442	6.270846253159561e-05
11174	5.833786116901302e-05
8699	5.095066512218974e-05
2964	0.00014339917418253008
6165	6.622792124148116e-05
3922	6.183600620029632e-05
6836	5.095882905121175e-05
8994	0.00011931707933388965
8057	7.328688125736063e-05
8267	5.918353245450182e-05
2659	9.818272247716787e-05
5913	5.85011501391081e-05
10744	5.380960703431716e-05
11897	5.095066512218974e-05
9505	5.823692426377135e-05
2681	5.095066512218974e-05
10943	5.095066512218974e-05
11148	6.533062961747068e-05
10635	5.095066512218974e-05
1206	5.095066512218974e-05
1469	7.802374354939315e-05
12014	5.095066512218974e-05
3063	0.0004868757529020441
12975	8.810426343276545e-05
2703	5.095066512218974e-05
6526	7.596716953047508e-05
13476	5.095066512218974e-05
12344	6.563065907569973e-05
5338	5.095066512218974e-05
12951	5.095066512218974e-05
12336	5.727130456994398e-05
13280	5.657159605465413e-05
4201	5.095066512218974e-05
14178	5.095066512218974e-05
6327	5.795807463138223e-05
6227	7.476756738908978e-05
2385	5.095066512218974e-05
13466	5.095066512218974e-05
6554	5.095066512218974e-05
778	0.000215976484903187
1696	5.095066512218974e-05
2496	8.666780201991783e-05
1142	5.095066512218974e-05
7588	5.095066512218974e-05
14449	0.00012868717899141365
761	7.217087600499521e-05
1497	0.00022028827296740358
5206	5.6709230934150216e-05
3602	5.095066512218974e-05
10148	0.00011125466958661504
7075	0.00035419675151549847
4090	6.247376513027382e-05
711	5.095066512218974e-05
5923	5.2745115420104705e-05
3926	5.095066512218974e-05
65	7.904757235559912e-05
12550	0.00010209346698982959
9488	5.7956650770335507e-05
4745	6.46845711645094e-05
1515	0.0001686278528925384
9319	5.095066512218974e-05
6680	0.00013663749624074684
5270	5.095066512218974e-05
11555	9.39154102600991e-05
308	5.095066512218974e-05
3425	9.274197033999187e-05
5391	6.0208338321527054e-05
13626	0.00010739808348947417
3604	8.66760185225398e-05
882	0.00014325218594267441
5921	6.000426124146306e-05
2332	5.095066512218974e-05
4217	6.0202012333839574e-05
9568	7.657547794780726e-05
7798	5.095066512218974e-05
5278	6.414391163426984e-05
2164	0.0002872537138171791
6671	0.00015076086060699368
11952	5.095066512218974e-05
13016	6.0119494110770554e-05
10221	5.099367881325786e-05
3746	5.095066512218974e-05
881	5.095066512218974e-05
7010	0.00029955672268859314
7691	0.00014023334222412943
6038	5.822031630415015e-05
5531	0.00016633830623063122
5120	9.464511258871815e-05
9123	5.2273826359239736e-05
9889	5.414042881864956e-05
1619	0.00024181186273148242
2375	5.095066512218974e-05
3327	0.0010356423340880415
2165	0.0002040710921059256
7121	5.707481178179332e-05
14214	5.095066512218974e-05
4964	5.095886089034765e-05
3558	7.489937221665091e-05
11480	5.816853494050561e-05
4369	6.330252861197849e-05
14042	5.928583648668767e-05
3077	5.095066512218974e-05
13673	9.186147736243015e-05
627	9.359623672267228e-05
3475	5.095066512218974e-05
6524	5.095066512218974e-05
9749	0.00012575717641388366
13248	5.095066512218974e-05
9127	5.096463642627332e-05
10822	5.119669021199371e-05
13966	5.825770686523996e-05
3415	5.095066512218974e-05
6918	6.200005419996593e-05
8520	0.00011012380360445704
12083	0.00012796328420098982
13989	5.095066512218974e-05
7279	7.630727561631068e-05
3147	9.038281231377689e-05
7270	6.734017077778134e-05
1148	5.095066512218974e-05
10267	5.7929211754121643e-05
10985	5.560016990901222e-05
10065	0.00015522412713664288
8359	5.095066512218974e-05
2478	0.0001282088059656732
8578	5.095066512218974e-05
3946	5.095066512218974e-05
3234	5.1728243644911114e-05
8674	5.095066512218974e-05
702	5.095066512218974e-05
3639	5.0958780831730934e-05
11059	5.095066512218974e-05
6712	0.00019002630503142263
2662	5.095887595956054e-05
4300	5.095066512218974e-05
3479	6.87664246526643e-05
13139	0.00011508195343527674
606	0.00021163380310477384
3805	5.950836729060665e-05
10284	9.607856546223025e-05
1000	5.095066512218974e-05
2160	0.00010066971144549148
3451	0.00011283994577753236
3158	5.095066512218974e-05
450	5.454099059687654e-05
8291	6.185148595526485e-05
1098	5.5937242884233305e-05
13611	5.8575627024361754e-05
4110	0.00043781382557173695
6903	6.887726707167646e-05
3874	5.333791102790813e-05
5537	5.095066512218974e-05
3442	5.095066512218974e-05
6953	5.095066512218974e-05
12402	7.602570183289198e-05
12575	7.138158557780559e-05
13059	5.095066512218974e-05
2097	0.00019917128059441662
9002	0.0005609621113960134
679	0.00013071772087631467
8788	5.095066512218974e-05
8885	0.00011298753049012014
7836	5.216849757931932e-05
1166	5.095066512218974e-05
3745	5.095066512218974e-05
10886	5.095066512218974e-05
4578	5.095066512218974e-05
7207	6.881334182236477e-05
13460	5.095066512218974e-05
9907	5.100008335646354e-05
3562	5.095066512218974e-05
14450	5.095066512218974e-05
12828	0.00012240137192288987
5557	5.123027585053154e-05
6922	5.095066512218974e-05
9269	8.667321614538184e-05
1942	5.206708241595068e-05
2049	0.00023386849178862721
3611	6.575628966626253e-05
1155	0.00010510173084372234
34	5.203325158886702e-05
3193	0.0001024145015619395
6603	0.0001318352181976624
12846	6.083641967468458e-05
13315	8.671725051735266e-05
9533	6.392152333678205e-05
6618	8.3424263960211e-05
152	0.00022427448992061813
5575	8.66760185225398e-05
4982	5.095066512218974e-05
746	5.840699847142687e-05
13671	5.095066512218974e-05
2545	8.500570247928143e-05
10935	0.00011133625765189527
8709	0.00011471845260252964
12284	5.095066512218974e-05
3757	5.095066512218974e-05
11878	7.516741873063264e-05
8877	5.097159475991006e-05
5684	5.095066512218974e-05
974	5.857248991205108e-05
13908	5.095066512218974e-05
2337	5.095066512218974e-05
7001	6.881334182236477e-05
5877	8.665547726598486e-05
5277	0.00020185011611473615
4001	5.9237430503884476e-05
13438	7.418857405909024e-05
1486	0.00011238541832645255
2425	6.0204999338066856e-05
10232	5.095066512218974e-05
13128	5.095066512218974e-05
6317	5.096262551560315e-05
10954	0.00025455226568203514
13106	0.00011816832478657139
1184	8.71179934113831e-05
1207	5.095066512218974e-05
2989	8.485036696613646e-05
2428	5.095066512218974e-05
4087	0.00042689125444393575
367	0.00017501971838816612
10188	5.095066512218974e-05
6675	8.759221562285942e-05
8344	5.095066512218974e-05
1159	5.7813838000634566e-05
6466	5.761831043661065e-05
13744	5.09718284666511e-05
1418	8.669086656125783e-05
6897	5.095066512218974e-05
1420	5.095066512218974e-05
13068	0.0005125574168612978
9863	5.095066512218974e-05
7902	5.095066512218974e-05
13158	6.881334182236477e-05
2770	6.970089762479468e-05
1691	9.716509236268778e-05
7753	5.095066512218974e-05
2293	0.00010925443668259846
4414	9.490888585485188e-05
10584	0.00010719622189085882
5759	0.0001252515780954549
11112	5.098401640851456e-05
9241	7.573168798068753e-05
1441	0.00012532947448515432
5176	6.252397125531986e-05
5600	0.00010817634395942692
6576	5.095066512218974e-05
4428	5.314966888262795e-05
13072	5.095066512218974e-05
13732	5.095066512218974e-05
10021	5.095066512218974e-05
1693	8.66760185225398e-05
12087	6.4554122412404e-05
4809	5.095066512218974e-05
1963	7.350135364120715e-05
12403	5.671780921932026e-05
1349	8.66760185225398e-05
3160	5.095066512218974e-05
5661	5.095066512218974e-05
8921	6.882155454728439e-05
3809	5.095066512218974e-05
558	8.66760185225398e-05
12991	0.00011644714635616486
8293	7.136995958235e-05
22	0.00027770386160564547
9596	5.095066512218974e-05
3744	5.1025167340739336e-05
1590	5.095066512218974e-05
5436	5.095066512218974e-05
12988	0.0001380891927303242
10823	7.708797749409488e-05
3229	5.095066512218974e-05
1970	8.66760185225398e-05
8438	5.6608703026899124e-05
3051	7.104402343052017e-05
9040	0.00011412170408834762
122	0.00017342206482964616
3717	5.095066512218974e-05
2258	5.095066512218974e-05
2418	0.00018561413029481602
1905	9.765532377591142e-05
3087	5.095066512218974e-05
946	5.095066512218974e-05
11616	6.704135574417653e-05
1054	5.095066512218974e-05
14451	0.00012504905418178814
4882	5.095066512218974e-05
14139	0.00010430367963727064
10461	5.097003013350116e-05
4354	0.0001224285669063384
7103	5.095066512218974e-05
8272	6.166827114229475e-05
11885	8.610275601427249e-05
7906	5.899988708287261e-05
10061	0.0001002131208344893
1108	0.00035755214585140086
6337	0.000146216911991674
6340	8.088981573948641e-05
12753	5.721153370857705e-05
13561	5.095066512218974e-05
13097	0.00020576052985704006
9872	5.095066512218974e-05
9529	0.00012009945283403572
9263	5.095066512218974e-05
9179	0.0005184220584669218
10402	6.149243572629959e-05
13925	0.00014080064340149458
12033	8.666781334261322e-05
11391	0.00012608397071224033
9347	5.095066512218974e-05
9189	0.0001248212843727693
3910	0.0002525423417046762
835	5.0975241150669684e-05
2443	8.66932608739589e-05
13771	5.821429126744043e-05
554	9.685471907353332e-05
1558	5.095066512218974e-05
9085	0.0002876472563491999
10180	8.664726737586213e-05
4736	5.095066512218974e-05
783	8.66760185225398e-05
1220	5.098352357553565e-05
731	5.095066512218974e-05
5156	5.095066512218974e-05
1582	8.66760185225398e-05
14126	0.00017402937416536056
4974	5.54163342972335e-05
14452	0.00012235611511779535
4788	0.0002392646632986326
3159	0.0005259062055959074
12861	0.00018967106432154758
7158	0.00013869792201187518
1343	5.095066512218974e-05
14453	5.153273918008789e-05
4925	0.0002948247008228056
1811	0.00013074846759229938
9366	5.8171933394681434e-05
11310	5.095066512218974e-05
1066	0.00015925025908097298
4938	5.602141003828014e-05
4644	5.095066512218974e-05
7776	5.095066512218974e-05
8797	5.095066512218974e-05
6124	0.0008858132178299244
4420	0.00019841492482360106
3296	9.844589321762604e-05
6628	5.095066512218974e-05
4011	5.095066512218974e-05
1773	0.00019944431358989592
3286	0.0002716839163142876
551	5.095066512218974e-05
11854	7.650490619258997e-05
13551	5.095066512218974e-05
4715	5.095066512218974e-05
8926	0.0005024276778744308
10917	5.095066512218974e-05
6402	8.666780579762019e-05
4559	5.096160033902486e-05
3035	5.095066512218974e-05
2376	8.66760185225398e-05
4105	6.736391189829296e-05
377	0.0006756236594462708
6695	0.00023680109684478862
1443	5.9396916212346895e-05
4733	5.095066512218974e-05
10170	0.00016654413961591429
1513	5.095066512218974e-05
3413	0.0001776837016291738
782	5.095066512218974e-05
11298	5.1616352244229656e-05
2093	5.09757645758552e-05
4143	8.865976024675511e-05
2857	5.095066512218974e-05
4848	5.095066512218974e-05
7805	5.527095826667984e-05
8061	6.62210117234172e-05
2948	5.2114668619233814e-05
11311	5.095066512218974e-05
11269	5.09670792519395e-05
7154	6.144025505316932e-05
4583	5.9437562065766224e-05
11425	0.0002897326878647928
8940	6.813801224084755e-05
8112	7.268359710141381e-05
828	8.747029854811521e-05
5626	5.6602699965958606e-05
3322	5.095066512218974e-05
6233	0.00010792218402325901
4495	5.095066512218974e-05
12048	8.669516860539672e-05
13910	5.095066512218974e-05
10758	0.00016409118218445632
10066	5.921428156056236e-05
11652	5.095066512218974e-05
2340	0.0002849695778214247
10176	5.095066512218974e-05
2470	0.000118062628167566
7699	9.957490374940435e-05
451	0.0006146896770833232
1372	0.00011793532690497472
11177	9.803786880266662e-05
6784	0.00011054206295730627
6063	5.7813838000634566e-05
3384	6.495702839785536e-05
2970	5.095066512218974e-05
6950	5.1075891644401116e-05
2927	5.0966959536737555e-05
10497	5.550838143684612e-05
3188	5.095066512218974e-05
11478	5.988486915551171e-05
389	5.095066512218974e-05
1077	0.00018929964456549552
12321	7.743445418674966e-05
5613	5.095066512218974e-05
6082	8.073000756915127e-05
13098	0.0005744418354359244
557	5.098323418670048e-05
1549	0.00024887949752710797
6246	0.00020495301066880543
5382	5.095066512218974e-05
2100	5.095066512218974e-05
7458	0.00010399013276279721
12833	8.666783589464234e-05
7309	5.095066512218974e-05
6228	5.095066512218974e-05
3119	5.095066512218974e-05
10288	0.0001446701517876024
4870	0.00011363423631578492
12080	5.095066512218974e-05
12757	5.095066512218974e-05
505	5.095066512218974e-05
2839	5.095066512218974e-05
6326	5.095066512218974e-05
10152	0.0001226719911761491
2275	6.100500281701381e-05
281	0.00010645149526665055
4489	7.136616494297793e-05
10798	7.385089705970617e-05
1490	8.271796020338355e-05
4441	0.00010852182002529429
6801	5.095066512218974e-05
728	0.00016830013019011354
13064	0.00016771219584177307
10322	0.00010112232369569218
131	9.829500336541882e-05
8599	8.811601899865815e-05
5518	8.224566508257221e-05
4363	7.28870775154107e-05
89	6.491621186385579e-05
2202	6.547531304051287e-05
1845	8.39042172108253e-05
1889	5.095066512218974e-05
5908	5.095066512218974e-05
6825	5.095066512218974e-05
3412	8.66760185225398e-05
8168	5.095066512218974e-05
914	5.095066512218974e-05
13331	8.691215427227877e-05
10498	0.00012168403788661893
1055	5.095066512218974e-05
2977	0.00015021536519145462
123	0.00013497690935219048
5556	5.095066512218974e-05
9044	5.095887218706462e-05
4538	0.0001303437958782596
1062	0.0004318210280704837
508	8.051000559282259e-05
7627	6.127623268906845e-05
9510	5.095066512218974e-05
3825	5.9882003472277255e-05
2725	0.00012242861242013883
6229	0.00013823094720610566
6252	5.095066512218974e-05
13137	0.0001395869275187688
9403	5.0967094348862695e-05
5791	5.1008115370760475e-05
5354	9.670488505396055e-05
5169	0.00013700184000656074
10509	7.373583401293499e-05
8148	5.8128284896561756e-05
13658	8.310424801641776e-05
2945	5.095066512218974e-05
4046	5.724322369306107e-05
9717	0.00010809028708514505
9349	5.095066512218974e-05
2350	0.00017656569198238491
8605	5.097619856599895e-05
12564	7.188654624646377e-05
4232	5.095066512218974e-05
3644	0.000489750112333352
9956	5.598548876716345e-05
1717	5.095066512218974e-05
2147	6.448502778654363e-05
304	0.00012484459249362392
10874	5.095066512218974e-05
11782	5.095066512218974e-05
6915	0.00014103490246963245
11739	0.000119827046083847
7246	6.149267211340951e-05
8894	5.095066512218974e-05
2590	0.00027223194500357025
13313	5.760224323361789e-05
4275	9.914605136709256e-05
176	0.00019876019155873125
2803	0.0002967265569230395
10208	0.00012273363782009132
6848	0.0001155105520411983
7628	0.00010398653840690598
13022	6.137380970214368e-05
2060	7.882079048595589e-05
4978	7.920194366413738e-05
1306	0.0001934146543989402
14454	5.095066512218974e-05
5899	7.532941348579955e-05
4321	8.269749997203518e-05
8257	6.185148595526485e-05
12294	0.00010525290404596587
5865	8.66760185225398e-05
10478	5.095066512218974e-05
10673	5.100404783416727e-05
13444	5.816064040308374e-05
1738	7.481147127120156e-05
2734	8.66595968477982e-05
10794	6.07361605645753e-05
5306	5.095066512218974e-05
4163	6.710911078112964e-05
13227	8.66760185225398e-05
12316	5.791818735956561e-05
3310	0.00014520045065005704
3607	0.00012667889488992217
4356	5.095066512218974e-05
11633	0.00017906145029618342
10490	0.0005932882085544832
3843	5.095066512218974e-05
7405	7.293240039644378e-05
10127	7.760960304597559e-05
3350	5.0964986603277735e-05
1065	6.491552904772595e-05
4977	0.00011353469566607314
7394	6.542665127796735e-05
7519	5.095066512218974e-05
6409	9.628979205431288e-05
10540	0.0001226310062189945
8	9.897250329966158e-05
9481	5.095066512218974e-05
5887	0.00039039839703620705
3528	5.095066512218974e-05
5561	6.883823668309345e-05
6282	9.922625945138881e-05
1448	0.00021800046042920262
437	0.0001589900370935245
3790	0.00013114149854927943
3521	6.423555191967725e-05
7380	8.252528596373515e-05
2377	5.095066512218974e-05
11080	8.66760185225398e-05
8416	5.095066512218974e-05
11632	5.095066512218974e-05
9240	6.0646508203988185e-05
11232	5.095066512218974e-05
1320	8.66760185225398e-05
8649	7.136995958235e-05
2854	7.10840756783951e-05
894	6.009551684631152e-05
6364	5.095066512218974e-05
7402	0.0005437846307694556
7907	8.668094327420604e-05
4234	5.0957656893638585e-05
6443	5.095066512218974e-05
2287	5.095066512218974e-05
12209	5.858324904722115e-05
11630	0.00026377860484122777
5498	5.095066512218974e-05
8345	5.921240957597608e-05
997	6.377298794690968e-05
13748	6.266736572135651e-05
6844	5.293630242375871e-05
3043	7.463557077494278e-05
12448	5.671242171453358e-05
13332	5.095066512218974e-05
2511	5.095066512218974e-05
13063	0.0004888546654409586
9025	5.095066512218974e-05
4794	5.095066512218974e-05
7014	7.768269960176552e-05
7617	6.622881681790416e-05
6512	0.00012802112674223511
672	0.00014207841717930428
13713	5.821246453241383e-05
1056	6.117105502390275e-05
6932	0.00012478489809043174
13802	7.399960240360375e-05
6730	0.00012960377463415635
2181	5.095066512218974e-05
13911	7.098017844305433e-05
7056	0.00020037086494808267
10883	7.390105521936433e-05
2714	7.876002245371866e-05
392	7.368498092241252e-05
1007	6.243412588974635e-05
10260	8.576565980367245e-05
4683	0.00015888871728711955
4684	0.00029831405425647403
300	5.095066512218974e-05
950	5.095066512218974e-05
12484	5.8492684173374755e-05
177	9.391561577158682e-05
185	0.000120222502393906
3512	0.00048441325326139726
1295	9.39252710193693e-05
1243	0.0003445690735038396
13329	5.6494251829292315e-05
5964	6.290221706413827e-05
7050	5.095066512218974e-05
8968	0.00012997815494954324
273	0.0001408059557327257
14281	6.275082910133466e-05
3300	8.168989256297547e-05
2388	5.096161542208256e-05
2592	5.095066512218974e-05
1626	0.0001117131044002437
159	5.095066512218974e-05
7454	5.856179236881552e-05
14009	5.1057479656275415e-05
6351	6.427649018105236e-05
6397	6.039351477141079e-05
8794	5.1078497924449015e-05
13191	5.095066512218974e-05
3088	5.095066512218974e-05
11985	5.761597173253685e-05
4491	5.8204801155133134e-05
1554	9.357567384509497e-05
12923	6.265164717113398e-05
5365	5.095066512218974e-05
350	5.103689873384576e-05
959	6.16837222121217e-05
4799	0.00018664519591424824
13015	5.095066512218974e-05
8676	0.0001365736988264185
3938	5.095066512218974e-05
2685	6.834561216222546e-05
4025	8.48897508525223e-05
10735	0.00012502544202896905
903	5.095066512218974e-05
10099	0.00011419420961462249
13316	5.095066512218974e-05
4991	0.0002640862856536901
3752	5.1014572087623866e-05
8929	5.095066512218974e-05
5251	5.816866693155916e-05
13076	5.095066512218974e-05
13563	0.00022267825365945295
71	0.00011275641906236114
6659	5.3927777905552244e-05
1956	5.461480393248205e-05
10648	8.715799186157067e-05
5991	0.0002642827502683183
11724	0.00018872707747993585
1009	5.095066512218974e-05
9597	5.0992609380915956e-05
5003	0.00020223327346431728
3527	5.095066512218974e-05
11848	5.817415867732759e-05
11453	0.0001223931554202679
13556	5.095066512218974e-05
10804	8.693288780721318e-05
10420	7.147203368716929e-05
12277	5.81638844426835e-05
5935	9.229877815992474e-05
4837	5.095066512218974e-05
2824	5.095066512218974e-05
12748	5.095066512218974e-05
3042	5.643397694950978e-05
3065	5.095066512218974e-05
8330	5.095066512218974e-05
13126	0.00024148588325739013
1286	0.00013136844803848186
7336	0.00011455260450007913
4194	5.095066512218974e-05
10412	5.0967098127433684e-05
7646	5.673157179739049e-05
83	5.095066512218974e-05
12997	6.041704177469414e-05
3117	0.00010096833818338414
9793	5.095066512218974e-05
4118	5.095066512218974e-05
3039	5.095066512218974e-05
13307	8.015328166039796e-05
2726	5.095066512218974e-05
7860	5.854658765614425e-05
12747	5.6709230934150216e-05
720	5.095066512218974e-05
1680	5.165510485728355e-05
2666	0.0001958065962098794
7678	5.095066512218974e-05
7534	8.66760185225398e-05
11916	5.095066512218974e-05
6513	6.52663493392659e-05
5959	6.176288072548445e-05
8648	5.402333285402766e-05
5747	5.095066512218974e-05
6343	6.000426124146306e-05
11209	5.095066512218974e-05
11955	5.095066512218974e-05
3806	5.095066512218974e-05
12914	9.842512055920911e-05
4512	5.095066512218974e-05
7231	0.00010089398641676114
13036	0.00019497948646194269
5323	5.095066512218974e-05
10458	5.095066512218974e-05
3942	0.0001318172068674811
12822	9.952683447656539e-05
3677	0.00011856312454745866
11608	5.794930306602167e-05
11996	6.362465954279012e-05
9290	5.095066512218974e-05
5233	5.095066512218974e-05
9217	5.095066512218974e-05
364	5.610370527079927e-05
9367	0.00024043637814281146
3196	5.095066512218974e-05
693	0.00011415149344000554
5764	5.099984299433756e-05
2043	5.095066512218974e-05
194	0.0001419034794894016
1708	0.00017965091390750035
13102	0.00018500970178604538
3615	0.0001307880016371877
10615	6.62210117234172e-05
6786	5.095066512218974e-05
954	5.095066512218974e-05
13187	5.9882003472277255e-05
4072	5.095066512218974e-05
3963	0.00010983227297865795
3323	0.00018905721994030877
2504	0.00018832120331532733
1608	5.095066512218974e-05
12801	6.294105896191398e-05
4004	5.841742506560408e-05
1439	5.095066512218974e-05
10545	8.66727257356538e-05
13246	5.0957657034702544e-05
10864	6.655610682128382e-05
1006	5.0967098127433684e-05
2715	9.596308067490628e-05
1800	5.095066512218974e-05
8038	0.00015063616373551782
9125	5.095066512218974e-05
5274	5.095066512218974e-05
11992	0.00015364558798134698
1269	5.81453788214302e-05
9261	5.0967098127433684e-05
1472	5.54163342972335e-05
2251	7.315548360188164e-05
8085	6.495541522388929e-05
806	7.774468017245229e-05
1228	0.00015720687978367908
3447	8.447676280236142e-05
4381	0.00022329676870588925
11729	5.97165200423186e-05
5183	8.666780390920333e-05
191	5.095066512218974e-05
11383	0.00010395906768387898
1314	0.0001723635651787361
4018	5.1018280209492537e-05
1163	6.158798951038619e-05
2680	5.095066512218974e-05
3172	0.00030001458481030275
494	5.095066512218974e-05
6720	5.098019046875054e-05
10108	0.00020221447083956985
5553	5.095066512218974e-05
6108	5.096707171387761e-05
11335	0.00011315210430834106
1625	8.847831465357712e-05
539	8.658262156929623e-05
6752	6.431841966685373e-05
1776	0.00010623865685005782
12392	5.095066512218974e-05
12724	8.069051753823822e-05
8488	5.8128284896561756e-05
10280	5.095066512218974e-05
10906	9.917600298171007e-05
9550	5.095066512218974e-05
1839	7.584944459044862e-05
5430	0.00012259595099452144
3214	9.022073190745336e-05
1851	9.303031142657589e-05
3045	0.00011528153397357548
12292	5.9175721917106994e-05
8456	5.098341976237076e-05
5641	0.00012229459894526736
11666	0.00020734758706218384
4749	5.095066512218974e-05
2132	5.095066512218974e-05
4894	8.672686680633757e-05
53	5.095066512218974e-05
3466	5.649592743812422e-05
1317	5.095066512218974e-05
12239	5.721153370857705e-05
3217	5.095066512218974e-05
5720	5.095066512218974e-05
10945	0.00017350160810813254
2395	0.0001350192229248226
11345	5.095066512218974e-05
1245	5.095066512218974e-05
7830	6.881334182236477e-05
6368	0.00012408478785269026
2921	0.00011091456334518821
8365	5.095066512218974e-05
5815	5.095066512218974e-05
1962	5.095066512218974e-05
892	5.095066512218974e-05
10957	0.00014809322330824344
7442	5.7164899912228514e-05
5021	5.095066512218974e-05
10467	0.00011596199790394219
8955	5.116386262261377e-05
1156	6.571542157834869e-05
5581	7.292842857509068e-05
12904	7.046042019716813e-05
13832	8.666780201991783e-05
11727	5.095066512218974e-05
8113	5.095066512218974e-05
7415	5.8239451818605386e-05
5652	5.095066512218974e-05
12924	0.0004579958873509681
9350	5.314966888262795e-05
1123	0.00019054350953914606
2348	5.095066512218974e-05
5326	0.0001437162817862861
12408	0.00017240810707158666
13050	5.095066512218974e-05
14053	5.095066512218974e-05
13344	6.448943992271922e-05
4824	0.0006672723463752577
1013	5.095066512218974e-05
6501	5.1059265178855735e-05
5733	5.097177832833197e-05
10398	5.095066512218974e-05
5289	5.095066512218974e-05
7188	5.095066512218974e-05
13369	0.0003019413972149816
6774	5.095066512218974e-05
1039	5.095066512218974e-05
4822	0.00010168998018078221
12897	8.665958551729586e-05
154	7.731960922210428e-05
2005	0.00011359556942507716
5372	0.00013001572307315515
3395	5.827976465010605e-05
8862	6.825390444013463e-05
5018	0.0002160074881468864
12864	0.001404621912582845
11859	5.8486109445087035e-05
6607	5.095066512218974e-05
10579	7.41421092466542e-05
73	8.814510409114624e-05
951	0.00014768032942389606
4629	5.095066512218974e-05
1660	0.00011166157902718846
11032	0.00014521840320703104
8681	5.095066512218974e-05
9312	5.095066512218974e-05
3669	5.095066512218974e-05
9163	0.00010897835278918762
526	5.095066512218974e-05
2795	8.662263581056228e-05
7707	8.450621437425166e-05
10338	9.137315615605348e-05
3965	5.095066512218974e-05
4440	0.000206643769409341
6777	7.274212405994465e-05
13270	0.00013271259067352918
11823	6.492896620642905e-05
10824	5.7705546169781396e-05
2473	5.095066512218974e-05
3943	7.089925908731031e-05
7637	5.095066512218974e-05
3000	7.504852169180825e-05
10285	5.095066512218974e-05
13265	5.095066512218974e-05
5555	5.0997934969209286e-05
14455	0.0001320352077477362
8086	5.095066512218974e-05
1217	5.690489068891475e-05
14132	5.095066512218974e-05
13311	7.200457389832071e-05
2521	8.66760185225398e-05
11816	0.00019797256500162706
2956	5.097515690925579e-05
3646	5.101153294374872e-05
10457	5.095066512218974e-05
5401	5.816699494461877e-05
13933	5.095066512218974e-05
8577	0.00010453869522271484
10969	8.844340375897762e-05
8109	5.095066512218974e-05
3215	7.919111537122915e-05
6566	5.095066512218974e-05
5293	6.04070911335037e-05
10494	0.00015447746576519088
205	0.00019459134714411465
6232	5.669932072561223e-05
1875	9.308328622079335e-05
14456	5.6717409410010396e-05
4542	7.749012118071408e-05
4797	0.0002066916266924711
10660	5.095066512218974e-05
10236	5.095066512218974e-05
10199	5.939233985042287e-05
991	5.095066512218974e-05
8619	9.392551053529081e-05
1850	9.836881683383717e-05
13750	8.582535187589246e-05
4368	5.572461195045246e-05
9112	9.91145751758779e-05
10546	8.701246517482574e-05
4219	8.940539258965149e-05
3905	0.0001374879299561944
12858	5.9557853628680504e-05
7647	5.095066512218974e-05
12261	5.095066512218974e-05
12954	6.681080519281438e-05
3265	5.0967098127433684e-05
3864	6.508069312087028e-05
8532	5.095066512218974e-05
1300	0.00015652785448712396
8946	5.095066512218974e-05
13021	5.095066512218974e-05
2016	8.66760185225398e-05
3288	5.801463206312191e-05
8625	5.588500198754282e-05
14213	6.175023190049231e-05
8318	0.0004248235720466291
4410	0.00010202977298766149
11461	5.095066512218974e-05
3821	8.573140798245149e-05
774	5.206708241595068e-05
5878	5.095066512218974e-05
13631	9.957895294809884e-05
5507	7.228683559101133e-05
9018	0.0001708614294741533
5136	5.095066512218974e-05
1976	0.00015404016997274913
1034	0.0001032339996384495
2007	5.095066512218974e-05
3959	5.095066512218974e-05
2479	5.109994696142248e-05
9038	0.00016186845318788752
120	0.00019035952995339462
3080	0.00010811123056274984
4582	0.00011863617486629861
11003	5.095066512218974e-05
6254	0.00010039460488294868
13787	5.095066512218974e-05
3950	5.095066512218974e-05
7383	5.095066512218974e-05
13201	5.095066512218974e-05
3308	0.00011986206283173153
765	5.095066512218974e-05
8932	8.344372464346052e-05
5839	5.095066512218974e-05
801	5.104173364801274e-05
7105	6.592508350294294e-05
12305	0.00038547279747012947
9477	5.0967098127433684e-05
11363	5.095066512218974e-05
9431	0.00032378802410747403
8427	5.816302513271694e-05
2243	0.00017695133871532527
14188	9.155067024888892e-05
4859	0.00012384155838155315
7277	0.0001223561868263255
10838	0.0001163857250984377
6169	6.458990842772375e-05
3263	5.594381126336324e-05
12244	0.00012985448796088724
7626	8.05124736000523e-05
1261	0.0001121245003818226
4514	5.095066512218974e-05
2130	5.331005493642686e-05
5432	5.099160842241602e-05
13659	6.88354400812944e-05
11974	0.0001247830621495799
513	0.00013847625698250413
6374	9.868795323221033e-05
10633	5.493657806088134e-05
2306	5.095066512218974e-05
10146	0.00011752489560103114
5969	0.00012903497626366695
3031	0.00017660170058148592
10852	5.095066512218974e-05
14005	6.0202012333839574e-05
8154	5.095066512218974e-05
13971	0.00012119608656494274
3640	7.46826537525713e-05
7356	5.095066512218974e-05
4186	8.666780390920333e-05
14117	5.095066512218974e-05
5276	0.00010470047387767881
3332	5.095066512218974e-05
13379	5.095066512218974e-05
6001	0.00011136066498479294
530	5.095066512218974e-05
5712	5.836431322793038e-05
3111	7.735636245771632e-05
10811	5.095066512218974e-05
11607	5.095066512218974e-05
6244	7.262069801967631e-05
878	6.659160197903841e-05
8920	0.00011929644051446546
4393	0.00013361228436763444
2865	5.095066512218974e-05
6537	5.095765542668774e-05
4840	0.00010236322890694396
2575	5.09616129053508e-05
3097	5.095066512218974e-05
6809	5.095066512218974e-05
1449	6.881334182236477e-05
4324	7.749638471382821e-05
1144	0.00026828873432183954
8204	5.095066512218974e-05
5161	5.095066512218974e-05
3095	5.100824355596111e-05
6834	0.00014480417755164237
13398	5.095066512218974e-05
12101	9.248345256532314e-05
2974	6.0938227418378554e-05
3046	5.095066512218974e-05
10419	5.0975314630055664e-05
2768	0.0014574797543899906
2028	5.095066512218974e-05
1085	6.323953765490769e-05
5973	6.0834538366771947e-05
6527	5.794930306602167e-05
1914	5.095066512218974e-05
7705	0.0001261132068080627
204	0.00019711179963707105
2645	5.095066512218974e-05
10104	7.108463700563829e-05
1803	0.00084260333489595
5285	5.095066512218974e-05
6963	0.00010669455768531731
1224	5.096872715806721e-05
3253	5.095066512218974e-05
1936	7.942643538932002e-05
13257	5.095066512218974e-05
13727	5.8145375561053454e-05
9395	5.707158876510802e-05
8792	0.00031647917588135065
2334	0.00032691695689600694
847	5.095066512218974e-05
2469	0.00017202622668778842
492	6.04070911335037e-05
10903	7.373275335929692e-05
9704	7.249040130324463e-05
151	0.00014355696804549525
12796	5.112186084685995e-05
6268	5.096003386365708e-05
3463	0.00010132431799897133
4924	6.325038452375146e-05
6540	5.095066512218974e-05
6826	5.8128284896561756e-05
243	0.00020570306538135344
3924	5.095066512218974e-05
6936	0.0001005456246947362
7055	0.00013682506464163867
8449	5.0972796563688504e-05
13409	5.095066512218974e-05
993	9.244426777225891e-05
12972	6.339110938251131e-05
12932	5.095066512218974e-05
2362	0.00012986580056046488
629	0.00014156879143119988
6923	5.257454482220565e-05
10549	0.00011661647173852554
6026	5.095066512218974e-05
14045	5.095066512218974e-05
632	5.095887973552622e-05
8944	5.095066512218974e-05
10391	5.095066512218974e-05
11201	0.00021732807830231676
5508	7.607604783992599e-05
11961	5.669932072561223e-05
14342	7.417290966633024e-05
3125	5.7748564130974895e-05
10690	9.680412002604812e-05
11696	6.787147303246617e-05
2462	5.09588533764644e-05
5347	5.095066512218974e-05
2907	0.000589120764149535
3094	6.340629375515924e-05
3342	7.996426994513731e-05
852	5.0979113007374225e-05
2682	0.00016145812744768713
8594	6.839893631272958e-05
8343	9.873939774044929e-05
6877	5.097526936006876e-05
1501	9.590201870238632e-05
5050	5.096092866890324e-05
13217	0.000128828462819521
10998	5.095927191281018e-05
2823	0.000200087216145822
13370	5.095066512218974e-05
13013	0.000584889101562802
1421	5.7411365676565285e-05
2118	9.771593504785293e-05
7981	5.095066512218974e-05
5952	5.784477065300597e-05
3877	5.095066512218974e-05
10664	5.095066512218974e-05
13260	0.00011289104402137381
2035	5.095066512218974e-05
7769	0.00011704222483547871
6105	8.674548939911197e-05
5656	7.16132892992146e-05
6862	7.972221602322118e-05
1301	5.095066512218974e-05
4873	5.095066512218974e-05
1010	5.095066512218974e-05
13012	0.00011167897523256216
7815	5.095066512218974e-05
9743	5.708911971473221e-05
8147	8.66760185225398e-05
4871	5.095066512218974e-05
64	8.633906666651218e-05
4763	5.095066512218974e-05
1770	0.00011015668509245472
69	7.6683536948442e-05
2851	5.095066512218974e-05
14149	0.0003559402364692937
5861	6.484194824633331e-05
4672	5.7249101798354936e-05
3916	5.0967062327153816e-05
3603	6.290216409707167e-05
7611	0.0002616258257656241
3574	6.880102273498534e-05
11991	9.958939082918786e-05
6912	5.095066512218974e-05
14322	5.816064040308374e-05
1080	5.095066512218974e-05
1016	0.00014069786148980293
179	0.00011875069024083575
4064	6.285575452089316e-05
12981	5.095066512218974e-05
5891	0.0002703111434585077
12099	7.633153348050075e-05
1967	0.0003878639744316652
7481	5.095066512218974e-05
11932	5.095066512218974e-05
5989	5.0959106707876873e-05
5979	5.2273826359239736e-05
3674	5.721898987351546e-05
8264	5.865441074739619e-05
6359	5.095066512218974e-05
9949	9.640029126446896e-05
1615	0.0003215564649680122
169	5.662370021132044e-05
13349	5.095066512218974e-05
7968	0.00010968620564406611
6056	5.816302513271694e-05
12053	6.881334182236477e-05
13510	6.58977882310359e-05
4670	6.547426394263792e-05
10124	0.00010962533573884056
13148	7.555432409131207e-05
12278	6.82599547696105e-05
7407	5.8183044043904044e-05
7082	0.0001277923119535404
4213	0.00015171984554100194
3846	5.095066512218974e-05
75	0.00024071961334129677
9795	6.953862409347953e-05
3991	0.00011021478464803265
12369	9.471136598345527e-05
4005	5.095066512218974e-05
12265	6.562260166546245e-05
13067	5.095066512218974e-05
7711	6.741804719133086e-05
13450	8.357012170039641e-05
11169	5.095066512218974e-05
6900	9.847161423036922e-05
4820	5.373361756862438e-05
44	5.095066512218974e-05
6648	5.950836729060665e-05
8313	5.095066512218974e-05
3143	5.095066512218974e-05
1766	5.095066512218974e-05
11539	6.881334182236477e-05
10554	5.095066512218974e-05
3878	7.476756738908978e-05
10110	5.749014521600374e-05
11483	5.095066512218974e-05
12343	5.858324904722115e-05
6754	5.095066512218974e-05
12804	0.00018596906600741646
4778	0.00018804975950835294
1541	6.095790092030129e-05
8254	9.560121677498045e-05
11500	5.095066512218974e-05
13195	0.00043508019664010124
6876	8.666780390920333e-05
11149	5.099859493166048e-05
11721	5.095066512218974e-05
9264	8.07587417239834e-05
4832	5.096298420956917e-05
2815	5.095066512218974e-05
2730	7.23954789588817e-05
1404	0.00013415471043484663
8829	0.00043626594845030096
12458	5.671860726224736e-05
10361	5.9022784891523064e-05
8053	5.095066512218974e-05
4863	0.0003098189472042166
7179	8.669232636534567e-05
13936	5.095066512218974e-05
3367	5.6159445807982654e-05
8191	5.095066512218974e-05
9918	0.00011415388065663539
14284	0.00014796250108021182
3914	5.095066512218974e-05
8682	5.096464841886852e-05
5790	9.231527473993966e-05
927	8.66760185225398e-05
1630	5.095066512218974e-05
3001	5.94076279209732e-05
11089	8.668423502516178e-05
3162	5.289932076220884e-05
9808	5.095066512218974e-05
3041	0.00025417443820711135
4033	5.095066512218974e-05
13199	7.476756738908978e-05
3266	5.095066512218974e-05
2489	7.278282553351478e-05
3705	5.816871187034048e-05
2041	5.095066512218974e-05
9046	5.101269726500145e-05
1794	6.752164479328487e-05
9061	5.095066512218974e-05
6980	5.095066512218974e-05
1436	6.881334182236477e-05
9088	5.095066512218974e-05
1451	5.8436145728615055e-05
13691	0.00011221332451864047
11593	9.706925552958611e-05
1647	5.095066512218974e-05
3838	5.095066512218974e-05
6772	5.095066512218974e-05
4856	0.00011203413834469894
13686	5.095066512218974e-05
11808	0.00019070776697165207
1610	5.095066512218974e-05
11379	5.095066512218974e-05
7982	5.095066512218974e-05
6218	0.00013226729193020748
10767	8.375706648696194e-05
836	9.614132095232104e-05
10107	0.0001287039592848805
1616	5.1153932961244396e-05
14282	7.315142044955013e-05
12290	9.853482045055763e-05
1457	5.7871303490436506e-05
7606	5.095066512218974e-05
9774	9.898163930744763e-05
5048	5.095066512218974e-05
5049	0.00012269714485784843
3970	5.095066512218974e-05
5227	5.216511303936972e-05
6175	5.095066512218974e-05
7365	0.00013055047039797508
7618	5.095066512218974e-05
2669	9.811110948753618e-05
3355	0.00012420869030027934
7363	5.0958874072879155e-05
10662	5.095066512218974e-05
3478	5.095066512218974e-05
9098	0.00011172090984651799
790	8.411669776916552e-05
2937	5.890362776319004e-05
4233	0.00010518779916728804
4549	7.728460869513191e-05
2890	7.217696415430839e-05
6298	5.095066512218974e-05
163	5.8156046521334646e-05
11744	0.00011995858413262226
2510	0.00014754695596510794
7563	5.9387971490039956e-05
1694	5.095066512218974e-05
3104	5.095887973552622e-05
642	5.891975918836808e-05
8003	0.00010026223453058027
235	5.095066512218974e-05
12168	5.950836729060665e-05
114	0.000211685926650785
7281	6.270656496211305e-05
5530	9.385363829691182e-05
1489	0.00013391591731469563
13129	0.0001904736101927619
11521	7.478773421819654e-05
10251	5.648596465912371e-05
3361	5.550141154935737e-05
6701	6.000426124146306e-05
5502	0.00010696817147041255
10351	0.00017523426876141522
497	0.0008942883026963188
10818	5.095066512218974e-05
6122	5.095066512218974e-05
2138	0.00011043873550423669
439	0.0001517544223462835
3207	0.0002168168845529155
6135	5.095066512218974e-05
1924	0.0002529838781536706
2370	5.931390790454887e-05
13152	0.0005692641493951465
3976	5.105325209016107e-05
5971	8.674855916804877e-05
8758	5.095066512218974e-05
574	5.0967094348862695e-05
2105	5.095066512218974e-05
3166	5.694375726894312e-05
1670	5.095066512218974e-05
5393	8.742512813887363e-05
3212	7.434879458733136e-05
8768	0.00014971612454754482
2213	6.289324656758756e-05
11661	5.095066512218974e-05
6261	9.435491891681552e-05
1933	5.851927952303735e-05
3596	0.00016045808980760573
871	8.400245201537896e-05
7466	5.095066512218974e-05
10357	0.00021187110275037638
13399	0.00011298932462095642
8305	8.523642426210061e-05
8062	5.095066512218974e-05
12409	5.2273826359239736e-05
7744	6.949746369990699e-05
3468	0.00027546471008330634
598	5.095066512218974e-05
838	0.00015509893672350714
9119	5.095066512218974e-05
10485	0.00010003274927775713
2179	6.561745542325154e-05
3402	8.66760185225398e-05
10630	5.095066512218974e-05
3135	5.095066512218974e-05
11181	5.4920148833339746e-05
12947	5.095066512218974e-05
10295	0.0002035613426862219
6197	0.00021366412832189946
7700	0.0002832374727941424
6911	6.502309482769822e-05
5704	0.00017887939559879315
2067	5.095066512218974e-05
12259	7.615926777617324e-05
12967	7.649797298451294e-05
6413	0.00010415126061853087
13061	0.00021279255000471414
6992	7.027214185515598e-05
3653	0.00010480373700501079
4120	5.095066512218974e-05
6742	0.00011022228766157814
3958	5.095066512218974e-05
10023	5.095066512218974e-05
10455	5.9854702979516395e-05
2480	5.095066512218974e-05
2189	5.095066512218974e-05
10453	0.00010708582266321166
11206	0.00028646861673483145
2011	7.193635200682943e-05
11015	0.00011918794038917172
142	8.027839169769059e-05
140	5.095066512218974e-05
2106	6.881334182236477e-05
11828	6.65329341576129e-05
13408	9.7355007634666e-05
5371	8.66760185225398e-05
13173	0.00021602947592716428
10249	7.083942690373204e-05
4380	7.5821754707949e-05
1405	0.0002451784196331355
1335	6.198305301505848e-05
4147	5.095066512218974e-05
5117	0.00012868091591156593
10130	5.095066512218974e-05
12622	5.095066512218974e-05
14129	5.095886465246294e-05
690	0.00018813617519016401
3025	0.00019641752954522364
3589	5.095066512218974e-05
4250	6.073171333632532e-05
4155	5.9940026855808103e-05
201	5.095066512218974e-05
7547	5.095066512218974e-05
100	5.095066512218974e-05
13543	0.00014870688284895157
2629	5.095066512218974e-05
5866	0.0001586076941795067
2039	7.179045460572726e-05
14457	6.002124443743095e-05
4966	6.550625964730342e-05
13294	5.095066512218974e-05
3319	0.0001644977867147785
8491	5.095066512218974e-05
4285	5.095066512218974e-05
121	8.618707787982276e-05
1927	5.09807231677308e-05
2092	7.656122574449298e-05
8017	6.391428219776622e-05
11756	6.310437322165044e-05
6302	6.285911625563976e-05
7820	6.556043537026367e-05
14458	5.927584579080948e-05
12830	6.049475736653245e-05
10207	5.962391552336182e-05
13432	5.095066512218974e-05
5265	0.00012742266854808237
13689	8.315627862626773e-05
6141	5.095066512218974e-05
3898	0.0002763136793374098
12280	5.095066512218974e-05
645	0.00011529325850495816
1689	5.095066512218974e-05
7134	5.097939644960271e-05
2641	5.095066512218974e-05
11487	5.0959585495913794e-05
11237	6.49479410098536e-05
9607	9.623199859740799e-05
6933	5.095066512218974e-05
12650	5.095066512218974e-05
12577	5.670551708588666e-05
9430	5.642357104175161e-05
13594	6.644682041035294e-05
5437	6.126308731184546e-05
5676	8.242791278963499e-05
14028	6.943388985651365e-05
11898	9.808834169005036e-05
10132	0.00018332955291951901
4218	5.095066512218974e-05
4222	5.095066512218974e-05
13481	5.095066512218974e-05
2314	0.0001459633393408763
6277	8.666780201991783e-05
11378	5.095066512218974e-05
3992	0.00018457033203079772
7780	9.395178824549848e-05
7406	5.095066512218974e-05
4142	9.23949830051182e-05
9401	0.0001211886279427168
5470	5.258816798207235e-05
11111	5.099540950793754e-05
6251	6.176240568993222e-05
9909	9.835886418759214e-05
1939	5.095066512218974e-05
9659	5.095066512218974e-05
2708	5.095066512218974e-05
5786	6.316759259317053e-05
1578	5.8228498515382544e-05
10724	9.554739807761391e-05
8260	0.0003141910098623177
5538	5.908535495397269e-05
1307	8.663495489794171e-05
1835	0.00023604956565464422
4953	7.271819532180336e-05
7301	5.095066512218974e-05
7782	8.834994015273335e-05
2240	0.00012420959997741263
7177	0.00026408598270403485
11409	6.933734417947679e-05
1771	5.095066512218974e-05
1899	0.0002731932343256601
1858	8.167815363932758e-05
12147	5.095066512218974e-05
6660	5.095066512218974e-05
10036	5.817387095324352e-05
4548	5.095066512218974e-05
5002	5.095066512218974e-05
13439	9.232805336630867e-05
3083	0.00013061228011097435
6265	8.13301005665051e-05
6104	5.095066512218974e-05
1308	0.000287414192470997
3118	9.562612309378836e-05
3954	7.0914523942409e-05
11466	5.095066512218974e-05
552	0.0001473573951572893
5463	5.095066512218974e-05
10373	8.66760185225398e-05
13679	5.096707171387761e-05
11196	5.095066512218974e-05
7290	5.095066512218974e-05
4086	5.095066512218974e-05
10325	0.00011452666988057666
11129	0.0001031549538730948
11332	5.095066512218974e-05
1618	7.369446130723212e-05
7102	5.816302513271694e-05
13177	0.0001586253473389901
9303	7.333668932239142e-05
8636	0.00010264819222403912
902	0.00030335700240351465
6463	5.98252540644138e-05
3445	5.095066512218974e-05
2777	5.095066512218974e-05
2960	5.095066512218974e-05
13074	0.00010389621540457772
5014	9.039438001316562e-05
3358	0.00011434138901199659
3496	5.095066512218974e-05
12928	8.671159064219396e-05
461	5.095066512218974e-05
13579	6.43102353026366e-05
5693	6.34497733245768e-05
9165	9.501220835623925e-05
640	7.151220296884342e-05
9368	5.095066512218974e-05
2642	0.00022743391141001785
9443	0.0002189917177240143
4286	0.00020035887337402375
5554	0.0001529171675959622
3312	0.00015109146763778988
1623	5.095066512218974e-05
12078	0.0002864100352516955
12926	0.0005331488298991008
2601	0.0001503987810017086
9070	9.463878968702429e-05
11813	8.361986234230463e-05
12784	6.881334182236477e-05
3764	7.852647606892862e-05
10596	5.095066512218974e-05
289	5.095066512218974e-05
10366	0.0001593353966797551
2079	5.095066512218974e-05
325	5.095066512218974e-05
119	0.00025883182749071804
1429	0.00010921111362089779
13896	5.095066512218974e-05
4761	0.0002574265451224656
13779	5.095066512218974e-05
1802	0.0001267613007776274
5450	5.095066512218974e-05
10628	0.00020450984875246313
5191	6.218825357502374e-05
3337	6.66548572300008e-05
11052	6.141565747612238e-05
5100	6.266736572135651e-05
6806	0.00014687066016743348
4091	8.665548671024076e-05
3321	8.259354060895443e-05
295	7.020952068311826e-05
3629	6.31486091701028e-05
905	0.00029328158930472546
4193	5.095066512218974e-05
1648	6.881334182236477e-05
12456	9.245128578724825e-05
6459	5.330529068721281e-05
3762	6.115862822307755e-05
1977	0.00017397355050717252
13303	5.095066512218974e-05
1218	9.764369330714137e-05
2694	5.095066512218974e-05
4587	5.268700900527275e-05
4482	0.00010072517546689128
11832	0.00015296938073447957
11024	5.285746889191184e-05
5625	7.105887101139144e-05
3767	9.359792602926635e-05
3109	5.095066512218974e-05
1973	0.00010334785010936985
891	5.095066512218974e-05
3218	9.278266233685067e-05
1048	5.095066512218974e-05
351	0.00012597442772834645
13665	8.840919014120306e-05
2991	0.00011233434542702787
12140	5.095066512218974e-05
1012	7.774468017245229e-05
3232	9.5600150961409e-05
2517	5.095066512218974e-05
13795	8.444318393501792e-05
602	0.00022547703277278006
4296	9.194776112317202e-05
2663	8.945132108073826e-05
1607	0.00017898995061763187
10326	8.868800092996147e-05
3443	0.00010169096290939183
112	5.096698978242036e-05
3219	0.00016713789723977514
2509	9.257083646352976e-05
8528	5.096708679693134e-05
6414	5.095066512218974e-05
5210	6.388097593207194e-05
4922	6.79319265620148e-05
864	5.095066512218974e-05
10910	8.206979131423326e-05
2676	6.0935044538607643e-05
10306	5.095066512218974e-05
5637	6.0894516198962674e-05
9000	9.296135343525893e-05
8771	0.00013468245256056856
9224	0.00011233001747690683
2764	5.095066512218974e-05
14198	5.095066512218974e-05
9452	0.00026410002438559827
6117	5.095066512218974e-05
4412	0.00012890844767062733
7500	6.190331507460495e-05
3240	5.095066512218974e-05
14296	5.8128284896561756e-05
11007	6.812963400067581e-05
13674	0.00027920261127651155
1081	9.569930856479444e-05
7201	5.095066512218974e-05
6392	5.918353245450182e-05
252	6.911134249617902e-05
11424	5.567317565034456e-05
5268	5.095066512218974e-05
1866	5.452320046222474e-05
960	5.095066512218974e-05
2589	5.095066512218974e-05
2571	9.011921273051609e-05
2518	5.095066512218974e-05
7286	5.095066512218974e-05
8795	5.095066512218974e-05
521	0.00016349040098099458
11570	6.0062953968730246e-05
7636	5.095066512218974e-05
6973	5.095066512218974e-05
7235	8.66760185225398e-05
13566	7.52244112128045e-05
13817	5.095066512218974e-05
4434	5.095066512218974e-05
206	5.828677074035987e-05
7297	5.816302513271694e-05
7870	8.66760185225398e-05
2468	5.603980393973402e-05
5760	5.7483216228936495e-05
216	0.00011211746002970309
11971	5.095066512218974e-05
14312	5.095066512218974e-05
2230	9.3888378533067e-05
10685	5.095066512218974e-05
10655	8.963884662317486e-05
11677	5.095957122657739e-05
2902	0.0003039832216357419
2707	5.4716471187186574e-05
571	5.979381769705348e-05
5757	5.81453788214302e-05
14049	5.095066512218974e-05
13172	0.00018061942463251982
12654	5.096705417103353e-05
8077	6.837894999722553e-05
12237	5.095066512218974e-05
771	5.095066512218974e-05
11501	8.221034934749605e-05
10984	5.095066512218974e-05
12826	5.54163342972335e-05
4793	5.095066512218974e-05
10696	9.420931307713654e-05
3272	0.0004002549327067232
5937	0.00029011488183472656
12820	6.609154733474662e-05
2474	8.182123107884355e-05
3658	5.095066512218974e-05
381	0.00010174184119545
14355	0.0001670690737652716
4424	0.00011176560715932801
10309	7.037979623339383e-05
270	0.00013531572560565147
11877	5.095066512218974e-05
10961	5.095066512218974e-05
9266	0.00020832688586787276
12674	0.00011912678925436909
376	0.00012425351457392666
4566	6.709616584277671e-05
4265	5.095066512218974e-05
5890	9.374941132780325e-05
10962	8.173438621013196e-05
1861	5.095066512218974e-05
4149	9.505446449857429e-05
4769	0.0001264109493236959
509	5.098340689874531e-05
10949	5.096707633067186e-05
7112	5.095066512218974e-05
303	8.666780390920333e-05
5121	5.095918277369295e-05
9600	5.095066512218974e-05
10904	8.110250807004353e-05
4550	9.683936240357689e-05
7352	6.0933570627614856e-05
11155	0.00011716457069402805
2216	9.126948900951127e-05
13618	0.00010181685188422067
1330	5.095066512218974e-05
13452	8.771816820955165e-05
992	6.457076312229654e-05
13470	5.095066512218974e-05
9208	5.095066512218974e-05
9400	0.00017378778617309007
6304	8.666780390920333e-05
1196	0.0001475837537440114
832	5.624346897665364e-05
3960	5.0987243982326616e-05
3872	0.00011221026817900125
1488	6.661869549812195e-05
10528	0.0001556367136278943
3053	0.00017196092514516607
116	5.095066512218974e-05
5286	5.095066512218974e-05
1331	6.108009339385083e-05
11200	5.095066512218974e-05
3060	0.00014267058664249453
7848	7.792993438825751e-05
5294	0.0001050041599909503
10397	6.719170681682275e-05
7036	6.027683302289879e-05
14459	0.00017391009328651452
8508	5.257454482220565e-05
1047	0.00017331112064431783
6013	0.00020925835678316023
6789	9.251103713573842e-05
8861	5.099520558563941e-05
13368	5.095066512218974e-05
11550	0.0001796618279673061
8781	0.00014893373028870865
8721	5.095066512218974e-05
3706	8.346280250408006e-05
3707	0.00011345557710113767
11300	5.832493195836472e-05
5332	9.071187119276563e-05
5261	5.707689044318643e-05
4023	5.095066512218974e-05
12937	0.00019948423775605534
2437	0.00018129848178571602
814	0.00011942243612264319
10548	0.00013268536112531266
4404	9.378362050634304e-05
2736	5.095066512218974e-05
2397	5.7063631778489745e-05
6676	0.00013450955268469868
9829	5.095066512218974e-05
6339	5.102494227533573e-05
734	5.095066512218974e-05
9932	8.353167251963625e-05
10201	5.095066512218974e-05
2915	9.374215366996187e-05
7435	0.00011048307242644404
11397	7.86740689890128e-05
10844	5.095066512218974e-05
315	9.790868412162973e-05
11313	5.095066512218974e-05
2393	8.66760185225398e-05
13259	0.0001583617034362445
5768	8.668744009078446e-05
7413	6.8235560679204e-05
14243	9.83284087822526e-05
10395	8.489923154129578e-05
2318	5.095066512218974e-05
1088	0.00011341419602568396
130	0.00010781459169246531
10639	5.095066512218974e-05
13801	5.1337150723953785e-05
1713	0.00015724801252694066
5570	9.67132690521744e-05
1050	5.095066512218974e-05
2343	8.66760185225398e-05
8048	5.095066512218974e-05
6814	5.1019222414118685e-05
4567	5.095066512218974e-05
6381	5.095066512218974e-05
7245	8.66760185225398e-05
11947	7.722706233493407e-05
11082	5.095066512218974e-05
12962	0.00011519481062299461
10733	5.095066512218974e-05
5781	0.00025849126482509324
5893	5.095066512218974e-05
12782	0.0001398822953690239
3929	8.605641339019219e-05
9049	0.00010872402334028935
6565	5.721153370857705e-05
9202	5.095066512218974e-05
10197	0.0001343961915353368
9052	6.185887714462641e-05
5237	5.095066512218974e-05
8369	8.636672588812686e-05
6314	9.570345145426429e-05
4647	5.582340317428168e-05
4878	6.295435712142455e-05
6144	5.821337113975095e-05
7998	0.00020848476884742072
14460	5.0964608060018104e-05
10374	5.095066512218974e-05
3085	0.00014893192254829358
11635	0.00015611399655585448
9135	6.793693565945112e-05
200	6.0202012333839574e-05
5171	6.0249674695834695e-05
753	0.00011037889570255749
9047	9.646087226800036e-05
7416	6.848826659764393e-05
12943	5.100008335646354e-05
7703	5.095066512218974e-05
11117	5.095066512218974e-05
12906	0.000273441446474241
4075	0.00014695009796724835
7079	5.095066512218974e-05
2241	0.00015526209834855394
11299	5.095066512218974e-05
8212	5.097524689434314e-05
6626	0.00010362727268058916
8690	8.72818209198448e-05
5373	5.095066512218974e-05
5324	9.983003934362251e-05
370	0.00017253317792095135
1049	5.09923589525338e-05
4999	9.195113102460325e-05
9011	6.141025492468746e-05
7668	0.0001856980190869314
7065	0.00019388496094863226
12079	6.37462499936854e-05
5965	5.675809916497307e-05
7107	5.096981520504665e-05
7110	5.7215314450168954e-05
1548	5.095066512218974e-05
6421	5.691307894318941e-05
4257	5.1655801471331176e-05
756	7.200946124318999e-05
2246	0.00010137911457254548
408	0.00015848977549431708
13735	0.00010390890666842043
5094	9.951350305751003e-05
7256	5.095066512218974e-05
13042	5.095066512218974e-05
989	5.097119693448879e-05
13997	0.00010730866586915128
3076	5.095066512218974e-05
2814	5.095066512218974e-05
7257	5.095066512218974e-05
3307	0.00019260204411073617
4205	9.678946331346836e-05
1171	5.095066512218974e-05
3433	8.66760185225398e-05
8299	0.00012826768833025133
3538	0.00011616282112379956
4951	0.00012927009146729095
11502	5.095066512218974e-05
13464	5.095066512218974e-05
7049	5.095066512218974e-05
5732	5.5992704533813385e-05
6235	8.664589827363939e-05
9841	5.095066512218974e-05
108	5.095066512218974e-05
3591	8.66760185225398e-05
2064	5.095066512218974e-05
4063	0.00036394012404939845
11788	5.095066512218974e-05
8811	5.095066512218974e-05
10951	8.672646378228701e-05
6612	6.868395146917013e-05
12169	6.422992584306893e-05
10569	5.095066512218974e-05
5331	5.095066512218974e-05
4204	5.1086280060722204e-05
12266	5.816946189731689e-05
4747	8.086480221595845e-05
5020	5.095066512218974e-05
6845	5.7956650770335507e-05
3028	0.00011886605263937086
3836	0.0002539444194861226
6085	8.66595968477982e-05
898	0.00011172912871549341
10665	5.095066512218974e-05
1099	5.099046894051365e-05
9129	5.095066512218974e-05
3023	8.665137468253037e-05
8737	5.095066512218974e-05
6196	0.0004215852400401196
2901	5.095066512218974e-05
6023	8.05271956543619e-05
10095	5.314966888262795e-05
9257	6.815241637112549e-05
6485	0.00012095714117251355
423	0.0001347967206070917
10709	5.095066512218974e-05
12866	0.00026023084756164144
3405	8.847635514657535e-05
11752	5.6448486388406336e-05
608	5.095066512218974e-05
9675	0.00010572954033605985
336	5.096463983136519e-05
13895	5.414042881864956e-05
1772	5.095066512218974e-05
6325	5.8395245752543e-05
12288	7.446537666613365e-05
3090	0.0001474599666883822
11153	0.00015455456909409395
1801	5.839171672691591e-05
4746	5.095066512218974e-05
5725	5.095066512218974e-05
12921	0.00016372605838252857
3516	0.00011981394845759518
9383	5.095066512218974e-05
1277	5.095066512218974e-05
3681	5.096873188495076e-05
7635	5.095066512218974e-05
4568	0.00012835559748961489
4117	6.377578658502337e-05
12105	8.148019288963323e-05
13167	5.095066512218974e-05
3616	5.095066512218974e-05
1543	8.66760185225398e-05
1546	5.095066512218974e-05
11022	0.00010548681124458372
510	0.00028153136332086077
10710	5.0958862770973665e-05
9711	5.816049536771851e-05
1761	5.593710318803804e-05
13231	0.0001145428901412657
11113	6.881334182236477e-05
630	0.00010331124057593419
11699	5.095066512218974e-05
12236	0.00011035793454015152
1195	0.00011861747712880221
4355	0.0002154145704831157
126	0.0006448985795658865
14174	5.8465197834692926e-05
13359	5.095066512218974e-05
14461	8.712389185575074e-05
5017	5.095066512218974e-05
8505	5.669932072561223e-05
11233	9.069742458059151e-05
8738	0.00011491653264925888
924	0.0001088885926297709
12339	5.095066512218974e-05
13330	0.00042331536746805746
11184	7.136995958235e-05
275	5.095066512218974e-05
13707	5.095066512218974e-05
14462	5.6054287036525464e-05
7411	5.950536564130171e-05
870	0.00019088740669360532
4628	6.042751013959492e-05
1873	5.702879391381036e-05
10314	5.095066512218974e-05
6481	5.095066512218974e-05
8787	6.166827114229475e-05
266	5.096161038977563e-05
72	5.095066512218974e-05
56	5.764916888475537e-05
3676	5.095066512218974e-05
4042	6.30114294013689e-05
13909	0.0001011030156641633
9798	0.00035086979526097856
13040	5.095066512218974e-05
5736	5.0975145720682434e-05
8436	6.8821929521604e-05
5175	5.095066512218974e-05
222	5.095066512218974e-05
12252	5.1459861774599465e-05
24	5.095066512218974e-05
823	5.095066512218974e-05
1113	0.0005554516019431633
13347	0.00043998373943222424
4056	6.183118389064212e-05
4931	8.342750314272376e-05
3854	6.653794295260348e-05
3673	9.742040198744165e-05
5370	0.00016778423290794313
2727	0.00040055088866208164
2602	0.0003080475473461933
8888	0.00011612966750849218
11126	5.8748549628164115e-05
11031	0.00012529272682492245
12955	5.822145835212631e-05
1937	7.774468017245229e-05
9255	5.960287505213396e-05
11882	5.7889966362821816e-05
5902	5.095066512218974e-05
2630	5.095066512218974e-05
5604	5.095066512218974e-05
1430	0.0002094521881542931
3802	5.099952578193839e-05
1072	0.00023077407314372415
1311	5.095066512218974e-05
945	5.095066512218974e-05
6313	6.091768342024371e-05
12093	6.76334315168315e-05
7312	9.841190531420963e-05
2204	7.250314308907426e-05
6356	5.095066512218974e-05
10564	5.095066512218974e-05
8835	5.095066512218974e-05
6499	6.465644746740762e-05
2255	0.00017979996463916143
1500	5.706960353347971e-05
1316	5.729134812870354e-05
11621	8.779215119939808e-05
13978	0.00014786235552414828
3816	6.811076483068427e-05
1898	0.00019216488085989114
9416	5.095066512218974e-05
6937	5.095066512218974e-05
2999	6.166743067514285e-05
1588	0.00023325880814210556
9222	8.942492146490606e-05
11373	6.22643294143916e-05
3630	6.664616997415354e-05
1915	0.00014560937661270933
5534	5.095066512218974e-05
772	6.666961670117837e-05
0	7.595841250243479e-05
1499	6.578332326547646e-05
1268	6.117621929372158e-05
11367	5.095066512218974e-05
4952	0.0001369455532188108
11418	0.00021951143785951794
13443	0.00021030222995335702
14100	7.417410288349427e-05
3763	0.000102878857050993
13100	0.0001447905488261656
4849	0.00023765686057103472
257	5.095066512218974e-05
12205	5.8208947954390775e-05
13529	9.227523601659302e-05
1036	5.0985631968704073e-05
11048	0.00016946070453125833
242	0.00021322848559971743
3917	5.095066512218974e-05
11185	8.677428517360621e-05
1807	5.912805442186211e-05
7163	8.482251842684592e-05
644	5.095066512218974e-05
6420	5.095066512218974e-05
13633	6.218918760145313e-05
12842	5.095066512218974e-05
12969	0.00012205358801204259
1153	5.929095365935409e-05
6997	5.6709230934150216e-05
1910	5.095066512218974e-05
5220	0.0001177795444429219
2793	5.095066512218974e-05
6484	6.306407709796123e-05
1592	0.00012150778008884446
3779	6.41027417301182e-05
7690	9.491895375791725e-05
10183	5.095066512218974e-05
2636	5.095066512218974e-05
1254	8.66760185225398e-05
4580	0.0001414039809293736
2878	8.372537473777934e-05
12823	6.108372759600037e-05
1221	5.095066512218974e-05
5601	9.276223822767187e-05
13741	5.301144019629059e-05
10059	5.095066512218974e-05
291	0.0002427042767378748
76	5.095066512218974e-05
752	5.095066512218974e-05
9073	5.095066512218974e-05
7957	6.423271709223079e-05
2802	6.285911625563976e-05
10237	5.095066512218974e-05
7382	8.669821616244633e-05
3336	0.00014716439126048373
5820	5.565816134268086e-05
7327	5.095066512218974e-05
5629	5.201718556600233e-05
10437	5.1465131615330894e-05
6787	5.095066512218974e-05
10965	8.66760185225398e-05
1213	5.1013731135142346e-05
5245	6.75707388775204e-05
3013	5.095066512218974e-05
2131	6.644603915663389e-05
2037	6.072282581626477e-05
1994	0.00017904632587788108
7123	0.00030279678916745847
7779	6.759726153307652e-05
3414	0.00012182070723030071
12863	6.291796534001399e-05
1585	9.468005587980672e-05
7962	5.547574175076649e-05
6516	5.095066512218974e-05
385	0.00010453869522271484
10837	8.348826223264495e-05
13828	5.095066512218974e-05
7640	5.095066512218974e-05
10991	5.095066512218974e-05
467	5.86179903039738e-05
8309	5.095066512218974e-05
9148	7.453195555034166e-05
3409	8.66760185225398e-05
9142	5.095066512218974e-05
8809	7.484672708525232e-05
9643	5.095066512218974e-05
5072	0.00014371158579306435
3966	0.00016998290190895317
10582	7.774468017245229e-05
11789	5.095066512218974e-05
4574	5.5823724508920486e-05
10073	0.00021731113223172886
10276	5.095066512218974e-05
2142	5.1013414540821504e-05
5948	0.00014808299405380683
7403	7.381216593206849e-05
14463	5.095066512218974e-05
7463	5.727130456994398e-05
12939	5.8249420006648903e-05
10093	0.0002577430705915457
522	5.095066512218974e-05
1494	6.093032910619122e-05
344	5.095066512218974e-05
8668	5.783429926076389e-05
10190	0.00014901190834506055
5821	8.351836302340865e-05
6719	7.78329211628215e-05
3473	7.482665566550562e-05
3469	5.095066512218974e-05
9271	7.523208408984988e-05
10550	0.00020589961769159644
14141	0.00017121073207482988
994	0.00020102484219490545
7125	5.816302513271694e-05
5446	5.095066512218974e-05
10658	0.0001005152385488013
13731	0.00012201536500971979
2212	5.095066512218974e-05
698	5.0970883326223664e-05
10044	8.617174146193944e-05
316	0.00014485928891458199
4271	0.00010138523581872493
1601	0.00020047206548656592
11303	5.095066512218974e-05
13709	5.2273826359239736e-05
1296	5.095888162481171e-05
4065	0.00013057506247758698
3418	5.095066512218974e-05
9250	5.095066512218974e-05
10835	5.095066512218974e-05
13397	0.0001761971792171702
486	5.095066512218974e-05
8125	8.706716959997881e-05
9748	8.66845609665114e-05
6073	5.095066512218974e-05
7265	9.17073101972259e-05
3612	7.485227432898e-05
7057	6.44848471529085e-05
4667	5.096809312402072e-05
13899	5.101769041218893e-05
10460	5.816853494050561e-05
8918	6.278557150301615e-05
7172	0.00010132812914307612
12684	6.90300097499098e-05
3495	5.096789400818488e-05
7673	5.121908834223425e-05
5112	5.3697887725389445e-05
10888	5.095066512218974e-05
12662	6.858685514352249e-05
7136	7.601214665059345e-05
11758	5.095066512218974e-05
8633	8.364639446824037e-05
9357	8.93518531152798e-05
13305	0.00021315259270097265
2967	6.62210117234172e-05
12328	5.095066512218974e-05
3751	5.095066512218974e-05
3918	8.082718911920183e-05
11091	9.62297164851112e-05
4350	5.095066512218974e-05
11624	6.521828069557961e-05
12318	5.095066512218974e-05
6471	5.095066512218974e-05
11558	9.756510197703733e-05
10777	5.096000599963533e-05
4841	5.7956650770335507e-05
9247	5.095066512218974e-05
3955	5.095066512218974e-05
143	6.438813105568428e-05
13772	5.095066512218974e-05
2203	5.095066512218974e-05
5051	5.095066512218974e-05
11328	0.0002966893854701748
2149	6.0801770023378654e-05
3173	5.5934740498418006e-05
10469	5.095066512218974e-05
3627	6.0589720707081625e-05
9747	6.526251113194158e-05
4290	5.095066512218974e-05
8219	8.123494423517593e-05
12548	5.095066512218974e-05
12775	5.8171677141446806e-05
3634	0.0001472359120714471
4216	6.617685676061697e-05
1178	6.354996385622371e-05
14327	6.185727223620447e-05
5453	5.918353245450182e-05
2076	5.187596014811777e-05
11844	5.095066512218974e-05
11368	5.750031324558725e-05
1782	5.095066512218974e-05
9274	5.095066512218974e-05
5180	5.095066512218974e-05
10538	5.095066512218974e-05
4021	5.095066512218974e-05
11384	5.095066512218974e-05
14464	5.809573580225975e-05
6597	9.680985278406986e-05
2345	5.694375726894312e-05
5840	6.141061107535516e-05
4031	5.095066512218974e-05
13840	5.095066512218974e-05
14360	9.560735687262732e-05
3896	0.00013091855922310044
6839	5.0959585495913794e-05
12391	7.535284787656203e-05
3743	5.096703434712182e-05
10841	9.940486557412034e-05
10471	8.215969177328644e-05
3789	5.095066512218974e-05
11467	6.144710621131856e-05
7999	5.095066512218974e-05
5320	7.654271294315468e-05
5246	5.095066512218974e-05
6382	5.852551509344782e-05
11818	5.448553100731138e-05
6673	5.648596465912371e-05
9218	9.424437859747263e-05
11995	5.095066512218974e-05
14465	5.095066512218974e-05
7915	6.285911625563976e-05
6293	5.830105500319251e-05
1348	5.099567411703343e-05
4375	0.0001285654470503409
718	0.00014161308894725214
1319	5.096090983238713e-05
8246	5.095066512218974e-05
7248	0.0001011007385435942
6946	6.052238520693155e-05
858	5.095066512218974e-05
11529	5.095066512218974e-05
3771	5.816302513271694e-05
1678	5.103595224640392e-05
14218	6.884335792710095e-05
9993	5.794684826491896e-05
3032	8.230398836355863e-05
7307	0.00012673026509234806
3107	6.907268865278645e-05
167	0.00010913439537051904
8611	7.652007073153599e-05
7002	8.376856018767122e-05
3921	8.682463133763708e-05
4601	5.100341723420752e-05
4374	8.212814388184585e-05
11737	5.899706378509615e-05
13285	5.994060713874435e-05
11822	5.095066512218974e-05
886	5.095066512218974e-05
14039	5.095066512218974e-05
9485	6.251253459861417e-05
391	5.095066512218974e-05
7926	0.00020091106289569913
10177	5.369876922990897e-05
4835	0.00016564606413472046
8216	0.00016564606413472046
8439	0.0001350305360195446
12968	7.28343411996172e-05
3870	5.095066512218974e-05
3545	5.095066512218974e-05
11883	5.773001879875964e-05
10193	9.670101691769973e-05
12152	7.046280369565891e-05
12298	5.113406399262709e-05
12043	5.948497557472424e-05
12420	5.6608703026899124e-05
8691	5.095066512218974e-05
13154	9.828477130571627e-05
3078	0.0003368048102160353
4425	5.8350210908640266e-05
4967	0.00010029035123675704
8844	8.07217929558148e-05
707	0.00010933102400058747
8561	9.385363829691182e-05
2283	5.095066512218974e-05
11061	5.095066512218974e-05
762	5.095066512218974e-05
7578	0.00030329210866316824
10750	5.095066512218974e-05
7852	0.00010913975791693409
12334	9.960650623816938e-05
6363	6.360808961829295e-05
12539	0.0001417459259169569
5225	6.969496187151508e-05
14466	0.00017126410829087043
12935	5.8955165038937846e-05
6856	5.095066512218974e-05
2648	5.095066512218974e-05
11319	0.000197681739728219
12142	6.541439600630692e-05
4388	9.690728942659989e-05
9435	8.666780201991783e-05
1229	5.095066512218974e-05
14105	7.162496836377684e-05
5552	6.414956216965815e-05
13020	0.00017134420302374368
5871	7.241051533715865e-05
5036	0.00020619186647393301
2102	5.095066512218974e-05
6883	0.00016456368846572578
2465	5.095066512218974e-05
2778	5.095066512218974e-05
6615	5.095066512218974e-05
5828	9.3888378533067e-05
12121	5.095066512218974e-05
4336	5.095066512218974e-05
471	5.203325158886702e-05
7028	5.095887595956054e-05
1737	5.099208435962035e-05
3778	5.095066512218974e-05
8058	0.00012152605263151074
9780	9.870242448541061e-05
1216	0.0005430267981528324
5577	7.983838711265202e-05
5475	6.964295283989281e-05
1969	5.095066512218974e-05
9901	5.095066512218974e-05
8957	5.095066512218974e-05
4223	5.095066512218974e-05
2396	5.095066512218974e-05
1922	5.212629105394883e-05
3560	6.230877624088628e-05
11731	5.097524106185611e-05
2301	6.19963003448894e-05
7788	8.66760185225398e-05
12735	8.054880974257692e-05
5491	6.0211942432698325e-05
4957	5.2865384266054065e-05
7567	6.756491952396461e-05
7346	5.095066512218974e-05
8501	6.000426124146306e-05
556	5.1019296751357097e-05
14467	6.658743194304511e-05
12450	0.00018287490604193004
996	5.9858617784365977e-05
6646	5.095066512218974e-05
3940	5.095066512218974e-05
345	5.095066512218974e-05
1232	8.66760185225398e-05
13813	5.095066512218974e-05
1627	5.095066512218974e-05
11284	5.095066512218974e-05
11827	9.38737602089945e-05
5309	5.831723008546631e-05
4160	7.562959297466063e-05
11138	5.095066512218974e-05
9388	0.00012244000256804037
5721	6.0202012333839574e-05
4281	5.095066512218974e-05
5364	5.095066512218974e-05
1857	5.095885901058431e-05
1551	9.331190854018476e-05
3399	5.100196802226636e-05
8606	5.095066512218974e-05
14057	7.364996064932442e-05
7392	5.095066512218974e-05
8081	5.779710504289214e-05
2201	5.095066512218974e-05
13269	5.095066512218974e-05
5226	8.941716525667312e-05
346	0.0002058074363498997
13075	5.095066512218974e-05
5447	0.00010452994970009819
8945	5.096045512540518e-05
3675	5.095066512218974e-05
13951	5.0958842131436785e-05
12719	5.859436764927305e-05
1014	5.095066512218974e-05
13782	5.095066512218974e-05
9289	6.305013196825666e-05
40	5.095066512218974e-05
8947	8.187029437531094e-05
13516	5.095066512218974e-05
6686	5.095066512218974e-05
103	7.381216593206849e-05
537	6.244025302102647e-05
12003	6.664891084421859e-05
6078	5.816302513271694e-05
2616	5.095066512218974e-05
7851	5.6697304360967035e-05
14336	0.0001345257624001436
11055	5.095066512218974e-05
29	7.59148895121618e-05
10774	5.095066512218974e-05
9551	6.027110444994588e-05
14024	5.2273826359239736e-05
6020	0.00018991028222343446
9262	5.095066512218974e-05
8640	6.953789213214059e-05
4943	5.671540813025615e-05
7994	5.095066512218974e-05
6562	0.0001229280318701838
11463	5.095066512218974e-05
12195	5.095066512218974e-05
2934	0.0001695694922425061
7922	5.095066512218974e-05
10617	8.66760185225398e-05
11691	0.0001834116968224375
14468	5.669932072561223e-05
11306	5.095066512218974e-05
2000	7.941756609822402e-05
12664	0.0001409423737217692
8930	6.547426394263792e-05
1341	5.095066512218974e-05
4766	0.0001224408218771177
10782	5.095066512218974e-05
4225	6.733965124741412e-05
1342	5.101192223663374e-05
11399	5.095066512218974e-05
1097	5.095066512218974e-05
8182	5.095066512218974e-05
2302	9.390874501854384e-05
12510	5.2273826359239736e-05
8630	5.101769041218893e-05
1365	0.00019008457487809546
11531	0.00018096324337346084
5311	6.285911625563976e-05
8412	6.000426124146306e-05
12586	5.858324904722115e-05
10268	9.073795793027633e-05
2965	5.095066512218974e-05
10902	7.595841250243479e-05
8951	5.095066512218974e-05
6019	5.095066512218974e-05
10194	5.0958780831730934e-05
3617	5.095066512218974e-05
4718	8.960245732624134e-05
341	7.216090608116709e-05
3749	5.887948954098741e-05
7071	5.761597173253685e-05
239	5.709960502162064e-05
5716	9.361151890304511e-05
2313	5.095066512218974e-05
11637	5.095066512218974e-05
10975	6.069408868709971e-05
1655	6.377997219348953e-05
12008	5.095066512218974e-05
7913	5.275329430137768e-05
13534	6.556928537184337e-05
14469	5.927584579080948e-05
10426	0.00013225276035806836
8173	6.176161584298524e-05
6096	5.095880487005949e-05
10327	0.00011444779921062514
2494	5.1842166917298975e-05
8284	5.6046228820540395e-05
7452	6.045674339462108e-05
13135	8.314927380318419e-05
9177	5.095066512218974e-05
8328	6.141061107535516e-05
8988	8.770931199538856e-05
12632	7.956765795174986e-05
8675	5.095066512218974e-05
14	5.11451448525366e-05
4462	5.095066512218974e-05
13692	9.935039351634332e-05
3056	6.884335792710095e-05
480	5.098378977936554e-05
8729	5.100824355596111e-05
6214	6.17503558534905e-05
3242	6.188770058050417e-05
7434	5.095066512218974e-05
7656	0.0002819695237246271
2360	5.203325158886702e-05
2435	0.0001325873456602358
3072	9.705705371190968e-05
7007	5.816049536771851e-05
3925	6.189915699881041e-05
8626	0.00011950176743467315
6465	6.815544175525095e-05
11814	5.095066512218974e-05
8433	8.66760185225398e-05
10384	5.095066512218974e-05
1799	6.118779924916518e-05
12302	7.110862031965777e-05
11507	8.217522819609622e-05
5541	5.111156526433741e-05
14038	9.416333429118429e-05
3062	0.00011556246751893839
306	5.095066512218974e-05
3146	6.272563899876665e-05
7532	5.095066512218974e-05
321	5.095066512218974e-05
9342	0.0001259417795063557
841	5.099246239240326e-05
11227	7.566456701666933e-05
10929	0.00010836574007386117
5131	5.095066512218974e-05
14470	5.6709230934150216e-05
13916	0.00022628368708142905
6655	5.095066512218974e-05
5272	0.00014611380322036323
1781	0.00011800760996437316
14094	8.336201428208958e-05
11541	6.537538514324414e-05
11058	9.656107201717459e-05
12133	8.66760185225398e-05
14187	0.00011620631921046954
2687	5.09588533764644e-05
7274	6.116498990065598e-05
14471	7.33512862997734e-05
1475	9.178724798153396e-05
12877	0.00011354664051164413
6750	5.101142022040328e-05
8731	5.095066512218974e-05
5239	8.206943659044684e-05
2745	5.095066512218974e-05
8591	6.906377213663282e-05
1876	5.095066512218974e-05
10328	5.095066512218974e-05
3309	0.0001485859081201689
9329	9.368200417068558e-05
10143	8.004038822737478e-05
3252	0.00010041942582511748
10832	5.6900957226690166e-05
10089	5.0994466321761045e-05
6636	5.095066512218974e-05
4572	8.666780201991783e-05
3204	9.669814161450287e-05
11277	5.54163342972335e-05
11781	8.607574136253189e-05
9339	5.095066512218974e-05
11843	8.663495489794171e-05
11990	6.288706567399068e-05
6634	5.095066512218974e-05
11970	5.095066512218974e-05
12704	5.095066512218974e-05
13835	5.095066512218974e-05
3888	0.00012232750833901594
908	0.00021926792792420014
9855	5.095886089034765e-05
11265	5.0975291974257996e-05
13159	0.00021507864258012843
5812	5.69099939633768e-05
1234	9.822900464026293e-05
12241	5.895529317730576e-05
2018	5.095066512218974e-05
7692	5.827552440062421e-05
9699	5.966310257949145e-05
7237	5.095066512218974e-05
7473	6.905785736073639e-05
13341	5.095066512218974e-05
12953	6.887726707167646e-05
13619	5.8217664653886496e-05
2635	5.732762558708413e-05
2326	0.00010657495120809645
8232	5.675809916497307e-05
868	5.794930306602167e-05
3840	5.095066512218974e-05
9404	5.095066512218974e-05
13991	6.881334182236477e-05
8568	5.095066512218974e-05
8459	6.000426124146306e-05
7236	5.095066512218974e-05
12130	0.00010197494082022766
7150	5.9855412156404656e-05
6995	7.602570183289198e-05
4111	0.0008056163008649955
3068	5.647876271625789e-05
5205	0.0005228661648959418
12523	5.095066512218974e-05
9032	5.095066512218974e-05
5444	5.2302881984523544e-05
13645	5.816302513271694e-05
691	7.476756738908978e-05
9093	5.095066512218974e-05
12233	5.858324904722115e-05
4697	5.095066512218974e-05
6087	0.00010200893902802335
14370	5.669932072561223e-05
13283	7.937554793577926e-05
12069	5.962233966278921e-05
6741	5.816302513271694e-05
416	0.00012670379832846023
14472	6.967337441010903e-05
7642	5.095066512218974e-05
4162	6.081533446877546e-05
8009	0.000133272081855982
769	9.296355630124148e-05
5667	6.661869549812195e-05
8714	9.713844344692804e-05
5392	6.882257264978218e-05
3737	5.095066512218974e-05
10334	0.00018692493218437525
2781	0.00022111155132699482
397	8.88829719399796e-05
4510	5.394700338828698e-05
7032	0.0001530308685354054
4712	7.478399661576274e-05
14473	9.657698879244729e-05
3281	5.095066512218974e-05
10891	5.5922122590959645e-05
4968	5.095066512218974e-05
11513	0.00010247225524517424
6514	5.095066512218974e-05
13436	5.095066512218974e-05
6128	6.141061107535516e-05
6960	8.67786919148571e-05
12805	0.00015274902552778752
9867	5.927584579080948e-05
2917	5.095066512218974e-05
10083	5.095066512218974e-05
5483	5.095066512218974e-05
663	0.00011136996376027633
7826	5.095066512218974e-05
13025	5.4539532674387916e-05
5086	0.0007172310167047903
10741	5.7153900834931986e-05
7209	7.155777146961243e-05
12411	6.52135915961745e-05
10427	5.095066512218974e-05
9851	6.943409187218014e-05
2113	5.095066512218974e-05
10078	5.095066512218974e-05
9043	6.354893647104014e-05
5472	8.099984233449919e-05
5260	8.59907495398209e-05
1067	0.00010808847279401855
8389	5.095066512218974e-05
7813	5.095066512218974e-05
9103	5.095066512218974e-05
9124	6.906377213663282e-05
3335	5.095066512218974e-05
10555	5.095066512218974e-05
6276	5.101207538523404e-05
245	5.095066512218974e-05
11597	0.00014197294990843812
10167	5.095066512218974e-05
13457	5.821337113975095e-05
9970	6.177099101072417e-05
12352	6.457833779023782e-05
9242	5.095066512218974e-05
13339	8.670065669729867e-05
9393	8.13543005551915e-05
4040	5.095066512218974e-05
1522	5.810810821682361e-05
7990	5.095066512218974e-05
5795	8.66760185225398e-05
11276	5.9882003472277255e-05
9057	5.095066512218974e-05
6700	9.381718056973004e-05
9391	5.1031735971466326e-05
13380	5.095066512218974e-05
2300	5.099165336610937e-05
8793	5.095066512218974e-05
3979	5.095066512218974e-05
5610	5.820207606805677e-05
2514	5.095066512218974e-05
5008	0.00014454424939594246
102	6.569190602171508e-05
14474	5.671780921932026e-05
85	9.549429698418353e-05
10405	5.95609722130175e-05
2373	5.0970883326223664e-05
4146	5.289932076220884e-05
4002	5.095066512218974e-05
6058	0.0003681716891972316
8785	0.00010453869522271484
5750	5.095066512218974e-05
8337	9.593292876699879e-05
9143	5.095066512218974e-05
2830	0.0001081732009217958
5714	6.546061718721393e-05
5197	5.095066512218974e-05
4590	5.096500942011402e-05
8570	0.0002442371195013439
7598	7.797855073977427e-05
12139	7.283158632070958e-05
4171	6.664210509617466e-05
6441	0.00018628746227238561
10776	7.85372789738259e-05
4465	5.832460222048716e-05
11962	6.374769321441465e-05
3886	5.097794572879291e-05
4783	5.095066512218974e-05
9377	6.187818016779664e-05
12894	9.454416038252944e-05
8673	5.982311552711184e-05
11842	5.59329929264067e-05
1091	7.169473621378283e-05
3184	6.881334182236477e-05
4299	5.095066512218974e-05
1943	5.206708241595068e-05
4302	5.095066512218974e-05
5947	5.892259425153611e-05
6493	9.154238790386095e-05
13385	5.856179236881552e-05
5773	5.095066512218974e-05
13202	7.327901099740852e-05
5605	5.8514654152653557e-05
10656	5.095066512218974e-05
209	5.095066512218974e-05
14143	5.950836729060665e-05
2855	5.5414968038162835e-05
2624	8.454540540299049e-05
9943	5.095066512218974e-05
3813	0.00021555764036838035
846	5.095066512218974e-05
7492	5.095066512218974e-05
469	0.0006007290113375222
13240	5.099338111153943e-05
11918	5.095066512218974e-05
8677	5.095066512218974e-05
484	0.0001265693298195974
2869	5.095886465246294e-05
2920	9.25157870072586e-05
1326	6.663554052656508e-05
1787	7.774468017245229e-05
11681	6.626153086519692e-05
2218	9.741800345663379e-05
4159	8.600077730628118e-05
7575	5.8294661178878494e-05
10634	5.0994569004301514e-05
12452	5.095066512218974e-05
12268	5.6728899399132715e-05
5281	5.821246453241383e-05
9308	5.095066512218974e-05
4295	5.095066512218974e-05
2952	8.669245152778375e-05
4057	5.095066512218974e-05
13099	5.095066512218974e-05
6886	5.9882003472277255e-05
7796	5.095066512218974e-05
13653	5.095066512218974e-05
9562	5.9233553050286035e-05
7792	6.020259300891597e-05
8847	5.095066512218974e-05
11925	0.00015145065130736933
7835	5.095066512218974e-05
4576	7.01846038588211e-05
1540	8.925028003393261e-05
3093	5.095066512218974e-05
258	5.095066512218974e-05
8765	5.095066512218974e-05
10618	8.165811859487689e-05
12909	6.728774286404962e-05
3515	5.852227014528519e-05
4259	5.271488010492307e-05
7504	5.095066512218974e-05
3227	5.095066512218974e-05
11092	5.095066512218974e-05
1707	5.096708679693134e-05
11229	5.095066512218974e-05
6016	7.357771562442218e-05
6747	5.642357104175161e-05
319	5.095066512218974e-05
6951	9.713596447570523e-05
6549	7.295400327051292e-05
11289	5.095066512218974e-05
3381	5.095066512218974e-05
4433	5.7050600166785035e-05
8202	6.923927633738743e-05
10982	5.095066512218974e-05
12483	6.834761377935704e-05
9474	6.0202012333839574e-05
2753	5.095066512218974e-05
7019	5.096045512540518e-05
13024	5.927584579080948e-05
8542	5.6704708230398906e-05
11417	5.095066512218974e-05
12459	8.668417872203737e-05
11831	5.330529068721281e-05
8845	5.2273826359239736e-05
6010	5.095066512218974e-05
3862	5.6775488066636407e-05
9096	5.095066512218974e-05
12146	6.887460454865202e-05
13981	6.284078038491e-05
7497	5.095066512218974e-05
13890	5.095066512218974e-05
11779	5.095066512218974e-05
6884	0.00011481502665564524
11805	0.00011169586050898362
6541	5.095066512218974e-05
3105	5.766391516604987e-05
6385	5.095066512218974e-05
12251	5.095066512218974e-05
4148	9.475055337649e-05
11917	5.095066512218974e-05
8909	5.095066512218974e-05
5945	5.095066512218974e-05
1154	6.000426124146306e-05
1596	5.095066512218974e-05
1744	6.896385679351871e-05
2464	5.095066512218974e-05
12326	5.761831043661065e-05
6906	9.785101404198273e-05
14475	5.095066512218974e-05
2045	5.095066512218974e-05
10345	8.78420685866565e-05
8074	0.00010104224970401801
1996	5.095066512218974e-05
1005	5.095066512218974e-05
13511	5.796479235211057e-05
6391	5.560016990901222e-05
7162	5.816660460420689e-05
12717	5.098577360742741e-05
11359	5.643149615058954e-05
4714	8.96929163653681e-05
3899	5.095066512218974e-05
7272	6.0690771345445487e-05
5157	9.636913428993343e-05
13588	5.095066512218974e-05
14025	5.095066512218974e-05
6550	5.095066512218974e-05
4104	8.66760185225398e-05
12741	5.099784093160223e-05
1493	6.126033710613133e-05
3709	0.00010958883643502925
12978	5.095066512218974e-05
8128	5.095066512218974e-05
3912	6.126864947672529e-05
5619	0.0002591447231903419
10893	0.0001285755131465414
7723	8.671655053963363e-05
10643	9.825390915742917e-05
10184	0.00014909658438431355
1594	6.919817721211106e-05
7480	6.487717716308053e-05
1791	5.095066512218974e-05
11327	8.66760185225398e-05
3500	5.099139314072329e-05
3148	5.095066512218974e-05
8172	5.09708688838835e-05
12711	7.395170355053188e-05
13393	5.095066512218974e-05
8071	5.095066512218974e-05
9935	7.433463392297294e-05
8139	9.394301805423656e-05
9473	5.095066512218974e-05
2886	6.0083704369987494e-05
8643	5.0967098127433684e-05
13559	5.7956650770335507e-05
13051	0.00010360791052527277
1649	8.376507000810375e-05
9424	5.111722083091442e-05
5218	5.095066512218974e-05
7652	8.672328836955935e-05
7596	6.858685514352249e-05
13454	5.095066512218974e-05
12031	5.095066512218974e-05
3110	6.167678879379798e-05
8617	5.0958874072879155e-05
13897	6.266736572135651e-05
13232	7.018334850460517e-05
11709	0.00015759966870607572
13421	5.781771842878986e-05
14203	9.1341864373588e-05
326	6.040232119861723e-05
10926	5.8148406808644435e-05
13290	5.218329427459948e-05
1139	0.00010278857893278785
3995	5.095066512218974e-05
9594	5.095066512218974e-05
5742	5.095888162481171e-05
2126	5.095066512218974e-05
10151	8.66760185225398e-05
4984	5.624215635263023e-05
14356	5.986796554506441e-05
12067	5.095066512218974e-05
4604	5.095066512218974e-05
980	5.095066512218974e-05
6520	6.881334182236477e-05
4649	5.095066512218974e-05
13069	7.208816588406353e-05
9540	5.816302513271694e-05
10046	5.9882003472277255e-05
10052	0.00011996065644369069
11841	5.095066512218974e-05
1092	0.00010351149529561845
593	9.523812695288332e-05
8430	9.71928611603216e-05
655	5.095066512218974e-05
14054	5.095066512218974e-05
14476	0.00020599752311125866
9740	5.095066512218974e-05
1368	5.095066512218974e-05
2733	5.095066512218974e-05
7849	6.75707388775204e-05
8822	8.07217929558148e-05
5045	5.095066512218974e-05
2614	5.095066512218974e-05
4646	5.918353245450182e-05
6561	5.891975918836808e-05
7447	7.816796503611809e-05
3609	6.83493295884792e-05
3499	9.654401500970522e-05
11295	6.189191395860257e-05
12355	9.418775625630668e-05
13601	5.918353245450182e-05
617	5.298051474720963e-05
3863	0.00011311966232938297
13308	6.082740261788175e-05
3623	5.095066512218974e-05
7432	5.816507986216313e-05
11994	5.095066512218974e-05
5536	7.984145648973692e-05
3434	0.0002592396623095676
6860	5.095066512218974e-05
9384	5.98565573994527e-05
9511	5.816064040308374e-05
7996	5.473393416096892e-05
8348	5.095066512218974e-05
12644	5.8177244376946246e-05
14089	5.095066512218974e-05
11339	5.0958874072879155e-05
12106	5.095066512218974e-05
4758	5.095066512218974e-05
9963	6.031285165343568e-05
5544	9.747029484467274e-05
6119	5.095066512218974e-05
12223	0.00010617882156931204
12957	9.255282195644417e-05
13615	0.00014181859716357596
4329	6.309122089642448e-05
9408	8.76614355907918e-05
7410	5.095066512218974e-05
5128	9.903896215885968e-05
904	5.095066512218974e-05
12723	5.816302513271694e-05
1121	5.095066512218974e-05
2723	5.095066512218974e-05
11380	5.095066512218974e-05
6070	5.7623324205712495e-05
10845	8.665958929586685e-05
1611	0.0001423342714040122
7308	5.095066512218974e-05
5994	5.095066512218974e-05
4909	6.586481846692946e-05
1415	5.095066512218974e-05
4555	5.095066512218974e-05
5280	5.1013109566440076e-05
2577	5.095066512218974e-05
922	5.314966888262795e-05
13838	5.095066512218974e-05
10264	0.00013495309293277407
7947	5.095066512218974e-05
483	5.095066512218974e-05
97	6.881334182236477e-05
8762	6.621648544947251e-05
5165	5.095066512218974e-05
7322	8.060310993906992e-05
11186	5.095066512218974e-05
10705	0.00014655851565074563
4860	5.095066512218974e-05
2167	5.918353245450182e-05
6759	5.095066512218974e-05
6360	5.095887595956054e-05
1370	5.560016990901222e-05
11038	5.203325158886702e-05
6456	5.318651819954664e-05
8666	5.095066512218974e-05
5047	5.661634918293966e-05
8069	5.095066512218974e-05
1676	5.095066512218974e-05
52	0.00015037962504453755
1714	0.00010075898603838594
2647	9.429047965348629e-05
2775	0.0001658070511115171
460	5.095066512218974e-05
10966	6.024160683247863e-05
9815	5.8514654152653557e-05
1312	5.095066512218974e-05
5496	5.095066512218974e-05
9461	7.067778122423886e-05
12716	0.00010440812039486024
11049	9.960128255550627e-05
4316	6.729827194433191e-05
14114	5.095066512218974e-05
14477	6.277902908979175e-05
7659	5.669932072561223e-05
5509	5.095066512218974e-05
11279	5.095066512218974e-05
428	5.095066512218974e-05
8966	5.095066512218974e-05
2381	5.095066512218974e-05
12491	6.117168144375157e-05
2237	8.666780579762019e-05
10138	7.713349590833043e-05
6808	5.7039429355117534e-05
7478	6.253625980203241e-05
14331	5.859436764927305e-05
8002	5.761831043661065e-05
887	5.7063631778489745e-05
10380	5.096708302356857e-05
2196	0.0001429180900231979
3018	5.815991627827016e-05
6133	5.095066512218974e-05
3614	9.389524269690654e-05
4879	5.816866693155916e-05
3274	5.095066512218974e-05
11811	5.095066512218974e-05
3198	0.00013159753442493617
1901	7.480993285044547e-05
1952	8.767735325203924e-05
11352	5.095066512218974e-05
13497	5.9570001156335e-05
2054	5.095066512218974e-05
3996	5.095066512218974e-05
6904	6.549035233152693e-05
3074	8.575620163401204e-05
14192	9.178724798153396e-05
5290	5.095066512218974e-05
14080	6.12686557164811e-05
7556	5.095066512218974e-05
1273	0.00013269136259841277
11078	6.726642949401676e-05
12187	5.095066512218974e-05
1971	0.0001013983198431571
7037	5.095066512218974e-05
3221	5.095066512218974e-05
1909	5.095066512218974e-05
5806	5.095066512218974e-05
13568	5.095066512218974e-05
1304	5.095066512218974e-05
3839	5.096708679693134e-05
8872	0.0001692062331711221
7310	5.1008115370760475e-05
12699	5.2852230227017384e-05
2324	6.513107326471969e-05
11316	5.095066512218974e-05
1887	6.0270783115307055e-05
7550	5.108176239109695e-05
8171	0.00017191370849536876
12426	6.05526933037457e-05
7979	5.095066512218974e-05
3009	5.095066512218974e-05
2484	8.122433678189642e-05
3990	6.885724570447653e-05
10318	5.80067570145939e-05
2717	5.096979296935223e-05
11826	5.095066512218974e-05
1593	5.761831043661065e-05
4382	0.00014659310284735534
12580	5.095066512218974e-05
2144	5.095066512218974e-05
4260	5.095066512218974e-05
11534	0.0001013594135653132
3613	5.095066512218974e-05
4541	6.527335557663177e-05
9657	5.669932072561223e-05
2805	9.773910343046267e-05
5140	5.2273826359239736e-05
11695	5.8164872517719364e-05
1806	5.095066512218974e-05
10536	5.096024003121043e-05
4806	5.095066512218974e-05
5987	5.095066512218974e-05
11343	5.095066512218974e-05
11646	5.1556870845695366e-05
4417	0.00010839869916704098
2534	5.095066512218974e-05
7518	5.753646420401781e-05
1777	0.00011172437242789983
7393	5.685476455739306e-05
4838	5.095066512218974e-05
2996	5.095066512218974e-05
12162	5.817440238827349e-05
10004	5.986796554506441e-05
14169	5.095066512218974e-05
14345	8.093745199810548e-05
13580	6.840462652665371e-05
4936	9.433553054184395e-05
7000	6.043507911194338e-05
6813	5.095066512218974e-05
1948	7.286219662494005e-05
10693	5.0962987042194456e-05
13422	8.6667807685169e-05
8458	5.095066512218974e-05
12563	7.78669379416381e-05
14478	5.888954271132949e-05
2644	5.095066512218974e-05
6948	7.120652801363765e-05
7774	6.707335296753523e-05
6263	9.748237821423795e-05
11236	5.095066512218974e-05
12032	5.095066512218974e-05
10067	5.095066512218974e-05
6322	5.095066512218974e-05
10269	0.00012173801989471205
7341	5.096705417103353e-05
3190	5.8410971896326166e-05
12286	0.00014806545342689695
414	0.0020414921527661103
12506	5.669932072561223e-05
6898	5.81638844426835e-05
11986	8.670765704495761e-05
1422	6.243282903278291e-05
970	5.095066512218974e-05
10444	5.095066512218974e-05
10356	5.095066512218974e-05
1715	5.095066512218974e-05
8252	5.095066512218974e-05
3064	5.096500942011402e-05
7354	5.816225656438667e-05
1697	8.408070066777277e-05
7386	0.00015742887280027935
11573	5.095066512218974e-05
14288	5.6602699965958606e-05
3179	6.881334182236477e-05
14479	8.073525179365847e-05
818	5.095066512218974e-05
11708	5.095066512218974e-05
5291	8.396304055755082e-05
12872	5.7069051302761964e-05
6460	5.816302513271694e-05
6507	5.37069819548286e-05
6737	5.0967762505160834e-05
5424	5.095066512218974e-05
12840	5.095066512218974e-05
2400	5.095066512218974e-05
1043	5.095066512218974e-05
2593	5.095066512218974e-05
3909	6.881334182236477e-05
6106	5.096500942011402e-05
12527	5.095066512218974e-05
6258	0.00026753058858113385
13595	5.095066512218974e-05
12529	5.948494731340107e-05
277	5.448553100731138e-05
14480	9.067392323050058e-05
6654	0.00012272132559873814
1955	5.314966888262795e-05
6062	5.095066512218974e-05
13862	0.00010272129618593005
11444	7.271757388445951e-05
1550	5.096706419655793e-05
13781	5.918353245450182e-05
8953	5.6709230934150216e-05
10865	5.0971201655530934e-05
810	5.8923663576780545e-05
4452	5.095066512218974e-05
7838	5.7209044494259894e-05
11190	5.827976465010605e-05
4135	9.278498624958856e-05
2719	5.095066512218974e-05
11874	6.366582572865972e-05
445	5.095066512218974e-05
8404	0.00011359229134198817
3228	5.095066512218974e-05
8560	5.8322023853876436e-05
2061	0.00012594258193107763
10274	6.607894196388705e-05
7468	5.9122830373256274e-05
5542	0.00012238493891764593
1506	5.314966888262795e-05
4679	5.898041454287971e-05
8303	5.095066512218974e-05
4317	5.099208435962035e-05
1309	7.874367274553746e-05
1413	5.095066512218974e-05
1932	5.095886653481608e-05
6713	5.095066512218974e-05
6312	9.641585796955436e-05
13668	6.677879502417066e-05
4293	5.095066512218974e-05
2986	5.095066512218974e-05
2905	5.095066512218974e-05
3947	5.095066512218974e-05
4770	5.095066512218974e-05
45	7.609117521555759e-05
2070	5.099986809606743e-05
9426	8.669036282046409e-05
232	5.095066512218974e-05
11450	0.00012155604442479938
7072	5.816302513271694e-05
11326	5.095066512218974e-05
1424	5.098950591611321e-05
9920	5.721153370857705e-05
7073	5.095066512218974e-05
9321	5.095066512218974e-05
2441	9.256434647469774e-05
6771	6.0202012333839574e-05
4395	5.59720526613622e-05
8685	5.095066512218974e-05
6123	5.826084222285619e-05
5313	5.095066512218974e-05
10668	7.379571560392552e-05
13723	0.0001223356701235329
12746	5.095066512218974e-05
4589	5.095066512218974e-05
7933	6.270423722689962e-05
2488	0.00010851929702121998
7016	5.095066512218974e-05
10599	5.9597307234255376e-05
8982	5.8276142899385124e-05
2413	5.095066512218974e-05
8156	5.095066512218974e-05
745	0.00011760148672214652
6487	5.095066512218974e-05
4937	6.992511030640703e-05
4093	5.7022584453263364e-05
1474	5.095066512218974e-05
626	0.00021200781703280952
2109	5.9821861185091604e-05
4328	0.00018760310454000794
3857	5.096709057202898e-05
8746	5.095066512218974e-05
9406	6.75707388775204e-05
9083	5.095066512218974e-05
3261	5.095066512218974e-05
1299	0.00012916662939249564
13261	5.095066512218974e-05
14481	5.858324904722115e-05
5481	5.8146328749768275e-05
5551	5.095066512218974e-05
12673	5.096981520504665e-05
8581	5.816302513271694e-05
7923	5.095066512218974e-05
5708	5.8542574866219903e-05
6622	7.906486181376011e-05
3455	0.0005053366677588951
14482	5.928583648668767e-05
12117	5.095066512218974e-05
2677	5.096090983238713e-05
11783	5.095066512218974e-05
7760	8.232785440290223e-05
11833	6.0131123064982925e-05
13010	5.095066512218974e-05
3680	5.095066512218974e-05
5932	5.6910540635623315e-05
2807	6.04070911335037e-05
1346	5.095066512218974e-05
6036	5.095066512218974e-05
13319	5.816302513271694e-05
7955	0.00010290490728712144
11215	5.095066512218974e-05
8403	5.095066512218974e-05
6649	5.891975918836808e-05
1008	6.0834538366771947e-05
4235	5.095066512218974e-05
1440	5.0959585495913794e-05
14018	5.095066512218974e-05
10178	5.095066512218974e-05
3540	7.984838790185179e-05
14483	5.858324904722115e-05
13037	5.095066512218974e-05
3701	8.448215610503937e-05
2558	5.100566020610901e-05
7725	6.489287948049555e-05
7566	5.795419339199522e-05
9026	5.096983255330819e-05
11293	6.11800599094073e-05
10092	5.095066512218974e-05
5044	5.095066512218974e-05
2559	7.792350288012428e-05
1327	6.020696879830329e-05
1673	8.66760185225398e-05
5375	6.342035482677689e-05
1743	5.918353245450182e-05
935	0.00010846857222681177
5006	6.911749562770993e-05
8623	5.6997472617809306e-05
202	5.095066512218974e-05
587	8.703326695384909e-05
14098	5.095066512218974e-05
12340	5.095066512218974e-05
8842	7.026902763274573e-05
5007	6.944362470100155e-05
2923	7.024301062151316e-05
7600	5.095066512218974e-05
3465	8.030843451017544e-05
10621	0.00010479367710696018
4349	0.00014767974988197713
7088	5.095066512218974e-05
3370	5.095066512218974e-05
11047	5.095066512218974e-05
544	5.095066512218974e-05
12377	8.095934266147433e-05
13043	5.095066512218974e-05
4811	6.144710621131856e-05
724	0.0002537286346628875
654	9.04078158218625e-05
592	0.00010069714548512033
8778	5.095066512218974e-05
827	5.095066512218974e-05
6920	5.095066512218974e-05
3648	8.488358483126342e-05
5029	5.8983231998816806e-05
10445	6.56044453189174e-05
1778	9.663252625556878e-05
4445	9.980693825440272e-05
8658	5.891975918836808e-05
6230	5.095066512218974e-05
9300	5.1008185685448236e-05
13712	5.095066512218974e-05
13242	6.021556579030777e-05
10164	5.095066512218974e-05
12768	5.0958803015902805e-05
9693	0.00020052591680255034
10040	5.816180198874026e-05
1018	9.960623304721746e-05
7875	9.69942357877546e-05
8432	5.095066512218974e-05
13145	5.095066512218974e-05
2053	5.095066512218974e-05
685	8.667272649283167e-05
3580	5.095066512218974e-05
10950	5.314966888262795e-05
5367	5.095066512218974e-05
10928	5.095066512218974e-05
4498	5.6052854780368555e-05
14484	6.521436544599168e-05
12007	5.095066512218974e-05
5166	5.095066512218974e-05
3858	5.8266629927221964e-05
6068	5.095066512218974e-05
13608	6.978349911475528e-05
798	5.095066512218974e-05
560	5.095066512218974e-05
10341	5.095066512218974e-05
2414	6.285911625563976e-05
5080	5.095066512218974e-05
1975	5.908240182630539e-05
4558	5.095066512218974e-05
11775	5.095066512218974e-05
10418	5.095066512218974e-05
10894	5.314966888262795e-05
5427	6.047742602894976e-05
5777	9.38859938034338e-05
6650	5.095066512218974e-05
6938	5.095066512218974e-05
13839	5.0960884044787096e-05
3102	5.101088592399881e-05
7530	5.095066512218974e-05
7362	5.816049536771851e-05
4648	0.00010935878258625415
292	5.095066512218974e-05
1385	0.00013672549366306445
14084	0.00015209452434735161
9650	0.00010809240941375696
2492	6.493037965453226e-05
11158	8.66923876727268e-05
9331	6.829607673067297e-05
12698	9.96352836797815e-05
4593	0.00022699357994590135
9695	5.095066512218974e-05
8288	0.00011943985030513665
211	7.817417652110394e-05
12016	5.9950706074970234e-05
7244	7.97707809102697e-05
4551	5.095882905121175e-05
8711	5.095066512218974e-05
3999	5.6579505974587317e-05
7930	5.095066512218974e-05
6113	0.0002202741758674937
11064	0.00023602878052527624
4828	7.561543273359723e-05
12201	5.095066512218974e-05
1186	5.095066512218974e-05
14000	5.095066512218974e-05
13433	9.408464516105796e-05
9681	9.590876992306861e-05
8386	6.218421725751698e-05
7159	5.095066512218974e-05
5040	5.369876922990897e-05
13812	5.675809916497307e-05
10541	0.00015953865282039283
4795	5.095066512218974e-05
14290	7.50396996055258e-05
934	0.0002003831973931158
7889	6.905785736073639e-05
7486	7.874367274553746e-05
4496	5.095066512218974e-05
2299	5.095066512218974e-05
2161	5.095066512218974e-05
3815	5.095066512218974e-05
794	5.095066512218974e-05
10927	5.097186615558642e-05
7896	6.166827114229475e-05
11171	0.00015162869269985308
2259	0.00015836356184458959
14485	8.64953746801118e-05
2463	5.980881575895263e-05
1621	7.816406008017036e-05
8200	0.00010097173217394625
7756	5.095066512218974e-05
8806	6.07960715611557e-05
4866	5.815907017157719e-05
13314	5.8426623279652675e-05
1209	8.492820428430473e-05
5930	5.095066512218974e-05
9800	5.671242171453358e-05
750	6.319712842382588e-05
7985	5.81638844426835e-05
893	7.743839428286145e-05
12631	5.095066512218974e-05
9557	5.095066512218974e-05
5068	5.095066512218974e-05
11851	5.3502476079357594e-05
13607	5.095066512218974e-05
4908	0.00017575728848794124
2472	5.095066512218974e-05
13734	5.095066512218974e-05
10915	5.742018974763212e-05
5139	5.095066512218974e-05
10291	5.095066512218974e-05
1416	5.0958862770973665e-05
1822	0.00010536949806539866
4883	7.083942690373204e-05
7412	5.8341584236269615e-05
5938	5.853047155791153e-05
10315	5.671242171453358e-05
1907	0.00031979066880582623
13844	6.661869549812195e-05
7472	5.860373610960213e-05
6718	5.918353245450182e-05
11567	5.765916097277565e-05
10449	5.7965188316039186e-05
4504	5.81670626939943e-05
10370	5.095066512218974e-05
13651	6.977403039940447e-05
4660	5.098575839755492e-05
6329	5.684276484643862e-05
12541	5.669932072561223e-05
2325	5.095066512218974e-05
11228	0.00016986284869449197
12553	9.768509637933287e-05
13860	0.0001538727587272414
6617	5.817010339731474e-05
6301	5.097935371803829e-05
5321	5.0975291974257996e-05
8366	0.00010056193804130273
10296	5.761831043661065e-05
10365	5.0970883326223664e-05
9221	5.095066512218974e-05
11688	7.937760720808107e-05
1339	0.00016017583416231456
5520	6.893907800760637e-05
7671	6.000151254402282e-05
8379	9.483069329873954e-05
3138	5.095066512218974e-05
11282	5.0958780831730934e-05
9641	0.00010564775721109695
12989	0.00012337397911684432
3459	9.390055366690812e-05
10479	5.095066512218974e-05
2872	5.095066512218974e-05
9115	5.095066512218974e-05
10783	9.350078519714015e-05
5602	5.095066512218974e-05
13764	5.095066512218974e-05
12589	5.095066512218974e-05
6605	5.095066512218974e-05
5830	5.095066512218974e-05
3736	6.542665127796735e-05
9276	9.657698879244729e-05
741	5.100803731522631e-05
12303	5.816302513271694e-05
1756	8.8095657036664e-05
10367	6.553814487485936e-05
6952	6.806606945902357e-05
7205	5.818673483833759e-05
13536	5.099492800518726e-05
4958	5.095066512218974e-05
4398	5.097186615558642e-05
5345	0.00012194555210576172
4526	5.095066512218974e-05
8859	7.759881480944581e-05
11757	5.7956650770335507e-05
11981	5.096981520504665e-05
12188	7.906486181376011e-05
9348	5.7020023926206664e-05
12075	7.816796503611809e-05
1391	5.095066512218974e-05
11110	5.095066512218974e-05
13825	0.00011080062367176152
7340	6.554702011314487e-05
13206	6.401515500169865e-05
3116	7.478398906383138e-05
6404	5.095066512218974e-05
10740	5.097186615558642e-05
10682	8.66123845329161e-05
1527	0.00017521711612075784
12056	5.817313469592233e-05
11580	5.095066512218974e-05
6231	5.098869485747161e-05
13541	0.00018616465099991495
4997	5.095066512218974e-05
853	5.095066512218974e-05
9440	6.699424403693946e-05
14041	5.560016990901222e-05
5543	5.257454482220565e-05
1525	5.0970883326223664e-05
2913	7.355880449726524e-05
8624	5.6608703026899124e-05
1444	5.095066512218974e-05
10714	5.095066512218974e-05
11690	8.66760185225398e-05
12993	5.095066512218974e-05
6594	6.527555271551263e-05
7899	6.62981132744795e-05
6138	5.096709057202898e-05
11510	5.095066512218974e-05
2427	5.095066512218974e-05
2625	5.096705417103353e-05
101	5.7507428049217426e-05
1930	5.095884400346271e-05
6094	0.00010396999808219918
2544	7.613411785199317e-05
13101	5.828079167509362e-05
8091	7.159749213129905e-05
4631	5.095886653481608e-05
11856	5.096692877046367e-05
9280	5.095066512218974e-05
2262	6.881334182236477e-05
8103	5.795572506238277e-05
10812	5.095066512218974e-05
12279	6.080301726512644e-05
12918	0.00015337598668403637
11710	6.07092709390715e-05
5482	5.095066512218974e-05
5417	5.095066512218974e-05
13078	5.095066512218974e-05
9519	5.9882003472277255e-05
11146	6.862451479283172e-05
1019	6.881334182236477e-05
819	0.00012574197572159224
7161	5.816302513271694e-05
1512	5.095066512218974e-05
13365	6.585545864592808e-05
8051	5.816302513271694e-05
13688	5.095066512218974e-05
10404	5.095066512218974e-05
1923	0.00014834719890023115
11610	5.095066512218974e-05
57	5.095066512218974e-05
6833	6.988735246989292e-05
3493	0.00042399519963739714
8897	0.0002012892289035799
5339	6.755335588300821e-05
6243	5.095066512218974e-05
11072	6.67545856176995e-05
3552	8.378553440972096e-05
10332	0.00016032679833884048
3772	6.497797792949118e-05
10813	5.669932072561223e-05
2580	6.145011768470123e-05
5412	5.095066512218974e-05
8977	5.096161038977563e-05
14486	5.0958780831730934e-05
11249	5.095066512218974e-05
10086	5.095066512218974e-05
3766	0.00023235042532156864
13841	5.095066512218974e-05
2239	8.66760185225398e-05
13200	5.095066512218974e-05
5199	5.095066512218974e-05
2508	5.6602699965958606e-05
6370	9.62447661941515e-05
12125	5.095066512218974e-05
5911	8.66760185225398e-05
6395	0.00010737091264905419
675	6.176741560564244e-05
4708	5.095066512218974e-05
2858	5.095066512218974e-05
13127	0.0003295923339096847
440	5.442142283742626e-05
3678	0.00011887048607576325
3788	8.668753984247219e-05
12743	5.987582837579453e-05
11017	0.00013252990712805636
10688	9.572961464181313e-05
3783	0.00014827965708941204
12503	0.00010282494252305974
3585	5.80023399650584e-05
2650	5.095066512218974e-05
11044	8.666780201991783e-05
7794	5.095066512218974e-05
9881	6.622390009099113e-05
3722	5.095066512218974e-05
2379	5.095066512218974e-05
10757	5.095066512218974e-05
403	5.095066512218974e-05
11	0.00014804971274498736
1086	5.928658091560475e-05
11613	5.095066512218974e-05
4868	5.095066512218974e-05
7418	9.464511258871815e-05
1658	5.095066512218974e-05
1478	9.467441311730665e-05
14343	8.054880974257692e-05
14487	8.52432448777168e-05
4825	6.46770108790794e-05
4153	9.596308067490628e-05
12562	5.6443380798652595e-05
6176	5.095066512218974e-05
4397	5.095066512218974e-05
10261	8.66760185225398e-05
499	5.095066512218974e-05
13071	0.0001492263833371757
11654	5.1051326835109e-05
3325	8.674673881214472e-05
2570	5.095066512218974e-05
5032	5.1078976025624655e-05
3245	0.00017614840356331015
10499	5.095066512218974e-05
10996	9.03798778898613e-05
7816	9.702457154331925e-05
826	5.095066512218974e-05
2047	5.095066512218974e-05
6842	5.104719119128229e-05
5510	0.00014545584266702742
7764	5.095066512218974e-05
3366	5.096708302356857e-05
8734	5.095066512218974e-05
8596	5.85907004260914e-05
1999	5.095066512218974e-05
10080	5.095066512218974e-05
2702	5.0967098127433684e-05
6184	5.832623257231912e-05
9722	5.095066512218974e-05
1828	0.0007143626210504071
5980	5.095066512218974e-05
3770	8.032554219233679e-05
6539	0.0001071008711019059
7456	5.669932072561223e-05
7080	6.497273227963496e-05
3823	5.096708302356857e-05
4862	5.095066512218974e-05
4707	6.465937798465617e-05
8702	5.099520558563941e-05
6029	5.095066512218974e-05
11016	5.095066512218974e-05
13382	0.0003486619434584403
8082	7.082821032181811e-05
9598	5.748185359448172e-05
1667	5.095066512218974e-05
6079	0.00013531933718541556
13032	6.314880657059318e-05
10585	5.962590483174379e-05
10763	9.530928215626835e-05
10572	5.096702663136018e-05
4202	5.7209044494259894e-05
8754	5.095066512218974e-05
7983	9.3888378533067e-05
4946	7.363998742815572e-05
1466	5.095066512218974e-05
12010	6.0294830844275394e-05
3331	0.00011146771408178227
2804	5.8190056859749036e-05
7259	7.959718777149206e-05
10409	5.298051474720963e-05
188	5.095066512218974e-05
11312	5.095066512218974e-05
13455	5.095066512218974e-05
11381	6.024712382783874e-05
4190	5.095066512218974e-05
12435	6.75707388775204e-05
186	5.095066512218974e-05
6297	5.095066512218974e-05
12473	6.702454981103551e-05
6621	9.074333118285002e-05
6734	5.097186615558642e-05
9619	5.095066512218974e-05
11034	8.66760185225398e-05
11025	0.0001112881882113151
5606	5.095887973552622e-05
6064	5.7813838000634566e-05
324	5.095066512218974e-05
4164	5.095066512218974e-05
3551	0.0001295171700452072
9188	5.095066512218974e-05
7520	0.00010958153842438099
12789	5.095066512218974e-05
1959	6.138981384808592e-05
2670	0.000211206938261179
13696	0.00010037786320179557
13194	7.626542306847534e-05
4437	7.011425408342853e-05
13874	5.095066512218974e-05
10129	0.0004036918174942765
4621	5.095066512218974e-05
5678	8.07217929558148e-05
9685	5.095066512218974e-05
8555	5.095066512218974e-05
8224	0.00013536684592367897
3989	5.095066512218974e-05
4360	5.095066512218974e-05
3518	6.583622903900227e-05
3140	6.261131075608218e-05
12027	5.095066512218974e-05
8763	6.385148718342726e-05
8225	7.574910169731003e-05
5929	0.00015208087032980954
5639	5.095066512218974e-05
10344	7.774468017245229e-05
10994	5.096705417103353e-05
662	5.095066512218974e-05
2417	0.00011381348184278182
11107	7.669464778287612e-05
11735	0.00013522186452537754
5683	5.095066512218974e-05
9111	5.095066512218974e-05
10863	5.095066512218974e-05
268	5.511236567233707e-05
9306	0.00035296618338619644
5178	5.572122545395874e-05
7781	5.095066512218974e-05
6983	5.095066512218974e-05
901	5.095066512218974e-05
13284	0.00010445444974125643
7713	5.095066512218974e-05
1188	5.095066512218974e-05
3055	5.095066512218974e-05
2900	5.095066512218974e-05
641	5.100402330167096e-05
5172	6.463901024957341e-05
5046	0.00015005334193772345
10846	0.0001560830627452562
14488	5.761597173253685e-05
5690	5.095066512218974e-05
3982	5.095066512218974e-05
8853	8.792316624900698e-05
2021	5.2273826359239736e-05
6044	6.81855379109638e-05
3728	0.000127423487723682
11589	8.658563699369808e-05
8874	5.095066512218974e-05
11611	5.095066512218974e-05
11656	5.095066512218974e-05
2718	5.0971256413256625e-05
5946	5.671242171453358e-05
12952	5.853544519230657e-05
9912	5.8164872517719364e-05
6071	6.323301560546501e-05
5728	5.095066512218974e-05
5207	5.096049102731933e-05
4662	5.161358441844365e-05
489	5.095066512218974e-05
766	0.0001433637172523464
12185	7.462017140888844e-05
5097	5.095066512218974e-05
1507	6.960267663439512e-05
12643	5.2273826359239736e-05
12364	6.316327006098492e-05
5023	5.095066512218974e-05
5053	5.095066512218974e-05
429	0.00010914049980591844
3324	5.095066512218974e-05
462	0.00013742589554041574
8986	0.00017463447268084505
2233	6.880923357105379e-05
7375	8.66924401972814e-05
4916	5.095066512218974e-05
5796	6.03079379872999e-05
14489	9.537234128718313e-05
3481	5.096709434973133e-05
3720	5.171342248484245e-05
4240	0.00018056214815603784
14252	5.096689654127213e-05
2881	8.500559645634545e-05
14490	5.097159598276461e-05
2950	5.816318707523674e-05
5224	5.115887229930539e-05
4310	5.09753032969486e-05
14002	7.067030717941209e-05
760	5.095888162481171e-05
6685	7.792350288012428e-05
3702	5.54163342972335e-05
6731	6.123435044768162e-05
10286	5.095066512218974e-05
2576	5.095066512218974e-05
14491	5.927584579080948e-05
2221	0.00023466312616405243
6350	5.095066512218974e-05
7008	5.095066512218974e-05
13346	0.00015814315643919842
7106	5.777316644177081e-05
348	0.00018371531644562907
2825	5.1110806211985345e-05
1337	9.6707270554978e-05
4353	5.681685063095903e-05
3894	5.095066512218974e-05
3377	0.0004552585285541017
11317	5.095066512218974e-05
8194	5.477838155794153e-05
10324	5.095066512218974e-05
1023	6.157447433162888e-05
10172	5.095066512218974e-05
4810	5.965389974734989e-05
3579	8.726520529248088e-05
220	0.00020899225074412676
7113	5.888954271132949e-05
1767	5.095066512218974e-05
3168	0.00016589835396257067
14315	5.095066512218974e-05
13352	5.095066512218974e-05
12910	0.00014361069388750162
5863	5.095066512218974e-05
4098	5.7051113472205576e-05
4935	5.7031323868320295e-05
4488	5.095066512218974e-05
3537	5.095066512218974e-05
9062	5.095066512218974e-05
13114	0.00011252555987504
9660	8.73183497450744e-05
4610	5.095066512218974e-05
4264	5.095066512218974e-05
10389	5.095066512218974e-05
7202	0.0002560022036781869
13141	7.127350988927819e-05
9162	5.983463589927128e-05
3797	0.0001350368048577602
8050	5.095066512218974e-05
11141	5.6608703026899124e-05
6219	5.095066512218974e-05
5336	6.033632080291971e-05
1332	6.32009640878449e-05
529	5.986436958566084e-05
3595	5.81670626939943e-05
10611	5.095066512218974e-05
10959	5.095066512218974e-05
3663	0.00012163275701738918
10821	5.095066512218974e-05
11793	6.238989758797963e-05
12057	9.38943784152485e-05
3781	9.264254275835719e-05
4727	9.640031511390598e-05
9092	6.648092003663002e-05
3444	5.098186039376962e-05
9281	5.106536331315708e-05
1854	5.8553329349023334e-05
11669	5.859217779419809e-05
504	5.095066512218974e-05
1313	5.095918277369295e-05
1128	5.095066512218974e-05
2223	5.095066512218974e-05
6320	5.095066512218974e-05
11256	5.0969601777785866e-05
8101	6.330316754770507e-05
8952	5.8836302179457045e-05
13416	5.095066512218974e-05
10353	5.095066512218974e-05
1305	7.792350288012428e-05
4101	7.117230061942886e-05
12040	7.480359717725689e-05
4173	5.095066512218974e-05
3586	5.095066512218974e-05
982	5.095066512218974e-05
13048	5.095066512218974e-05
13275	0.00010078789400871483
1926	9.627357509264185e-05
8393	5.675809916497307e-05
11421	5.095066512218974e-05
7663	7.603164792528049e-05
1728	9.645335066600309e-05
12950	8.130785530760656e-05
14337	5.095066512218974e-05
4156	5.7208687029810604e-05
1695	5.095066512218974e-05
7366	5.816049536771851e-05
11106	5.095066512218974e-05
2003	5.095066512218974e-05
1987	6.883964307739779e-05
4480	6.099147265060496e-05
2599	6.524080648232976e-05
8565	5.095066512218974e-05
9001	5.095066512218974e-05
13115	5.335509958833642e-05
10918	5.095066512218974e-05
2640	6.285911625563976e-05
11187	5.206708241595068e-05
10897	5.095066512218974e-05
7932	5.7956650770335507e-05
1736	5.095066512218974e-05
11799	0.00017626018547232605
264	5.095066512218974e-05
2735	7.167760951192261e-05
6139	5.5550479435610104e-05
141	8.66760185225398e-05
9602	9.640424228770935e-05
6604	5.538892895637515e-05
4705	8.98063690348756e-05
1428	7.019765859831535e-05
1911	6.168353901335785e-05
1124	5.095066512218974e-05
8662	5.095066512218974e-05
3505	0.00013573199119503934
11116	5.095066512218974e-05
9773	5.095066512218974e-05
8838	9.713774150240013e-05
5142	5.095066512218974e-05
2660	5.78992199863384e-05
10745	5.095066512218974e-05
2191	5.7956650770335507e-05
8906	6.032630525455607e-05
4096	7.982013091139978e-05
9584	0.00016732192119836564
3968	0.00014022075119275954
7967	5.095066512218974e-05
7804	6.081533446877546e-05
8129	5.095066512218974e-05
4591	0.00012181229115489475
13715	0.00010167761204912576
13150	5.099980591091099e-05
6294	0.000329980473202174
4468	5.369876922990897e-05
8021	5.7062527260669685e-05
7186	5.095066512218974e-05
1031	5.095066512218974e-05
5800	5.095066512218974e-05
8034	5.095066512218974e-05
5116	5.369876922990897e-05
8355	5.095066512218974e-05
5092	5.095066512218974e-05
9063	6.658743194304511e-05
1289	5.0967094348862695e-05
4762	5.095066512218974e-05
3768	5.095066512218974e-05
2280	5.095066512218974e-05
7120	9.702061706169736e-05
5586	0.00011831284579371431
11143	0.00022710078970037746
14492	5.095066512218974e-05
6696	8.66760185225398e-05
13505	9.39556903189513e-05
12915	7.292516843339638e-05
8899	6.203159326058792e-05
12907	5.095066512218974e-05
5664	8.621616052890293e-05
665	5.0980253941212584e-05
5650	5.095066512218974e-05
4669	5.095066512218974e-05
6249	8.965611404223434e-05
4539	8.603839587681769e-05
4720	5.1037664839503254e-05
5231	6.0506772432744116e-05
4338	5.761831043661065e-05
12482	5.095066512218974e-05
13613	0.00010053635255764523
380	5.095066512218974e-05
6225	9.389946402472723e-05
3626	8.707951390919439e-05
4743	5.095066512218974e-05
14493	6.140233373357127e-05
2607	0.00031919597542957667
13852	8.342977130357972e-05
13690	0.0001881376763997517
7100	6.106836914100237e-05
13931	5.095066512218974e-05
4709	6.0604609478394346e-05
8335	5.7623324205712495e-05
5627	5.095066512218974e-05
10573	5.095880487005949e-05
10464	5.095879560771553e-05
11723	0.0001689000985203743
10753	6.930126313283295e-05
4144	5.095066512218974e-05
9076	7.774468017245229e-05
354	9.346624033248524e-05
9559	5.095066512218974e-05
3868	6.166827114229475e-05
6684	5.095066512218974e-05
8431	5.095066512218974e-05
5780	6.796020015294431e-05
1463	0.00024274138419941435
2553	5.095066512218974e-05
2929	7.104672146541382e-05
13157	5.095066512218974e-05
11142	5.0997827749471674e-05
5066	5.835652032522638e-05
2101	0.0003181921606983731
1633	8.668423502516178e-05
10791	9.575633618272831e-05
13776	5.8279717237057536e-05
5701	5.095066512218974e-05
6548	5.816302513271694e-05
7333	0.0001327858596876781
12736	5.8164872517719364e-05
7387	5.095066512218974e-05
1974	5.6709230934150216e-05
12258	5.095066512218974e-05
6871	5.095066512218974e-05
8911	7.476756738908978e-05
11489	5.095066512218974e-05
9459	6.546039116071856e-05
6791	5.095066512218974e-05
13521	5.095066512218974e-05
11953	5.095066512218974e-05
3030	7.681851866866553e-05
1452	5.337646072344807e-05
710	5.095066512218974e-05
12180	5.794684826491896e-05
8511	5.598548876716345e-05
11329	5.095888162481171e-05
11011	5.095066512218974e-05
12706	5.669932072561223e-05
8141	6.426963972618152e-05
8463	5.095066512218974e-05
5033	5.095066512218974e-05
10013	5.095066512218974e-05
10483	0.0001164505604172152
11840	5.881330434573377e-05
8509	5.721153370857705e-05
14494	9.697032111738895e-05
10372	0.00011834090291055838
13610	5.095066512218974e-05
8910	6.122961159796988e-05
9358	5.095066512218974e-05
9984	6.6987917503123e-05
1614	5.095885525364328e-05
2336	5.560016990901222e-05
2211	5.0967098127433684e-05
664	5.095066512218974e-05
8821	5.095066512218974e-05
9295	5.9137811400938904e-05
13506	7.277583564426206e-05
11527	0.0001491120666715118
7175	7.774468017245229e-05
2195	0.0001233371688573793
9453	5.095066512218974e-05
2774	5.095066512218974e-05
12358	5.671242171453358e-05
7969	5.095066512218974e-05
7288	6.144710621131856e-05
7857	5.095066512218974e-05
10263	5.095066512218974e-05
2048	5.1017352771481395e-05
8973	5.095066512218974e-05
5894	6.346742386633005e-05
5387	5.097003013350116e-05
7682	6.538079500204937e-05
867	5.203325158886702e-05
6255	6.0575004005222174e-05
9327	6.308342784682231e-05
11948	5.095066512218974e-05
11347	7.222828211009947e-05
6021	0.00015529734396055095
340	6.166827114229475e-05
7940	9.875126105639116e-05
13207	0.00014262939671085022
9402	6.882155832498675e-05
6457	7.482865469958313e-05
1823	5.0958874072879155e-05
6585	5.095066512218974e-05
12207	5.095066512218974e-05
4230	5.095066512218974e-05
12630	8.66760185225398e-05
817	5.095066512218974e-05
5217	5.095066512218974e-05
6095	5.09773305762762e-05
208	6.347711945380336e-05
1442	5.095887784710936e-05
12086	5.095066512218974e-05
11021	5.095066512218974e-05
7574	5.777556030188294e-05
12868	0.0001720152062113647
7735	5.095066512218974e-05
5990	0.0002096137882678936
8547	5.7813838000634566e-05
10834	5.095066512218974e-05
10654	5.095066512218974e-05
9465	9.39126577227348e-05
1064	5.095066512218974e-05
4525	5.095066512218974e-05
10801	0.00012236029885620748
10562	5.9882003472277255e-05
10558	5.095066512218974e-05
1721	0.00011428522386303765
4854	5.095066512218974e-05
12494	5.095066512218974e-05
12493	9.232805336630867e-05
3503	5.817986745793808e-05
11516	5.095066512218974e-05
9028	9.638163011275077e-05
708	5.095066512218974e-05
4422	5.106861549532105e-05
4207	6.096011532546868e-05
4800	0.00013837039135339876
11716	5.0983335770018136e-05
5680	6.243412588974635e-05
5132	5.54163342972335e-05
7101	5.8266629927221964e-05
3464	5.095066512218974e-05
12609	5.6713594543600696e-05
11008	5.095066512218974e-05
10825	5.095066512218974e-05
2274	0.00012857740258135486
2938	5.095066512218974e-05
5071	5.452320046222474e-05
3978	5.098834741702154e-05
10037	5.9882003472277255e-05
8589	8.82381078307339e-05
3716	0.0001150773845427357
11130	5.095066512218974e-05
11438	0.00010008059637449728
8226	0.0001067944495492811
3795	5.095066512218974e-05
10223	5.095066512218974e-05
873	0.00012240137192288987
1838	5.095066512218974e-05
3480	7.50579033578879e-05
10350	5.095066512218974e-05
3856	8.66760185225398e-05
10698	5.095066512218974e-05
4006	9.662078296789755e-05
6815	5.095066512218974e-05
3983	8.66760185225398e-05
1263	9.543441757945898e-05
2024	5.095066512218974e-05
12001	5.0967094348862695e-05
13538	5.095066512218974e-05
2779	0.00012475986972437244
13975	5.095066512218974e-05
10181	5.095066512218974e-05
889	5.0983472771625596e-05
11644	5.095066512218974e-05
9535	5.095066512218974e-05
37	8.191981277705285e-05
12783	0.00011207754427594283
11670	5.095066512218974e-05
4717	5.100398654517533e-05
8999	7.622866273176874e-05
4431	5.095887973552622e-05
12902	5.095066512218974e-05
11760	6.905700912415117e-05
12300	9.940296697459708e-05
8837	6.087561384230778e-05
3439	6.988580009119329e-05
2838	5.095066512218974e-05
3532	8.666780201991783e-05
9140	9.051179207239849e-05
7401	5.095066512218974e-05
3729	5.095066512218974e-05
2812	5.824329878304233e-05
12461	5.095066512218974e-05
3476	5.6764280576324734e-05
11705	6.307741161998612e-05
11415	5.095066512218974e-05
11532	5.757629930796639e-05
8295	5.095066512218974e-05
1402	5.095886653481608e-05
8546	6.212477428488107e-05
9637	5.095882905121175e-05
9066	0.00015177888120750097
9131	6.527992437583771e-05
7131	5.095066512218974e-05
2476	5.095066512218974e-05
3651	6.327198823056061e-05
5823	8.476855162888145e-05
4713	5.095066512218974e-05
11351	6.320776361851173e-05
7964	5.095066512218974e-05
5516	8.662674217302208e-05
21	5.095066512218974e-05
4798	5.095066512218974e-05
5724	8.66760185225398e-05
1532	6.285911625563976e-05
13104	5.095066512218974e-05
8441	9.049764244270907e-05
3758	0.00018536077717141026
13531	5.779765678751825e-05
1325	0.00011630171790725751
1824	0.00011695133880046942
14241	6.533700309461018e-05
1127	0.00015038197869341146
5010	0.00025623857826576063
12250	5.095066512218974e-05
2286	5.095066512218974e-05
13500	9.852629464909933e-05
13800	5.095066512218974e-05
1895	8.66760185225398e-05
2821	5.095066512218974e-05
8931	0.00011786503755594636
5360	5.095066512218974e-05
10262	5.095066512218974e-05
2495	5.095066512218974e-05
4760	8.665136901467389e-05
9433	5.095066512218974e-05
563	5.095066512218974e-05
11069	0.00014502866014377432
1589	7.95309478424698e-05
7872	5.095066512218974e-05
13960	8.137904930526904e-05
9153	5.095066512218974e-05
3714	5.690489068891475e-05
12887	0.00015144327572252938
715	5.095066512218974e-05
96	6.587827342995683e-05
4007	5.6252150850821454e-05
5295	0.00016446866439183183
6005	5.720666511958249e-05
700	5.095066512218974e-05
4949	5.816180198874026e-05
6975	5.095066512218974e-05
1336	5.095066512218974e-05
3567	5.095066512218974e-05
12598	0.00012790625961743704
3901	6.664966085603724e-05
13820	0.00021720517861827636
3357	5.095066512218974e-05
6532	5.783309629001638e-05
6376	5.095066512218974e-05
11634	5.6602699965958606e-05
1938	5.095066512218974e-05
2056	6.565774038089854e-05
2485	0.00012074311449461276
9305	5.816660460420689e-05
9545	7.383693141677182e-05
10614	9.773790643715474e-05
1294	5.095066512218974e-05
5214	0.00010103499267287528
3205	9.226656868258808e-05
5892	7.899246469062431e-05
2738	5.095066512218974e-05
9632	9.46599627463939e-05
9746	5.096524109295751e-05
2335	0.00010149491707999315
584	0.00010471763039590053
4419	5.0960884044787096e-05
6224	7.003985306378455e-05
8118	5.095066512218974e-05
7070	5.095066512218974e-05
1329	0.00011440771092124298
2452	8.010840591456806e-05
9528	0.00011972466990244773
10626	9.038385826967003e-05
407	6.427556624942143e-05
14363	5.096981520504665e-05
2885	9.343891680273092e-05
4026	5.095066512218974e-05
11037	0.00012238494647305064
1643	5.0970409757424946e-05
2757	5.095066512218974e-05
5398	8.07217929558148e-05
14172	5.095066512218974e-05
5594	5.095918277369295e-05
1972	9.68761326983353e-05
1219	0.000141217309469144
3969	7.476756738908978e-05
13251	9.543506791236755e-05
284	5.095066512218974e-05
3020	5.095066512218974e-05
5411	6.298485586306143e-05
723	9.497743508478025e-05
9885	0.0002698289083783198
5395	0.00023115564988447483
4158	6.354256432065261e-05
11309	5.095066512218974e-05
11795	5.9930236149263464e-05
11443	5.095066512218974e-05
1920	5.095066512218974e-05
6462	5.368416690034905e-05
13878	0.00013104267080941154
15	0.00015145444798428403
7443	5.095066512218974e-05
10116	0.00018358110559253812
2728	0.00010238332914875316
10607	5.095066512218974e-05
5669	5.095066512218974e-05
7097	5.81453788214302e-05
4427	5.095066512218974e-05
9245	8.66760185225398e-05
2304	5.095066512218974e-05
3852	5.095066512218974e-05
7271	5.095066512218974e-05
3391	9.941660075824325e-05
7483	5.095066512218974e-05
1467	0.00013219684796768522
1354	5.095066512218974e-05
2358	5.098042121491564e-05
561	8.986268768451959e-05
1755	5.095066512218974e-05
7404	7.037856092485852e-05
2772	5.095066512218974e-05
13271	5.095888162481171e-05
5756	5.095066512218974e-05
8616	5.095066512218974e-05
8655	8.66760185225398e-05
1359	5.095066512218974e-05
238	5.095066512218974e-05
11075	5.095066512218974e-05
10719	9.498264559933255e-05
10747	0.00011457108448156749
751	8.923846063862463e-05
3554	5.695199971913532e-05
12212	5.9882003472277255e-05
2347	6.439061916960824e-05
3668	0.00010972898486459468
5081	0.0001300695706913154
13205	5.095066512218974e-05
13428	0.0002753091073530778
5118	5.5549941697205443e-05
2537	0.00012438520184811295
4331	6.62210117234172e-05
4332	0.00011271554731017458
331	5.9855412156404656e-05
12888	6.127331038243688e-05
2219	8.66760185225398e-05
13684	5.6957311524947654e-05
4731	6.7001000774455e-05
2864	5.095066512218974e-05
6440	0.00015473414134961898
4313	8.542136968824766e-05
280	5.095066512218974e-05
7043	5.095066512218974e-05
3417	9.358577534173144e-05
7840	8.972667318909492e-05
4100	5.557413992541493e-05
3427	0.00010015164238457129
1396	6.665703044021363e-05
596	7.266140927862332e-05
9363	5.095066512218974e-05
4655	5.7813838000634566e-05
4272	5.095066512218974e-05
2260	5.298082645675809e-05
586	7.023918152936903e-05
9259	5.560707691330675e-05
2963	5.9882003472277255e-05
10298	6.622030558712486e-05
8014	0.00010086288817496283
4121	7.179782727663602e-05
11354	0.00010563391776596993
7871	5.686783400332365e-05
2604	0.00011363966261648302
3194	5.095066512218974e-05
1461	5.783611096706791e-05
4303	5.095066512218974e-05
8506	5.096161542208256e-05
13677	6.770161711905804e-05
1432	0.00010126263422459758
4342	5.095066512218974e-05
3061	9.248440694175647e-05
479	0.00011469082877816035
2279	5.821429126744043e-05
542	5.765499006444447e-05
11946	5.095066512218974e-05
425	5.09745342573364e-05
13189	6.805406286180377e-05
12642	7.139236183225486e-05
7812	5.095066512218974e-05
2157	5.095066512218974e-05
13726	0.0002103411786879336
1262	5.095066512218974e-05
3123	7.959099685947419e-05
3849	5.095066512218974e-05
11547	5.7726097219281056e-05
5162	5.095066512218974e-05
2128	6.103418597953457e-05
3577	5.097186615558642e-05
5573	5.095066512218974e-05
1624	6.881334182236477e-05
4693	5.095066512218974e-05
5673	5.989419642565621e-05
10663	5.095066512218974e-05
964	9.73832686079869e-05
12511	5.721153370857705e-05
727	5.095066512218974e-05
12272	9.155067024888892e-05
3692	8.66760185225398e-05
10983	6.850765235354641e-05
4176	6.622881681790416e-05
383	5.095066512218974e-05
9048	7.162029831857417e-05
10371	0.00014905060642848248
7343	5.095066512218974e-05
8276	5.095066512218974e-05
8270	6.309989035667344e-05
6755	5.095066512218974e-05
2374	0.00010541089506061724
343	5.8201469587108274e-05
14184	5.095066512218974e-05
8998	6.622514320978024e-05
2674	9.076332067233971e-05
3582	5.095066512218974e-05
6999	6.1289171455544e-05
2002	5.095066512218974e-05
3084	5.095066512218974e-05
6352	6.020696879830329e-05
5111	5.099169102182266e-05
2737	5.095066512218974e-05
12979	0.0001783375896978855
13019	5.095066512218974e-05
6380	0.00013364857007664395
5266	0.0002422696135463829
5783	0.00012194683860919187
10785	5.095066512218974e-05
9593	6.140694862929313e-05
3115	5.195197673955877e-05
1947	7.32055471883643e-05
4926	0.00010072231166343538
925	6.285911625563976e-05
2686	5.095066512218974e-05
6658	6.497273227963496e-05
2052	5.671242171453358e-05
10976	5.099177831987928e-05
1842	5.095066512218974e-05
14495	6.200005419996593e-05
11152	0.00010914474378633928
12785	7.23594285311684e-05
13364	6.015579551708532e-05
1886	5.095066512218974e-05
956	0.00012894393406711783
2525	5.095066512218974e-05
47	5.096463983136519e-05
3340	5.095066512218974e-05
4927	5.095066512218974e-05
5976	5.095066512218974e-05
13241	5.096709057202898e-05
7886	5.095066512218974e-05
10252	0.00023216613423840627
10270	5.095066512218974e-05
8882	5.096705417103353e-05
3339	5.095066512218974e-05
3171	5.7650146561633095e-05
11706	5.095066512218974e-05
8072	5.097159598276461e-05
49	5.483842416869842e-05
10720	5.693292491203649e-05
8472	5.096639527282425e-05
3833	5.814064736983021e-05
4344	5.095066512218974e-05
8347	5.096707171387761e-05
6307	6.169547059157391e-05
9850	6.068647926144315e-05
369	5.098414244991183e-05
4039	5.795419339199522e-05
8381	5.095066512218974e-05
6955	5.83203638524925e-05
11522	5.095066512218974e-05
3385	0.00015892010933026235
4127	6.881334182236477e-05
12097	6.429463906543878e-05
10117	5.095066512218974e-05
2058	0.00010451815963271342
12569	5.095066512218974e-05
501	5.098336567450127e-05
2291	5.095066512218974e-05
14153	5.095066512218974e-05
10997	6.38525432578369e-05
3962	9.589280296917429e-05
5737	5.095066512218974e-05
5458	5.095066512218974e-05
10005	7.78669379416381e-05
1078	9.3888378533067e-05
2859	5.095066512218974e-05
9056	5.7164899912228514e-05
2947	5.095888162481171e-05
6672	5.095066512218974e-05
6998	6.185148595526485e-05
6793	0.00011596677553555341
10833	8.66760185225398e-05
10937	6.492896620642905e-05
7880	5.095066512218974e-05
4343	5.095066512218974e-05
13362	9.858446965598983e-05
9670	5.095066512218974e-05
12811	5.095066512218974e-05
14496	5.9882003472277255e-05
14497	5.6725463002728886e-05
11416	5.095066512218974e-05
11122	7.199655908650738e-05
3679	8.340859272167481e-05
10717	6.069394332228522e-05
12727	5.095066512218974e-05
5572	5.103151534038735e-05
10680	5.095066512218974e-05
6393	5.095066512218974e-05
2637	0.00024816172878025224
13545	9.767687638037553e-05
415	5.863426448975583e-05
4782	5.095066512218974e-05
11704	7.650302523850554e-05
10156	9.198291768848816e-05
378	5.669932072561223e-05
8087	5.095066512218974e-05
6697	5.9547886264402115e-05
6556	7.194178561538333e-05
3351	5.095066512218974e-05
13383	0.0001318983683026131
5448	5.2273826359239736e-05
7083	5.095066512218974e-05
9707	5.095066512218974e-05
5895	5.095066512218974e-05
1406	5.095066512218974e-05
5622	5.096691901579856e-05
2910	6.37499343513995e-05
11803	6.000426124146306e-05
10054	5.095066512218974e-05
5992	5.095066512218974e-05
2701	0.00014209792176492512
635	0.00011087709267089528
14167	9.153644459887956e-05
3934	5.095066512218974e-05
5356	5.095066512218974e-05
1575	5.095066512218974e-05
7580	0.0001787048857861011
7914	0.00018419447772682218
12578	5.095888162481171e-05
7484	5.095066512218974e-05
4195	5.892647630712774e-05
7609	6.244192723509915e-05
5	5.095066512218974e-05
12860	5.095066512218974e-05
10168	5.095066512218974e-05
12791	0.00030600838450852786
14341	5.095066512218974e-05
9690	5.095066512218974e-05
2409	5.59329929264067e-05
7867	6.244982107899196e-05
371	5.950836729060665e-05
5859	5.095066512218974e-05
2867	5.095066512218974e-05
7624	5.095066512218974e-05
8963	5.810149249300686e-05
5241	6.536273631825198e-05
11423	0.00010531559565192941
12414	0.00011220215271183913
6439	9.646025650708845e-05
6212	0.00016390275825125432
11747	5.095066512218974e-05
6215	6.112208224770134e-05
5997	5.095066512218974e-05
839	5.095066512218974e-05
3120	5.095066512218974e-05
4287	5.095066512218974e-05
9184	0.00011381589549775542
3941	5.095066512218974e-05
6188	0.0001431798393071697
10898	0.00015108128794729737
4050	5.095066512218974e-05
6827	5.950836729060665e-05
3423	5.721153370857705e-05
5831	5.095066512218974e-05
5829	5.6054287036525464e-05
12357	7.795881738839315e-05
2626	5.095066512218974e-05
4372	9.648463681501257e-05
134	5.203325158886702e-05
4571	5.095066512218974e-05
9075	5.828357988634589e-05
6438	0.00011663968793865987
13875	6.000426124146306e-05
9838	5.095066512218974e-05
1783	5.095066512218974e-05
4686	5.0959585495913794e-05
4348	5.709960502162064e-05
10911	7.082821032181811e-05
1880	5.095066512218974e-05
8575	8.054880974257692e-05
6018	6.507102679096565e-05
3287	5.095066512218974e-05
8622	6.15008430103367e-05
3564	5.721153370857705e-05
11436	5.095066512218974e-05
3504	5.6024104741167777e-05
13276	5.095066512218974e-05
3435	5.8160029045392555e-05
7845	5.095066512218974e-05
12287	5.095066512218974e-05
791	6.773999044658018e-05
10297	5.095066512218974e-05
8294	7.602570183289198e-05
11668	5.095066512218974e-05
6432	5.816871376049521e-05
13412	6.187554027204921e-05
2574	0.00012242601009764873
14202	5.095066512218974e-05
10006	7.239386134536179e-05
7706	0.00010547449215720429
6807	5.816507986216313e-05
1270	5.095066512218974e-05
813	5.095066512218974e-05
39	5.8590391464606614e-05
2673	5.59329929264067e-05
11422	5.95757175826864e-05
8925	5.314966888262795e-05
6372	5.095066512218974e-05
4490	5.095066512218974e-05
8490	5.095066512218974e-05
12667	5.858324904722115e-05
12000	5.8217664653886496e-05
33	5.203325158886702e-05
10424	5.095066512218974e-05
11375	0.00012819646432157456
7512	6.966875934651345e-05
8457	0.00010718205897054135
11598	5.0970883326223664e-05
6308	5.095066512218974e-05
3291	6.200005419996593e-05
9692	5.095066512218974e-05
9939	5.816180198874026e-05
11053	5.816302513271694e-05
5653	0.0001642891623262814
5753	5.095066512218974e-05
10014	5.899988708287261e-05
8076	8.665138034778095e-05
9753	5.095066512218974e-05
5651	5.095885901058431e-05
11915	5.095066512218974e-05
6287	5.095066512218974e-05
14193	5.6309468132242246e-05
7535	5.927584579080948e-05
13263	5.095066512218974e-05
13993	6.117168144375157e-05
11978	5.816302513271694e-05
581	0.00012335430083760537
12156	5.369876922990897e-05
5420	5.095066512218974e-05
9857	5.095066512218974e-05
12956	6.548525384289899e-05
5666	5.095879560771553e-05
6221	0.00012941346788860074
10239	5.095066512218974e-05
6662	5.095066512218974e-05
4742	8.665959307270057e-05
14270	5.7956650770335507e-05
9631	5.1742020174210826e-05
6996	7.018779329354789e-05
11834	0.00011454347293136774
9824	5.742018974763212e-05
5288	5.6602699965958606e-05
14498	5.565406251253174e-05
5528	5.095066512218974e-05
10158	5.097141104528472e-05
2458	5.54163342972335e-05
9766	5.095066512218974e-05
6970	5.095066512218974e-05
11246	5.095066512218974e-05
2020	5.707481178179332e-05
6598	5.095066512218974e-05
11001	5.095066512218974e-05
5275	5.6953897346209e-05
2959	5.095066512218974e-05
6864	9.390470661007698e-05
2380	5.314966888262795e-05
6226	5.097186615558642e-05
4918	6.313161972030516e-05
13262	5.095879560771553e-05
5598	5.095066512218974e-05
2416	5.477838155794153e-05
1556	0.00012936863808635002
6074	5.095066512218974e-05
7300	8.66760185225398e-05
12230	6.144710621131856e-05
8480	5.095066512218974e-05
7261	5.095879560771553e-05
7517	5.095066512218974e-05
4833	0.0001699915951438548
8317	7.602174687175222e-05
9335	5.095066512218974e-05
11396	5.095066512218974e-05
12417	5.816302513271694e-05
14499	5.095888162481171e-05
13186	5.095066512218974e-05
12445	5.095066512218974e-05
588	5.095066512218974e-05
3549	8.254302488878748e-05
12636	5.6602699965958606e-05
5223	5.8596554809606574e-05
14239	5.669932072561223e-05
10010	5.095066512218974e-05
5761	9.98597538538691e-05
5692	5.095066512218974e-05
9012	5.095066512218974e-05
10441	5.095066512218974e-05
1830	5.095066512218974e-05
12693	5.9882003472277255e-05
2461	6.553314831447333e-05
9858	5.095066512218974e-05
6735	5.7209044494259894e-05
2608	5.095066512218974e-05
6905	6.147168028930572e-05
5833	7.476756738908978e-05
13938	5.425856821481474e-05
11471	5.816869678034485e-05
8070	5.095066512218974e-05
1386	8.86122380583197e-05
2451	5.095066512218974e-05
14195	0.00015812672532323997
3699	8.566188928729167e-05
2909	5.095066512218974e-05
12615	5.095066512218974e-05
8644	5.095066512218974e-05
6472	9.3888378533067e-05
13046	5.095066512218974e-05
1204	5.0970883326223664e-05
5936	5.097282078493772e-05
7685	6.577705252979474e-05
6835	7.980010516429854e-05
3972	5.794930306602167e-05
4128	7.509365353554211e-05
113	5.095066512218974e-05
2406	5.96716167026898e-05
9409	5.8195411489053234e-05
10810	5.095066512218974e-05
6468	5.798980728421642e-05
5565	5.959878126730982e-05
10355	5.095066512218974e-05
11563	5.095066512218974e-05
7974	6.436002528736778e-05
12375	5.671242171453358e-05
12457	5.8128284896561756e-05
5567	5.095888162481171e-05
7024	5.095066512218974e-05
11891	9.818272247716787e-05
6496	6.34718834727869e-05
9896	5.671242171453358e-05
5473	5.966310257949145e-05
7758	5.095066512218974e-05
8253	5.852551509344782e-05
13077	5.095066512218974e-05
14500	6.285911625563976e-05
10853	6.633311735557474e-05
8290	7.931279438487625e-05
4699	5.761831043661065e-05
8735	5.095066512218974e-05
13793	5.095066512218974e-05
12581	5.852227014528519e-05
234	6.664341750412415e-05
12714	5.28309468801029e-05
12973	5.095066512218974e-05
10623	5.095066512218974e-05
4154	5.095066512218974e-05
12614	0.00010453869522271484
8132	7.259243692051809e-05
4500	5.095066512218974e-05
14501	5.095066512218974e-05
4047	5.8451115847347855e-05
5479	0.00017012853248557058
14190	5.095066512218974e-05
7783	5.099854032933202e-05
10795	5.095066512218974e-05
8163	0.00010575409095426737
5822	5.095066512218974e-05
7349	5.095066512218974e-05
4728	6.370956876665295e-05
7737	5.8883150590143666e-05
2826	5.095886089034765e-05
8567	5.405726147973861e-05
7040	5.099016607230787e-05
13774	5.095066512218974e-05
4657	6.14151088287907e-05
939	0.00012075578058658581
1896	5.314966888262795e-05
7795	5.095066512218974e-05
2245	7.574910169731003e-05
14391	7.456199742578726e-05
6706	5.816302513271694e-05
5287	5.095066512218974e-05
2550	5.095066512218974e-05
12399	9.11403214385129e-05
12507	5.671242171453358e-05
4535	5.095066512218974e-05
6270	5.095066512218974e-05
6187	5.095066512218974e-05
11204	5.095066512218974e-05
8618	7.797869461552534e-05
6624	5.816302513271694e-05
10764	5.095066512218974e-05
4049	5.095066512218974e-05
9837	5.816049536771851e-05
9677	5.095066512218974e-05
1526	5.0970883326223664e-05
8261	5.095066512218974e-05
8954	5.095066512218974e-05
6753	5.097186615558642e-05
5776	5.095066512218974e-05
4785	7.774468017245229e-05
8383	5.095066512218974e-05
3835	5.095066512218974e-05
11581	6.881334182236477e-05
7984	9.745526099863764e-05
1997	5.095066512218974e-05
5707	6.464893850660366e-05
1104	0.0003024024250449493
10299	5.095066512218974e-05
6775	5.819466860721941e-05
4847	5.095066512218974e-05
14066	5.796329283314018e-05
5300	5.095066512218974e-05
8551	9.425086849379789e-05
13742	8.665958551729586e-05
14068	6.881334182236477e-05
7641	5.8792890316498553e-05
11009	5.792864293511238e-05
427	5.095066512218974e-05
11492	8.66678545935178e-05
10100	0.0003721360348114328
4263	5.704318352322221e-05
9315	5.095066512218974e-05
5024	5.59329929264067e-05
10598	5.095066512218974e-05
6889	5.8688905898920526e-05
3489	7.581422364209764e-05
8610	5.096981520504665e-05
8659	5.095066512218974e-05
6855	5.095066512218974e-05
4389	5.095066512218974e-05
90	5.0975308962199174e-05
3462	5.095066512218974e-05
6574	5.095066512218974e-05
7059	5.095066512218974e-05
2914	6.807139492452934e-05
10790	5.095066512218974e-05
2847	5.095066512218974e-05
13778	5.722214505088088e-05
7672	5.7157301512543165e-05
12308	5.095066512218974e-05
14289	8.625000306299129e-05
5772	5.095066512218974e-05
1711	9.689740560604016e-05
2182	6.554424055575482e-05
3578	5.095066512218974e-05
4181	6.132432577906973e-05
6947	0.00011319549367802156
11294	5.7339188641841434e-05
10679	5.899988708287261e-05
13666	5.095066512218974e-05
5845	5.095066512218974e-05
7741	0.00012240137192288987
9789	7.187055702852059e-05
70	5.095066512218974e-05
11063	7.612611694703944e-05
2569	6.285911625563976e-05
8601	0.00010109705481634052
13062	5.095066512218974e-05
2585	8.66760185225398e-05
1848	5.095066512218974e-05
13517	5.095066512218974e-05
4409	5.095066512218974e-05
5999	5.814827984195465e-05
81	5.095066512218974e-05
7789	8.66760185225398e-05
4439	6.285911625563976e-05
14502	5.095066512218974e-05
1160	5.7813838000634566e-05
568	5.788725008329024e-05
6873	5.777556030188294e-05
5837	5.095066512218974e-05
12184	5.816049536771851e-05
7759	6.615611369338665e-05
13289	5.314966888262795e-05
2822	8.066177707686571e-05
12946	5.095066512218974e-05
13977	6.070042244726292e-05
9592	6.141061107535516e-05
6140	6.906465632957146e-05
8604	6.000426124146306e-05
9139	9.642819243117187e-05
955	8.652203219570529e-05
7453	5.095066512218974e-05
13218	6.285911625563976e-05
9078	5.095066512218974e-05
1040	5.095066512218974e-05
6817	6.524080648232976e-05
11837	5.095066512218974e-05
2030	9.355376121560966e-05
2713	6.173402303333533e-05
13252	5.095066512218974e-05
2210	5.966478333733134e-05
10938	5.105555047504358e-05
7950	8.66760185225398e-05
3742	7.180180040612751e-05
14503	6.884610955031273e-05
4507	5.095066512218974e-05
13468	5.095066512218974e-05
1199	5.095066512218974e-05
59	8.715979559283961e-05
1130	5.095066512218974e-05
14504	5.114429143260242e-05
13799	5.925572525818748e-05
10112	6.755273139704363e-05
3114	8.66760185225398e-05
4415	9.513565149624233e-05
3725	5.6723707245526675e-05
2668	5.095885901058431e-05
5928	8.671289947925043e-05
2933	5.095066512218974e-05
3152	6.394372764919962e-05
2829	5.095066512218974e-05
2322	7.792350288012428e-05
1149	0.00011961117351852459
4546	0.00018691879214688227
13757	5.095066512218974e-05
6961	5.7209044494259894e-05
10967	5.095066512218974e-05
3733	5.095066512218974e-05
7608	5.095066512218974e-05
793	5.095066512218974e-05
7858	5.095066512218974e-05
7912	5.095066512218974e-05
3075	7.482630903473848e-05
1257	7.774468017245229e-05
3773	0.00010373284285150391
2594	5.095066512218974e-05
13366	6.484385811121476e-05
12765	6.0398643029480764e-05
6596	0.00017796037350359194
14505	5.09670679785629e-05
1037	5.095066512218974e-05
8356	5.9882003472277255e-05
3338	5.816946218256198e-05
6746	5.095066512218974e-05
12758	5.757954444677083e-05
5810	5.097609721741695e-05
668	5.095066512218974e-05
12342	0.0001533153805048265
13682	5.095066512218974e-05
5055	9.612399642983083e-05
9231	0.00010674423541146236
909	5.095066512218974e-05
6780	5.257454482220565e-05
13132	5.816302513271694e-05
8469	7.70004768089461e-05
1456	5.095066512218974e-05
8489	6.245855132319325e-05
4773	7.806468903401461e-05
5730	0.0001314499039242568
2066	5.176735734346505e-05
3890	5.095066512218974e-05
11640	5.095066512218974e-05
5390	6.122201067144359e-05
5533	5.095066512218974e-05
3302	5.095066512218974e-05
4658	0.00014660425025088753
3142	5.816302513271694e-05
4059	5.095066512218974e-05
3401	0.0002201531370806229
67	6.285911625563976e-05
4929	6.002124443743095e-05
8637	5.095066512218974e-05
8176	5.095066512218974e-05
5825	8.744647317744101e-05
2771	5.095066512218974e-05
10768	5.095066512218974e-05
6600	5.0970883326223664e-05
3539	5.560049124365103e-05
3295	7.476680831094409e-05
14249	5.095066512218974e-05
13312	5.095066512218974e-05
6040	5.1022566228372567e-05
2082	5.095066512218974e-05
1853	5.852227014528519e-05
3734	5.298051474720963e-05
4934	0.00018286790671799574
8323	5.7202210339943134e-05
8023	5.095066512218974e-05
5558	5.095066512218974e-05
8564	5.673465984425499e-05
1502	7.056348798598698e-05
6916	5.095066512218974e-05
1716	5.0958780831730934e-05
5550	6.610659356845014e-05
6892	5.095066512218974e-05
9539	5.095066512218974e-05
7607	0.0001340101539595935
10793	5.095066512218974e-05
276	5.095066512218974e-05
6088	6.218421725751698e-05
1759	6.0202012333839574e-05
5079	5.671242171453358e-05
13402	5.0958780831730934e-05
9945	5.095066512218974e-05
12922	5.095066512218974e-05
3927	5.095066512218974e-05
7718	5.891975918836808e-05
12361	5.095066512218974e-05
10035	6.275082910133466e-05
8000	5.095066512218974e-05
6202	0.00013898537136229546
6664	5.095066512218974e-05
10887	5.6907577441481176e-05
9036	5.095066512218974e-05
14348	7.959099685947419e-05
2833	5.095066512218974e-05
10676	5.095066512218974e-05
7048	5.721153370857705e-05
12197	5.095066512218974e-05
8417	5.095066512218974e-05
14506	5.669932072561223e-05
1871	5.095066512218974e-05
634	9.246418554090942e-05
4969	5.095066512218974e-05
3387	8.131380630451904e-05
6217	5.8128284896561756e-05
7061	5.095066512218974e-05
9003	5.682647583225499e-05
5884	5.095066512218974e-05
5834	5.095066512218974e-05
10732	8.510786641212318e-05
8409	5.095066512218974e-05
12638	7.52099982939305e-05
4698	5.095066512218974e-05
5442	5.669932072561223e-05
4466	6.496263641848126e-05
8117	5.797260521031197e-05
2649	6.122783912890601e-05
5654	6.860520747745234e-05
6114	5.095066512218974e-05
2581	0.0003370830137539958
7568	5.710010826702338e-05
2438	5.095066512218974e-05
13453	5.100008335646354e-05
8394	7.372574327014277e-05
13904	9.699273425860931e-05
3775	5.09698017516512e-05
2809	5.095066512218974e-05
41	5.741054848644709e-05
5484	0.0003070021622821342
5301	0.00011164899571331413
278	5.448553100731138e-05
2424	5.095066512218974e-05
4383	6.073171333632532e-05
1381	5.762921470177108e-05
7622	5.095066512218974e-05
13743	5.095066512218974e-05
1931	5.098029040726723e-05
9178	5.821429126744043e-05
5343	5.607925526606759e-05
430	5.095066512218974e-05
3201	5.0978627961340546e-05
5612	0.00010448296573009856
3620	5.2273826359239736e-05
2744	5.2273826359239736e-05
2207	5.095066512218974e-05
1038	5.096981520504665e-05
6535	5.095066512218974e-05
12046	6.881334182236477e-05
7973	7.22641390907052e-05
7368	5.890121233054842e-05
8825	7.987031833672434e-05
13353	5.095066512218974e-05
5876	5.697704750407578e-05
7396	8.674504521468529e-05
3050	5.095066512218974e-05
10279	5.095066512218974e-05
14507	5.669932072561223e-05
13518	5.095066512218974e-05
7786	5.095066512218974e-05
2248	5.095066512218974e-05
4696	5.095066512218974e-05
13738	0.00010188198714092798
10430	5.095066512218974e-05
4385	0.00011161332813857582
7876	5.095066512218974e-05
9467	6.55591484545779e-05
14508	5.095066512218974e-05
784	5.8983231998816806e-05
8046	6.140233373357127e-05
3526	6.102082144026497e-05
12751	5.097159598276461e-05
4323	5.095066512218974e-05
11776	8.134565757880776e-05
3569	7.052389119803368e-05
11857	5.565241277651268e-05
11325	5.095989171139437e-05
8098	5.095066512218974e-05
1774	5.095066512218974e-05
2446	5.095066512218974e-05
3600	6.0398643029480764e-05
5194	5.095066512218974e-05
2846	6.429463906543878e-05
8828	5.095066512218974e-05
12065	5.096981520504665e-05
6053	5.7965188316039186e-05
10672	5.095066512218974e-05
5792	5.257454482220565e-05
4435	5.821246453241383e-05
4666	9.69942357877546e-05
14017	5.095066512218974e-05
13166	5.095066512218974e-05
5471	5.095066512218974e-05
11526	5.095066512218974e-05
11350	0.00014057598093456138
14258	5.095066512218974e-05
5067	5.881330434573377e-05
6768	5.821337113975095e-05
7827	0.00011616714200280534
8329	5.369876922990897e-05
5920	6.0159025387399314e-05
8536	9.104129368697395e-05
4145	7.15665753295502e-05
10723	0.0007526456127823026
13958	9.912005036209766e-05
11099	5.095066512218974e-05
5854	6.141061107535516e-05
11119	6.881334182236477e-05
9506	5.095066512218974e-05
11627	5.095066512218974e-05
8144	5.095066512218974e-05
10609	8.023732176160748e-05
5195	6.145597880429295e-05
11026	5.095066512218974e-05
10229	5.095066512218974e-05
2292	5.095066512218974e-05
7686	5.515240045626617e-05
650	6.180162924106146e-05
2597	0.00012719823161795948
5500	5.095066512218974e-05
11271	5.095066512218974e-05
12463	9.516300590439473e-05
11969	5.095066512218974e-05
12141	5.095066512218974e-05
5091	5.095066512218974e-05
6503	6.173402303333533e-05
138	5.095066512218974e-05
7239	0.00010145551527558787
12009	5.095066512218974e-05
12245	5.815907017157719e-05
2046	5.095066512218974e-05
8414	6.0202012333839574e-05
6803	5.095066512218974e-05
4988	5.0958780831730934e-05
14509	5.722467806773302e-05
10653	5.095066512218974e-05
4027	6.141061107535516e-05
5798	5.095879560771553e-05
6830	5.906899081863425e-05
11259	5.095066512218974e-05
639	5.095066512218974e-05
6492	5.0987812620219235e-05
1170	6.014455351759631e-05
11861	5.095066512218974e-05
10431	5.888963254448975e-05
880	5.095066512218974e-05
14510	5.816302513271694e-05
1524	5.095066512218974e-05
8782	7.543580922323676e-05
2710	9.437995876584078e-05
14511	6.413212835098722e-05
4008	5.0958840260267624e-05
4094	5.095066512218974e-05
6458	6.323190681089748e-05
11322	5.761831043661065e-05
4130	5.095066512218974e-05
7921	5.095066512218974e-05
6703	5.095066512218974e-05
4594	5.095066512218974e-05
8040	6.275082910133466e-05
3278	5.095066512218974e-05
2290	5.095066512218974e-05
7522	5.888954271132949e-05
8111	6.043507911194338e-05
4133	5.095066512218974e-05
10244	5.095066512218974e-05
1760	6.429463906543878e-05
5939	5.095066512218974e-05
8422	0.00013620892204705602
12423	5.797606118859372e-05
8934	6.1455027986379e-05
13133	6.051995621156922e-05
10425	5.675809916497307e-05
7213	5.095066512218974e-05
11428	5.095066512218974e-05
8116	6.12686557164811e-05
6683	5.095066512218974e-05
3290	5.095066512218974e-05
5849	5.097186615558642e-05
12072	5.0983472771625596e-05
7176	5.095066512218974e-05
4252	5.095066512218974e-05
2540	6.144460390698379e-05
9665	5.0958862770973665e-05
11679	5.095066512218974e-05
14512	5.095066512218974e-05
7956	5.095066512218974e-05
13635	5.095066512218974e-05
10009	9.859429053691019e-05
7004	6.109167131038336e-05
11958	5.816302513271694e-05
3012	5.095957122657739e-05
13286	5.9882003472277255e-05
4889	5.226870312640746e-05
5052	5.918353245450182e-05
3784	5.095882905121175e-05
14372	5.0964608060018104e-05
7377	6.984662093677179e-05
3601	0.0001000153392538924
8858	5.095066512218974e-05
9172	5.314966888262795e-05
3867	5.095066512218974e-05
8820	5.095066512218974e-05
6425	6.429463906543878e-05
1654	5.095066512218974e-05
9385	5.098342598547772e-05
5314	5.095066512218974e-05
13811	5.9771864478435634e-05
2966	9.113498943473419e-05
13245	0.00010351842608714112
2089	6.784144405985672e-05
6469	5.095066512218974e-05
10319	9.367465646637174e-05
2828	6.0143460030516566e-05
13984	6.000426124146306e-05
4786	5.095066512218974e-05
11667	5.095066512218974e-05
1545	5.095066512218974e-05
6853	5.095066512218974e-05
6474	6.815544175525095e-05
8455	5.892897347494816e-05
4901	6.0206983888298924e-05
1371	6.579363031603751e-05
9411	5.095066512218974e-05
10586	6.759485706343826e-05
6857	5.598548876716345e-05
7242	5.986796554506441e-05
10171	5.095927191281018e-05
1893	5.095066512218974e-05
1709	5.095066512218974e-05
2081	5.095066512218974e-05
1117	5.8531841081135294e-05
3818	5.095886465246294e-05
4886	6.0202012333839574e-05
7684	5.095066512218974e-05
7169	5.095066512218974e-05
5329	5.095066512218974e-05
14513	5.669932072561223e-05
7766	5.816302513271694e-05
6773	5.7956650770335507e-05
6031	6.286346596980076e-05
12471	5.369876922990897e-05
3686	5.095066512218974e-05
11040	5.095066512218974e-05
8453	5.095066512218974e-05
2256	6.0206983888298924e-05
10179	5.0959585495913794e-05
10968	8.663906126040152e-05
12460	5.095066512218974e-05
13310	5.563478278282184e-05
14514	9.244028315557591e-05
9171	6.147168028930572e-05
4366	9.443631284528252e-05
6523	5.095879560771553e-05
12893	0.00010360400207121406
9536	5.095066512218974e-05
11231	5.095066512218974e-05
11349	8.37176037015764e-05
785	5.095066512218974e-05
7446	5.8128284896561756e-05
11033	5.707087320237212e-05
10922	0.00017553763596320552
9344	5.095066512218974e-05
11636	5.675809916497307e-05
12395	6.983831072525415e-05
5307	6.12686557164811e-05
4948	8.610297970235404e-05
8478	6.000426124146306e-05
8096	6.266736572135651e-05
1599	5.095066512218974e-05
14515	5.6728899399132715e-05
2253	5.095066512218974e-05
10329	5.095066512218974e-05
5489	5.095066512218974e-05
10134	5.095066512218974e-05
13746	0.00012963950395066453
12171	0.0001414454464588355
3866	5.096708679693134e-05
1212	6.850682389451911e-05
13220	5.095066512218974e-05
1758	5.640348222013791e-05
6861	5.095066512218974e-05
1412	5.71056233936868e-05
9106	5.781278328105987e-05
6551	5.958090503490855e-05
2675	0.00012458771039967838
410	5.095066512218974e-05
14097	5.816866693155916e-05
11093	5.095066512218974e-05
9980	6.682842030046924e-05
14071	5.794930306602167e-05
6266	5.095066512218974e-05
10195	5.095066512218974e-05
2310	5.095066512218974e-05
13974	5.7209044494259894e-05
5127	5.095066512218974e-05
9666	5.095066512218974e-05
781	5.9882003472277255e-05
13818	6.240681574642715e-05
764	7.450584318835462e-05
8426	5.095066512218974e-05
7193	0.00017626793059045482
11103	0.00018132857123856662
9701	0.00022453469660687475
3556	5.836311781488479e-05
4036	6.353363784341226e-05
9086	6.000426124146306e-05
13827	5.0959386280621616e-05
8286	6.256553320775639e-05
6066	5.095888162481171e-05
1579	5.845728492781474e-05
9332	5.59329929264067e-05
9194	5.814064736983021e-05
9726	5.8329971500020794e-05
2782	5.095066512218974e-05
3880	5.773001879875964e-05
4950	0.0003146758872190186
7694	8.123494423517593e-05
1669	9.764319122912799e-05
840	5.095066512218974e-05
11400	0.00016338952561381756
14131	5.448553100731138e-05
8665	5.095066512218974e-05
2880	5.095066512218974e-05
3224	5.095066512218974e-05
8376	5.816302513271694e-05
1102	5.095066512218974e-05
6089	5.816302513271694e-05
1433	5.095066512218974e-05
14001	5.095066512218974e-05
1419	5.095066512218974e-05
3830	5.095066512218974e-05
7165	9.442979131388956e-05
10684	5.095066512218974e-05
1686	5.095066512218974e-05
10211	6.416978651549171e-05
13411	0.00016603391894303088
965	6.469251469453913e-05
13226	6.882153007663943e-05
10979	5.095066512218974e-05
11392	6.0889107150454165e-05
9476	5.7956650770335507e-05
14210	8.651361992301811e-05
9160	6.882154888723965e-05
13647	5.095066512218974e-05
11036	5.095066512218974e-05
10222	5.095066512218974e-05
7485	5.095066512218974e-05
7226	7.476756738908978e-05
13326	5.095066512218974e-05
2303	5.095066512218974e-05
6032	0.00010171479743027139
5919	6.0159025387399314e-05
11189	5.237967925820374e-05
8371	5.095066512218974e-05
12354	7.165723036386777e-05
1544	5.095066512218974e-05
10513	5.095066512218974e-05
173	5.697053103732781e-05
8333	5.9882003472277255e-05
14516	5.669932072561223e-05
3907	5.095066512218974e-05
3437	5.095886465246294e-05
6454	5.817313469592233e-05
3820	5.095066512218974e-05
9309	5.777316644177081e-05
1505	5.314966888262795e-05
3599	6.285911625563976e-05
6054	5.0958840260267624e-05
4611	7.042658553470748e-05
1702	5.095066512218974e-05
3903	5.096709057202898e-05
1567	5.095066512218974e-05
14517	5.095066512218974e-05
1723	5.095066512218974e-05
11714	5.095066512218974e-05
3712	5.095066512218974e-05
1504	5.095066512218974e-05
1749	6.351637692462083e-05
7026	9.388715538909033e-05
4083	0.0004360948415995657
1684	5.095066512218974e-05
4258	5.6388046953541535e-05
952	5.095066512218974e-05
4664	5.6898505945414534e-05
7698	6.0202012333839574e-05
5953	6.0202012333839574e-05
6377	0.00010073360549419241
11477	5.095886089034765e-05
5799	7.896134561834446e-05
10594	0.00010206340786154365
8749	5.095066512218974e-05
10974	6.816961905649323e-05
14518	6.533700309461018e-05
227	9.231011352356074e-05
582	7.766220344934766e-05
3621	5.095066512218974e-05
5333	8.13707128259714e-05
1584	6.906377213663282e-05
2609	0.00012878097380260151
4876	5.095066512218974e-05
7965	8.822879740410737e-05
1173	0.00010498160970669602
9110	0.0001239107652765155
4540	0.00010056816323520289
6545	5.095066512218974e-05
3792	5.095066512218974e-05
241	5.675606218354803e-05
2063	5.7718513561898986e-05
12337	6.375193882884628e-05
488	5.095066512218974e-05
13113	8.834789990413146e-05
2231	5.095066512218974e-05
12061	5.096861346141805e-05
2408	6.181164697360095e-05
7631	6.75707388775204e-05
9077	5.095066512218974e-05
10575	0.0002654059538716499
13472	6.0986864253227003e-05
4358	5.095882345820261e-05
5129	5.0958780831730934e-05
1577	5.095066512218974e-05
3510	6.0933828287111276e-05
11297	5.4359948548671926e-05
11603	5.096981520504665e-05
5960	5.095066512218974e-05
6954	5.095066512218974e-05
5722	5.095066512218974e-05
13278	5.363763722350306e-05
5671	6.424492522763697e-05
13435	5.095888162481171e-05
4787	5.095066512218974e-05
4687	0.00011630583088495388
3398	5.4920148833339746e-05
5022	5.095066512218974e-05
6335	6.0202012333839574e-05
1855	5.095066512218974e-05
4339	5.095066512218974e-05
13182	5.095066512218974e-05
7527	7.462656698213901e-05
9442	0.00016208933897160044
10580	5.095066512218974e-05
224	5.095066512218974e-05
8092	5.8983231998816806e-05
6852	5.816180198874026e-05
829	5.095066512218974e-05
3441	0.00012225351334330163
11065	6.881334182236477e-05
2899	0.00016712578412073444
11887	5.1070363773664156e-05
9587	5.095066512218974e-05
12964	8.66760185225398e-05
13084	9.395399767125382e-05
8220	5.095066512218974e-05
10362	5.095066512218974e-05
6198	6.881334182236477e-05
3935	5.095066512218974e-05
1536	5.794930306602167e-05
5096	7.476756738908978e-05
12949	5.095066512218974e-05
1856	8.66760185225398e-05
5087	5.816507986216313e-05
2562	5.095066512218974e-05
441	0.00017657096817439046
6726	7.774468017245229e-05
1819	5.095066512218974e-05
3871	6.0941631683270556e-05
7878	5.095066512218974e-05
5682	5.095066512218974e-05
14519	6.43394597000387e-05
800	5.095066512218974e-05
7709	5.669932072561223e-05
7465	5.816302513271694e-05
4681	5.095066512218974e-05
3619	5.816180198874026e-05
9233	7.482865469958313e-05
413	5.095066512218974e-05
10085	6.100500281701381e-05
3708	5.769973730143763e-05
12520	5.816302513271694e-05
820	6.255952994676617e-05
13336	5.095066512218974e-05
13356	0.00020686057493272345
6328	6.0202012333839574e-05
6046	5.095066512218974e-05
854	5.095066512218974e-05
310	5.0967098127433684e-05
6978	5.095066512218974e-05
2834	5.095066512218974e-05
8761	5.809573580225975e-05
14520	0.00012886896692421493
6179	5.2736932792207236e-05
4570	9.686950044387565e-05
11170	9.032063829064515e-05
2247	5.095066512218974e-05
4243	5.0982291726259056e-05
6429	5.794930306602167e-05
3506	0.00011651311276213494
14521	5.669932072561223e-05
705	5.732918388841743e-05
518	5.095066512218974e-05
7371	5.38469759916848e-05
1107	6.071638972057241e-05
8774	5.095066512218974e-05
11967	5.54163342972335e-05
8600	7.483630885621746e-05
2759	5.095066512218974e-05
5177	5.900565707923825e-05
5729	5.095066512218974e-05
12102	5.095066512218974e-05
13762	5.095066512218974e-05
9187	5.095066512218974e-05
129	8.087638230672018e-05
4887	5.095066512218974e-05
3688	5.764427787126965e-05
2319	9.634878456778766e-05
8481	5.816302513271694e-05
3610	5.095066512218974e-05
984	5.095066512218974e-05
8646	0.00011182071851360567
2819	5.095066512218974e-05
3248	5.095066512218974e-05
11542	6.029810949891472e-05
10987	5.095066512218974e-05
10878	5.095066512218974e-05
7200	5.54451725213356e-05
10870	5.643016984708003e-05
13638	8.282108820113536e-05
2533	5.095066512218974e-05
10468	5.095066512218974e-05
6405	7.90000450869364e-05
3799	0.00012862539121949977
625	5.095066512218974e-05
11663	6.964295283989281e-05
13340	5.8694366817153886e-05
4939	6.287257509348345e-05
9213	5.095066512218974e-05
8177	7.798222987811183e-05
4995	6.944378923531212e-05
14186	7.278640160877811e-05
12322	5.098349338168925e-05
3625	6.882145753190597e-05
7130	5.095066512218974e-05
11414	5.095066512218974e-05
10048	5.095066512218974e-05
5310	5.095066512218974e-05
2792	5.095066512218974e-05
10577	5.095066512218974e-05
8289	5.095066512218974e-05
10057	0.00010109579460987532
616	5.095066512218974e-05
3760	5.095066512218974e-05
168	8.053670856225148e-05
11023	5.095066512218974e-05
3098	5.095066512218974e-05
6379	5.095066512218974e-05
2129	5.095066512218974e-05
1528	5.950836729060665e-05
11250	5.095066512218974e-05
7211	5.095066512218974e-05
12129	0.00013063423925520194
6045	6.146418775498236e-05
3150	5.665411311332683e-05
9658	5.271488010492307e-05
1253	5.9882003472277255e-05
8504	6.94600062454714e-05
5379	6.462678794280962e-05
13548	5.095066512218974e-05
9765	5.095066512218974e-05
13833	5.095066512218974e-05
3477	5.095066512218974e-05
11881	5.095066512218974e-05
4636	5.095066512218974e-05
4003	6.17028882655729e-05
5596	0.00010554946774341015
13463	5.8748549628164115e-05
3192	9.675260957373553e-05
11864	0.00010803925342533573
3647	5.095066512218974e-05
12480	6.000426124146306e-05
1831	5.709960502162064e-05
7861	5.095066512218974e-05
3132	8.663083814918916e-05
13770	5.095066512218974e-05
623	5.095066512218974e-05
7260	5.096981520504665e-05
7908	5.781143071446184e-05
7554	5.095066512218974e-05
6985	5.8128284896561756e-05
14381	5.669932072561223e-05
13599	5.095066512218974e-05
538	5.816302513271694e-05
7539	5.095066512218974e-05
13581	5.095066512218974e-05
10631	8.666780201991783e-05
519	5.095066512218974e-05
2307	5.314966888262795e-05
5381	5.095066512218974e-05
4813	5.9882003472277255e-05
14147	5.671242171453358e-05
8095	5.095066512218974e-05
9471	0.00016271088984410432
4776	5.095066512218974e-05
8467	0.00011947935534267952
2069	7.768495048109941e-05
10094	5.591251976112725e-05
4975	5.095066512218974e-05
8210	5.891975918836808e-05
12532	5.369876922990897e-05
10165	7.01810505216687e-05
7507	6.823775012846877e-05
6888	5.095066512218974e-05
8627	7.363998742815572e-05
6707	5.095066512218974e-05
1989	5.095066512218974e-05
8164	5.816302513271694e-05
701	5.095066512218974e-05
1869	0.00023008880552032707
7528	5.761831043661065e-05
8285	5.9462671427604285e-05
8341	5.095066512218974e-05
8798	5.095066512218974e-05
118	5.095066512218974e-05
3632	5.095066512218974e-05
6511	5.095885901058431e-05
2763	5.095066512218974e-05
6475	0.00011537913503223212
8669	5.096692239336168e-05
12161	5.095066512218974e-05
4533	5.095066512218974e-05
10686	8.072107556253541e-05
786	5.095066512218974e-05
12925	9.395572577434258e-05
4227	0.00015395319976451756
5593	5.095066512218974e-05
9069	5.0958840260267624e-05
10516	5.095066512218974e-05
11849	6.461350044216656e-05
13670	5.095066512218974e-05
4307	5.095066512218974e-05
5995	5.095066512218974e-05
10042	5.816180198874026e-05
3731	0.00013679624459438024
9314	5.095066512218974e-05
14257	5.095066512218974e-05
1033	8.66760185225398e-05
4308	5.095066512218974e-05
10068	5.0959386280621616e-05
8274	6.266736572135651e-05
2123	0.00015062869074601847
14204	5.095066512218974e-05
7576	5.095066512218974e-05
4561	5.095066512218974e-05
11252	5.095066512218974e-05
2587	5.095066512218974e-05
9425	5.095066512218974e-05
8075	6.185148595526485e-05
8281	5.095066512218974e-05
2077	5.095886465246294e-05
14522	7.000418693570978e-05
8035	5.095066512218974e-05
420	5.675809916497307e-05
808	6.221604121509956e-05
5827	5.767342803550598e-05
1063	9.821072770480674e-05
2612	5.095066512218974e-05
4376	9.368200417068558e-05
7978	5.78208986820567e-05
2538	5.757954444677083e-05
1140	5.095066512218974e-05
2992	5.095066512218974e-05
6497	5.095066512218974e-05
9191	6.221604121509956e-05
3497	8.666780201991783e-05
3485	5.095066512218974e-05
1146	5.206708241595068e-05
12275	5.095066512218974e-05
2152	8.590396403162556e-05
837	5.314966888262795e-05
4992	7.752752701665263e-05
2087	6.81753705331046e-05
14122	5.095066512218974e-05
6559	5.095066512218974e-05
14237	5.794930306602167e-05
6870	5.095066512218974e-05
7687	5.095066512218974e-05
11533	0.0003699036563031533
666	5.095066512218974e-05
14523	9.838353491935416e-05
1750	6.288494489574406e-05
2643	5.095066512218974e-05
4914	6.925486248379831e-05
8271	5.816049536771851e-05
8592	5.6602699965958606e-05
8084	5.095066512218974e-05
7533	5.095066512218974e-05
11745	5.095066512218974e-05
1510	8.66760185225398e-05
7430	5.095066512218974e-05
7009	5.095066512218974e-05
9260	5.095066512218974e-05
7625	0.0006235613827200308
8209	5.671242171453358e-05
9688	5.095066512218974e-05
7449	5.095066512218974e-05
10200	5.095066512218974e-05
6116	5.095066512218974e-05
2817	5.095066512218974e-05
6055	5.095066512218974e-05
1022	5.6752961580008443e-05
10739	5.59329929264067e-05
7605	5.095066512218974e-05
10343	5.095066512218974e-05
13967	5.095066512218974e-05
14524	6.881334182236477e-05
5967	5.819280812852219e-05
12903	5.095066512218974e-05
8657	5.095066512218974e-05
35	5.979816111044579e-05
920	6.735335796304265e-05
6538	5.095066512218974e-05
4447	5.095066512218974e-05
4138	6.794900565131935e-05
1946	6.524080648232976e-05
1235	5.095066512218974e-05
5904	5.095066512218974e-05
12253	5.794930306602167e-05
8773	5.095066512218974e-05
4756	6.329474286996787e-05
4759	5.5134358443834975e-05
9380	5.095066512218974e-05
6092	5.095066512218974e-05
2845	6.881334182236477e-05
4874	5.095066512218974e-05
5808	5.095886089034765e-05
1710	5.095066512218974e-05
2099	5.8324040090175936e-05
3280	5.869789627679204e-05
1201	5.095066512218974e-05
13629	8.418851444505615e-05
2114	0.0001117278960164836
12036	5.536296767492911e-05
6994	5.095066512218974e-05
9496	5.095066512218974e-05
8949	8.66760185225398e-05
5419	5.095066512218974e-05
4479	5.095066512218974e-05
1940	5.095888162481171e-05
5269	9.523544389563353e-05
3015	5.095066512218974e-05
1568	5.095066512218974e-05
3859	5.095066512218974e-05
1079	5.096708679693134e-05
7282	5.095066512218974e-05
11270	5.67104053498884e-05
6410	5.812583531010185e-05
12145	5.9272925699378884e-05
9318	5.828079167509362e-05
6355	5.095066512218974e-05
12980	5.095066512218974e-05
8983	5.095066512218974e-05
11084	5.095066512218974e-05
1881	8.66760185225398e-05
3571	5.095066512218974e-05
1764	5.095066512218974e-05
6505	5.095066512218974e-05
11217	5.095066512218974e-05
3349	5.095066512218974e-05
6330	5.095066512218974e-05
12705	5.095066512218974e-05
3524	5.095066512218974e-05
742	8.101909224393633e-05
7928	6.819058283852164e-05
3748	5.095066512218974e-05
10462	5.095066512218974e-05
361	5.095066512218974e-05
4279	8.665137468253036e-05
13268	5.095066512218974e-05
11693	7.417337880395895e-05
14287	9.67321029128863e-05
13560	5.858324904722115e-05
10205	5.095066512218974e-05
3694	5.095066512218974e-05
7748	0.00011161738513366484
4721	8.658578226825649e-05
4614	5.102327296907884e-05
2175	5.095066512218974e-05
8907	5.095066512218974e-05
3450	6.881334182236477e-05
7482	5.095066512218974e-05
10161	7.238587716239978e-05
2691	5.095066512218974e-05
11912	5.096981520504665e-05
9502	0.0001173999019249844
4122	5.095066512218974e-05
11618	5.095066512218974e-05
12934	6.249088517840413e-05
1	0.00013572165858319346
4872	5.095066512218974e-05
11648	5.0961602849981654e-05
2724	5.095066512218974e-05
13204	5.095066512218974e-05
4402	5.9796002165794096e-05
1690	0.0001091797802574192
13446	5.095066512218974e-05
223	5.095066512218974e-05
13694	7.885905288098286e-05
1966	5.095066512218974e-05
9497	5.095066512218974e-05
8280	5.8177244376946246e-05
6785	5.81638844426835e-05
87	0.00011530337438910906
6341	6.49479410098536e-05
6914	5.095066512218974e-05
2151	5.095066512218974e-05
6859	5.095887030211632e-05
7529	0.0001996942754305971
2163	5.095066512218974e-05
2883	8.66760185225398e-05
6942	6.563695302105009e-05
11304	8.538458687313836e-05
13834	5.095066512218974e-05
8556	5.095066512218974e-05
5872	6.622030558712486e-05
2013	0.0001107807178148372
2664	5.095066512218974e-05
5144	5.095066512218974e-05
4965	0.0001089700385330534
503	8.081765342167826e-05
11203	5.095066512218974e-05
333	5.095066512218974e-05
1859	0.00018823065421321816
4522	5.7956650770335507e-05
12737	0.00010226357132822672
14277	6.156936674360015e-05
5897	5.095066512218974e-05
5353	9.464511258871815e-05
3404	5.095066512218974e-05
2925	5.095066512218974e-05
1044	5.095066512218974e-05
12961	0.00015184314657160972
12525	5.095066512218974e-05
10060	8.66760185225398e-05
1053	0.00011512978586289946
11342	5.095066512218974e-05
8435	6.176228523019041e-05
2646	5.095066512218974e-05
10644	6.313161972030516e-05
516	0.00010384940675744138
9767	5.095066512218974e-05
4394	5.452320046222474e-05
8789	5.176735734346505e-05
4458	6.285364110569334e-05
11102	9.96494781186438e-05
5125	5.095066512218974e-05
11820	5.098609072052723e-05
13763	6.881334182236477e-05
7508	5.095066512218974e-05
3416	0.00011051403222942005
11751	5.097872603295236e-05
13090	5.763673023393048e-05
14525	5.598548876716345e-05
10765	5.095066512218974e-05
7511	5.7209044494259894e-05
12869	5.095066512218974e-05
4704	6.224662139838022e-05
13374	5.095066512218974e-05
3328	7.758823887672571e-05
3657	5.095066512218974e-05
13698	6.4554122412404e-05
3682	5.095066512218974e-05
8346	5.095066512218974e-05
9023	0.00011787751591378085
3257	0.0003228269647195344
11030	5.28309468801029e-05
4933	5.095066512218974e-05
2426	8.66760185225398e-05
7060	5.095066512218974e-05
14019	9.595819446191836e-05
3986	0.00014304316208857697
13630	5.095066512218974e-05
2765	7.476756738908978e-05
2122	5.095066512218974e-05
13843	5.095066512218974e-05
2868	5.095882905121175e-05
11401	5.095066512218974e-05
6517	0.00016694317278813874
8647	5.095066512218974e-05
150	0.0001237612518059792
7549	6.285911625563976e-05
12558	6.935299984821363e-05
9652	7.295628363373534e-05
1566	5.096459208840461e-05
396	5.203325158886702e-05
4169	5.809573580225975e-05
1182	5.095066512218974e-05
4231	5.095066512218974e-05
2351	0.00010060566238978925
13806	5.103882608576704e-05
11825	5.9897776137701566e-05
6490	5.7813838000634566e-05
4523	6.680713679949634e-05
4180	7.00018583309543e-05
3380	5.095066512218974e-05
3127	5.095066512218974e-05
9298	6.881334182236477e-05
6547	6.945335954548941e-05
2617	0.00017317176082511733
10182	5.612259009708217e-05
12196	5.095066512218974e-05
9024	6.126410333930325e-05
3660	0.00012990301312835518
527	5.095927191281018e-05
13354	5.095066512218974e-05
8451	5.8998599963453206e-05
3038	5.095066512218974e-05
362	5.095066512218974e-05
3665	5.095066512218974e-05
12220	5.7202210339943134e-05
10995	5.095066512218974e-05
5083	5.095066512218974e-05
8197	5.816866693155916e-05
1518	5.095066512218974e-05
7339	8.66760185225398e-05
11505	5.095066512218974e-05
4109	8.66760185225398e-05
3650	5.095066512218974e-05
647	5.095066512218974e-05
13994	5.095066512218974e-05
7925	9.844606100190295e-05
2339	8.078029823982918e-05
3014	5.095066512218974e-05
12405	5.7889966362821816e-05
11587	5.095066512218974e-05
14085	5.095066512218974e-05
9054	6.881334182236477e-05
9715	5.095066512218974e-05
2001	5.095066512218974e-05
7714	5.095066512218974e-05
2944	5.095066512218974e-05
8752	5.095066512218974e-05
1754	5.095066512218974e-05
13520	8.66760185225398e-05
1264	0.00015311505241154039
13236	5.8810140911684056e-05
8029	5.095066512218974e-05
6310	6.29022120908415e-05
9718	5.097861891553681e-05
676	5.095887784710936e-05
1267	5.095066512218974e-05
1109	5.095066512218974e-05
9992	8.215162337880594e-05
13360	5.095066512218974e-05
11596	5.888954271132949e-05
12803	5.095066512218974e-05
9176	6.316759259317053e-05
12035	5.095066512218974e-05
2935	5.78208986820567e-05
12404	5.7956650770335507e-05
9392	5.095066512218974e-05
11809	6.788445972360858e-05
269	5.095066512218974e-05
1260	5.095066512218974e-05
6269	6.334791077649662e-05
4685	5.095066512218974e-05
1094	5.095066512218974e-05
9004	5.095066512218974e-05
3747	5.801180427612005e-05
1688	0.00013127128663793108
767	5.095066512218974e-05
3803	5.6900957226690166e-05
2684	5.095066512218974e-05
13089	8.66760185225398e-05
12170	5.095882905121175e-05
6083	5.675809916497307e-05
13758	5.54163342972335e-05
7084	7.797995731361643e-05
8020	5.825919400832426e-05
13917	5.794930306602167e-05
8732	5.095066512218974e-05
4421	8.66760185225398e-05
4807	5.0958780831730934e-05
11619	5.253838797852065e-05
11977	6.287407497807953e-05
5900	5.095066512218974e-05
10192	8.66760185225398e-05
9161	6.882198082679246e-05
2667	5.095066512218974e-05
2879	9.336125414536894e-05
4034	5.096464521671411e-05
10062	5.095066512218974e-05
3182	5.095066512218974e-05
3029	5.095066512218974e-05
12138	5.918353245450182e-05
1795	5.095066512218974e-05
12314	5.095066512218974e-05
10369	5.095066512218974e-05
2542	5.6427580016183276e-05
14104	5.816507986216313e-05
13567	5.095066512218974e-05
1639	5.095066512218974e-05
1563	5.095066512218974e-05
6666	5.598548876716345e-05
178	6.346933280470607e-05
11398	5.095066512218974e-05
11655	5.095887973552622e-05
323	6.467460359290667e-05
8162	8.801356997280742e-05
6715	6.881334182236477e-05
6716	9.920833427898279e-05
6941	5.095066512218974e-05
9102	6.200005419996593e-05
8189	5.095887030211632e-05
4688	5.9855412156404656e-05
4430	5.095066512218974e-05
2912	8.66760185225398e-05
6389	8.342825912250798e-05
5505	6.093032910619122e-05
5250	6.850765235354641e-05
11046	5.095066512218974e-05
282	5.095066512218974e-05
3664	5.095066512218974e-05
2853	5.095066512218974e-05
13539	6.533700309461018e-05
1035	5.095066512218974e-05
9558	5.095066512218974e-05
317	5.689794956463617e-05
11108	0.00024622762160792926
14260	5.095066512218974e-05
7669	5.097855099784647e-05
12118	5.095066512218974e-05
12315	8.66760185225398e-05
2926	5.671242171453358e-05
5330	9.74478254160186e-05
10173	5.966310257949145e-05
3106	5.095066512218974e-05
7729	5.095066512218974e-05
4722	6.285911625563976e-05
10410	5.095066512218974e-05
11873	5.095066512218974e-05
1403	5.095066512218974e-05
9204	5.816302513271694e-05
5383	5.095066512218974e-05
9427	6.0398643029480764e-05
7293	5.095066512218974e-05
1553	5.794930306602167e-05
4768	5.095066512218974e-05
4124	5.095066512218974e-05
14008	5.095066512218974e-05
6727	5.966310257949145e-05
12039	5.095066512218974e-05
10726	5.888073515750206e-05
8962	0.0001321558933335128
10708	5.095881973378534e-05
12624	0.00012512102224924106
8823	5.892897347494816e-05
7419	5.095066512218974e-05
4070	5.881330434573377e-05
13188	5.095066512218974e-05
10053	5.095066512218974e-05
1571	5.095066512218974e-05
5569	6.34993352516072e-05
10861	5.100008335646354e-05
7294	5.09885349093191e-05
10041	6.04070911335037e-05
10990	5.6968815938226436e-05
4852	5.095066512218974e-05
3906	5.095066512218974e-05
3101	5.812583531010185e-05
4724	5.095066512218974e-05
3177	5.095066512218974e-05
6403	5.097186615558642e-05
12109	5.095066512218974e-05
3446	6.187958048351657e-05
7772	5.095066512218974e-05
5490	5.095066512218974e-05
6295	5.095988324663364e-05
8186	0.00010453869522271484
5148	5.095066512218974e-05
5416	5.095066512218974e-05
1192	6.549035233152693e-05
7038	5.099417499216969e-05
865	5.095066512218974e-05
8088	5.8983231998816806e-05
7126	5.816302513271694e-05
9006	6.858685514352249e-05
11743	5.095888162481171e-05
4319	5.642357104175161e-05
14127	5.816049536771851e-05
10955	5.095066512218974e-05
7062	8.148019288963323e-05
4315	5.203325158886702e-05
13765	6.996087735590878e-05
6986	5.095066512218974e-05
7138	7.476756738908978e-05
6668	5.095066512218974e-05
4107	5.0958862770973665e-05
2297	5.095066512218974e-05
1147	5.206708241595068e-05
5130	5.095885901058431e-05
2354	7.187055702852059e-05
2353	0.0001011384309334763
5452	5.918353245450182e-05
5723	5.096705667230834e-05
13821	5.709960502162064e-05
9108	5.095066512218974e-05
7501	5.816302513271694e-05
5547	5.095066512218974e-05
14051	5.8128284896561756e-05
8497	5.721153370857705e-05
14196	9.772025127298436e-05
5657	5.095066512218974e-05
8315	5.095066512218974e-05
2215	5.095887595956054e-05
3667	5.096704941011955e-05
1564	5.095066512218974e-05
12372	5.095066512218974e-05
6272	5.54163342972335e-05
14526	5.095066512218974e-05
3133	5.095066512218974e-05
1105	5.095066512218974e-05
7939	0.00011866687844880059
1165	5.095066512218974e-05
6049	5.0975308962199174e-05
5741	5.2273826359239736e-05
13948	5.095066512218974e-05
12546	5.8345025353956e-05
12865	5.095066512218974e-05
9239	5.095066512218974e-05
9068	5.095066512218974e-05
9779	9.367465646637174e-05
2748	8.66760185225398e-05
4172	8.111309550351385e-05
12895	6.881334182236477e-05
165	9.558451738793589e-05
8123	5.095066512218974e-05
7303	5.095882905121175e-05
2349	6.346742386633005e-05
2116	5.095066512218974e-05
8234	5.095066512218974e-05
5883	5.095888162481171e-05
4333	7.798222987811183e-05
7011	5.095066512218974e-05
5846	5.095066512218974e-05
13537	5.095066512218974e-05
1724	5.095066512218974e-05
11641	5.095066512218974e-05
1276	6.881334182236477e-05
12896	5.104950159073735e-05
12433	8.674585634957908e-05
4077	5.8261282966592964e-05
7824	5.817857584985517e-05
3376	5.0970883326223664e-05
4359	5.095066512218974e-05
6034	5.095066512218974e-05
11167	6.087437440006476e-05
8025	6.0202012333839574e-05
9771	5.0958862770973665e-05
14369	5.095066512218974e-05
4821	5.419842452222156e-05
8012	5.096981520504665e-05
6208	5.095066512218974e-05
12120	5.095066512218974e-05
8008	6.681567215882184e-05
189	6.881334182236477e-05
594	5.314966888262795e-05
5726	5.095066512218974e-05
11260	5.918353245450182e-05
8978	5.095066512218974e-05
12545	5.095066512218974e-05
10300	5.095066512218974e-05
8233	5.2273826359239736e-05
14154	0.00011813959894153819
11963	5.095066512218974e-05
5966	5.802220223366731e-05
1890	5.2273826359239736e-05
9507	5.858324904722115e-05
10819	5.095066512218974e-05
2490	5.095066512218974e-05
4055	5.095066512218974e-05
8841	0.00010505343051156585
11150	5.864530649973166e-05
1587	8.869544692868697e-05
4634	5.095066512218974e-05
4656	5.096161038977563e-05
3902	5.095066512218974e-05
13879	5.095066512218974e-05
8903	8.66760185225398e-05
8400	5.095066512218974e-05
7358	5.891975918836808e-05
11503	6.0398643029480764e-05
14527	6.533700309461018e-05
5185	5.095066512218974e-05
9286	5.095066512218974e-05
14142	6.881334182236477e-05
7184	5.095066512218974e-05
5842	5.095066512218974e-05
14086	5.095066512218974e-05
12676	5.8983231998816806e-05
14389	5.359824654959453e-05
7167	8.675387243452508e-05
10307	5.095066512218974e-05
4963	5.095066512218974e-05
8153	5.095066512218974e-05
7986	5.0960042470677264e-05
9500	6.881334182236477e-05
8019	5.102968111766404e-05
2429	5.095066512218974e-05
8753	5.095066512218974e-05
8612	6.966404483389445e-05
7208	5.369876922990897e-05
5738	5.095066512218974e-05
10074	8.66760185225398e-05
5240	5.095066512218974e-05
11386	7.574357181362498e-05
60	6.496263641848126e-05
13728	9.650059125498903e-05
10394	5.095066512218974e-05
1454	5.095066512218974e-05
3069	9.969020261266699e-05
10787	5.095880487005949e-05
11214	6.0056050811988036e-05
14163	5.950836729060665e-05
8804	5.095066512218974e-05
11372	6.75707388775204e-05
2813	5.095066512218974e-05
5451	5.095066512218974e-05
7603	6.0547850605417985e-05
11829	6.0202012333839574e-05
11920	5.0963824331054446e-05
1768	5.095066512218974e-05
13372	5.095066512218974e-05
5628	9.177964043687553e-05
9428	9.401294643515392e-05
12499	5.095066512218974e-05
5358	5.821337113975095e-05
7258	5.095066512218974e-05
12931	5.0983286501922877e-05
5907	5.095066512218974e-05
1666	5.095066512218974e-05
2134	5.095066512218974e-05
4635	5.0967098127433684e-05
11578	5.0970883326223664e-05
9527	9.577567751690782e-05
1797	0.00010817796370611083
14528	5.2852230227017384e-05
4469	7.574910169731003e-05
3951	5.095066512218974e-05
2071	5.095066512218974e-05
13208	5.095066512218974e-05
11382	5.095066512218974e-05
5933	5.7202210339943134e-05
2072	5.095066512218974e-05
5588	5.095066512218974e-05
6289	5.448553100731138e-05
322	5.095066512218974e-05
7951	5.095066512218974e-05
6567	0.00012111008458307528
968	5.881330434573377e-05
9503	9.613798935604318e-05
6419	5.095066512218974e-05
3511	9.368200417068558e-05
12165	5.8177244376946246e-05
4192	5.943656991040691e-05
8713	5.694092047708185e-05
6858	5.947974879319657e-05
9676	5.3502476079357594e-05
8196	5.095066512218974e-05
1872	5.098896528790356e-05
13215	5.565406251253174e-05
13937	5.095066512218974e-05
6399	5.669932072561223e-05
4923	5.8128284896561756e-05
384	5.095066512218974e-05
7621	9.940372321857273e-05
13850	5.095066512218974e-05
1671	7.888771093654464e-05
4960	5.095066512218974e-05
7090	5.852551509344782e-05
1644	5.206708241595068e-05
3721	5.095066512218974e-05
272	6.0202012333839574e-05
5158	5.369876922990897e-05
3804	6.117168144375157e-05
9372	5.095066512218974e-05
1114	5.095066512218974e-05
5077	9.589287330010887e-05
7579	5.1002497691090783e-05
8485	5.369876922990897e-05
11575	5.095066512218974e-05
6057	5.095066512218974e-05
12285	5.54163342972335e-05
12062	0.00013973775041980244
3801	5.095066512218974e-05
1884	5.7813838000634566e-05
2329	5.095066512218974e-05
2453	5.095066512218974e-05
5529	6.166827114229475e-05
6613	5.095066512218974e-05
12762	5.6602699965958606e-05
3939	7.574910169731003e-05
417	5.095066512218974e-05
3021	0.00012347252329953092
3700	5.095066512218974e-05
4074	5.565487987244735e-05
5802	5.9257272206345435e-05
8608	6.15008430103367e-05
10559	5.095066512218974e-05
6940	5.095066512218974e-05
14295	5.095066512218974e-05
8448	6.75858162935513e-05
7784	5.669932072561223e-05
14529	5.0958780831730934e-05
13617	0.00010292784360458903
6453	7.41177907867927e-05
10907	9.339878143585605e-05
4605	5.095066512218974e-05
8413	5.095066512218974e-05
8185	5.095066512218974e-05
8032	6.881334182236477e-05
10529	5.095066512218974e-05
7232	5.59850901975715e-05
3134	5.095066512218974e-05
6529	5.816302513271694e-05
5039	5.095066512218974e-05
10877	5.095066512218974e-05
13851	5.095066512218974e-05
5344	5.095066512218974e-05
6557	6.000426124146306e-05
5001	6.557757637452483e-05
6285	0.0001537449200466028
12216	6.275082910133466e-05
1233	5.095066512218974e-05
14077	5.095066512218974e-05
8588	5.095066512218974e-05
1414	5.095066512218974e-05
6148	5.59329929264067e-05
1410	5.095066512218974e-05
7832	5.994060713874435e-05
5659	5.095066512218974e-05
4861	5.095066512218974e-05
2173	5.095066512218974e-05
2887	6.290232339356563e-05
3394	5.095066512218974e-05
7361	5.095066512218974e-05
13876	5.095066512218974e-05
12596	5.598548876716345e-05
13641	5.095066512218974e-05
13947	5.0975308962199174e-05
11198	5.095066512218974e-05
5213	5.095066512218974e-05
5713	6.0933570627614856e-05
10919	9.938674002260485e-05
412	5.095066512218974e-05
11940	6.285911625563976e-05
11733	0.0001333484520238054
2010	5.095066512218974e-05
7398	6.62210117234172e-05
10507	5.095066512218974e-05
8479	5.095066512218974e-05
7374	5.095066512218974e-05
4116	9.702732231600633e-05
13491	5.095066512218974e-05
5771	5.095887784710936e-05
13940	5.095066512218974e-05
12634	5.095066512218974e-05
10647	8.66760185225398e-05
12944	5.095066512218974e-05
1988	5.095066512218974e-05
3529	0.000126521639687135
9769	5.816302513271694e-05
3010	0.00012574623865844434
10045	5.918353245450182e-05
2751	5.095066512218974e-05
6186	5.096981520504665e-05
7385	5.095066512218974e-05
4515	7.626791207463649e-05
12317	6.18938380793903e-05
11519	5.098186039376962e-05
14530	5.675809916497307e-05
2493	5.095066512218974e-05
671	5.095066512218974e-05
5814	6.315601120388255e-05
10150	5.095066512218974e-05
7408	5.950836729060665e-05
3236	7.98820259067323e-05
8211	5.891975918836808e-05
2197	5.095066512218974e-05
6575	5.095886089034765e-05
7173	5.095066512218974e-05
11604	5.095066512218974e-05
9744	5.095066512218974e-05
9494	5.8206800701183896e-05
1685	5.095066512218974e-05
5467	5.095066512218974e-05
681	6.881334182236477e-05
1762	5.095066512218974e-05
11515	5.709960502162064e-05
2696	5.095066512218974e-05
9691	5.095066512218974e-05
11585	5.095066512218974e-05
4569	5.095066512218974e-05
13244	5.461480393248205e-05
5361	6.858685514352249e-05
8442	5.098578805130542e-05
7787	5.095066512218974e-05
8965	5.095066512218974e-05
6868	7.537749214203835e-05
14394	5.095066512218974e-05
463	8.66760185225398e-05
2749	5.095066512218974e-05
5885	6.62210117234172e-05
6579	5.095066512218974e-05
14531	5.950836729060665e-05
14532	5.095066512218974e-05
6733	5.7209044494259894e-05
4955	5.0958842131436785e-05
7222	8.19126380691598e-05
5202	5.706307954777201e-05
3333	6.469118566078592e-05
6166	5.095066512218974e-05
12691	5.7209044494259894e-05
7247	5.095066512218974e-05
11579	5.794930306602167e-05
12841	5.095066512218974e-05
1435	6.115790895086119e-05
3353	5.095066512218974e-05
7868	5.816302513271694e-05
12319	5.816180198874026e-05
9227	6.534478986350575e-05
12754	9.418363473850346e-05
4309	5.095066512218974e-05
5304	5.095066512218974e-05
12136	5.095066512218974e-05
2006	5.095066512218974e-05
1668	5.095066512218974e-05
4198	5.359824654959453e-05
10242	5.095066512218974e-05
5974	5.7209044494259894e-05
2893	6.0398643029480764e-05
5335	0.0002150381527142935
2794	5.095066512218974e-05
4573	5.095066512218974e-05
10699	5.095066512218974e-05
1395	5.095066512218974e-05
13404	6.323190681089748e-05
12371	5.6020926394292945e-05
7506	5.095066512218974e-05
7250	6.269642019276337e-05
6653	6.0202012333839574e-05
9436	5.095066512218974e-05
6799	7.722981044857788e-05
10731	5.095066512218974e-05
5438	5.095066512218974e-05
8006	5.095066512218974e-05
8005	8.66760185225398e-05
9591	5.8128284896561756e-05
11879	6.0202012333839574e-05
3829	5.095066512218974e-05
9916	5.095066512218974e-05
8121	5.669932072561223e-05
1581	5.095066512218974e-05
9330	8.66760185225398e-05
3422	5.598548876716345e-05
10773	5.452320046222474e-05
2552	5.095066512218974e-05
4401	5.694092047708185e-05
11933	0.00012088433799452434
10489	5.095066512218974e-05
11465	6.497273227963496e-05
4318	5.095066512218974e-05
14533	5.096981520504665e-05
12536	6.0202012333839574e-05
7280	5.095066512218974e-05
570	5.095066512218974e-05
1698	5.314966888262795e-05
6464	5.095066512218974e-05
8529	5.7020023926206664e-05
6919	5.095066512218974e-05
259	5.095066512218974e-05
10958	5.095066512218974e-05
13640	5.095066512218974e-05
12680	5.095066512218974e-05
4391	5.095066512218974e-05
5755	9.385363829691182e-05
8513	5.675809916497307e-05
1739	5.095066512218974e-05
4638	5.095066512218974e-05
3345	0.0002752636692061184
14534	9.97072922120676e-05
6724	5.095066512218974e-05
11195	8.80696360265663e-05
3666	5.095066512218974e-05
9413	6.42899700752557e-05
8124	7.446537666613365e-05
12850	5.095066512218974e-05
12533	6.465374491831748e-05
11942	5.095066512218974e-05
3363	5.095066512218974e-05
5459	5.095887784710936e-05
9981	5.816302513271694e-05
1769	5.095066512218974e-05
11787	5.095066512218974e-05
5614	5.0967098127433684e-05
11839	5.096692877046367e-05
3410	9.612399642983083e-05
6426	5.095066512218974e-05
6570	5.095066512218974e-05
5855	5.095066512218974e-05
1345	5.809573580225975e-05
6242	5.095066512218974e-05
14150	6.882197289382239e-05
8387	8.15723966082041e-05
13358	5.095066512218974e-05
9126	5.095066512218974e-05
13714	5.095066512218974e-05
13235	5.095066512218974e-05
10946	5.369876922990897e-05
6163	6.141061107535516e-05
1361	5.095066512218974e-05
8748	0.00011317455685448261
10641	5.0958874072879155e-05
14535	5.669932072561223e-05
283	5.095066512218974e-05
14052	7.792350288012428e-05
7338	5.095066512218974e-05
4167	5.0972796563688504e-05
12299	6.144710621131856e-05
7616	5.095066512218974e-05
485	0.00010135189098474672
6711	5.777556030188294e-05
4671	5.6602699965958606e-05
3769	6.881334182236477e-05
8887	6.881334182236477e-05
13571	5.095066512218974e-05
13175	9.35342089132417e-05
11766	5.095066512218974e-05
6167	8.66760185225398e-05
3713	5.888963254448975e-05
12112	5.095066512218974e-05
3382	5.095066512218974e-05
2411	0.00014637548100127475
99	5.095066512218974e-05
10521	5.095066512218974e-05
12568	7.707640715628322e-05
2700	6.882193344651224e-05
11750	5.095066512218974e-05
8068	5.3927777905552244e-05
14536	0.00011935197284692908
2359	5.54163342972335e-05
11357	5.095066512218974e-05
8935	6.602688150641667e-05
2908	5.095066512218974e-05
1573	5.095066512218974e-05
8421	5.095066512218974e-05
9578	5.095066512218974e-05
4941	5.09615953205683e-05
7873	6.600714094587884e-05
4188	5.095066512218974e-05
648	5.203325158886702e-05
6849	5.095066512218974e-05
11439	5.095066512218974e-05
8779	5.095066512218974e-05
8277	5.096705417103353e-05
7317	6.036044139131313e-05
11863	5.642129556651413e-05
14537	5.9882003472277255e-05
8552	5.095066512218974e-05
6843	5.095066512218974e-05
3145	5.095066512218974e-05
502	0.0001583944541189186
6979	5.095066512218974e-05
7142	5.816302513271694e-05
5512	5.7020023926206664e-05
405	5.096161038977563e-05
164	5.095066512218974e-05
13054	5.095066512218974e-05
14021	5.095066512218974e-05
9211	6.429463906543878e-05
9849	5.7813838000634566e-05
7095	5.095066512218974e-05
6348	6.255952994676617e-05
999	5.095066512218974e-05
7068	5.7209044494259894e-05
6076	5.095066512218974e-05
8207	5.095066512218974e-05
910	5.972005625803735e-05
10941	5.835652032522638e-05
5817	5.095066512218974e-05
13587	5.662994494395997e-05
13920	7.189044677382967e-05
5271	5.095066512218974e-05
2532	5.095066512218974e-05
6569	5.095066512218974e-05
5149	5.095066512218974e-05
10126	5.095066512218974e-05
3360	5.095066512218974e-05
13287	5.095066512218974e-05
7777	5.731683294900524e-05
12725	0.00013268090552094765
7739	5.095066512218974e-05
12131	5.095066512218974e-05
6867	5.095066512218974e-05
4543	5.095066512218974e-05
12076	6.429463906543878e-05
14538	5.681665187272826e-05
4979	9.141692352677755e-05
4461	5.095066512218974e-05
307	5.095066512218974e-05
6030	5.095066512218974e-05
12749	5.095066512218974e-05
11893	5.095066512218974e-05
5668	5.095066512218974e-05
5816	5.095066512218974e-05
11135	5.095066512218974e-05
9029	5.095066512218974e-05
13711	5.777556030188294e-05
9150	5.095066512218974e-05
9757	5.095066512218974e-05
7557	5.095066512218974e-05
2605	5.8128284896561756e-05
495	5.096709057202898e-05
5082	5.095066512218974e-05
12817	5.095887595956054e-05
5903	5.7956650770335507e-05
6866	5.095066512218974e-05
12077	5.0958874072879155e-05
8974	5.095066512218974e-05
1353	5.095066512218974e-05
12517	5.095066512218974e-05
13708	5.095066512218974e-05
6180	5.095066512218974e-05
6627	5.095066512218974e-05
8827	7.476756738908978e-05
14181	5.72099989634479e-05
9674	0.00012169116486722822
4857	5.0967092460445836e-05
6928	5.54163342972335e-05
11983	5.096500942011402e-05
13162	0.0001117131044002437
13856	5.095066512218974e-05
4304	5.095066512218974e-05
7052	5.095066512218974e-05
12247	5.669932072561223e-05
4038	5.095066512218974e-05
4030	5.095066512218974e-05
5591	5.095066512218974e-05
3305	5.095066512218974e-05
7545	5.675809916497307e-05
4805	5.095066512218974e-05
14324	7.333567611079946e-05
8634	5.9882003472277255e-05
11901	5.095066512218974e-05
7114	5.888954271132949e-05
11536	5.669932072561223e-05
7298	5.095066512218974e-05
8995	5.095066512218974e-05
6120	5.095066512218974e-05
2918	9.62447661941515e-05
1677	0.0001122682898779042
923	5.203325158886702e-05
8928	5.095066512218974e-05
14539	5.986796554506441e-05
10103	6.093032910619122e-05
8586	5.6602699965958606e-05
9466	5.095066512218974e-05
2769	5.095066512218974e-05
11275	8.66760185225398e-05
4993	5.899988708287261e-05
13992	9.808526513575407e-05
6241	5.095066512218974e-05
6101	5.095066512218974e-05
3956	5.095066512218974e-05
10349	5.095066512218974e-05
11010	5.095066512218974e-05
2471	5.095066512218974e-05
7035	6.218421725751698e-05
3379	5.095066512218974e-05
697	5.809573580225975e-05
1784	5.685476455739306e-05
9575	5.794930306602167e-05
14540	5.0964608060018104e-05
7033	5.095066512218974e-05
5617	8.66760185225398e-05
10320	5.6248852277468334e-05
4617	5.096705417103353e-05
11403	5.095066512218974e-05
11700	5.095887973552622e-05
4152	5.095066512218974e-05
13031	5.095066512218974e-05
2732	8.66760185225398e-05
3275	9.651030208087204e-05
6687	5.096709434973133e-05
9064	5.095066512218974e-05
6375	5.899988708287261e-05
12528	5.095066512218974e-05
8339	0.0001011384309334763
8849	0.00024029094848075763
3348	5.097836760886761e-05
12213	5.095066512218974e-05
434	5.097526936006876e-05
6816	5.095066512218974e-05
13749	5.095066512218974e-05
4645	5.918353245450182e-05
6522	9.914847843820699e-05
6171	5.095066512218974e-05
1785	0.00012447294700652212
13884	5.095066512218974e-05
13495	6.042751013959492e-05
4297	5.985173590579928e-05
2916	5.095066512218974e-05
5579	5.809573580225975e-05
5296	5.095066512218974e-05
4584	5.095066512218974e-05
9175	5.095066512218974e-05
4532	5.7956650770335507e-05
8890	6.524080648232976e-05
6157	5.095066512218974e-05
4467	5.095066512218974e-05
4241	5.095066512218974e-05
10616	7.333567611079946e-05
9423	5.7209044494259894e-05
5415	8.869544692868697e-05
9346	0.00011990459986507768
4845	5.2273826359239736e-05
4119	0.0001248656193960543
6146	5.095066512218974e-05
5984	5.095066512218974e-05
2263	5.888963254448975e-05
13669	5.095066512218974e-05
117	9.82831914887145e-05
4403	5.095066512218974e-05
2055	5.095066512218974e-05
2603	5.095066512218974e-05
4912	5.095066512218974e-05
10553	5.095066512218974e-05
6847	5.899988708287261e-05
4301	5.095066512218974e-05
11875	5.095066512218974e-05
3908	5.095066512218974e-05
13322	5.095066512218974e-05
4748	5.095066512218974e-05
932	5.095066512218974e-05
9209	5.095066512218974e-05
9434	5.095066512218974e-05
12066	5.794930306602167e-05
1622	5.095066512218974e-05
14161	5.809573580225975e-05
802	5.899988708287261e-05
10217	5.095066512218974e-05
6102	5.095888162481171e-05
13295	5.095066512218974e-05
5546	5.7457692665773326e-05
9022	5.095066512218974e-05
9082	5.095066512218974e-05
1122	5.095066512218974e-05
4137	9.07535334005677e-05
12535	5.095066512218974e-05
2527	5.095066512218974e-05
737	6.003884223669503e-05
13790	6.285911625563976e-05
550	5.095066512218974e-05
7898	5.7813838000634566e-05
1653	5.095066512218974e-05
4506	5.59329929264067e-05
9727	5.816302513271694e-05
816	7.299078040784576e-05
7111	5.095066512218974e-05
1030	5.095066512218974e-05
2008	5.095066512218974e-05
11614	5.095066512218974e-05
2305	5.095066512218974e-05
5983	5.095882905121175e-05
6190	6.285911625563976e-05
3	5.095066512218974e-05
8927	7.3822716803202e-05
7027	5.095066512218974e-05
11314	5.095066512218974e-05
5232	8.66760185225398e-05
13921	5.918353245450182e-05
10363	5.095066512218974e-05
13350	9.554628143165891e-05
12916	0.00011746228439778503
2852	5.095066512218974e-05
13053	5.095066512218974e-05
10434	5.095066512218974e-05
11429	5.837948690254787e-05
13956	5.095066512218974e-05
12232	5.095066512218974e-05
11673	5.095066512218974e-05
863	5.095066512218974e-05
9833	5.54163342972335e-05
409	5.095066512218974e-05
11442	5.9882003472277255e-05
11433	5.095066512218974e-05
3320	5.095066512218974e-05
12687	5.095066512218974e-05
8989	6.285911625563976e-05
1537	8.669328066545501e-05
433	0.00011175287700749367
1699	8.344066201554221e-05
11612	5.669932072561223e-05
1174	6.082459377562356e-05
8653	7.523208408984988e-05
2491	5.095066512218974e-05
8557	5.095066512218974e-05
6388	5.095066512218974e-05
2693	5.095066512218974e-05
6150	5.095066512218974e-05
6583	7.768495048109941e-05
5687	5.095066512218974e-05
7961	5.816302513271694e-05
5709	5.095066512218974e-05
12559	5.095066512218974e-05
12477	5.54451725213356e-05
14064	8.272182999121665e-05
1187	5.572461195045246e-05
4346	5.095066512218974e-05
3086	5.7956650770335507e-05
3470	5.095066512218974e-05
12310	5.095066512218974e-05
12015	5.095066512218974e-05
2632	5.095066512218974e-05
12836	0.00014695009796724835
309	6.881334182236477e-05
498	5.989021997489923e-05
4706	5.09588533764644e-05
2746	7.044556731944155e-05
7263	5.095066512218974e-05
2088	7.579911946883638e-05
4444	5.095066512218974e-05
4448	5.095066512218974e-05
8850	5.095066512218974e-05
1133	5.095066512218974e-05
8143	5.095066512218974e-05
8741	5.095066512218974e-05
13415	5.095066512218974e-05
6838	5.095066512218974e-05
11308	6.000426124146306e-05
11004	5.095066512218974e-05
5977	5.095066512218974e-05
2573	5.095066512218974e-05
4436	5.095066512218974e-05
13582	8.66760185225398e-05
11659	5.369876922990897e-05
13928	5.095066512218974e-05
2672	5.095066512218974e-05
1459	5.095066512218974e-05
9731	5.095066512218974e-05
3082	5.095066512218974e-05
3141	5.095066512218974e-05
10098	6.371047787400279e-05
13255	5.095066512218974e-05
14130	5.095066512218974e-05
11524	5.095066512218974e-05
10645	5.0958868418033673e-05
5949	5.816302513271694e-05
787	5.095066512218974e-05
9301	5.095887973552622e-05
14332	5.816302513271694e-05
13424	6.0522060269709634e-05
12498	5.096981520504665e-05
941	5.095066512218974e-05
4834	5.816302513271694e-05
210	6.0202012333839574e-05
2780	5.095066512218974e-05
8465	9.623199859740799e-05
9628	5.095066512218974e-05
3522	5.095066512218974e-05
7831	5.095066512218974e-05
11622	5.28309468801029e-05
6641	5.095066512218974e-05
6431	8.668753719511007e-05
13808	5.095066512218974e-05
883	6.285911625563976e-05
6879	5.095066512218974e-05
13306	5.095066512218974e-05
9128	6.288190828334479e-05
10075	6.444993350167321e-05
4294	5.095066512218974e-05
2866	5.095066512218974e-05
3195	5.095066512218974e-05
10561	5.095066512218974e-05
13052	5.095066512218974e-05
8719	5.095066512218974e-05
11564	5.095887784710936e-05
12267	5.095066512218974e-05
7742	5.095066512218974e-05
857	5.095066512218974e-05
10815	5.095066512218974e-05
1119	5.095887973552622e-05
2206	5.095066512218974e-05
4314	5.095066512218974e-05
1719	5.095066512218974e-05
6111	5.095066512218974e-05
