0	0	2.9145467271322126e-05
1	0	0.015247895193024467
2	0	0
3	0	4.2697838491691323e-05
4	0	2.9145467271322126e-05
5	0	0.0014622505259223495
6	0	2.9145467271322126e-05
7	0	0
8	0	0
9	0	0
10	0	2.918740284676556e-05
11	0	4.2282943055477045e-05
12	0	3.649332388652453e-05
13	0	8.526809648809449e-05
14	0	2.9145467271322126e-05
15	0	2.9260985903713447e-05
16	0	0
17	0	0.0021833069963973833
18	0	0
19	0	0
20	0	2.9145467271322126e-05
21	0	2.9145467271322126e-05
22	0	3.866121288225688e-05
23	0	4.1085509685467426e-05
24	0	0
25	0	0.0027071706156750674
26	0	2.9153087237956754e-05
27	0	0.02628159149016222
28	0	0
29	0	6.846734108353897e-05
30	0	0
31	0	0.0002892894650568611
32	0	2.9168229300094926e-05
33	0	2.930615303139119e-05
34	0	2.9145467271322126e-05
35	0	2.9145467271322126e-05
36	0	8.53373570013441e-05
37	0	6.114511805834471e-05
38	0	0.00010148810489570086
39	0	7.519993799129015e-05
40	0	0.0005710478250921751
41	0	0
42	0	0
43	0	6.44874004680203e-05
44	0	2.9145467271322126e-05
45	0	0
46	0	0
47	0	0.0028842008114925446
48	0	0
49	0	0.000607563147055949
50	0	2.9153080223565865e-05
51	0	0
52	0	5.395607863367405e-05
53	0	2.9145467271322126e-05
54	0	2.9555430896848168e-05
55	0	2.9145467271322126e-05
56	0	0
57	0	0.002845069952975091
58	0	2.9145467271322126e-05
59	0	0
60	0	2.9145467271322126e-05
61	0	2.9153087237956754e-05
62	0	4.286420989208691e-05
63	0	2.919809104686416e-05
64	0	0
65	0	0.00016728478049977193
66	0	2.9145467271322126e-05
67	0	0.0011134201913523853
68	0	4.3211195914221807e-05
69	0	2.9145467271322126e-05
70	0	2.9145467271322126e-05
71	0	2.9145467271322126e-05
72	0	0.005681261931255292
73	0	2.9145467271322126e-05
74	0	0
75	0	0
76	0	7.509466365884545e-05
77	0	0
78	0	0
79	0	0.00015732120258435338
80	0	0
81	0	0
82	0	8.996292469426391e-05
83	0	0.00065240701722042
84	0	2.920518480752316e-05
85	0	0.0003176292518028217
86	0	0
87	0	0
88	0	0.001680946747748251
89	0	2.9145467271322126e-05
90	0	2.9153108358899073e-05
91	0	2.9145467271322126e-05
92	0	0.0019995275426345415
93	0	0.00013301067101204763
94	0	4.4927890832035246e-05
95	0	5.3948432836644055e-05
96	0	0.0003677338069018088
97	0	5.4095082274361345e-05
98	0	0.0001891648403456477
99	0	9.27101511798216e-05
100	0	2.9167237171649453e-05
101	0	2.9145467271322126e-05
102	0	0.0022043216429552814
103	0	0.0001288162312398945
104	0	0.0001677847929022941
105	0	0
106	0	0.00010148565959381596
107	0	0
108	0	2.9145467271322126e-05
109	0	0
110	0	0.0012267031107697324
111	0	0
112	0	5.395607863367405e-05
113	0	0.000220874417036524
114	0	9.259484903425805e-05
115	0	2.9172655673922394e-05
116	0	4.556819541295668e-05
117	0	2.9145467271322126e-05
118	0	4.350868457807909e-05
119	0	0
120	0	0.007379424383903821
121	0	0
122	0	2.9145467271322126e-05
123	0	0
124	0	0.0005861082480889333
125	0	0
126	0	0.0002083772956725929
127	0	5.5557632318212286e-05
128	0	2.9145467271322126e-05
129	0	0
130	0	2.9145467271322126e-05
131	0	0
132	0	0
133	0	0
134	0	0.00018860737403424144
135	0	2.9145467271322126e-05
136	0	0
137	0	2.9145467271322126e-05
138	0	7.358289252721221e-05
139	0	2.9145467271322126e-05
140	0	4.443122131471494e-05
141	0	3.2513983189129075e-05
142	0	6.916860945326979e-05
143	0	2.9145467271322126e-05
144	0	0
145	0	0
146	0	6.778819153686305e-05
147	0	2.924371215335398e-05
148	0	0.000551972124774116
149	0	2.9160670217128685e-05
150	0	2.9201090409933114e-05
151	0	0
152	0	0
153	0	0.0020709505311600988
154	0	4.2402807273866195e-05
155	0	9.992383626722631e-05
156	0	5.445645059310352e-05
157	0	0
158	0	2.9145467271322126e-05
159	0	8.505535782937745e-05
160	0	3.412872946039673e-05
161	0	2.9153110712900175e-05
162	0	0
163	0	0.0014747666859622833
164	0	2.9145467271322126e-05
165	0	0
166	0	0.0008043769808919103
167	0	0
168	0	0.00012568223407050013
169	0	4.0957414209574044e-05
170	0	0.0002597277907535884
171	0	2.9145467271322126e-05
172	0	0
173	0	2.9145467271322126e-05
174	0	4.1588139061903406e-05
175	0	0.000906070906706767
176	0	0
177	0	0.00015522881273926834
178	0	0.000592549399499814
179	0	0
180	0	0.0006932390549940008
181	0	0
182	0	2.9145467271322126e-05
183	0	0
184	0	0.00044068714010641675
185	0	8.498566508360872e-05
186	0	2.9145467271322126e-05
187	0	0
188	0	2.929273516125525e-05
189	0	0.00016787187914068957
190	0	4.052688249179909e-05
191	0	0.00020088451257762704
192	0	2.9153113068352123e-05
193	0	0.000563327034978719
194	0	2.9145467271322126e-05
195	0	0.0014485708760233215
196	0	0
197	0	0.0036983406782404677
198	0	5.3933169481908264e-05
199	0	0
200	0	0
201	0	0.0004031207186639251
202	0	2.9145467271322126e-05
203	0	2.915310600634748e-05
204	0	0
205	0	0.00011601856027716836
206	0	0.00010373635994314476
207	0	8.043761360010488e-05
208	0	0
209	0	4.1550772952498096e-05
210	0	0.00012353185218420378
211	0	0
212	0	0.0005226752624517695
213	0	5.395607863367405e-05
214	0	0.0019623080637056712
215	0	3.512708687005513e-05
216	0	5.643713976990925e-05
217	0	0
218	0	2.9297379318766366e-05
219	0	0
220	0	0
221	0	2.9145467271322126e-05
222	0	0.000797446831384632
223	0	8.447945353047541e-05
224	0	0
225	0	2.9145467271322126e-05
226	0	0.0004421290217074383
227	0	2.922268842046342e-05
228	0	0
229	0	2.9145467271322126e-05
230	0	2.9145467271322126e-05
231	0	6.758999645639543e-05
232	0	6.636689718062461e-05
233	0	2.9145467271322126e-05
234	0	2.9145467271322126e-05
235	0	2.9145467271322126e-05
236	0	0
237	0	0
238	0	6.196714212743853e-05
239	0	0
240	0	2.9145467271322126e-05
241	0	0
242	0	7.973901548158516e-05
243	0	2.9145467271322126e-05
244	0	3.328056916504745e-05
245	0	0
246	0	0
247	0	0
248	0	2.9145467271322126e-05
249	0	0
250	0	5.3925523693572634e-05
251	0	2.9145467271322126e-05
252	0	3.999705086247167e-05
253	0	0.0005384009076935255
254	0	0.0006882258265400995
255	0	0
256	0	0.00011575368331034769
257	0	2.9145467271322126e-05
258	0	7.875908404527113e-05
259	0	0
260	0	7.858746096601507e-05
261	0	0.00022189400593787087
262	0	2.9145467271322126e-05
263	0	0.00031784052550063824
264	0	2.9145467271322126e-05
265	0	0
266	0	0.003760493042182828
267	0	0
268	0	5.841192237609632e-05
269	0	2.9145467271322126e-05
270	0	0.0007399240639604028
271	0	0
272	0	0
273	0	2.9145467271322126e-05
274	0	3.3525643765332785e-05
275	0	4.510885561270499e-05
276	0	0
277	0	0.00010588416081972026
278	0	8.595634213622349e-05
279	0	4.477830649803362e-05
280	0	0.00018592169518184503
281	0	5.864178464025342e-05
282	0	2.9145467271322126e-05
283	0	2.9145467271322126e-05
284	0	0
285	0	4.1550772952498096e-05
286	0	0
287	0	2.916508858625361e-05
288	0	2.9145467271322126e-05
289	0	5.011106024277456e-05
290	0	4.6059016209853495e-05
291	0	4.6349415295415535e-05
292	0	2.9145467271322126e-05
293	0	0
294	0	3.991102811164756e-05
295	0	2.9153113068352123e-05
296	0	2.9160723647837794e-05
297	0	0
298	0	0
299	0	0
300	0	2.917264464935034e-05
301	0	0.00011004712646148278
302	0	0
303	0	2.9145467271322126e-05
304	0	3.779912466019842e-05
305	0	2.9145467271322126e-05
306	0	6.237030412620472e-05
307	0	2.9145467271322126e-05
308	0	0.005099808312034574
309	0	0
310	0	0
311	0	2.980411721822262e-05
312	0	0
313	0	3.7536683757123005e-05
314	0	0.0002449404478954678
315	0	0.0009732025073173309
316	0	0
317	0	0
318	0	0
319	0	0
320	0	2.9160635367652254e-05
321	0	0
322	0	2.9145467271322126e-05
323	0	0
324	0	5.514967287842101e-05
325	0	5.13661633091048e-05
326	0	0.0002732183005233737
327	0	0.00022384039962026345
328	0	0
329	0	0
330	0	2.9145467271322126e-05
331	0	2.915308957896033e-05
332	0	0.0005295382867024963
333	0	4.568587484622341e-05
334	0	3.959767339886853e-05
335	0	5.4634819236904266e-05
336	0	0
337	0	0.003019537699934303
338	0	0
339	0	0
340	0	4.114259892229976e-05
341	0	0
342	0	0.0001506231430275046
343	0	0.004969394111825555
344	0	6.4504525779004e-05
345	0	5.919962889864693e-05
346	0	5.396371736869941e-05
347	0	7.611530091539983e-05
348	0	2.9257726008618225e-05
349	0	6.053014817816926e-05
350	0	0.00028884332630295454
351	0	7.913235822320928e-05
352	0	8.699789218428143e-05
353	0	0.00015999840619757567
354	0	2.9145467271322126e-05
355	0	0
356	0	9.917389677413097e-05
357	0	2.9145467271322126e-05
358	0	2.9145467271322126e-05
359	0	0.0004231397493663584
360	0	2.9145467271322126e-05
361	0	0
362	0	6.538703930944143e-05
363	0	4.546487699117283e-05
364	0	2.9145467271322126e-05
365	0	0
366	0	5.395607863367405e-05
367	0	2.9145467271322126e-05
368	0	7.47717389077955e-05
369	0	4.183459332960981e-05
370	0	4.15281574930071e-05
371	0	0.000544689818489283
372	0	0.00017778195142632302
373	0	0
374	0	0
375	0	7.818074953797428e-05
376	0	0
377	0	2.9734643159978207e-05
378	0	5.779535635705887e-05
379	0	2.9145467271322126e-05
380	0	2.9145467271322126e-05
381	0	0.0004680401547347858
382	0	7.703454327861953e-05
383	0	2.916833428632347e-05
384	0	2.9145467271322126e-05
385	0	2.9145467271322126e-05
386	0	0
387	0	2.9145467271322126e-05
388	0	0
389	0	0.00010436549661597322
390	0	6.838390915183571e-05
391	0	0
392	0	0.00018575132640798162
393	0	0
394	0	5.395607863367405e-05
395	0	0.00892885329036152
396	0	2.9153103655244056e-05
397	0	0
398	0	0
399	0	2.916733671337325e-05
400	0	0
401	0	0
402	0	5.840853341719727e-05
403	0	0
404	0	2.9145467271322126e-05
405	0	0
406	0	0.0003131976849511238
407	0	9.995961953963691e-05
408	0	2.9145467271322126e-05
409	0	9.044482111713505e-05
410	0	2.9172647297951165e-05
411	0	0.000379498111944608
412	0	0
413	0	5.313509766155069e-05
414	0	0
415	0	0
416	0	0
417	0	2.9145467271322126e-05
418	0	0
419	0	9.984997834156886e-05
420	0	3.954998866152285e-05
421	0	4.882754811328143e-05
422	0	0
423	0	2.9145467271322126e-05
424	0	0.00016208851240124037
425	0	3.4844716403108766e-05
426	0	2.9145467271322126e-05
427	0	0
428	0	4.5370010353138303e-05
429	0	3.991829887850566e-05
430	0	0.00010802933000517434
431	0	2.9145467271322126e-05
432	0	0
433	0	0
434	0	0
435	0	0.00425462341008683
436	0	0
437	0	3.268984032308669e-05
438	0	4.978123643444734e-05
439	0	2.9145467271322126e-05
440	0	0.00013976033618400514
441	0	0
442	0	2.9192916830279147e-05
443	0	0.00010658008159806328
444	0	0.00015219313742387606
445	0	2.919107505132545e-05
446	0	0
447	0	0
448	0	2.9145467271322126e-05
449	0	0.00011714183426950214
450	0	2.9145467271322126e-05
451	0	3.9099983081161825e-05
452	0	2.9145467271322126e-05
453	0	0
454	0	0
455	0	0.00022097486743980196
456	0	0.0003128155629744237
457	0	2.9145467271322126e-05
458	0	4.16553165569746e-05
459	0	6.356452637238832e-05
460	0	2.9145467271322126e-05
461	0	0
462	0	3.798804847152102e-05
463	0	2.9145467271322126e-05
464	0	0
465	0	0.00022962377668380414
466	0	9.627129925938549e-05
467	0	2.9145467271322126e-05
468	0	2.9145467271322126e-05
469	0	4.2437274278859546e-05
470	0	5.5875928480554156e-05
471	0	0
472	0	0.0002264315281639712
473	0	4.548155405465047e-05
474	0	0
475	0	2.9145467271322126e-05
476	0	4.15899959539474e-05
477	0	0
478	0	2.9153110712900175e-05
479	0	2.9145467271322126e-05
480	0	0.0005381609613491619
481	0	0
482	0	2.976698769337573e-05
483	0	5.394844929438674e-05
484	0	2.925343431535631e-05
485	0	4.1550772952498096e-05
486	0	2.9153068561567946e-05
487	0	0
488	0	0.0013604255022762722
489	0	0
490	0	0.0020757117214894234
491	0	2.9176041037634326e-05
492	0	0
493	0	6.266347286416009e-05
494	0	5.167555824703494e-05
495	0	6.463956792605581e-05
496	0	5.5629584610791755e-05
497	0	0
498	0	2.9145467271322126e-05
499	0	4.9924134883398096e-05
500	0	0
501	0	0.00015357760604900597
502	0	0
503	0	0
504	0	0
505	0	0
506	0	0
507	0	4.600186290844637e-05
508	0	5.213420038849938e-05
509	0	0
510	0	0
511	0	2.9145467271322126e-05
512	0	2.915308957896033e-05
513	0	2.9145467271322126e-05
514	0	0
515	0	2.9145467271322126e-05
516	0	2.9145467271322126e-05
517	0	0
518	0	2.957994340919586e-05
519	0	2.9153098957376368e-05
520	0	0
521	0	4.7522484030817885e-05
522	0	2.9145467271322126e-05
523	0	9.297589548491865e-05
524	0	0.0003262751061250457
525	0	3.6345201276045505e-05
526	0	0.0002545844494354207
527	0	0
528	0	0.00032284394613773436
529	0	2.9145467271322126e-05
530	0	2.9145467271322126e-05
531	0	0.0020243504794586085
532	0	2.9145467271322126e-05
533	0	5.3404682161946524e-05
534	0	2.9145467271322126e-05
535	0	0
536	0	2.9145467271322126e-05
537	0	0.00015331188210498495
538	0	3.6581700306320394e-05
539	0	0.00022360877816255228
540	0	0
541	0	9.43538626656657e-05
542	0	2.9145467271322126e-05
543	0	0.00011267103172033988
544	0	2.9145467271322126e-05
545	0	2.9145467271322126e-05
546	0	2.9145467271322126e-05
547	0	3.2246793691616115e-05
548	0	2.9145467271322126e-05
549	0	2.9197357137954754e-05
550	0	0
551	0	7.87361609079344e-05
552	0	2.9145467271322126e-05
553	0	2.915919853137785e-05
554	0	0.00021658361260800426
555	0	9.749731341129944e-05
556	0	2.9145467271322126e-05
557	0	0
558	0	2.9145467271322126e-05
559	0	0
560	0	5.922026256364499e-05
561	0	0
562	0	0.00010937160661658198
563	0	0
564	0	2.9166709764639536e-05
565	0	0.0005322478136054408
566	0	0
567	0	0
568	0	2.9145467271322126e-05
569	0	0.00011896423842483067
570	0	4.065930756277404e-05
571	0	0
572	0	2.9145467271322126e-05
573	0	8.101843597819101e-05
574	0	0
575	0	2.9145467271322126e-05
576	0	2.9145467271322126e-05
577	0	2.9145467271322126e-05
578	0	5.743656032632769e-05
579	0	2.9145467271322126e-05
580	0	2.9145467271322126e-05
581	0	0
582	0	6.854359984880131e-05
583	0	0
584	0	0
585	0	2.9145467271322126e-05
586	0	0
587	0	0
588	0	2.9153113068352123e-05
589	0	0
590	0	0
591	0	0
592	0	0.00013068061304805317
593	0	0.0001408435753608447
594	0	0.00029752955962632503
595	0	9.994249090527307e-05
596	0	0
597	0	4.1550772952498096e-05
598	0	0.0001537116852693958
599	0	2.9145467271322126e-05
600	0	0
601	0	2.9145467271322126e-05
602	0	2.9145467271322126e-05
603	0	0
604	0	0.00042513142052232267
605	0	2.9145467271322126e-05
606	0	5.0232348045641674e-05
607	0	2.9145467271322126e-05
608	0	2.9145467271322126e-05
609	0	2.9145467271322126e-05
610	0	3.112382399092299e-05
611	0	2.9160595692884538e-05
612	0	2.934295309205676e-05
613	0	2.9145467271322126e-05
614	0	6.569895543815094e-05
615	0	0
616	0	0.0002514771417285944
617	0	0
618	0	2.928919673978001e-05
619	0	0
620	0	5.228765271146766e-05
621	0	2.9145467271322126e-05
622	0	0
623	0	0.00019159355795546383
624	0	4.714897739497541e-05
625	0	2.9145467271322126e-05
626	0	0
627	0	9.142148160678867e-05
628	0	2.9145467271322126e-05
629	0	0
630	0	2.9167213768748336e-05
631	0	8.618175909549055e-05
632	0	0
633	0	2.919288498295854e-05
634	0	2.9145467271322126e-05
635	0	0
636	0	0.0001103777442689397
637	0	7.111455816294162e-05
638	0	7.937738337859372e-05
639	0	0
640	0	5.395607863367405e-05
641	0	2.9145467271322126e-05
642	0	2.9218230204317526e-05
643	0	2.9153094265285343e-05
644	0	2.9145467271322126e-05
645	0	2.9179436742183515e-05
646	0	8.199222114799572e-05
647	0	0
648	0	0
649	0	0
650	0	5.395607863367405e-05
651	0	5.127998702705822e-05
652	0	8.307015125787988e-05
653	0	0
654	0	3.5361006665004475e-05
655	0	0.00015487517167397566
656	0	0
657	0	2.9145467271322126e-05
658	0	2.9145467271322126e-05
659	0	4.159640926005576e-05
660	0	2.9145467271322126e-05
661	0	2.9153080223565865e-05
662	0	2.9145467271322126e-05
663	0	2.9145467271322126e-05
664	0	4.1575565125660915e-05
665	0	0.00026694356288986776
666	0	4.9618549019055246e-05
667	0	4.505285902145489e-05
668	0	7.410156114610788e-05
669	0	0.0007940334883261298
670	0	0
671	0	0
672	0	8.880363624307801e-05
673	0	2.9145467271322126e-05
674	0	2.981209287314075e-05
675	0	0.000242107132350532
676	0	0
677	0	0
678	0	0
679	0	0
680	0	2.9145467271322126e-05
681	0	0
682	0	0
683	0	0
684	0	4.444483717045522e-05
685	0	0
686	0	0.0008026190628225834
687	0	2.9145467271322126e-05
688	0	0
689	0	2.9175994015539108e-05
690	0	2.950999899715312e-05
691	0	2.9153006199113787e-05
692	0	0.00019659903510161974
693	0	2.9145467271322126e-05
694	0	2.9145467271322126e-05
695	0	0
696	0	2.9145467271322126e-05
697	0	2.9145467271322126e-05
698	0	0
699	0	2.9145467271322126e-05
700	0	0
701	0	0
702	0	0.00048134814311624513
703	0	0
704	0	2.9145467271322126e-05
705	0	0.0005299808889714285
706	0	2.9145467271322126e-05
707	0	0.00014717970190013211
708	0	9.120613231019754e-05
709	0	2.9145467271322126e-05
710	0	0
711	0	0
712	0	2.9145467271322126e-05
713	0	2.9153094265285343e-05
714	0	0
715	0	4.9842190878004105e-05
716	0	0
717	0	0
718	0	0.00011156491715493756
719	0	2.9145467271322126e-05
720	0	0
721	0	2.9145467271322126e-05
722	0	2.9145467271322126e-05
723	0	0
724	0	0.001323519315908922
725	0	2.915305461424639e-05
726	0	0.00015851209381144738
727	0	0.00014710489045055978
728	0	2.9145467271322126e-05
729	0	0
730	0	0
731	0	0.00014972484143269826
732	0	0.00017620964893827346
733	0	3.06595217896236e-05
734	0	0
735	0	0
736	0	0
737	0	0
738	0	2.9235814904592665e-05
739	0	3.8391225655469644e-05
740	0	2.918945320933169e-05
741	0	0
742	0	0
743	0	0
744	0	4.613451637274951e-05
745	0	0.00011062953181304967
746	0	0
747	0	5.391796709548303e-05
748	0	2.9145467271322126e-05
749	0	3.815495638656217e-05
750	0	3.342480442555691e-05
751	0	5.396370328375468e-05
752	0	0.0001287081794320217
753	0	2.9145467271322126e-05
754	0	0.0001319030939446568
755	0	2.9145467271322126e-05
756	0	5.7721939943934215e-05
757	0	0.0002936478023689944
758	0	0
759	0	0.0003230070363073104
760	0	0.00013174078469730427
761	0	0
762	0	9.405333928765006e-05
763	0	0.0015145820709284593
764	0	2.9145467271322126e-05
765	0	0
766	0	4.175442071505235e-05
767	0	0
768	0	0.00048774200468250205
769	0	0
770	0	0
771	0	4.549375074085228e-05
772	0	2.9145467271322126e-05
773	0	0
774	0	0.00011926296666407807
775	0	0
776	0	2.9145467271322126e-05
777	0	0.0011368434298436282
778	0	0
779	0	0
780	0	0
781	0	0.00022499067408617216
782	0	9.153514278644896e-05
783	0	3.936245821201237e-05
784	0	2.9145467271322126e-05
785	0	0.000296482679238448
786	0	4.2402807273866195e-05
787	0	0
788	0	2.9145467271322126e-05
789	0	0
790	0	0.00021754853836175678
791	0	2.9145467271322126e-05
792	0	2.9145467271322126e-05
793	0	2.9172419355793896e-05
794	0	5.459637244848702e-05
795	0	3.7415671058772766e-05
796	0	0.0005211844992055049
797	0	0.0003275486070159837
798	0	2.9153101305587464e-05
799	0	2.9145467271322126e-05
800	0	4.1550772952498096e-05
801	0	5.3948432836644055e-05
802	0	2.9145467271322126e-05
803	0	5.395607863367405e-05
804	0	2.9145467271322126e-05
805	0	4.1550772952498096e-05
806	0	2.9145467271322126e-05
807	0	5.395607863367405e-05
808	0	2.9153031482103332e-05
809	0	8.810888913258718e-05
810	0	0.0002336220844207032
811	0	0.0008365027054819738
812	0	2.9167812448271613e-05
813	0	2.916839053405297e-05
814	0	0
815	0	2.9145467271322126e-05
816	0	0
817	0	0
818	0	0
819	0	5.312756051388195e-05
820	0	0
821	0	0.00019261111824947003
822	0	2.9145467271322126e-05
823	0	0.0002396446525076934
824	0	0
825	0	4.511903255691667e-05
826	0	3.6581700306320394e-05
827	0	2.9909476573591376e-05
828	0	0
829	0	6.309735704790196e-05
830	0	6.720114415108934e-05
831	0	4.785544909790732e-05
832	0	0
833	0	0
834	0	2.9145467271322126e-05
835	0	0
836	0	7.623780183031956e-05
837	0	6.281417320991997e-05
838	0	2.9145467271322126e-05
839	0	0
840	0	2.9145467271322126e-05
841	0	0
842	0	0.0001813472094628735
843	0	0
844	0	0.0009270779479531555
845	0	2.9145467271322126e-05
846	0	0.00014973637123085907
847	0	0
848	0	2.9145467271322126e-05
849	0	3.332885996255054e-05
850	0	0
851	0	0
852	0	0
853	0	2.9179213706896417e-05
854	0	2.9145467271322126e-05
855	0	0
856	0	0.0003582053269109811
857	0	0
858	0	7.08142000528926e-05
859	0	0
860	0	2.9172647297951165e-05
861	0	0.0001602897204613146
862	0	0.00017784638661650918
863	0	0
864	0	0
865	0	0
866	0	0.0004094678726004844
867	0	2.9145467271322126e-05
868	0	2.9145467271322126e-05
869	0	6.242681018512874e-05
870	0	2.916060290377159e-05
871	0	0
872	0	2.9145467271322126e-05
873	0	2.9145467271322126e-05
874	0	2.9145467271322126e-05
875	0	0
876	0	0.001224208896840861
877	0	2.9145467271322126e-05
878	0	2.9153087237956754e-05
879	0	6.38404235796583e-05
880	0	3.825641567454559e-05
881	0	0
882	0	2.9168369374118144e-05
883	0	0.0012608920265969345
884	0	2.9145467271322126e-05
885	0	0
886	0	8.195538856403426e-05
887	0	0
888	0	2.9145467271322126e-05
889	0	3.0126496317243694e-05
890	0	2.9145467271322126e-05
891	0	7.511686837068027e-05
892	0	0
893	0	2.9153101305587464e-05
894	0	5.956850630253286e-05
895	0	2.9200277350723075e-05
896	0	2.9145467271322126e-05
897	0	0
898	0	2.9145467271322126e-05
899	0	3.202973858559568e-05
900	0	0
901	0	0
902	0	0
903	0	0
904	0	0
905	0	2.9145467271322126e-05
906	0	6.708919966466456e-05
907	0	0
908	0	0
909	0	0
910	0	2.9145467271322126e-05
911	0	0
912	0	0
913	0	0
914	0	2.9145467271322126e-05
915	0	2.91847545493753e-05
916	0	9.028266789701706e-05
917	0	2.9145467271322126e-05
918	0	0.0003066986600738739
919	0	0
920	0	2.9145467271322126e-05
921	0	8.642614258690629e-05
922	0	2.9153070891108322e-05
923	0	0
924	0	5.39790018964049e-05
925	0	2.9145467271322126e-05
926	0	4.1566029329013754e-05
927	0	0
928	0	0
929	0	0
930	0	0.00010431556108280014
931	0	3.2510698613860865e-05
932	0	0
933	0	0.00047486308344185885
934	0	0
935	0	0.0002682476945306815
936	0	4.1550772952498096e-05
937	0	3.7415671058772766e-05
938	0	0
939	0	5.3590475909451035e-05
940	0	4.6066860523287565e-05
941	0	0
942	0	0.00017711304271433062
943	0	0
944	0	2.9145467271322126e-05
945	0	0
946	0	3.7415671058772766e-05
947	0	0
948	0	3.9285221226243935e-05
949	0	0
950	0	0
951	0	0
952	0	0
953	0	0
954	0	2.9145467271322126e-05
955	0	2.915309192140275e-05
956	0	0.00013180649033877134
957	0	3.873116286818654e-05
958	0	0
959	0	0
960	0	0.00014278799151263812
961	0	0
962	0	0
963	0	0.0002723117052888139
964	0	2.9145467271322126e-05
965	0	0
966	0	3.656145194013069e-05
967	0	2.9145467271322126e-05
968	0	0
969	0	0
970	0	0
971	0	3.8156534910342764e-05
972	0	2.9145467271322126e-05
973	0	0
974	0	2.9153113068352123e-05
975	0	3.648033165462824e-05
976	0	2.9145467271322126e-05
977	0	0
978	0	0.0004692579455305492
979	0	2.9231668645498668e-05
980	0	3.328056916504745e-05
981	0	5.6254190151156465e-05
982	0	2.9174731069339257e-05
983	0	0
984	0	2.9145467271322126e-05
985	0	4.4625703904017824e-05
986	0	2.9153108358899073e-05
987	0	0.00015382748100012177
988	0	0
989	0	2.9145467271322126e-05
990	0	9.574478122778488e-05
991	0	0
992	0	0.00027408857430731223
993	0	0
994	0	0.00019945545458768197
995	0	2.9145467271322126e-05
996	0	0
997	0	0
998	0	2.9153094265285343e-05
999	0	0.0008536844630661786
1000	0	2.9145467271322126e-05
1001	0	5.24934342272109e-05
1002	0	6.77272365236798e-05
1003	0	6.176680488471125e-05
1004	0	0
1005	0	0.00017741766711469874
1006	0	7.80517211669579e-05
1007	0	0
1008	0	2.9145467271322126e-05
1009	0	0
1010	0	2.9145467271322126e-05
1011	0	2.9152997047152886e-05
1012	0	0
1013	0	2.9145467271322126e-05
1014	0	0
1015	0	0
1016	0	0
1017	0	0.00019560418746519747
1018	0	0.0002708719238521956
1019	0	4.175442071505235e-05
1020	0	3.7817688047252996e-05
1021	0	2.9145467271322126e-05
1022	0	0.00011844514632422686
1023	0	0.00015779437332764479
1024	0	0
1025	0	4.763933006082671e-05
1026	0	0.00013617262571667297
1027	0	0.00012371345298418
1028	0	2.9145467271322126e-05
1029	0	4.2127902547844165e-05
1030	0	7.774745274842256e-05
1031	0	2.9145467271322126e-05
1032	0	4.232790848581356e-05
1033	0	7.42869295758652e-05
1034	0	2.9153110712900175e-05
1035	0	0
1036	0	0
1037	0	4.358771191308461e-05
1038	0	2.920627412529434e-05
1039	0	5.0335906789028636e-05
1040	0	5.395607863367405e-05
1041	0	3.305947646163963e-05
1042	0	2.9145467271322126e-05
1043	0	2.9145467271322126e-05
1044	0	0
1045	0	0
1046	0	0
1047	0	0
1048	0	0.0002899025103175722
1049	0	7.826846883290914e-05
1050	0	6.217708329369038e-05
1051	0	2.915305461424639e-05
1052	0	3.7825698238494405e-05
1053	0	4.6975082458288126e-05
1054	0	9.153514278644896e-05
1055	0	5.395607863367405e-05
1056	0	0.00010354673700807012
1057	0	2.9145467271322126e-05
1058	0	0
1059	0	4.0365272640702966e-05
1060	0	9.51037128710124e-05
1061	0	0
1062	0	2.9145467271322126e-05
1063	0	7.511125086430845e-05
1064	0	3.7415671058772766e-05
1065	0	4.9998232894977796e-05
1066	0	0
1067	0	0
1068	0	4.175442071505235e-05
1069	0	2.9216887217960814e-05
1070	0	0
1071	0	2.9145467271322126e-05
1072	0	0.0005288272105573635
1073	0	0.00010487984774894756
1074	0	2.9145467271322126e-05
1075	0	3.820897948837016e-05
1076	0	2.9145467271322126e-05
1077	0	0
1078	0	0.00012727130219993877
1079	0	7.807696007699138e-05
1080	0	2.9145467271322126e-05
1081	0	9.882229741564375e-05
1082	0	0.00018494543267993336
1083	0	4.3526100645382046e-05
1084	0	5.5783553893561094e-05
1085	0	0.0002498942641441291
1086	0	2.9145467271322126e-05
1087	0	0
1088	0	0
1089	0	0
1090	0	7.933155379175946e-05
1091	0	0.00011495640768627035
1092	0	3.920318222723051e-05
1093	0	4.620388705147631e-05
1094	0	0
1095	0	0
1096	0	0.00031054235711898713
1097	0	0
1098	0	0.00035155751336284064
1099	0	0
1100	0	2.9145467271322126e-05
1101	0	0
1102	0	0
1103	0	3.881850783737282e-05
1104	0	0
1105	0	2.9145467271322126e-05
1106	0	2.9145467271322126e-05
1107	0	0
1108	0	2.9145467271322126e-05
1109	0	2.917634874053525e-05
1110	0	3.5808103821921356e-05
1111	0	0
1112	0	4.140878520308997e-05
1113	0	0
1114	0	0.0001014734812103458
1115	0	2.9145467271322126e-05
1116	0	6.340055013101179e-05
1117	0	2.9145467271322126e-05
1118	0	2.9145467271322126e-05
1119	0	2.915310600634748e-05
1120	0	0
1121	0	6.623409627327652e-05
1122	0	0
1123	0	9.005630288093532e-05
1124	0	0.0007963226686787119
1125	0	2.9168404662412126e-05
1126	0	3.0152920185403886e-05
1127	0	0.00019698189374343998
1128	0	2.9145467271322126e-05
1129	0	6.084376857616498e-05
1130	0	2.9145467271322126e-05
1131	0	2.9160435409494604e-05
1132	0	0
1133	0	2.9145467271322126e-05
1134	0	2.947627542282015e-05
1135	0	9.746683888739148e-05
1136	0	0
1137	0	0.0002700519247824674
1138	0	0
1139	0	0
1140	0	5.395607863367405e-05
1141	0	2.9145467271322126e-05
1142	0	0.00014639406520732372
1143	0	0
1144	0	0.0001831695894571198
1145	0	2.9145467271322126e-05
1146	0	0.00014907756445113005
1147	0	0
1148	0	2.9145467271322126e-05
1149	0	2.9212456897717798e-05
1150	0	0
1151	0	4.1140781847625286e-05
1152	0	2.9145467271322126e-05
1153	0	2.9145467271322126e-05
1154	0	0
1155	0	0
1156	0	0
1157	0	0
1158	0	3.164914837745196e-05
1159	0	2.9145467271322126e-05
1160	0	0
1161	0	2.9145467271322126e-05
1162	0	7.384833763419469e-05
1163	0	0
1164	0	0.00011680415113215595
1165	0	5.139704266975867e-05
1166	0	0
1167	0	0
1168	0	4.1550772952498096e-05
1169	0	0
1170	0	0
1171	0	4.042932727422353e-05
1172	0	0.00025101077304074575
1173	0	4.518828279359854e-05
1174	0	6.870188515707502e-05
1175	0	4.70045600367209e-05
1176	0	0.00010801504427959754
1177	0	7.400852854453797e-05
1178	0	0.00020103629719828267
1179	0	9.145264921617118e-05
1180	0	0
1181	0	5.395607863367405e-05
1182	0	0
1183	0	2.9145467271322126e-05
1184	0	0
1185	0	5.5450082888284845e-05
1186	0	4.1526221576701935e-05
1187	0	5.420485176145972e-05
1188	0	2.9145467271322126e-05
1189	0	4.187162872150911e-05
1190	0	6.368754790892743e-05
1191	0	4.272175038257989e-05
1192	0	2.9145467271322126e-05
1193	0	0
1194	0	3.6581700306320394e-05
1195	0	0
1196	0	0.00021414760983087155
1197	0	2.921827047399011e-05
1198	0	0.0052358552135656
1199	0	2.9145467271322126e-05
1200	0	2.9145467271322126e-05
1201	0	5.1665868354072344e-05
1202	0	4.620042507632402e-05
1203	0	0
1204	0	0
1205	0	2.9145467271322126e-05
1206	0	0
1207	0	0
1208	0	4.27589113510188e-05
1209	0	0
1210	0	2.9145467271322126e-05
1211	0	0.00011850783118258189
1212	0	0
1213	0	0.00010825603445075685
1214	0	2.9145467271322126e-05
1215	0	2.9145467271322126e-05
1216	0	0
1217	0	0
1218	0	5.718500519066018e-05
1219	0	0.00027764922383174544
1220	0	2.9145467271322126e-05
1221	0	0
1222	0	0.0017353594222438767
1223	0	0
1224	0	0.00013731133309771886
1225	0	8.013273046211745e-05
1226	0	0
1227	0	7.876668999602598e-05
1228	0	0
1229	0	2.9166140169899615e-05
1230	0	2.9153101305587464e-05
1231	0	0.000211649103984056
1232	0	2.9145467271322126e-05
1233	0	2.965180627871706e-05
1234	0	0
1235	0	0
1236	0	0
1237	0	5.864178464025342e-05
1238	0	4.9835471964000596e-05
1239	0	4.1550772952498096e-05
1240	0	0
1241	0	4.155841874952809e-05
1242	0	0
1243	0	6.0848829169222206e-05
1244	0	0
1245	0	4.264136794182313e-05
1246	0	2.9159568160768138e-05
1247	0	0
1248	0	2.9145467271322126e-05
1249	0	0
1250	0	2.9145467271322126e-05
1251	0	4.60881084786316e-05
1252	0	2.9145467271322126e-05
1253	0	0
1254	0	5.395607863367405e-05
1255	0	2.9165112744685454e-05
1256	0	2.930675882403937e-05
1257	0	0
1258	0	0
1259	0	2.9145467271322126e-05
1260	0	0
1261	0	0.0006615111212427434
1262	0	0.0001037686132905737
1263	0	2.9153113068352123e-05
1264	0	0.00020466709250743185
1265	0	2.9145467271322126e-05
1266	0	0.0004372577741363161
1267	0	0
1268	0	5.550316608035673e-05
1269	0	2.9145467271322126e-05
1270	0	0
1271	0	3.754566959163343e-05
1272	0	2.9145467271322126e-05
1273	0	2.9145467271322126e-05
1274	0	0
1275	0	2.9160735375990332e-05
1276	0	6.368754790892743e-05
1277	0	2.965180627871706e-05
1278	0	0
1279	0	0
1280	0	6.231160042601417e-05
1281	0	2.9267549827254614e-05
1282	0	5.886047961532991e-05
1283	0	2.9145467271322126e-05
1284	0	0.0011482895194284163
1285	0	0
1286	0	0.0002483647306463565
1287	0	2.916074944647602e-05
1288	0	5.8269431144875803e-05
1289	0	0
1290	0	2.9145467271322126e-05
1291	0	7.512834620479156e-05
1292	0	0
1293	0	0.0003864992092289573
1294	0	2.9145467271322126e-05
1295	0	5.39637103197283e-05
1296	0	0
1297	0	0
1298	0	2.9237097933418893e-05
1299	0	0
1300	0	2.9145467271322126e-05
1301	0	0
1302	0	0
1303	0	0
1304	0	0
1305	0	0.00018884268375121016
1306	0	0
1307	0	0
1308	0	0.00022293933374884563
1309	0	0
1310	0	0.00010152802570520138
1311	0	5.864178464025342e-05
1312	0	3.810012206801244e-05
1313	0	0
1314	0	0
1315	0	6.638808912382494e-05
1316	0	0
1317	0	2.915308957896033e-05
1318	0	5.398475750906535e-05
1319	0	2.927943826446333e-05
1320	0	0
1321	0	0
1322	0	0
1323	0	2.9223260045710376e-05
1324	0	2.9145467271322126e-05
1325	0	4.0930697113117336e-05
1326	0	2.9145467271322126e-05
1327	0	0.0001623009089857553
1328	0	0
1329	0	0
1330	0	0
1331	0	0
1332	0	4.542417560912035e-05
1333	0	0
1334	0	0
1335	0	2.9145467271322126e-05
1336	0	7.875140311286989e-05
1337	0	2.9159562116839773e-05
1338	0	0
1339	0	0.00011262202797577215
1340	0	0
1341	0	0.00010307445843091998
1342	0	2.9145467271322126e-05
1343	0	3.812105275179219e-05
1344	0	0
1345	0	9.242854311080266e-05
1346	0	0
1347	0	2.9145467271322126e-05
1348	0	0
1349	0	2.9145467271322126e-05
1350	0	2.9145467271322126e-05
1351	0	0
1352	0	0
1353	0	2.9145467271322126e-05
1354	0	0
1355	0	2.9145467271322126e-05
1356	0	2.9145467271322126e-05
1357	0	2.9145467271322126e-05
1358	0	0
1359	0	0.00016021756190107543
1360	0	4.210828057416368e-05
1361	0	0
1362	0	0
1363	0	2.9153108358899073e-05
1364	0	6.917352225912761e-05
1365	0	3.9789442082923737e-05
1366	0	2.9145467271322126e-05
1367	0	0.0004337059930418097
1368	0	0
1369	0	2.9145467271322126e-05
1370	0	0
1371	0	0
1372	0	0
1373	0	0
1374	0	4.7062406141868615e-05
1375	0	0
1376	0	2.9145467271322126e-05
1377	0	0
1378	0	4.2194418017283e-05
1379	0	0
1380	0	9.804782769300209e-05
1381	0	0
1382	0	0
1383	0	2.9145467271322126e-05
1384	0	2.9180055627985516e-05
1385	0	0
1386	0	2.9282692547110803e-05
1387	0	2.9145467271322126e-05
1388	0	0
1389	0	0
1390	0	0
1391	0	0.00013992495591572037
1392	0	0
1393	0	2.9191138223950314e-05
1394	0	0
1395	0	5.395607863367405e-05
1396	0	2.9145467271322126e-05
1397	0	7.931307480281848e-05
1398	0	0
1399	0	0.0002784133340122604
1400	0	2.9145467271322126e-05
1401	0	6.2017091184329e-05
1402	0	2.9145467271322126e-05
1403	0	0
1404	0	0
1405	0	0
1406	0	0
1407	0	2.9145467271322126e-05
1408	0	0
1409	0	2.9145467271322126e-05
1410	0	2.9153087237956754e-05
1411	0	0
1412	0	2.9145467271322126e-05
1413	0	2.9145467271322126e-05
1414	0	3.7415671058772766e-05
1415	0	2.9145467271322126e-05
1416	0	9.04743771859853e-05
1417	0	3.950258714575893e-05
1418	0	5.397137022773405e-05
1419	0	2.9145467271322126e-05
1420	0	0
1421	0	2.9145467271322126e-05
1422	0	0
1423	0	0
1424	0	2.9145467271322126e-05
1425	0	9.625583796097958e-05
1426	0	0.0014921819214013833
1427	0	2.9153113068352123e-05
1428	0	2.9145467271322126e-05
1429	0	5.5718040860138174e-05
1430	0	5.0360665524055664e-05
1431	0	7.465849048214232e-05
1432	0	2.9145467271322126e-05
1433	0	4.9820976739948735e-05
1434	0	2.9183209266277184e-05
1435	0	0
1436	0	0
1437	0	8.759522784238724e-05
1438	0	0
1439	0	4.7087695527042405e-05
1440	0	0.0002077672634139741
1441	0	0
1442	0	0
1443	0	2.9153024569939958e-05
1444	0	0
1445	0	0
1446	0	3.7710097584627346e-05
1447	0	2.9145467271322126e-05
1448	0	2.9145467271322126e-05
1449	0	6.934872178839026e-05
1450	0	2.9145467271322126e-05
1451	0	4.1550772952498096e-05
1452	0	5.2409462777635067e-05
1453	0	2.9145467271322126e-05
1454	0	0
1455	0	5.2139584018209597e-05
1456	0	0
1457	0	0
1458	0	0
1459	0	2.9145467271322126e-05
1460	0	2.9145467271322126e-05
1461	0	2.9266498156259564e-05
1462	0	0.00026748978722071823
1463	0	0
1464	0	2.9145467271322126e-05
1465	0	0
1466	0	0
1467	0	0
1468	0	2.9145467271322126e-05
1469	0	2.9145467271322126e-05
1470	0	7.861772196144039e-05
1471	0	2.9145467271322126e-05
1472	0	0.0009535002118530795
1473	0	0.00020712317206860313
1474	0	0
1475	0	0
1476	0	2.9153110712900175e-05
1477	0	0
1478	0	0
1479	0	0
1480	0	4.1196286089840664e-05
1481	0	0
1482	0	0.00018494543267993336
1483	0	4.531301711426981e-05
1484	0	0.00010025196557940536
1485	0	0
1486	0	5.395607863367405e-05
1487	0	0
1488	0	3.42509335366025e-05
1489	0	0
1490	0	0
1491	0	0.00012519548090747387
1492	0	0
1493	0	0
1494	0	0
1495	0	3.6028788150170997e-05
1496	0	0
1497	0	2.919085270785523e-05
1498	0	0
1499	0	2.9145467271322126e-05
1500	0	0
1501	0	3.410758954379251e-05
1502	0	5.5098999300688544e-05
1503	0	0
1504	0	0
1505	0	0
1506	0	2.9145467271322126e-05
1507	0	7.467235097659026e-05
1508	0	0
1509	0	2.9145467271322126e-05
1510	0	4.744768045265784e-05
1511	0	0
1512	0	2.9296599449182613e-05
1513	0	2.9145467271322126e-05
1514	0	0
1515	0	4.483761442232999e-05
1516	0	5.3982939021527344e-05
1517	0	0
1518	0	0.0012241082578679132
1519	0	0
1520	0	2.9145467271322126e-05
1521	0	5.394845163971083e-05
1522	0	4.8406812508118136e-05
1523	0	0
1524	0	2.9145467271322126e-05
1525	0	0
1526	0	0.0008937304209764838
1527	0	0
1528	0	0.0004302186066883426
1529	0	2.9245726636892152e-05
1530	0	2.9334993451403858e-05
1531	0	2.9185033237122143e-05
1532	0	0
1533	0	7.362142239510203e-05
1534	0	2.9145467271322126e-05
1535	0	0
1536	0	0
1537	0	2.9383753187728362e-05
1538	0	0
1539	0	2.9145467271322126e-05
1540	0	6.813357084073229e-05
1541	0	2.9145467271322126e-05
1542	0	4.969756826881049e-05
1543	0	0
1544	0	0
1545	0	0
1546	0	2.9145467271322126e-05
1547	0	0
1548	0	2.9145467271322126e-05
1549	0	9.153039923950208e-05
1550	0	0
1551	0	0
1552	0	2.9145467271322126e-05
1553	0	2.9145467271322126e-05
1554	0	0
1555	0	0
1556	0	2.9145467271322126e-05
1557	0	2.9145467271322126e-05
1558	0	0
1559	0	5.127773006666401e-05
1560	0	2.9145467271322126e-05
1561	0	0.00012097559901752853
1562	0	2.921125674956916e-05
1563	0	5.6589503892124705e-05
1564	0	0.00031402149229603385
1565	0	0
1566	0	0
1567	0	0
1568	0	0.0007838406142825239
1569	0	2.9145467271322126e-05
1570	0	0.0004197026127606919
1571	0	2.9145467271322126e-05
1572	0	0
1573	0	0
1574	0	0
1575	0	4.168350213307134e-05
1576	0	0
1577	0	2.916839053405297e-05
1578	0	0
1579	0	0
1580	0	0
1581	0	2.9145467271322126e-05
1582	0	0
1583	0	2.9145467271322126e-05
1584	0	0
1585	0	0
1586	0	0
1587	0	9.518885365145052e-05
1588	0	0
1589	0	6.643106962818199e-05
1590	0	0
1591	0	0
1592	0	5.263980213648672e-05
1593	0	0
1594	0	2.9145467271322126e-05
1595	0	0
1596	0	0
1597	0	2.9240464322053887e-05
1598	0	0
1599	0	5.227352906880174e-05
1600	0	2.9145467271322126e-05
1601	0	0
1602	0	4.923378743932243e-05
1603	0	2.9145467271322126e-05
1604	0	0
1605	0	2.9145467271322126e-05
1606	0	3.906075216687414e-05
1607	0	6.852990833152403e-05
1608	0	2.9145467271322126e-05
1609	0	0
1610	0	0
1611	0	0
1612	0	3.7648986762331645e-05
1613	0	0
1614	0	2.9145467271322126e-05
1615	0	0
1616	0	0
1617	0	4.434216505059865e-05
1618	0	0
1619	0	2.915960113671355e-05
1620	0	2.9145467271322126e-05
1621	0	2.9153031482103332e-05
1622	0	0
1623	0	0
1624	0	9.533801663333955e-05
1625	0	0
1626	0	0
1627	0	0
1628	0	4.521327728104752e-05
1629	0	2.9145467271322126e-05
1630	0	7.2611944840624e-05
1631	0	0
1632	0	2.9145467271322126e-05
1633	0	4.215507030808009e-05
1634	0	0
1635	0	2.9145467271322126e-05
1636	0	0
1637	0	0
1638	0	2.9145467271322126e-05
1639	0	3.953577595727353e-05
1640	0	0
1641	0	0
1642	0	0
1643	0	0.00040294120909838664
1644	0	0
1645	0	0
1646	0	6.043042650562286e-05
1647	0	0
1648	0	6.1059221045762e-05
1649	0	0
1650	0	5.799172924152107e-05
1651	0	2.9145467271322126e-05
1652	0	0.00015985987021202515
1653	0	2.9145467271322126e-05
1654	0	8.19692103360265e-05
1655	0	4.681299625770087e-05
1656	0	0
1657	0	0
1658	0	0
1659	0	0
1660	0	0
1661	0	6.0848829169222206e-05
1662	0	2.9160674512322805e-05
1663	0	2.9145467271322126e-05
1664	0	2.9153103655244056e-05
1665	0	0
1666	0	0
1667	0	2.9145467271322126e-05
1668	0	9.845715448690403e-05
1669	0	0
1670	0	5.477244367272057e-05
1671	0	0
1672	0	2.9145467271322126e-05
1673	0	0
1674	0	0
1675	0	4.1550772952498096e-05
1676	0	0
1677	0	0
1678	0	2.915254697529001e-05
1679	0	0.00014993984525267338
1680	0	7.555706574426123e-05
1681	0	0.0002981952793792842
1682	0	2.915308957896033e-05
1683	0	2.9145467271322126e-05
1684	0	2.9145467271322126e-05
1685	0	5.395607863367405e-05
1686	0	0.00031267708213957864
1687	0	0
1688	0	7.51242408078958e-05
1689	0	2.9145467271322126e-05
1690	0	0
1691	0	0
1692	0	0
1693	0	2.9145467271322126e-05
1694	0	0.00010175418616419654
1695	0	0
1696	0	2.9145467271322126e-05
1697	0	0.00013350883688082108
1698	0	7.328285098294598e-05
1699	0	2.9159497560295414e-05
1700	0	0
1701	0	4.114259892229976e-05
1702	0	0
1703	0	2.9178291798188244e-05
1704	0	2.9145467271322126e-05
1705	0	2.9153110712900175e-05
1706	0	2.9145467271322126e-05
1707	0	0.00023821304325828173
1708	0	2.9145467271322126e-05
1709	0	0
1710	0	0
1711	0	3.174360426792649e-05
1712	0	0
1713	0	0
1714	0	0
1715	0	7.44312662388033e-05
1716	0	2.9145467271322126e-05
1717	0	0
1718	0	2.9153108358899073e-05
1719	0	2.9145467271322126e-05
1720	0	2.9145467271322126e-05
1721	0	2.923599001515944e-05
1722	0	5.3917896714064404e-05
1723	0	2.9145467271322126e-05
1724	0	0.00029671062128692826
1725	0	2.915306158150344e-05
1726	0	2.9145467271322126e-05
1727	0	3.4769180376496636e-05
1728	0	2.915959679050648e-05
1729	0	0.00020578358207230343
1730	0	0
1731	0	0.0002715610920135163
1732	0	6.983381854095502e-05
1733	0	6.346598033747674e-05
1734	0	2.9145467271322126e-05
1735	0	4.6701756660118065e-05
1736	0	0
1737	0	0
1738	0	0
1739	0	0
1740	0	2.9153075554475254e-05
1741	0	0
1742	0	9.486904122089714e-05
1743	0	3.046150002083108e-05
1744	0	3.046150002083108e-05
1745	0	0
1746	0	0
1747	0	0.00020892294626670744
1748	0	9.140133437749846e-05
1749	0	0.0010195066452720655
1750	0	0
1751	0	2.9145467271322126e-05
1752	0	0
1753	0	2.9145467271322126e-05
1754	0	6.055176763933129e-05
1755	0	4.513870392066561e-05
1756	0	3.319125509069931e-05
1757	0	2.9145467271322126e-05
1758	0	2.9145467271322126e-05
1759	0	0
1760	0	0
1761	0	0
1762	0	0.0006862413560981443
1763	0	0
1764	0	0
1765	0	4.1550772952498096e-05
1766	0	2.9145467271322126e-05
1767	0	3.9915659125600196e-05
1768	0	0
1769	0	0
1770	0	2.9187451534173218e-05
1771	0	2.9145467271322126e-05
1772	0	2.9145467271322126e-05
1773	0	3.8484466733081626e-05
1774	0	7.875144069586473e-05
1775	0	2.9153084898390703e-05
1776	0	0.0001875000112775066
1777	0	0
1778	0	2.9145467271322126e-05
1779	0	7.771552017773557e-05
1780	0	0
1781	0	0
1782	0	0
1783	0	2.9145467271322126e-05
1784	0	4.523673833395533e-05
1785	0	0.00033340267311018353
1786	0	2.9145467271322126e-05
1787	0	2.9153108358899073e-05
1788	0	3.656145194013069e-05
1789	0	4.188633517651337e-05
1790	0	0
1791	0	5.145462647764074e-05
1792	0	2.9145467271322126e-05
1793	0	2.9160707204591385e-05
1794	0	3.050634963585866e-05
1795	0	0
1796	0	0
1797	0	3.9321437198841425e-05
1798	0	0
1799	0	0
1800	0	0
1801	0	5.6858290736578364e-05
1802	0	3.963211819870261e-05
1803	0	0
1804	0	3.1802924338619777e-05
1805	0	3.6581700306320394e-05
1806	0	2.9168229300094926e-05
1807	0	2.9145467271322126e-05
1808	0	8.009046025083495e-05
1809	0	0
1810	0	2.9145467271322126e-05
1811	0	0
1812	0	0
1813	0	2.9153110712900175e-05
1814	0	0
1815	0	2.9160480727830958e-05
1816	0	8.801597543469209e-05
1817	0	0
1818	0	0.00012413823508805206
1819	0	2.9145467271322126e-05
1820	0	2.9145467271322126e-05
1821	0	2.9174211240096066e-05
1822	0	0.00016125682916535622
1823	0	2.9145467271322126e-05
1824	0	2.9145467271322126e-05
1825	0	0
1826	0	0
1827	0	4.843703602750143e-05
1828	0	0
1829	0	0
1830	0	2.9145467271322126e-05
1831	0	3.920318222723051e-05
1832	0	2.9274332191473085e-05
1833	0	0
1834	0	6.538070847540324e-05
1835	0	0
1836	0	3.685181061347386e-05
1837	0	0
1838	0	2.9145467271322126e-05
1839	0	7.510768804887944e-05
1840	0	0
1841	0	3.534812011191011e-05
1842	0	2.946622896889415e-05
1843	0	3.2246793691616115e-05
1844	0	8.211200823009871e-05
1845	0	0
1846	0	9.075566661149745e-05
1847	0	2.9159562116839773e-05
1848	0	0
1849	0	0
1850	0	0
1851	0	4.894847607343487e-05
1852	0	0
1853	0	2.9172862354773688e-05
1854	0	0
1855	0	0
1856	0	2.9145467271322126e-05
1857	0	9.136080523251164e-05
1858	0	0.00019156407712841262
1859	0	0
1860	0	0
1861	0	0
1862	0	0
1863	0	7.018824324860417e-05
1864	0	2.9168271142059582e-05
1865	0	2.9145467271322126e-05
1866	0	9.306169456968053e-05
1867	0	0
1868	0	2.9145467271322126e-05
1869	0	7.326501903388156e-05
1870	0	2.9153024569939958e-05
1871	0	0
1872	0	0
1873	0	2.9145467271322126e-05
1874	0	0.00014280718355849387
1875	0	2.9145467271322126e-05
1876	0	6.683434685818926e-05
1877	0	4.275624784106743e-05
1878	0	2.9168320343234967e-05
1879	0	0
1880	0	6.744442285061214e-05
1881	0	0
1882	0	2.9145467271322126e-05
1883	0	4.521190483623639e-05
1884	0	0
1885	0	2.9153113068352123e-05
1886	0	2.915960148671417e-05
1887	0	0
1888	0	7.51489292603428e-05
1889	0	0
1890	0	0
1891	0	0
1892	0	0
1893	0	2.9145467271322126e-05
1894	0	5.746036039425355e-05
1895	0	2.9145467271322126e-05
1896	0	4.472763223257312e-05
1897	0	3.657110367939261e-05
1898	0	2.9145467271322126e-05
1899	0	3.7920298934769384e-05
1900	0	8.339629298293622e-05
1901	0	0
1902	0	0.00042052262140562124
1903	0	0
1904	0	0
1905	0	2.9145467271322126e-05
1906	0	0
1907	0	2.9145467271322126e-05
1908	0	0
1909	0	2.9145467271322126e-05
1910	0	0
1911	0	3.890036736150054e-05
1912	0	2.9153084898390703e-05
1913	0	2.9145467271322126e-05
1914	0	2.9145467271322126e-05
1915	0	0.00023115753046069952
1916	0	0
1917	0	5.6089295171821e-05
1918	0	0
1919	0	2.9145467271322126e-05
1920	0	7.509466365884545e-05
1921	0	7.376816471308977e-05
1922	0	2.9153096610609443e-05
1923	0	2.9319555043054393e-05
1924	0	9.916625037317021e-05
1925	0	0
1926	0	0
1927	0	4.512467141763882e-05
1928	0	2.9145467271322126e-05
1929	0	3.812437595273315e-05
1930	0	0.00011930560612924589
1931	0	9.874748779953699e-05
1932	0	0
1933	0	2.9145467271322126e-05
1934	0	0
1935	0	0
1936	0	0
1937	0	2.9172052684320795e-05
1938	0	5.6655597379061446e-05
1939	0	0
1940	0	4.5953664471572205e-05
1941	0	2.9145467271322126e-05
1942	0	2.9145467271322126e-05
1943	0	2.9153080223565865e-05
1944	0	2.9145467271322126e-05
1945	0	6.1912260090037e-05
1946	0	0
1947	0	0.0001109322134044649
1948	0	0
1949	0	0
1950	0	2.9145467271322126e-05
1951	0	0.0001354162950857969
1952	0	0
1953	0	2.9145467271322126e-05
1954	0	0
1955	0	2.9145467271322126e-05
1956	0	2.9145467271322126e-05
1957	0	4.05267180458416e-05
1958	0	2.9153087237956754e-05
1959	0	8.169312117041403e-05
1960	0	0.00013636074440865449
1961	0	7.055990422550976e-05
1962	0	0
1963	0	6.200851032575935e-05
1964	0	0
1965	0	0
1966	0	0.0002022918712570288
1967	0	2.9153101305587464e-05
1968	0	2.9145467271322126e-05
1969	0	5.7870182672348785e-05
1970	0	5.398237669730537e-05
1971	0	0.00010762064100973381
1972	0	0.0002052182189423347
1973	0	0
1974	0	0.00017543686132759622
1975	0	2.915310600634748e-05
1976	0	0
1977	0	4.87004872988963e-05
1978	0	5.233495032928154e-05
1979	0	4.2331139476307306e-05
1980	0	0
1981	0	0
1982	0	2.9145467271322126e-05
1983	0	4.1564932951384845e-05
1984	0	2.9145467271322126e-05
1985	0	4.7522484030817885e-05
1986	0	2.9145467271322126e-05
1987	0	2.919123864236883e-05
1988	0	5.91277065965164e-05
1989	0	0
1990	0	2.9145467271322126e-05
1991	0	2.9145467271322126e-05
1992	0	2.9145467271322126e-05
1993	0	0.000266341492130488
1994	0	2.9145467271322126e-05
1995	0	0
1996	0	2.9145467271322126e-05
1997	0	0
1998	0	2.9153110712900175e-05
1999	0	0
2000	0	3.8506402522403775e-05
2001	0	2.9145467271322126e-05
2002	0	3.225443242664147e-05
2003	0	7.122402998279108e-05
2004	0	2.9145467271322126e-05
2005	0	2.9153108358899073e-05
2006	0	0
2007	0	2.9371804336845836e-05
2008	0	0
2009	0	0
2010	0	0
2011	0	0
2012	0	0
2013	0	0
2014	0	2.9153094265285343e-05
2015	0	5.4475394059132326e-05
2016	0	2.9145467271322126e-05
2017	0	0
2018	0	2.9145467271322126e-05
2019	0	0
2020	0	2.921335036093409e-05
2021	0	4.159194372967679e-05
2022	0	2.9160362611114684e-05
2023	0	4.607421535351654e-05
2024	0	4.0395543881258595e-05
2025	0	2.9145467271322126e-05
2026	0	2.9145467271322126e-05
2027	0	0
2028	0	0
2029	0	2.9145467271322126e-05
2030	0	4.023546810977021e-05
2031	0	0
2032	0	0
2033	0	8.581873390854472e-05
2034	0	8.486692584706663e-05
2035	0	0
2036	0	0
2037	0	4.8830010128649985e-05
2038	0	2.9145467271322126e-05
2039	0	7.228736739350189e-05
2040	0	0.00021308265511116607
2041	0	2.9145467271322126e-05
2042	0	0
2043	0	4.0851118273955895e-05
2044	0	2.9255660076879572e-05
2045	0	2.9145467271322126e-05
2046	0	2.916068854109275e-05
2047	0	2.9145467271322126e-05
2048	0	0
2049	0	2.9192928494312622e-05
2050	0	8.229696141066222e-05
2051	0	2.9145467271322126e-05
2052	0	2.9145467271322126e-05
2053	0	0.0009248868072934984
2054	0	3.798804847152102e-05
2055	0	2.9145467271322126e-05
2056	0	0
2057	0	2.9145467271322126e-05
2058	0	0
2059	0	0.00011041471501543528
2060	0	0.00025039854913330397
2061	0	7.911012413989274e-05
2062	0	2.9145467271322126e-05
2063	0	0
2064	0	9.658386902704971e-05
2065	0	0
2066	0	0
2067	0	0
2068	0	0.0009065242230732932
2069	0	0
2070	0	2.9145467271322126e-05
2071	0	0
2072	0	5.051377965907557e-05
2073	0	0
2074	0	5.395607863367405e-05
2075	0	2.9493443830966323e-05
2076	0	2.9145467271322126e-05
2077	0	0
2078	0	2.9145467271322126e-05
2079	0	0
2080	0	0
2081	0	2.9145467271322126e-05
2082	0	0
2083	0	8.567698056146514e-05
2084	0	2.9145467271322126e-05
2085	0	3.9713572755096156e-05
2086	0	9.943460570364243e-05
2087	0	0
2088	0	0
2089	0	0
2090	0	3.309945315145182e-05
2091	0	2.9145467271322126e-05
2092	0	3.009972155448951e-05
2093	0	2.9145467271322126e-05
2094	0	2.9145467271322126e-05
2095	0	0
2096	0	0
2097	0	4.13301414658697e-05
2098	0	2.9145467271322126e-05
2099	0	2.9145467271322126e-05
2100	0	2.9145467271322126e-05
2101	0	0
2102	0	4.699034996271517e-05
2103	0	0
2104	0	0
2105	0	2.9145467271322126e-05
2106	0	2.9810082603349888e-05
2107	0	0
2108	0	0
2109	0	0
2110	0	5.51198994612716e-05
2111	0	5.338535169450061e-05
2112	0	2.9145467271322126e-05
2113	0	2.959359402549753e-05
2114	0	0
2115	0	0
2116	0	4.457823860938746e-05
2117	0	4.1550772952498096e-05
2118	0	2.9145467271322126e-05
2119	0	5.398827527442324e-05
2120	0	0
2121	0	0
2122	0	0
2123	0	0
2124	0	0
2125	0	2.9145467271322126e-05
2126	0	7.133011188537887e-05
2127	0	0
2128	0	0
2129	0	2.9145467271322126e-05
2130	0	0
2131	0	0
2132	0	0
2133	0	9.347975043968028e-05
2134	0	2.9159627270208882e-05
2135	0	4.7992298331519025e-05
2136	0	0
2137	0	2.9153108358899073e-05
2138	0	2.9145467271322126e-05
2139	0	0
2140	0	3.269727367166697e-05
2141	0	0
2142	0	4.2331139476307306e-05
2143	0	0.0002462981827767238
2144	0	0
2145	0	2.9266498156259564e-05
2146	0	2.9168159903665737e-05
2147	0	0
2148	0	0
2149	0	0.00024651701489571717
2150	0	0
2151	0	2.9145467271322126e-05
2152	0	2.9145467271322126e-05
2153	0	2.9160628048201047e-05
2154	0	0
2155	0	2.9145467271322126e-05
2156	0	2.9145467271322126e-05
2157	0	0.000302364095980933
2158	0	2.9153113068352123e-05
2159	0	0
2160	0	0
2161	0	0
2162	0	2.9145467271322126e-05
2163	0	2.9173746166034915e-05
2164	0	3.798804847152102e-05
2165	0	7.51969233721999e-05
2166	0	0.0001486261315553584
2167	0	0
2168	0	3.141625486522301e-05
2169	0	5.395607863367405e-05
2170	0	0
2171	0	0
2172	0	2.917107209801302e-05
2173	0	5.395607863367405e-05
2174	0	0
2175	0	0
2176	0	0
2177	0	2.9145467271322126e-05
2178	0	0.0002701883579332363
2179	0	2.9145467271322126e-05
2180	0	2.9173753755030922e-05
2181	0	0
2182	0	2.9145467271322126e-05
2183	0	0
2184	0	2.9145467271322126e-05
2185	0	0.0001396664175642793
2186	0	2.9145467271322126e-05
2187	0	0
2188	0	2.917362870641917e-05
2189	0	0
2190	0	5.5242315457190715e-05
2191	0	0
2192	0	5.395607863367405e-05
2193	0	4.49802511788893e-05
2194	0	2.9145467271322126e-05
2195	0	2.9153096610609443e-05
2196	0	0
2197	0	2.929273516125525e-05
2198	0	4.040506496757728e-05
2199	0	0
2200	0	0
2201	0	2.9145467271322126e-05
2202	0	2.9145467271322126e-05
2203	0	3.2246793691616115e-05
2204	0	2.9199712151982102e-05
2205	0	2.9203154550223508e-05
2206	0	0
2207	0	9.427543143651556e-05
2208	0	0
2209	0	2.9145467271322126e-05
2210	0	0
2211	0	0
2212	0	2.9897303979272182e-05
2213	0	0.00028223357783878133
2214	0	2.9145467271322126e-05
2215	0	0
2216	0	2.9153110712900175e-05
2217	0	2.9145467271322126e-05
2218	0	2.9180782897582018e-05
2219	0	0.00012269348446149054
2220	0	0
2221	0	0.0001015857599293485
2222	0	0
2223	0	0
2224	0	5.667747700258448e-05
2225	0	2.9175960697414068e-05
2226	0	0
2227	0	0.0008754580162865159
2228	0	0
2229	0	4.6375517305566875e-05
2230	0	7.018824324860417e-05
2231	0	0.0006358805928323531
2232	0	0.0001423876724502713
2233	0	0
2234	0	3.656145194013069e-05
2235	0	2.9168362329484862e-05
2236	0	0.00021526423558196553
2237	0	0
2238	0	5.55458559156123e-05
2239	0	2.9145467271322126e-05
2240	0	2.9145467271322126e-05
2241	0	0.0002113870435002072
2242	0	2.9145467271322126e-05
2243	0	5.39713093277773e-05
2244	0	0
2245	0	2.9145467271322126e-05
2246	0	0.0009193395883499081
2247	0	0
2248	0	7.510715322163727e-05
2249	0	2.9145467271322126e-05
2250	0	2.9187750968843243e-05
2251	0	2.9145467271322126e-05
2252	0	0
2253	0	0
2254	0	5.395607863367405e-05
2255	0	2.9145467271322126e-05
2256	0	5.406220407182649e-05
2257	0	0
2258	0	2.9145467271322126e-05
2259	0	2.9145467271322126e-05
2260	0	0
2261	0	2.9145467271322126e-05
2262	0	3.82365286366704e-05
2263	0	0
2264	0	4.803409193325371e-05
2265	0	0
2266	0	5.8180085092769096e-05
2267	0	3.617116604541161e-05
2268	0	2.9170944806426922e-05
2269	0	2.9159618723101728e-05
2270	0	6.4504525779004e-05
2271	0	0
2272	0	5.234171650299887e-05
2273	0	0
2274	0	9.203302780745078e-05
2275	0	2.9145467271322126e-05
2276	0	2.9184605876475957e-05
2277	0	0
2278	0	2.9145467271322126e-05
2279	0	6.990352382060278e-05
2280	0	2.9160721259248566e-05
2281	0	4.158506608398827e-05
2282	0	2.9145467271322126e-05
2283	0	2.9145467271322126e-05
2284	0	3.7710097584627346e-05
2285	0	0
2286	0	4.872119755620566e-05
2287	0	2.9160526789297292e-05
2288	0	4.47498159824162e-05
2289	0	2.9145467271322126e-05
2290	0	0.0002383888667035185
2291	0	0.00019607168656061075
2292	0	2.9145467271322126e-05
2293	0	0
2294	0	5.3940843379536905e-05
2295	0	0
2296	0	4.517663374933078e-05
2297	0	0
2298	0	2.9145467271322126e-05
2299	0	2.9145467271322126e-05
2300	0	2.9145467271322126e-05
2301	0	2.9145467271322126e-05
2302	0	0
2303	0	5.5162017557037006e-05
2304	0	3.534812011191011e-05
2305	0	0
2306	0	4.1550772952498096e-05
2307	0	0
2308	0	2.9145467271322126e-05
2309	0	0
2310	0	0
2311	0	0
2312	0	0
2313	0	5.3971356103724764e-05
2314	0	2.915309192140275e-05
2315	0	0
2316	0	2.9145467271322126e-05
2317	0	2.9145467271322126e-05
2318	0	2.9145467271322126e-05
2319	0	0
2320	0	3.97811767401745e-05
2321	0	0
2322	0	4.861973421766219e-05
2323	0	2.9145467271322126e-05
2324	0	0.00030297194229243676
2325	0	2.9145467271322126e-05
2326	0	0
2327	0	0
2328	0	0
2329	0	2.916020958685001e-05
2330	0	0
2331	0	0
2332	0	2.9145467271322126e-05
2333	0	0
2334	0	4.828584460147252e-05
2335	0	2.9145467271322126e-05
2336	0	0
2337	0	0
2338	0	2.9145467271322126e-05
2339	0	0
2340	0	7.876668999602598e-05
2341	0	0
2342	0	0
2343	0	5.3979954036879295e-05
2344	0	5.659172203508561e-05
2345	0	2.9145467271322126e-05
2346	0	2.9145467271322126e-05
2347	0	0
2348	0	2.9159731968370772e-05
2349	0	0
2350	0	4.1550772952498096e-05
2351	0	2.916072594989676e-05
2352	0	2.9145467271322126e-05
2353	0	0.00018494543267993336
2354	0	2.9145467271322126e-05
2355	0	0
2356	0	2.9249443760089463e-05
2357	0	5.323902065069835e-05
2358	0	4.7721984564333754e-05
2359	0	0
2360	0	4.997306189105662e-05
2361	0	2.9145467271322126e-05
2362	0	0
2363	0	3.7415671058772766e-05
2364	0	6.945503133138081e-05
2365	0	0
2366	0	0
2367	0	0.00014344291559570353
2368	0	2.917779566743537e-05
2369	0	0
2370	0	2.9145467271322126e-05
2371	0	2.9145467271322126e-05
2372	0	0
2373	0	4.0488079984055426e-05
2374	0	0
2375	0	2.9145467271322126e-05
2376	0	0
2377	0	0
2378	0	2.9145467271322126e-05
2379	0	0
2380	0	2.9145467271322126e-05
2381	0	0
2382	0	0
2383	0	2.9145467271322126e-05
2384	0	0
2385	0	2.9145467271322126e-05
2386	0	0
2387	0	0
2388	0	7.504148842583011e-05
2389	0	0
2390	0	0
2391	0	0
2392	0	0
2393	0	0.0002001822694565779
2394	0	0.0002042930062438223
2395	0	0
2396	0	2.9160737689509398e-05
2397	0	2.9145467271322126e-05
2398	0	0
2399	0	2.9173787269095638e-05
2400	0	7.894047352152493e-05
2401	0	0
2402	0	0
2403	0	0
2404	0	8.088393397523755e-05
2405	0	0
2406	0	2.9153070891108322e-05
2407	0	0
2408	0	0.00010710157664987396
2409	0	2.9145467271322126e-05
2410	0	3.268984032308669e-05
2411	0	2.9145467271322126e-05
2412	0	0
2413	0	2.9145467271322126e-05
2414	0	0.0001921857019985623
2415	0	2.9145467271322126e-05
2416	0	0.00013265957277963674
2417	0	3.497908189127495e-05
2418	0	0.0006160712934482244
2419	0	2.9145467271322126e-05
2420	0	0
2421	0	0.000333437244810645
2422	0	0
2423	0	0
2424	0	0
2425	0	0
2426	0	0
2427	0	0
2428	0	4.603262550547746e-05
2429	0	2.9145467271322126e-05
2430	0	0
2431	0	4.160584912306959e-05
2432	0	0
2433	0	2.9153073222076985e-05
2434	0	0
2435	0	0
2436	0	2.9145467271322126e-05
2437	0	0
2438	0	7.859878820641039e-05
2439	0	5.394845163971083e-05
2440	0	2.9145467271322126e-05
2441	0	3.986714941950309e-05
2442	0	3.928690151328298e-05
2443	0	2.9145467271322126e-05
2444	0	0
2445	0	5.393316242859799e-05
2446	0	4.019759356487844e-05
2447	0	0.0001503782838803286
2448	0	2.9145467271322126e-05
2449	0	0.00013750501744202849
2450	0	0
2451	0	0
2452	0	0
2453	0	0
2454	0	0.0006157648766641773
2455	0	0.00011927891355514655
2456	0	8.62964551028671e-05
2457	0	0
2458	0	0
2459	0	8.789023298128638e-05
2460	0	2.9145467271322126e-05
2461	0	0.0004858748776662024
2462	0	2.9145467271322126e-05
2463	0	0
2464	0	2.9145467271322126e-05
2465	0	0.00028220035612966496
2466	0	2.9145467271322126e-05
2467	0	0
2468	0	0.00018494543267993336
2469	0	0
2470	0	0
2471	0	2.9145467271322126e-05
2472	0	0
2473	0	0
2474	0	0
2475	0	4.081081528991078e-05
2476	0	6.551395514111649e-05
2477	0	4.195620687390461e-05
2478	0	0
2479	0	3.410758954379251e-05
2480	0	0
2481	0	0
2482	0	3.534812011191011e-05
2483	0	2.9145467271322126e-05
2484	0	2.915984656220341e-05
2485	0	0
2486	0	2.9153113068352123e-05
2487	0	0
2488	0	0
2489	0	0
2490	0	2.9145467271322126e-05
2491	0	2.9145467271322126e-05
2492	0	0
2493	0	5.395607863367405e-05
2494	0	2.9145467271322126e-05
2495	0	3.7566852104028754e-05
2496	0	0
2497	0	2.9153073222076985e-05
2498	0	0
2499	0	4.0458465753900804e-05
2500	0	5.409527664755763e-05
2501	0	0
2502	0	0
2503	0	0
2504	0	0
2505	0	0
2506	0	0
2507	0	3.009972155448951e-05
2508	0	0.00012212250938511523
2509	0	2.9145467271322126e-05
2510	0	0
2511	0	2.9145467271322126e-05
2512	0	0
2513	0	2.9145467271322126e-05
2514	0	0
2515	0	0.0004947235393226311
2516	0	2.9145467271322126e-05
2517	0	0
2518	0	0.00011894299415840186
2519	0	0.00018452499660098423
2520	0	0
2521	0	4.305885328490086e-05
2522	0	4.507387045669332e-05
2523	0	0
2524	0	4.029762900461068e-05
2525	0	2.9145467271322126e-05
2526	0	4.2423369997052585e-05
2527	0	0.00011915696913735249
2528	0	6.821244532966125e-05
2529	0	4.1550772952498096e-05
2530	0	2.9145467271322126e-05
2531	0	2.9145467271322126e-05
2532	0	0
2533	0	0
2534	0	5.274131517653097e-05
2535	0	0
2536	0	7.561601985961497e-05
2537	0	3.410758954379251e-05
2538	0	2.9153110712900175e-05
2539	0	0
2540	0	0
2541	0	0
2542	0	2.9296905324970368e-05
2543	0	0
2544	0	2.9145467271322126e-05
2545	0	0
2546	0	2.9145467271322126e-05
2547	0	5.219927809697727e-05
2548	0	3.649332388652453e-05
2549	0	2.9145467271322126e-05
2550	0	0
2551	0	2.9145467271322126e-05
2552	0	8.116887309912355e-05
2553	0	0
2554	0	2.9145467271322126e-05
2555	0	2.9183209266277184e-05
2556	0	0
2557	0	0
2558	0	0
2559	0	0
2560	0	5.883944990267574e-05
2561	0	0
2562	0	2.9145467271322126e-05
2563	0	3.547269675901946e-05
2564	0	0.0001404965538214743
2565	0	0
2566	0	0
2567	0	3.2104158957667825e-05
2568	0	0
2569	0	0
2570	0	0
2571	0	5.395607863367405e-05
2572	0	3.270400032197344e-05
2573	0	0
2574	0	0
2575	0	0
2576	0	0
2577	0	3.7404445103049554e-05
2578	0	7.895362795315879e-05
2579	0	0
2580	0	0.00022962281100407194
2581	0	0
2582	0	4.1550772952498096e-05
2583	0	0
2584	0	2.9145467271322126e-05
2585	0	2.9145467271322126e-05
2586	0	3.505331875732105e-05
2587	0	2.9145467271322126e-05
2588	0	0
2589	0	0
2590	0	0.0010540382941847616
2591	0	0
2592	0	2.9145467271322126e-05
2593	0	0
2594	0	2.9145467271322126e-05
2595	0	2.915305461424639e-05
2596	0	5.3925654830654615e-05
2597	0	2.9145467271322126e-05
2598	0	0
2599	0	2.9145467271322126e-05
2600	0	0
2601	0	2.9145467271322126e-05
2602	0	0
2603	0	2.9145467271322126e-05
2604	0	4.431365247504931e-05
2605	0	5.394081056514338e-05
2606	0	0
2607	0	0
2608	0	2.9153110712900175e-05
2609	0	6.528020627700978e-05
2610	0	9.609604712626305e-05
2611	0	2.9314702101486962e-05
2612	0	6.028687229130456e-05
2613	0	0
2614	0	4.363349199569088e-05
2615	0	4.340801261437952e-05
2616	0	2.9145467271322126e-05
2617	0	2.9171694831690715e-05
2618	0	2.9145467271322126e-05
2619	0	4.15254738862314e-05
2620	0	3.649332388652453e-05
2621	0	2.9145467271322126e-05
2622	0	7.623373753775784e-05
2623	0	2.9145467271322126e-05
2624	0	0
2625	0	0
2626	0	0
2627	0	0
2628	0	2.9145467271322126e-05
2629	0	2.9145467271322126e-05
2630	0	0
2631	0	2.9145467271322126e-05
2632	0	2.9145467271322126e-05
2633	0	2.919288498295854e-05
2634	0	0
2635	0	0
2636	0	0
2637	0	2.9145467271322126e-05
2638	0	2.917107209801302e-05
2639	0	0
2640	0	2.9145467271322126e-05
2641	0	0
2642	0	0
2643	0	2.9145467271322126e-05
2644	0	0
2645	0	0
2646	0	0
2647	0	2.9153110712900175e-05
2648	0	0
2649	0	5.397786089042746e-05
2650	0	0
2651	0	2.9145467271322126e-05
2652	0	0
2653	0	2.9145467271322126e-05
2654	0	5.394079175051795e-05
2655	0	0
2656	0	4.1076663731122876e-05
2657	0	0.0006184489897620063
2658	0	0.0007907300661201272
2659	0	0
2660	0	3.563540782801795e-05
2661	0	5.272766834741059e-05
2662	0	2.9153110712900175e-05
2663	0	2.9145467271322126e-05
2664	0	8.912734813855275e-05
2665	0	5.7538282672935024e-05
2666	0	0
2667	0	4.14182530806851e-05
2668	0	0
2669	0	4.0620397007854753e-05
2670	0	2.9153113068352123e-05
2671	0	0
2672	0	0.00032720054379225215
2673	0	0
2674	0	0
2675	0	2.9145467271322126e-05
2676	0	2.922247969291634e-05
2677	0	2.9160526789297292e-05
2678	0	2.9145467271322126e-05
2679	0	2.9145467271322126e-05
2680	0	0
2681	0	0
2682	0	0
2683	0	0
2684	0	0
2685	0	7.855416210903283e-05
2686	0	0.00018463444291946037
2687	0	0
2688	0	0
2689	0	0
2690	0	3.650388228656262e-05
2691	0	0
2692	0	8.646846076222903e-05
2693	0	0
2694	0	9.594980942539302e-05
2695	0	0
2696	0	4.186366602460615e-05
2697	0	0.00017283773687668447
2698	0	2.9226004861461634e-05
2699	0	5.809118052739938e-05
2700	0	2.9145467271322126e-05
2701	0	2.9145467271322126e-05
2702	0	3.006011605186711e-05
2703	0	9.631783122954603e-05
2704	0	0
2705	0	4.1550772952498096e-05
2706	0	0
2707	0	0
2708	0	2.9145467271322126e-05
2709	0	2.916071657292355e-05
2710	0	6.744442285061214e-05
2711	0	7.350812554139893e-05
2712	0	2.9145467271322126e-05
2713	0	0.00011127229774910302
2714	0	2.9197702370775187e-05
2715	0	0
2716	0	2.9145467271322126e-05
2717	0	8.235683292077878e-05
2718	0	0
2719	0	7.968124699341704e-05
2720	0	0
2721	0	0
2722	0	0.00010165912588853549
2723	0	5.395607863367405e-05
2724	0	2.9854352610163638e-05
2725	0	0
2726	0	3.2122740634804356e-05
2727	0	2.9153110712900175e-05
2728	0	3.328056916504745e-05
2729	0	5.395607863367405e-05
2730	0	2.9145467271322126e-05
2731	0	6.636901600090427e-05
2732	0	4.946210831149556e-05
2733	0	0.0002841085772029814
2734	0	2.9153108358899073e-05
2735	0	0
2736	0	0.00044967162049961367
2737	0	4.75015623800471e-05
2738	0	2.9153006199113787e-05
2739	0	2.9145467271322126e-05
2740	0	2.9145467271322126e-05
2741	0	0
2742	0	0
2743	0	4.102659777557555e-05
2744	0	0.00010629882632379451
2745	0	0
2746	0	0
2747	0	4.0458702925220985e-05
2748	0	0.00022867553101190083
2749	0	4.891207674863011e-05
2750	0	3.8213200292829294e-05
2751	0	2.9145467271322126e-05
2752	0	2.9145467271322126e-05
2753	0	0
2754	0	0
2755	0	2.9145467271322126e-05
2756	0	6.952091791434093e-05
2757	0	0
2758	0	0.0001794074236987961
2759	0	0
2760	0	0.00025060193608433546
2761	0	0
2762	0	0
2763	0	2.9145467271322126e-05
2764	0	2.9145467271322126e-05
2765	0	0
2766	0	7.385402477811488e-05
2767	0	0.00021556565966321625
2768	0	3.788607374989663e-05
2769	0	0.00023193504603483416
2770	0	0
2771	0	0.0001598159837880947
2772	0	0
2773	0	2.917871553959107e-05
2774	0	0.00010142612740945079
2775	0	4.272513878722983e-05
2776	0	0
2777	0	0
2778	0	0
2779	0	0
2780	0	0
2781	0	5.395607863367405e-05
2782	0	0
2783	0	4.130018854810969e-05
2784	0	2.9356471313628474e-05
2785	0	0
2786	0	0
2787	0	0
2788	0	0
2789	0	0
2790	0	4.1550772952498096e-05
2791	0	2.9145467271322126e-05
2792	0	2.9145467271322126e-05
2793	0	2.9145467271322126e-05
2794	0	4.580777620378329e-05
2795	0	0.00015516566832586969
2796	0	8.277973483904775e-05
2797	0	0
2798	0	0
2799	0	0
2800	0	0
2801	0	0
2802	0	2.9145467271322126e-05
2803	0	0
2804	0	0.0004624170646558025
2805	0	2.916070253120407e-05
2806	0	2.919943149924015e-05
2807	0	0.00010261936960263982
2808	0	0
2809	0	0
2810	0	2.9166773994665138e-05
2811	0	0
2812	0	0.0002391795754505455
2813	0	0
2814	0	0
2815	0	0
2816	0	2.9145467271322126e-05
2817	0	0
2818	0	2.9145467271322126e-05
2819	0	2.9145467271322126e-05
2820	0	0
2821	0	0
2822	0	0
2823	0	0.0001360701012708707
2824	0	0
2825	0	2.9145467271322126e-05
2826	0	2.9145467271322126e-05
2827	0	2.9145467271322126e-05
2828	0	4.926118703234827e-05
2829	0	2.9145467271322126e-05
2830	0	0
2831	0	0.0002855830930520937
2832	0	2.9145467271322126e-05
2833	0	3.200823012082427e-05
2834	0	2.9160735339852803e-05
2835	0	0
2836	0	0
2837	0	3.7415671058772766e-05
2838	0	4.106321031368864e-05
2839	0	0.0004833083618817357
2840	0	0.00012055991835874728
2841	0	2.9153070891108322e-05
2842	0	0
2843	0	0
2844	0	0
2845	0	2.9145467271322126e-05
2846	0	6.387419621560307e-05
2847	0	5.395607863367405e-05
2848	0	2.9145467271322126e-05
2849	0	2.9145467271322126e-05
2850	0	5.394845398359343e-05
2851	0	3.1902201867139006e-05
2852	0	0
2853	0	0
2854	0	2.917377017488133e-05
2855	0	0.00022740429653983168
2856	0	4.219761628952466e-05
2857	0	2.9145467271322126e-05
2858	0	2.9145467271322126e-05
2859	0	2.9145467271322126e-05
2860	0	2.9145467271322126e-05
2861	0	0
2862	0	0
2863	0	2.915305461424639e-05
2864	0	0
2865	0	2.9379862042868292e-05
2866	0	0
2867	0	7.223412249449915e-05
2868	0	2.9145467271322126e-05
2869	0	2.9145467271322126e-05
2870	0	7.910849790170095e-05
2871	0	2.9145467271322126e-05
2872	0	0
2873	0	4.9062076314847025e-05
2874	0	0
2875	0	0.00022521940430345847
2876	0	0
2877	0	2.9145467271322126e-05
2878	0	0
2879	0	0
2880	0	2.9145467271322126e-05
2881	0	3.412923262636435e-05
2882	0	2.9740267439877935e-05
2883	0	2.9153101305587464e-05
2884	0	2.9145467271322126e-05
2885	0	0.0004152993862674157
2886	0	0
2887	0	0
2888	0	2.9145467271322126e-05
2889	0	0
2890	0	3.93815763195736e-05
2891	0	2.9145467271322126e-05
2892	0	0
2893	0	4.461624842864818e-05
2894	0	3.411539696208436e-05
2895	0	0
2896	0	2.9145467271322126e-05
2897	0	2.9153096610609443e-05
2898	0	0.00010877997430354898
2899	0	0
2900	0	0
2901	0	0
2902	0	0.00014587487761406307
2903	0	0
2904	0	3.986741561948476e-05
2905	0	0.00011172545583651024
2906	0	0
2907	0	0
2908	0	3.7747035944150606e-05
2909	0	0
2910	0	0.00019665071271515226
2911	0	4.953411510095674e-05
2912	0	0
2913	0	4.3080149009038094e-05
2914	0	2.9145467271322126e-05
2915	0	3.052383456923057e-05
2916	0	0
2917	0	2.9145467271322126e-05
2918	0	0
2919	0	2.9145467271322126e-05
2920	0	0
2921	0	0
2922	0	0
2923	0	0
2924	0	0
2925	0	7.634691260357659e-05
2926	0	0
2927	0	0
2928	0	2.9145467271322126e-05
2929	0	2.9145467271322126e-05
2930	0	0
2931	0	0.0021227302725326
2932	0	0
2933	0	0
2934	0	0
2935	0	4.446186606716323e-05
2936	0	4.540435082618929e-05
2937	0	0.00019370155413806208
2938	0	2.9153108358899073e-05
2939	0	2.9289165590920042e-05
2940	0	2.9145467271322126e-05
2941	0	0
2942	0	2.9145467271322126e-05
2943	0	0
2944	0	9.54069854715634e-05
2945	0	0
2946	0	5.1897544687414646e-05
2947	0	0.00017516932089210358
2948	0	0
2949	0	5.438060712346266e-05
2950	0	0
2951	0	0
2952	0	0
2953	0	0.0001745864139685384
2954	0	0
2955	0	2.9145467271322126e-05
2956	0	0
2957	0	0
2958	0	0
2959	0	0
2960	0	0
2961	0	6.675859314657129e-05
2962	0	0.00014029809836315328
2963	0	0
2964	0	0
2965	0	0
2966	0	2.9153113068352123e-05
2967	0	2.9145467271322126e-05
2968	0	0.00011807145648871177
2969	0	0
2970	0	0.00010345702514699664
2971	0	2.9145467271322126e-05
2972	0	0
2973	0	0
2974	0	2.9145467271322126e-05
2975	0	0
2976	0	2.9145467271322126e-05
2977	0	5.3983842274799814e-05
2978	0	4.0856862082660456e-05
2979	0	4.6955969832980316e-05
2980	0	4.1550772952498096e-05
2981	0	5.192290271755964e-05
2982	0	0
2983	0	0.0005794145928722399
2984	0	0.00014080761829423337
2985	0	2.9145467271322126e-05
2986	0	2.9365017253622292e-05
2987	0	0
2988	0	5.395607863367405e-05
2989	0	2.9145467271322126e-05
2990	0	8.825992831989017e-05
2991	0	0
2992	0	0
2993	0	2.9186148319599693e-05
2994	0	0
2995	0	3.7415671058772766e-05
2996	0	9.624975497628247e-05
2997	0	0
2998	0	0.00011442103193882961
2999	0	2.9160740062315346e-05
3000	0	3.6177076168423934e-05
3001	0	0
3002	0	0
3003	0	2.9160526789297292e-05
3004	0	0
3005	0	0
3006	0	0
3007	0	0
3008	0	0
3009	0	4.102659777557555e-05
3010	0	2.9145467271322126e-05
3011	0	7.282329985092777e-05
3012	0	8.513938735166989e-05
3013	0	0
3014	0	0
3015	0	2.916074944647602e-05
3016	0	0
3017	0	0
3018	0	3.997192822998578e-05
3019	0	2.9145467271322126e-05
3020	0	0
3021	0	0
3022	0	0.00010650864865692368
3023	0	5.395607863367405e-05
3024	0	0
3025	0	2.9145467271322126e-05
3026	0	0
3027	0	0
3028	0	0.00028730128882814836
3029	0	2.994580957333348e-05
3030	0	0
3031	0	5.022791244469796e-05
3032	0	2.9145467271322126e-05
3033	0	2.9145467271322126e-05
3034	0	2.9145467271322126e-05
3035	0	2.9145467271322126e-05
3036	0	0
3037	0	4.464452130395817e-05
3038	0	2.9145467271322126e-05
3039	0	0.0003349265357325395
3040	0	2.9145467271322126e-05
3041	0	4.156052322234365e-05
3042	0	0
3043	0	2.9145467271322126e-05
3044	0	6.308551949794164e-05
3045	0	2.9202282247651116e-05
3046	0	5.345098029816277e-05
3047	0	8.368217140755566e-05
3048	0	3.014808963760761e-05
3049	0	2.915310600634748e-05
3050	0	2.9145467271322126e-05
3051	0	0
3052	0	0
3053	0	0
3054	0	4.978149656342705e-05
3055	0	0
3056	0	0.0005053846072964114
3057	0	0
3058	0	0
3059	0	0
3060	0	2.9145467271322126e-05
3061	0	3.534812011191011e-05
3062	0	2.917161450993523e-05
3063	0	2.9153108358899073e-05
3064	0	0
3065	0	5.735955272024962e-05
3066	0	0
3067	0	0
3068	0	4.405874971475261e-05
3069	0	2.9145467271322126e-05
3070	0	0
3071	0	2.9172655673922394e-05
3072	0	2.9145467271322126e-05
3073	0	2.917161450993523e-05
3074	0	0
3075	0	4.1247794751445454e-05
3076	0	2.9145467271322126e-05
3077	0	2.9153108358899073e-05
3078	0	2.9168084054697104e-05
3079	0	2.9145467271322126e-05
3080	0	0
3081	0	2.9145467271322126e-05
3082	0	4.839671234355991e-05
3083	0	8.574876880507588e-05
3084	0	0.00010175549199502513
3085	0	2.9145467271322126e-05
3086	0	4.544814652680107e-05
3087	0	0
3088	0	2.918525951993849e-05
3089	0	2.9145467271322126e-05
3090	0	0
3091	0	0.0003417299623214038
3092	0	2.9145467271322126e-05
3093	0	0
3094	0	2.9153101305587464e-05
3095	0	0
3096	0	2.9160721265014577e-05
3097	0	0
3098	0	0.00018658734965867768
3099	0	0.00023608762445418162
3100	0	5.395607863367405e-05
3101	0	2.9145467271322126e-05
3102	0	2.9153113068352123e-05
3103	0	0
3104	0	7.494462881657633e-05
3105	0	2.9145467271322126e-05
3106	0	2.9145467271322126e-05
3107	0	0
3108	0	3.80880526512211e-05
3109	0	7.28589058153368e-05
3110	0	2.9145467271322126e-05
3111	0	2.9145467271322126e-05
3112	0	0
3113	0	5.150247416669673e-05
3114	0	2.915961724835987e-05
3115	0	0
3116	0	6.832819017333758e-05
3117	0	0
3118	0	0
3119	0	0
3120	0	7.888480772975801e-05
3121	0	2.9145467271322126e-05
3122	0	0
3123	0	8.034212390405422e-05
3124	0	3.649332388652453e-05
3125	0	0.0001089711997884223
3126	0	4.302452917182911e-05
3127	0	8.979630893969345e-05
3128	0	0
3129	0	0
3130	0	0
3131	0	0
3132	0	0
3133	0	2.9153024569939958e-05
3134	0	0
3135	0	4.672772581077975e-05
3136	0	0
3137	0	0
3138	0	0
3139	0	5.937825391820204e-05
3140	0	2.915305461424639e-05
3141	0	0
3142	0	3.534812011191011e-05
3143	0	7.909095143356446e-05
3144	0	0.0005342601802684496
3145	0	9.182689840345018e-05
3146	0	0
3147	0	7.693067682743573e-05
3148	0	7.527865513454066e-05
3149	0	2.9145467271322126e-05
3150	0	2.918864572533586e-05
3151	0	0
3152	0	0.0006729527571494942
3153	0	6.315219172001754e-05
3154	0	0
3155	0	0.00028476972622231
3156	0	5.07823247108605e-05
3157	0	2.9145467271322126e-05
3158	0	4.228446398891774e-05
3159	0	0
3160	0	2.9145467271322126e-05
3161	0	0
3162	0	0
3163	0	0
3164	0	0
3165	0	2.9145467271322126e-05
3166	0	0.0002220795199057391
3167	0	4.5027711682720196e-05
3168	0	2.9145467271322126e-05
3169	0	4.1550772952498096e-05
3170	0	2.9184820686476714e-05
3171	0	5.395607863367405e-05
3172	0	4.680111999942729e-05
3173	0	2.9145467271322126e-05
3174	0	0
3175	0	2.9160721259248566e-05
3176	0	2.9270378168627417e-05
3177	0	0.00013039556635379513
3178	0	2.9145467271322126e-05
3179	0	0
3180	0	4.1568861999368185e-05
3181	0	2.9145467271322126e-05
3182	0	0.0001029098207638694
3183	0	0
3184	0	0
3185	0	0
3186	0	0
3187	0	0.00017638926134638778
3188	0	0
3189	0	7.030123861233892e-05
3190	0	0
3191	0	2.9145467271322126e-05
3192	0	0
3193	0	9.722743405264517e-05
3194	0	0.0002580957180422239
3195	0	0
3196	0	0
3197	0	0
3198	0	0
3199	0	5.395607863367405e-05
3200	0	0
3201	0	0
3202	0	7.659188035268309e-05
3203	0	0
3204	0	2.9145467271322126e-05
3205	0	2.9145467271322126e-05
3206	0	2.9145467271322126e-05
3207	0	3.5371219877183014e-05
3208	0	0
3209	0	0.00010122696597470167
3210	0	0
3211	0	5.635684371635083e-05
3212	0	8.940487420723831e-05
3213	0	6.367911273404044e-05
3214	0	0
3215	0	5.395607863367405e-05
3216	0	0
3217	0	0.00010718690923230517
3218	0	0
3219	0	0
3220	0	2.9145467271322126e-05
3221	0	0
3222	0	9.891704268987342e-05
3223	0	0
3224	0	2.9159461853583867e-05
3225	0	0
3226	0	4.2474759137784305e-05
3227	0	0
3228	0	0
3229	0	2.9145467271322126e-05
3230	0	0.00018183876282189344
3231	0	0
3232	0	2.915309192140275e-05
3233	0	0
3234	0	4.290624903604533e-05
3235	0	0
3236	0	3.8494393291918504e-05
3237	0	4.005726943098664e-05
3238	0	0
3239	0	2.9145467271322126e-05
3240	0	2.916748662484273e-05
3241	0	0
3242	0	5.232360455968162e-05
3243	0	0
3244	0	2.9145467271322126e-05
3245	0	0
3246	0	2.9145467271322126e-05
3247	0	3.975199199215415e-05
3248	0	5.839224508953846e-05
3249	0	4.568587484622341e-05
3250	0	5.3988165131890765e-05
3251	0	2.9145467271322126e-05
3252	0	4.9892130606163935e-05
3253	0	0.00021379581993061423
3254	0	0.00020902200729390336
3255	0	2.9145467271322126e-05
3256	0	0
3257	0	0
3258	0	0
3259	0	0
3260	0	0
3261	0	4.065930756277404e-05
3262	0	7.831929670963209e-05
3263	0	2.918793812023901e-05
3264	0	2.9145467271322126e-05
3265	0	0
3266	0	2.915959575763723e-05
3267	0	2.9145467271322126e-05
3268	0	2.9175738536221054e-05
3269	0	0
3270	0	0
3271	0	2.9153006199113787e-05
3272	0	2.9145467271322126e-05
3273	0	0
3274	0	0
3275	0	5.395607863367405e-05
3276	0	3.97297624610003e-05
3277	0	0
3278	0	2.9166094456737013e-05
3279	0	2.9145467271322126e-05
3280	0	9.972178726387402e-05
3281	0	2.919880703776453e-05
3282	0	2.9145467271322126e-05
3283	0	0
3284	0	0
3285	0	9.902338973683354e-05
3286	0	0.00013069101624367389
3287	0	0
3288	0	2.9145467271322126e-05
3289	0	4.0930697113117336e-05
3290	0	2.9153110712900175e-05
3291	0	0
3292	0	0
3293	0	4.2350948623620316e-05
3294	0	2.9145467271322126e-05
3295	0	2.9159755567426184e-05
3296	0	2.915310600634748e-05
3297	0	0
3298	0	0
3299	0	2.917361287937423e-05
3300	0	2.9172145878525562e-05
3301	0	4.3651054181458114e-05
3302	0	3.7710097584627346e-05
3303	0	0
3304	0	2.9145467271322126e-05
3305	0	2.9145467271322126e-05
3306	0	2.9236351595129295e-05
3307	0	0
3308	0	2.9160628048201047e-05
3309	0	2.9145467271322126e-05
3310	0	6.015873147426203e-05
3311	0	0.00017147480680598814
3312	0	0.00039381262832510104
3313	0	2.9145467271322126e-05
3314	0	2.9153113068352123e-05
3315	0	0
3316	0	0
3317	0	0
3318	0	0
3319	0	5.896687709269139e-05
3320	0	2.9145467271322126e-05
3321	0	0
3322	0	0
3323	0	2.9145467271322126e-05
3324	0	0
3325	0	0
3326	0	2.9145467271322126e-05
3327	0	0.00015883407986522446
3328	0	0
3329	0	0
3330	0	0.00014544125478311714
3331	0	2.916724039497583e-05
3332	0	0
3333	0	7.55999348613232e-05
3334	0	2.9153101305587464e-05
3335	0	5.395607863367405e-05
3336	0	0
3337	0	0
3338	0	0
3339	0	2.9145467271322126e-05
3340	0	0
3341	0	0
3342	0	0
3343	0	5.2907728279828974e-05
3344	0	9.92800021567057e-05
3345	0	0.00011023986827214505
3346	0	0
3347	0	0.00033602553436742715
3348	0	0.0003875506407828404
3349	0	2.9145467271322126e-05
3350	0	0
3351	0	0
3352	0	0.0005634288191555747
3353	0	2.923431892053916e-05
3354	0	0
3355	0	2.9153075554475254e-05
3356	0	0
3357	0	3.0162265230786973e-05
3358	0	2.9145467271322126e-05
3359	0	2.9145467271322126e-05
3360	0	2.9145467271322126e-05
3361	0	3.413608996930359e-05
3362	0	0
3363	0	4.221996297946711e-05
3364	0	2.9145467271322126e-05
3365	0	6.024141094423657e-05
3366	0	5.141090829054066e-05
3367	0	0
3368	0	0
3369	0	9.294454191772236e-05
3370	0	3.6059030230740005e-05
3371	0	0
3372	0	9.922696196034789e-05
3373	0	2.9145467271322126e-05
3374	0	3.790585599252245e-05
3375	0	4.9477742336937364e-05
3376	0	3.768054549632086e-05
3377	0	2.9145467271322126e-05
3378	0	0.00021356076582001906
3379	0	0
3380	0	7.122402998279108e-05
3381	0	5.3948435192096e-05
3382	0	0
3383	0	2.9145467271322126e-05
3384	0	4.968967056030967e-05
3385	0	0
3386	0	0
3387	0	0.00011840512815445385
3388	0	0
3389	0	2.9145467271322126e-05
3390	0	0
3391	0	2.9145467271322126e-05
3392	0	6.550241765054545e-05
3393	0	4.3668848909991126e-05
3394	0	5.395607863367405e-05
3395	0	3.726736690323301e-05
3396	0	0
3397	0	0
3398	0	2.9145467271322126e-05
3399	0	2.9145467271322126e-05
3400	0	0.00021663443649891132
3401	0	5.342819328553891e-05
3402	0	2.9145467271322126e-05
3403	0	0
3404	0	4.62238244679971e-05
3405	0	2.9145467271322126e-05
3406	0	0
3407	0	5.394844929438674e-05
3408	0	2.9145467271322126e-05
3409	0	0
3410	0	0
3411	0	0
3412	0	0
3413	0	0
3414	0	0
3415	0	2.9145467271322126e-05
3416	0	0
3417	0	5.3925673472690786e-05
3418	0	2.915310600634748e-05
3419	0	0
3420	0	2.9145467271322126e-05
3421	0	4.907176370136429e-05
3422	0	0
3423	0	0
3424	0	2.925003245824559e-05
3425	0	2.9145467271322126e-05
3426	0	2.9145467271322126e-05
3427	0	0
3428	0	5.406550351594054e-05
3429	0	0
3430	0	0
3431	0	0
3432	0	2.9145467271322126e-05
3433	0	0
3434	0	0.00014552808676015773
3435	0	0
3436	0	2.9145467271322126e-05
3437	0	3.268984032308669e-05
3438	0	4.1550772952498096e-05
3439	0	0
3440	0	0.00018865678577536255
3441	0	9.160384701827115e-05
3442	0	5.8882144864984384e-05
3443	0	0
3444	0	4.8648096488613404e-05
3445	0	0
3446	0	0
3447	0	5.395607863367405e-05
3448	0	0
3449	0	2.9153113068352123e-05
3450	0	2.9145467271322126e-05
3451	0	2.9145467271322126e-05
3452	0	0
3453	0	0.00015026868008892924
3454	0	9.10892718485965e-05
3455	0	2.9145467271322126e-05
3456	0	3.8131266590521934e-05
3457	0	5.396265237612756e-05
3458	0	3.591199764287265e-05
3459	0	0
3460	0	2.9145467271322126e-05
3461	0	2.938372443554062e-05
3462	0	5.215047894302733e-05
3463	0	4.27589113510188e-05
3464	0	0.0001205015792904834
3465	0	0
3466	0	2.965180627871706e-05
3467	0	3.87951394805487e-05
3468	0	0
3469	0	2.920650198562065e-05
3470	0	0.0001665818901858293
3471	0	0
3472	0	2.9153108358899073e-05
3473	0	2.915960276429488e-05
3474	0	3.918905893282381e-05
3475	0	0
3476	0	0
3477	0	2.924349694962554e-05
3478	0	0.00010759132960606749
3479	0	4.194224019017853e-05
3480	0	4.1550772952498096e-05
3481	0	4.1719687440652944e-05
3482	0	0.00024888156667754615
3483	0	3.108178267072386e-05
3484	0	2.9145467271322126e-05
3485	0	0
3486	0	2.9145467271322126e-05
3487	0	0
3488	0	4.1550772952498096e-05
3489	0	2.9145467271322126e-05
3490	0	2.9145467271322126e-05
3491	0	2.9145467271322126e-05
3492	0	0
3493	0	2.9246191376158902e-05
3494	0	0
3495	0	3.881721802907431e-05
3496	0	2.9145467271322126e-05
3497	0	0
3498	0	7.495704159125375e-05
3499	0	0
3500	0	2.9145467271322126e-05
3501	0	2.9153110712900175e-05
3502	0	4.155841639407614e-05
3503	0	5.345877561393449e-05
3504	0	0
3505	0	0
3506	0	0
3507	0	2.9145467271322126e-05
3508	0	2.9153110712900175e-05
3509	0	0
3510	0	2.9145467271322126e-05
3511	0	2.9145467271322126e-05
3512	0	5.6905394471995906e-05
3513	0	3.810751730965337e-05
3514	0	2.9145467271322126e-05
3515	0	0
3516	0	2.9160632681690314e-05
3517	0	2.9145467271322126e-05
3518	0	0
3519	0	0
3520	0	0
3521	0	4.499880857140933e-05
3522	0	0
3523	0	0.00018608551670422005
3524	0	2.9145467271322126e-05
3525	0	3.5412397835648254e-05
3526	0	2.9145467271322126e-05
3527	0	0
3528	0	0
3529	0	0
3530	0	3.006921962921301e-05
3531	0	2.9153110712900175e-05
3532	0	0
3533	0	2.9145467271322126e-05
3534	0	0
3535	0	0.00021952372957660947
3536	0	7.440424968362901e-05
3537	0	2.9145467271322126e-05
3538	0	0
3539	0	0.00025608325929889295
3540	0	0
3541	0	2.9145467271322126e-05
3542	0	7.053129374771691e-05
3543	0	0
3544	0	4.061122621705135e-05
3545	0	0
3546	0	3.942907739524929e-05
3547	0	3.508846974012368e-05
3548	0	0.00011893609719369099
3549	0	0
3550	0	0
3551	0	2.9153087237956754e-05
3552	0	2.9145467271322126e-05
3553	0	4.7753425793086074e-05
3554	0	9.92320183934672e-05
3555	0	2.9145467271322126e-05
3556	0	3.7415671058772766e-05
3557	0	5.3975507480204544e-05
3558	0	0
3559	0	3.987184342198802e-05
3560	0	0
3561	0	2.9145467271322126e-05
3562	0	4.332295947838037e-05
3563	0	0.00023646103682643915
3564	0	0
3565	0	2.9145467271322126e-05
3566	0	2.9172716345164032e-05
3567	0	5.395607863367405e-05
3568	0	0
3569	0	0.00014139914990502555
3570	0	2.915305461424639e-05
3571	0	2.9145467271322126e-05
3572	0	8.303686276740328e-05
3573	0	0
3574	0	0
3575	0	0
3576	0	3.73487797935827e-05
3577	0	0.0001320640195442446
3578	0	2.9173787269095638e-05
3579	0	3.586347673675903e-05
3580	0	0.00011869427391273517
3581	0	0
3582	0	0
3583	0	0.00025036497758865195
3584	0	0
3585	0	4.258237417467776e-05
3586	0	2.9160595692884538e-05
3587	0	7.363286098522374e-05
3588	0	4.1550772952498096e-05
3589	0	0
3590	0	0.00045240863845993093
3591	0	2.9153031482103332e-05
3592	0	6.738790836681469e-05
3593	0	5.865153165392552e-05
3594	0	2.9266976234223147e-05
3595	0	4.496536377333111e-05
3596	0	0
3597	0	0.0005804233067073857
3598	0	0
3599	0	0
3600	0	0
3601	0	3.064630678349994e-05
3602	0	0
3603	0	2.9145467271322126e-05
3604	0	0
3605	0	2.9180844427857264e-05
3606	0	0
3607	0	0
3608	0	2.9145467271322126e-05
3609	0	0
3610	0	2.9145467271322126e-05
3611	0	2.9145467271322126e-05
3612	0	0
3613	0	2.9160362611114684e-05
3614	0	0.00020654420463195262
3615	0	2.940383734096572e-05
3616	0	0
3617	0	6.294087308203431e-05
3618	0	2.9153073222076985e-05
3619	0	0
3620	0	2.916074944647602e-05
3621	0	0
3622	0	0
3623	0	4.1550772952498096e-05
3624	0	2.9145467271322126e-05
3625	0	0
3626	0	2.9145467271322126e-05
3627	0	2.9145467271322126e-05
3628	0	0
3629	0	3.094035084343122e-05
3630	0	0.00014508099621352206
3631	0	0
3632	0	4.059586806509513e-05
3633	0	2.9145467271322126e-05
3634	0	0
3635	0	2.9145467271322126e-05
3636	0	2.9159621078136928e-05
3637	0	0
3638	0	2.9145467271322126e-05
3639	0	3.236687582878847e-05
3640	0	2.9145467271322126e-05
3641	0	0
3642	0	2.9145467271322126e-05
3643	0	0
3644	0	2.9145467271322126e-05
3645	0	2.9145467271322126e-05
3646	0	0
3647	0	0.00013599195262564283
3648	0	2.9145467271322126e-05
3649	0	0
3650	0	8.195143541931362e-05
3651	0	2.9145467271322126e-05
3652	0	3.8467335798732844e-05
3653	0	2.9145467271322126e-05
3654	0	0
3655	0	7.122402998279108e-05
3656	0	0
3657	0	0
3658	0	0
3659	0	7.455220963639768e-05
3660	0	2.9168383476398188e-05
3661	0	0
3662	0	0
3663	0	5.395607863367405e-05
3664	0	0
3665	0	5.395607863367405e-05
3666	0	2.9145467271322126e-05
3667	0	0
3668	0	4.2440973721694184e-05
3669	0	2.9159627270208882e-05
3670	0	2.9145467271322126e-05
3671	0	0
3672	0	2.9145467271322126e-05
3673	0	2.9145467271322126e-05
3674	0	0
3675	0	2.9145467271322126e-05
3676	0	0
3677	0	5.549273258571591e-05
3678	0	0
3679	0	5.8510077406435185e-05
3680	0	9.614429639221922e-05
3681	0	0
3682	0	0
3683	0	0
3684	0	0
3685	0	2.9145467271322126e-05
3686	0	3.6522478777574194e-05
3687	0	0
3688	0	3.513531513015897e-05
3689	0	2.9145467271322126e-05
3690	0	0
3691	0	2.9145467271322126e-05
3692	0	0
3693	0	0
3694	0	4.1550772952498096e-05
3695	0	0.00011686278403832928
3696	0	3.7415671058772766e-05
3697	0	0.0001929726062372709
3698	0	2.9160704629974725e-05
3699	0	2.9145467271322126e-05
3700	0	3.521283585855216e-05
3701	0	0
3702	0	0
3703	0	8.88455359388215e-05
3704	0	2.915309192140275e-05
3705	0	4.237424741227761e-05
3706	0	2.9145467271322126e-05
3707	0	7.924389648043431e-05
3708	0	0
3709	0	2.9145467271322126e-05
3710	0	7.21592610684683e-05
3711	0	0
3712	0	2.9153113068352123e-05
3713	0	2.9145467271322126e-05
3714	0	0
3715	0	0
3716	0	2.9153113068352123e-05
3717	0	0
3718	0	0
3719	0	0
3720	0	0.00018408610220976585
3721	0	4.1550772952498096e-05
3722	0	4.15605022797573e-05
3723	0	0.0006077500665843134
3724	0	0
3725	0	2.9145467271322126e-05
3726	0	0
3727	0	0
3728	0	0
3729	0	3.466616777967222e-05
3730	0	2.9145467271322126e-05
3731	0	0
3732	0	0
3733	0	7.509466365884545e-05
3734	0	2.9145467271322126e-05
3735	0	2.9247770263636223e-05
3736	0	0.0007922284472067784
3737	0	0
3738	0	5.662494810187097e-05
3739	0	2.9145467271322126e-05
3740	0	5.603496524427302e-05
3741	0	2.9145467271322126e-05
3742	0	0
3743	0	0
3744	0	0
3745	0	4.849485351637894e-05
3746	0	6.971340686162519e-05
3747	0	0
3748	0	2.9145467271322126e-05
3749	0	0
3750	0	0
3751	0	0
3752	0	6.917584216334193e-05
3753	0	0.00011912550893196957
3754	0	0.00016368425490322883
3755	0	2.9153110712900175e-05
3756	0	2.9145467271322126e-05
3757	0	0
3758	0	0
3759	0	0
3760	0	0
3761	0	2.9145467271322126e-05
3762	0	2.9153101305587464e-05
3763	0	0
3764	0	3.0645836881629e-05
3765	0	2.9153113068352123e-05
3766	0	2.9145467271322126e-05
3767	0	0
3768	0	4.080239516556492e-05
3769	0	3.798804847152102e-05
3770	0	2.9159476172659784e-05
3771	0	3.101831783414461e-05
3772	0	2.9145467271322126e-05
3773	0	0
3774	0	2.924189289414063e-05
3775	0	3.7415671058772766e-05
3776	0	0
3777	0	0
3778	0	0
3779	0	2.9145467271322126e-05
3780	0	0
3781	0	7.640607458811621e-05
3782	0	2.9145467271322126e-05
3783	0	0
3784	0	2.9160628048201047e-05
3785	0	0
3786	0	0
3787	0	0
3788	0	0.00010336992254155913
3789	0	0
3790	0	0
3791	0	4.1550772952498096e-05
3792	0	0
3793	0	2.9145467271322126e-05
3794	0	4.446186606716323e-05
3795	0	0
3796	0	0
3797	0	0
3798	0	0
3799	0	2.9153101305587464e-05
3800	0	8.397647133814719e-05
3801	0	0
3802	0	0.00014880738460011975
3803	0	2.9153096610609443e-05
3804	0	3.695716181998355e-05
3805	0	2.9145467271322126e-05
3806	0	5.395607863367405e-05
3807	0	0
3808	0	2.9145467271322126e-05
3809	0	0
3810	0	2.9145467271322126e-05
3811	0	5.483176706186115e-05
3812	0	3.0426743531052743e-05
3813	0	0
3814	0	2.9224983380940287e-05
3815	0	2.9153070891108322e-05
3816	0	9.196955149017067e-05
3817	0	8.213068525455709e-05
3818	0	4.274116923802758e-05
3819	0	0
3820	0	3.355541165752239e-05
3821	0	0
3822	0	0
3823	0	0
3824	0	0
3825	0	0
3826	0	0
3827	0	2.9145467271322126e-05
3828	0	2.9153110712900175e-05
3829	0	0
3830	0	0
3831	0	0
3832	0	2.9145467271322126e-05
3833	0	0.0004251497281495777
3834	0	2.9145467271322126e-05
3835	0	0
3836	0	2.9145467271322126e-05
3837	0	0.00037946598723822677
3838	0	0.00014973902827624836
3839	0	2.9145467271322126e-05
3840	0	0
3841	0	4.157249690597503e-05
3842	0	3.413994513953118e-05
3843	0	0
3844	0	0
3845	0	0
3846	0	5.5922231001738894e-05
3847	0	5.771364145511554e-05
3848	0	0
3849	0	2.9145467271322126e-05
3850	0	0.00031284384904550034
3851	0	2.9145467271322126e-05
3852	0	2.9145467271322126e-05
3853	0	0.0006325988469861233
3854	0	3.617281618869093e-05
3855	0	0
3856	0	0
3857	0	0
3858	0	0
3859	0	0
3860	0	2.9145467271322126e-05
3861	0	0
3862	0	4.1550772952498096e-05
3863	0	2.9228220226896668e-05
3864	0	2.9145467271322126e-05
3865	0	4.175442071505235e-05
3866	0	0
3867	0	2.9145467271322126e-05
3868	0	2.9222623293024794e-05
3869	0	0
3870	0	4.818644944503089e-05
3871	0	2.9145467271322126e-05
3872	0	0
3873	0	0.00018494543267993336
3874	0	3.268984032308669e-05
3875	0	2.9153096610609443e-05
3876	0	0
3877	0	0
3878	0	0
3879	0	2.922121994221132e-05
3880	0	0
3881	0	2.919588837914774e-05
3882	0	5.395607863367405e-05
3883	0	2.9166629015528786e-05
3884	0	4.156885599023561e-05
3885	0	4.1550772952498096e-05
3886	0	2.9145467271322126e-05
3887	0	0
3888	0	2.9145467271322126e-05
3889	0	0
3890	0	0
3891	0	2.9145467271322126e-05
3892	0	0
3893	0	0
3894	0	5.395607863367405e-05
3895	0	2.9145467271322126e-05
3896	0	0
3897	0	2.9145467271322126e-05
3898	0	2.9153101305587464e-05
3899	0	0
3900	0	0
3901	0	2.9145467271322126e-05
3902	0	0.00012734877497439876
3903	0	2.9145467271322126e-05
3904	0	2.9145467271322126e-05
3905	0	0
3906	0	3.0749324965485375e-05
3907	0	2.9179047976811786e-05
3908	0	0
3909	0	0
3910	0	4.155840463855234e-05
3911	0	0
3912	0	0
3913	0	6.645806393426991e-05
3914	0	0
3915	0	3.534812011191011e-05
3916	0	0
3917	0	2.9145467271322126e-05
3918	0	0
3919	0	3.031780325226568e-05
3920	0	7.350702248273605e-05
3921	0	9.02152027628676e-05
3922	0	0
3923	0	4.414555738325102e-05
3924	0	0
3925	0	3.649332388652453e-05
3926	0	0
3927	0	0
3928	0	0
3929	0	0
3930	0	0
3931	0	0
3932	0	2.9170737827701805e-05
3933	0	0
3934	0	0
3935	0	6.450370296589096e-05
3936	0	0
3937	0	9.341834843107434e-05
3938	0	2.9284209922303186e-05
3939	0	2.9145467271322126e-05
3940	0	2.9145467271322126e-05
3941	0	2.916115071247991e-05
3942	0	0.00020395065890615037
3943	0	6.47972321321565e-05
3944	0	2.9145467271322126e-05
3945	0	0
3946	0	2.9153098957376368e-05
3947	0	2.9145467271322126e-05
3948	0	9.976872925511659e-05
3949	0	2.921671577904207e-05
3950	0	5.393316242859799e-05
3951	0	0.0002177156322930436
3952	0	0
3953	0	0.00018102351444097126
3954	0	4.478020797766669e-05
3955	0	0
3956	0	0.00015227230168888593
3957	0	2.9145467271322126e-05
3958	0	0
3959	0	0
3960	0	0
3961	0	2.925154676102487e-05
3962	0	2.9145467271322126e-05
3963	0	0.00016760229268699678
3964	0	0
3965	0	0.00022588044232630715
3966	0	0
3967	0	2.9152829470539442e-05
3968	0	2.9153110712900175e-05
3969	0	0
3970	0	0
3971	0	0
3972	0	8.033033644100673e-05
3973	0	0.0001935519476986676
3974	0	0
3975	0	2.9145467271322126e-05
3976	0	2.9159562116839773e-05
3977	0	0
3978	0	5.3977313069254225e-05
3979	0	2.9145467271322126e-05
3980	0	0
3981	0	0
3982	0	0.0001329532178967563
3983	0	9.337796421163975e-05
3984	0	5.8180085092769096e-05
3985	0	2.915310600634748e-05
3986	0	3.901534979621036e-05
3987	0	2.9145467271322126e-05
3988	0	4.4927890832035246e-05
3989	0	0
3990	0	0
3991	0	2.9145467271322126e-05
3992	0	0
3993	0	2.9145467271322126e-05
3994	0	2.9145467271322126e-05
3995	0	2.9145467271322126e-05
3996	0	2.9145467271322126e-05
3997	0	3.120834945644759e-05
3998	0	0
3999	0	0
4000	0	0.00010357255071377199
4001	0	0
4002	0	2.9145467271322126e-05
4003	0	2.9145467271322126e-05
4004	0	0
4005	0	0
4006	0	4.162202401627579e-05
4007	0	2.9145467271322126e-05
4008	0	0
4009	0	2.9145467271322126e-05
4010	0	0
4011	0	0
4012	0	0
4013	0	2.9145467271322126e-05
4014	0	2.9145467271322126e-05
4015	0	0
4016	0	8.466774063327004e-05
4017	0	6.388322055296537e-05
4018	0	5.453320822902013e-05
4019	0	0
4020	0	2.9145467271322126e-05
4021	0	2.9145467271322126e-05
4022	0	3.5826893013984644e-05
4023	0	0
4024	0	2.9145467271322126e-05
4025	0	8.89586289502802e-05
4026	0	0
4027	0	3.268984032308669e-05
4028	0	3.268984032308669e-05
4029	0	0.00017448516117788248
4030	0	6.187354607112198e-05
4031	0	0
4032	0	0
4033	0	2.9145467271322126e-05
4034	0	2.9153098957376368e-05
4035	0	2.9145467271322126e-05
4036	0	0
4037	0	2.9153098957376368e-05
4038	0	4.942943706647367e-05
4039	0	0
4040	0	0.00013257047089606925
4041	0	0
4042	0	2.9145467271322126e-05
4043	0	8.179283694772036e-05
4044	0	2.9145467271322126e-05
4045	0	4.789545295831713e-05
4046	0	8.144650358964249e-05
4047	0	4.6869403304411e-05
4048	0	4.925781439781381e-05
4049	0	0
4050	0	4.23634251311456e-05
4051	0	0
4052	0	0
4053	0	4.9566917916139704e-05
4054	0	4.0838431323760336e-05
4055	0	2.9145467271322126e-05
4056	0	0
4057	0	0
4058	0	0
4059	0	4.568587484622341e-05
4060	0	0
4061	0	2.9145467271322126e-05
4062	0	0
4063	0	0
4064	0	7.049648620857534e-05
4065	0	0
4066	0	0
4067	0	4.513870392066561e-05
4068	0	0
4069	0	2.9145467271322126e-05
4070	0	2.9145467271322126e-05
4071	0	2.9145467271322126e-05
4072	0	2.9145467271322126e-05
4073	0	5.394846568143031e-05
4074	0	3.81835258865081e-05
4075	0	2.9145467271322126e-05
4076	0	0
4077	0	5.395607863367405e-05
4078	0	2.9145467271322126e-05
4079	0	2.9145467271322126e-05
4080	0	0.00012385263412034253
4081	0	0
4082	0	2.9153101305587464e-05
4083	0	0
4084	0	4.3299407234545076e-05
4085	0	0
4086	0	2.9145467271322126e-05
4087	0	5.395607863367405e-05
4088	0	0
4089	0	2.9145467271322126e-05
4090	0	0
4091	0	0
4092	0	0
4093	0	2.9145467271322126e-05
4094	0	0
4095	0	3.268984032308669e-05
4096	0	2.9145467271322126e-05
4097	0	0
4098	0	0.00012621336415702194
4099	0	2.9167205558417822e-05
4100	0	4.764431498898271e-05
4101	0	2.9145467271322126e-05
4102	0	0
4103	0	8.459713091085947e-05
4104	0	2.9145467271322126e-05
4105	0	0
4106	0	0
4107	0	0
4108	0	2.9145467271322126e-05
4109	0	2.9153110712900175e-05
4110	0	2.916748662484273e-05
4111	0	0
4112	0	2.9145467271322126e-05
4113	0	0
4114	0	2.9145467271322126e-05
4115	0	0
4116	0	0
4117	0	0
4118	0	7.425237084488016e-05
4119	0	2.9145467271322126e-05
4120	0	0
4121	0	5.395607863367405e-05
4122	0	0
4123	0	0
4124	0	3.6099261351703545e-05
4125	0	0
4126	0	0
4127	0	8.820611739881761e-05
4128	0	2.9145467271322126e-05
4129	0	0
4130	0	3.1500596007062944e-05
4131	0	0
4132	0	0
4133	0	0
4134	0	4.166233473135707e-05
4135	0	0
4136	0	2.9145467271322126e-05
4137	0	2.917155569501322e-05
4138	0	5.6438254566252366e-05
4139	0	2.9145467271322126e-05
4140	0	0
4141	0	0
4142	0	0
4143	0	2.9222623293024794e-05
4144	0	0
4145	0	0
4146	0	0
4147	0	3.7483763575987e-05
4148	0	0
4149	0	8.136374087467185e-05
4150	0	3.739754988924484e-05
4151	0	0
4152	0	0
4153	0	0
4154	0	2.9145467271322126e-05
4155	0	0
4156	0	0
4157	0	2.9145467271322126e-05
4158	0	0
4159	0	2.9168170719996322e-05
4160	0	0
4161	0	2.9145467271322126e-05
4162	0	0
4163	0	0
4164	0	2.9160735339852803e-05
4165	0	2.9145467271322126e-05
4166	0	3.583719060921507e-05
4167	0	2.9145467271322126e-05
4168	0	2.9145467271322126e-05
4169	0	0.00023224982234365332
4170	0	0
4171	0	0
4172	0	0
4173	0	2.9145467271322126e-05
4174	0	0
4175	0	0
4176	0	2.9177041930476197e-05
4177	0	2.918525951993849e-05
4178	0	5.206998709035931e-05
4179	0	0
4180	0	0
4181	0	0
4182	0	4.525792087706273e-05
4183	0	0
4184	0	0
4185	0	2.9160754154478228e-05
4186	0	3.539368281895343e-05
4187	0	5.396363593229189e-05
4188	0	0
4189	0	2.9145467271322126e-05
4190	0	2.9145467271322126e-05
4191	0	0
4192	0	4.1550772952498096e-05
4193	0	4.006661946753314e-05
4194	0	0
4195	0	0
4196	0	3.337966679369421e-05
4197	0	0
4198	0	6.634141722767534e-05
4199	0	0
4200	0	0
4201	0	0
4202	0	4.505553742300736e-05
4203	0	0
4204	0	0
4205	0	0.00028729820211113286
4206	0	0
4207	0	0
4208	0	2.9145467271322126e-05
4209	0	2.9153113068352123e-05
4210	0	6.426834657340261e-05
4211	0	2.916064195717066e-05
4212	0	2.915962501161851e-05
4213	0	2.9153113068352123e-05
4214	0	0
4215	0	2.9145467271322126e-05
4216	0	0
4217	0	0
4218	0	2.9145467271322126e-05
4219	0	2.9145467271322126e-05
4220	0	2.9145467271322126e-05
4221	0	2.925012921784039e-05
4222	0	4.4469453410087494e-05
4223	0	2.9258105049892172e-05
4224	0	2.9159627270208882e-05
4225	0	0
4226	0	0
4227	0	2.9145467271322126e-05
4228	0	0
4229	0	0
4230	0	2.919785575492581e-05
4231	0	0
4232	0	2.9145467271322126e-05
4233	0	0
4234	0	0
4235	0	3.6701122969068033e-05
4236	0	2.9145467271322126e-05
4237	0	0
4238	0	0
4239	0	6.397574860693155e-05
4240	0	0.00020316171540184612
4241	0	2.9206314883079417e-05
4242	0	5.694734732561426e-05
4243	0	0
4244	0	5.8118273420550356e-05
4245	0	0
4246	0	2.9275205934244297e-05
4247	0	0.00016708115612504222
4248	0	0
4249	0	0
4250	0	0
4251	0	0
4252	0	7.228139056866927e-05
4253	0	2.9145467271322126e-05
4254	0	0
4255	0	2.9145467271322126e-05
4256	0	0.00018675237456775487
4257	0	0
4258	0	3.927899003774568e-05
4259	0	3.04178063155453e-05
4260	0	2.919389912621372e-05
4261	0	0
4262	0	0
4263	0	2.9261852389926908e-05
4264	0	2.9153113068352123e-05
4265	0	0
4266	0	3.1924228580128656e-05
4267	0	0
4268	0	2.9145467271322126e-05
4269	0	0
4270	0	0.00012561099187812392
4271	0	2.9145467271322126e-05
4272	0	0
4273	0	2.9145467271322126e-05
4274	0	9.291241529472467e-05
4275	0	0
4276	0	2.9153094265285343e-05
4277	0	2.9145467271322126e-05
4278	0	0
4279	0	2.9153108358899073e-05
4280	0	2.9145467271322126e-05
4281	0	0
4282	0	0
4283	0	4.014737229355229e-05
4284	0	0
4285	0	4.24578679060147e-05
4286	0	3.2575280242544495e-05
4287	0	8.464910453508993e-05
4288	0	2.9145467271322126e-05
4289	0	2.9160735339852803e-05
4290	0	9.052948342510827e-05
4291	0	0
4292	0	6.630298199342114e-05
4293	0	0
4294	0	6.096612491850065e-05
4295	0	5.3917884958547285e-05
4296	0	5.394079645852016e-05
4297	0	2.9160754155929077e-05
4298	0	2.9145467271322126e-05
4299	0	0
4300	0	5.395607863367405e-05
4301	0	3.744589997158479e-05
4302	0	2.9145467271322126e-05
4303	0	0
4304	0	4.568587484622341e-05
4305	0	0.00031297347637688745
4306	0	0
4307	0	0.00013124612003026552
4308	0	2.9145467271322126e-05
4309	0	7.684071891745155e-05
4310	0	0
4311	0	3.2819599502104364e-05
4312	0	0
4313	0	2.9159627270208882e-05
4314	0	0
4315	0	2.9145467271322126e-05
4316	0	3.548182256204267e-05
4317	0	2.9145467271322126e-05
4318	0	0
4319	0	0
4320	0	0.00011131579022724691
4321	0	0
4322	0	2.9165112744685454e-05
4323	0	0
4324	0	0
4325	0	2.9145467271322126e-05
4326	0	2.9145467271322126e-05
4327	0	2.9167174047935132e-05
4328	0	2.9180692352690406e-05
4329	0	0
4330	0	2.9145467271322126e-05
4331	0	0
4332	0	2.9159627270208882e-05
4333	0	3.89291366018645e-05
4334	0	2.9145467271322126e-05
4335	0	2.9145467271322126e-05
4336	0	2.9145467271322126e-05
4337	0	0
4338	0	0
4339	0	0
4340	0	0
4341	0	0
4342	0	0
4343	0	5.311754438810208e-05
4344	0	0.00015803944509173266
4345	0	2.9145467271322126e-05
4346	0	2.9173735702106217e-05
4347	0	0
4348	0	0
4349	0	2.9145467271322126e-05
4350	0	0
4351	0	2.9145467271322126e-05
4352	0	5.341062804794913e-05
4353	0	5.395607863367405e-05
4354	0	0.00021939501446689846
4355	0	3.328814571881991e-05
4356	0	4.24324481059443e-05
4357	0	0
4358	0	2.9145467271322126e-05
4359	0	0
4360	0	0
4361	0	2.915304997650622e-05
4362	0	4.647386549996929e-05
4363	0	2.9145467271322126e-05
4364	0	5.395607863367405e-05
4365	0	0.00015182854211712594
4366	0	3.953322993701234e-05
4367	0	0.00032538395061684094
4368	0	2.9145467271322126e-05
4369	0	0
4370	0	0
4371	0	2.9153098957376368e-05
4372	0	2.9145467271322126e-05
4373	0	2.9145467271322126e-05
4374	0	0.00017868310608985027
4375	0	2.9145467271322126e-05
4376	0	4.7753425793086074e-05
4377	0	0
4378	0	0
4379	0	0
4380	0	0
4381	0	0
4382	0	2.9145467271322126e-05
4383	0	0
4384	0	2.9145467271322126e-05
4385	0	0
4386	0	2.9145467271322126e-05
4387	0	0.00019722412694286396
4388	0	0.00031747801881438446
4389	0	0.0005549165959108966
4390	0	0
4391	0	4.0259067767246115e-05
4392	0	3.398577760614318e-05
4393	0	2.9145467271322126e-05
4394	0	0
4395	0	2.9153094265285343e-05
4396	0	0
4397	0	2.9145467271322126e-05
4398	0	0
4399	0	0
4400	0	0
4401	0	5.395607863367405e-05
4402	0	0
4403	0	2.9145467271322126e-05
4404	0	2.9166599529308636e-05
4405	0	0
4406	0	0
4407	0	5.395607863367405e-05
4408	0	0
4409	0	5.392550486736186e-05
4410	0	4.3478606056676774e-05
4411	0	2.9145467271322126e-05
4412	0	2.9145467271322126e-05
4413	0	7.347829591097959e-05
4414	0	2.9166052659911477e-05
4415	0	0.00017723494050507035
4416	0	0
4417	0	2.9153101305587464e-05
4418	0	0.000281329616127192
4419	0	0
4420	0	5.392549544555406e-05
4421	0	0
4422	0	0
4423	0	2.9145467271322126e-05
4424	0	0
4425	0	0
4426	0	0
4427	0	0
4428	0	2.9145467271322126e-05
4429	0	3.6508914248070624e-05
4430	0	0
4431	0	0
4432	0	0
4433	0	2.9221175756437748e-05
4434	0	2.916603722644114e-05
4435	0	4.061122621705135e-05
4436	0	3.0337953550138973e-05
4437	0	0
4438	0	4.1569423120982094e-05
4439	0	2.9160740039165987e-05
4440	0	2.9166609120082686e-05
4441	0	3.950258714575893e-05
4442	0	0
4443	0	2.9145467271322126e-05
4444	0	0
4445	0	0
4446	0	0.0006380203068789352
4447	0	0.00014464927929636357
4448	0	0
4449	0	4.382733573104132e-05
4450	0	2.9187901385360927e-05
4451	0	2.9145467271322126e-05
4452	0	8.965512850198537e-05
4453	0	3.7710097584627346e-05
4454	0	0
4455	0	0
4456	0	0
4457	0	0
4458	0	0
4459	0	2.9145467271322126e-05
4460	0	0.00037713575731162537
4461	0	0
4462	0	2.915309192140275e-05
4463	0	0.00010494057947451928
4464	0	5.2361371728192704e-05
4465	0	7.509466365884545e-05
4466	0	4.1550772952498096e-05
4467	0	0
4468	0	0
4469	0	0
4470	0	0
4471	0	2.925154676102487e-05
4472	0	2.9145467271322126e-05
4473	0	0
4474	0	0
4475	0	5.395607863367405e-05
4476	0	2.9145467271322126e-05
4477	0	3.936245821201237e-05
4478	0	0
4479	0	7.069650217729664e-05
4480	0	0
4481	0	0
4482	0	0
4483	0	4.1257599760561014e-05
4484	0	2.9145467271322126e-05
4485	0	0.00023156792714416771
4486	0	4.714897739497541e-05
4487	0	2.9145467271322126e-05
4488	0	2.9145467271322126e-05
4489	0	0
4490	0	5.2120065465083796e-05
4491	0	0
4492	0	5.400162190704315e-05
4493	0	2.9145467271322126e-05
4494	0	2.9145467271322126e-05
4495	0	3.2246793691616115e-05
4496	0	6.359148553547422e-05
4497	0	2.9160734085441535e-05
4498	0	0
4499	0	7.445934527909865e-05
4500	0	4.155839994646131e-05
4501	0	0
4502	0	2.9145467271322126e-05
4503	0	2.9145467271322126e-05
4504	0	0
4505	0	2.9183685360827384e-05
4506	0	5.050739520649505e-05
4507	0	0
4508	0	2.9145467271322126e-05
4509	0	2.9145467271322126e-05
4510	0	0
4511	0	3.83709694275e-05
4512	0	0
4513	0	0
4514	0	0
4515	0	2.9145467271322126e-05
4516	0	2.9145467271322126e-05
4517	0	2.916518849868265e-05
4518	0	0
4519	0	2.9145467271322126e-05
4520	0	2.9145467271322126e-05
4521	0	0
4522	0	0
4523	0	3.842290757176585e-05
4524	0	0
4525	0	5.395607863367405e-05
4526	0	0
4527	0	4.939041648773513e-05
4528	0	2.9153094265285343e-05
4529	0	2.9145467271322126e-05
4530	0	4.869488287639437e-05
4531	0	0
4532	0	2.9145467271322126e-05
4533	0	0
4534	0	2.9145467271322126e-05
4535	0	3.0266330409822045e-05
4536	0	0
4537	0	0
4538	0	2.9145467271322126e-05
4539	0	2.9145467271322126e-05
4540	0	4.1907802581246156e-05
4541	0	0
4542	0	0
4543	0	2.9177041930476197e-05
4544	0	2.9145467271322126e-05
4545	0	0
4546	0	0
4547	0	0
4548	0	5.395607863367405e-05
4549	0	0
4550	0	2.9173120113616874e-05
4551	0	4.506153520329087e-05
4552	0	5.5036343294730275e-05
4553	0	5.395607863367405e-05
4554	0	0
4555	0	0
4556	0	2.9184682943031002e-05
4557	0	2.917235296489744e-05
4558	0	6.394289639244843e-05
4559	0	2.9160495730909812e-05
4560	0	0.00022178118488910828
4561	0	0
4562	0	3.0917653797204406e-05
4563	0	2.9145467271322126e-05
4564	0	2.9166419744525038e-05
4565	0	0
4566	0	0
4567	0	0
4568	0	4.0110394329873524e-05
4569	0	2.916016454733623e-05
4570	0	0
4571	0	0
4572	0	0.0002631308979754867
4573	0	0
4574	0	2.918364919093178e-05
4575	0	3.3307662058198416e-05
4576	0	3.550083260342723e-05
4577	0	0
4578	0	0
4579	0	2.9145467271322126e-05
4580	0	0
4581	0	0
4582	0	0
4583	0	0
4584	0	0
4585	0	2.9145467271322126e-05
4586	0	0.00014718151500223985
4587	0	2.9153075554475254e-05
4588	0	0
4589	0	0.00018494543267993336
4590	0	0
4591	0	2.9145467271322126e-05
4592	0	2.9145467271322126e-05
4593	0	3.999939138296267e-05
4594	0	0
4595	0	2.9145467271322126e-05
4596	0	2.9145467271322126e-05
4597	0	0
4598	0	2.9145467271322126e-05
4599	0	0
4600	0	0.00036620890102879577
4601	0	4.446186606716323e-05
4602	0	2.915965067755299e-05
4603	0	0
4604	0	4.91445651567085e-05
4605	0	3.3862945902606197e-05
4606	0	2.9145467271322126e-05
4607	0	4.483660492117961e-05
4608	0	2.918747091144077e-05
4609	0	0
4610	0	0
4611	0	2.9145467271322126e-05
4612	0	3.953577595727353e-05
4613	0	0
4614	0	2.9145467271322126e-05
4615	0	0
4616	0	0.00011106057464463679
4617	0	0
4618	0	4.1558411687523445e-05
4619	0	0
4620	0	8.749204198739229e-05
4621	0	4.942943706647367e-05
4622	0	2.9145467271322126e-05
4623	0	2.9145467271322126e-05
4624	0	4.488970216026747e-05
4625	0	5.395607863367405e-05
4626	0	0
4627	0	0.00023533794213335065
4628	0	2.9145467271322126e-05
4629	0	0
4630	0	2.9145467271322126e-05
4631	0	2.9145467271322126e-05
4632	0	0
4633	0	0.00012203045231333628
4634	0	0
4635	0	0
4636	0	3.14009773951723e-05
4637	0	2.9145467271322126e-05
4638	0	2.9159597140291095e-05
4639	0	2.9145467271322126e-05
4640	0	3.589475254889924e-05
4641	0	5.742159811089449e-05
4642	0	3.798804847152102e-05
4643	0	0
4644	0	2.9145467271322126e-05
4645	0	0
4646	0	2.9166139465843935e-05
4647	0	2.9145467271322126e-05
4648	0	0.0002814805174522553
4649	0	2.9168257177656188e-05
4650	0	0
4651	0	2.9145467271322126e-05
4652	0	0
4653	0	0
4654	0	2.9145467271322126e-05
4655	0	0
4656	0	2.9145467271322126e-05
4657	0	0
4658	0	2.9145467271322126e-05
4659	0	7.325322080439221e-05
4660	0	2.9145467271322126e-05
4661	0	2.9187496708946946e-05
4662	0	0
4663	0	2.917929595755191e-05
4664	0	3.604155880810281e-05
4665	0	0
4666	0	0
4667	0	0.00030902076439119066
4668	0	4.1550772952498096e-05
4669	0	0
4670	0	0
4671	0	4.1586912606236184e-05
4672	0	0
4673	0	2.9145467271322126e-05
4674	0	2.9145467271322126e-05
4675	0	2.9145467271322126e-05
4676	0	2.9153075554475254e-05
4677	0	2.9145467271322126e-05
4678	0	0
4679	0	4.305885328490086e-05
4680	0	0
4681	0	3.070785960760802e-05
4682	0	2.9145467271322126e-05
4683	0	0
4684	0	2.9145467271322126e-05
4685	0	2.9145467271322126e-05
4686	0	0
4687	0	2.9145467271322126e-05
4688	0	0
4689	0	0
4690	0	0.00024073442052668223
4691	0	0.00010552154744055196
4692	0	7.097380004135036e-05
4693	0	0
4694	0	3.009972155448951e-05
4695	0	2.9145467271322126e-05
4696	0	2.9145467271322126e-05
4697	0	0
4698	0	0
4699	0	0
4700	0	0
4701	0	0
4702	0	5.566454379894631e-05
4703	0	0
4704	0	2.9145467271322126e-05
4705	0	0
4706	0	2.9145467271322126e-05
4707	0	0
4708	0	5.395607863367405e-05
4709	0	5.3963724430704055e-05
4710	0	5.395607863367405e-05
4711	0	4.64542569946738e-05
4712	0	5.395607863367405e-05
4713	0	3.1280389535836454e-05
4714	0	2.924130258932892e-05
4715	0	3.296947170602576e-05
4716	0	2.9145467271322126e-05
4717	0	0
4718	0	0
4719	0	0
4720	0	0
4721	0	2.9145467271322126e-05
4722	0	0
4723	0	2.9145467271322126e-05
4724	0	0
4725	0	0
4726	0	5.395607863367405e-05
4727	0	0
4728	0	4.1830081575252546e-05
4729	0	2.9145467271322126e-05
4730	0	0.00018494543267993336
4731	0	0
4732	0	0
4733	0	0
4734	0	0
4735	0	6.224641778094653e-05
4736	0	5.2129830749203826e-05
4737	0	7.263740096412254e-05
4738	0	0
4739	0	0
4740	0	9.762742742062341e-05
4741	0	0
4742	0	2.9191065828135232e-05
4743	0	0.00016186286057087617
4744	0	2.9175984628471392e-05
4745	0	3.974068703017538e-05
4746	0	2.9145467271322126e-05
4747	0	3.798804847152102e-05
4748	0	2.9145467271322126e-05
4749	0	3.328056916504745e-05
4750	0	0
4751	0	0
4752	0	5.395607863367405e-05
4753	0	3.3083877712761814e-05
4754	0	2.9145467271322126e-05
4755	0	2.9153113068352123e-05
4756	0	2.9145467271322126e-05
4757	0	0
4758	0	5.900091904307606e-05
4759	0	0.0004070050192634293
4760	0	3.723859174986619e-05
4761	0	2.91607353412983e-05
4762	0	2.9153108358899073e-05
4763	0	0
4764	0	0
4765	0	0
4766	0	2.9145467271322126e-05
4767	0	0.0003032530438072792
4768	0	9.632506112539503e-05
4769	0	4.15771043075537e-05
4770	0	2.9145467271322126e-05
4771	0	2.9166314003559006e-05
4772	0	2.917590973925139e-05
4773	0	0
4774	0	2.9166082295667017e-05
4775	0	2.9145467271322126e-05
4776	0	0
4777	0	6.23866032061164e-05
4778	0	2.9153068561567946e-05
4779	0	0
4780	0	0
4781	0	0
4782	0	0
4783	0	2.9172145878525562e-05
4784	0	0
4785	0	2.9145467271322126e-05
4786	0	0.00010513797269173086
4787	0	0
4788	0	0
4789	0	6.613550582794064e-05
4790	0	0
4791	0	0
4792	0	4.023546810977021e-05
4793	0	2.9145467271322126e-05
4794	0	0
4795	0	2.9244515824399436e-05
4796	0	7.509466365884545e-05
4797	0	2.9145467271322126e-05
4798	0	0
4799	0	2.9230002006754985e-05
4800	0	2.9145467271322126e-05
4801	0	6.358987833339037e-05
4802	0	0
4803	0	6.751704514181062e-05
4804	0	2.9160754154478228e-05
4805	0	0
4806	0	2.9160730643430617e-05
4807	0	2.915310600634748e-05
4808	0	6.241915608532065e-05
4809	0	0
4810	0	2.9145467271322126e-05
4811	0	0
4812	0	5.5183132137410446e-05
4813	0	4.1550772952498096e-05
4814	0	2.9145467271322126e-05
4815	0	0.00026161504998053586
4816	0	9.182505786817376e-05
4817	0	2.9166609120082686e-05
4818	0	5.900091904307606e-05
4819	0	2.9145467271322126e-05
4820	0	0
4821	0	2.9159559644680976e-05
4822	0	4.0163614822536186e-05
4823	0	2.9145467271322126e-05
4824	0	2.9145467271322126e-05
4825	0	2.9221145433569454e-05
4826	0	2.9153080223565865e-05
4827	0	0
4828	0	4.542769658239202e-05
4829	0	0
4830	0	0
4831	0	0
4832	0	0
4833	0	7.943219068245394e-05
4834	0	0
4835	0	0
4836	0	2.9153094265285343e-05
4837	0	2.9145467271322126e-05
4838	0	0
4839	0	2.9145467271322126e-05
4840	0	0.00010819325434603452
4841	0	0
4842	0	2.9145467271322126e-05
4843	0	0
4844	0	5.687653892043306e-05
4845	0	0
4846	0	2.9145467271322126e-05
4847	0	3.7180677787562396e-05
4848	0	0
4849	0	2.9153110712900175e-05
4850	0	2.9153110712900175e-05
4851	0	2.9145467271322126e-05
4852	0	2.917600340838348e-05
4853	0	0
4854	0	2.9145467271322126e-05
4855	0	0
4856	0	2.9160571519212386e-05
4857	0	0
4858	0	7.829691162919338e-05
4859	0	2.9145467271322126e-05
4860	0	0
4861	0	0
4862	0	5.395607863367405e-05
4863	0	2.9145467271322126e-05
4864	0	2.9145467271322126e-05
4865	0	2.9145467271322126e-05
4866	0	2.9153110712900175e-05
4867	0	0
4868	0	0
4869	0	2.9145467271322126e-05
4870	0	0
4871	0	0
4872	0	2.9145467271322126e-05
4873	0	3.508846974012368e-05
4874	0	0
4875	0	2.9145467271322126e-05
4876	0	0
4877	0	2.9145467271322126e-05
4878	0	0
4879	0	7.496208801012751e-05
4880	0	2.9145467271322126e-05
4881	0	2.9145467271322126e-05
4882	0	0
4883	0	0
4884	0	0
4885	0	2.9153110712900175e-05
4886	0	2.9145467271322126e-05
4887	0	0
4888	0	5.3962654292140185e-05
4889	0	4.006661946753314e-05
4890	0	4.46936485568309e-05
4891	0	4.71396653357743e-05
4892	0	4.454729712151521e-05
4893	0	5.408092609299675e-05
4894	0	0
4895	0	0.0004498775421647968
4896	0	7.849197814215505e-05
4897	0	0
4898	0	0
4899	0	2.9159559644680976e-05
4900	0	0
4901	0	0
4902	0	5.395607863367405e-05
4903	0	4.414555738325102e-05
4904	0	0.0005159192510349031
4905	0	5.395607863367405e-05
4906	0	0
4907	0	0
4908	0	2.9145467271322126e-05
4909	0	7.875141487707869e-05
4910	0	0
4911	0	0
4912	0	0.00021733238731120612
4913	0	0
4914	0	0
4915	0	0
4916	0	0
4917	0	2.9145467271322126e-05
4918	0	2.920518480752316e-05
4919	0	8.336888323802435e-05
4920	0	0.00024832565592524
4921	0	2.9160749452274056e-05
4922	0	3.5032734855789906e-05
4923	0	6.050468229951537e-05
4924	0	2.9145467271322126e-05
4925	0	2.9244210181689442e-05
4926	0	4.1550772952498096e-05
4927	0	0
4928	0	0
4929	0	2.9145467271322126e-05
4930	0	0
4931	0	3.200823012082427e-05
4932	0	3.32882102526244e-05
4933	0	0
4934	0	2.9145467271322126e-05
4935	0	0
4936	0	8.844487373799971e-05
4937	0	3.0741806105460414e-05
4938	0	2.9145467271322126e-05
4939	0	0
4940	0	0
4941	0	2.9145467271322126e-05
4942	0	0
4943	0	2.9145467271322126e-05
4944	0	0
4945	0	0
4946	0	3.742330509303811e-05
4947	0	2.9145467271322126e-05
4948	0	6.92414512117743e-05
4949	0	0
4950	0	0.00010194059727850965
4951	0	0
4952	0	0
4953	0	0
4954	0	0
4955	0	4.1156745842369816e-05
4956	0	0
4957	0	0
4958	0	0
4959	0	4.762265286103536e-05
4960	0	2.9153108358899073e-05
4961	0	2.9168372119200094e-05
4962	0	2.9456040840881293e-05
4963	0	2.9145467271322126e-05
4964	0	0
4965	0	0
4966	0	0
4967	0	0
4968	0	3.534812011191011e-05
4969	0	2.9145467271322126e-05
4970	0	0
4971	0	3.790585599252245e-05
4972	0	2.920600980111999e-05
4973	0	2.9145467271322126e-05
4974	0	0
4975	0	2.9173778247914463e-05
4976	0	2.9145467271322126e-05
4977	0	2.9145467271322126e-05
4978	0	0
4979	0	4.827418998010697e-05
4980	0	4.444108824374629e-05
4981	0	3.0776920184410146e-05
4982	0	0
4983	0	8.267962973660704e-05
4984	0	4.945656764303875e-05
4985	0	2.9145467271322126e-05
4986	0	2.917232765917541e-05
4987	0	0
4988	0	7.206737678111721e-05
4989	0	2.9145467271322126e-05
4990	0	2.9160656170607607e-05
4991	0	2.9145467271322126e-05
4992	0	2.9632589612554022e-05
4993	0	4.2329043129239886e-05
4994	0	0
4995	0	2.9145467271322126e-05
4996	0	2.9145467271322126e-05
4997	0	0
4998	0	0
4999	0	0
5000	0	0
5001	0	0
5002	0	5.398212340253476e-05
5003	0	0
5004	0	2.9145467271322126e-05
5005	0	2.920580901265575e-05
5006	0	7.05716765958092e-05
5007	0	2.9160728313985684e-05
5008	0	7.510768804887944e-05
5009	0	0
5010	0	5.094502783993884e-05
5011	0	4.040017252476322e-05
5012	0	0
5013	0	0
5014	0	0.0001976658440816812
5015	0	0
5016	0	6.636138431485001e-05
5017	0	0
5018	0	0
5019	0	0
5020	0	2.9145467271322126e-05
5021	0	5.398696010288718e-05
5022	0	3.956801694320646e-05
5023	0	0
5024	0	2.9145467271322126e-05
5025	0	0
5026	0	2.9217977275085782e-05
5027	0	4.237786460777548e-05
5028	0	2.9145467271322126e-05
5029	0	0.00013051223473681213
5030	0	5.455830220761537e-05
5031	0	2.9145467271322126e-05
5032	0	2.9153108358899073e-05
5033	0	0
5034	0	0
5035	0	0
5036	0	0
5037	0	0
5038	0	2.9153113068352123e-05
5039	0	2.9145467271322126e-05
5040	0	2.9145467271322126e-05
5041	0	2.9145467271322126e-05
5042	0	2.9159627270208882e-05
5043	0	0.00012449881739040724
5044	0	0
5045	0	0
5046	0	0
5047	0	0
5048	0	0
5049	0	0
5050	0	2.9153108358899073e-05
5051	0	8.084597876213109e-05
5052	0	5.395607863367405e-05
5053	0	2.9145467271322126e-05
5054	0	0.00014995570504342068
5055	0	2.923599001515944e-05
5056	0	0
5057	0	0.00018037886994804692
5058	0	6.883482286153923e-05
5059	0	2.9145467271322126e-05
5060	0	0
5061	0	0
5062	0	0
5063	0	0
5064	0	5.459926846108073e-05
5065	0	6.430404947409535e-05
5066	0	0.00013314227329454983
5067	0	3.7415671058772766e-05
5068	0	0
5069	0	0
5070	0	3.328056916504745e-05
5071	0	0
5072	0	2.9145467271322126e-05
5073	0	2.9145467271322126e-05
5074	0	0
5075	0	2.9153084898390703e-05
5076	0	4.2434211177435965e-05
5077	0	0
5078	0	2.9145467271322126e-05
5079	0	4.344054464779165e-05
5080	0	0
5081	0	0
5082	0	6.149430086536881e-05
5083	0	2.9145467271322126e-05
5084	0	0
5085	0	0
5086	0	0
5087	0	0
5088	0	2.9145467271322126e-05
5089	0	2.9145467271322126e-05
5090	0	0
5091	0	0
5092	0	4.1550772952498096e-05
5093	0	0
5094	0	5.395607863367405e-05
5095	0	0
5096	0	3.1263657579987677e-05
5097	0	0
5098	0	8.002546206372305e-05
5099	0	0
5100	0	0
5101	0	0
5102	0	3.9963310830822524e-05
5103	0	5.3917884958547285e-05
5104	0	0
5105	0	0
5106	0	0
5107	0	6.492698024284024e-05
5108	0	0
5109	0	2.9145467271322126e-05
5110	0	2.9145467271322126e-05
5111	0	0
5112	0	0
5113	0	2.9145467271322126e-05
5114	0	0
5115	0	0
5116	0	2.9145467271322126e-05
5117	0	2.9145467271322126e-05
5118	0	3.536438306738745e-05
5119	0	2.9145467271322126e-05
5120	0	0
5121	0	0
5122	0	0
5123	0	7.876668999602598e-05
5124	0	4.76935814761555e-05
5125	0	6.317767241740269e-05
5126	0	0
5127	0	6.195237352488734e-05
5128	0	0.0001313255062283838
5129	0	0.00017518608055157732
5130	0	0
5131	0	0
5132	0	2.9145467271322126e-05
5133	0	2.9145467271322126e-05
5134	0	0
5135	0	0
5136	0	0
5137	0	0
5138	0	2.9145467271322126e-05
5139	0	0
5140	0	0.0003107962318051543
5141	0	0
5142	0	4.056461534535536e-05
5143	0	2.9145467271322126e-05
5144	0	2.9145467271322126e-05
5145	0	0
5146	0	6.745197930417505e-05
5147	0	2.9153047659761585e-05
5148	0	0
5149	0	0
5150	0	0
5151	0	2.9145467271322126e-05
5152	0	5.395607863367405e-05
5153	0	0
5154	0	2.9145467271322126e-05
5155	0	0
5156	0	5.9778264863004334e-05
5157	0	6.647617732144437e-05
5158	0	0
5159	0	2.9145467271322126e-05
5160	0	2.9145467271322126e-05
5161	0	2.9145467271322126e-05
5162	0	0
5163	0	0
5164	0	2.9145467271322126e-05
5165	0	0
5166	0	2.9145467271322126e-05
5167	0	4.576288726781762e-05
5168	0	2.9145467271322126e-05
5169	0	3.817575789050951e-05
5170	0	0
5171	0	7.197419612763349e-05
5172	0	0
5173	0	0
5174	0	0
5175	0	2.9153098957376368e-05
5176	0	3.2180251829220156e-05
5177	0	6.793269971310584e-05
5178	0	2.9145467271322126e-05
5179	0	0
5180	0	0.00011497369577398625
5181	0	2.9145467271322126e-05
5182	0	0
5183	0	2.922155010285341e-05
5184	0	0
5185	0	5.873947432049887e-05
5186	0	4.4774318202260475e-05
5187	0	0
5188	0	3.319125509069931e-05
5189	0	0.0005497487245035749
5190	0	5.4829811203490875e-05
5191	0	0
5192	0	2.9145467271322126e-05
5193	0	0
5194	0	2.9145467271322126e-05
5195	0	4.1550772952498096e-05
5196	0	0
5197	0	2.9145467271322126e-05
5198	0	4.232114024582687e-05
5199	0	2.9145467271322126e-05
5200	0	0
5201	0	4.148210889891224e-05
5202	0	0
5203	0	6.537850194715968e-05
5204	0	2.9145467271322126e-05
5205	0	0
5206	0	2.9145467271322126e-05
5207	0	0
5208	0	2.9145467271322126e-05
5209	0	2.9145467271322126e-05
5210	0	0
5211	0	6.0245746955168674e-05
5212	0	2.9153101305587464e-05
5213	0	2.9153110712900175e-05
5214	0	2.9145467271322126e-05
5215	0	2.916060290377159e-05
5216	0	2.9145467271322126e-05
5217	0	0
5218	0	6.839047129446937e-05
5219	0	0
5220	0	2.9145467271322126e-05
5221	0	4.879206979844116e-05
5222	0	0
5223	0	2.933534845781635e-05
5224	0	0
5225	0	3.930237543934914e-05
5226	0	2.9145467271322126e-05
5227	0	0
5228	0	0
5229	0	0
5230	0	0
5231	0	0
5232	0	2.9145467271322126e-05
5233	0	2.9145467271322126e-05
5234	0	0
5235	0	0
5236	0	4.1550772952498096e-05
5237	0	6.0782162696836264e-05
5238	0	0
5239	0	2.9145467271322126e-05
5240	0	0
5241	0	0
5242	0	2.9145467271322126e-05
5243	0	2.9145467271322126e-05
5244	0	0
5245	0	0
5246	0	2.9166609120082686e-05
5247	0	3.4658936462955886e-05
5248	0	0.0003572430780332752
5249	0	0
5250	0	3.2874204778848755e-05
5251	0	3.2254401974769246e-05
5252	0	2.9166509754901564e-05
5253	0	8.441183194107793e-05
5254	0	0
5255	0	2.9296972613100517e-05
5256	0	4.489671166285117e-05
5257	0	5.286416855044788e-05
5258	0	0
5259	0	0
5260	0	0.00011479651196182817
5261	0	0
5262	0	2.9145467271322126e-05
5263	0	2.9145467271322126e-05
5264	0	0
5265	0	2.9145467271322126e-05
5266	0	2.9186752292903843e-05
5267	0	0.00017546422423230225
5268	0	0
5269	0	2.9145467271322126e-05
5270	0	0
5271	0	0
5272	0	2.916632067918624e-05
5273	0	4.809998920520655e-05
5274	0	0
5275	0	2.9145467271322126e-05
5276	0	2.9145467271322126e-05
5277	0	0.00011894299415840186
5278	0	0
5279	0	0
5280	0	0
5281	0	0
5282	0	2.9145467271322126e-05
5283	0	0
5284	0	0
5285	0	0
5286	0	2.9145467271322126e-05
5287	0	0
5288	0	4.053632880517539e-05
5289	0	2.9145467271322126e-05
5290	0	0
5291	0	3.7080471184874244e-05
5292	0	4.4682216574908984e-05
5293	0	0
5294	0	0
5295	0	0
5296	0	0
5297	0	0
5298	0	2.9145467271322126e-05
5299	0	2.9145467271322126e-05
5300	0	4.790825914865446e-05
5301	0	0
5302	0	0
5303	0	0
5304	0	2.9145467271322126e-05
5305	0	0
5306	0	2.9145467271322126e-05
5307	0	0
5308	0	2.9153075554475254e-05
5309	0	4.8557603871914905e-05
5310	0	0
5311	0	0
5312	0	0
5313	0	0
5314	0	0
5315	0	0
5316	0	0
5317	0	0
5318	0	5.782432462047177e-05
5319	0	3.106029975628586e-05
5320	0	5.304140013056643e-05
5321	0	0
5322	0	2.916074944647602e-05
5323	0	0
5324	0	4.017291090998341e-05
5325	0	0
5326	0	0
5327	0	2.9145467271322126e-05
5328	0	0
5329	0	0
5330	0	2.9145467271322126e-05
5331	0	2.9145467271322126e-05
5332	0	8.09088260635105e-05
5333	0	2.9153101305587464e-05
5334	0	2.9990417358856353e-05
5335	0	0
5336	0	3.4658936462955886e-05
5337	0	0
5338	0	0
5339	0	2.9145467271322126e-05
5340	0	0
5341	0	0
5342	0	4.333597698349587e-05
5343	0	9.961004841549148e-05
5344	0	2.9145467271322126e-05
5345	0	0
5346	0	2.9153113068352123e-05
5347	0	0
5348	0	2.9145467271322126e-05
5349	0	0
5350	0	2.9145467271322126e-05
5351	0	2.9145467271322126e-05
5352	0	2.9153098957376368e-05
5353	0	2.9153103655244056e-05
5354	0	3.7526213844552146e-05
5355	0	0
5356	0	0
5357	0	0
5358	0	0
5359	0	2.9145467271322126e-05
5360	0	2.9196799135290158e-05
5361	0	0
5362	0	5.634723581615447e-05
5363	0	2.9145467271322126e-05
5364	0	4.208490305458612e-05
5365	0	2.9145467271322126e-05
5366	0	0
5367	0	0
5368	0	4.236780619607481e-05
5369	0	2.9145467271322126e-05
5370	0	2.9145467271322126e-05
5371	0	5.2959212363171873e-05
5372	0	3.534812011191011e-05
5373	0	2.9145467271322126e-05
5374	0	0
5375	0	4.75465437005564e-05
5376	0	2.9153108358899073e-05
5377	0	2.9145467271322126e-05
5378	0	2.9160732994531373e-05
5379	0	0.00034726718312171094
5380	0	0.00011444415024149275
5381	0	0
5382	0	0
5383	0	0
5384	0	0
5385	0	3.7404445103049554e-05
5386	0	0
5387	0	0
5388	0	0
5389	0	2.9166139465843935e-05
5390	0	2.9145467271322126e-05
5391	0	0
5392	0	0
5393	0	0
5394	0	2.9145467271322126e-05
5395	0	7.403426633568043e-05
5396	0	0
5397	0	0
5398	0	0
5399	0	2.9145467271322126e-05
5400	0	0
5401	0	0
5402	0	0.0002510854827711834
5403	0	2.9145467271322126e-05
5404	0	2.9145467271322126e-05
5405	0	4.1550772952498096e-05
5406	0	7.822923522311766e-05
5407	0	0
5408	0	2.9145467271322126e-05
5409	0	0
5410	0	2.9145467271322126e-05
5411	0	2.9172716345164032e-05
5412	0	0
5413	0	2.9145467271322126e-05
5414	0	0
5415	0	2.9145467271322126e-05
5416	0	0
5417	0	2.915960983715393e-05
5418	0	4.2423369997052585e-05
5419	0	0
5420	0	2.915308957896033e-05
5421	0	0
5422	0	0
5423	0	0
5424	0	0
5425	0	3.069613048146912e-05
5426	0	2.9160723685334442e-05
5427	0	6.739495207429856e-05
5428	0	0
5429	0	0
5430	0	4.3114909611540055e-05
5431	0	0
5432	0	5.685966520364261e-05
5433	0	3.979226630516123e-05
5434	0	4.204491592692231e-05
5435	0	2.9145467271322126e-05
5436	0	2.9153110712900175e-05
5437	0	2.9202282247651116e-05
5438	0	5.705740505396804e-05
5439	0	2.9145467271322126e-05
5440	0	0
5441	0	2.9168383476398188e-05
5442	0	0
5443	0	5.7803843885937795e-05
5444	0	4.215693071691066e-05
5445	0	0
5446	0	2.9145467271322126e-05
5447	0	7.883410165850065e-05
5448	0	7.976192310786869e-05
5449	0	0
5450	0	0
5451	0	2.9145467271322126e-05
5452	0	0
5453	0	2.9153108358899073e-05
5454	0	2.9153047659761585e-05
5455	0	2.9180187868676245e-05
5456	0	0
5457	0	2.9145467271322126e-05
5458	0	0
5459	0	0
5460	0	0
5461	0	0
5462	0	0
5463	0	2.9145467271322126e-05
5464	0	0
5465	0	0
5466	0	2.9171917597126417e-05
5467	0	2.9145467271322126e-05
5468	0	0
5469	0	0
5470	0	2.9145467271322126e-05
5471	0	4.1550772952498096e-05
5472	0	0
5473	0	0.00029681985113271236
5474	0	2.9145467271322126e-05
5475	0	0
5476	0	4.0076222978164674e-05
5477	0	3.9477539313039826e-05
5478	0	0
5479	0	4.514448625414166e-05
5480	0	0
5481	0	0
5482	0	2.9145467271322126e-05
5483	0	2.9153075554475254e-05
5484	0	0
5485	0	0
5486	0	2.9153110712900175e-05
5487	0	2.9160714289500606e-05
5488	0	0
5489	0	0
5490	0	2.9145467271322126e-05
5491	0	0
5492	0	0
5493	0	7.584749993905059e-05
5494	0	0
5495	0	0
5496	0	0
5497	0	0
5498	0	0
5499	0	0
5500	0	4.1550772952498096e-05
5501	0	2.9145467271322126e-05
5502	0	0
5503	0	2.9145467271322126e-05
5504	0	2.9311501505207365e-05
5505	0	5.760894727224855e-05
5506	0	0
5507	0	2.9145467271322126e-05
5508	0	2.9153031482103332e-05
5509	0	0.0004770090112499726
5510	0	0
5511	0	4.232852987225323e-05
5512	0	0
5513	0	2.9145467271322126e-05
5514	0	4.63297273841085e-05
5515	0	0
5516	0	6.170783722706495e-05
5517	0	0
5518	0	0
5519	0	2.989092935268016e-05
5520	0	5.352852850675318e-05
5521	0	0.0001276086465522702
5522	0	2.9145467271322126e-05
5523	0	0.00010911734316932067
5524	0	0
5525	0	0
5526	0	0
5527	0	0
5528	0	0
5529	0	0
5530	0	0
5531	0	4.1550772952498096e-05
5532	0	2.9145467271322126e-05
5533	0	2.9153073222076985e-05
5534	0	5.6084665573274155e-05
5535	0	0
5536	0	2.9145467271322126e-05
5537	0	0
5538	0	3.3008388648946935e-05
5539	0	2.9145467271322126e-05
5540	0	8.728579796842227e-05
5541	0	0
5542	0	3.202609806759243e-05
5543	0	0
5544	0	0
5545	0	0.00010393423432248661
5546	0	4.8993956361203667e-05
5547	0	0
5548	0	0
5549	0	0.00021963970757131343
5550	0	0
5551	0	2.915308957896033e-05
5552	0	2.9153110712900175e-05
5553	0	0
5554	0	0
5555	0	0
5556	0	6.947920286743768e-05
5557	0	0
5558	0	2.9145467271322126e-05
5559	0	0
5560	0	2.9145467271322126e-05
5561	0	0
5562	0	3.268984032308669e-05
5563	0	0
5564	0	5.395607863367405e-05
5565	0	2.9145467271322126e-05
5566	0	2.9166184415254597e-05
5567	0	2.9145467271322126e-05
5568	0	0
5569	0	0
5570	0	2.9170262676397723e-05
5571	0	3.108700980217619e-05
5572	0	5.9778264863004334e-05
5573	0	0.00016362123522208847
5574	0	0
5575	0	2.9145467271322126e-05
5576	0	2.9145467271322126e-05
5577	0	2.9145467271322126e-05
5578	0	2.9145467271322126e-05
5579	0	3.055768730795102e-05
5580	0	0
5581	0	2.9244719458519636e-05
5582	0	2.9145467271322126e-05
5583	0	7.238540074437416e-05
5584	0	0.00010426039300650904
5585	0	2.9145467271322126e-05
5586	0	0
5587	0	2.9145467271322126e-05
5588	0	0
5589	0	9.758714477089582e-05
5590	0	3.411520951042714e-05
5591	0	0
5592	0	0
5593	0	0.0008939162303124684
5594	0	4.1550772952498096e-05
5595	0	5.3841532874845095e-05
5596	0	0.0001576694102014532
5597	0	0
5598	0	5.395607863367405e-05
5599	0	2.9191209029918353e-05
5600	0	0
5601	0	2.9145467271322126e-05
5602	0	0
5603	0	2.915308957896033e-05
5604	0	0
5605	0	0
5606	0	7.787395458653398e-05
5607	0	2.9145467271322126e-05
5608	0	0
5609	0	0
5610	0	0
5611	0	2.9145467271322126e-05
5612	0	0
5613	0	4.1550772952498096e-05
5614	0	2.9145467271322126e-05
5615	0	2.9145467271322126e-05
5616	0	2.9145467271322126e-05
5617	0	0.0002887774407895197
5618	0	0
5619	0	4.0687878761116485e-05
5620	0	0
5621	0	0
5622	0	3.5119450486133206e-05
5623	0	2.9145467271322126e-05
5624	0	0
5625	0	2.9145467271322126e-05
5626	0	2.9145467271322126e-05
5627	0	0
5628	0	0.00011073702894126894
5629	0	0.0002954255194379633
5630	0	0
5631	0	4.380104526151511e-05
5632	0	2.9160683953533707e-05
5633	0	0.00010069299379879509
5634	0	0
5635	0	2.9145467271322126e-05
5636	0	2.9145467271322126e-05
5637	0	2.9267064214088538e-05
5638	0	4.237071200959713e-05
5639	0	0
5640	0	6.180832998214731e-05
5641	0	0
5642	0	2.928197407894992e-05
5643	0	0
5644	0	5.8119770267037664e-05
5645	0	0
5646	0	0
5647	0	2.9145467271322126e-05
5648	0	0
5649	0	0
5650	0	0
5651	0	2.9145467271322126e-05
5652	0	0
5653	0	0
5654	0	8.445893938225644e-05
5655	0	2.9145467271322126e-05
5656	0	6.114511805834471e-05
5657	0	0
5658	0	0
5659	0	0
5660	0	0
5661	0	6.671275316981652e-05
5662	0	0
5663	0	0.00013557114128521017
5664	0	2.9265736941982005e-05
5665	0	2.916552241646982e-05
5666	0	2.9145467271322126e-05
5667	0	0.00011875853939046105
5668	0	8.653507811148315e-05
5669	0	0.00016727227643343985
5670	0	4.413867281420946e-05
5671	0	2.9153101305587464e-05
5672	0	2.9145467271322126e-05
5673	0	4.1550772952498096e-05
5674	0	0
5675	0	0
5676	0	8.359034917497475e-05
5677	0	5.2120065465083796e-05
5678	0	0
5679	0	0.00011472549967316993
5680	0	2.965180627871706e-05
5681	0	2.9145467271322126e-05
5682	0	2.9145467271322126e-05
5683	0	0
5684	0	0
5685	0	2.9159614191392176e-05
5686	0	4.1550772952498096e-05
5687	0	0
5688	0	0
5689	0	2.9160718918247645e-05
5690	0	2.916060290377159e-05
5691	0	0
5692	0	4.697582743993295e-05
5693	0	0
5694	0	0
5695	0	0
5696	0	0
5697	0	0
5698	0	4.273929442382488e-05
5699	0	4.1550772952498096e-05
5700	0	0
5701	0	2.921749394775294e-05
5702	0	2.9145467271322126e-05
5703	0	2.9145467271322126e-05
5704	0	2.9222623293024794e-05
5705	0	5.9014776576629745e-05
5706	0	2.916065605712429e-05
5707	0	2.9145467271322126e-05
5708	0	0.00024828992232870517
5709	0	0
5710	0	6.639007941555815e-05
5711	0	2.9145467271322126e-05
5712	0	2.9145467271322126e-05
5713	0	5.977880342287847e-05
5714	0	2.9188031976825527e-05
5715	0	2.9145467271322126e-05
5716	0	0
5717	0	2.9145467271322126e-05
5718	0	5.395607863367405e-05
5719	0	3.743625644736212e-05
5720	0	0
5721	0	0
5722	0	0
5723	0	0
5724	0	2.9153070891108322e-05
5725	0	0
5726	0	0
5727	0	2.9145467271322126e-05
5728	0	0
5729	0	2.9168271142059582e-05
5730	0	2.9145467271322126e-05
5731	0	6.812304858653623e-05
5732	0	0
5733	0	3.269727367166697e-05
5734	0	0
5735	0	0
5736	0	0
5737	0	2.9145467271322126e-05
5738	0	2.918840286421665e-05
5739	0	0.00044146104728494433
5740	0	0
5741	0	0
5742	0	2.9145467271322126e-05
5743	0	0
5744	0	2.9153113068352123e-05
5745	0	0
5746	0	2.9153103655244056e-05
5747	0	0
5748	0	4.4652099372792085e-05
5749	0	6.053704209420751e-05
5750	0	0
5751	0	7.485783742235662e-05
5752	0	0
5753	0	2.9145467271322126e-05
5754	0	0
5755	0	7.77736370665685e-05
5756	0	0
5757	0	0
5758	0	0
5759	0	3.345033962856144e-05
5760	0	2.9289101549692284e-05
5761	0	2.9145467271322126e-05
5762	0	0
5763	0	0
5764	0	0
5765	0	0
5766	0	0
5767	0	2.9145467271322126e-05
5768	0	2.9145467271322126e-05
5769	0	2.9145467271322126e-05
5770	0	0
5771	0	2.9145467271322126e-05
5772	0	0
5773	0	0
5774	0	0
5775	0	0
5776	0	0
5777	0	0
5778	0	2.9145467271322126e-05
5779	0	2.9244569876715404e-05
5780	0	0
5781	0	2.915922682397381e-05
5782	0	3.656145194013069e-05
5783	0	4.8833161163221174e-05
5784	0	2.9145467271322126e-05
5785	0	0
5786	0	4.184414455899626e-05
5787	0	0
5788	0	0
5789	0	0
5790	0	3.8319707001328674e-05
5791	0	0
5792	0	2.9145467271322126e-05
5793	0	0
5794	0	0
5795	0	0
5796	0	0
5797	0	3.743909925787582e-05
5798	0	0
5799	0	2.9145467271322126e-05
5800	0	0
5801	0	2.9145467271322126e-05
5802	0	0
5803	0	4.265929778585157e-05
5804	0	2.9145467271322126e-05
5805	0	5.393315537094321e-05
5806	0	2.9145467271322126e-05
5807	0	2.9145467271322126e-05
5808	0	0
5809	0	0
5810	0	0
5811	0	0
5812	0	9.006171679318084e-05
5813	0	4.2399558722040034e-05
5814	0	3.164077862031286e-05
5815	0	0
5816	0	2.917423070992131e-05
5817	0	9.443845273143343e-05
5818	0	3.626895634188675e-05
5819	0	0
5820	0	2.9145467271322126e-05
5821	0	0
5822	0	2.9145467271322126e-05
5823	0	0
5824	0	2.9153080223565865e-05
5825	0	0
5826	0	4.012764542003424e-05
5827	0	2.9145467271322126e-05
5828	0	0
5829	0	2.9145467271322126e-05
5830	0	4.1550772952498096e-05
5831	0	0
5832	0	0
5833	0	0
5834	0	5.3971328050490244e-05
5835	0	2.9145467271322126e-05
5836	0	0
5837	0	2.9145467271322126e-05
5838	0	9.01925978166351e-05
5839	0	0
5840	0	0
5841	0	0.00022636378230832287
5842	0	0
5843	0	0
5844	0	0
5845	0	7.013941578290545e-05
5846	0	4.8111630441897865e-05
5847	0	5.395607863367405e-05
5848	0	2.9145467271322126e-05
5849	0	0
5850	0	2.9145467271322126e-05
5851	0	2.9145467271322126e-05
5852	0	2.9145467271322126e-05
5853	0	2.9145467271322126e-05
5854	0	2.9145467271322126e-05
5855	0	0
5856	0	0.00016837743497280107
5857	0	7.509466365884545e-05
5858	0	0
5859	0	2.9145467271322126e-05
5860	0	5.784341629797774e-05
5861	0	2.9159773555480186e-05
5862	0	2.9145467271322126e-05
5863	0	0
5864	0	4.115040827347168e-05
5865	0	0
5866	0	3.1902201867139006e-05
5867	0	0
5868	0	5.3969099012500765e-05
5869	0	0
5870	0	0
5871	0	2.9145467271322126e-05
5872	0	2.918475110042887e-05
5873	0	3.745100086972133e-05
5874	0	0
5875	0	0
5876	0	6.80820637255995e-05
5877	0	7.805674154798105e-05
5878	0	2.9145467271322126e-05
5879	0	0
5880	0	5.395607863367405e-05
5881	0	4.1673548562983563e-05
5882	0	2.9145467271322126e-05
5883	0	2.9156928902687547e-05
5884	0	0
5885	0	0
5886	0	2.9145467271322126e-05
5887	0	0
5888	0	0
5889	0	0
5890	0	2.9145467271322126e-05
5891	0	2.9145467271322126e-05
5892	0	0
5893	0	0
5894	0	2.9153094265285343e-05
5895	0	4.5496530316085844e-05
5896	0	0
5897	0	0
5898	0	4.4608167673974935e-05
5899	0	0.00013188680358847577
5900	0	2.9145467271322126e-05
5901	0	2.9198179673368432e-05
5902	0	3.121301821818479e-05
5903	0	0
5904	0	0
5905	0	2.915305461424639e-05
5906	0	4.106321031368864e-05
5907	0	6.782897403487344e-05
5908	0	0
5909	0	0
5910	0	3.3126333400366384e-05
5911	0	0
5912	0	4.089639457092255e-05
5913	0	4.1847230759705236e-05
5914	0	2.9172991646496022e-05
5915	0	4.2153742414179566e-05
5916	0	0
5917	0	0
5918	0	4.0632766368202954e-05
5919	0	0
5920	0	4.829578891865415e-05
5921	0	2.918680293454621e-05
5922	0	0
5923	0	4.148210889891224e-05
5924	0	2.915959679050648e-05
5925	0	2.9145467271322126e-05
5926	0	4.3060671882867476e-05
5927	0	6.3813927713032e-05
5928	0	0
5929	0	2.9145467271322126e-05
5930	0	2.9160526789297292e-05
5931	0	0
5932	0	0
5933	0	5.0012461951509456e-05
5934	0	0
5935	0	0.00015861974614342461
5936	0	0
5937	0	0
5938	0	0
5939	0	0
5940	0	0
5941	0	5.3970237384192395e-05
5942	0	0
5943	0	0
5944	0	2.9201709683013995e-05
5945	0	2.9145467271322126e-05
5946	0	2.9145467271322126e-05
5947	0	2.92038361195287e-05
5948	0	3.7415671058772766e-05
5949	0	6.537070264021178e-05
5950	0	2.9145467271322126e-05
5951	0	0
5952	0	0
5953	0	0
5954	0	3.6059030230740005e-05
5955	0	0
5956	0	2.9145467271322126e-05
5957	0	2.9153108358899073e-05
5958	0	0
5959	0	2.9176699853735057e-05
5960	0	0
5961	0	2.9145467271322126e-05
5962	0	2.9145467271322126e-05
5963	0	0
5964	0	2.9145467271322126e-05
5965	0	0
5966	0	0.0001606594561912713
5967	0	0
5968	0	0
5969	0	3.762325039356002e-05
5970	0	2.9186901559187075e-05
5971	0	5.718500519066018e-05
5972	0	0
5973	0	4.0332935375930776e-05
5974	0	0
5975	0	0
5976	0	4.152055154225224e-05
5977	0	2.9145467271322126e-05
5978	0	2.9145467271322126e-05
5979	0	6.0161415035413794e-05
5980	0	0
5981	0	2.9145467271322126e-05
5982	0	0
5983	0	3.1265448587676126e-05
5984	0	2.9153087237956754e-05
5985	0	0
5986	0	2.9153082560260847e-05
5987	0	0
5988	0	0
5989	0	2.9223310469075427e-05
5990	0	0
5991	0	0
5992	0	0.00011003499921410917
5993	0	0
5994	0	2.9153080223565865e-05
5995	0	5.398431913855034e-05
5996	0	2.9145467271322126e-05
5997	0	2.9145467271322126e-05
5998	0	2.9145467271322126e-05
5999	0	0
6000	0	3.3091807354421814e-05
6001	0	2.9276424864832703e-05
6002	0	2.9145467271322126e-05
6003	0	2.9145467271322126e-05
6004	0	0
6005	0	0
6006	0	2.9145467271322126e-05
6007	0	0
6008	0	2.918059444937742e-05
6009	0	2.9145467271322126e-05
6010	0	0
6011	0	2.9159562116839773e-05
6012	0	0
6013	0	2.9145467271322126e-05
6014	0	4.81488736518244e-05
6015	0	3.7415671058772766e-05
6016	0	0
6017	0	0
6018	0	2.915310600634748e-05
6019	0	0
6020	0	2.9697399453414137e-05
6021	0	0
6022	0	0
6023	0	3.6057336145231696e-05
6024	0	4.0838431323760336e-05
6025	0	4.1550772952498096e-05
6026	0	0
6027	0	2.9168334194236736e-05
6028	0	0
6029	0	5.395607863367405e-05
6030	0	2.9145467271322126e-05
6031	0	0.00031471410513446066
6032	0	0.00010926063538543598
6033	0	0
6034	0	0
6035	0	0
6036	0	2.9174163935893766e-05
6037	0	2.9145467271322126e-05
6038	0	2.9545908079437643e-05
6039	0	5.398191252921352e-05
6040	0	2.9145467271322126e-05
6041	0	0
6042	0	0.0001575436201669664
6043	0	0
6044	0	0
6045	0	0
6046	0	0.00015632228917617964
6047	0	0
6048	0	0
6049	0	4.66072837276284e-05
6050	0	2.9145467271322126e-05
6051	0	0.00019555421131286387
6052	0	0
6053	0	2.9145467271322126e-05
6054	0	2.9145467271322126e-05
6055	0	4.305885328490086e-05
6056	0	2.9145467271322126e-05
6057	0	0.0001168027774300686
6058	0	0
6059	0	0
6060	0	0
6061	0	0
6062	0	2.9145467271322126e-05
6063	0	2.9145467271322126e-05
6064	0	0.0012255217452736863
6065	0	0
6066	0	0
6067	0	2.915310600634748e-05
6068	0	2.9145467271322126e-05
6069	0	0
6070	0	0.00016288143063220744
6071	0	0
6072	0	0
6073	0	2.9145467271322126e-05
6074	0	0
6075	0	0
6076	0	3.8391225655469644e-05
6077	0	0.0002028061826682183
6078	0	0
6079	0	7.122402998279108e-05
6080	0	2.9153110712900175e-05
6081	0	0
6082	0	2.9187624098431236e-05
6083	0	0
6084	0	6.618299879624882e-05
6085	0	0
6086	0	2.9145467271322126e-05
6087	0	0.00010379295596710045
6088	0	2.9145467271322126e-05
6089	0	2.9145467271322126e-05
6090	0	6.051095293495007e-05
6091	0	2.9153098957376368e-05
6092	0	2.9145467271322126e-05
6093	0	0
6094	0	0
6095	0	2.9145467271322126e-05
6096	0	0
6097	0	0.00010826718919001909
6098	0	2.916065605712429e-05
6099	0	2.9145467271322126e-05
6100	0	2.9145467271322126e-05
6101	0	4.156053823661812e-05
6102	0	0
6103	0	0
6104	0	0
6105	0	0
6106	0	2.9145467271322126e-05
6107	0	0
6108	0	0.00010180924288195756
6109	0	0
6110	0	0
6111	0	0
6112	0	0
6113	0	0
6114	0	0
6115	0	0
6116	0	5.487687080420881e-05
6117	0	0
6118	0	0
6119	0	0
6120	0	0
6121	0	7.509466365884545e-05
6122	0	6.355391859238047e-05
6123	0	4.553912993063936e-05
6124	0	2.915309192140275e-05
6125	0	0
6126	0	0.00017310875942812281
6127	0	2.9145467271322126e-05
6128	0	0
6129	0	4.1550772952498096e-05
6130	0	0
6131	0	2.9160756509930175e-05
6132	0	2.9145467271322126e-05
6133	0	0
6134	0	2.915308957896033e-05
6135	0	2.9145467271322126e-05
6136	0	0
6137	0	2.9254049819702933e-05
6138	0	2.9145467271322126e-05
6139	0	0
6140	0	0
6141	0	0
6142	0	7.38185493660927e-05
6143	0	2.9145467271322126e-05
6144	0	0
6145	0	2.9145467271322126e-05
6146	0	3.5119450486133206e-05
6147	0	0
6148	0	4.1572272138503966e-05
6149	0	0
6150	0	0
6151	0	0
6152	0	0
6153	0	4.3871022309975265e-05
6154	0	0
6155	0	2.9145467271322126e-05
6156	0	2.9145467271322126e-05
6157	0	0
6158	0	0
6159	0	0
6160	0	0
6161	0	0
6162	0	2.9159627270208882e-05
6163	0	2.915309192140275e-05
6164	0	5.39637126679394e-05
6165	0	0
6166	0	7.878145253558022e-05
6167	0	0
6168	0	2.9145467271322126e-05
6169	0	2.9153101305587464e-05
6170	0	2.9145467271322126e-05
6171	0	0
6172	0	0
6173	0	0
6174	0	0
6175	0	0
6176	0	0
6177	0	7.075715088039173e-05
6178	0	0
6179	0	0
6180	0	0
6181	0	2.9145467271322126e-05
6182	0	0
6183	0	5.499389262539701e-05
6184	0	3.944028670854002e-05
6185	0	2.9145467271322126e-05
6186	0	2.9145467271322126e-05
6187	0	0
6188	0	2.9145467271322126e-05
6189	0	2.9145467271322126e-05
6190	0	0
6191	0	0
6192	0	4.1550772952498096e-05
6193	0	3.328056916504745e-05
6194	0	0.0002653600804385589
6195	0	0
6196	0	0
6197	0	5.5463429276370656e-05
6198	0	0
6199	0	2.924087315917673e-05
6200	0	0
6201	0	2.9145467271322126e-05
6202	0	0
6203	0	0
6204	0	0
6205	0	0.0002254499104131747
6206	0	2.9145467271322126e-05
6207	0	3.1044666085496895e-05
6208	0	4.155836029542235e-05
6209	0	0
6210	0	0.0003066305723796675
6211	0	0
6212	0	2.9175975247175e-05
6213	0	5.2533651776567884e-05
6214	0	0
6215	0	0
6216	0	4.011440698483341e-05
6217	0	0
6218	0	2.9172679106572722e-05
6219	0	0
6220	0	9.899837818629413e-05
6221	0	0.001716177876525659
6222	0	2.9159626021840462e-05
6223	0	0
6224	0	0
6225	0	2.9145467271322126e-05
6226	0	2.9145467271322126e-05
6227	0	2.9160526789297292e-05
6228	0	0
6229	0	0
6230	0	0
6231	0	4.764587282692011e-05
6232	0	0
6233	0	0
6234	0	2.915310600634748e-05
6235	0	3.248535726240796e-05
6236	0	2.9145467271322126e-05
6237	0	2.916613510293417e-05
6238	0	0
6239	0	0
6240	0	0.00010634894197988028
6241	0	0
6242	0	5.773231209894619e-05
6243	0	5.395607863367405e-05
6244	0	0
6245	0	2.9160740039165987e-05
6246	0	2.9145467271322126e-05
6247	0	0
6248	0	2.9145467271322126e-05
6249	0	0
6250	0	2.9145467271322126e-05
6251	0	0
6252	0	5.7803843885937795e-05
6253	0	0
6254	0	4.7609285038313886e-05
6255	0	0
6256	0	0.0001045962410434216
6257	0	2.9172419355793896e-05
6258	0	6.638205049070674e-05
6259	0	0
6260	0	0
6261	0	3.7415671058772766e-05
6262	0	0
6263	0	2.9145467271322126e-05
6264	0	0
6265	0	0
6266	0	2.9145467271322126e-05
6267	0	2.921046684059607e-05
6268	0	2.9145467271322126e-05
6269	0	2.9145467271322126e-05
6270	0	5.28469082144365e-05
6271	0	2.916068383762838e-05
6272	0	0
6273	0	0
6274	0	0
6275	0	0
6276	0	0
6277	0	0.00015821380319192336
6278	0	0
6279	0	0
6280	0	0
6281	0	2.916071901910699e-05
6282	0	0
6283	0	2.9181875556262092e-05
6284	0	0
6285	0	2.915959575763723e-05
6286	0	0
6287	0	4.0794008990333485e-05
6288	0	4.456710536050355e-05
6289	0	0
6290	0	0
6291	0	2.9145467271322126e-05
6292	0	0
6293	0	2.9145467271322126e-05
6294	0	0
6295	0	0
6296	0	2.9145467271322126e-05
6297	0	0.00014611058676781508
6298	0	0.00015806280713486683
6299	0	0
6300	0	0
6301	0	0
6302	0	0
6303	0	3.7404445103049554e-05
6304	0	2.9160744742821007e-05
6305	0	0
6306	0	2.9145467271322126e-05
6307	0	4.290662937895679e-05
6308	0	0
6309	0	0
6310	0	0
6311	0	3.7415671058772766e-05
6312	0	2.9145467271322126e-05
6313	0	0
6314	0	5.6036986896134906e-05
6315	0	0
6316	0	0
6317	0	0
6318	0	0
6319	0	2.9145467271322126e-05
6320	0	0
6321	0	2.9145467271322126e-05
6322	0	0
6323	0	3.536438306738745e-05
6324	0	2.9722458233237285e-05
6325	0	0
6326	0	2.9160754154478228e-05
6327	0	0
6328	0	0
6329	0	4.1550772952498096e-05
6330	0	3.2246793691616115e-05
6331	0	5.395607863367405e-05
6332	0	4.147014437266818e-05
6333	0	0
6334	0	0
6335	0	2.922484501640802e-05
6336	0	2.919588837914774e-05
6337	0	0
6338	0	0
6339	0	2.9145467271322126e-05
6340	0	0
6341	0	0
6342	0	7.265017883375974e-05
6343	0	0
6344	0	2.9145467271322126e-05
6345	0	0
6346	0	0
6347	0	2.9145467271322126e-05
6348	0	2.9145467271322126e-05
6349	0	0.0005456814399262288
6350	0	0
6351	0	2.9145467271322126e-05
6352	0	2.9145467271322126e-05
6353	0	2.9145467271322126e-05
6354	0	0
6355	0	0
6356	0	2.9145467271322126e-05
6357	0	0
6358	0	0.0007101018006027461
6359	0	0
6360	0	0
6361	0	0
6362	0	0
6363	0	0
6364	0	0
6365	0	0
6366	0	2.9153024569939958e-05
6367	0	0
6368	0	2.9145467271322126e-05
6369	0	0
6370	0	2.9145467271322126e-05
6371	0	2.9145467271322126e-05
6372	0	0.00023334222812002172
6373	0	2.9153031482103332e-05
6374	0	2.9153101305587464e-05
6375	0	2.9145467271322126e-05
6376	0	0
6377	0	0
6378	0	0.0001119535422055262
6379	0	5.395607863367405e-05
6380	0	4.578516492757204e-05
6381	0	2.9145467271322126e-05
6382	0	2.9145467271322126e-05
6383	0	2.9145467271322126e-05
6384	0	2.9145467271322126e-05
6385	0	0
6386	0	0
6387	0	5.395607863367405e-05
6388	0	2.9145467271322126e-05
6389	0	2.9145467271322126e-05
6390	0	2.9145467271322126e-05
6391	0	0
6392	0	2.9201609742117427e-05
6393	0	2.9145467271322126e-05
6394	0	4.081646608460758e-05
6395	0	0
6396	0	2.9145467271322126e-05
6397	0	0
6398	0	0
6399	0	0.00012598509551758156
6400	0	0
6401	0	7.448572962489822e-05
6402	0	2.9145467271322126e-05
6403	0	2.917779566743537e-05
6404	0	0
6405	0	0
6406	0	4.699034996271517e-05
6407	0	3.742331450035082e-05
6408	0	3.3216892436785206e-05
6409	0	2.9173752402985727e-05
6410	0	2.9145467271322126e-05
6411	0	0
6412	0	2.9145467271322126e-05
6413	0	3.1232126822129914e-05
6414	0	0
6415	0	4.1883711720292936e-05
6416	0	2.9220881576424215e-05
6417	0	0
6418	0	0
6419	0	3.3525643765332785e-05
6420	0	2.9145467271322126e-05
6421	0	0.00018181701311169275
6422	0	2.9145467271322126e-05
6423	0	7.351553835569756e-05
6424	0	0
6425	0	4.5718416670243784e-05
6426	0	0
6427	0	2.9145467271322126e-05
6428	0	0
6429	0	2.9145467271322126e-05
6430	0	0
6431	0	2.9153098957376368e-05
6432	0	0
6433	0	0
6434	0	0
6435	0	2.9145467271322126e-05
6436	0	0
6437	0	0
6438	0	0
6439	0	2.9145467271322126e-05
6440	0	0
6441	0	2.9168395242055175e-05
6442	0	0
6443	0	0
6444	0	2.9145467271322126e-05
6445	0	6.847097407348196e-05
6446	0	3.1902201867139006e-05
6447	0	0.00013235438803544172
6448	0	0
6449	0	0
6450	0	0
6451	0	0
6452	0	5.395607863367405e-05
6453	0	5.394079175051795e-05
6454	0	0
6455	0	6.748072700298776e-05
6456	0	0
6457	0	0
6458	0	0
6459	0	0
6460	0	2.9153113068352123e-05
6461	0	2.928793080766628e-05
6462	0	0
6463	0	3.757285214666811e-05
6464	0	5.9469520794880416e-05
6465	0	0
6466	0	0
6467	0	4.056501210501546e-05
6468	0	2.9160431401917443e-05
6469	0	2.9145467271322126e-05
6470	0	3.534812011191011e-05
6471	0	0
6472	0	2.9145467271322126e-05
6473	0	0
6474	0	2.9145467271322126e-05
6475	0	0
6476	0	0
6477	0	2.9145467271322126e-05
6478	0	2.9145467271322126e-05
6479	0	0
6480	0	2.9145467271322126e-05
6481	0	4.1550772952498096e-05
6482	0	0
6483	0	3.2246793691616115e-05
6484	0	2.9153110712900175e-05
6485	0	0
6486	0	2.9145467271322126e-05
6487	0	0
6488	0	0
6489	0	4.598188732941414e-05
6490	0	0
6491	0	2.9153047659761585e-05
6492	0	0
6493	0	2.9145467271322126e-05
6494	0	0
6495	0	2.9145467271322126e-05
6496	0	0
6497	0	0
6498	0	0
6499	0	0.00029123126110474994
6500	0	0
6501	0	5.119934403785718e-05
6502	0	7.792454363733673e-05
6503	0	2.9172518951326743e-05
6504	0	0
6505	0	9.073671617397247e-05
6506	0	0
6507	0	0.0003003011596304563
6508	0	0
6509	0	0
6510	0	3.6581700306320394e-05
6511	0	0
6512	0	0
6513	0	5.999655839378432e-05
6514	0	2.9145467271322126e-05
6515	0	0
6516	0	2.915304997650622e-05
6517	0	2.9145467271322126e-05
6518	0	3.623421337485125e-05
6519	0	9.095342775447627e-05
6520	0	0.00030811172360505475
6521	0	0
6522	0	2.9190822507184605e-05
6523	0	0
6524	0	2.9145467271322126e-05
6525	0	2.9145467271322126e-05
6526	0	0
6527	0	0
6528	0	0
6529	0	0
6530	0	5.358285987289486e-05
6531	0	0
6532	0	0
6533	0	2.9145467271322126e-05
6534	0	2.9145467271322126e-05
6535	0	0
6536	0	0
6537	0	0
6538	0	4.668927251438502e-05
6539	0	0
6540	0	0
6541	0	0
6542	0	0
6543	0	2.9145467271322126e-05
6544	0	4.2407199809616975e-05
6545	0	3.308386366241322e-05
6546	0	7.659531648355553e-05
6547	0	0
6548	0	0
6549	0	0
6550	0	0
6551	0	7.439192884810581e-05
6552	0	0
6553	0	3.417082178416184e-05
6554	0	0
6555	0	5.313213008871058e-05
6556	0	3.143866404558839e-05
6557	0	2.9191186230978012e-05
6558	0	2.9145467271322126e-05
6559	0	4.403183408873328e-05
6560	0	0.00012811961724985477
6561	0	0
6562	0	2.9153108358899073e-05
6563	0	3.268984032308669e-05
6564	0	0
6565	0	2.9145467271322126e-05
6566	0	0
6567	0	0
6568	0	4.155841874952809e-05
6569	0	2.9145467271322126e-05
6570	0	0
6571	0	2.9145467271322126e-05
6572	0	0
6573	0	0
6574	0	0.00012120814282994844
6575	0	0.00012871841500757496
6576	0	0
6577	0	0
6578	0	2.9153110712900175e-05
6579	0	0
6580	0	2.9153103655244056e-05
6581	0	0
6582	0	2.9145467271322126e-05
6583	0	2.9145467271322126e-05
6584	0	7.652386488556779e-05
6585	0	2.9153098957376368e-05
6586	0	0
6587	0	0
6588	0	3.606102405899921e-05
6589	0	0
6590	0	0
6591	0	2.92109809921423e-05
6592	0	3.069613048146912e-05
6593	0	4.112701786228687e-05
6594	0	0.00022369724888926155
6595	0	2.9153098957376368e-05
6596	0	2.9145467271322126e-05
6597	0	2.9145467271322126e-05
6598	0	0
6599	0	2.9145467271322126e-05
6600	0	2.915309192140275e-05
6601	0	2.9145467271322126e-05
6602	0	0
6603	0	2.9160721259248566e-05
6604	0	0
6605	0	0
6606	0	2.931372125753784e-05
6607	0	0
6608	0	0
6609	0	6.492710658709914e-05
6610	0	0
6611	0	0
6612	0	0
6613	0	0
6614	0	2.9145467271322126e-05
6615	0	2.9145467271322126e-05
6616	0	0.00014673005879137135
6617	0	0
6618	0	0
6619	0	5.395607863367405e-05
6620	0	0
6621	0	3.805711880869701e-05
6622	0	0
6623	0	8.496934283661396e-05
6624	0	0
6625	0	0
6626	0	2.9145467271322126e-05
6627	0	3.7678853046353316e-05
6628	0	0
6629	0	0.00015261543632869796
6630	0	0
6631	0	2.915308957896033e-05
6632	0	0
6633	0	0
6634	0	2.9145467271322126e-05
6635	0	0
6636	0	2.915309192140275e-05
6637	0	0
6638	0	7.497453633932365e-05
6639	0	0
6640	0	2.919799515409189e-05
6641	0	3.161366446839487e-05
6642	0	2.9145467271322126e-05
6643	0	2.9168355289184076e-05
6644	0	2.9145467271322126e-05
6645	0	0
6646	0	0
6647	0	2.9145467271322126e-05
6648	0	0
6649	0	0
6650	0	2.9145467271322126e-05
6651	0	0
6652	0	0
6653	0	0
6654	0	5.1123013869350294e-05
6655	0	4.789468368570452e-05
6656	0	2.9145467271322126e-05
6657	0	2.9145467271322126e-05
6658	0	0
6659	0	0
6660	0	4.47845144376581e-05
6661	0	0
6662	0	2.9145467271322126e-05
6663	0	2.9159583767908155e-05
6664	0	2.9260793528185504e-05
6665	0	5.7856875165772e-05
6666	0	2.9153113068352123e-05
6667	0	2.9145467271322126e-05
6668	0	2.9145467271322126e-05
6669	0	0
6670	0	2.9145467271322126e-05
6671	0	0
6672	0	2.9160730643430617e-05
6673	0	0
6674	0	0
6675	0	4.359548159944451e-05
6676	0	0
6677	0	4.052967205435313e-05
6678	0	2.9145467271322126e-05
6679	0	0
6680	0	4.609590202594505e-05
6681	0	0
6682	0	0
6683	0	2.9145467271322126e-05
6684	0	2.92369051906339e-05
6685	0	0
6686	0	0
6687	0	2.9145467271322126e-05
6688	0	2.9160716571483376e-05
6689	0	2.9145467271322126e-05
6690	0	2.9145467271322126e-05
6691	0	0
6692	0	2.9145467271322126e-05
6693	0	0
6694	0	0
6695	0	0
6696	0	2.9145467271322126e-05
6697	0	0
6698	0	0
6699	0	2.9153113068352123e-05
6700	0	0.0001369086216759704
6701	0	0
6702	0	0
6703	0	2.9145467271322126e-05
6704	0	0
6705	0	9.124538714444038e-05
6706	0	2.9145467271322126e-05
6707	0	5.1531067386523883e-05
6708	0	0
6709	0	2.9145467271322126e-05
6710	0	0
6711	0	9.843488382808174e-05
6712	0	0
6713	0	2.9145467271322126e-05
6714	0	0
6715	0	9.892328074218402e-05
6716	0	7.84380220081698e-05
6717	0	0
6718	0	2.9145467271322126e-05
6719	0	0
6720	0	4.392625872332709e-05
6721	0	0
6722	0	2.9145467271322126e-05
6723	0	0
6724	0	0
6725	0	0
6726	0	0
6727	0	0
6728	0	5.4039199819943465e-05
6729	0	0
6730	0	2.9145467271322126e-05
6731	0	2.9145467271322126e-05
6732	0	2.9145467271322126e-05
6733	0	0
6734	0	2.9145467271322126e-05
6735	0	5.0100117987515725e-05
6736	0	0
6737	0	2.9145467271322126e-05
6738	0	2.9145467271322126e-05
6739	0	7.644604728807692e-05
6740	0	2.926379833703825e-05
6741	0	2.9145467271322126e-05
6742	0	2.9145467271322126e-05
6743	0	2.9153108358899073e-05
6744	0	2.9145467271322126e-05
6745	0	2.9160624945048617e-05
6746	0	0
6747	0	0
6748	0	2.9145467271322126e-05
6749	0	5.395607863367405e-05
6750	0	0
6751	0	0
6752	0	2.921046684059607e-05
6753	0	0
6754	0	2.9145467271322126e-05
6755	0	2.9159627270208882e-05
6756	0	2.9185944032277656e-05
6757	0	0
6758	0	4.5490723183347916e-05
6759	0	0
6760	0	0
6761	0	5.6662098767887715e-05
6762	0	5.6662098767887715e-05
6763	0	2.9242300630576947e-05
6764	0	5.400393874307122e-05
6765	0	0
6766	0	0
6767	0	2.9145467271322126e-05
6768	0	0.00011556128767035967
6769	0	4.664342722204099e-05
6770	0	0
6771	0	0
6772	0	0
6773	0	0
6774	0	0
6775	0	2.9145467271322126e-05
6776	0	0
6777	0	0
6778	0	2.9145467271322126e-05
6779	0	2.9277656615219236e-05
6780	0	3.1466758814542945e-05
6781	0	0
6782	0	0
6783	0	0
6784	0	2.9145467271322126e-05
6785	0	0
6786	0	2.9145467271322126e-05
6787	0	2.9159608187531434e-05
6788	0	0
6789	0	5.087202224469334e-05
6790	0	0
6791	0	0
6792	0	0
6793	0	0
6794	0	4.036802259299938e-05
6795	0	2.9145467271322126e-05
6796	0	2.9145467271322126e-05
6797	0	3.0368422213495426e-05
6798	0	2.9160749452274056e-05
6799	0	0
6800	0	0.00010167682797495132
6801	0	2.9145467271322126e-05
6802	0	0
6803	0	2.9159627270208882e-05
6804	0	0
6805	0	0
6806	0	0
6807	0	0
6808	0	2.9145467271322126e-05
6809	0	2.9145467271322126e-05
6810	0	2.9153096610609443e-05
6811	0	3.543222621693946e-05
6812	0	4.1560514235919826e-05
6813	0	3.649332388652453e-05
6814	0	2.9145467271322126e-05
6815	0	0
6816	0	0
6817	0	0
6818	0	0.00010483516788248117
6819	0	2.9160431401917443e-05
6820	0	2.9145467271322126e-05
6821	0	0
6822	0	0
6823	0	0
6824	0	0
6825	0	0
6826	0	0
6827	0	0
6828	0	0
6829	0	0
6830	0	0
6831	0	2.9153098957376368e-05
6832	0	0
6833	0	2.9145467271322126e-05
6834	0	0
6835	0	4.764675844456497e-05
6836	0	4.1550772952498096e-05
6837	0	2.9450350198170454e-05
6838	0	0
6839	0	4.519309766075194e-05
6840	0	0
6841	0	2.9145467271322126e-05
6842	0	4.608046974360625e-05
6843	0	6.104550676454407e-05
6844	0	0
6845	0	0
6846	0	3.313401119969379e-05
6847	0	4.454729712151521e-05
6848	0	0
6849	0	0
6850	0	0
6851	0	0
6852	0	2.9145467271322126e-05
6853	0	0
6854	0	4.264136794182313e-05
6855	0	0
6856	0	5.395607863367405e-05
6857	0	0
6858	0	2.9210431563145192e-05
6859	0	0
6860	0	0
6861	0	5.395607863367405e-05
6862	0	2.9202089817702313e-05
6863	0	3.328056916504745e-05
6864	0	2.9153110712900175e-05
6865	0	7.283631435888688e-05
6866	0	2.9145467271322126e-05
6867	0	0
6868	0	2.9145467271322126e-05
6869	0	2.9145467271322126e-05
6870	0	5.394845632603585e-05
6871	0	0
6872	0	0
6873	0	4.269150747786508e-05
6874	0	6.21738272405427e-05
6875	0	0
6876	0	0
6877	0	0
6878	0	2.9145467271322126e-05
6879	0	4.403183408873328e-05
6880	0	0
6881	0	4.942943706647367e-05
6882	0	0.00010316662176977006
6883	0	0
6884	0	0
6885	0	2.9145467271322126e-05
6886	0	2.9145467271322126e-05
6887	0	0
6888	0	2.915310600634748e-05
6889	0	0.0001208743452416197
6890	0	5.3725279634066084e-05
6891	0	0
6892	0	6.085119730827093e-05
6893	0	0
6894	0	0
6895	0	4.114259892229976e-05
6896	0	0.00022913461143873678
6897	0	4.1550772952498096e-05
6898	0	0
6899	0	0
6900	0	2.9145467271322126e-05
6901	0	2.9187451534173218e-05
6902	0	2.9145467271322126e-05
6903	0	0
6904	0	2.9145467271322126e-05
6905	0	2.9153073222076985e-05
6906	0	2.9159596752846675e-05
6907	0	0
6908	0	0
6909	0	0
6910	0	0
6911	0	0
6912	0	0.00010100332726213599
6913	0	0
6914	0	0
6915	0	0
6916	0	0
6917	0	0
6918	0	0
6919	0	3.888795045771339e-05
6920	0	2.9145467271322126e-05
6921	0	5.395607863367405e-05
6922	0	2.9145467271322126e-05
6923	0	5.98958497989576e-05
6924	0	0
6925	0	3.7415671058772766e-05
6926	0	0
6927	0	2.9145467271322126e-05
6928	0	0
6929	0	0
6930	0	2.9145467271322126e-05
6931	0	2.9145467271322126e-05
6932	0	0
6933	0	0
6934	0	0
6935	0	4.7689453759605814e-05
6936	0	0
6937	0	2.9145467271322126e-05
6938	0	2.9145467271322126e-05
6939	0	2.9153096610609443e-05
6940	0	4.212016153048658e-05
6941	0	0
6942	0	2.9145467271322126e-05
6943	0	0
6944	0	0
6945	0	8.75375134278487e-05
6946	0	0
6947	0	2.9145467271322126e-05
6948	0	0
6949	0	2.9145467271322126e-05
6950	0	0.00040134403039675785
6951	0	3.1653995762179746e-05
6952	0	0
6953	0	0
6954	0	0
6955	0	2.9145467271322126e-05
6956	0	2.918720570015973e-05
6957	0	2.9145467271322126e-05
6958	0	0
6959	0	3.268984032308669e-05
6960	0	2.9145467271322126e-05
6961	0	2.96968141904855e-05
6962	0	0
6963	0	0
6964	0	0.00010717493915445406
6965	0	4.1550772952498096e-05
6966	0	0
6967	0	2.9145467271322126e-05
6968	0	8.628166133294238e-05
6969	0	0
6970	0	2.915309192140275e-05
6971	0	2.9166681409377496e-05
6972	0	2.9145467271322126e-05
6973	0	2.927365126192805e-05
6974	0	0
6975	0	2.9145467271322126e-05
6976	0	0
6977	0	0
6978	0	5.39637126679394e-05
6979	0	0
6980	0	0
6981	0	0
6982	0	4.1550772952498096e-05
6983	0	2.9145467271322126e-05
6984	0	7.509466365884545e-05
6985	0	2.9153113068352123e-05
6986	0	5.728831078951064e-05
6987	0	4.2778288868994456e-05
6988	0	4.005726943098664e-05
6989	0	4.630611049730414e-05
6990	0	0
6991	0	0
6992	0	0
6993	0	0.0002902890531680108
6994	0	2.915305461424639e-05
6995	0	2.9276283362358292e-05
6996	0	2.9145467271322126e-05
6997	0	4.514448625414166e-05
6998	0	0
6999	0	0
7000	0	0
7001	0	0
7002	0	0
7003	0	2.9145467271322126e-05
7004	0	4.600151000146654e-05
7005	0	0.0008821875654287357
7006	0	0
7007	0	2.916060290377159e-05
7008	0	2.9145467271322126e-05
7009	0	0
7010	0	0
7011	0	0
7012	0	0
7013	0	0
7014	0	2.9145467271322126e-05
7015	0	0
7016	0	0
7017	0	0
7018	0	7.48941626223322e-05
7019	0	2.9145467271322126e-05
7020	0	0
7021	0	0
7022	0	0
7023	0	0
7024	0	0
7025	0	0
7026	0	0
7027	0	2.9145467271322126e-05
7028	0	2.9166141939691037e-05
7029	0	0
7030	0	0.00015359700827505168
7031	0	5.395607863367405e-05
7032	0	0
7033	0	2.9145467271322126e-05
7034	0	0
7035	0	0
7036	0	0
7037	0	0
7038	0	4.8523207571376384e-05
7039	0	0
7040	0	8.470174988467543e-05
7041	0	2.9160749452274056e-05
7042	0	0
7043	0	0
7044	0	0
7045	0	0
7046	0	2.9145467271322126e-05
7047	0	2.9145467271322126e-05
7048	0	0
7049	0	2.9153113068352123e-05
7050	0	3.757285214666811e-05
7051	0	0
7052	0	2.9145467271322126e-05
7053	0	3.760638823456636e-05
7054	0	2.9145467271322126e-05
7055	0	2.9145467271322126e-05
7056	0	0
7057	0	0
7058	0	0
7059	0	2.9153080223565865e-05
7060	0	2.9145467271322126e-05
7061	0	2.9145467271322126e-05
7062	0	0
7063	0	0
7064	0	2.917604629734832e-05
7065	0	0
7066	0	3.2246793691616115e-05
7067	0	2.9145467271322126e-05
7068	0	0
7069	0	0
7070	0	3.742491800265632e-05
7071	0	0
7072	0	0
7073	0	0
7074	0	2.9145467271322126e-05
7075	0	2.9145467271322126e-05
7076	0	2.9145467271322126e-05
7077	0	0
7078	0	0
7079	0	0
7080	0	2.9160215175581256e-05
7081	0	0
7082	0	5.924072488996691e-05
7083	0	2.9145467271322126e-05
7084	0	0
7085	0	2.9153094265285343e-05
7086	0	0
7087	0	0
7088	0	0
7089	0	4.200701101675347e-05
7090	0	2.9145467271322126e-05
7091	0	0
7092	0	2.9145467271322126e-05
7093	0	2.9145467271322126e-05
7094	0	4.2113134397699744e-05
7095	0	0.00025597581190978027
7096	0	0
7097	0	2.9153047659761585e-05
7098	0	0
7099	0	2.9167226129793798e-05
7100	0	0.00011934431949122413
7101	0	3.7415671058772766e-05
7102	0	0
7103	0	2.9145467271322126e-05
7104	0	5.3917908462347353e-05
7105	0	0
7106	0	2.9145467271322126e-05
7107	0	2.9191629423641075e-05
7108	0	0.00010416760639158918
7109	0	0
7110	0	0
7111	0	0
7112	0	0
7113	0	0
7114	0	0.00013058642391352882
7115	0	2.9145467271322126e-05
7116	0	0
7117	0	3.743316346371378e-05
7118	0	2.917361287937423e-05
7119	0	0
7120	0	2.9145467271322126e-05
7121	0	4.130439006477633e-05
7122	0	0
7123	0	2.9145467271322126e-05
7124	0	0
7125	0	0
7126	0	2.9145467271322126e-05
7127	0	2.9145467271322126e-05
7128	0	2.9145467271322126e-05
7129	0	0
7130	0	0
7131	0	0
7132	0	2.9145467271322126e-05
7133	0	4.660898051938855e-05
7134	0	4.1550772952498096e-05
7135	0	0.00010079867239908394
7136	0	0
7137	0	0
7138	0	0
7139	0	3.913099727250201e-05
7140	0	8.182791731088674e-05
7141	0	2.9145467271322126e-05
7142	0	0
7143	0	2.95401114995615e-05
7144	0	0.00011041541376814717
7145	0	0
7146	0	0
7147	0	0
7148	0	5.3976582924368056e-05
7149	0	0
7150	0	0
7151	0	0.00017356462521859147
7152	0	0
7153	0	0
7154	0	2.9145467271322126e-05
7155	0	0
7156	0	2.9145467271322126e-05
7157	0	0
7158	0	0
7159	0	4.55264557259272e-05
7160	0	0
7161	0	0
7162	0	3.7415671058772766e-05
7163	0	2.9153031482103332e-05
7164	0	2.9145467271322126e-05
7165	0	5.395607863367405e-05
7166	0	2.9166106600299658e-05
7167	0	0
7168	0	2.9145467271322126e-05
7169	0	0
7170	0	2.9145467271322126e-05
7171	0	0
7172	0	0
7173	0	0
7174	0	0
7175	0	2.9145467271322126e-05
7176	0	0
7177	0	4.798940498561859e-05
7178	0	4.1550772952498096e-05
7179	0	0
7180	0	4.029137631312745e-05
7181	0	0
7182	0	0
7183	0	3.2246793691616115e-05
7184	0	2.9145467271322126e-05
7185	0	0
7186	0	0
7187	0	6.782779511949924e-05
7188	0	0
7189	0	0
7190	0	0
7191	0	2.9145467271322126e-05
7192	0	0
7193	0	2.9145467271322126e-05
7194	0	2.9145467271322126e-05
7195	0	2.9145467271322126e-05
7196	0	0
7197	0	2.9145467271322126e-05
7198	0	0
7199	0	0.00010011986230859543
7200	0	0
7201	0	2.9145467271322126e-05
7202	0	3.743909925787582e-05
7203	0	0
7204	0	0
7205	0	2.9145467271322126e-05
7206	0	2.9145467271322126e-05
7207	0	2.9153098957376368e-05
7208	0	2.9145467271322126e-05
7209	0	0
7210	0	3.3288207900072805e-05
7211	0	5.902171689597498e-05
7212	0	2.9159622907917172e-05
7213	0	0
7214	0	0
7215	0	0
7216	0	8.1323841245878e-05
7217	0	0
7218	0	0
7219	0	0
7220	0	0
7221	0	2.915308957896033e-05
7222	0	9.126058164404231e-05
7223	0	0
7224	0	0
7225	0	0
7226	0	2.9153073222076985e-05
7227	0	0
7228	0	2.9145467271322126e-05
7229	0	4.093287712531548e-05
7230	0	0
7231	0	2.9145467271322126e-05
7232	0	3.168876150775721e-05
7233	0	2.9145467271322126e-05
7234	0	0
7235	0	5.161611144067813e-05
7236	0	2.9742893370138555e-05
7237	0	2.9145467271322126e-05
7238	0	2.9145467271322126e-05
7239	0	2.9145467271322126e-05
7240	0	2.9145467271322126e-05
7241	0	2.9145467271322126e-05
7242	0	4.0110394329873524e-05
7243	0	0
7244	0	2.9159562116839773e-05
7245	0	0
7246	0	0
7247	0	8.614669003488569e-05
7248	0	4.636415624937889e-05
7249	0	0.00027240992099340045
7250	0	0
7251	0	0
7252	0	2.9166607187926347e-05
7253	0	0
7254	0	5.195579025267424e-05
7255	0	2.9145467271322126e-05
7256	0	2.9145467271322126e-05
7257	0	7.509466365884545e-05
7258	0	2.9145467271322126e-05
7259	0	0
7260	0	2.9145467271322126e-05
7261	0	2.9184733273387618e-05
7262	0	0
7263	0	0.00017316135766547996
7264	0	4.23634251311456e-05
7265	0	0
7266	0	0
7267	0	0
7268	0	0
7269	0	0
7270	0	2.9153098957376368e-05
7271	0	0
7272	0	0
7273	0	2.9145467271322126e-05
7274	0	3.784123139298294e-05
7275	0	0
7276	0	0
7277	0	4.447926170012869e-05
7278	0	2.9145467271322126e-05
7279	0	0.00011228506727190819
7280	0	0
7281	0	0
7282	0	0
7283	0	9.60203964610868e-05
7284	0	0
7285	0	3.2246793691616115e-05
7286	0	2.9153047659761585e-05
7287	0	5.2906776985795336e-05
7288	0	0
7289	0	0
7290	0	0
7291	0	0
7292	0	3.742331450035082e-05
7293	0	0
7294	0	2.915956246368398e-05
7295	0	2.9145467271322126e-05
7296	0	0
7297	0	0
7298	0	3.046150002083108e-05
7299	0	2.9145467271322126e-05
7300	0	5.091106666769351e-05
7301	0	0
7302	0	0
7303	0	0
7304	0	6.539397392665027e-05
7305	0	0
7306	0	3.154330229472839e-05
7307	0	0
7308	0	0.00037156987338003293
7309	0	2.9159602194737716e-05
7310	0	2.9145467271322126e-05
7311	0	2.9145467271322126e-05
7312	0	0
7313	0	0
7314	0	4.258237417467776e-05
7315	0	2.9145467271322126e-05
7316	0	0
7317	0	6.369093236241978e-05
7318	0	0
7319	0	2.9145467271322126e-05
7320	0	5.9488167982368945e-05
7321	0	0.00010647990051805385
7322	0	0
7323	0	2.9145467271322126e-05
7324	0	4.1550772952498096e-05
7325	0	7.442984929537489e-05
7326	0	2.9153113068352123e-05
7327	0	0
7328	0	0
7329	0	2.9145467271322126e-05
7330	0	2.9145467271322126e-05
7331	0	0
7332	0	2.9145467271322126e-05
7333	0	0
7334	0	0
7335	0	5.3991255152623055e-05
7336	0	2.9145467271322126e-05
7337	0	2.9145467271322126e-05
7338	0	0
7339	0	0
7340	0	0
7341	0	2.9145467271322126e-05
7342	0	0
7343	0	4.282121385021565e-05
7344	0	2.915304997650622e-05
7345	0	0
7346	0	2.9153113068352123e-05
7347	0	2.9153103655244056e-05
7348	0	4.2667735677967164e-05
7349	0	4.9319790668594596e-05
7350	0	5.933881728258572e-05
7351	0	2.9145467271322126e-05
7352	0	0
7353	0	4.714897739497541e-05
7354	0	0
7355	0	0
7356	0	2.9145467271322126e-05
7357	0	0
7358	0	2.9208360606451965e-05
7359	0	0
7360	0	0
7361	0	2.9431454475907852e-05
7362	0	0
7363	0	0
7364	0	0
7365	0	0
7366	0	0
7367	0	2.9145467271322126e-05
7368	0	0.0001382546324701951
7369	0	3.7415671058772766e-05
7370	0	5.0389801350994305e-05
7371	0	2.9266498156259564e-05
7372	0	0
7373	0	0
7374	0	6.1002273642064516e-05
7375	0	0
7376	0	2.9145467271322126e-05
7377	0	0
7378	0	2.9145467271322126e-05
7379	0	0
7380	0	5.126798010917372e-05
7381	0	0
7382	0	2.9145467271322126e-05
7383	0	2.9145467271322126e-05
7384	0	9.398912313758063e-05
7385	0	0
7386	0	0
7387	0	2.9145467271322126e-05
7388	0	2.9165476226724704e-05
7389	0	0
7390	0	2.917378325665224e-05
7391	0	0
7392	0	0
7393	0	2.9145467271322126e-05
7394	0	2.9244569876715404e-05
7395	0	2.918128895804446e-05
7396	0	2.9160744683599608e-05
7397	0	5.394845398359343e-05
7398	0	2.915308957896033e-05
7399	0	2.9145467271322126e-05
7400	0	4.1550772952498096e-05
7401	0	2.9145467271322126e-05
7402	0	0
7403	0	2.9153103655244056e-05
7404	0	0
7405	0	6.121634085538295e-05
7406	0	0
7407	0	4.2331139476307306e-05
7408	0	0
7409	0	4.867035321681474e-05
7410	0	0.00039434847691295985
7411	0	0
7412	0	0
7413	0	0
7414	0	2.9153110712900175e-05
7415	0	0
7416	0	5.665300686978606e-05
7417	0	0
7418	0	2.9145467271322126e-05
7419	0	2.9145467271322126e-05
7420	0	0
7421	0	0
7422	0	2.9145467271322126e-05
7423	0	6.804846865045497e-05
7424	0	0
7425	0	0
7426	0	2.9145467271322126e-05
7427	0	5.005268246621642e-05
7428	0	0
7429	0	2.9153087237956754e-05
7430	0	0
7431	0	2.9222535865604608e-05
7432	0	0
7433	0	2.917260673609861e-05
7434	0	2.9145467271322126e-05
7435	0	0
7436	0	0
7437	0	0
7438	0	0
7439	0	2.9186559896499472e-05
7440	0	0
7441	0	0.0002444939284322457
7442	0	2.9145467271322126e-05
7443	0	0
7444	0	0
7445	0	0
7446	0	5.396372207525211e-05
7447	0	2.9145467271322126e-05
7448	0	2.9145467271322126e-05
7449	0	6.784056569989749e-05
7450	0	0
7451	0	0.00011076695349857543
7452	0	2.9145467271322126e-05
7453	0	0.0006138919440712918
7454	0	0
7455	0	0
7456	0	0
7457	0	0
7458	0	2.9511237180553456e-05
7459	0	2.9183209266277184e-05
7460	0	4.726263168735523e-05
7461	0	0
7462	0	0
7463	0	0
7464	0	0
7465	0	0.00016008040579545242
7466	0	2.9153113068352123e-05
7467	0	0
7468	0	0
7469	0	2.9145467271322126e-05
7470	0	0
7471	0	2.9145467271322126e-05
7472	0	2.9145467271322126e-05
7473	0	0
7474	0	0
7475	0	2.917862747850243e-05
7476	0	3.328056916504745e-05
7477	0	3.2246793691616115e-05
7478	0	4.1550772952498096e-05
7479	0	0
7480	0	0
7481	0	0
7482	0	0
7483	0	2.9160744741372835e-05
7484	0	2.9201925393141507e-05
7485	0	0
7486	0	2.9145467271322126e-05
7487	0	2.9167122035263148e-05
7488	0	2.9145467271322126e-05
7489	0	2.9153113068352123e-05
7490	0	0
7491	0	0
7492	0	0.00019777613207435957
7493	0	0
7494	0	7.425237084488016e-05
7495	0	0
7496	0	5.126798010917372e-05
7497	0	2.9160744741372835e-05
7498	0	0
7499	0	0
7500	0	0
7501	0	2.925154676102487e-05
7502	0	0
7503	0	0
7504	0	0
7505	0	2.9145467271322126e-05
7506	0	2.9145467271322126e-05
7507	0	2.9145467271322126e-05
7508	0	0.0002869683020899529
7509	0	4.737849666482966e-05
7510	0	0.00011589178222820698
7511	0	5.594000114350159e-05
7512	0	2.9145467271322126e-05
7513	0	0.00010018805360754474
7514	0	2.9145467271322126e-05
7515	0	2.915309192140275e-05
7516	0	3.535572606266496e-05
7517	0	0.0001978257744925776
7518	0	0.00014629464253263015
7519	0	0.00013460515074239932
7520	0	2.9175122457904973e-05
7521	0	5.4008546788403247e-05
7522	0	6.32759944424678e-05
7523	0	5.40669847065196e-05
7524	0	2.928832681156183e-05
7525	0	2.9145467271322126e-05
7526	0	2.9152549157598398e-05
7527	0	0
7528	0	2.9145467271322126e-05
7529	0	5.676118682421062e-05
7530	0	2.9145467271322126e-05
7531	0	0.0006730371106497235
7532	0	2.9145467271322126e-05
7533	0	5.177577408849357e-05
7534	0	5.395607863367405e-05
7535	0	0.00011906155924585009
7536	0	0.00011623802959033305
7537	0	2.9145467271322126e-05
7538	0	5.395607863367405e-05
7539	0	0
7540	0	5.396900743185459e-05
7541	0	2.9145467271322126e-05
7542	0	2.9145467271322126e-05
7543	0	5.4209271528455945e-05
7544	0	4.465346480045578e-05
7545	0	0.0002533312448857765
7546	0	2.9174746916962347e-05
7547	0	8.823415997390853e-05
7548	0	2.9145467271322126e-05
7549	0	0.00011759755199640986
7550	0	0
7551	0	5.395607863367405e-05
7552	0	4.4181666025763975e-05
7553	0	2.9145467271322126e-05
7554	0	2.9145467271322126e-05
7555	0	5.746730031903859e-05
7556	0	0
7557	0	0.0003196039515848123
7558	0	0.0001377704790475766
7559	0	0.00020796736696246363
7560	0	0
7561	0	0.00014072286883738908
7562	0	0.00010851859349798515
7563	0	2.9145467271322126e-05
7564	0	7.683968252108845e-05
7565	0	0
7566	0	2.9145467271322126e-05
7567	0	3.794746708783154e-05
7568	0	2.9145467271322126e-05
7569	0	4.5675748517557634e-05
7570	0	2.9153110712900175e-05
7571	0	2.9145467271322126e-05
7572	0	0.00018540410893818035
7573	0	5.395607863367405e-05
7574	0	0.0001222367426922344
7575	0	0
7576	0	0.00016649033691988174
7577	0	2.9145467271322126e-05
7578	0	0.00028313547730574403
7579	0	2.9145467271322126e-05
7580	0	8.47121237102583e-05
7581	0	2.9145467271322126e-05
7582	0	2.9145467271322126e-05
7583	0	2.9145467271322126e-05
7584	0	9.300374816080595e-05
7585	0	2.9289504819643536e-05
7586	0	2.932806942198824e-05
7587	0	2.9145467271322126e-05
7588	0	0.0002645591282349365
7589	0	5.356478003453684e-05
7590	0	3.534812011191011e-05
7591	0	9.245187615714116e-05
7592	0	0.00010032992635296743
7593	0	0.000159253358369084
7594	0	2.9145467271322126e-05
7595	0	0.0005113568639527906
7596	0	0.00013429857208540128
7597	0	7.926600096756805e-05
7598	0	8.164455644079996e-05
7599	0	5.8316210997367434e-05
7600	0	2.9175788825079964e-05
7601	0	2.9145467271322126e-05
7602	0	0
7603	0	3.105397583765689e-05
7604	0	0
7605	0	4.898575677444354e-05
7606	0	0.0002579444936541643
7607	0	0.0004204720320750273
7608	0	5.006016291647855e-05
7609	0	0.000343557824010369
7610	0	7.842037929732503e-05
7611	0	6.857059401861013e-05
7612	0	0.0001635505354759653
7613	0	0
7614	0	0.00016202428705822314
7615	0	2.9152549157598398e-05
7616	0	0.0007160851864062083
7617	0	2.9160754154478228e-05
7618	0	0.0001188576777345223
7619	0	0.00016135238587295584
7620	0	0.00011854537716135905
7621	0	0.0002462332480407546
7622	0	0.00041288865721298584
7623	0	7.289330337385324e-05
7624	0	0
7625	0	5.403879488960937e-05
7626	0	5.245240521777394e-05
7627	0	0.00012158133616233125
7628	0	5.688123500078654e-05
7629	0	8.684625151035685e-05
7630	0	5.395607863367405e-05
7631	0	0
7632	0	5.4147164673125323e-05
7633	0	0
7634	0	5.3971365516830164e-05
7635	0	0
7636	0	0
7637	0	0
7638	0	8.678428209222614e-05
7639	0	2.9145467271322126e-05
7640	0	5.395607863367405e-05
7641	0	0.00010347036100508445
7642	0	0.00011012936463789237
7643	0	2.9145467271322126e-05
7644	0	0.00045876688674726735
7645	0	5.394079175051795e-05
7646	0	7.339532017980403e-05
7647	0	0.00010347054687883578
7648	0	0.0002206562588557634
7649	0	2.9176050459442126e-05
7650	0	0.00024126152421271148
7651	0	4.1344017857811823e-05
7652	0	2.9145467271322126e-05
7653	0	0.0011820869867337532
7654	0	2.9145467271322126e-05
7655	0	0
7656	0	9.337736998731873e-05
7657	0	4.485534787780126e-05
7658	0	5.554351773141612e-05
7659	0	2.9145467271322126e-05
7660	0	0.00023347124518640955
7661	0	8.266635031511335e-05
7662	0	2.9145467271322126e-05
7663	0	0.0012577248498433027
7664	0	4.1769425841734284e-05
7665	0	5.327556465530271e-05
7666	0	2.9145467271322126e-05
7667	0	0.00010620881355148133
7668	0	4.210518344054345e-05
7669	0	5.2129830749203826e-05
7670	0	2.9145467271322126e-05
7671	0	0.0001947999711939013
7672	0	2.9145467271322126e-05
7673	0	0.00011519255447297897
7674	0	5.395607863367405e-05
7675	0	3.789908287747112e-05
7676	0	2.9145467271322126e-05
7677	0	8.967838482632248e-05
7678	0	0.00048614290161742754
7679	0	9.633299960114409e-05
7680	0	2.9145467271322126e-05
7681	0	0.00034845340059082677
7682	0	0.00041078447002539835
7683	0	0
7684	0	0.0003587286479597115
7685	0	0
7686	0	0.00016520486557026177
7687	0	0
7688	0	3.437292249296347e-05
7689	0	9.686940729142338e-05
7690	0	8.920193619559067e-05
7691	0	2.9201588427215286e-05
7692	0	2.9145467271322126e-05
7693	0	2.9145467271322126e-05
7694	0	0.00013630967947335078
7695	0	5.408408453646296e-05
7696	0	0
7697	0	4.892160201315428e-05
7698	0	2.9145467271322126e-05
7699	0	7.202273442966573e-05
7700	0	0.00017207688639630654
7701	0	2.9145467271322126e-05
7702	0	2.9156737991202054e-05
7703	0	0.00023735046467755655
7704	0	9.583816477185683e-05
7705	0	6.222628242112469e-05
7706	0	7.853764006196916e-05
7707	0	0.000192885022545512
7708	0	2.9145467271322126e-05
7709	0	2.9145467271322126e-05
7710	0	0.00011006307866737492
7711	0	0.00014131356997198913
7712	0	0.0001586669113003094
7713	0	7.538099950983431e-05
7714	0	5.792704174074728e-05
7715	0	0.0003530074190935493
7716	0	0.0007196517457031938
7717	0	0.00013709898687280458
7718	0	0
7719	0	2.9145467271322126e-05
7720	0	4.4394087920708585e-05
7721	0	2.9145467271322126e-05
7722	0	0
7723	0	7.861514175908317e-05
7724	0	2.9145467271322126e-05
7725	0	0
7726	0	0.00021990878631351183
7727	0	0.00017880558679888952
7728	0	2.9145467271322126e-05
7729	0	5.547390347257071e-05
7730	0	5.3392201102711516e-05
7731	0	2.921664141465829e-05
7732	0	0.001520975277335334
7733	0	8.080813864703766e-05
7734	0	2.919882342478955e-05
7735	0	4.3751147905160004e-05
7736	0	2.9145467271322126e-05
7737	0	0.00018131618487566813
7738	0	0
7739	0	0.00012486495226583677
7740	0	0.0001284074432889699
7741	0	4.0162375877617286e-05
7742	0	5.3948435192096e-05
7743	0	0.00016805970234093668
7744	0	2.9153108358899073e-05
7745	0	0.00019446694857587358
7746	0	2.9145467271322126e-05
7747	0	0.00013818263194474985
7748	0	2.915682744135983e-05
7749	0	2.9145467271322126e-05
7750	0	5.425388089273848e-05
7751	0	5.3963724430704055e-05
7752	0	5.394851211602772e-05
7753	0	0
7754	0	4.06969307958303e-05
7755	0	2.9145467271322126e-05
7756	0	2.9168369374118144e-05
7757	0	5.395607863367405e-05
7758	0	0.00011131605628955013
7759	0	5.397557917336517e-05
7760	0	9.648943967514844e-05
7761	0	0.0005213748599585906
7762	0	0.0007874809984606756
7763	0	0.0005159374365904235
7764	0	8.177206971926732e-05
7765	0	5.8729184169417434e-05
7766	0	2.9175648463367778e-05
7767	0	3.179292222995561e-05
7768	0	8.789102906350665e-05
7769	0	2.9145467271322126e-05
7770	0	7.311340540707411e-05
7771	0	2.9145467271322126e-05
7772	0	6.603559796963163e-05
7773	0	9.609019673725775e-05
7774	0	2.9145467271322126e-05
7775	0	0.00011053015342765728
7776	0	5.674980787674801e-05
7777	0	0.0002664302313204072
7778	0	2.9145467271322126e-05
7779	0	3.517904647527504e-05
7780	0	2.9145467271322126e-05
7781	0	2.9145467271322126e-05
7782	0	4.9110925161047925e-05
7783	0	2.9335971852980425e-05
7784	0	0.0006335042941931578
7785	0	6.69550924359905e-05
7786	0	6.91181189106669e-05
7787	0	2.9145467271322126e-05
7788	0	0.00014666811775683575
7789	0	9.689581395235395e-05
7790	0	2.9340590046706624e-05
7791	0	5.395607863367405e-05
7792	0	0
7793	0	9.058401396381578e-05
7794	0	2.923532330393994e-05
7795	0	5.399075400609875e-05
7796	0	8.951965251956848e-05
7797	0	2.922785483165646e-05
7798	0	0.00011246073048630265
7799	0	8.573605040403195e-05
7800	0	3.067886904257202e-05
7801	0	3.120288684330905e-05
7802	0	0.00016010957712817494
7803	0	0
7804	0	4.942943706647367e-05
7805	0	0.00021924484326817824
7806	0	0.00013973071711989045
7807	0	3.13784222939338e-05
7808	0	2.9145467271322126e-05
7809	0	7.131538476044722e-05
7810	0	0.00010872928628447883
7811	0	0
7812	0	4.983380284082326e-05
7813	0	2.9145467271322126e-05
7814	0	0
7815	0	0.0001401300252188923
7816	0	0.0001047017130579437
7817	0	0.0016391828313451651
7818	0	2.9176333624749375e-05
7819	0	4.333748023723066e-05
7820	0	0.00013050647063944673
7821	0	6.532450327232143e-05
7822	0	7.123355777193354e-05
7823	0	5.2999455778728946e-05
7824	0	4.28284841378795e-05
7825	0	6.068934051593943e-05
7826	0	2.9145467271322126e-05
7827	0	2.9145467271322126e-05
7828	0	2.9145467271322126e-05
7829	0	2.9145467271322126e-05
7830	0	8.413030458267033e-05
7831	0	0.0007275496446013988
7832	0	6.363492595448311e-05
7833	0	4.782215324838344e-05
7834	0	0.0002052200438650539
7835	0	0
7836	0	0.00010438595082468117
7837	0	2.9145467271322126e-05
7838	0	0.00010356205205821665
7839	0	0.00012921108199702425
7840	0	2.9145467271322126e-05
7841	0	3.080101079146291e-05
7842	0	2.9145467271322126e-05
7843	0	6.540477791764759e-05
7844	0	2.9145467271322126e-05
7845	0	0.00018978306089456522
7846	0	5.395607863367405e-05
7847	0	2.9145467271322126e-05
7848	0	0.00025191014189886955
7849	0	2.9145467271322126e-05
7850	0	4.2324518665085656e-05
7851	0	2.9145467271322126e-05
7852	0	0.0001337382696099829
7853	0	5.395607863367405e-05
7854	0	9.715911716186725e-05
7855	0	6.859422827658833e-05
7856	0	0.00010983600870324246
7857	0	5.103718317927971e-05
7858	0	2.9145467271322126e-05
7859	0	0.00015767625952406932
7860	0	5.2734100925516513e-05
7861	0	0.000966376533717132
7862	0	0.00010480171847844873
7863	0	0.0001257680055480176
7864	0	0
7865	0	0
7866	0	0.00013308649974958075
7867	0	0.00028370094108207784
7868	0	0.00013420010943150423
7869	0	0
7870	0	2.9145467271322126e-05
7871	0	2.9698816044232133e-05
7872	0	0.0005402189431828004
7873	0	2.9145467271322126e-05
7874	0	0.00031077116749054747
7875	0	0.0029623106670949575
7876	0	5.3963707972961375e-05
7877	0	2.9261388112943757e-05
7878	0	4.9787650369061045e-05
7879	0	0.0001585419005363698
7880	0	0
7881	0	0.0007962136882734802
7882	0	0
7883	0	2.9145467271322126e-05
7884	0	0.000145671809362344
7885	0	0.0005254117652346053
7886	0	2.9252081316464213e-05
7887	0	2.9145467271322126e-05
7888	0	7.514810189870282e-05
7889	0	5.395607863367405e-05
7890	0	7.22077106326239e-05
7891	0	2.9365733132943948e-05
7892	0	0.0006185526203727566
7893	0	0.00016604622545484367
7894	0	2.9145467271322126e-05
7895	0	2.9145467271322126e-05
7896	0	2.9145467271322126e-05
7897	0	2.9145467271322126e-05
7898	0	2.9145467271322126e-05
7899	0	2.9145467271322126e-05
7900	0	0.00010466705546825695
7901	0	0.000374874851813916
7902	0	9.988313570965489e-05
7903	0	0.00018823844820250695
7904	0	5.395607863367405e-05
7905	0	2.9145467271322126e-05
7906	0	5.258514141440446e-05
7907	0	5.413022255922683e-05
7908	0	4.1558397602578714e-05
7909	0	2.9145467271322126e-05
7910	0	0.00016745770324434064
7911	0	5.6616322320291085e-05
7912	0	5.7377166649347354e-05
7913	0	5.395607863367405e-05
7914	0	2.91944264323874e-05
7915	0	0.00021037110527255526
7916	0	2.9145467271322126e-05
7917	0	8.229555293926832e-05
7918	0	7.879164797258818e-05
7919	0	3.858993450511284e-05
7920	0	2.9145467271322126e-05
7921	0	0.00015509460998553093
7922	0	5.387166302138538e-05
7923	0	2.9145467271322126e-05
7924	0	0.0002313226799081556
7925	0	0.00012409914576021693
7926	0	6.227643208012585e-05
7927	0	0
7928	0	3.953199748106737e-05
7929	0	2.9145467271322126e-05
7930	0	8.775195367836854e-05
7931	0	0.00047177373186266675
7932	0	2.9145467271322126e-05
7933	0	0
7934	0	3.2947432123940466e-05
7935	0	8.917741786383987e-05
7936	0	0
7937	0	2.9145467271322126e-05
7938	0	8.503356735377874e-05
7939	0	0.00031158331030473735
7940	0	2.929777305009654e-05
7941	0	0
7942	0	9.807247287988535e-05
7943	0	2.9145467271322126e-05
7944	0	0.0001288286949891586
7945	0	2.9145467271322126e-05
7946	0	2.9145467271322126e-05
7947	0	0.00019237615969652132
7948	0	0.00013724895572738853
7949	0	0
7950	0	2.947090813766762e-05
7951	0	2.9145467271322126e-05
7952	0	0
7953	0	8.703165540532829e-05
7954	0	0.0013572523669313676
7955	0	0.0007270022236688313
7956	0	2.9145467271322126e-05
7957	0	2.9145467271322126e-05
7958	0	2.9145467271322126e-05
7959	0	6.689366070989623e-05
7960	0	2.9145467271322126e-05
7961	0	5.336084565190272e-05
7962	0	5.457391785822712e-05
7963	0	0.00024550598070237725
7964	0	2.9145467271322126e-05
7965	0	6.009979585801411e-05
7966	0	0
7967	0	0
7968	0	2.9191473980454487e-05
7969	0	0.00047517698417911847
7970	0	0.0001677202299443565
7971	0	5.830750700647037e-05
7972	0	0.00010513781139853498
7973	0	0.0003489078495262586
7974	0	5.5749338281130366e-05
7975	0	0.0002101906988908809
7976	0	2.9145467271322126e-05
7977	0	0
7978	0	2.9145467271322126e-05
7979	0	0.00013810129919950297
7980	0	8.973106823276004e-05
7981	0	6.017499442973938e-05
7982	0	8.288698617907081e-05
7983	0	5.749218818229639e-05
7984	0	0
7985	0	3.6402062930674663e-05
7986	0	0.00021234174356619972
7987	0	0.001128587247110179
7988	0	0.00013078554730543748
7989	0	0.00031020041575089227
7990	0	3.8166640724781215e-05
7991	0	5.2758559790254467e-05
7992	0	7.738215561717743e-05
7993	0	4.2881590555435315e-05
7994	0	2.9145467271322126e-05
7995	0	2.9145467271322126e-05
7996	0	2.9145467271322126e-05
7997	0	0
7998	0	2.9145467271322126e-05
7999	0	2.9145467271322126e-05
8000	0	0.0002438653922391107
8001	0	8.01324399240348e-05
8002	0	8.300110205434032e-05
8003	0	5.395607863367405e-05
8004	0	0.000445556500298298
8005	0	3.1902201867139006e-05
8006	0	2.9145467271322126e-05
8007	0	2.9145467271322126e-05
8008	0	0
8009	0	0.0003405345436845065
8010	0	8.260928318888419e-05
8011	0	2.9145467271322126e-05
8012	0	2.9145467271322126e-05
8013	0	2.9145467271322126e-05
8014	0	7.875586051216601e-05
8015	0	2.9145467271322126e-05
8016	0	2.919848139816476e-05
8017	0	4.882808695999963e-05
8018	0	6.530968425967048e-05
8019	0	2.9145467271322126e-05
8020	0	2.9168383476398188e-05
8021	0	6.276801223376293e-05
8022	0	0.00010751342615601401
8023	0	2.9145467271322126e-05
8024	0	2.9145467271322126e-05
8025	0	2.9145467271322126e-05
8026	0	2.9145467271322126e-05
8027	0	2.9246732726105397e-05
8028	0	5.09936748803435e-05
8029	0	0.00014603135653577708
8030	0	4.367806135445396e-05
8031	0	0.00010301241084615889
8032	0	0.0008051326249436873
8033	0	2.9145467271322126e-05
8034	0	0.0001275839900735069
8035	0	5.469016817335307e-05
8036	0	4.1550772952498096e-05
8037	0	0
8038	0	2.9145467271322126e-05
8039	0	4.9477742336937364e-05
8040	0	7.860731402442052e-05
8041	0	2.9145467271322126e-05
8042	0	5.249475710230346e-05
8043	0	2.9145467271322126e-05
8044	0	0.0002229908578429572
8045	0	4.524210852899556e-05
8046	0	0.00013564145336609863
8047	0	2.9145467271322126e-05
8048	0	2.9145467271322126e-05
8049	0	5.854490768961587e-05
8050	0	0.00022061308457023513
8051	0	9.589891191122406e-05
8052	0	2.9153110712900175e-05
8053	0	2.916074944647602e-05
8054	0	0.00032042186501023265
8055	0	2.9145467271322126e-05
8056	0	2.9145467271322126e-05
8057	0	0.00026504430117660447
8058	0	9.119248607166349e-05
8059	0	0.0002378950866569475
8060	0	2.9145467271322126e-05
8061	0	3.4718324549830446e-05
8062	0	2.9145467271322126e-05
8063	0	2.9145467271322126e-05
8064	0	2.9172993830992136e-05
8065	0	7.871320238298735e-05
8066	0	0
8067	0	0
8068	0	2.9145467271322126e-05
8069	0	2.9145467271322126e-05
8070	0	3.1902201867139006e-05
8071	0	4.1579945482775855e-05
8072	0	0.00010368602318412118
8073	0	2.9145467271322126e-05
8074	0	2.9145467271322126e-05
8075	0	0.0002406730173799744
8076	0	0.00013189876822964733
8077	0	2.9487393551819216e-05
8078	0	2.91836609464489e-05
8079	0	2.9145467271322126e-05
8080	0	5.413634627375818e-05
8081	0	0
8082	0	2.9145467271322126e-05
8083	0	2.9145467271322126e-05
8084	0	6.633399249121602e-05
8085	0	0.00013333327420570466
8086	0	5.401056636458345e-05
8087	0	7.863382649296804e-05
8088	0	0.00010043412496086455
8089	0	0.00033675871133911044
8090	0	0.0009328989879716696
8091	0	3.937809601135711e-05
8092	0	5.395607863367405e-05
8093	0	2.9985401270705206e-05
8094	0	0
8095	0	0.00028535799763982657
8096	0	7.88653578497528e-05
8097	0	0.00013082790490962623
8098	0	6.512383350172889e-05
8099	0	0
8100	0	4.3440527881295897e-05
8101	0	2.9145467271322126e-05
8102	0	2.9145467271322126e-05
8103	0	2.9145467271322126e-05
8104	0	0.0005496228436406585
8105	0	0.000650704857941622
8106	0	2.9145467271322126e-05
8107	0	0.0008456125873359832
8108	0	4.420005288031036e-05
8109	0	0.00018461594133549459
8110	0	4.5978070450582914e-05
8111	0	0
8112	0	0.00014065260098739332
8113	0	0.0005882629739147038
8114	0	0.0001673208853337537
8115	0	2.9145467271322126e-05
8116	0	4.340184429886372e-05
8117	0	0.00036756526936636963
8118	0	0.00011899241167412116
8119	0	9.021082647461236e-05
8120	0	0.00018494543267993336
8121	0	2.9145467271322126e-05
8122	0	0.00016202750362585104
8123	0	2.9145467271322126e-05
8124	0	2.9145467271322126e-05
8125	0	0
8126	0	9.43031124908579e-05
8127	0	0.0017554495818651354
8128	0	7.036305569471162e-05
8129	0	5.4001846821877974e-05
8130	0	2.9145467271322126e-05
8131	0	4.1781365650298754e-05
8132	0	9.395569251083144e-05
8133	0	2.9145467271322126e-05
8134	0	0
8135	0	9.437529949659002e-05
8136	0	0.00018147981956129626
8137	0	2.9145467271322126e-05
8138	0	2.9145467271322126e-05
8139	0	0.0005547309687340251
8140	0	5.3975507480204544e-05
8141	0	9.324388584910982e-05
8142	0	2.9768946771459263e-05
8143	0	9.03859269204595e-05
8144	0	0
8145	0	0.0001284057896074217
8146	0	0.00036360148732940086
8147	0	0.0002809771051181205
8148	0	2.918354543667165e-05
8149	0	5.419891788574328e-05
8150	0	2.928984755183811e-05
8151	0	2.9165166006177354e-05
8152	0	3.1104473469640006e-05
8153	0	0.00045809296849430033
8154	0	7.875904890844904e-05
8155	0	7.876668999602598e-05
8156	0	2.9221737210954317e-05
8157	0	9.711545038157305e-05
8158	0	2.9145467271322126e-05
8159	0	0
8160	0	3.203672435438353e-05
8161	0	5.397893853357794e-05
8162	0	3.5649955339512424e-05
8163	0	5.391804887989975e-05
8164	0	0.00025295031331473066
8165	0	2.9145467271322126e-05
8166	0	5.3963724430704055e-05
8167	0	2.9168008711081985e-05
8168	0	0
8169	0	0.00023762192814751805
8170	0	2.9145467271322126e-05
8171	0	2.9145467271322126e-05
8172	0	0
8173	0	2.916839053405297e-05
8174	0	0
8175	0	0.00021079397737932062
8176	0	0.0001442010553870604
8177	0	2.9312723731528673e-05
8178	0	6.770079618728859e-05
8179	0	5.4043153102583885e-05
8180	0	2.9686477158453232e-05
8181	0	2.9145467271322126e-05
8182	0	2.9217679440393645e-05
8183	0	6.958312834134284e-05
8184	0	0.0001247158863835493
8185	0	0
8186	0	0
8187	0	5.395607863367405e-05
8188	0	2.9145467271322126e-05
8189	0	0.00013869968452032963
8190	0	2.9145467271322126e-05
8191	0	0.0001375213532035294
8192	0	9.169124804502275e-05
8193	0	0.00015490835841980866
8194	0	2.9145467271322126e-05
8195	0	9.445910663914463e-05
8196	0	2.9145467271322126e-05
8197	0	2.91944264323874e-05
8198	0	2.9145467271322126e-05
8199	0	9.991819591668953e-05
8200	0	0.000979655498207775
8201	0	2.9145467271322126e-05
8202	0	2.9145467271322126e-05
8203	0	5.395607863367405e-05
8204	0	0.0001431147012605155
8205	0	2.9145467271322126e-05
8206	0	2.9145467271322126e-05
8207	0	0
8208	0	5.395607863367405e-05
8209	0	5.395607863367405e-05
8210	0	5.4455059554940284e-05
8211	0	2.929742055559293e-05
8212	0	5.563798612141138e-05
8213	0	2.9145467271322126e-05
8214	0	3.048030793722648e-05
8215	0	0.00015470143034790188
8216	0	2.9145467271322126e-05
8217	0	9.708100452577498e-05
8218	0	2.9145467271322126e-05
8219	0	7.963368437112128e-05
8220	0	2.9145467271322126e-05
8221	0	0.0005240694446053554
8222	0	7.931754657901036e-05
8223	0	7.348482892597257e-05
8224	0	0.0003818848463740797
8225	0	2.9145467271322126e-05
8226	0	2.91529719934523e-05
8227	0	4.1550772952498096e-05
8228	0	2.9166082295667017e-05
8229	0	7.875907002939135e-05
8230	0	2.9145467271322126e-05
8231	0	0
8232	0	3.741823302725512e-05
8233	0	2.9145467271322126e-05
8234	0	2.9145467271322126e-05
8235	0	3.226206411269571e-05
8236	0	2.9145467271322126e-05
8237	0	2.9145467271322126e-05
8238	0	0
8239	0	7.873611622971379e-05
8240	0	0.00010609151657309548
8241	0	2.9145467271322126e-05
8242	0	2.9145467271322126e-05
8243	0	2.9145467271322126e-05
8244	0	4.1527564194805354e-05
8245	0	5.202541618769671e-05
8246	0	4.889098527595677e-05
8247	0	0
8248	0	2.9145467271322126e-05
8249	0	8.392279582687632e-05
8250	0	5.395607863367405e-05
8251	0	0.00020063439444299643
8252	0	8.498999463820751e-05
8253	0	0.0005109872311935096
8254	0	2.9145467271322126e-05
8255	0	5.39690909974938e-05
8256	0	2.9187113965981878e-05
8257	0	4.5701026364612636e-05
8258	0	2.937846104526009e-05
8259	0	2.9145467271322126e-05
8260	0	8.732263137193279e-05
8261	0	2.9145467271322126e-05
8262	0	7.406764189367643e-05
8263	0	9.637907117009368e-05
8264	0	5.395607863367405e-05
8265	0	3.184339252072815e-05
8266	0	7.513659978516425e-05
8267	0	6.773053444594879e-05
8268	0	5.3963719721251006e-05
8269	0	9.547293264161519e-05
8270	0	0
8271	0	2.9145467271322126e-05
8272	0	0.0001509101679137533
8273	0	6.26817744948528e-05
8274	0	8.546051800509318e-05
8275	0	2.9145467271322126e-05
8276	0	9.203738253903314e-05
8277	0	0
8278	0	5.292165133588837e-05
8279	0	7.86148213966577e-05
8280	0	0.00012806026489680647
8281	0	5.3917908462347353e-05
8282	0	2.9145467271322126e-05
8283	0	7.963617587061459e-05
8284	0	9.322292588536107e-05
8285	0	2.9166371358551357e-05
8286	0	0.0007417861101575708
8287	0	8.31803307201203e-05
8288	0	5.396754732921906e-05
8289	0	0
8290	0	4.48691523640503e-05
8291	0	2.9145467271322126e-05
8292	0	7.943683352482492e-05
8293	0	0.00010253504463958266
8294	0	5.395607863367405e-05
8295	0	2.9145467271322126e-05
8296	0	6.218202874083722e-05
8297	0	2.9145467271322126e-05
8298	0	0.00021714656154201646
8299	0	7.084140013099006e-05
8300	0	5.400811561626032e-05
8301	0	2.9145467271322126e-05
8302	0	0
8303	0	0
8304	0	2.9145467271322126e-05
8305	0	0.00020235067898102964
8306	0	2.9145467271322126e-05
8307	0	0
8308	0	5.4017946482521564e-05
8309	0	2.9145467271322126e-05
8310	0	2.9145467271322126e-05
8311	0	0.00011638406395791901
8312	0	0
8313	0	0.00020087027690815303
8314	0	8.36555713462898e-05
8315	0	0.00013403294320640533
8316	0	2.9145467271322126e-05
8317	0	2.9153110712900175e-05
8318	0	2.9145467271322126e-05
8319	0	5.395607863367405e-05
8320	0	2.9145467271322126e-05
8321	0	3.206436272571647e-05
8322	0	2.9145467271322126e-05
8323	0	2.9145467271322126e-05
8324	0	0.001084916453355447
8325	0	0.0001418997772288745
8326	0	2.9145467271322126e-05
8327	0	2.9145467271322126e-05
8328	0	6.554629025165131e-05
8329	0	9.904524351481546e-05
8330	0	0.00012433899879385246
8331	0	7.400030467091486e-05
8332	0	2.9145467271322126e-05
8333	0	0.00020796048484816054
8334	0	2.9145467271322126e-05
8335	0	2.9145467271322126e-05
8336	0	2.9145467271322126e-05
8337	0	0.00017515033003822334
8338	0	8.10385192859625e-05
8339	0	2.9160651244004103e-05
8340	0	0.00025845510993636924
8341	0	0.00010759918614227866
8342	0	0
8343	0	2.9145467271322126e-05
8344	0	8.963544438836281e-05
8345	0	2.9145467271322126e-05
8346	0	2.9145467271322126e-05
8347	0	0.00012162877747150485
8348	0	2.9156918322720134e-05
8349	0	0.00012207779108665802
8350	0	0.00010233933121205893
8351	0	2.9145467271322126e-05
8352	0	2.9145467271322126e-05
8353	0	0.00011307978096128127
8354	0	0
8355	0	4.1550772952498096e-05
8356	0	0.00041007148144112045
8357	0	2.9145467271322126e-05
8358	0	6.025141160304288e-05
8359	0	2.9145467271322126e-05
8360	0	0.00013168393005764107
8361	0	2.9145467271322126e-05
8362	0	2.9160669851813763e-05
8363	0	2.9145467271322126e-05
8364	0	2.9145467271322126e-05
8365	0	7.194276106393065e-05
8366	0	0
8367	0	0.00010063246164874025
8368	0	2.9145467271322126e-05
8369	0	0.00015492718729379185
8370	0	2.9145467271322126e-05
8371	0	2.918303633758856e-05
8372	0	0
8373	0	2.9145467271322126e-05
8374	0	4.650949704222019e-05
8375	0	0
8376	0	2.9145467271322126e-05
8377	0	0.00012838791272072982
8378	0	0.00011900453164216982
8379	0	0.0001478448170740972
8380	0	5.395607863367405e-05
8381	0	3.0380919491049453e-05
8382	0	5.395607863367405e-05
8383	0	0
8384	0	6.428334674568323e-05
8385	0	0.00019075547131801185
8386	0	2.9145467271322126e-05
8387	0	2.9687469207103962e-05
8388	0	2.9153110712900175e-05
8389	0	2.9145467271322126e-05
8390	0	4.4569812422468024e-05
8391	0	0
8392	0	3.9100580640773027e-05
8393	0	2.9145467271322126e-05
8394	0	5.4070328978154176e-05
8395	0	0.0002267950085729545
8396	0	0.0001002389319099653
8397	0	5.395607863367405e-05
8398	0	0
8399	0	0.00010357730135837791
8400	0	6.307340382873885e-05
8401	0	0.00010998070765436661
8402	0	4.658276782812575e-05
8403	0	6.549388514710144e-05
8404	0	2.9259626526056874e-05
8405	0	2.9153094265285343e-05
8406	0	2.9145467271322126e-05
8407	0	2.9145467271322126e-05
8408	0	2.9168362329484862e-05
8409	0	0.00010670468593965855
8410	0	2.9145467271322126e-05
8411	0	8.67141923869445e-05
8412	0	7.308891757965649e-05
8413	0	0.00034890289928241107
8414	0	2.9145467271322126e-05
8415	0	2.9145467271322126e-05
8416	0	2.9145467271322126e-05
8417	0	9.263892570256907e-05
8418	0	4.1507823724902606e-05
8419	0	6.612465126731133e-05
8420	0	8.490657664863175e-05
8421	0	4.760468604917875e-05
8422	0	2.9145467271322126e-05
8423	0	2.9145467271322126e-05
8424	0	2.9145467271322126e-05
8425	0	2.9145467271322126e-05
8426	0	8.308688549470012e-05
8427	0	2.9145467271322126e-05
8428	0	0.00019046554822883138
8429	0	9.996614133793553e-05
8430	0	2.9145467271322126e-05
8431	0	0.00015373521366975372
8432	0	0.0001751918157770414
8433	0	8.171563854278569e-05
8434	0	4.804288938912347e-05
8435	0	5.271777987732451e-05
8436	0	9.48901739846193e-05
8437	0	6.46009097527669e-05
8438	0	2.9145467271322126e-05
8439	0	4.4680000057496934e-05
8440	0	2.921610382259998e-05
8441	0	5.401698570470458e-05
8442	0	7.014343759992014e-05
8443	0	2.9159622311652273e-05
8444	0	0
8445	0	0
8446	0	2.9145467271322126e-05
8447	0	0.0002261582810644284
8448	0	2.9145467271322126e-05
8449	0	2.9145467271322126e-05
8450	0	0.000109685701031907
8451	0	4.4209113938846113e-05
8452	0	5.395607863367405e-05
8453	0	9.679587991540459e-05
8454	0	7.875904890844904e-05
8455	0	2.9145467271322126e-05
8456	0	4.7020442278564e-05
8457	0	0
8458	0	5.397063236226406e-05
8459	0	5.409955091567591e-05
8460	0	0.00016254705012246182
8461	0	5.3992037502988136e-05
8462	0	2.9145467271322126e-05
8463	0	2.9145467271322126e-05
8464	0	5.356478003453684e-05
8465	0	7.876668999602598e-05
8466	0	3.2246793691616115e-05
8467	0	2.9145467271322126e-05
8468	0	2.916072594989676e-05
8469	0	0.00016557655645979102
8470	0	2.9145467271322126e-05
8471	0	0.00013516157371213765
8472	0	0.00013411516823885297
8473	0	0
8474	0	0.00015944143917022687
8475	0	6.017549005136251e-05
8476	0	3.233809199984343e-05
8477	0	2.9145467271322126e-05
8478	0	2.9145467271322126e-05
8479	0	5.3948432836644055e-05
8480	0	2.9145467271322126e-05
8481	0	4.6349692931851295e-05
8482	0	0.0018284794051746096
8483	0	4.678640633670677e-05
8484	0	7.698470844499061e-05
8485	0	2.9145467271322126e-05
8486	0	7.051167482893796e-05
8487	0	2.916074944647602e-05
8488	0	3.410758954379251e-05
8489	0	0
8490	0	2.9145467271322126e-05
8491	0	5.3795813226534896e-05
8492	0	5.395607863367405e-05
8493	0	2.9214529840714328e-05
8494	0	4.017219799522986e-05
8495	0	2.9145467271322126e-05
8496	0	2.9160740039165987e-05
8497	0	9.166479354707845e-05
8498	0	5.392550486736185e-05
8499	0	2.9145467271322126e-05
8500	0	2.9145467271322126e-05
8501	0	3.7415671058772766e-05
8502	0	0
8503	0	2.9145467271322126e-05
8504	0	2.9145467271322126e-05
8505	0	5.943491568438755e-05
8506	0	6.018750266230992e-05
8507	0	3.7345059515790587e-05
8508	0	7.534648288885373e-05
8509	0	3.84576493976897e-05
8510	0	0
8511	0	0.00017518211642414836
8512	0	0.00017285454393968364
8513	0	0.00025146740786301247
8514	0	0.00015506900045599316
8515	0	4.367806135445396e-05
8516	0	2.9145467271322126e-05
8517	0	0.0002080357236606385
8518	0	0.00012043018331616188
8519	0	0
8520	0	9.518366465161677e-05
8521	0	2.9145467271322126e-05
8522	0	0.0002306519203812832
8523	0	0.0003967969268420039
8524	0	2.9316710365258602e-05
8525	0	3.209100966062469e-05
8526	0	6.637107498646913e-05
8527	0	2.9145467271322126e-05
8528	0	5.395607863367405e-05
8529	0	2.9253687538600013e-05
8530	0	0.0005628814320877758
8531	0	7.699622398905131e-05
8532	0	0.00014235462929142228
8533	0	5.758008689489155e-05
8534	0	0.0003204421307401131
8535	0	0.0001383972968723427
8536	0	2.9145467271322126e-05
8537	0	0
8538	0	5.4432493735254785e-05
8539	0	0.00012804380653551672
8540	0	0
8541	0	4.2253385936948195e-05
8542	0	0.0005200918269106853
8543	0	0.00018003810123971175
8544	0	5.395607863367405e-05
8545	0	0.00010256526279725667
8546	0	4.3751147905160004e-05
8547	0	8.917830321546332e-05
8548	0	9.300081783841245e-05
8549	0	2.9145467271322126e-05
8550	0	2.9145467271322126e-05
8551	0	2.9145467271322126e-05
8552	0	3.127556392481957e-05
8553	0	0.00010438749897312339
8554	0	0.0004253907610796134
8555	0	2.9145467271322126e-05
8556	0	8.007516940802645e-05
8557	0	3.9069711816262896e-05
8558	0	0.00010835671383244625
8559	0	0.00014627599706306188
8560	0	9.850053606381284e-05
8561	0	0.0001552052065981042
8562	0	0.00010356331576719082
8563	0	2.916072594989676e-05
8564	0	0.00021780836167223169
8565	0	0.00012782068865789818
8566	0	0.00034183514081644224
8567	0	2.9145467271322126e-05
8568	0	0.0002608510636022031
8569	0	0.00030284787139645946
8570	0	0.00012084630512057963
8571	0	3.107615700391278e-05
8572	0	0.00016861424340836436
8573	0	3.570114221109915e-05
8574	0	4.846969685007781e-05
8575	0	0.0001512760141114676
8576	0	5.395607863367405e-05
8577	0	2.9209573398801365e-05
8578	0	5.583599673139311e-05
8579	0	5.395607863367405e-05
8580	0	0
8581	0	2.9722458233237285e-05
8582	0	0.0002708915470698813
8583	0	2.916072594989676e-05
8584	0	2.9145467271322126e-05
8585	0	4.364470637511364e-05
8586	0	2.975242432785107e-05
8587	0	0.00015492611475729386
8588	0	3.2246793691616115e-05
8589	0	7.561640840689866e-05
8590	0	2.9176017509216695e-05
8591	0	2.9145467271322126e-05
8592	0	3.7415671058772766e-05
8593	0	0.0005842842509971458
8594	0	2.9145467271322126e-05
8595	0	3.0983290335200046e-05
8596	0	2.9145467271322126e-05
8597	0	0.0001005726068275179
8598	0	2.9145467271322126e-05
8599	0	4.160581631069301e-05
8600	0	5.4614858790507176e-05
8601	0	4.4946198399364327e-05
8602	0	2.9145467271322126e-05
8603	0	2.9145467271322126e-05
8604	0	5.388739345918585e-05
8605	0	3.734969213932702e-05
8606	0	0
8607	0	8.751688237411969e-05
8608	0	5.3607198486871345e-05
8609	0	0.00016140219265254178
8610	0	6.033705292914808e-05
8611	0	0
8612	0	0
8613	0	7.098156518714538e-05
8614	0	2.9145467271322126e-05
8615	0	0
8616	0	0.0005842689119711193
8617	0	2.9145467271322126e-05
8618	0	0
8619	0	0.00046862234559270726
8620	0	2.9145467271322126e-05
8621	0	8.089630315696045e-05
8622	0	0.0009082709960219165
8623	0	2.9145467271322126e-05
8624	0	0
8625	0	5.397137022773406e-05
8626	0	6.129613151773978e-05
8627	0	9.755844070593988e-05
8628	0	7.506635238565535e-05
8629	0	9.159572598314737e-05
8630	0	2.9145467271322126e-05
8631	0	4.692885367545512e-05
8632	0	0.000245988764419022
8633	0	9.434567333379964e-05
8634	0	2.9145467271322126e-05
8635	0	0
8636	0	0.00016196701036988448
8637	0	2.9145467271322126e-05
8638	0	0.00023938469923757028
8639	0	2.9145467271322126e-05
8640	0	2.9145467271322126e-05
8641	0	2.9145467271322126e-05
8642	0	2.966468594382399e-05
8643	0	9.265757038939811e-05
8644	0	5.394097323862848e-05
8645	0	5.249475710230346e-05
8646	0	7.888573026966511e-05
8647	0	5.148745580270544e-05
8648	0	0.00011070230767879104
8649	0	4.957943707293666e-05
8650	0	5.395607863367405e-05
8651	0	2.9145467271322126e-05
8652	0	0.00015363746702555983
8653	0	2.9145467271322126e-05
8654	0	5.3074257071701925e-05
8655	0	0.00018494543267993336
8656	0	0.00025678642070532567
8657	0	0.0007793980891254508
8658	0	2.9145467271322126e-05
8659	0	0.00028127626962114974
8660	0	0.0006362056005654173
8661	0	5.403469052414139e-05
8662	0	2.9145467271322126e-05
8663	0	2.9160751800477123e-05
8664	0	6.266512357118337e-05
8665	0	5.395607863367405e-05
8666	0	0.00019195444331447604
8667	0	0.0001919469637141907
8668	0	6.035808651171579e-05
8669	0	5.395607863367405e-05
8670	0	4.4354645453122376e-05
8671	0	5.395607863367405e-05
8672	0	6.476351183640352e-05
8673	0	0.00016197732618404567
8674	0	7.360045988536251e-05
8675	0	5.395607863367405e-05
8676	0	2.9145467271322126e-05
8677	0	0.00013092004739258703
8678	0	7.878617256286946e-05
8679	0	0
8680	0	5.192207591548428e-05
8681	0	2.9145467271322126e-05
8682	0	3.110035625476322e-05
8683	0	5.395607863367405e-05
8684	0	0
8685	0	0.00017246361291245002
8686	0	0
8687	0	0.000150224749492071
8688	0	0.00019614474412429754
8689	0	0.0002518792889933355
8690	0	0
8691	0	2.917161450993523e-05
8692	0	9.881104184544727e-05
8693	0	0.00035028241629062084
8694	0	2.9145467271322126e-05
8695	0	5.602487264259891e-05
8696	0	0.00035224065450732716
8697	0	2.917196389568954e-05
8698	0	2.917591908029709e-05
8699	0	2.9145467271322126e-05
8700	0	0.00016153270885407725
8701	0	2.9153110712900175e-05
8702	0	2.9145467271322126e-05
8703	0	2.9145467271322126e-05
8704	0	0
8705	0	0
8706	0	0.0002674742731032868
8707	0	0.00021253334140340933
8708	0	2.9145467271322126e-05
8709	0	2.916830612805335e-05
8710	0	4.055980634119934e-05
8711	0	2.9145467271322126e-05
8712	0	9.780392299152387e-05
8713	0	6.56214266522627e-05
8714	0	4.569604104633091e-05
8715	0	4.766605138174205e-05
8716	0	2.9172642795042235e-05
8717	0	0.0002049141357914683
8718	0	0.0002564804545930371
8719	0	3.085654391700157e-05
8720	0	2.9145467271322126e-05
8721	0	2.9187096857391136e-05
8722	0	0.00024429773746902165
8723	0	0
8724	0	0.00018296712217423267
8725	0	2.9145467271322126e-05
8726	0	5.395607863367405e-05
8727	0	0.00010430169605237175
8728	0	0.00017952803453479002
8729	0	2.9159622907917172e-05
8730	0	0.00010192080796733887
8731	0	2.9145467271322126e-05
8732	0	5.395607863367405e-05
8733	0	4.2165052199178364e-05
8734	0	6.646064761857572e-05
8735	0	6.300468249953885e-05
8736	0	0.0002329190185065388
8737	0	2.9145467271322126e-05
8738	0	2.9145467271322126e-05
8739	0	0.00010256169540439239
8740	0	2.9158294027565588e-05
8741	0	4.0174972624445066e-05
8742	0	5.803107090260691e-05
8743	0	2.9145467271322126e-05
8744	0	7.46366354841231e-05
8745	0	0.00014376722751174598
8746	0	2.9145467271322126e-05
8747	0	2.9145467271322126e-05
8748	0	2.9145467271322126e-05
8749	0	5.356644452937683e-05
8750	0	7.877969035582006e-05
8751	0	0.0005361019938074305
8752	0	2.9145467271322126e-05
8753	0	3.581472753352036e-05
8754	0	5.413022255922683e-05
8755	0	0.00012177254008510167
8756	0	4.281624152700817e-05
8757	0	2.9145467271322126e-05
8758	0	9.101110822756097e-05
8759	0	0.0001627051029156287
8760	0	0
8761	0	4.3751147905160004e-05
8762	0	2.917487264184834e-05
8763	0	4.368211093392509e-05
8764	0	0.00011180726504852335
8765	0	0.00021962999169666982
8766	0	2.9145467271322126e-05
8767	0	0
8768	0	2.9145467271322126e-05
8769	0	0
8770	0	5.3886572630227204e-05
8771	0	5.506219047753405e-05
8772	0	2.9145467271322126e-05
8773	0	5.413634627375818e-05
8774	0	2.9176036335432838e-05
8775	0	9.642206037914058e-05
8776	0	0.0002162703507060838
8777	0	5.356478003453684e-05
8778	0	0.00020425138429294677
8779	0	5.444095799429635e-05
8780	0	0.00014274734596879634
8781	0	0.00034408397884608
8782	0	2.916074944647602e-05
8783	0	7.081173752828081e-05
8784	0	5.400189695456764e-05
8785	0	7.59982952177063e-05
8786	0	4.602419460987903e-05
8787	0	0
8788	0	5.395607863367405e-05
8789	0	2.9145467271322126e-05
8790	0	2.9145467271322126e-05
8791	0	4.678640633670677e-05
8792	0	5.395607863367405e-05
8793	0	0.00012697141137977237
8794	0	2.9273870215366152e-05
8795	0	4.0424698217601464e-05
8796	0	3.268984032308669e-05
8797	0	2.9145467271322126e-05
8798	0	0.0002025226100426061
8799	0	9.858453410704524e-05
8800	0	2.9145467271322126e-05
8801	0	2.9145467271322126e-05
8802	0	0.00015984955295747998
8803	0	0.00029956301080047746
8804	0	5.479191921621758e-05
8805	0	5.395607863367405e-05
8806	0	5.395607863367405e-05
8807	0	0.00023346859435144438
8808	0	0.000264497514905361
8809	0	2.9145467271322126e-05
8810	0	0
8811	0	0.00021019987858871686
8812	0	0.00029569416696201024
8813	0	2.9145467271322126e-05
8814	0	9.756660946717318e-05
8815	0	9.3093397138944e-05
8816	0	2.9145467271322126e-05
8817	0	2.9145467271322126e-05
8818	0	8.236196009822531e-05
8819	0	0
8820	0	4.5720264198030114e-05
8821	0	2.9145467271322126e-05
8822	0	2.9153113068352123e-05
8823	0	0.0002843126733321912
8824	0	0.00011598260703955387
8825	0	0.0001461116048479216
8826	0	2.9145467271322126e-05
8827	0	2.9159621253396823e-05
8828	0	0.0008359215738339488
8829	0	2.9145467271322126e-05
8830	0	9.945532994988563e-05
8831	0	0
8832	0	0.00020813756778501557
8833	0	0
8834	0	0
8835	0	7.433008749590526e-05
8836	0	6.920883773179994e-05
8837	0	5.395607863367405e-05
8838	0	2.9145467271322126e-05
8839	0	5.395607863367405e-05
8840	0	0
8841	0	2.9145467271322126e-05
8842	0	0
8843	0	0.0002264926017669495
8844	0	0.0003613917556786614
8845	0	7.308314652812314e-05
8846	0	2.9907847446708968e-05
8847	0	0.00012892856808051153
8848	0	0.00010550036346419127
8849	0	5.7871372229994036e-05
8850	0	2.9145467271322126e-05
8851	0	2.9145467271322126e-05
8852	0	5.392551428336626e-05
8853	0	0.00011449718042529772
8854	0	0.0002973018734963462
8855	0	3.5204571915415224e-05
8856	0	2.9145467271322126e-05
8857	0	2.9145467271322126e-05
8858	0	5.046689773797199e-05
8859	0	0.0001298771149249407
8860	0	5.4713809436114004e-05
8861	0	2.9145467271322126e-05
8862	0	7.876668999602598e-05
8863	0	4.328528578048714e-05
8864	0	5.395607863367405e-05
8865	0	0
8866	0	2.9145467271322126e-05
8867	0	0.00015629450377190515
8868	0	4.0065839634595876e-05
8869	0	7.460840559153395e-05
8870	0	2.9145467271322126e-05
8871	0	0.0001149967424058417
8872	0	2.9145467271322126e-05
8873	0	2.9176036329632123e-05
8874	0	2.9145467271322126e-05
8875	0	0
8876	0	2.9145467271322126e-05
8877	0	9.324646355077168e-05
8878	0	0
8879	0	2.9145467271322126e-05
8880	0	0
8881	0	0
8882	0	9.314154320260027e-05
8883	0	3.7518386319361845e-05
8884	0	0.00017207888693137355
8885	0	0
8886	0	2.9432314227398854e-05
8887	0	6.143312409691384e-05
8888	0	5.395607863367405e-05
8889	0	0.00013196045340762723
8890	0	2.9145467271322126e-05
8891	0	7.010967499406742e-05
8892	0	0.00033811860497114435
8893	0	9.085156044353441e-05
8894	0	2.9145467271322126e-05
8895	0	5.401146496697398e-05
8896	0	4.794286579349076e-05
8897	0	2.9145467271322126e-05
8898	0	0.00019753840323746754
8899	0	5.502152851914943e-05
8900	0	2.9145467271322126e-05
8901	0	0
8902	0	6.126572700684138e-05
8903	0	0
8904	0	2.9145467271322126e-05
8905	0	0.00011026167358305062
8906	0	4.7795297030426655e-05
8907	0	2.9145467271322126e-05
8908	0	2.9145467271322126e-05
8909	0	2.9145467271322126e-05
8910	0	0.0011701541336256824
8911	0	0.0002241879218512989
8912	0	2.9145467271322126e-05
8913	0	2.9145467271322126e-05
8914	0	2.9214203649973196e-05
8915	0	0
8916	0	5.395607863367405e-05
8917	0	0.0007091312299151832
8918	0	6.498741265402984e-05
8919	0	0
8920	0	2.9145467271322126e-05
8921	0	9.419039906672708e-05
8922	0	2.9145467271322126e-05
8923	0	5.717558648376942e-05
8924	0	2.9145467271322126e-05
8925	0	8.834998838327929e-05
8926	0	2.9145467271322126e-05
8927	0	5.395607863367405e-05
8928	0	2.9145467271322126e-05
8929	0	0.000552855551803245
8930	0	3.977858642661581e-05
8931	0	6.456425317755891e-05
8932	0	0
8933	0	0
8934	0	2.9145467271322126e-05
8935	0	2.9145467271322126e-05
8936	0	2.9145467271322126e-05
8937	0	2.9198921958775638e-05
8938	0	2.9145467271322126e-05
8939	0	8.744999383975516e-05
8940	0	0.0003012869140681909
8941	0	6.851334266075663e-05
8942	0	2.9168376423087917e-05
8943	0	0
8944	0	3.534812011191011e-05
8945	0	0.00010805670521799759
8946	0	0.0006571643269906374
8947	0	7.948738285356697e-05
8948	0	7.843085205727267e-05
8949	0	0.00024784844764422773
8950	0	5.072066023725198e-05
8951	0	2.9145467271322126e-05
8952	0	2.9145467271322126e-05
8953	0	0.00019574519263870562
8954	0	4.133833078834742e-05
8955	0	2.9145467271322126e-05
8956	0	2.9159924210779972e-05
8957	0	2.9145467271322126e-05
8958	0	2.9145467271322126e-05
8959	0	0.0001451976595214836
8960	0	0.0005757652551750208
8961	0	6.317517366065937e-05
8962	0	5.395607863367405e-05
8963	0	2.9145467271322126e-05
8964	0	7.430371564962937e-05
8965	0	4.678208363661724e-05
8966	0	2.9145467271322126e-05
8967	0	0.000565298809046769
8968	0	0
8969	0	2.9160754154478228e-05
8970	0	2.9145467271322126e-05
8971	0	4.929673850999252e-05
8972	0	2.9145467271322126e-05
8973	0	7.753284152318981e-05
8974	0	4.277516921499843e-05
8975	0	2.9145467271322126e-05
8976	0	3.965394883808911e-05
8977	0	0.0001245237702504943
8978	0	0.000268676781522014
8979	0	0
8980	0	2.9145467271322126e-05
8981	0	0.0001360487871413726
8982	0	5.7816363965245756e-05
8983	0	4.212078019472974e-05
8984	0	2.9145467271322126e-05
8985	0	2.9145467271322126e-05
8986	0	0.00013362739856931315
8987	0	5.395607863367405e-05
8988	0	7.875905126100062e-05
8989	0	3.750293427947561e-05
8990	0	2.917361287937423e-05
8991	0	0.0003304901083637757
8992	0	2.9145467271322126e-05
8993	0	0
8994	0	4.63103165373105e-05
8995	0	6.527811617964802e-05
8996	0	2.9145467271322126e-05
8997	0	0
8998	0	0
8999	0	0.00011102527541373778
9000	0	7.593274007046775e-05
9001	0	5.395607863367405e-05
9002	0	0.00012836707432970442
9003	0	5.871831049594305e-05
9004	0	0.00014512108309657415
9005	0	7.876668999602598e-05
9006	0	7.88113346916135e-05
9007	0	5.395607863367405e-05
9008	0	2.9145467271322126e-05
9009	0	0.0001538134184432694
9010	0	2.9145467271322126e-05
9011	0	2.9145467271322126e-05
9012	0	2.926490234372419e-05
9013	0	0.00016887577829256928
9014	0	2.9160697849199568e-05
9015	0	5.93218576584331e-05
9016	0	2.9145467271322126e-05
9017	0	0.00041217081578141
9018	0	0.0006633972435029564
9019	0	0.00018394795705535468
9020	0	2.9145467271322126e-05
9021	0	0.0002934203164672234
9022	0	5.393319061581211e-05
9023	0	4.6306260727178244e-05
9024	0	9.171158669713329e-05
9025	0	2.9145467271322126e-05
9026	0	4.0724789779451255e-05
9027	0	5.3738669141526794e-05
9028	0	0.00011432369299152129
9029	0	0.00010982557922464981
9030	0	2.9145467271322126e-05
9031	0	0.00020005090191370917
9032	0	8.361175479141123e-05
9033	0	2.9221961612935608e-05
9034	0	0.0002481563631760172
9035	0	0.0001397163697151213
9036	0	9.055261218690437e-05
9037	0	0
9038	0	2.9145467271322126e-05
9039	0	0.00018017910607352863
9040	0	0
9041	0	0.00014933051560282997
9042	0	5.3247041261239204e-05
9043	0	5.399075400609875e-05
9044	0	5.396211806885504e-05
9045	0	2.9145467271322126e-05
9046	0	2.9145467271322126e-05
9047	0	2.9145467271322126e-05
9048	0	2.9145467271322126e-05
9049	0	0.00012528190327642865
9050	0	0
9051	0	5.674765247645093e-05
9052	0	2.9145467271322126e-05
9053	0	0.0011374009846952381
9054	0	2.9145467271322126e-05
9055	0	0.00016024617159778726
9056	0	5.3910274428082015e-05
9057	0	0.0001847381005532373
9058	0	2.9145467271322126e-05
9059	0	2.9145467271322126e-05
9060	0	7.873106324239383e-05
9061	0	2.9145467271322126e-05
9062	0	2.9145467271322126e-05
9063	0	0.00028488558416601
9064	0	2.915501569010382e-05
9065	0	0
9066	0	2.9145467271322126e-05
9067	0	2.9145467271322126e-05
9068	0	2.917300350097106e-05
9069	0	2.9145467271322126e-05
9070	0	5.434859709398722e-05
9071	0	2.9145467271322126e-05
9072	0	2.9145467271322126e-05
9073	0	2.921999662720834e-05
9074	0	7.2392911822812e-05
9075	0	5.395607863367405e-05
9076	0	5.3786280636515494e-05
9077	0	5.395607863367405e-05
9078	0	5.395607863367405e-05
9079	0	7.45086478820827e-05
9080	0	6.0973416394168576e-05
9081	0	8.33846682429004e-05
9082	0	0.0002645064082941574
9083	0	4.8451183413133674e-05
9084	0	0.00011308707786889628
9085	0	0.00026133369810722734
9086	0	3.1690145359768476e-05
9087	0	2.9145467271322126e-05
9088	0	2.9194973385485203e-05
9089	0	7.470766467429069e-05
9090	0	0.0006663038450522618
9091	0	0.00013177239204015893
9092	0	2.9145467271322126e-05
9093	0	5.554247291269068e-05
9094	0	2.9145467271322126e-05
9095	0	0.00012054443447278451
9096	0	7.432152024784065e-05
9097	0	5.2380131318935364e-05
9098	0	0.0007887820659262865
9099	0	2.9145467271322126e-05
9100	0	4.367806135445396e-05
9101	0	2.9145467271322126e-05
9102	0	2.9145467271322126e-05
9103	0	5.385677507834445e-05
9104	0	0.00013836768624772848
9105	0	2.9145467271322126e-05
9106	0	2.9145467271322126e-05
9107	0	4.134643310327647e-05
9108	0	0
9109	0	0
9110	0	0
9111	0	8.071770564938867e-05
9112	0	2.9145467271322126e-05
9113	0	4.367806135445396e-05
9114	0	0
9115	0	0
9116	0	8.554607832406297e-05
9117	0	5.395607863367405e-05
9118	0	0.0001233156667730106
9119	0	2.9145467271322126e-05
9120	0	0
9121	0	4.3160117426627944e-05
9122	0	5.981851861817218e-05
9123	0	4.470185140498961e-05
9124	0	2.9145467271322126e-05
9125	0	2.9145467271322126e-05
9126	0	0.0004789882052715838
9127	0	0.0001679380266644372
9128	0	0
9129	0	7.876668999602598e-05
9130	0	2.9145467271322126e-05
9131	0	7.086124975937782e-05
9132	0	0.0003744241419101932
9133	0	0.0001001406959908885
9134	0	5.870600357184543e-05
9135	0	2.9145467271322126e-05
9136	0	0.00013729490174107606
9137	0	2.9210288114748818e-05
9138	0	2.9145467271322126e-05
9139	0	2.9145467271322126e-05
9140	0	2.9153094265285343e-05
9141	0	4.895054515491349e-05
9142	0	7.889000134740125e-05
9143	0	7.956151129463531e-05
9144	0	2.9145467271322126e-05
9145	0	5.9389510584686025e-05
9146	0	0.0002309534462640656
9147	0	4.1550772952498096e-05
9148	0	2.9145467271322126e-05
9149	0	0.0001177826098023311
9150	0	0
9151	0	4.9611419886864e-05
9152	0	6.684726476354448e-05
9153	0	5.726688228543426e-05
9154	0	2.9145467271322126e-05
9155	0	7.999438192203037e-05
9156	0	2.9145467271322126e-05
9157	0	8.171900216792257e-05
9158	0	0.00011801467961041461
9159	0	6.298636925286144e-05
9160	0	0.0001327233795529879
9161	0	2.9145467271322126e-05
9162	0	2.9145467271322126e-05
9163	0	2.9145467271322126e-05
9164	0	7.882583538105917e-05
9165	0	0.0001794375106204212
9166	0	2.9145467271322126e-05
9167	0	2.9145467271322126e-05
9168	0	2.9145467271322126e-05
9169	0	3.952117032524747e-05
9170	0	6.853971465108968e-05
9171	0	2.9145467271322126e-05
9172	0	2.9145467271322126e-05
9173	0	0.00014660751068922047
9174	0	9.73614956870662e-05
9175	0	3.0340404496736484e-05
9176	0	5.409745207859545e-05
9177	0	4.202828699049258e-05
9178	0	9.573098440188805e-05
9179	0	2.9145467271322126e-05
9180	0	2.9145467271322126e-05
9181	0	9.196561798874013e-05
9182	0	2.9153068561567946e-05
9183	0	5.9675218034285444e-05
9184	0	5.395607863367405e-05
9185	0	2.923431892053916e-05
9186	0	4.159020088722606e-05
9187	0	2.916047671558247e-05
9188	0	0
9189	0	0
9190	0	7.876668999602598e-05
9191	0	2.9354653949959848e-05
9192	0	2.9145467271322126e-05
9193	0	0.0001081441883462708
9194	0	0.0003227763533176957
9195	0	8.871536036179111e-05
9196	0	0.0002071312704464072
9197	0	2.9145467271322126e-05
9198	0	2.9145467271322126e-05
9199	0	2.9145467271322126e-05
9200	0	7.204324034546073e-05
9201	0	0.0007093066261821774
9202	0	4.1550772952498096e-05
9203	0	5.381315192774044e-05
9204	0	2.9145467271322126e-05
9205	0	6.010309390997497e-05
9206	0	2.9260081574098484e-05
9207	0	2.9198546207610778e-05
9208	0	3.4822195796785665e-05
9209	0	2.9145467271322126e-05
9210	0	6.237846185516494e-05
9211	0	7.060626388823689e-05
9212	0	6.045621277114332e-05
9213	0	5.080494940118273e-05
9214	0	0
9215	0	3.7464324097300496e-05
9216	0	5.395607863367405e-05
9217	0	4.160037827817489e-05
9218	0	0.00013750747051842523
9219	0	0
9220	0	9.508010292698961e-05
9221	0	0.00011800065691415417
9222	0	0
9223	0	0
9224	0	5.395607863367405e-05
9225	0	9.599919480297123e-05
9226	0	0.00018647686635402247
9227	0	0.0006904495851172269
9228	0	8.784474623438637e-05
9229	0	2.9145467271322126e-05
9230	0	0.00013895074804829363
9231	0	2.9145467271322126e-05
9232	0	2.9145467271322126e-05
9233	0	4.406439194183165e-05
9234	0	9.95869595279601e-05
9235	0	8.595195907967877e-05
9236	0	0.0006935590858208433
9237	0	2.9145467271322126e-05
9238	0	0
9239	0	2.9145467271322126e-05
9240	0	8.272869792418451e-05
9241	0	5.8313981156678584e-05
9242	0	9.919867829045633e-05
9243	0	2.9145467271322126e-05
9244	0	0.0005293543709630371
9245	0	5.3970737783666585e-05
9246	0	5.204302082972629e-05
9247	0	2.9145467271322126e-05
9248	0	0.00018944445951930852
9249	0	2.9145467271322126e-05
9250	0	4.568587484622341e-05
9251	0	3.7818270201176405e-05
9252	0	2.9145467271322126e-05
9253	0	0.00019601053226769304
9254	0	8.907548367671932e-05
9255	0	0.00018494543267993336
9256	0	5.38909115496858e-05
9257	0	5.395607863367405e-05
9258	0	7.234793288954571e-05
9259	0	2.9157377830691056e-05
9260	0	0
9261	0	3.410758954379251e-05
9262	0	2.9145467271322126e-05
9263	0	5.395607863367405e-05
9264	0	0.00011728183431795397
9265	0	2.9145467271322126e-05
9266	0	5.391034478784484e-05
9267	0	2.9153075554475254e-05
9268	0	2.9145467271322126e-05
9269	0	0
9270	0	5.402376089640572e-05
9271	0	0.00025173152658596894
9272	0	2.9145467271322126e-05
9273	0	5.395607863367405e-05
9274	0	2.915298108457541e-05
9275	0	8.202348702486346e-05
9276	0	6.6078543078646e-05
9277	0	0.00025831142176542293
9278	0	8.703911645438667e-05
9279	0	6.749251653022709e-05
9280	0	6.637667119800611e-05
9281	0	5.3948435192096e-05
9282	0	0.0011987012501586123
9283	0	0
9284	0	2.9145467271322126e-05
9285	0	2.9145467271322126e-05
9286	0	5.395607863367405e-05
9287	0	0
9288	0	2.945823103319359e-05
9289	0	0
9290	0	2.9145467271322126e-05
9291	0	7.878945202479877e-05
9292	0	9.161077555859212e-05
9293	0	0.00014136135862832322
9294	0	2.9145467271322126e-05
9295	0	9.538083716313494e-05
9296	0	5.395607863367405e-05
9297	0	0
9298	0	0
9299	0	2.9145467271322126e-05
9300	0	7.198644447998477e-05
9301	0	7.882659555093423e-05
9302	0	3.263091462140737e-05
9303	0	4.7753425793086074e-05
9304	0	2.9145467271322126e-05
9305	0	2.9145467271322126e-05
9306	0	3.581021349660214e-05
9307	0	0
9308	0	2.9156918322720134e-05
9309	0	2.9145467271322126e-05
9310	0	0.00024272367427684652
9311	0	2.9168271142059582e-05
9312	0	6.5111650337818e-05
9313	0	5.39484398986487e-05
9314	0	4.419309608064451e-05
9315	0	2.9145467271322126e-05
9316	0	2.9145467271322126e-05
9317	0	4.602547427136128e-05
9318	0	5.200130894833015e-05
9319	0	2.9145467271322126e-05
9320	0	2.9145467271322126e-05
9321	0	7.876668999602598e-05
9322	0	2.9160494897828697e-05
9323	0	3.207939035222304e-05
9324	0	2.9773970241984412e-05
9325	0	0
9326	0	0.00013327695040935093
9327	0	3.7136445277306934e-05
9328	0	5.395607863367405e-05
9329	0	7.877840409557751e-05
9330	0	0
9331	0	2.9145467271322126e-05
9332	0	0
9333	0	2.942046173223489e-05
9334	0	0
9335	0	0
9336	0	2.9145467271322126e-05
9337	0	0.00013393157757796845
9338	0	2.9145467271322126e-05
9339	0	7.400474147846996e-05
9340	0	0
9341	0	0
9342	0	5.0441242024007525e-05
9343	0	5.394079645852016e-05
9344	0	2.9145467271322126e-05
9345	0	5.395607863367405e-05
9346	0	2.9145467271322126e-05
9347	0	0
9348	0	0.00011157591157364135
9349	0	8.462591304090311e-05
9350	0	2.9145467271322126e-05
9351	0	2.9145467271322126e-05
9352	0	3.932952263297531e-05
9353	0	2.9673352619457273e-05
9354	0	2.9145467271322126e-05
9355	0	5.395607863367405e-05
9356	0	0.0004330621318468338
9357	0	0.0001621275323730492
9358	0	0.0014694297201244522
9359	0	2.915279684631839e-05
9360	0	8.627299547816335e-05
9361	0	0
9362	0	0.00016106065899118612
9363	0	7.876668999602598e-05
9364	0	9.675541395109454e-05
9365	0	2.9145467271322126e-05
9366	0	5.395607863367405e-05
9367	0	2.9145467271322126e-05
9368	0	2.9145467271322126e-05
9369	0	0.0011176343565264864
9370	0	8.306045511020735e-05
9371	0	7.82656595862134e-05
9372	0	0
9373	0	0.00026496594091687445
9374	0	0.0001158674199489495
9375	0	9.439069811544891e-05
9376	0	2.9145467271322126e-05
9377	0	5.249475710230346e-05
9378	0	2.9145467271322126e-05
9379	0	0
9380	0	0.00010805371514149114
9381	0	7.66370132086738e-05
9382	0	6.394158762481883e-05
9383	0	2.921839859701654e-05
9384	0	0
9385	0	2.984594877568742e-05
9386	0	2.9145467271322126e-05
9387	0	0
9388	0	0.0007503779623315534
9389	0	0
9390	0	5.3975585171685594e-05
9391	0	0.0001783363357748018
9392	0	2.9145467271322126e-05
9393	0	2.927563879279374e-05
9394	0	0.00016418265843459243
9395	0	3.7079552327603964e-05
9396	0	2.9145467271322126e-05
9397	0	2.9145467271322126e-05
9398	0	0
9399	0	2.9145467271322126e-05
9400	0	2.9160697849199568e-05
9401	0	0.0004396797998276164
9402	0	3.151298446847018e-05
9403	0	2.9145467271322126e-05
9404	0	7.875139840196598e-05
9405	0	2.9145467271322126e-05
9406	0	7.41515342990317e-05
9407	0	5.5435443163710705e-05
9408	0	0
9409	0	0
9410	0	5.1302773794011516e-05
9411	0	4.1545592326313394e-05
9412	0	2.9145467271322126e-05
9413	0	5.717558648376942e-05
9414	0	0
9415	0	4.371911565022131e-05
9416	0	5.0722151438241e-05
9417	0	3.963211819870261e-05
9418	0	2.9145467271322126e-05
9419	0	5.5713614916900954e-05
9420	0	0
9421	0	2.9152999333059332e-05
9422	0	2.9145467271322126e-05
9423	0	0.0007302891637415812
9424	0	5.3948432836644055e-05
9425	0	0.00013028202692423791
9426	0	5.395607863367405e-05
9427	0	0
9428	0	0
9429	0	0.0001656518487353113
9430	0	3.847383038460506e-05
9431	0	7.039720031991846e-05
9432	0	2.9282922181916874e-05
9433	0	2.9385865382030857e-05
9434	0	8.493180510075613e-05
9435	0	0.00015028992943193488
9436	0	0.00016616757972666524
9437	0	6.208796593280307e-05
9438	0	0
9439	0	3.366356556523884e-05
9440	0	0.0008522811040538065
9441	0	0.0007089726266202789
9442	0	2.9145467271322126e-05
9443	0	0
9444	0	0.00012633455776254055
9445	0	9.449169570843212e-05
9446	0	6.297140164439181e-05
9447	0	9.298396591498865e-05
9448	0	0
9449	0	5.691070295688715e-05
9450	0	2.9145467271322126e-05
9451	0	0
9452	0	0
9453	0	0.00021096804372059452
9454	0	4.367806135445396e-05
9455	0	0
9456	0	0.00011333935558170147
9457	0	0
9458	0	2.9299862062269485e-05
9459	0	2.9145467271322126e-05
9460	0	2.924374937484136e-05
9461	0	9.318440256585884e-05
9462	0	6.770111652437532e-05
9463	0	2.9145467271322126e-05
9464	0	0.0001570101505221715
9465	0	0.00010383214811487908
9466	0	2.9145467271322126e-05
9467	0	3.328056916504745e-05
9468	0	4.156049333187815e-05
9469	0	2.9145467271322126e-05
9470	0	0.0024933115241673577
9471	0	3.829067338316063e-05
9472	0	2.9145467271322126e-05
9473	0	2.9145467271322126e-05
9474	0	4.1558305014235295e-05
9475	0	4.184061361212388e-05
9476	0	5.395607863367405e-05
9477	0	0.00010662907721214141
9478	0	0.00014611873731455635
9479	0	3.852938856010335e-05
9480	0	0.000440683385091732
9481	0	2.9145467271322126e-05
9482	0	3.61787649543587e-05
9483	0	2.9145467271322126e-05
9484	0	0.0007987963741532218
9485	0	6.766098776716369e-05
9486	0	0.00010062522359434151
9487	0	0.00021474101424356857
9488	0	5.39886095432234e-05
9489	0	5.9303826655839e-05
9490	0	7.706272275836424e-05
9491	0	2.9145467271322126e-05
9492	0	6.665958970023214e-05
9493	0	2.9145467271322126e-05
9494	0	5.31844470237666e-05
9495	0	5.394082464574762e-05
9496	0	0
9497	0	2.9145467271322126e-05
9498	0	3.1306596394364065e-05
9499	0	0.00018494543267993336
9500	0	2.9160632681690314e-05
9501	0	2.9145467271322126e-05
9502	0	2.9145467271322126e-05
9503	0	0.00018606681790962312
9504	0	2.9145467271322126e-05
9505	0	0
9506	0	2.9145467271322126e-05
9507	0	0.0006719516116188228
9508	0	5.5327668799392014e-05
9509	0	2.9145467271322126e-05
9510	0	4.486289184947869e-05
9511	0	0.00013176879165745778
9512	0	2.9145467271322126e-05
9513	0	7.021860544402781e-05
9514	0	2.9145467271322126e-05
9515	0	3.7415671058772766e-05
9516	0	0.0006690107995834275
9517	0	2.9145467271322126e-05
9518	0	2.9145467271322126e-05
9519	0	3.884780297520957e-05
9520	0	5.395607863367405e-05
9521	0	0.00014508939441747746
9522	0	5.5690962927905866e-05
9523	0	5.3980185937698006e-05
9524	0	2.9145467271322126e-05
9525	0	3.534812011191011e-05
9526	0	2.9145467271322126e-05
9527	0	0
9528	0	2.9145467271322126e-05
9529	0	4.45340536521579e-05
9530	0	5.394079645852016e-05
9531	0	4.7753425793086074e-05
9532	0	0.00011515945558720917
9533	0	0.0002771077090702976
9534	0	5.387038594068849e-05
9535	0	5.395607863367405e-05
9536	0	2.9145467271322126e-05
9537	0	0
9538	0	8.671222418189795e-05
9539	0	4.8993956361203667e-05
9540	0	2.9145467271322126e-05
9541	0	0
9542	0	2.9145467271322126e-05
9543	0	8.455238243885939e-05
9544	0	2.917592842707701e-05
9545	0	0.0001349131851282448
9546	0	2.9145467271322126e-05
9547	0	0.00024251700021907333
9548	0	2.9145467271322126e-05
9549	0	0.00011291383067050704
9550	0	2.9145467271322126e-05
9551	0	2.9145467271322126e-05
9552	0	8.372881226849637e-05
9553	0	2.9145467271322126e-05
9554	0	0
9555	0	9.643910852051982e-05
9556	0	0
9557	0	3.738339647060017e-05
9558	0	2.9145467271322126e-05
9559	0	5.402486960787651e-05
9560	0	0
9561	0	5.249475710230346e-05
9562	0	0.00011504853951582327
9563	0	0
9564	0	7.2677503045416e-05
9565	0	5.930955605160471e-05
9566	0	2.9145467271322126e-05
9567	0	6.244652064236588e-05
9568	0	0
9569	0	2.9145467271322126e-05
9570	0	6.258858397871519e-05
9571	0	2.9145467271322126e-05
9572	0	2.9145467271322126e-05
9573	0	4.0791322835704556e-05
9574	0	0
9575	0	2.9145467271322126e-05
9576	0	7.84539230970654e-05
9577	0	2.92067969461837e-05
9578	0	0.00019632488697040866
9579	0	2.9145467271322126e-05
9580	0	2.9145467271322126e-05
9581	0	0
9582	0	0.00011195147867673891
9583	0	0
9584	0	2.9145467271322126e-05
9585	0	0
9586	0	0
9587	0	0.00011318750761206828
9588	0	0.0003000202229136035
9589	0	4.669948297432151e-05
9590	0	4.155840698676343e-05
9591	0	2.9145467271322126e-05
9592	0	0
9593	0	2.9145467271322126e-05
9594	0	0
9595	0	0
9596	0	3.009972155448951e-05
9597	0	2.9145467271322126e-05
9598	0	0
9599	0	6.336244943961669e-05
9600	0	4.2852513654074206e-05
9601	0	0
9602	0	2.9145467271322126e-05
9603	0	2.918789001995005e-05
9604	0	2.9145467271322126e-05
9605	0	5.395607863367405e-05
9606	0	2.9145467271322126e-05
9607	0	0
9608	0	2.9179999381149416e-05
9609	0	2.9145467271322126e-05
9610	0	2.9145467271322126e-05
9611	0	2.9145467271322126e-05
9612	0	2.9145467271322126e-05
9613	0	2.9145467271322126e-05
9614	0	2.9145467271322126e-05
9615	0	0.00012874567298781894
9616	0	4.068119259885304e-05
9617	0	2.9145467271322126e-05
9618	0	2.9145467271322126e-05
9619	0	2.9145467271322126e-05
9620	0	7.382717240872946e-05
9621	0	0.00012318559085967853
9622	0	2.9145467271322126e-05
9623	0	0
9624	0	2.9145467271322126e-05
9625	0	2.9145467271322126e-05
9626	0	0.00015601751759681563
9627	0	2.9145467271322126e-05
9628	0	2.9145467271322126e-05
9629	0	3.993094230186707e-05
9630	0	0.0002673425563398359
9631	0	5.395607863367405e-05
9632	0	2.9145467271322126e-05
9633	0	7.434727997722283e-05
9634	0	0
9635	0	0.00034868030560725963
9636	0	2.915279684631839e-05
9637	0	0
9638	0	0.00017393913936810984
9639	0	2.917214684489361e-05
9640	0	5.395607863367405e-05
9641	0	4.7821221350732836e-05
9642	0	3.417267794990738e-05
9643	0	3.8283293400414735e-05
9644	0	0
9645	0	5.395607863367405e-05
9646	0	2.9145467271322126e-05
9647	0	2.9145467271322126e-05
9648	0	0.00018067681035485475
9649	0	0.00013821870632754917
9650	0	0
9651	0	4.0589324938041874e-05
9652	0	0.0002918789753251855
9653	0	2.9145467271322126e-05
9654	0	5.395607863367405e-05
9655	0	4.630180720774995e-05
9656	0	0
9657	0	2.9145467271322126e-05
9658	0	3.2184049667474623e-05
9659	0	2.9153108358899073e-05
9660	0	2.9145467271322126e-05
9661	0	3.324829879850083e-05
9662	0	9.607436835389864e-05
9663	0	4.378361691423641e-05
9664	0	2.9145467271322126e-05
9665	0	2.9145467271322126e-05
9666	0	0
9667	0	5.4113627295460776e-05
9668	0	6.15219719170467e-05
9669	0	3.19835224990376e-05
9670	0	2.9145467271322126e-05
9671	0	2.9145467271322126e-05
9672	0	2.9166126850494323e-05
9673	0	0
9674	0	0
9675	0	5.034292307148124e-05
9676	0	0.00034537083043481044
9677	0	0.00012727960867358077
9678	0	2.9170483011756033e-05
9679	0	2.9153108358899073e-05
9680	0	2.9145467271322126e-05
9681	0	4.059414306590386e-05
9682	0	2.9145467271322126e-05
9683	0	2.9145467271322126e-05
9684	0	0
9685	0	0
9686	0	2.9145467271322126e-05
9687	0	0
9688	0	4.2658590314321294e-05
9689	0	0.00010444952085482553
9690	0	5.395607863367405e-05
9691	0	0
9692	0	0
9693	0	4.00713802303922e-05
9694	0	2.927610499076338e-05
9695	0	4.465722473594655e-05
9696	0	8.303082201069219e-05
9697	0	2.9145467271322126e-05
9698	0	0.00011039280528099172
9699	0	3.7610369167617415e-05
9700	0	0.00011592993732726249
9701	0	7.245234053069902e-05
9702	0	5.085475221338006e-05
9703	0	6.428348835682942e-05
9704	0	7.875140546687098e-05
9705	0	2.9145467271322126e-05
9706	0	2.9145467271322126e-05
9707	0	0.00013905798285668896
9708	0	0.00014467889611943565
9709	0	5.341407669789222e-05
9710	0	5.395607863367405e-05
9711	0	0.0006010198050118722
9712	0	6.414645410382207e-05
9713	0	0
9714	0	2.9145467271322126e-05
9715	0	4.274093253397706e-05
9716	0	2.9145467271322126e-05
9717	0	0.00018304012456108032
9718	0	5.413022255922683e-05
9719	0	2.9153110712900175e-05
9720	0	0.0001861912509783373
9721	0	0
9722	0	2.9145467271322126e-05
9723	0	0
9724	0	2.9145467271322126e-05
9725	0	5.3978952583915926e-05
9726	0	0
9727	0	0
9728	0	0
9729	0	7.240853232144405e-05
9730	0	7.28207982070084e-05
9731	0	2.9145467271322126e-05
9732	0	6.093871242877184e-05
9733	0	3.651601419582615e-05
9734	0	3.970816906010965e-05
9735	0	4.6356949247152895e-05
9736	0	4.02676612633931e-05
9737	0	4.4882282640460375e-05
9738	0	0.0002592589639171219
9739	0	7.324007452109932e-05
9740	0	5.395607863367405e-05
9741	0	0.00010237162220633634
9742	0	0.00021450400685827308
9743	0	0.00016051952137871724
9744	0	0.0001366656830258268
9745	0	9.537399351731762e-05
9746	0	5.395607863367405e-05
9747	0	2.9145467271322126e-05
9748	0	2.9145467271322126e-05
9749	0	9.645664193349479e-05
9750	0	5.389877047684694e-05
9751	0	2.9145467271322126e-05
9752	0	0
9753	0	0
9754	0	0.00015252713032276588
9755	0	0.00011790769866633271
9756	0	2.918787591397532e-05
9757	0	2.917852463394662e-05
9758	0	5.395607863367405e-05
9759	0	3.778373307697549e-05
9760	0	0
9761	0	2.9145467271322126e-05
9762	0	0.00022813011809736479
9763	0	0.0001436807065850574
9764	0	0
9765	0	0
9766	0	5.512877677406882e-05
9767	0	5.395607863367405e-05
9768	0	0.0002469866658546186
9769	0	0.0001049164898351155
9770	0	0.00012897166028313857
9771	0	0
9772	0	3.328056916504745e-05
9773	0	5.950034639948576e-05
9774	0	2.9987755718597868e-05
9775	0	3.0288406305929187e-05
9776	0	0.00010126633093127749
9777	0	2.9145467271322126e-05
9778	0	4.362067183293595e-05
9779	0	2.9145467271322126e-05
9780	0	0.00010767723813405718
9781	0	2.9167455996310915e-05
9782	0	0.00020142384515820476
9783	0	4.367806135445396e-05
9784	0	2.9145467271322126e-05
9785	0	2.9145467271322126e-05
9786	0	5.413634627375818e-05
9787	0	0.00023740645601256642
9788	0	4.4862923979271e-05
9789	0	0
9790	0	0.00018494543267993336
9791	0	0
9792	0	6.604910964359667e-05
9793	0	2.9145467271322126e-05
9794	0	0.00014999513790269817
9795	0	2.9145467271322126e-05
9796	0	2.9187206764172654e-05
9797	0	8.346240537562792e-05
9798	0	5.395607863367405e-05
9799	0	0.00010431943462437555
9800	0	2.9145467271322126e-05
9801	0	5.395607863367405e-05
9802	0	5.398663827887866e-05
9803	0	0.00010253946680537201
9804	0	0
9805	0	2.9145467271322126e-05
9806	0	4.377839857092986e-05
9807	0	0
9808	0	0.00012777433987079328
9809	0	2.9145467271322126e-05
9810	0	5.412389688950532e-05
9811	0	0
9812	0	7.282595631890392e-05
9813	0	0
9814	0	5.086257644265717e-05
9815	0	7.286336206137009e-05
9816	0	7.080789711820321e-05
9817	0	0.0002446811331494772
9818	0	0.00018245424007733564
9819	0	0.0006103808359233726
9820	0	4.892160201315428e-05
9821	0	0
9822	0	0.0001740239998177931
9823	0	2.9145467271322126e-05
9824	0	2.925482063537184e-05
9825	0	5.379738839366788e-05
9826	0	2.9145467271322126e-05
9827	0	2.9145467271322126e-05
9828	0	2.9145467271322126e-05
9829	0	5.4522329400328666e-05
9830	0	0
9831	0	2.9145467271322126e-05
9832	0	2.9160126421314652e-05
9833	0	3.325891941691276e-05
9834	0	3.882257661755766e-05
9835	0	2.9145467271322126e-05
9836	0	3.96550485463614e-05
9837	0	0.0002495174140590035
9838	0	2.9283197534301766e-05
9839	0	5.84407587420193e-05
9840	0	5.3948435192096e-05
9841	0	2.9145467271322126e-05
9842	0	8.287216851552249e-05
9843	0	0.00012713016743782086
9844	0	7.112251214400501e-05
9845	0	0.0006031788847309666
9846	0	0.0060228238835910415
9847	0	5.325085881972858e-05
9848	0	2.9145467271322126e-05
9849	0	0.00013025968357405045
9850	0	0.0002530241336047033
9851	0	0
9852	0	0.00014251590435419083
9853	0	2.9145467271322126e-05
9854	0	0.00015510801253883625
9855	0	3.4458775748808473e-05
9856	0	0
9857	0	2.9145467271322126e-05
9858	0	0
9859	0	2.9145467271322126e-05
9860	0	0.0004496989758827343
9861	0	0.0006816510063817195
9862	0	0.00015036365618850453
9863	0	8.116348940435631e-05
9864	0	4.1798743747187015e-05
9865	0	2.9159599137888055e-05
9866	0	2.9145467271322126e-05
9867	0	2.9145467271322126e-05
9868	0	0.0001080630931626991
9869	0	2.9145467271322126e-05
9870	0	4.396376413316321e-05
9871	0	2.9145467271322126e-05
9872	0	2.9145467271322126e-05
9873	0	5.395607863367405e-05
9874	0	4.367806135445396e-05
9875	0	2.9145467271322126e-05
9876	0	0.00015713830360061868
9877	0	2.9145467271322126e-05
9878	0	2.9145467271322126e-05
9879	0	2.9145467271322126e-05
9880	0	2.9145467271322126e-05
9881	0	0
9882	0	2.9153110712900175e-05
9883	0	2.9145467271322126e-05
9884	0	2.915298108457541e-05
9885	0	0.00016495432983300944
9886	0	2.9145467271322126e-05
9887	0	0
9888	0	0
9889	0	2.9145467271322126e-05
9890	0	0
9891	0	2.9145467271322126e-05
9892	0	2.9145467271322126e-05
9893	0	8.119992612753202e-05
9894	0	5.3997562743992476e-05
9895	0	5.356643981702074e-05
9896	0	8.118525363134745e-05
9897	0	0
9898	0	2.9145467271322126e-05
9899	0	3.497839828771183e-05
9900	0	0.0001294362473710709
9901	0	2.9145467271322126e-05
9902	0	2.927957946584124e-05
9903	0	5.6036986896134906e-05
9904	0	5.456107826605235e-05
9905	0	5.397615978897517e-05
9906	0	3.914369884381129e-05
9907	0	9.545989515388986e-05
9908	0	0.0002310484300745839
9909	0	3.0232939356604862e-05
9910	0	6.0876063895960074e-05
9911	0	0
9912	0	5.413004688139916e-05
9913	0	0
9914	0	2.9145467271322126e-05
9915	0	2.9145467271322126e-05
9916	0	0.0001474169281705107
9917	0	0.0001138114446026916
9918	0	2.9145467271322126e-05
9919	0	7.518508229323358e-05
9920	0	2.9145467271322126e-05
9921	0	5.395607863367405e-05
9922	0	2.9145467271322126e-05
9923	0	2.918369122976123e-05
9924	0	0
9925	0	7.876668999602598e-05
9926	0	0
9927	0	2.9145467271322126e-05
9928	0	2.9145467271322126e-05
9929	0	2.9153113068352123e-05
9930	0	0
9931	0	0.0001517312191239309
9932	0	0.00010979612901867568
9933	0	5.395607863367405e-05
9934	0	0.00011977662845718136
9935	0	0.0022275005387691767
9936	0	7.880249058963154e-05
9937	0	0.00015115982887515077
9938	0	0
9939	0	0
9940	0	2.9190998317418346e-05
9941	0	5.887348295904714e-05
9942	0	2.9145467271322126e-05
9943	0	0.00029888416116725567
9944	0	5.3699327108593334e-05
9945	0	3.7415671058772766e-05
9946	0	5.100189573069497e-05
9947	0	0.0003016283724169295
9948	0	2.9145467271322126e-05
9949	0	6.699958675468772e-05
9950	0	2.9145467271322126e-05
9951	0	5.395607863367405e-05
9952	0	2.9145467271322126e-05
9953	0	0
9954	0	2.9145467271322126e-05
9955	0	2.9190687732440492e-05
9956	0	0.00013529932437150307
9957	0	2.9145467271322126e-05
9958	0	2.9145467271322126e-05
9959	0	7.785156793224553e-05
9960	0	5.395607863367405e-05
9961	0	3.263157030868575e-05
9962	0	2.9145467271322126e-05
9963	0	0
9964	0	0.0001136805806481001
9965	0	8.92565654001751e-05
9966	0	5.395607863367405e-05
9967	0	2.9145467271322126e-05
9968	0	5.651218348265779e-05
9969	0	0.00011707923430843329
9970	0	2.9145467271322126e-05
9971	0	2.945053775973427e-05
9972	0	2.9145467271322126e-05
9973	0	4.369853221542978e-05
9974	0	0
9975	0	0.0017699986506102498
9976	0	4.2422056534863266e-05
9977	0	5.730361909864601e-05
9978	0	0.00022722467959741455
9979	0	0
9980	0	2.9145467271322126e-05
9981	0	3.5025049998908216e-05
9982	0	0.00015338211630298816
9983	0	0
9984	0	0
9985	0	2.922184731245516e-05
9986	0	2.9145467271322126e-05
9987	0	0.00025517030585712314
9988	0	2.9145467271322126e-05
9989	0	5.8236953167724195e-05
9990	0	2.9145467271322126e-05
9991	0	5.395607863367405e-05
9992	0	7.878196511786828e-05
9993	0	3.84494465322041e-05
9994	0	4.1307911061239135e-05
9995	0	0.0004556323551216494
9996	0	5.395607863367405e-05
9997	0	0.0005866202217993738
9998	0	0.00011106360076324578
9999	0	2.9145467271322126e-05
10000	0	2.9145467271322126e-05
10001	0	2.9189226066738776e-05
10002	0	3.985438419406998e-05
10003	0	2.9145467271322126e-05
10004	0	2.9145467271322126e-05
10005	0	0
10006	0	2.9145467271322126e-05
10007	0	0
10008	0	0
10009	0	2.9293930715665347e-05
10010	0	0
10011	0	2.9244940576318965e-05
10012	0	5.3923384996653656e-05
10013	0	2.9145467271322126e-05
10014	0	2.9145467271322126e-05
10015	0	8.114189520255767e-05
10016	0	3.490136848414549e-05
10017	0	3.148926916897964e-05
10018	0	7.986681818079183e-05
10019	0	0
10020	0	2.9145467271322126e-05
10021	0	4.929673850999252e-05
10022	0	3.647426392297179e-05
10023	0	0
10024	0	2.9145467271322126e-05
10025	0	5.395607863367405e-05
10026	0	5.529674971845128e-05
10027	0	0.0001451320253057832
10028	0	5.488572091202519e-05
10029	0	0
10030	0	0
10031	0	6.747407580244196e-05
10032	0	2.9145467271322126e-05
10033	0	0.00025455279171768746
10034	0	2.9442976206587653e-05
10035	0	3.647488582956574e-05
10036	0	5.395607863367405e-05
10037	0	5.392553309798633e-05
10038	0	2.9145467271322126e-05
10039	0	0.0002924201937230411
10040	0	2.9145467271322126e-05
10041	0	2.9145467271322126e-05
10042	0	0.00031282357620951586
10043	0	2.9145467271322126e-05
10044	0	0
10045	0	2.9145467271322126e-05
10046	0	2.9145467271322126e-05
10047	0	2.9145467271322126e-05
10048	0	2.9145467271322126e-05
10049	0	0.0001735344676126845
10050	0	2.9145467271322126e-05
10051	0	3.779443846516834e-05
10052	0	9.038385082072368e-05
10053	0	2.9145467271322126e-05
10054	0	4.9976866838989095e-05
10055	0	2.9145467271322126e-05
10056	0	3.724765544952137e-05
10057	0	0
10058	0	2.9145467271322126e-05
10059	0	2.9145467271322126e-05
10060	0	4.546493955518545e-05
10061	0	5.250854617762457e-05
10062	0	6.212015985213033e-05
10063	0	0
10064	0	2.9145467271322126e-05
10065	0	2.9145467271322126e-05
10066	0	3.7878739916490645e-05
10067	0	2.9145467271322126e-05
10068	0	2.9207198530058116e-05
10069	0	5.249475710230346e-05
10070	0	2.9145467271322126e-05
10071	0	2.9145467271322126e-05
10072	0	0.00013170031597060813
10073	0	2.9145467271322126e-05
10074	0	3.96550485463614e-05
10075	0	5.249475710230346e-05
10076	0	2.9145467271322126e-05
10077	0	2.9145467271322126e-05
10078	0	2.9145467271322126e-05
10079	0	2.9145467271322126e-05
10080	0	2.9153080223565865e-05
10081	0	0
10082	0	0.0001562762560856853
10083	0	2.919877429389317e-05
10084	0	8.684809182190062e-05
10085	0	5.544629396181675e-05
10086	0	0
10087	0	3.537034746462594e-05
10088	0	5.381816986292623e-05
10089	0	0.00010140299045935473
10090	0	7.811912274447141e-05
10091	0	3.912489623512051e-05
10092	0	0.00022349742597482428
10093	0	0
10094	0	2.9145467271322126e-05
10095	0	2.9145467271322126e-05
10096	0	0
10097	0	0
10098	0	2.9145467271322126e-05
10099	0	2.9145467271322126e-05
10100	0	2.9145467271322126e-05
10101	0	0.000105778598017955
10102	0	2.9145467271322126e-05
10103	0	2.9145467271322126e-05
10104	0	0
10105	0	0
10106	0	3.535576119948706e-05
10107	0	4.5139633936465147e-05
10108	0	0.00011061769258437408
10109	0	2.9920798876395623e-05
10110	0	0
10111	0	0
10112	0	2.9145467271322126e-05
10113	0	0
10114	0	9.829994535722822e-05
10115	0	0.0002618484777998572
10116	0	0
10117	0	5.395607863367405e-05
10118	0	0
10119	0	7.453925635140541e-05
10120	0	2.9173036061339597e-05
10121	0	2.9159626021840462e-05
10122	0	0.00011867431084013631
10123	0	2.9145467271322126e-05
10124	0	0
10125	0	0.00012179687735785794
10126	0	6.075101479995797e-05
10127	0	0
10128	0	2.9145467271322126e-05
10129	0	0.00015980143875781081
10130	0	2.9145467271322126e-05
10131	0	0
10132	0	2.9145467271322126e-05
10133	0	0.00018666550842124621
10134	0	2.9145467271322126e-05
10135	0	0.00026856979072392343
10136	0	0
10137	0	2.9145467271322126e-05
10138	0	2.9145467271322126e-05
10139	0	0.00010773060092045012
10140	0	0.0010210005086645798
10141	0	2.9145467271322126e-05
10142	0	2.9659851200446145e-05
10143	0	9.876660274009085e-05
10144	0	0.00016347330849421157
10145	0	8.573007298105117e-05
10146	0	2.9145467271322126e-05
10147	0	0
10148	0	2.9145467271322126e-05
10149	0	0
10150	0	0.00012145847946481125
10151	0	2.9145467271322126e-05
10152	0	2.9183438822228695e-05
10153	0	0.00038838279055550295
10154	0	2.9145467271322126e-05
10155	0	0
10156	0	2.9185321771875853e-05
10157	0	5.616850334253795e-05
10158	0	0
10159	0	0.00015816580231264591
10160	0	0.00014769490709231825
10161	0	2.9145467271322126e-05
10162	0	0.00016332648453527878
10163	0	0.00014967182333337702
10164	0	0.0001090090888133441
10165	0	2.9160744741372835e-05
10166	0	0.00015766844356515108
10167	0	0
10168	0	2.9145467271322126e-05
10169	0	5.395607863367405e-05
10170	0	8.251814386601395e-05
10171	0	0
10172	0	2.9145467271322126e-05
10173	0	2.9145467271322126e-05
10174	0	0.0001230415494618342
10175	0	2.9145467271322126e-05
10176	0	2.9145467271322126e-05
10177	0	0
10178	0	0.00033559601690193375
10179	0	0
10180	0	3.534812011191011e-05
10181	0	5.474549168466615e-05
10182	0	3.225443007553805e-05
10183	0	2.9145467271322126e-05
10184	0	4.1550772952498096e-05
10185	0	3.526485963685673e-05
10186	0	0.00010166376816647904
10187	0	2.9145467271322126e-05
10188	0	2.9145467271322126e-05
10189	0	5.8368020950688335e-05
10190	0	4.9291800683175895e-05
10191	0	4.170720766972583e-05
10192	0	2.9145467271322126e-05
10193	0	5.413634627375818e-05
10194	0	5.713377492900522e-05
10195	0	0
10196	0	2.9145467271322126e-05
10197	0	9.989983480658973e-05
10198	0	2.9145467271322126e-05
10199	0	2.9145467271322126e-05
10200	0	2.9145467271322126e-05
10201	0	7.509466365884545e-05
10202	0	2.9221925241622132e-05
10203	0	4.7967310373796004e-05
10204	0	2.9145467271322126e-05
10205	0	5.395607863367405e-05
10206	0	2.9145467271322126e-05
10207	0	0.0001072422847941997
10208	0	0
10209	0	5.6527113297426626e-05
10210	0	5.571605459116262e-05
10211	0	0
10212	0	2.9145467271322126e-05
10213	0	2.9145467271322126e-05
10214	0	2.9145467271322126e-05
10215	0	0
10216	0	2.9145467271322126e-05
10217	0	2.9145467271322126e-05
10218	0	3.2254401974769246e-05
10219	0	0.00016178720030903055
10220	0	2.9292411821371587e-05
10221	0	2.9145467271322126e-05
10222	0	2.9145467271322126e-05
10223	0	2.9145467271322126e-05
10224	0	2.9145467271322126e-05
10225	0	0
10226	0	0
10227	0	0.00016481066731062875
10228	0	2.9420577169256615e-05
10229	0	2.9145467271322126e-05
10230	0	0.0018613092156291036
10231	0	0.000242412821176871
10232	0	0.0001523698194633874
10233	0	2.9145467271322126e-05
10234	0	2.9145467271322126e-05
10235	0	0
10236	0	4.69274542448216e-05
10237	0	5.395607863367405e-05
10238	0	6.543262193100693e-05
10239	0	2.9145467271322126e-05
10240	0	0.0002058715243209425
10241	0	7.867804444329406e-05
10242	0	0.0001081513384362299
10243	0	7.616021258562243e-05
10244	0	5.0433643251123356e-05
10245	0	2.9145467271322126e-05
10246	0	5.041981906350638e-05
10247	0	2.9145467271322126e-05
10248	0	9.236625171627432e-05
10249	0	3.535575179796435e-05
10250	0	2.9160754154478228e-05
10251	0	4.144206820642446e-05
10252	0	2.9187019660059446e-05
10253	0	5.395607863367405e-05
10254	0	4.802829333852529e-05
10255	0	2.9145467271322126e-05
10256	0	4.6677266305440834e-05
10257	0	0
10258	0	2.9145467271322126e-05
10259	0	2.9145467271322126e-05
10260	0	0
10261	0	2.9153098957376368e-05
10262	0	0.00018508086662075054
10263	0	2.9145467271322126e-05
10264	0	0.0004029269889856682
10265	0	3.826776149609964e-05
10266	0	0
10267	0	0.0002803700765270215
10268	0	0
10269	0	2.9145467271322126e-05
10270	0	0.00021462706970988405
10271	0	0
10272	0	4.2163879774927886e-05
10273	0	4.0162375877617286e-05
10274	0	0
10275	0	0
10276	0	2.9153110712900175e-05
10277	0	0.00019912391182259266
10278	0	2.9145467271322126e-05
10279	0	3.688810197868582e-05
10280	0	5.395607863367405e-05
10281	0	2.9145467271322126e-05
10282	0	2.9145467271322126e-05
10283	0	0.0002581506700009124
10284	0	2.9145467271322126e-05
10285	0	7.108870817260042e-05
10286	0	2.9145467271322126e-05
10287	0	2.9145467271322126e-05
10288	0	5.3963719721251006e-05
10289	0	5.395607863367405e-05
10290	0	5.395607863367405e-05
10291	0	0
10292	0	7.509466365884545e-05
10293	0	2.9145467271322126e-05
10294	0	2.9145467271322126e-05
10295	0	0
10296	0	5.2725064974241605e-05
10297	0	0
10298	0	0
10299	0	6.49779334759587e-05
10300	0	3.981680026017051e-05
10301	0	4.212315036524634e-05
10302	0	0.00024875457226311446
10303	0	2.9145467271322126e-05
10304	0	0.0005273380339641698
10305	0	0
10306	0	4.2744116972510124e-05
10307	0	0.00023093035782547033
10308	0	0.00014219475665923348
10309	0	5.757645495129414e-05
10310	0	5.3992138516293095e-05
10311	0	2.9145467271322126e-05
10312	0	3.1702858036741155e-05
10313	0	2.9145467271322126e-05
10314	0	5.757336404613349e-05
10315	0	6.738617360905834e-05
10316	0	2.9145467271322126e-05
10317	0	2.9145467271322126e-05
10318	0	2.9145467271322126e-05
10319	0	5.894911630379765e-05
10320	0	8.944390229764553e-05
10321	0	2.9145467271322126e-05
10322	0	2.9145467271322126e-05
10323	0	7.888385198164354e-05
10324	0	2.9145467271322126e-05
10325	0	2.9145467271322126e-05
10326	0	2.9145467271322126e-05
10327	0	2.9145467271322126e-05
10328	0	9.20588852436627e-05
10329	0	5.4576343917732855e-05
10330	0	2.9191159004954452e-05
10331	0	0
10332	0	0.0002758073099338634
10333	0	6.272817565850255e-05
10334	0	2.9145467271322126e-05
10335	0	0.0001389957219821792
10336	0	2.9145467271322126e-05
10337	0	2.9145467271322126e-05
10338	0	2.9145467271322126e-05
10339	0	2.9153108358899073e-05
10340	0	2.9145467271322126e-05
10341	0	4.157890111658513e-05
10342	0	7.726116855975854e-05
10343	0	0
10344	0	2.91966017927669e-05
10345	0	0
10346	0	0.00020349936516780398
10347	0	0
10348	0	3.9897978597867834e-05
10349	0	7.920978240108887e-05
10350	0	2.9145467271322126e-05
10351	0	2.9221819376720127e-05
10352	0	4.751761056123592e-05
10353	0	2.9145467271322126e-05
10354	0	4.1577633340351374e-05
10355	0	5.837834389466439e-05
10356	0	2.9145467271322126e-05
10357	0	2.9145467271322126e-05
10358	0	2.9145467271322126e-05
10359	0	9.581094853319966e-05
10360	0	0.00015337824925930874
10361	0	6.966166535149914e-05
10362	0	5.573185927980713e-05
10363	0	2.9145467271322126e-05
10364	0	2.9145467271322126e-05
10365	0	0
10366	0	0
10367	0	2.9145467271322126e-05
10368	0	2.9145467271322126e-05
10369	0	0.000322020364752416
10370	0	5.1594250830437266e-05
10371	0	0
10372	0	0
10373	0	2.9145467271322126e-05
10374	0	6.57532737853184e-05
10375	0	5.701196015175869e-05
10376	0	9.882607959218657e-05
10377	0	0
10378	0	4.206414307121636e-05
10379	0	0
10380	0	2.9145467271322126e-05
10381	0	7.82760117756751e-05
10382	0	6.128459577841237e-05
10383	0	2.9153101305587464e-05
10384	0	4.2827119591192365e-05
10385	0	2.9145467271322126e-05
10386	0	2.9242888813756023e-05
10387	0	2.917232765917541e-05
10388	0	4.911924541101064e-05
10389	0	0
10390	0	3.2162847802341976e-05
10391	0	0
10392	0	2.920653954544484e-05
10393	0	5.105045048588263e-05
10394	0	2.9145467271322126e-05
10395	0	0.00016772433150140923
10396	0	2.9168355289184076e-05
10397	0	0
10398	0	2.9145467271322126e-05
10399	0	2.9145467271322126e-05
10400	0	2.9145467271322126e-05
10401	0	0.00013146719761051134
10402	0	2.9145467271322126e-05
10403	0	2.9244466027525496e-05
10404	0	0
10405	0	0
10406	0	2.9145467271322126e-05
10407	0	7.330146363399398e-05
10408	0	0
10409	0	2.9145467271322126e-05
10410	0	0.0003541184766924466
10411	0	5.422499114549996e-05
10412	0	2.9256510135207554e-05
10413	0	0.0006986535245382812
10414	0	0.00012614082688867289
10415	0	2.9145467271322126e-05
10416	0	2.9145467271322126e-05
10417	0	2.9145467271322126e-05
10418	0	6.625055558896884e-05
10419	0	0.00019192461154830302
10420	0	2.9145467271322126e-05
10421	0	2.921223726017973e-05
10422	0	0.00025139979934737195
10423	0	3.722783940153371e-05
10424	0	5.395607863367405e-05
10425	0	0.0005934085267408863
10426	0	7.765931576693934e-05
10427	0	3.3933386296732126e-05
10428	0	0.00023194689476130852
10429	0	3.7415671058772766e-05
10430	0	2.9244359922435206e-05
10431	0	5.5538117997450775e-05
10432	0	6.091218082426348e-05
10433	0	0.0001069270323495564
10434	0	5.395607863367405e-05
10435	0	0.00010090610943978026
10436	0	5.765545459613307e-05
10437	0	0.0004474627505960216
10438	0	0.00015007482985613635
10439	0	0.0001248222004162257
10440	0	0.00013415082075817424
10441	0	2.9145467271322126e-05
10442	0	0
10443	0	2.9145467271322126e-05
10444	0	5.249475710230346e-05
10445	0	2.9145467271322126e-05
10446	0	4.8316261869174866e-05
10447	0	3.4185109609253056e-05
10448	0	2.9145467271322126e-05
10449	0	5.0520515340738207e-05
10450	0	7.962639872147836e-05
10451	0	5.322106084536906e-05
10452	0	4.345277217069951e-05
10453	0	7.470226374915548e-05
10454	0	2.9145467271322126e-05
10455	0	0
10456	0	6.629755767214203e-05
10457	0	0.0003733790186869637
10458	0	4.568587484622341e-05
10459	0	0.0001884299098991534
10460	0	0.00029114104259854456
10461	0	2.9145467271322126e-05
10462	0	3.190066275844777e-05
10463	0	7.875904655444793e-05
10464	0	0.0001805304874930464
10465	0	5.395607863367405e-05
10466	0	2.9145467271322126e-05
10467	0	4.1550772952498096e-05
10468	0	0.0005334910820700928
10469	0	0.00017070074257021197
10470	0	0.00012634484318520367
10471	0	0
10472	0	2.9145467271322126e-05
10473	0	2.9145467271322126e-05
10474	0	2.9145467271322126e-05
10475	0	0
10476	0	5.3971365516830164e-05
10477	0	4.449026979617719e-05
10478	0	0
10479	0	2.9145467271322126e-05
10480	0	2.9145467271322126e-05
10481	0	7.883032148506576e-05
10482	0	0.00020835371850032064
10483	0	0.00012081587954951395
10484	0	2.9145467271322126e-05
10485	0	5.3909564371181016e-05
10486	0	2.9145467271322126e-05
10487	0	2.9145467271322126e-05
10488	0	2.9145467271322126e-05
10489	0	6.167819327019687e-05
10490	0	2.9145467271322126e-05
10491	0	0
10492	0	0
10493	0	0.00010573076506206742
10494	0	5.403586264926947e-05
10495	0	5.607669279280023e-05
10496	0	0
10497	0	9.16485280610024e-05
10498	0	4.3751147905160004e-05
10499	0	0.0002965385602392483
10500	0	0
10501	0	4.367806135445396e-05
10502	0	2.9145467271322126e-05
10503	0	5.925178086177815e-05
10504	0	0.00011729407603338394
10505	0	5.7044210972785816e-05
10506	0	3.638189558534144e-05
10507	0	4.1568861999368185e-05
10508	0	0
10509	0	2.9145467271322126e-05
10510	0	0
10511	0	2.916005353646101e-05
10512	0	2.9145467271322126e-05
10513	0	5.543738540348237e-05
10514	0	0.0004168752567541125
10515	0	9.294547611206836e-05
10516	0	5.3906533634025737e-05
10517	0	0.00011628413846158058
10518	0	0
10519	0	8.173275197593978e-05
10520	0	3.842981255828606e-05
10521	0	0
10522	0	2.9145467271322126e-05
10523	0	4.295568905723481e-05
10524	0	2.9145467271322126e-05
10525	0	2.9145467271322126e-05
10526	0	7.876668999602598e-05
10527	0	2.9591877451467694e-05
10528	0	0
10529	0	3.7415671058772766e-05
10530	0	5.5286173739900314e-05
10531	0	8.572056537013604e-05
10532	0	0
10533	0	4.570107742671505e-05
10534	0	2.9145467271322126e-05
10535	0	0.0001863948715582619
10536	0	2.9160623417542255e-05
10537	0	6.714198766956531e-05
10538	0	4.4185622673557916e-05
10539	0	7.086694665381115e-05
10540	0	2.9145467271322126e-05
10541	0	3.621676323795538e-05
10542	0	2.9145467271322126e-05
10543	0	5.395607863367405e-05
10544	0	2.9145467271322126e-05
10545	0	0
10546	0	0.0001002804926006614
10547	0	3.130029908743624e-05
10548	0	2.9145467271322126e-05
10549	0	2.9145467271322126e-05
10550	0	0
10551	0	0.00013918131041798385
10552	0	2.9145467271322126e-05
10553	0	2.9145467271322126e-05
10554	0	0.00048673028017127946
10555	0	5.301177746080278e-05
10556	0	5.395607863367405e-05
10557	0	2.9145467271322126e-05
10558	0	4.342885862167772e-05
10559	0	0.00012598362165119504
10560	0	5.395607863367405e-05
10561	0	8.837555547698682e-05
10562	0	0
10563	0	0
10564	0	0
10565	0	0.00010357730135837791
10566	0	2.9240539519328394e-05
10567	0	6.553863107789164e-05
10568	0	2.9145467271322126e-05
10569	0	6.495718984290994e-05
10570	0	5.488572091202519e-05
10571	0	8.149629755057354e-05
10572	0	2.9145467271322126e-05
10573	0	0.0003488067624077575
10574	0	8.318778813738951e-05
10575	0	5.395607863367405e-05
10576	0	2.9145467271322126e-05
10577	0	2.9145467271322126e-05
10578	0	5.395607863367405e-05
10579	0	0
10580	0	0
10581	0	2.9145467271322126e-05
10582	0	0.0001981061700559732
10583	0	2.916074665372138e-05
10584	0	2.9145467271322126e-05
10585	0	0.00012160517932586358
10586	0	0.0005471165391191661
10587	0	0
10588	0	2.9145467271322126e-05
10589	0	5.543738540348237e-05
10590	0	7.894232746510942e-05
10591	0	0
10592	0	7.515581119146985e-05
10593	0	2.9145467271322126e-05
10594	0	2.9145467271322126e-05
10595	0	0
10596	0	0.0001870536780245891
10597	0	6.465975995329718e-05
10598	0	5.394079175051795e-05
10599	0	6.575385656661783e-05
10600	0	2.9458517117634624e-05
10601	0	5.3988889563061e-05
10602	0	0.00010887163358818331
10603	0	0.0002861862544772964
10604	0	7.585336362879524e-05
10605	0	2.9145467271322126e-05
10606	0	0
10607	0	7.932797277548935e-05
10608	0	2.9145467271322126e-05
10609	0	2.9269593410905206e-05
10610	0	5.393319061581211e-05
10611	0	9.98922946189713e-05
10612	0	2.9145467271322126e-05
10613	0	0
10614	0	0
10615	0	5.395607863367405e-05
10616	0	0.00015769989034183172
10617	0	2.9145467271322126e-05
10618	0	0.0001040925825204197
10619	0	5.396899558144379e-05
10620	0	4.545735916674598e-05
10621	0	0.00010005298606936236
10622	0	2.9145467271322126e-05
10623	0	4.436340969298556e-05
10624	0	3.510946994817061e-05
10625	0	5.395607863367405e-05
10626	0	6.371242391844535e-05
10627	0	3.0079625899200843e-05
10628	0	2.916825729719847e-05
10629	0	2.9145467271322126e-05
10630	0	4.1550772952498096e-05
10631	0	0
10632	0	2.9160595692884538e-05
10633	0	5.413634627375818e-05
10634	0	5.3487764698980934e-05
10635	0	2.9191285574853707e-05
10636	0	2.9145467271322126e-05
10637	0	0
10638	0	0.00010538728165317086
10639	0	2.9145467271322126e-05
10640	0	0
10641	0	4.0898646464624617e-05
10642	0	7.876668999602598e-05
10643	0	0.00022256563338237233
10644	0	0
10645	0	5.395607863367405e-05
10646	0	2.9145467271322126e-05
10647	0	2.9145467271322126e-05
10648	0	6.101581625031562e-05
10649	0	0.00033736891713460285
10650	0	3.1333492698981345e-05
10651	0	4.0516997479066755e-05
10652	0	2.916005353646101e-05
10653	0	0
10654	0	0
10655	0	0.00010962826580692496
10656	0	2.9697777177757764e-05
10657	0	5.39790018964049e-05
10658	0	4.111756670864103e-05
10659	0	0.00012481517246231403
10660	0	5.56432208088453e-05
10661	0	2.9145467271322126e-05
10662	0	4.367806135445396e-05
10663	0	2.9145467271322126e-05
10664	0	2.9145467271322126e-05
10665	0	4.155838590474183e-05
10666	0	7.169188882095184e-05
10667	0	0.00010089723958455077
10668	0	6.1238446396317e-05
10669	0	2.9145467271322126e-05
10670	0	7.916796628668677e-05
10671	0	3.522172603759162e-05
10672	0	5.395607863367405e-05
10673	0	4.4182696334222e-05
10674	0	2.9145467271322126e-05
10675	0	3.150757557782068e-05
10676	0	0.00014396575404813125
10677	0	2.9153103655244056e-05
10678	0	2.9160730643430617e-05
10679	0	0
10680	0	0.0003267012442796085
10681	0	5.5841068454033745e-05
10682	0	0.0005366188600246168
10683	0	0
10684	0	4.7787343729789066e-05
10685	0	4.367657814501261e-05
10686	0	2.9145467271322126e-05
10687	0	2.9145467271322126e-05
10688	0	5.488572091202519e-05
10689	0	2.9145467271322126e-05
10690	0	0
10691	0	0.000150406831106093
10692	0	0.0004830401961499904
10693	0	2.9145467271322126e-05
10694	0	0
10695	0	2.9145467271322126e-05
10696	0	6.549646934387123e-05
10697	0	8.06817834383306e-05
10698	0	0
10699	0	2.9145467271322126e-05
10700	0	0
10701	0	0
10702	0	2.9145467271322126e-05
10703	0	2.9145467271322126e-05
10704	0	0
10705	0	6.637112559827175e-05
10706	0	2.978470161086716e-05
10707	0	6.714805213550125e-05
10708	0	2.9145467271322126e-05
10709	0	0.00026744323512106186
10710	0	0
10711	0	2.9145467271322126e-05
10712	0	7.869799071056202e-05
10713	0	2.9145467271322126e-05
10714	0	2.9145467271322126e-05
10715	0	2.9145467271322126e-05
10716	0	2.9145467271322126e-05
10717	0	5.395607863367405e-05
10718	0	7.875904890844904e-05
10719	0	0.00010478424306942337
10720	0	2.917431527942355e-05
10721	0	0
10722	0	4.929673850999252e-05
10723	0	2.9145467271322126e-05
10724	0	2.917602602626815e-05
10725	0	0.00022549667232996917
10726	0	0.0003061597942588028
10727	0	6.887290002702485e-05
10728	0	0
10729	0	8.749086263966556e-05
10730	0	4.018285596995861e-05
10731	0	4.6449983921089374e-05
10732	0	0
10733	0	2.920210726686915e-05
10734	0	0.00022574106938398682
10735	0	0
10736	0	0
10737	0	5.395607863367405e-05
10738	0	2.9145467271322126e-05
10739	0	2.9145467271322126e-05
10740	0	0
10741	0	0
10742	0	5.395607863367405e-05
10743	0	2.9145467271322126e-05
10744	0	6.587466376438411e-05
10745	0	6.819733786006284e-05
10746	0	2.9145467271322126e-05
10747	0	5.3886572630227204e-05
10748	0	0
10749	0	2.9145467271322126e-05
10750	0	2.9145467271322126e-05
10751	0	3.941271856859334e-05
10752	0	3.098465817506716e-05
10753	0	2.9145467271322126e-05
10754	0	2.9145467271322126e-05
10755	0	2.9145467271322126e-05
10756	0	3.534812011191011e-05
10757	0	2.916074944647602e-05
10758	0	0.0003122596813137746
10759	0	2.9145467271322126e-05
10760	0	2.9145467271322126e-05
10761	0	2.9145467271322126e-05
10762	0	4.3768080205075124e-05
10763	0	7.370808226596144e-05
10764	0	2.927892286214933e-05
10765	0	2.9145467271322126e-05
10766	0	6.642308550158903e-05
10767	0	8.277490165081318e-05
10768	0	0.00010574124136077956
10769	0	0
10770	0	5.609476460368309e-05
10771	0	0
10772	0	2.9145467271322126e-05
10773	0	0.00010143115745796942
10774	0	2.9145467271322126e-05
10775	0	2.9558586836488204e-05
10776	0	4.1550772952498096e-05
10777	0	2.9145467271322126e-05
10778	0	5.394079175051795e-05
10779	0	2.9145467271322126e-05
10780	0	5.3558796375442694e-05
10781	0	0
10782	0	2.9145467271322126e-05
10783	0	2.9145467271322126e-05
10784	0	2.9145467271322126e-05
10785	0	3.0479254665788983e-05
10786	0	2.9145467271322126e-05
10787	0	2.9145467271322126e-05
10788	0	3.1625775703156605e-05
10789	0	0
10790	0	2.9145467271322126e-05
10791	0	0
10792	0	5.212767141583865e-05
10793	0	0.00012481585980198993
10794	0	2.9145467271322126e-05
10795	0	0.00021877453737773967
10796	0	4.768741052689351e-05
10797	0	2.9145467271322126e-05
10798	0	0
10799	0	0.000557516829356085
10800	0	0
10801	0	2.9145467271322126e-05
10802	0	2.9145467271322126e-05
10803	0	5.395607863367405e-05
10804	0	0.00011531346653442436
10805	0	3.105679217277523e-05
10806	0	7.67005654732856e-05
10807	0	5.395607863367405e-05
10808	0	0.00010442747814945068
10809	0	2.9145467271322126e-05
10810	0	6.0146282588461904e-05
10811	0	7.301649353757747e-05
10812	0	2.917377017488133e-05
10813	0	0
10814	0	2.9145467271322126e-05
10815	0	5.766224934426918e-05
10816	0	3.0325446693843737e-05
10817	0	0.0005348086006099756
10818	0	0
10819	0	7.876668999602598e-05
10820	0	2.9145467271322126e-05
10821	0	0
10822	0	5.9796780180069855e-05
10823	0	0
10824	0	2.9145467271322126e-05
10825	0	2.9145467271322126e-05
10826	0	2.9145467271322126e-05
10827	0	2.9145467271322126e-05
10828	0	0
10829	0	7.164808287244674e-05
10830	0	8.313936466557225e-05
10831	0	0.0015278322224859429
10832	0	9.282085007374583e-05
10833	0	0.00010698784899637663
10834	0	2.9187495622216957e-05
10835	0	2.9145467271322126e-05
10836	0	0.00048261362063710747
10837	0	2.9160144455264464e-05
10838	0	4.930260548049805e-05
10839	0	2.9145467271322126e-05
10840	0	5.395607863367405e-05
10841	0	4.017940928026737e-05
10842	0	0
10843	0	2.9168362329484862e-05
10844	0	7.541367866947613e-05
10845	0	2.9145467271322126e-05
10846	0	2.9145467271322126e-05
10847	0	0.00018494543267993336
10848	0	7.89469576361101e-05
10849	0	2.9145467271322126e-05
10850	0	4.2359580298771565e-05
10851	0	0
10852	0	5.3963719721251006e-05
10853	0	0.00017491382931936032
10854	0	4.23253643709084e-05
10855	0	2.9145467271322126e-05
10856	0	2.9145467271322126e-05
10857	0	0.00025795712056544224
10858	0	0
10859	0	2.9145467271322126e-05
10860	0	2.9145467271322126e-05
10861	0	0.0001898912458755363
10862	0	0
10863	0	2.9145467271322126e-05
10864	0	2.917854935316746e-05
10865	0	2.9145467271322126e-05
10866	0	2.9153113068352123e-05
10867	0	2.9145467271322126e-05
10868	0	2.9145467271322126e-05
10869	0	5.395607863367405e-05
10870	0	2.9145467271322126e-05
10871	0	3.7415671058772766e-05
10872	0	0
10873	0	5.332580622977433e-05
10874	0	2.9145467271322126e-05
10875	0	5.395607863367405e-05
10876	0	5.6921773623906255e-05
10877	0	2.9167006869314878e-05
10878	0	5.436333858342899e-05
10879	0	5.62968897490884e-05
10880	0	5.356478003453684e-05
10881	0	2.929275433716719e-05
10882	0	2.9145467271322126e-05
10883	0	0.000279482414473079
10884	0	2.9145467271322126e-05
10885	0	0
10886	0	2.9145467271322126e-05
10887	0	0
10888	0	2.9153108358899073e-05
10889	0	5.395607863367405e-05
10890	0	0.00029924175875994024
10891	0	2.9145467271322126e-05
10892	0	2.9145467271322126e-05
10893	0	2.9145467271322126e-05
10894	0	0.00012084344411922361
10895	0	0
10896	0	2.9145467271322126e-05
10897	0	0
10898	0	0
10899	0	2.9145467271322126e-05
10900	0	2.9145467271322126e-05
10901	0	6.018966394700436e-05
10902	0	2.915309192140275e-05
10903	0	0
10904	0	2.9145467271322126e-05
10905	0	2.9145467271322126e-05
10906	0	0.0002078768748713856
10907	0	0
10908	0	9.717575048294589e-05
10909	0	0
10910	0	5.3999690225507564e-05
10911	0	0
10912	0	2.9145467271322126e-05
10913	0	2.9145467271322126e-05
10914	0	2.9145467271322126e-05
10915	0	5.413634627375818e-05
10916	0	4.530598839036642e-05
10917	0	7.5199370289637e-05
10918	0	2.9145467271322126e-05
10919	0	3.8343082981994305e-05
10920	0	2.9145467271322126e-05
10921	0	0.00011364201601944735
10922	0	5.397561521872504e-05
10923	0	2.9145467271322126e-05
10924	0	5.398281773509019e-05
10925	0	0.00012898279716081957
10926	0	0
10927	0	2.9145467271322126e-05
10928	0	0
10929	0	0
10930	0	0.0001547982536260241
10931	0	5.249475710230346e-05
10932	0	2.9145467271322126e-05
10933	0	0
10934	0	5.8183795638708334e-05
10935	0	5.395607863367405e-05
10936	0	0.00012711936978424375
10937	0	0.00010953401304915671
10938	0	2.9145467271322126e-05
10939	0	2.9145467271322126e-05
10940	0	2.9145467271322126e-05
10941	0	2.9145467271322126e-05
10942	0	5.533014644240128e-05
10943	0	0.00011781502368321207
10944	0	6.717201222392817e-05
10945	0	2.9145467271322126e-05
10946	0	5.395607863367405e-05
10947	0	0.00022279900647363606
10948	0	2.9145467271322126e-05
10949	0	0
10950	0	7.431929461757127e-05
10951	0	0.0003900505825128344
10952	0	2.9244770826651735e-05
10953	0	5.3963707972961375e-05
10954	0	3.352381045291364e-05
10955	0	0
10956	0	0.00010465802964218323
10957	0	0.00016390926362384027
10958	0	2.9145467271322126e-05
10959	0	0.0003813796324043406
10960	0	0.00010357730135837791
10961	0	4.37738001846641e-05
10962	0	5.792295084038221e-05
10963	0	0.00011598260703955387
10964	0	2.9145467271322126e-05
10965	0	0.000210603065529247
10966	0	2.9145467271322126e-05
10967	0	0
10968	0	2.9145467271322126e-05
10969	0	2.9145467271322126e-05
10970	0	2.9145467271322126e-05
10971	0	5.395607863367405e-05
10972	0	2.9145467271322126e-05
10973	0	2.9145467271322126e-05
10974	0	2.9145467271322126e-05
10975	0	2.9145467271322126e-05
10976	0	0.00021887339380233692
10977	0	0
10978	0	5.370804883691108e-05
10979	0	2.9145467271322126e-05
10980	0	4.155077295249809e-05
10981	0	2.9145467271322126e-05
10982	0	2.9145467271322126e-05
10983	0	0.00016686714389002117
10984	0	0
10985	0	2.9145467271322126e-05
10986	0	0
10987	0	4.980855048843539e-05
10988	0	0.0001431507020812876
10989	0	2.9401355311018707e-05
10990	0	8.4491677945883e-05
10991	0	0
10992	0	0.00012467330676544188
10993	0	2.9145467271322126e-05
10994	0	0
10995	0	3.447145182285685e-05
10996	0	0
10997	0	8.871978123877547e-05
10998	0	8.910645517409982e-05
10999	0	6.848867271680588e-05
11000	0	0
11001	0	0
11002	0	4.202828699049258e-05
11003	0	0
11004	0	2.9145467271322126e-05
11005	0	2.9145467271322126e-05
11006	0	2.9145467271322126e-05
11007	0	0.00044939490855655116
11008	0	6.656288916766891e-05
11009	0	2.9145467271322126e-05
11010	0	2.9145467271322126e-05
11011	0	2.9145467271322126e-05
11012	0	2.9145467271322126e-05
11013	0	5.395607863367405e-05
11014	0	2.9145467271322126e-05
11015	0	4.237779333124315e-05
11016	0	8.74493963303973e-05
11017	0	0
11018	0	5.404588809000012e-05
11019	0	4.7799222954044835e-05
11020	0	2.9145467271322126e-05
11021	0	4.322234286786437e-05
11022	0	2.9145467271322126e-05
11023	0	4.2222340817110716e-05
11024	0	0.00016229144018926488
11025	0	4.444534427810581e-05
11026	0	2.9145467271322126e-05
11027	0	2.9145467271322126e-05
11028	0	0
11029	0	0.0005592892776736849
11030	0	7.861238778338566e-05
11031	0	2.9145467271322126e-05
11032	0	2.9145467271322126e-05
11033	0	5.395607863367405e-05
11034	0	2.9145467271322126e-05
11035	0	2.9145467271322126e-05
11036	0	0
11037	0	6.88424454510852e-05
11038	0	2.9145467271322126e-05
11039	0	2.9145467271322126e-05
11040	0	5.395607863367405e-05
11041	0	2.9145467271322126e-05
11042	0	5.451688541457576e-05
11043	0	3.534812011191011e-05
11044	0	0.00011047286058633121
11045	0	5.7159085867411075e-05
11046	0	2.9145467271322126e-05
11047	0	5.395607863367405e-05
11048	0	5.4714934594567716e-05
11049	0	2.9145467271322126e-05
11050	0	2.9145467271322126e-05
11051	0	0
11052	0	0.0004199106440929499
11053	0	2.9145467271322126e-05
11054	0	2.9145467271322126e-05
11055	0	0
11056	0	0
11057	0	0.0010535311837573703
11058	0	2.9160758865382126e-05
11059	0	7.528032918306457e-05
11060	0	6.852467472780874e-05
11061	0	4.929673850999252e-05
11062	0	3.1006263123498515e-05
11063	0	2.9145467271322126e-05
11064	0	2.9145467271322126e-05
11065	0	5.943763549459879e-05
11066	0	2.9156914800403492e-05
11067	0	7.937817860072522e-05
11068	0	2.9145467271322126e-05
11069	0	5.6054840691215836e-05
11070	0	5.395607863367405e-05
11071	0	7.445835700518168e-05
11072	0	0
11073	0	5.356478003453684e-05
11074	0	9.937654181514184e-05
11075	0	2.9145467271322126e-05
11076	0	2.9145467271322126e-05
11077	0	2.9145467271322126e-05
11078	0	2.9145467271322126e-05
11079	0	2.9145467271322126e-05
11080	0	2.9145467271322126e-05
11081	0	2.9145467271322126e-05
11082	0	5.085475221338006e-05
11083	0	3.758543601253601e-05
11084	0	2.9145467271322126e-05
11085	0	0
11086	0	2.9145467271322126e-05
11087	0	5.395607863367405e-05
11088	0	2.9145467271322126e-05
11089	0	4.321964772662888e-05
11090	0	5.907074905480483e-05
11091	0	6.4284855900616e-05
11092	0	3.205214618223246e-05
11093	0	2.9470113889790977e-05
11094	0	4.156053823661812e-05
11095	0	0
11096	0	2.9145467271322126e-05
11097	0	0
11098	0	3.217841584097711e-05
11099	0	0.00043533840556382104
11100	0	7.875140782087208e-05
11101	0	0
11102	0	0
11103	0	2.9145467271322126e-05
11104	0	5.395607863367405e-05
11105	0	7.111807888252224e-05
11106	0	2.9145467271322126e-05
11107	0	0.0001309719676126369
11108	0	4.211634519988417e-05
11109	0	2.9145467271322126e-05
11110	0	0
11111	0	5.3963724430704055e-05
11112	0	4.429957271144775e-05
11113	0	0.0002836066677320451
11114	0	0.0001052430851620017
11115	0	5.395607863367405e-05
11116	0	2.9145467271322126e-05
11117	0	5.25298288666715e-05
11118	0	2.9186702331542616e-05
11119	0	3.136967777944738e-05
11120	0	5.413634627375818e-05
11121	0	6.52730720965343e-05
11122	0	2.9145467271322126e-05
11123	0	2.92323542754874e-05
11124	0	3.07047742798185e-05
11125	0	2.9145467271322126e-05
11126	0	7.606726355703622e-05
11127	0	2.919060611091468e-05
11128	0	2.9145467271322126e-05
11129	0	0.00015195535025895604
11130	0	0
11131	0	5.223323235767078e-05
11132	0	2.922788145681073e-05
11133	0	0
11134	0	0
11135	0	0
11136	0	0.0003379113045519261
11137	0	2.976698769337573e-05
11138	0	2.9145467271322126e-05
11139	0	7.508050365995869e-05
11140	0	2.9145467271322126e-05
11141	0	0.0001917872446234004
11142	0	2.9145467271322126e-05
11143	0	0
11144	0	3.284083977912499e-05
11145	0	2.9145467271322126e-05
11146	0	2.9145467271322126e-05
11147	0	2.9145467271322126e-05
11148	0	0
11149	0	2.9145467271322126e-05
11150	0	2.9153059257663114e-05
11151	0	7.27861102640955e-05
11152	0	2.9167640310615558e-05
11153	0	2.9153113068352123e-05
11154	0	0
11155	0	3.328814571881991e-05
11156	0	2.9145467271322126e-05
11157	0	2.9145467271322126e-05
11158	0	2.9145467271322126e-05
11159	0	6.40103364200692e-05
11160	0	0
11161	0	2.9145467271322126e-05
11162	0	8.525910333140844e-05
11163	0	5.395607863367405e-05
11164	0	3.547595675295066e-05
11165	0	3.328056916504745e-05
11166	0	0.00012311418497960248
11167	0	5.395607863367405e-05
11168	0	0
11169	0	0.0005622017937584844
11170	0	5.395607863367405e-05
11171	0	0
11172	0	7.451726277669017e-05
11173	0	2.9145467271322126e-05
11174	0	0.00032874132287443077
11175	0	0.0001084209330140566
11176	0	2.916653675024514e-05
11177	0	9.745948400568735e-05
11178	0	0
11179	0	0
11180	0	0.00015319852408308176
11181	0	0.0002019997774728777
11182	0	2.920298944631365e-05
11183	0	0.0006921401587793444
11184	0	0.00012862249812737382
11185	0	4.170610474596879e-05
11186	0	0
11187	0	2.9186799807535632e-05
11188	0	0.00016202209048191363
11189	0	5.396682397891427e-05
11190	0	0.00019108414940173271
11191	0	2.9156817047791637e-05
11192	0	5.395607863367405e-05
11193	0	2.9145467271322126e-05
11194	0	2.9145467271322126e-05
11195	0	2.9145467271322126e-05
11196	0	2.9168243230345095e-05
11197	0	2.9145467271322126e-05
11198	0	5.395607863367405e-05
11199	0	8.367975047481848e-05
11200	0	0
11201	0	5.3967508583626e-05
11202	0	0.0006131966942029001
11203	0	7.571181857207733e-05
11204	0	2.9145467271322126e-05
11205	0	0
11206	0	3.550829955968862e-05
11207	0	5.454158376412008e-05
11208	0	9.261207791170115e-05
11209	0	0.00037272541068303995
11210	0	5.4078656332266584e-05
11211	0	4.7753425793086074e-05
11212	0	2.9145467271322126e-05
11213	0	0.00015908500530943895
11214	0	6.452537114625975e-05
11215	0	4.1550772952498096e-05
11216	0	2.9145467271322126e-05
11217	0	2.9145467271322126e-05
11218	0	2.9145467271322126e-05
11219	0	2.9145467271322126e-05
11220	0	7.552771686057876e-05
11221	0	2.9145467271322126e-05
11222	0	5.395607863367405e-05
11223	0	2.9236281066018918e-05
11224	0	4.9820976739948735e-05
11225	0	6.651876084497977e-05
11226	0	9.136453271513274e-05
11227	0	0.00019846493156390298
11228	0	0.0001233411176339229
11229	0	0
11230	0	3.47619136097965e-05
11231	0	0
11232	0	6.317100437538744e-05
11233	0	3.534812011191011e-05
11234	0	4.7753425793086074e-05
11235	0	6.405764987633654e-05
11236	0	7.696594013249589e-05
11237	0	0
11238	0	0
11239	0	0
11240	0	7.509466365884545e-05
11241	0	2.9145467271322126e-05
11242	0	6.16536425280688e-05
11243	0	0
11244	0	0
11245	0	4.315811862737474e-05
11246	0	2.9210293815614864e-05
11247	0	0
11248	0	2.9145467271322126e-05
11249	0	2.919310950879784e-05
11250	0	4.929673850999252e-05
11251	0	2.9145467271322126e-05
11252	0	2.9145467271322126e-05
11253	0	2.9160669851813763e-05
11254	0	4.157016912688358e-05
11255	0	2.9145467271322126e-05
11256	0	5.453072867300276e-05
11257	0	2.9145467271322126e-05
11258	0	5.398208735102277e-05
11259	0	2.9145467271322126e-05
11260	0	2.9145467271322126e-05
11261	0	0
11262	0	4.727565212816166e-05
11263	0	2.9145467271322126e-05
11264	0	7.858007135749368e-05
11265	0	2.9145467271322126e-05
11266	0	2.9145467271322126e-05
11267	0	7.73730626829608e-05
11268	0	0
11269	0	0.00011944777751041111
11270	0	0
11271	0	8.075764709081245e-05
11272	0	3.365648751902248e-05
11273	0	0.0005651681760651808
11274	0	2.9145467271322126e-05
11275	0	2.9145467271322126e-05
11276	0	2.9145467271322126e-05
11277	0	2.9145467271322126e-05
11278	0	6.89922773881159e-05
11279	0	0
11280	0	0.00023783560162507302
11281	0	0.0002984985981289666
11282	0	2.9145467271322126e-05
11283	0	2.9145467271322126e-05
11284	0	2.9145467271322126e-05
11285	0	0
11286	0	5.395607863367405e-05
11287	0	4.5701366374275544e-05
11288	0	2.9176031621629922e-05
11289	0	2.9145467271322126e-05
11290	0	9.207557879946486e-05
11291	0	2.9145467271322126e-05
11292	0	5.1751917024619726e-05
11293	0	2.9156765363927932e-05
11294	0	4.367806135445396e-05
11295	0	2.9145467271322126e-05
11296	0	0.00019272761943432866
11297	0	2.9145467271322126e-05
11298	0	6.427385788741906e-05
11299	0	8.396450319476945e-05
11300	0	7.625897366497234e-05
11301	0	2.973254651324877e-05
11302	0	2.9145467271322126e-05
11303	0	2.9145467271322126e-05
11304	0	2.9145467271322126e-05
11305	0	0.0001517927454050103
11306	0	0
11307	0	0
11308	0	2.9145467271322126e-05
11309	0	9.08436948121942e-05
11310	0	2.9145467271322126e-05
11311	0	2.9145467271322126e-05
11312	0	9.740064124453468e-05
11313	0	2.9145467271322126e-05
11314	0	2.9145467271322126e-05
11315	0	0.00013238665774223
11316	0	0
11317	0	0
11318	0	0
11319	0	2.9145467271322126e-05
11320	0	2.9229904095478442e-05
11321	0	0
11322	0	0
11323	0	2.9145467271322126e-05
11324	0	5.8357479030383845e-05
11325	0	2.9145467271322126e-05
11326	0	3.2323481367038036e-05
11327	0	2.9261388112943757e-05
11328	0	0
11329	0	2.9153047659761585e-05
11330	0	4.07632874526896e-05
11331	0	2.9145467271322126e-05
11332	0	3.908487722663108e-05
11333	0	2.9145467271322126e-05
11334	0	0
11335	0	2.9145467271322126e-05
11336	0	0
11337	0	2.9536145609747705e-05
11338	0	0.00010211476514467255
11339	0	0
11340	0	2.9145467271322126e-05
11341	0	4.409598152867228e-05
11342	0	2.9145467271322126e-05
11343	0	2.9145467271322126e-05
11344	0	2.9153082560260847e-05
11345	0	0
11346	0	5.488572091202519e-05
11347	0	2.9145467271322126e-05
11348	0	2.916024399442628e-05
11349	0	8.081516935549258e-05
11350	0	2.9145467271322126e-05
11351	0	5.395607863367405e-05
11352	0	5.121758549623829e-05
11353	0	2.9145467271322126e-05
11354	0	0.002455200482966058
11355	0	5.395607863367405e-05
11356	0	2.9145467271322126e-05
11357	0	0
11358	0	7.406313924391871e-05
11359	0	0
11360	0	2.9145467271322126e-05
11361	0	0
11362	0	0
11363	0	7.451726277669017e-05
11364	0	3.296248440399166e-05
11365	0	2.9145467271322126e-05
11366	0	0
11367	0	0.00012994303240387747
11368	0	2.9145467271322126e-05
11369	0	0
11370	0	5.4455110128617806e-05
11371	0	6.119151542561493e-05
11372	0	0.0002709120058266529
11373	0	2.9145467271322126e-05
11374	0	2.9145467271322126e-05
11375	0	2.9145467271322126e-05
11376	0	5.395607863367405e-05
11377	0	2.9145467271322126e-05
11378	0	0
11379	0	2.9145467271322126e-05
11380	0	2.9145467271322126e-05
11381	0	8.868735491254336e-05
11382	0	5.395607863367405e-05
11383	0	0
11384	0	0
11385	0	0.0015330351129976404
11386	0	0.0001140414520914156
11387	0	0.0003965128998306178
11388	0	3.34135866644324e-05
11389	0	5.332580622977433e-05
11390	0	2.9807083574318176e-05
11391	0	2.9145467271322126e-05
11392	0	2.9145467271322126e-05
11393	0	5.395607863367405e-05
11394	0	5.919498648250466e-05
11395	0	0
11396	0	7.017043807728498e-05
11397	0	6.68748238183124e-05
11398	0	5.395607863367405e-05
11399	0	0
11400	0	0
11401	0	5.394080586583019e-05
11402	0	2.9145467271322126e-05
11403	0	5.6266266300717934e-05
11404	0	0
11405	0	7.471822064340487e-05
11406	0	0
11407	0	2.9145467271322126e-05
11408	0	3.061997348987356e-05
11409	0	5.395607863367405e-05
11410	0	2.9145467271322126e-05
11411	0	0
11412	0	5.395607863367405e-05
11413	0	2.9145467271322126e-05
11414	0	2.9145467271322126e-05
11415	0	0
11416	0	2.9145467271322126e-05
11417	0	6.528937355957882e-05
11418	0	5.396908299234842e-05
11419	0	2.9145467271322126e-05
11420	0	2.9153110712900175e-05
11421	0	2.9145467271322126e-05
11422	0	4.2222340817110716e-05
11423	0	0
11424	0	2.9267668361860658e-05
11425	0	0
11426	0	2.9145467271322126e-05
11427	0	2.9145467271322126e-05
11428	0	2.9145467271322126e-05
11429	0	2.9145467271322126e-05
11430	0	2.9153073222076985e-05
11431	0	0
11432	0	3.689212330419562e-05
11433	0	2.9145467271322126e-05
11434	0	5.249475710230346e-05
11435	0	0.00016031404047628164
11436	0	2.9145467271322126e-05
11437	0	5.5501463891233026e-05
11438	0	6.402675478286586e-05
11439	0	2.9145467271322126e-05
11440	0	0.00017171251711030819
11441	0	2.9145467271322126e-05
11442	0	2.9145467271322126e-05
11443	0	0
11444	0	3.1266193830308813e-05
11445	0	5.4751674736279095e-05
11446	0	2.9145467271322126e-05
11447	0	2.9145467271322126e-05
11448	0	2.9145467271322126e-05
11449	0	0
11450	0	0
11451	0	2.9145467271322126e-05
11452	0	0
11453	0	3.7415671058772766e-05
11454	0	0
11455	0	0
11456	0	2.9145467271322126e-05
11457	0	0.00010296543300915199
11458	0	2.9145467271322126e-05
11459	0	2.9145467271322126e-05
11460	0	5.395607863367405e-05
11461	0	2.9156928902687547e-05
11462	0	0.0001365634809496142
11463	0	5.396211620778039e-05
11464	0	2.9145467271322126e-05
11465	0	0.0003232278596491927
11466	0	6.971340686162519e-05
11467	0	5.398437247381415e-05
11468	0	0
11469	0	3.0917653797204406e-05
11470	0	2.9145467271322126e-05
11471	0	2.916074944647602e-05
11472	0	2.9145467271322126e-05
11473	0	3.940375853794054e-05
11474	0	0
11475	0	6.0221558490277054e-05
11476	0	2.9145467271322126e-05
11477	0	0
11478	0	6.205494059841332e-05
11479	0	0.00015949851072125467
11480	0	0.0001533023273096207
11481	0	4.155840463855234e-05
11482	0	7.50816512950257e-05
11483	0	2.9145467271322126e-05
11484	0	0
11485	0	2.9145467271322126e-05
11486	0	0
11487	0	0
11488	0	6.1085291509974e-05
11489	0	2.9145467271322126e-05
11490	0	2.9145467271322126e-05
11491	0	2.9153108358899073e-05
11492	0	2.9145467271322126e-05
11493	0	5.368761433394535e-05
11494	0	0.00011065651340637859
11495	0	0.00012637427528947525
11496	0	0.00011514726522596166
11497	0	5.379738839366788e-05
11498	0	5.6276858010750964e-05
11499	0	2.9145467271322126e-05
11500	0	5.395607863367405e-05
11501	0	2.9145467271322126e-05
11502	0	8.834522387031585e-05
11503	0	2.9145467271322126e-05
11504	0	5.356478003453684e-05
11505	0	7.440473664565702e-05
11506	0	8.760483898763299e-05
11507	0	5.395607863367405e-05
11508	0	0
11509	0	6.1658069603038e-05
11510	0	5.39790018964049e-05
11511	0	4.1752277805316995e-05
11512	0	2.9145467271322126e-05
11513	0	2.9145467271322126e-05
11514	0	3.9617769932729683e-05
11515	0	7.876668999602598e-05
11516	0	0
11517	0	5.047643812727468e-05
11518	0	0.00017633197446689883
11519	0	4.5675748517557634e-05
11520	0	2.9213983841515797e-05
11521	0	2.9145467271322126e-05
11522	0	0
11523	0	5.396088319075778e-05
11524	0	2.9145467271322126e-05
11525	0	2.9145467271322126e-05
11526	0	0
11527	0	0.00012133762860002808
11528	0	5.395607863367405e-05
11529	0	0.0001377959517563909
11530	0	2.9145467271322126e-05
11531	0	2.935442397221433e-05
11532	0	2.9145467271322126e-05
11533	0	5.395607863367405e-05
11534	0	2.9145467271322126e-05
11535	0	7.747597741394511e-05
11536	0	0
11537	0	0
11538	0	0
11539	0	0
11540	0	3.918178429030016e-05
11541	0	2.9145467271322126e-05
11542	0	0.0003484164121388779
11543	0	0
11544	0	5.3933169481908264e-05
11545	0	0
11546	0	0
11547	0	4.1550772952498096e-05
11548	0	7.762228860549109e-05
11549	0	2.9145467271322126e-05
11550	0	0.0003855139019342396
11551	0	4.1413910793145335e-05
11552	0	4.1491350338296845e-05
11553	0	0
11554	0	0.0001903759081098248
11555	0	0.0001228176155838473
11556	0	2.9145467271322126e-05
11557	0	0
11558	0	2.9251166235886108e-05
11559	0	2.9160721259248566e-05
11560	0	5.245582646100856e-05
11561	0	0.00027811957800805175
11562	0	5.3909564371181016e-05
11563	0	7.042372693309189e-05
11564	0	4.0172405654589646e-05
11565	0	2.960302790808831e-05
11566	0	0.0002061165927819531
11567	0	3.3197243645685815e-05
11568	0	2.9145467271322126e-05
11569	0	2.9145467271322126e-05
11570	0	0
11571	0	6.824163827229905e-05
11572	0	0.00012760480420209846
11573	0	6.898552742033481e-05
11574	0	4.9860788982801564e-05
11575	0	6.227344809890055e-05
11576	0	0
11577	0	2.9145467271322126e-05
11578	0	7.133011188537887e-05
11579	0	2.9145467271322126e-05
11580	0	2.9145467271322126e-05
11581	0	0.00016832358418152258
11582	0	5.395607863367405e-05
11583	0	0
11584	0	7.119038637920284e-05
11585	0	3.262511440600247e-05
11586	0	0
11587	0	2.9145467271322126e-05
11588	0	8.334143252919867e-05
11589	0	2.91682153868744e-05
11590	0	2.9447175977990234e-05
11591	0	2.9291841109455676e-05
11592	0	2.9145467271322126e-05
11593	0	4.929673850999252e-05
11594	0	9.974460651925187e-05
11595	0	0
11596	0	0.00028495915920196936
11597	0	2.9168397596056274e-05
11598	0	5.395607863367405e-05
11599	0	3.842878639482442e-05
11600	0	0
11601	0	0.0002270934419702296
11602	0	0
11603	0	0
11604	0	0.0004139938594652306
11605	0	0
11606	0	0
11607	0	0
11608	0	6.152546535476913e-05
11609	0	4.377760491805083e-05
11610	0	5.395607863367405e-05
11611	0	2.9145467271322126e-05
11612	0	0
11613	0	2.9145467271322126e-05
11614	0	2.9145467271322126e-05
11615	0	2.9145467271322126e-05
11616	0	5.395607863367405e-05
11617	0	8.119963947469411e-05
11618	0	0.0001262723667386977
11619	0	2.9145467271322126e-05
11620	0	2.9145467271322126e-05
11621	0	5.395607863367405e-05
11622	0	0
11623	0	4.367806135445396e-05
11624	0	0.00020666565036947838
11625	0	0.00029272005956208205
11626	0	2.9145467271322126e-05
11627	0	2.9145467271322126e-05
11628	0	0.00010369130654132368
11629	0	5.395607863367405e-05
11630	0	2.9145467271322126e-05
11631	0	2.9145467271322126e-05
11632	0	0
11633	0	2.9145467271322126e-05
11634	0	0.00012396289505078506
11635	0	2.9159583767908155e-05
11636	0	4.419309608064451e-05
11637	0	0.0002790698986310037
11638	0	2.9145467271322126e-05
11639	0	2.9145467271322126e-05
11640	0	2.9145467271322126e-05
11641	0	2.9145467271322126e-05
11642	0	7.528013512413519e-05
11643	0	2.9160758865382126e-05
11644	0	2.9145467271322126e-05
11645	0	2.9145467271322126e-05
11646	0	5.395607863367405e-05
11647	0	2.9145467271322126e-05
11648	0	0.00011283273831189034
11649	0	4.044771226191354e-05
11650	0	4.156052622150386e-05
11651	0	4.098166389489629e-05
11652	0	8.876777704404778e-05
11653	0	5.332580622977433e-05
11654	0	9.666151844664232e-05
11655	0	6.104550676454407e-05
11656	0	2.9153103655244056e-05
11657	0	2.9145467271322126e-05
11658	0	0
11659	0	7.869740609399278e-05
11660	0	0
11661	0	2.9145467271322126e-05
11662	0	2.9145467271322126e-05
11663	0	5.4112167356690924e-05
11664	0	2.9145467271322126e-05
11665	0	0
11666	0	0
11667	0	5.395607863367405e-05
11668	0	2.9145467271322126e-05
11669	0	0.0001915804334588595
11670	0	0
11671	0	2.9145467271322126e-05
11672	0	0
11673	0	5.399507573876183e-05
11674	0	0.00010351930977466315
11675	0	2.9145467271322126e-05
11676	0	2.9145467271322126e-05
11677	0	0
11678	0	7.879270675546696e-05
11679	0	8.526169290495882e-05
11680	0	4.319752569752099e-05
11681	0	0
11682	0	0.00018996512378475388
11683	0	4.367806135445396e-05
11684	0	4.1550772952498096e-05
11685	0	3.3393043864428715e-05
11686	0	2.9160318734366586e-05
11687	0	0
11688	0	2.9145467271322126e-05
11689	0	0.00023246003083014652
11690	0	0
11691	0	0
11692	0	0.0001246799929631887
11693	0	0.00029881969863390157
11694	0	2.9145467271322126e-05
11695	0	5.534324387027422e-05
11696	0	5.395607863367405e-05
11697	0	5.356478003453684e-05
11698	0	6.80881271240602e-05
11699	0	5.395607863367405e-05
11700	0	4.2558526136063544e-05
11701	0	2.9145467271322126e-05
11702	0	5.395607863367405e-05
11703	0	2.9145467271322126e-05
11704	0	0
11705	0	0
11706	0	0.00016900572370674412
11707	0	0.0002869497381313126
11708	0	0
11709	0	0
11710	0	2.9145467271322126e-05
11711	0	2.9145467271322126e-05
11712	0	0
11713	0	7.693067682743573e-05
11714	0	2.9145467271322126e-05
11715	0	0
11716	0	0
11717	0	0.0001772936318442388
11718	0	4.1550772952498096e-05
11719	0	2.9145467271322126e-05
11720	0	2.9145467271322126e-05
11721	0	2.9145467271322126e-05
11722	0	2.9145467271322126e-05
11723	0	2.9145467271322126e-05
11724	0	2.9145467271322126e-05
11725	0	5.729912629560846e-05
11726	0	0
11727	0	6.0145588284324406e-05
11728	0	0
11729	0	2.9145467271322126e-05
11730	0	6.139810504485e-05
11731	0	0
11732	0	5.6631705561792755e-05
11733	0	4.6687778996339354e-05
11734	0	2.9145467271322126e-05
11735	0	2.9145467271322126e-05
11736	0	2.9154254676682198e-05
11737	0	0.0001118130690407058
11738	0	2.9145467271322126e-05
11739	0	5.394082933351281e-05
11740	0	0
11741	0	2.9160735339852803e-05
11742	0	8.864802091464799e-05
11743	0	3.534812011191011e-05
11744	0	2.9145467271322126e-05
11745	0	2.9145467271322126e-05
11746	0	2.9145467271322126e-05
11747	0	0.00010350115779422102
11748	0	5.395607863367405e-05
11749	0	7.61123933120227e-05
11750	0	2.9145467271322126e-05
11751	0	2.9145467271322126e-05
11752	0	0
11753	0	2.9145467271322126e-05
11754	0	0.0006715030613471424
11755	0	2.9145467271322126e-05
11756	0	2.9145467271322126e-05
11757	0	0
11758	0	4.406439194183165e-05
11759	0	7.18213248052465e-05
11760	0	2.9145467271322126e-05
11761	0	0
11762	0	4.470185140498961e-05
11763	0	0
11764	0	6.547760575973241e-05
11765	0	7.293608277299997e-05
11766	0	8.321791403972721e-05
11767	0	2.9145467271322126e-05
11768	0	2.9145467271322126e-05
11769	0	2.9145467271322126e-05
11770	0	9.096459506831078e-05
11771	0	0
11772	0	2.917581200953513e-05
11773	0	0
11774	0	2.9145467271322126e-05
11775	0	2.9145467271322126e-05
11776	0	0
11777	0	2.9145467271322126e-05
11778	0	2.9145467271322126e-05
11779	0	0
11780	0	2.9145467271322126e-05
11781	0	0
11782	0	2.9145467271322126e-05
11783	0	7.837539139688877e-05
11784	0	0.00011004623127231385
11785	0	2.9145467271322126e-05
11786	0	0.00010367030208926257
11787	0	0
11788	0	2.9145467271322126e-05
11789	0	2.9153110712900175e-05
11790	0	0.00016644130553029323
11791	0	0
11792	0	0.0012343992768391657
11793	0	3.0232810904506505e-05
11794	0	4.367806135445396e-05
11795	0	0
11796	0	2.9145467271322126e-05
11797	0	5.436333858342899e-05
11798	0	5.27749738284268e-05
11799	0	5.395607863367405e-05
11800	0	2.9206614803946527e-05
11801	0	6.604038641812891e-05
11802	0	7.616730277554607e-05
11803	0	7.706179805916441e-05
11804	0	0
11805	0	3.0072005797224306e-05
11806	0	5.393316242859799e-05
11807	0	0.00010849892620162995
11808	0	0.00021751142198550252
11809	0	0
11810	0	2.9145467271322126e-05
11811	0	0
11812	0	2.9145467271322126e-05
11813	0	2.9153108358899073e-05
11814	0	5.888305789385951e-05
11815	0	0.00022524548704688866
11816	0	6.595047260049451e-05
11817	0	0
11818	0	9.085783184167444e-05
11819	0	2.9145467271322126e-05
11820	0	2.9145467271322126e-05
11821	0	0.00024276510151655887
11822	0	5.3864723206749164e-05
11823	0	2.9272261576570063e-05
11824	0	2.9194261717087088e-05
11825	0	0
11826	0	0
11827	0	2.929336343560511e-05
11828	0	0.00019233186058360607
11829	0	2.9145467271322126e-05
11830	0	2.9145467271322126e-05
11831	0	0
11832	0	5.395607863367405e-05
11833	0	0
11834	0	2.9145467271322126e-05
11835	0	2.9198432894846513e-05
11836	0	4.461847377995253e-05
11837	0	0
11838	0	0
11839	0	2.9145467271322126e-05
11840	0	5.9170995158456886e-05
11841	0	4.367806135445396e-05
11842	0	4.367806135445396e-05
11843	0	2.9145467271322126e-05
11844	0	2.9145467271322126e-05
11845	0	7.463158810230066e-05
11846	0	2.9145467271322126e-05
11847	0	0
11848	0	2.9145467271322126e-05
11849	0	5.0722151438241e-05
11850	0	2.9145467271322126e-05
11851	0	2.9145467271322126e-05
11852	0	0
11853	0	3.038850811542933e-05
11854	0	2.9145467271322126e-05
11855	0	2.9145467271322126e-05
11856	0	4.947140905360236e-05
11857	0	2.9145467271322126e-05
11858	0	2.9145467271322126e-05
11859	0	2.9145467271322126e-05
11860	0	0
11861	0	9.379915408094779e-05
11862	0	6.043359901970125e-05
11863	0	9.004414820000604e-05
11864	0	0.0003166143847555837
11865	0	4.734970076516299e-05
11866	0	2.9145467271322126e-05
11867	0	3.627950706414569e-05
11868	0	2.9145467271322126e-05
11869	0	4.6789731790551376e-05
11870	0	7.045982670604136e-05
11871	0	0.00013768347130960508
11872	0	3.991102811164756e-05
11873	0	0.0006265714724400529
11874	0	3.6286092083995754e-05
11875	0	0.0007833234324060803
11876	0	2.916429742566514e-05
11877	0	3.06049149985193e-05
11878	0	0
11879	0	6.84984477504434e-05
11880	0	2.9145467271322126e-05
11881	0	2.9145467271322126e-05
11882	0	0
11883	0	5.411153186296805e-05
11884	0	2.9145467271322126e-05
11885	0	0
11886	0	9.717642409576258e-05
11887	0	2.9145467271322126e-05
11888	0	0
11889	0	2.9153113068352123e-05
11890	0	6.203974290817228e-05
11891	0	2.9145467271322126e-05
11892	0	2.9193432433703554e-05
11893	0	5.403966761847681e-05
11894	0	5.3940801163623346e-05
11895	0	0
11896	0	2.9145467271322126e-05
11897	0	8.48917106247312e-05
11898	0	2.9145467271322126e-05
11899	0	0
11900	0	5.488572091202519e-05
11901	0	2.9145467271322126e-05
11902	0	0.005804382705178573
11903	0	0.00018601291553790208
11904	0	2.9145467271322126e-05
11905	0	3.623421337485125e-05
11906	0	2.9145467271322126e-05
11907	0	2.9145467271322126e-05
11908	0	2.9145467271322126e-05
11909	0	0
11910	0	3.3685660049300244e-05
11911	0	2.9454047507645177e-05
11912	0	3.777164799678288e-05
11913	0	0
11914	0	0.00010473473620955408
11915	0	0
11916	0	2.9145467271322126e-05
11917	0	2.9145467271322126e-05
11918	0	2.9145467271322126e-05
11919	0	0
11920	0	5.3860799788196516e-05
11921	0	0.000557969254806013
11922	0	6.512085374673241e-05
11923	0	2.9145467271322126e-05
11924	0	2.9145467271322126e-05
11925	0	0
11926	0	2.9145467271322126e-05
11927	0	0.0001255987205715433
11928	0	0.00014488172971433228
11929	0	6.34585269222585e-05
11930	0	2.9145467271322126e-05
11931	0	4.367806135445396e-05
11932	0	4.104185323465079e-05
11933	0	5.395607863367405e-05
11934	0	2.9145467271322126e-05
11935	0	2.9145467271322126e-05
11936	0	7.819705707275071e-05
11937	0	2.9160679172831844e-05
11938	0	2.9361565433613335e-05
11939	0	6.636138431485001e-05
11940	0	2.91617867384194e-05
11941	0	7.816388590271801e-05
11942	0	0
11943	0	2.9145467271322126e-05
11944	0	2.9145467271322126e-05
11945	0	5.147501749743886e-05
11946	0	2.9145467271322126e-05
11947	0	6.805677465379665e-05
11948	0	2.917361287937423e-05
11949	0	6.898552742033481e-05
11950	0	2.9145467271322126e-05
11951	0	0
11952	0	2.9145467271322126e-05
11953	0	2.9145467271322126e-05
11954	0	0
11955	0	0.000128154676899035
11956	0	2.9145467271322126e-05
11957	0	3.0634103953063244e-05
11958	0	5.0433643251123356e-05
11959	0	2.9145467271322126e-05
11960	0	0
11961	0	2.9145467271322126e-05
11962	0	4.83298979656857e-05
11963	0	5.4714934594567716e-05
11964	0	0.0001001746495789289
11965	0	5.8127113854569714e-05
11966	0	0
11967	0	0
11968	0	2.9145467271322126e-05
11969	0	2.9145467271322126e-05
11970	0	2.9153113068352123e-05
11971	0	5.105045048588263e-05
11972	0	7.985842328605011e-05
11973	0	0
11974	0	0
11975	0	4.324920593330019e-05
11976	0	5.395607863367405e-05
11977	0	2.9168334194236736e-05
11978	0	2.9145467271322126e-05
11979	0	2.9145467271322126e-05
11980	0	2.9145467271322126e-05
11981	0	2.9145467271322126e-05
11982	0	2.9145467271322126e-05
11983	0	4.37738001846641e-05
11984	0	2.9145467271322126e-05
11985	0	2.9145467271322126e-05
11986	0	6.0013269128942584e-05
11987	0	5.821536826073124e-05
11988	0	4.6014916509826775e-05
11989	0	2.9145467271322126e-05
11990	0	5.356478003453684e-05
11991	0	0.00011643950581291025
11992	0	0
11993	0	6.903019001001627e-05
11994	0	2.9145467271322126e-05
11995	0	2.9145467271322126e-05
11996	0	0
11997	0	2.9145467271322126e-05
11998	0	2.9145467271322126e-05
11999	0	5.8655286221057685e-05
12000	0	5.820100564505823e-05
12001	0	8.044422142840719e-05
12002	0	2.9145467271322126e-05
12003	0	0.00012088835924547705
12004	0	2.9145467271322126e-05
12005	0	2.9145467271322126e-05
12006	0	2.9145467271322126e-05
12007	0	5.408610629517358e-05
12008	0	2.9145467271322126e-05
12009	0	8.626094338480288e-05
12010	0	2.9145467271322126e-05
12011	0	8.338668111230427e-05
12012	0	0.00017058150416214533
12013	0	0.0002150003518787741
12014	0	5.398207935326221e-05
12015	0	5.395607863367405e-05
12016	0	2.9145467271322126e-05
12017	0	0
12018	0	2.9145467271322126e-05
12019	0	3.114083469633354e-05
12020	0	6.900818403030329e-05
12021	0	2.9145467271322126e-05
12022	0	2.9145467271322126e-05
12023	0	0
12024	0	0.0013309187856050864
12025	0	7.208895592797177e-05
12026	0	2.9145467271322126e-05
12027	0	0.0004525930334402019
12028	0	2.9145467271322126e-05
12029	0	0.00020388563167602426
12030	0	0.00029758641833279345
12031	0	2.9145467271322126e-05
12032	0	0
12033	0	0.0007208015272296083
12034	0	2.9145467271322126e-05
12035	0	3.2246793691616115e-05
12036	0	2.9145467271322126e-05
12037	0	3.410758954379251e-05
12038	0	2.915310600634748e-05
12039	0	6.958659801902042e-05
12040	0	3.14009773951723e-05
12041	0	4.773043178438771e-05
12042	0	0
12043	0	0.000754317282006573
12044	0	2.9145467271322126e-05
12045	0	0
12046	0	2.9145467271322126e-05
12047	0	4.638758455451508e-05
12048	0	6.552988556014627e-05
12049	0	7.878602406769535e-05
12050	0	0
12051	0	0
12052	0	4.63103165373105e-05
12053	0	2.9145467271322126e-05
12054	0	6.815238195206398e-05
12055	0	7.306206715124347e-05
12056	0	2.9145467271322126e-05
12057	0	2.9145467271322126e-05
12058	0	4.280817541483973e-05
12059	0	2.9145467271322126e-05
12060	0	0
12061	0	2.9145467271322126e-05
12062	0	0
12063	0	0
12064	0	0.00014995378522549084
12065	0	0
12066	0	7.876668999602598e-05
12067	0	2.9145467271322126e-05
12068	0	0.00010466133135966875
12069	0	5.395607863367405e-05
12070	0	2.9145467271322126e-05
12071	0	2.9145467271322126e-05
12072	0	6.054509918311268e-05
12073	0	2.9145467271322126e-05
12074	0	2.9145467271322126e-05
12075	0	5.413634627375818e-05
12076	0	3.7459311149172435e-05
12077	0	5.395607863367405e-05
12078	0	0
12079	0	2.9788058839729496e-05
12080	0	2.9145467271322126e-05
12081	0	5.395607863367405e-05
12082	0	2.9145467271322126e-05
12083	0	5.395607863367405e-05
12084	0	0
12085	0	4.0162375877617286e-05
12086	0	0
12087	0	7.631344706899516e-05
12088	0	0
12089	0	5.717558648376941e-05
12090	0	0
12091	0	2.9145467271322126e-05
12092	0	0.0002446278380982924
12093	0	2.91529719934523e-05
12094	0	0.00017221939004261988
12095	0	4.9444096457718857e-05
12096	0	2.9145467271322126e-05
12097	0	2.9145467271322126e-05
12098	0	0
12099	0	2.9145467271322126e-05
12100	0	6.524701623989973e-05
12101	0	5.525066929192421e-05
12102	0	2.9145467271322126e-05
12103	0	0
12104	0	2.9145467271322126e-05
12105	0	4.367806135445396e-05
12106	0	0
12107	0	2.9145467271322126e-05
12108	0	2.9145467271322126e-05
12109	0	2.9145467271322126e-05
12110	0	2.9145467271322126e-05
12111	0	7.876668999602598e-05
12112	0	2.9145467271322126e-05
12113	0	0
12114	0	2.9145467271322126e-05
12115	0	2.9145467271322126e-05
12116	0	3.3649705002819404e-05
12117	0	2.9145467271322126e-05
12118	0	0.00012109456855862922
12119	0	2.9145467271322126e-05
12120	0	0
12121	0	0
12122	0	5.395607863367405e-05
12123	0	2.918312758000815e-05
12124	0	2.9145467271322126e-05
12125	0	0.0003439530709859523
12126	0	6.649075901381597e-05
12127	0	5.413634627375818e-05
12128	0	3.059411127785772e-05
12129	0	0
12130	0	2.9145467271322126e-05
12131	0	0
12132	0	0.00010005686348724253
12133	0	0.00016758659798388653
12134	0	0.00022056808488991197
12135	0	2.9145467271322126e-05
12136	0	0
12137	0	5.395607863367405e-05
12138	0	0.00011539943268812349
12139	0	5.395607863367405e-05
12140	0	0
12141	0	2.9145467271322126e-05
12142	0	2.9145467271322126e-05
12143	0	5.3978945556588666e-05
12144	0	2.9176041037634326e-05
12145	0	0
12146	0	0.00014270297883399032
12147	0	0
12148	0	2.9145467271322126e-05
12149	0	2.9145467271322126e-05
12150	0	8.92184210663489e-05
12151	0	3.7415671058772766e-05
12152	0	0
12153	0	0
12154	0	2.9145467271322126e-05
12155	0	2.9160747102617464e-05
12156	0	2.91568587365941e-05
12157	0	6.24205249934191e-05
12158	0	3.818413925942847e-05
12159	0	4.1550772952498096e-05
12160	0	5.395607863367405e-05
12161	0	0
12162	0	2.9145467271322126e-05
12163	0	2.9145467271322126e-05
12164	0	5.249475710230346e-05
12165	0	7.991885262560916e-05
12166	0	2.9145467271322126e-05
12167	0	0
12168	0	0
12169	0	2.9145467271322126e-05
12170	0	0.00010500812119424531
12171	0	3.106736275349272e-05
12172	0	6.390568235479095e-05
12173	0	4.806192676098021e-05
12174	0	3.328056916504745e-05
12175	0	4.06254390518952e-05
12176	0	2.9145467271322126e-05
12177	0	2.9145467271322126e-05
12178	0	2.9145467271322126e-05
12179	0	3.268984032308669e-05
12180	0	5.0100117987515725e-05
12181	0	5.345412644054212e-05
12182	0	2.9145467271322126e-05
12183	0	2.9145467271322126e-05
12184	0	0.00020848640019271935
12185	0	2.9145467271322126e-05
12186	0	2.9145467271322126e-05
12187	0	0.00011676039558022217
12188	0	3.0611803897012105e-05
12189	0	0.00014029183920419698
12190	0	6.981001740255261e-05
12191	0	6.7243656117655e-05
12192	0	2.9145467271322126e-05
12193	0	0
12194	0	0
12195	0	2.9145467271322126e-05
12196	0	2.9145467271322126e-05
12197	0	0
12198	0	2.9145467271322126e-05
12199	0	5.3887351178376676e-05
12200	0	2.9145467271322126e-05
12201	0	2.9145467271322126e-05
12202	0	0
12203	0	4.3751147905160004e-05
12204	0	0
12205	0	0
12206	0	0
12207	0	0
12208	0	0
12209	0	4.875936351312231e-05
12210	0	2.9145467271322126e-05
12211	0	2.9145467271322126e-05
12212	0	2.9310188805577593e-05
12213	0	0.00012014954619514389
12214	0	4.367806135445396e-05
12215	0	4.367450031694278e-05
12216	0	0.00012844563472598185
12217	0	2.9145467271322126e-05
12218	0	0
12219	0	5.8729184169417434e-05
12220	0	5.395607863367405e-05
12221	0	0
12222	0	2.9145467271322126e-05
12223	0	0
12224	0	0.00015641442920432593
12225	0	5.12278019179071e-05
12226	0	5.395607863367405e-05
12227	0	2.9145467271322126e-05
12228	0	5.2363634387677935e-05
12229	0	0
12230	0	0
12231	0	7.509466365884545e-05
12232	0	0.00010848799567785048
12233	0	5.413634627375818e-05
12234	0	2.9217786277071306e-05
12235	0	5.417999276913539e-05
12236	0	2.9145467271322126e-05
12237	0	5.395607863367405e-05
12238	0	0
12239	0	2.9145467271322126e-05
12240	0	7.509466365884545e-05
12241	0	2.9145467271322126e-05
12242	0	0
12243	0	4.0423017890573e-05
12244	0	0.00084123650005397
12245	0	0
12246	0	3.1930056692599624e-05
12247	0	2.9145467271322126e-05
12248	0	5.442173289617026e-05
12249	0	5.751346805552801e-05
12250	0	4.0942244760527366e-05
12251	0	2.916074944647602e-05
12252	0	0
12253	0	2.9145467271322126e-05
12254	0	2.9153110712900175e-05
12255	0	0
12256	0	2.9145467271322126e-05
12257	0	2.9191505992901962e-05
12258	0	0
12259	0	5.708030011213079e-05
12260	0	5.396361069541126e-05
12261	0	0
12262	0	2.9159946924432383e-05
12263	0	2.9145467271322126e-05
12264	0	5.144124770548562e-05
12265	0	0
12266	0	0.00010696149818935196
12267	0	5.9687747789044567e-05
12268	0	2.9145467271322126e-05
12269	0	0
12270	0	0
12271	0	2.9145467271322126e-05
12272	0	2.9145467271322126e-05
12273	0	2.9145467271322126e-05
12274	0	2.9145467271322126e-05
12275	0	2.9145467271322126e-05
12276	0	0.0001377352046529748
12277	0	3.4658936462955886e-05
12278	0	2.9145467271322126e-05
12279	0	2.9145467271322126e-05
12280	0	2.9153108358899073e-05
12281	0	0
12282	0	5.410302013761552e-05
12283	0	4.37738001846641e-05
12284	0	0.0004567678011877838
12285	0	2.9145467271322126e-05
12286	0	4.0310242384380496e-05
12287	0	0
12288	0	2.9145467271322126e-05
12289	0	0.00011118770362034507
12290	0	7.507513309060537e-05
12291	0	4.553619091000816e-05
12292	0	0.00010013038684775352
12293	0	0
12294	0	2.9153103655244056e-05
12295	0	2.9145467271322126e-05
12296	0	0.00011047775122653526
12297	0	0
12298	0	0
12299	0	2.9145467271322126e-05
12300	0	0
12301	0	2.9145467271322126e-05
12302	0	0
12303	0	2.9145467271322126e-05
12304	0	2.9145467271322126e-05
12305	0	0
12306	0	2.9145467271322126e-05
12307	0	4.1550772952498096e-05
12308	0	5.411980734585655e-05
12309	0	2.9145467271322126e-05
12310	0	0
12311	0	0.00020249691945191945
12312	0	2.9153110712900175e-05
12313	0	0
12314	0	6.517552596281483e-05
12315	0	2.9145467271322126e-05
12316	0	0
12317	0	0
12318	0	5.3558796375442694e-05
12319	0	5.332580622977433e-05
12320	0	2.9145467271322126e-05
12321	0	2.9145467271322126e-05
12322	0	0.0001308499233477058
12323	0	0
12324	0	4.1550772952498096e-05
12325	0	0.0001567173214556958
12326	0	2.9145467271322126e-05
12327	0	2.9145467271322126e-05
12328	0	2.9145467271322126e-05
12329	0	2.9145467271322126e-05
12330	0	0
12331	0	0
12332	0	2.9154577654931314e-05
12333	0	0
12334	0	0
12335	0	3.744084566614739e-05
12336	0	0.0001838135186269262
12337	0	2.9145467271322126e-05
12338	0	2.9145467271322126e-05
12339	0	0
12340	0	3.534812011191011e-05
12341	0	8.909021152143649e-05
12342	0	0
12343	0	5.395607863367405e-05
12344	0	3.94156506112399e-05
12345	0	2.9145467271322126e-05
12346	0	5.3969074997046426e-05
12347	0	3.654531731169457e-05
12348	0	2.9145467271322126e-05
12349	0	0.00010275844303819582
12350	0	0
12351	0	0
12352	0	0.0005079541038705669
12353	0	7.183987073221039e-05
12354	0	0.00027701978232751563
12355	0	2.9145467271322126e-05
12356	0	0.00011264697510130651
12357	0	2.9145467271322126e-05
12358	0	2.9145467271322126e-05
12359	0	0
12360	0	0.0002977186357400925
12361	0	6.482833897841199e-05
12362	0	2.916005353646101e-05
12363	0	2.9145467271322126e-05
12364	0	2.9153068561567946e-05
12365	0	2.9145467271322126e-05
12366	0	2.9145467271322126e-05
12367	0	2.9145467271322126e-05
12368	0	2.9145467271322126e-05
12369	0	2.9145467271322126e-05
12370	0	0
12371	0	2.9145467271322126e-05
12372	0	0.00013756478493710223
12373	0	2.9153110712900175e-05
12374	0	5.8871286545884764e-05
12375	0	7.503807597856526e-05
12376	0	2.9145467271322126e-05
12377	0	2.9145467271322126e-05
12378	0	0.00010351023464967772
12379	0	0
12380	0	5.423516497721634e-05
12381	0	2.9145467271322126e-05
12382	0	7.877433343760404e-05
12383	0	8.460600560939469e-05
12384	0	2.9145467271322126e-05
12385	0	4.929673850999252e-05
12386	0	4.0162375877617286e-05
12387	0	5.395607863367405e-05
12388	0	9.984865247481719e-05
12389	0	2.9145467271322126e-05
12390	0	5.3308160611471997e-05
12391	0	2.9145467271322126e-05
12392	0	0
12393	0	9.717575048294589e-05
12394	0	0.0001678198689571379
12395	0	5.395607863367405e-05
12396	0	0
12397	0	5.395607863367405e-05
12398	0	8.593674619060111e-05
12399	0	2.9145467271322126e-05
12400	0	2.9145467271322126e-05
12401	0	5.488572091202519e-05
12402	0	0
12403	0	2.9145467271322126e-05
12404	0	2.9145467271322126e-05
12405	0	0.00019194681379801302
12406	0	0
12407	0	5.395607863367405e-05
12408	0	0
12409	0	2.9145467271322126e-05
12410	0	2.9160628048201047e-05
12411	0	2.9160744741372835e-05
12412	0	0
12413	0	2.9145467271322126e-05
12414	0	0
12415	0	2.9145467271322126e-05
12416	0	2.9145467271322126e-05
12417	0	2.9145467271322126e-05
12418	0	0
12419	0	5.394079645852016e-05
12420	0	0
12421	0	2.9145467271322126e-05
12422	0	5.395607863367405e-05
12423	0	2.9145467271322126e-05
12424	0	2.9168250201866067e-05
12425	0	7.879115830537492e-05
12426	0	2.9145467271322126e-05
12427	0	0
12428	0	3.4157073545226046e-05
12429	0	2.9145467271322126e-05
12430	0	9.78635336504643e-05
12431	0	0
12432	0	2.9145467271322126e-05
12433	0	4.367806135445396e-05
12434	0	2.9145467271322126e-05
12435	0	5.199294556338636e-05
12436	0	0.0001115793405125489
12437	0	2.9167150597352738e-05
12438	0	0
12439	0	5.554351773141612e-05
12440	0	3.746369841696711e-05
12441	0	2.915308957896033e-05
12442	0	2.9145467271322126e-05
12443	0	5.356478003453684e-05
12444	0	2.9160492555453718e-05
12445	0	2.9145467271322126e-05
12446	0	0.00019359652401877616
12447	0	2.9145467271322126e-05
12448	0	3.3290035973412205e-05
12449	0	9.361106555249515e-05
12450	0	2.91596190746935e-05
12451	0	5.406813898618041e-05
12452	0	2.9145467271322126e-05
12453	0	2.9145467271322126e-05
12454	0	2.9145467271322126e-05
12455	0	0.00018494543267993336
12456	0	7.679133697734932e-05
12457	0	2.9145467271322126e-05
12458	0	7.716702236054075e-05
12459	0	7.876668999602598e-05
12460	0	2.9145467271322126e-05
12461	0	5.3997400935758096e-05
12462	0	6.654462062566533e-05
12463	0	0
12464	0	2.9145467271322126e-05
12465	0	3.0162265230786973e-05
12466	0	2.9145467271322126e-05
12467	0	0
12468	0	5.6509771029498674e-05
12469	0	2.9145467271322126e-05
12470	0	6.746583042242218e-05
12471	0	6.950574547557945e-05
12472	0	7.876668999602598e-05
12473	0	6.015873147426203e-05
12474	0	2.9145467271322126e-05
12475	0	5.413787071316097e-05
12476	0	3.404574843005676e-05
12477	0	2.9145467271322126e-05
12478	0	2.9145467271322126e-05
12479	0	2.9145467271322126e-05
12480	0	2.9145467271322126e-05
12481	0	0
12482	0	8.781289202617813e-05
12483	0	5.395607863367405e-05
12484	0	0
12485	0	5.06479971186938e-05
12486	0	0
12487	0	2.9145467271322126e-05
12488	0	3.948322200563543e-05
12489	0	0.00010936339803311327
12490	0	4.2297401634756715e-05
12491	0	5.395607863367405e-05
12492	0	2.9145467271322126e-05
12493	0	0
12494	0	0
12495	0	2.9145467271322126e-05
12496	0	2.9145467271322126e-05
12497	0	2.9145467271322126e-05
12498	0	2.9145467271322126e-05
12499	0	4.910699953816697e-05
12500	0	2.9145467271322126e-05
12501	0	0
12502	0	0.00010356201447522181
12503	0	0
12504	0	2.9145467271322126e-05
12505	0	0
12506	0	5.525066929192421e-05
12507	0	7.429570600125544e-05
12508	0	0
12509	0	2.9145467271322126e-05
12510	0	7.412706411714295e-05
12511	0	5.041170558190949e-05
12512	0	5.100189573069497e-05
12513	0	0
12514	0	8.984185827514213e-05
12515	0	2.9145467271322126e-05
12516	0	0
12517	0	6.831068170842186e-05
12518	0	0
12519	0	0
12520	0	2.9145467271322126e-05
12521	0	2.9145467271322126e-05
12522	0	2.9145467271322126e-05
12523	0	5.273902224973261e-05
12524	0	2.9145467271322126e-05
12525	0	0
12526	0	0
12527	0	2.9145467271322126e-05
12528	0	0.0007931151696750954
12529	0	2.9145467271322126e-05
12530	0	0
12531	0	2.9145467271322126e-05
12532	0	0.00016579485439237332
12533	0	2.9145467271322126e-05
12534	0	0
12535	0	5.0846441499113216e-05
12536	0	0
12537	0	2.9145467271322126e-05
12538	0	2.9168341221564e-05
12539	0	3.1257828450858806e-05
12540	0	7.256403715543799e-05
12541	0	4.5907592631251255e-05
12542	0	6.133681590241435e-05
12543	0	0
12544	0	2.9145467271322126e-05
12545	0	7.600881242589505e-05
12546	0	0
12547	0	2.9145467271322126e-05
12548	0	5.2126179642118606e-05
12549	0	2.9145467271322126e-05
12550	0	5.395607863367405e-05
12551	0	0
12552	0	2.9145467271322126e-05
12553	0	2.9145467271322126e-05
12554	0	5.395607863367405e-05
12555	0	2.9145467271322126e-05
12556	0	2.9145467271322126e-05
12557	0	0.0005527070123284014
12558	0	0
12559	0	2.9175641953867754e-05
12560	0	2.9145467271322126e-05
12561	0	2.9145467271322126e-05
12562	0	2.916755589683422e-05
12563	0	6.349410092474099e-05
12564	0	4.107953400144954e-05
12565	0	2.9145467271322126e-05
12566	0	2.9145467271322126e-05
12567	0	2.9145467271322126e-05
12568	0	0
12569	0	0
12570	0	0
12571	0	2.9145467271322126e-05
12572	0	7.833256121966424e-05
12573	0	2.9145467271322126e-05
12574	0	2.9145467271322126e-05
12575	0	2.9145467271322126e-05
12576	0	0
12577	0	5.413634627375818e-05
12578	0	7.205079775957746e-05
12579	0	2.9145467271322126e-05
12580	0	6.367019983921086e-05
12581	0	2.9145467271322126e-05
12582	0	8.007972167962486e-05
12583	0	0
12584	0	2.9145467271322126e-05
12585	0	6.427385788741906e-05
12586	0	4.1550772952498096e-05
12587	0	0
12588	0	2.9145467271322126e-05
12589	0	0
12590	0	0
12591	0	7.929711114444319e-05
12592	0	0
12593	0	3.534812011191011e-05
12594	0	9.287812633290216e-05
12595	0	0
12596	0	5.62037071429109e-05
12597	0	0
12598	0	0.00021629642098955815
12599	0	4.37895787783666e-05
12600	0	2.9145467271322126e-05
12601	0	5.2489035639468134e-05
12602	0	2.9145467271322126e-05
12603	0	3.6378388500665506e-05
12604	0	2.9145467271322126e-05
12605	0	0
12606	0	5.81605342836315e-05
12607	0	6.848867271680588e-05
12608	0	5.347510023541904e-05
12609	0	7.984414561674524e-05
12610	0	2.9145467271322126e-05
12611	0	2.9153108358899073e-05
12612	0	3.638189558534144e-05
12613	0	5.39636915859178e-05
12614	0	0
12615	0	2.9153110712900175e-05
12616	0	0
12617	0	5.182327119629184e-05
12618	0	7.69593513405353e-05
12619	0	5.395607863367405e-05
12620	0	2.9145467271322126e-05
12621	0	2.960390766543311e-05
12622	0	2.9145467271322126e-05
12623	0	0
12624	0	0
12625	0	2.9201381371913372e-05
12626	0	8.002482649050237e-05
12627	0	5.395607863367405e-05
12628	0	2.9342997927159345e-05
12629	0	2.9166346188908566e-05
12630	0	0.00027941196761724785
12631	0	0
12632	0	0
12633	0	2.9145467271322126e-05
12634	0	0
12635	0	3.742431669681987e-05
12636	0	2.9145467271322126e-05
12637	0	0
12638	0	2.9145467271322126e-05
12639	0	5.4714934594567716e-05
12640	0	5.356478003453684e-05
12641	0	2.9160494897828697e-05
12642	0	2.9145467271322126e-05
12643	0	0
12644	0	2.9145467271322126e-05
12645	0	2.9145467271322126e-05
12646	0	7.255702298608614e-05
12647	0	0.00011584673343841215
12648	0	5.395607863367405e-05
12649	0	3.8400178537818113e-05
12650	0	0.00018919224899423186
12651	0	4.546135717946545e-05
12652	0	2.9145467271322126e-05
12653	0	2.9145467271322126e-05
12654	0	5.395607863367405e-05
12655	0	0
12656	0	4.906316080777291e-05
12657	0	2.9145467271322126e-05
12658	0	2.928403679014151e-05
12659	0	0
12660	0	2.9145467271322126e-05
12661	0	2.9162528357986336e-05
12662	0	5.395607863367405e-05
12663	0	2.9153113068352123e-05
12664	0	0
12665	0	2.9153113068352123e-05
12666	0	7.509466365884545e-05
12667	0	5.397785088221248e-05
12668	0	0
12669	0	3.9221938792567314e-05
12670	0	5.3558796375442694e-05
12671	0	2.9145467271322126e-05
12672	0	3.206436272571647e-05
12673	0	2.9145467271322126e-05
12674	0	0
12675	0	4.9291800683175895e-05
12676	0	2.9145467271322126e-05
12677	0	6.727419606123011e-05
12678	0	8.691826763619219e-05
12679	0	7.110971900906137e-05
12680	0	2.9145467271322126e-05
12681	0	2.9145467271322126e-05
12682	0	0.00020207615545438578
12683	0	3.759485104978525e-05
12684	0	2.9145467271322126e-05
12685	0	2.9145467271322126e-05
12686	0	2.9145467271322126e-05
12687	0	2.9381530188651414e-05
12688	0	2.9145467271322126e-05
12689	0	0.0002722690475492447
12690	0	2.9145467271322126e-05
12691	0	0
12692	0	5.395607863367405e-05
12693	0	3.8763297843564104e-05
12694	0	2.9145467271322126e-05
12695	0	2.9145467271322126e-05
12696	0	0.0001591609510051833
12697	0	5.748557562364891e-05
12698	0	0
12699	0	0
12700	0	5.395607863367405e-05
12701	0	0.0001239647541990622
12702	0	3.159591940413408e-05
12703	0	0
12704	0	0
12705	0	2.9145467271322126e-05
12706	0	8.630758111938209e-05
12707	0	2.9145467271322126e-05
12708	0	9.668828001092072e-05
12709	0	0
12710	0	5.356478003453684e-05
12711	0	5.1179284483912446e-05
12712	0	4.088473021809482e-05
12713	0	2.9145467271322126e-05
12714	0	5.105045048588263e-05
12715	0	3.328056916504745e-05
12716	0	0
12717	0	4.1558411687523445e-05
12718	0	2.9145467271322126e-05
12719	0	2.9175720015159163e-05
12720	0	0
12721	0	2.9160655891684754e-05
12722	0	0.0002141438450259822
12723	0	4.8368295498073176e-05
12724	0	0
12725	0	2.9153075554475254e-05
12726	0	0
12727	0	0
12728	0	0
12729	0	2.916047671558247e-05
12730	0	0.00019045520801260827
12731	0	3.328056916504745e-05
12732	0	2.9145467271322126e-05
12733	0	2.9145467271322126e-05
12734	0	9.413204993569562e-05
12735	0	0
12736	0	0.000332811274781168
12737	0	2.9145467271322126e-05
12738	0	0
12739	0	2.9145467271322126e-05
12740	0	6.406688919486639e-05
12741	0	7.509466365884545e-05
12742	0	0.0001262183717465639
12743	0	2.9145467271322126e-05
12744	0	0
12745	0	5.3940862067367796e-05
12746	0	0
12747	0	2.9145467271322126e-05
12748	0	5.508481867195517e-05
12749	0	2.9145467271322126e-05
12750	0	2.9153101305587464e-05
12751	0	0
12752	0	2.9145467271322126e-05
12753	0	2.9187096857391136e-05
12754	0	0
12755	0	2.9145467271322126e-05
12756	0	2.9145467271322126e-05
12757	0	0
12758	0	3.328056916504745e-05
12759	0	0
12760	0	2.9145467271322126e-05
12761	0	2.9145467271322126e-05
12762	0	0
12763	0	9.267376009871188e-05
12764	0	0.0004512068738611047
12765	0	0
12766	0	2.9145467271322126e-05
12767	0	2.9156765363927932e-05
12768	0	0
12769	0	2.9145467271322126e-05
12770	0	0
12771	0	3.314013689122253e-05
12772	0	2.9175724114446943e-05
12773	0	2.9145467271322126e-05
12774	0	2.9145467271322126e-05
12775	0	5.248112177145181e-05
12776	0	2.9145467271322126e-05
12777	0	0
12778	0	4.568587484622341e-05
12779	0	2.9145467271322126e-05
12780	0	2.9145467271322126e-05
12781	0	2.9153073222076985e-05
12782	0	2.9145467271322126e-05
12783	0	2.918682652119664e-05
12784	0	0
12785	0	5.1133530443131354e-05
12786	0	2.9145467271322126e-05
12787	0	2.915310600634748e-05
12788	0	2.9145467271322126e-05
12789	0	0
12790	0	2.9145467271322126e-05
12791	0	3.72089159640865e-05
12792	0	2.9145467271322126e-05
12793	0	5.3948432836644055e-05
12794	0	2.9145467271322126e-05
12795	0	0.00012518946452605266
12796	0	9.449555975602226e-05
12797	0	0
12798	0	0.00010187225015670454
12799	0	0
12800	0	8.661740768405106e-05
12801	0	2.9145467271322126e-05
12802	0	0
12803	0	0
12804	0	2.9145467271322126e-05
12805	0	0
12806	0	4.211634519988417e-05
12807	0	3.664499998474722e-05
12808	0	5.434643255650193e-05
12809	0	6.331973308384591e-05
12810	0	3.6701122969068033e-05
12811	0	0.00010767951047403358
12812	0	3.7415671058772766e-05
12813	0	5.345098029816277e-05
12814	0	2.9145467271322126e-05
12815	0	2.9145467271322126e-05
12816	0	5.850628813978381e-05
12817	0	2.9145467271322126e-05
12818	0	4.2222340817110716e-05
12819	0	0
12820	0	2.9145467271322126e-05
12821	0	0
12822	0	2.9145467271322126e-05
12823	0	0
12824	0	0
12825	0	6.856404056491332e-05
12826	0	8.302126679993771e-05
12827	0	2.9145467271322126e-05
12828	0	0
12829	0	2.9145467271322126e-05
12830	0	6.256635597098095e-05
12831	0	0
12832	0	0
12833	0	4.574033893996874e-05
12834	0	4.573634947624679e-05
12835	0	4.37738001846641e-05
12836	0	0.00011612481087244994
12837	0	0
12838	0	2.9145467271322126e-05
12839	0	0
12840	0	2.9145467271322126e-05
12841	0	2.9145467271322126e-05
12842	0	0.00012518221512959805
12843	0	0
12844	0	2.9145467271322126e-05
12845	0	0
12846	0	5.3917861425783806e-05
12847	0	0.00012903904871472953
12848	0	2.9145467271322126e-05
12849	0	5.3957737849818576e-05
12850	0	4.2219136486420734e-05
12851	0	2.9145467271322126e-05
12852	0	0
12853	0	0.0001087304218913311
12854	0	2.9145467271322126e-05
12855	0	2.9145467271322126e-05
12856	0	0
12857	0	0
12858	0	2.9145467271322126e-05
12859	0	2.9153113068352123e-05
12860	0	0
12861	0	2.9145467271322126e-05
12862	0	2.9145467271322126e-05
12863	0	5.395607863367405e-05
12864	0	6.600266366934803e-05
12865	0	0
12866	0	2.9145467271322126e-05
12867	0	2.9145467271322126e-05
12868	0	0
12869	0	0
12870	0	0.0001491087410789861
12871	0	2.9145467271322126e-05
12872	0	2.9145467271322126e-05
12873	0	2.9145467271322126e-05
12874	0	8.748302079650432e-05
12875	0	0
12876	0	4.546135717946545e-05
12877	0	7.311262997717202e-05
12878	0	0
12879	0	2.9145467271322126e-05
12880	0	0
12881	0	0
12882	0	2.9145467271322126e-05
12883	0	0
12884	0	4.552774559399488e-05
12885	0	2.9145467271322126e-05
12886	0	5.092268426137455e-05
12887	0	0
12888	0	3.84494465322041e-05
12889	0	0
12890	0	2.9153108358899073e-05
12891	0	2.9145467271322126e-05
12892	0	0.00011648074928045719
12893	0	0
12894	0	0
12895	0	8.845975211833628e-05
12896	0	2.919099876039696e-05
12897	0	0
12898	0	7.479471903352131e-05
12899	0	2.9145467271322126e-05
12900	0	0
12901	0	4.1550772952498096e-05
12902	0	2.9145467271322126e-05
12903	0	0.00012789693330748466
12904	0	2.915309192140275e-05
12905	0	2.9145467271322126e-05
12906	0	2.9153108358899073e-05
12907	0	0
12908	0	0
12909	0	4.338699302850663e-05
12910	0	3.753559145633001e-05
12911	0	0
12912	0	0.00010401596902565412
12913	0	5.3786280636515494e-05
12914	0	5.717558648376942e-05
12915	0	5.395607863367405e-05
12916	0	0
12917	0	2.9166052659911477e-05
12918	0	4.0162375877617286e-05
12919	0	0
12920	0	7.938142792779618e-05
12921	0	2.9145467271322126e-05
12922	0	2.9145467271322126e-05
12923	0	5.395607863367405e-05
12924	0	2.9145467271322126e-05
12925	0	0
12926	0	2.9145467271322126e-05
12927	0	0
12928	0	0
12929	0	2.9145467271322126e-05
12930	0	0
12931	0	2.9145467271322126e-05
12932	0	0
12933	0	2.9145467271322126e-05
12934	0	5.394079645852016e-05
12935	0	2.9228019414291134e-05
12936	0	2.9145467271322126e-05
12937	0	0
12938	0	2.9145467271322126e-05
12939	0	0
12940	0	5.149656974917168e-05
12941	0	0
12942	0	2.9145467271322126e-05
12943	0	2.9145467271322126e-05
12944	0	0.0002763972040591672
12945	0	2.9145467271322126e-05
12946	0	3.7862367696256205e-05
12947	0	3.534812011191011e-05
12948	0	0
12949	0	2.9145467271322126e-05
12950	0	2.9145467271322126e-05
12951	0	2.9145467271322126e-05
12952	0	2.9145467271322126e-05
12953	0	2.9145467271322126e-05
12954	0	2.9145467271322126e-05
12955	0	2.9145467271322126e-05
12956	0	4.4652099372792085e-05
12957	0	3.236293443063661e-05
12958	0	2.9145467271322126e-05
12959	0	2.915969461264981e-05
12960	0	6.453403389862359e-05
12961	0	0
12962	0	2.9145467271322126e-05
12963	0	0
12964	0	4.084392505497643e-05
12965	0	5.395607863367405e-05
12966	0	2.916074944647602e-05
12967	0	2.9145467271322126e-05
12968	0	2.9145467271322126e-05
12969	0	0.0001117567293195574
12970	0	0
12971	0	0
12972	0	2.9145467271322126e-05
12973	0	4.362634190896215e-05
12974	0	0.00010357730135837791
12975	0	0
12976	0	5.6160184063303144e-05
12977	0	2.9145467271322126e-05
12978	0	7.783581854784523e-05
12979	0	0
12980	0	0
12981	0	0
12982	0	4.3751147905160004e-05
12983	0	0
12984	0	8.007972167962486e-05
12985	0	0
12986	0	0
12987	0	2.9145467271322126e-05
12988	0	2.9145467271322126e-05
12989	0	6.291595273976274e-05
12990	0	0
12991	0	0
12992	0	5.3444378099612585e-05
12993	0	0
12994	0	6.223392115615004e-05
12995	0	9.493813910698616e-05
12996	0	7.027445691589714e-05
12997	0	0
12998	0	0
12999	0	2.9145467271322126e-05
13000	0	4.116362808684927e-05
13001	0	4.849658152830759e-05
13002	0	4.0486619118077225e-05
13003	0	5.182327119629184e-05
13004	0	3.352381045291364e-05
13005	0	2.9145467271322126e-05
13006	0	0
13007	0	0.0023898394665963275
13008	0	2.9145467271322126e-05
13009	0	2.9156907762266956e-05
13010	0	5.395607863367405e-05
13011	0	2.9160758865382126e-05
13012	0	0
13013	0	0.0001175131979992836
13014	0	4.4003115324634206e-05
13015	0	2.9145467271322126e-05
13016	0	0
13017	0	0
13018	0	2.9145467271322126e-05
13019	0	2.9145467271322126e-05
13020	0	2.9145467271322126e-05
13021	0	5.54787746734584e-05
13022	0	0
13023	0	0
13024	0	2.9145467271322126e-05
13025	0	2.9145467271322126e-05
13026	0	0
13027	0	2.9145467271322126e-05
13028	0	2.9145467271322126e-05
13029	0	3.0914662841328526e-05
13030	0	0
13031	0	2.9145467271322126e-05
13032	0	0
13033	0	2.9153082560260847e-05
13034	0	0
13035	0	2.9145467271322126e-05
13036	0	0
13037	0	2.9145467271322126e-05
13038	0	5.395607863367405e-05
13039	0	2.9145467271322126e-05
13040	0	5.608336703562992e-05
13041	0	5.395607863367405e-05
13042	0	2.9145467271322126e-05
13043	0	2.9145467271322126e-05
13044	0	2.9145467271322126e-05
13045	0	5.395607863367405e-05
13046	0	5.398666182179406e-05
13047	0	4.2978103416276133e-05
13048	0	0
13049	0	0.00012049981790358874
13050	0	5.395607863367405e-05
13051	0	0
13052	0	2.9145467271322126e-05
13053	0	0.0001219600499677796
13054	0	4.572231820860445e-05
13055	0	2.9145467271322126e-05
13056	0	0
13057	0	0
13058	0	2.9145467271322126e-05
13059	0	0
13060	0	2.9145467271322126e-05
13061	0	5.906251964385063e-05
13062	0	2.9145467271322126e-05
13063	0	2.9388306523391356e-05
13064	0	2.9145467271322126e-05
13065	0	5.413634627375818e-05
13066	0	0
13067	0	0
13068	0	2.9145467271322126e-05
13069	0	0
13070	0	4.220630280127698e-05
13071	0	0
13072	0	2.9145467271322126e-05
13073	0	4.37415347316781e-05
13074	0	2.9145467271322126e-05
13075	0	2.9145467271322126e-05
13076	0	4.156048142694321e-05
13077	0	2.9145467271322126e-05
13078	0	2.9160751800477123e-05
13079	0	2.9145467271322126e-05
13080	0	0
13081	0	2.9145467271322126e-05
13082	0	2.9145467271322126e-05
13083	0	0
13084	0	7.439602887754162e-05
13085	0	2.9153113068352123e-05
13086	0	0
13087	0	2.9145467271322126e-05
13088	0	2.9145467271322126e-05
13089	0	2.9145467271322126e-05
13090	0	2.9145467271322126e-05
13091	0	4.1550772952498096e-05
13092	0	0
13093	0	4.896094398328206e-05
13094	0	0
13095	0	5.607669279280023e-05
13096	0	7.977376068719694e-05
13097	0	2.9145467271322126e-05
13098	0	2.9145467271322126e-05
13099	0	0
13100	0	2.9145467271322126e-05
13101	0	2.9153110712900175e-05
13102	0	0
13103	0	9.43785419263692e-05
13104	0	2.9145467271322126e-05
13105	0	5.534324387027422e-05
13106	0	2.9145467271322126e-05
13107	0	0
13108	0	2.9153110712900175e-05
13109	0	2.9145467271322126e-05
13110	0	6.48517006468049e-05
13111	0	0
13112	0	5.6276858010750964e-05
13113	0	4.8048917035426726e-05
13114	0	2.9199887139074464e-05
13115	0	0
13116	0	7.805489082984534e-05
13117	0	0
13118	0	4.21282724101918e-05
13119	0	9.748569348601103e-05
13120	0	3.7415671058772766e-05
13121	0	2.9145467271322126e-05
13122	0	9.060840824149838e-05
13123	0	0
13124	0	0
13125	0	5.402306105089711e-05
13126	0	3.534812011191011e-05
13127	0	0
13128	0	0
13129	0	0
13130	0	6.849272229627702e-05
13131	0	4.3751147905160004e-05
13132	0	2.9145467271322126e-05
13133	0	2.9166228941057337e-05
13134	1	6.049602815506213e-05
13135	1	6.36490964206534e-05
13136	1	3.9069711816262896e-05
13137	1	2.9145467271322126e-05
13138	1	0.0002851097269290378
13139	1	0.0003092333499420093
13140	1	0.00019874387450451305
13141	1	0.00019563712972723275
13142	1	0.00031479331533433287
13143	1	8.447513676132582e-05
13144	1	6.689366916361407e-05
13145	1	2.9145467271322126e-05
13148	1	2.9145467271322126e-05
13149	1	2.9145467271322126e-05
13150	1	8.76017392446148e-05
13151	1	2.9145467271322126e-05
13152	1	7.694566721531124e-05
13153	1	9.347286351503084e-05
13154	1	0.00026833343294371484
13155	1	2.9145467271322126e-05
13156	1	6.0212583456293484e-05
13158	1	0.00014244725915939593
13159	1	0.00029251369067374584
13160	1	0.0002037068657043614
13161	1	2.9145467271322126e-05
13162	1	0.00020683611319081345
13163	1	0.0008910588233664619
13164	1	5.607669279280023e-05
13165	1	0.00028830146319153057
13166	1	8.700507828822898e-05
13167	1	4.1752277805316995e-05
13168	1	2.9145467271322126e-05
13169	1	0.00015077244277026248
13170	1	5.529866228827533e-05
13171	1	3.073918993562847e-05
13172	1	0.00011636432154161427
13173	1	6.975499622982576e-05
13174	1	5.395607863367405e-05
13175	1	0.0002550088049885295
13176	1	8.401959503140231e-05
13177	1	0.00014144368361643965
13178	1	6.696508357973927e-05
13179	1	4.734524003654406e-05
13180	1	2.9145467271322126e-05
13181	1	0.000682330564329733
13182	1	4.0237864352945075e-05
13183	1	2.9145467271322126e-05
13184	1	5.447719823335362e-05
13185	1	3.856124983575702e-05
13186	1	0.0006169158026958123
13187	1	2.9145467271322126e-05
13188	1	2.9145467271322126e-05
13189	1	0.00022249852157909842
13190	1	6.551925901292205e-05
13191	1	6.535889683435069e-05
13192	1	2.9145467271322126e-05
13193	1	2.9145467271322126e-05
13194	1	2.9145467271322126e-05
13195	1	9.070839715761678e-05
13196	1	0.00018280079592760675
13197	1	0.0018571230708451598
13198	1	5.395607863367405e-05
13199	1	0.0001308208126838853
13200	1	0.00017644359193279461
13202	1	7.061257445664037e-05
13203	1	5.384184929959324e-05
13204	1	2.9145467271322126e-05
13205	1	2.9145467271322126e-05
13206	1	4.155839994646131e-05
13207	1	3.576163030128264e-05
13208	1	2.9145467271322126e-05
13209	1	5.574027253899972e-05
13210	1	2.9145467271322126e-05
13211	1	0.0005472040780518981
13212	1	0.00012182731120952177
13213	1	0.0003126017611540236
13214	1	0.00022919296859564536
13215	1	2.9145467271322126e-05
13216	1	7.875905830997174e-05
13217	1	0.00019845137791418786
13218	1	7.440058621125112e-05
13219	1	2.931494542268484e-05
13221	1	3.196363712429692e-05
13222	1	5.75239730447991e-05
13223	1	2.9145467271322126e-05
13224	1	7.876668999602598e-05
13225	1	2.9145467271322126e-05
13226	1	0.00015458707795523615
13227	1	0.00034002220170103385
13228	1	0.0004905048023102146
13229	1	0.00010326177020503246
13230	1	0.00015729556152938498
13231	1	5.052436784347695e-05
13232	1	0.00015319264231851488
13233	1	2.9145467271322126e-05
13234	1	7.065127861495039e-05
13235	1	2.9145467271322126e-05
13236	1	0.0003410603499191709
13237	1	0.00022673208071955614
13238	1	2.9145467271322126e-05
13239	1	2.9145467271322126e-05
13240	1	0.0002336353895478596
13243	1	0.0001101083099218723
13244	1	0.00010970378897066628
13245	1	2.9145467271322126e-05
13246	1	6.865462776433548e-05
13247	1	4.900887194988623e-05
13248	1	2.9145467271322126e-05
13249	1	0.00021741728451436627
13250	1	8.23933704486712e-05
13251	1	2.9145467271322126e-05
13252	1	2.9145467271322126e-05
13253	1	6.954179688226779e-05
13254	1	8.347880980118756e-05
13255	1	0.00010852489567941801
13256	1	3.2812624690690415e-05
13257	1	0.00015741110060667071
13258	1	7.876668999602598e-05
13259	1	0.00025834921550559926
13260	1	5.865911892225836e-05
13263	1	0.0002414075075496397
13264	1	3.229694772192849e-05
13265	1	8.458231087899873e-05
13266	1	6.881948086830391e-05
13267	1	0.0002062464636866197
13268	1	0.0002445533085577531
13269	1	0.0001027730610488676
13270	1	4.108784396762545e-05
13271	1	2.9145467271322126e-05
13272	1	0.000508512005132193
13273	1	2.9145467271322126e-05
13274	1	2.9145467271322126e-05
13275	1	0.00026099822245269084
13276	1	0.0003590247231228306
13277	1	2.9145467271322126e-05
13278	1	5.417418506260864e-05
13279	1	2.9145467271322126e-05
13280	1	0.0009357019593922189
13281	1	0.00027924507579303614
13282	1	2.9145467271322126e-05
13284	1	5.3948435192096e-05
13285	1	0.0001226228659042858
13287	1	4.003510597736617e-05
13288	1	0.00038173899670460536
13290	1	2.9339209597092454e-05
13291	1	9.656118455484366e-05
13292	1	9.366538617862275e-05
13293	1	0.0006375929910426763
13294	1	0.00011231058070237334
13295	1	0.0006978334146707365
13296	1	5.400236310555846e-05
13297	1	2.9145467271322126e-05
13298	1	2.9145467271322126e-05
13299	1	0.00013244405426218929
13300	1	7.607042312352124e-05
13301	1	5.216634118710415e-05
13302	1	4.116903800252738e-05
13303	1	2.9864071025788e-05
13304	1	2.9145467271322126e-05
13305	1	0.0006084807733278101
13306	1	6.304300490329782e-05
13307	1	6.080122888593366e-05
13308	1	0.0003287700428911131
13309	1	0.00024010717815525114
13310	1	5.5999643757074724e-05
13311	1	9.917255678419535e-05
13312	1	0.00028381268416171495
13313	1	5.644297098957657e-05
13314	1	0.0004102173427170889
13315	1	0.00010215385406296534
13316	1	2.925384556416875e-05
13317	1	4.959599437833253e-05
13318	1	8.685235658579964e-05
13319	1	2.9176012807009847e-05
13320	1	2.9145467271322126e-05
13321	1	2.9145467271322126e-05
13322	1	2.9145467271322126e-05
13323	1	0.00036678893878846325
13324	1	5.395607863367405e-05
13325	1	0.00015565498479103032
13326	1	2.9145467271322126e-05
13327	1	7.619294300502917e-05
13328	1	9.223684616868586e-05
13329	1	0.000466788133948365
13330	1	0.0004749834642744318
13331	1	5.8056700688305034e-05
13332	1	4.384574981153215e-05
13333	1	0.0001429283161702539
13334	1	5.5866732685520325e-05
13335	1	2.9145467271322126e-05
13336	1	2.9145467271322126e-05
13337	1	5.395607863367405e-05
13338	1	0.0003311485418934176
13339	1	2.9145467271322126e-05
13340	1	5.838462910287784e-05
13341	1	9.118346083956903e-05
13342	1	2.9145467271322126e-05
13343	1	2.9145467271322126e-05
13344	1	2.9145467271322126e-05
13345	1	2.918418211504533e-05
13346	1	5.962895236808048e-05
13347	1	2.9145467271322126e-05
13348	1	7.941272251864506e-05
13349	1	5.48053450414264e-05
13350	1	0.00015896526512457988
13351	1	2.9145467271322126e-05
13352	1	0.0003955650691060064
13353	1	0.0002621440441430577
13354	1	0.0020286779917664745
13355	1	7.546152724364192e-05
13356	1	2.9145467271322126e-05
13357	1	8.602007766409757e-05
13358	1	3.1902201867139006e-05
13359	1	4.768709671386089e-05
13360	1	0.00015755545965616546
13361	1	6.810825155320973e-05
13362	1	4.152496897457628e-05
13363	1	0.00012279371705340849
13364	1	9.45804287410678e-05
13365	1	4.7753425793086074e-05
13366	1	4.808438756902763e-05
13367	1	3.402472300813559e-05
13368	1	7.10536476114357e-05
13369	1	0.00041889686546361373
13370	1	4.1550772952498096e-05
13371	1	0.0004797638026833069
13372	1	8.594938889325381e-05
13373	1	5.078836936163292e-05
13374	1	4.983817141585209e-05
13375	1	4.830487576081807e-05
13376	1	0.00018494543267993336
13377	1	0.00017801150744898336
13378	1	2.9145467271322126e-05
13379	1	2.9145467271322126e-05
13380	1	5.395607863367405e-05
13381	1	2.9145467271322126e-05
13382	1	9.635936340387694e-05
13383	1	0.000144210143698925
13384	1	3.16602996571431e-05
13385	1	6.640799410815814e-05
13386	1	2.9232918502078337e-05
13387	1	4.6849579557742073e-05
13388	1	3.0804378612988704e-05
13389	1	4.156047548540438e-05
13390	1	0.00014639100059849288
13391	1	0.0001641229238987656
13392	1	5.0716870800902056e-05
13393	1	2.9145467271322126e-05
13394	1	8.942919717795551e-05
13395	1	5.488572091202519e-05
13396	1	7.472441458317026e-05
13397	1	0.00014562813878033536
13398	1	0.00010844237240055167
13399	1	0.0001592550467368505
13400	1	5.874141240452329e-05
13401	1	2.9857499347961786e-05
13402	1	0.00023255127676518594
13403	1	2.9145467271322126e-05
13404	1	0.0001261612250575803
13405	1	0.000467350019059464
13406	1	8.27473578692551e-05
13408	1	7.781947347892283e-05
13409	1	0.00011218064926820929
13410	1	5.592274897619566e-05
13411	1	2.9145467271322126e-05
13412	1	4.094990314579315e-05
13413	1	2.9223745110386952e-05
13414	1	0.00013951376990082172
13415	1	2.9145467271322126e-05
13416	1	8.494087446563553e-05
13417	1	6.636138431485001e-05
13418	1	0.0006951702356788971
13419	1	9.203259408292687e-05
13420	1	0.0001869970267647869
13421	1	9.523508154925958e-05
13422	1	0.0005951248067569893
13423	1	2.9145467271322126e-05
13424	1	5.5977125970242324e-05
13425	1	0.00010880961008524702
13426	1	5.5866732685520325e-05
13427	1	8.85007820795783e-05
13428	1	6.925484998385585e-05
13429	1	0.006756001203846119
13430	1	0.0002878306627379924
13431	1	7.101320421978199e-05
13432	1	7.678998661899115e-05
13433	1	4.570317142801755e-05
13434	1	6.264811534954266e-05
13437	1	2.9145467271322126e-05
13438	1	2.9145467271322126e-05
13439	1	4.685214176860168e-05
13440	1	6.633703284296388e-05
13441	1	7.881558778449989e-05
13442	1	0.0002617441567376862
13445	1	4.5044490450200164e-05
13446	1	2.9145467271322126e-05
13447	1	0.00012851589175579497
13448	1	2.9145467271322126e-05
13449	1	2.9145467271322126e-05
13450	1	0.0001724411734856613
13451	1	0.00016134836637047022
13452	1	0.000906953910433299
13453	1	2.9145467271322126e-05
13454	1	2.9145467271322126e-05
13455	1	0.00012820518931098317
13456	1	4.173882942071809e-05
13457	1	7.682634469459508e-05
13458	1	0.0001882849440173465
13459	1	0.00014537828337865677
13460	1	2.9145467271322126e-05
13461	1	0.00015852527923974118
13462	1	0.0006617839970613063
13463	1	6.591257678026568e-05
13464	1	0.0008284062294597434
13467	1	7.522113794276351e-05
13468	1	0.0002908114350553828
13469	1	8.609016835063702e-05
13470	1	2.9145467271322126e-05
13471	1	6.238524909875488e-05
13472	1	8.273216402288775e-05
13473	1	2.9145467271322126e-05
13474	1	5.395607863367405e-05
13475	1	0.00012036530427446022
13476	1	2.9145467271322126e-05
13477	1	2.9145467271322126e-05
13478	1	0.007046393131135706
13479	1	8.635242515274985e-05
13480	1	5.395607863367405e-05
13481	1	5.0426965965449476e-05
13483	1	0.0001229793300944636
13484	1	0.00012414384983336192
13485	1	5.572149148654829e-05
13486	1	2.9145467271322126e-05
13487	1	0.00018173230536122905
13488	1	5.460628515310309e-05
13489	1	2.9145467271322126e-05
13490	1	0.0002069235318346796
13491	1	0.00012414384983336192
13492	1	0.00014635359267849507
13493	1	5.3933169481908264e-05
13494	1	7.194472108636923e-05
13495	1	4.2222340817110716e-05
13496	1	5.9282347388472114e-05
13497	1	0.0001498188031731636
13498	1	2.9145467271322126e-05
13499	1	0.00016288370393356718
13500	1	0.00012780439444322006
13501	1	0.0001886767296057982
13502	1	2.9145467271322126e-05
13503	1	2.9145467271322126e-05
13504	1	0.0001796715468720383
13505	1	0.0002421757136917816
13506	1	0.0005138907925322324
13507	1	0.002247463629646769
13508	1	3.0225751112914537e-05
13509	1	2.9145467271322126e-05
13510	1	5.395607863367405e-05
13511	1	9.990527502119738e-05
13512	1	2.9145467271322126e-05
13513	1	4.630180720774995e-05
13514	1	5.4024837209733855e-05
13515	1	0.00016423219604234048
13516	1	0.00023609580522193296
13517	1	4.384574981153215e-05
13518	1	0.0003950251578840417
13519	1	0.00015111207126841612
13520	1	0.00015082442111303851
13521	1	2.9145467271322126e-05
13522	1	7.510027815401485e-05
13523	1	2.9145467271322126e-05
13524	1	2.9145467271322126e-05
13525	1	2.915687969605182e-05
13526	1	5.395607863367405e-05
13527	1	0.00018395424847731116
13528	1	2.9145467271322126e-05
13529	1	7.648971805277088e-05
13530	1	2.9145467271322126e-05
13531	1	0.00017181303250005865
13532	1	0.00013986898053304283
13533	1	0.00016331011482283742
13534	1	0.0002292611528723671
13535	1	0.000277920023505681
13536	1	4.411242828637804e-05
13537	1	8.216556975039669e-05
13538	1	6.706125391812765e-05
13539	1	5.51748433986962e-05
13540	1	3.426275118188834e-05
13541	1	0.00036513809026564976
13542	1	2.9145467271322126e-05
13543	1	6.030885482341686e-05
13544	1	2.987519232672467e-05
13545	1	0.00024902303143461963
13546	1	4.480406969077558e-05
13547	1	5.0745935393235656e-05
13548	1	0.0006519167281670706
13549	1	9.863009467459009e-05
13550	1	2.9145467271322126e-05
13551	1	5.172349883455803e-05
13553	1	9.975055708998472e-05
13554	1	6.432142543805833e-05
13555	1	0.00010345612682472837
13556	1	5.2543015386468434e-05
13557	1	0.00023933403501403395
13558	1	2.9145467271322126e-05
13559	1	5.9776160245265724e-05
13560	1	7.027196854181738e-05
13561	1	4.5936664896254e-05
13562	1	0.00033276114914111666
13563	1	5.765494650133608e-05
13564	1	2.9145467271322126e-05
13565	1	0.00017751581528870503
13566	1	0.00013254917737558572
13567	1	0.00010519213375337665
13568	1	4.211780240400379e-05
13569	1	4.4147171561266986e-05
13570	1	2.9145467271322126e-05
13571	1	7.875199726034866e-05
13572	1	4.1550772952498096e-05
13573	1	6.110239475997494e-05
13574	1	5.395607863367405e-05
13575	1	6.804169389742664e-05
13576	1	0.00032187927440003146
13577	1	0.0002444223849421657
13578	1	2.9145467271322126e-05
13579	1	0.000108246328075127
13580	1	7.181175446861767e-05
13581	1	3.6832542611832266e-05
13582	1	5.6589832300450446e-05
13583	1	4.28274543401634e-05
13584	1	6.471899319592764e-05
13585	1	8.932513816776827e-05
13586	1	5.498591947237548e-05
13587	1	5.462155895526189e-05
13588	1	0.00015356885868441289
13589	1	2.9145467271322126e-05
13590	1	9.80038701378383e-05
13591	1	2.9145467271322126e-05
13592	1	0.00037574970075612336
13593	1	2.9145467271322126e-05
13594	1	0.00014270571701549624
13595	1	6.817637222145232e-05
13596	1	0.00010057419022305466
13597	1	4.8639040933814626e-05
13598	1	7.878196981862828e-05
13599	1	0.0001129810315103416
13600	1	0.00010917722348517038
13601	1	0.00015331726368203208
13604	1	2.9145467271322126e-05
13605	1	2.9145467271322126e-05
13606	1	0.0003165965141821467
13607	1	0.00018758942353318327
13608	1	2.9145467271322126e-05
13609	1	2.9145467271322126e-05
13610	1	0.00010588788879079184
13611	1	2.917352328050327e-05
13612	1	5.377605142605851e-05
13613	1	0.0011044700685244042
13614	1	4.568587484622341e-05
13615	1	0.00010651778244891066
13616	1	4.585824420065328e-05
13617	1	2.9145467271322126e-05
13618	1	5.463209032153084e-05
13619	1	4.466333567958672e-05
13620	1	5.3948437546097104e-05
13621	1	4.8099443934756226e-05
13622	1	0.00010371500130577516
13623	1	0.00012414384983336192
13624	1	5.646369060297161e-05
13625	1	2.9145467271322126e-05
13626	1	5.534324387027422e-05
13627	1	6.703295217946264e-05
13628	1	2.9145467271322126e-05
13629	1	6.615985451100453e-05
13630	1	2.9145467271322126e-05
13631	1	8.921391719131137e-05
13632	1	5.395607863367405e-05
13633	1	0.00010864177353585522
13634	1	7.875904419899598e-05
13635	1	2.9145467271322126e-05
13636	1	2.9145467271322126e-05
13637	1	8.792027538146001e-05
13638	1	5.393314124258405e-05
13639	1	2.9172096262358075e-05
13640	1	3.791654518897882e-05
13642	1	6.820551703559986e-05
13643	1	6.13109507353342e-05
13644	1	0.0002481242598525551
13645	1	3.328056916504745e-05
13646	1	2.9145467271322126e-05
13647	1	2.9145467271322126e-05
13648	1	0.00012987046614710548
13649	1	5.688123500078654e-05
13650	1	2.9145467271322126e-05
13651	1	2.9145467271322126e-05
13652	1	7.099409226554013e-05
13653	1	8.078683942170762e-05
13654	1	0.00010243457446062034
13655	1	3.6248813413635326e-05
13656	1	0.0036943034608801903
13657	1	5.393697591473168e-05
13658	1	2.9153113068352123e-05
13659	1	0.00018494543267993336
13660	1	0.00013370031492353308
13661	1	5.393317653087804e-05
13662	1	8.88254459571276e-05
13663	1	2.9145467271322126e-05
13664	1	0.002238392698406576
13665	1	4.073465215401399e-05
13666	1	8.007326281453213e-05
13667	1	0.0001795690532295196
13668	1	4.6132169665251485e-05
13669	1	2.9145467271322126e-05
13670	1	2.9145467271322126e-05
13671	1	4.3798574884513444e-05
13672	1	6.604038641812891e-05
13673	1	0.0005829541235342037
13674	1	3.534812011191011e-05
13675	1	2.9145467271322126e-05
13676	1	4.546135717946545e-05
13677	1	2.9145467271322126e-05
13678	1	4.07336620070833e-05
13679	1	2.9145467271322126e-05
13680	1	2.9187120776244285e-05
13681	1	5.396211806885504e-05
13682	1	6.464552722655467e-05
13683	1	2.9145467271322126e-05
13684	1	0.0008547708932783306
13685	1	5.395607863367405e-05
13686	1	6.184758985377172e-05
13687	1	2.9145467271322126e-05
13688	1	0.00011804066705904071
13689	1	9.987695502342386e-05
13690	1	2.9145467271322126e-05
13691	1	2.9145467271322126e-05
13692	1	5.413022255922683e-05
13693	1	5.688123500078654e-05
13694	1	5.402351113037192e-05
13695	1	4.5092947852209835e-05
13696	1	2.9145467271322126e-05
13697	1	0.00010287176425634831
13698	1	4.2219136486420734e-05
13699	1	2.9145467271322126e-05
13700	1	2.9145467271322126e-05
13701	1	0.0001889948076689881
13702	1	2.9145467271322126e-05
13703	1	6.982523863651723e-05
13704	1	0.00022486024284815813
13705	1	7.874370379902431e-05
13706	1	4.968464384064024e-05
13707	1	0.00028677075219291705
13708	1	5.646746068274283e-05
13709	1	0.0003334679370958201
13710	1	2.9145467271322126e-05
13711	1	5.8901119525429536e-05
13712	1	0.00012377630360346016
13713	1	5.395607863367405e-05
13714	1	3.4277318950080815e-05
13715	1	3.0292987893420938e-05
13716	1	2.9176041037634326e-05
13717	1	5.691090841305917e-05
13718	1	2.9581518900454516e-05
13719	1	2.9145467271322126e-05
13720	1	0.00031789908984759335
13721	1	2.9145467271322126e-05
13722	1	2.9145467271322126e-05
13723	1	7.190226656215603e-05
13724	1	0.00048728585031794085
13725	1	2.9145467271322126e-05
13726	1	4.7474188253277956e-05
13727	1	7.5086119150869e-05
13728	1	0.000704077876078708
13729	1	2.9145467271322126e-05
13730	1	7.324057773672997e-05
13731	1	0.00013461674243131188
13732	1	0.00010932455370280144
13733	1	2.916070592329863e-05
13734	1	7.509466365884545e-05
13735	1	0.00012538017163921456
13736	1	3.250522882994275e-05
13737	1	6.333049103972764e-05
13738	1	4.2222340817110716e-05
13739	1	0.00015697418419944418
13740	1	0.0003347252235802822
13741	1	3.9069711816262896e-05
13742	1	2.9145467271322126e-05
13743	1	7.913105178009762e-05
13744	1	6.430253948707015e-05
13745	1	5.395607863367405e-05
13746	1	2.9145467271322126e-05
13747	1	2.9145467271322126e-05
13748	1	0.00016053249704249173
13749	1	3.9069711816262896e-05
13750	1	2.9145467271322126e-05
13751	1	4.740851828570937e-05
13752	1	2.9186317157173806e-05
13753	1	2.9887198276599485e-05
13754	1	5.1841754835289564e-05
13755	1	0.00047756818110754996
13756	1	2.9145467271322126e-05
13757	1	2.9145467271322126e-05
13758	1	4.676950403158091e-05
13759	1	0.00018220119924355785
13760	1	6.765798813495764e-05
13761	1	4.342404945756952e-05
13762	1	5.237257012571196e-05
13763	1	5.354256844430152e-05
13764	1	5.3971365516830164e-05
13765	1	2.9145467271322126e-05
13766	1	0.00010308649229051499
13767	1	0.00035094455013672687
13768	1	4.155077295249809e-05
13771	1	5.395607863367405e-05
13772	1	0.00010281147931605248
13773	1	8.034082215205076e-05
13774	1	0.0008695389830225951
13775	1	2.9145467271322126e-05
13776	1	5.395607863367405e-05
13777	1	0.00013044466131830438
13778	1	2.9145467271322126e-05
13779	1	4.158682104914356e-05
13780	1	2.9145467271322126e-05
13781	1	7.85792583026446e-05
13782	1	5.8505851204924285e-05
13783	1	0.00017341093896950806
13784	1	0.00010357730135837791
13785	1	2.9145467271322126e-05
13786	1	9.006996399864857e-05
13787	1	4.897990835240828e-05
13788	1	2.9145467271322126e-05
13789	1	4.2416924442438406e-05
13790	1	2.9145467271322126e-05
13791	1	0.00019965384433897644
13792	1	0.0001666081878164999
13793	1	2.9145467271322126e-05
13794	1	6.636138431485001e-05
13795	1	4.7409026144725734e-05
13796	1	6.315219172001754e-05
13797	1	5.397348435281915e-05
13798	1	0.00018012309034166348
13799	1	2.9145467271322126e-05
13800	1	8.379531847250743e-05
13801	1	0.00012606888570395878
13802	1	0.00016876700923738696
13803	1	4.630180720774995e-05
13804	1	6.911323269779216e-05
13805	1	0.0009029421072712469
13806	1	6.417024165758499e-05
13807	1	9.598896353221912e-05
13808	1	8.397503435822492e-05
13809	1	3.8181663859155554e-05
13810	1	7.022588231340977e-05
13811	1	2.9145467271322126e-05
13814	1	2.9145467271322126e-05
13815	1	0.00027976984894362376
13816	1	0.0002391983868465945
13817	1	2.9145467271322126e-05
13818	1	0.00012620817765651775
13819	1	2.9145467271322126e-05
13820	1	0.00011799445935058705
13821	1	4.15605292225097e-05
13822	1	2.9145467271322126e-05
13823	1	7.133011188537887e-05
13824	1	2.9145467271322126e-05
13825	1	2.9145467271322126e-05
13826	1	0.0001743512082950808
13827	1	7.298079578696684e-05
13828	1	6.377680298746037e-05
13829	1	0.0001262865707158688
13830	1	8.684619190270579e-05
13831	1	3.534812011191011e-05
13832	1	5.395607863367405e-05
13834	1	2.9145467271322126e-05
13835	1	2.9145467271322126e-05
13836	1	5.398634989857298e-05
13837	1	2.9145467271322126e-05
13838	1	4.539879160794912e-05
13839	1	2.9145467271322126e-05
13840	1	2.9164569990264495e-05
13841	1	3.831551430604764e-05
13842	1	2.9145467271322126e-05
13843	1	2.9145467271322126e-05
13844	1	2.9145467271322126e-05
13845	1	6.878060642652273e-05
13846	1	0.00019355865497014765
13847	1	8.807371072484765e-05
13848	1	0.00012837675054345787
13849	1	5.39636915859178e-05
13850	1	5.768879300652265e-05
13851	1	5.423873360131411e-05
13852	1	3.0501402360427045e-05
13853	1	5.754317166618378e-05
13854	1	5.395607863367405e-05
13857	1	0.00018410366248665795
13858	1	2.9145467271322126e-05
13859	1	4.1566050435582334e-05
13860	1	2.9145467271322126e-05
13861	1	0.00017319057489819878
13862	1	3.7415671058772766e-05
13863	1	6.742867815272512e-05
13864	1	5.395607863367405e-05
13865	1	2.9145467271322126e-05
13866	1	2.9145467271322126e-05
13867	1	5.395607863367405e-05
13868	1	2.9145467271322126e-05
13869	1	4.979618386189097e-05
13870	1	2.9145467271322126e-05
13871	1	0.001874236430648725
13872	1	5.7024940481950166e-05
13873	1	2.9145467271322126e-05
13874	1	7.440704429086333e-05
13875	1	0.00010360645745671451
13876	1	5.395607863367405e-05
13877	1	4.571988380932404e-05
13878	1	4.551176856342426e-05
13879	1	0.00024387645835173227
13880	1	5.096115403993328e-05
13881	1	3.106046404668856e-05
13882	1	2.9145467271322126e-05
13883	1	0.00019931029649203827
13884	1	4.39699950641708e-05
13885	1	2.9145467271322126e-05
13886	1	5.4703090503899596e-05
13887	1	2.9145467271322126e-05
13888	1	2.9145467271322126e-05
13889	1	2.9145467271322126e-05
13890	1	0.0002713165148769535
13891	1	2.9145467271322126e-05
13892	1	5.395607863367405e-05
13893	1	0.00010828891868123147
13894	1	0.00027430131687762246
13895	1	2.9226431952569722e-05
13896	1	2.921488061566811e-05
13897	1	0.0003092269915122823
13898	1	0.0001237006000783577
13899	1	2.9145467271322126e-05
13900	1	2.9145467271322126e-05
13901	1	0.00036985324272152095
13902	1	4.637330082580688e-05
13903	1	0.00016522448126176677
13904	1	5.395607863367405e-05
13905	1	0.00011751375668371221
13906	1	2.9145467271322126e-05
13907	1	0.00010909861865051719
13908	1	0.0001801752966168576
13909	1	4.9820976739948735e-05
13910	1	0.00011533407645314457
13911	1	2.9160693175809604e-05
13912	1	2.9153113068352123e-05
13913	1	4.237516663637028e-05
13914	1	2.9145467271322126e-05
13915	1	9.117199567720194e-05
13916	1	2.9145467271322126e-05
13917	1	2.9145467271322126e-05
13918	1	0.0002622398588240829
13919	1	4.2179598359979455e-05
13920	1	5.8222480554102424e-05
13921	1	2.9145467271322126e-05
13922	1	9.497526408927354e-05
13925	1	0.00011735183618429484
13926	1	4.3816439499375236e-05
13927	1	2.9145467271322126e-05
13928	1	2.9145467271322126e-05
13929	1	4.8531536058676594e-05
13930	1	0.00011150249953249926
13931	1	0.00011937742561625693
13932	1	4.211634519988417e-05
13933	1	5.258800695596147e-05
13934	1	0.00010686124600721249
13935	1	6.269955730981568e-05
13936	1	2.9145467271322126e-05
13937	1	7.133011188537887e-05
13938	1	2.9145467271322126e-05
13939	1	2.9145467271322126e-05
13940	1	2.9145467271322126e-05
13941	1	2.9145467271322126e-05
13942	1	2.9145467271322126e-05
13943	1	2.9145467271322126e-05
13944	1	2.9145467271322126e-05
13945	1	4.6722471836974674e-05
13946	1	2.9145467271322126e-05
13947	1	0.00030831506365838724
13948	1	2.9145467271322126e-05
13949	1	2.9145467271322126e-05
13950	1	0.00013435718288188137
13951	1	0.00014109077476649233
13952	1	2.9145467271322126e-05
13953	1	2.9145467271322126e-05
13954	1	2.9145467271322126e-05
13955	1	2.9145467271322126e-05
13956	1	5.419350707946463e-05
13957	1	8.271343309788363e-05
13958	1	4.2222340817110716e-05
13959	1	2.9205447626708214e-05
13960	1	2.9145467271322126e-05
13961	1	2.9145467271322126e-05
13962	1	2.9145467271322126e-05
13963	1	0.00019586428524453423
13964	1	4.91139834299065e-05
13965	1	2.9145467271322126e-05
13966	1	2.9145467271322126e-05
13967	1	3.213978657061492e-05
13968	1	4.844260944204029e-05
13969	1	4.377785677508022e-05
13970	1	4.958227018602547e-05
13971	1	2.9539139440655003e-05
13972	1	2.9145467271322126e-05
13973	1	0.0005601669979207977
13974	1	0.0011131167736571515
13975	1	4.2222340817110716e-05
13976	1	4.1417077926903964e-05
13977	1	5.543738540348237e-05
13978	1	8.161226874941444e-05
13979	1	2.9145467271322126e-05
13980	1	0.00014206998358716504
13981	1	2.9263340111502093e-05
13982	1	5.488572091202519e-05
13983	1	4.9820976739948735e-05
13984	1	9.707347785167726e-05
13985	1	2.9145467271322126e-05
13986	1	6.75626326817976e-05
13987	1	8.131246864720506e-05
13988	1	2.9145467271322126e-05
13989	1	4.1550772952498096e-05
13990	1	2.9145467271322126e-05
13991	1	6.5592227372271e-05
13992	1	7.049648620857534e-05
13993	1	2.9145467271322126e-05
13994	1	4.546135717946545e-05
13995	1	9.177059107970201e-05
13996	1	6.881372668698613e-05
13997	1	7.569987740531311e-05
13998	1	4.2222340817110716e-05
13999	1	2.9145467271322126e-05
14001	1	0.0001685363602795324
14002	1	4.2219136486420734e-05
14003	1	5.395607863367405e-05
14004	1	2.9145467271322126e-05
14006	1	2.9145467271322126e-05
14007	1	2.9240464322053887e-05
14008	1	4.6227118622886467e-05
14009	1	5.395607863367405e-05
14010	1	5.488572091202519e-05
14011	1	4.1869877078190954e-05
14012	1	5.603772881594118e-05
14013	1	2.9145467271322126e-05
14014	1	7.623373753775784e-05
14015	1	2.9145467271322126e-05
14016	1	0.00010226392722141496
14017	1	4.467970364711124e-05
14018	1	2.9145467271322126e-05
14019	1	5.2533259866632634e-05
14020	1	2.9145467271322126e-05
14021	1	7.631019253594713e-05
14022	1	5.395607863367405e-05
14023	1	5.4714934594567716e-05
14024	1	0.00010289975034538456
14025	1	4.7753425793086074e-05
14026	1	2.9153098957376368e-05
14027	1	2.9153110712900175e-05
14028	1	2.9145467271322126e-05
14029	1	6.553609134452815e-05
14030	1	0.00012466319735182088
14031	1	6.637113758385579e-05
14032	1	7.199237317982536e-05
14033	1	2.9145467271322126e-05
14034	1	2.9145467271322126e-05
14035	1	5.3984389610266396e-05
14036	1	0.00019136619851559567
14037	1	0.00010797001429726476
14038	1	2.9145467271322126e-05
14039	1	2.9145467271322126e-05
14040	1	2.9145467271322126e-05
14041	1	4.460970552614705e-05
14042	1	6.325904579909132e-05
14043	1	2.9145467271322126e-05
14044	1	2.9145467271322126e-05
14045	1	3.741567105877277e-05
14046	1	0.0001952925139914108
14047	1	2.9145467271322126e-05
14048	1	0.00010859410699999267
14049	1	2.9145467271322126e-05
14050	1	6.856175926751194e-05
14051	1	5.753873961295182e-05
14052	1	2.9145467271322126e-05
14053	1	4.3751147905160004e-05
14054	1	4.375928632004429e-05
14055	1	2.9145467271322126e-05
14056	1	2.9168285123586704e-05
14057	1	2.9145467271322126e-05
14058	1	7.644500120517766e-05
14059	1	4.189940016602196e-05
14060	1	2.9145467271322126e-05
14061	1	0.0003413427627367514
14062	1	0.00018514192132062417
14063	1	5.152494865734956e-05
14064	1	0.0001863994579557162
14065	1	4.7354145888223906e-05
14066	1	7.45199125621656e-05
14067	1	4.9291800683175895e-05
14068	1	7.211073168406011e-05
14069	1	2.9145467271322126e-05
14070	1	8.033655846210136e-05
14071	1	2.9145467271322126e-05
13147	1	7.539444859977662e-05
13146	1	4.089169501500618e-05
13289	1	0.007738243927751236
13283	1	4.2569551826870445e-05
13201	1	0.0002928278502414356
13435	1	5.483760710642987e-05
13286	1	6.241664376409521e-05
13242	1	8.006843069760209e-05
13482	1	0.00022832687840134523
13444	1	0.00021448637990973527
13552	1	0.0026062466307122173
13443	1	0.00011869427391273517
13407	1	6.900864665706039e-05
13436	1	4.158867483056181e-05
13602	1	0.0002495766453168211
13262	1	8.290323518271875e-05
13924	1	8.986466393990642e-05
13856	1	2.915306623345455e-05
13923	1	9.168354870973533e-05
13261	1	9.179866983518363e-05
13220	1	2.9145467271322126e-05
13833	1	6.504605437449289e-05
13855	1	2.9145467271322126e-05
13465	1	5.1333419922288095e-05
13603	1	0.00024128682136467447
14000	1	4.411620189515188e-05
13641	1	6.710112303288914e-05
13466	1	8.121264763078508e-05
14005	1	0.00010864182358350903
13241	1	2.9145467271322126e-05
13812	1	2.9145467271322126e-05
13769	1	2.9145467271322126e-05
13157	1	2.9145467271322126e-05
13770	2	3.534812011191011e-05
13813	2	4.1550772952498096e-05
