11815	0.00015622716382228323
2163	0.00043405502277961113
9939	4.495639305821224e-05
6838	0.00017235875781956278
3451	4.099122324772407e-05
8416	0.00010278531442417359
9811	3.385707088233529e-05
398	0.00017028871891518343
1493	0.00027450834460836866
7543	8.452191237391742e-05
2085	4.023020705116624e-05
31	0.0012408044276169604
4043	0.00018864138877580219
7232	6.985241812381549e-05
2360	0.0005409762111455563
11534	0.00012368839076384435
838	0.011374262295942478
12779	0.0005763213976445393
12472	3.46300611487522e-05
4168	0.00024181926615432872
4455	3.385707088233529e-05
617	9.801288647028358e-05
1138	0.00021361878685889683
5050	7.582526085563955e-05
280	8.540232056839153e-05
771	0.0004831573660065307
5183	3.385707088233529e-05
1551	0.0022160541283022107
2305	0.00011110118259925022
3920	8.670876628038609e-05
688	0.0001802645064297447
882	0.00013941651548689802
12454	6.488106513651149e-05
1193	0.0028874812244325345
4232	3.385707088233529e-05
9369	4.877555770458576e-05
1608	0.00011793801708093092
8439	6.513469604257315e-05
12780	3.385707088233529e-05
1802	5.757979681267026e-05
5859	0.00012027573776771481
1258	0.0004448724430920698
11849	3.385707088233529e-05
2479	3.438996064514588e-05
6562	7.578834723724844e-05
7955	5.258010395847665e-05
10221	0.00010542001075666855
209	0.0003146723879189488
7630	4.2774567425015104e-05
7654	4.099078022287749e-05
11052	3.385707088233529e-05
12062	5.7566322297757456e-05
12781	3.385707088233529e-05
412	0.0006549406970040516
2409	0.00019703559648521037
7251	0.00023309411075581794
533	0.0002153801103941113
8772	4.5153628519625213e-05
3737	4.8693754828245986e-05
7161	0.00015016824755038384
218	0.0014205569439196383
11823	9.677509970581016e-05
1938	3.416819409620884e-05
1073	0.00020395742687526964
80	0.031161238188261907
2865	0.0001439495593421985
9439	5.2392524225145216e-05
324	6.681121492094062e-05
3907	0.0006429321100589093
4367	0.00013339711683012988
422	0.00010560841632914985
11593	3.385707088233529e-05
279	3.777393523500789e-05
12732	5.2919566059840954e-05
1344	0.00021626469589404476
1	0.0001331493003478314
0	0.0031280760132765513
4981	3.385707088233529e-05
12395	4.429196934613682e-05
4575	0.0002797816723458646
2763	8.042800477242441e-05
1432	3.385707088233529e-05
11204	3.425423676087771e-05
2291	4.859641766074965e-05
428	8.960702267225077e-05
4764	0.00013482573986425088
11494	5.534714872764505e-05
3973	5.352701134176767e-05
755	0.0013196968483130463
6499	0.00020931731271675298
5984	9.894261745258616e-05
2352	0.0001641380343338945
11730	4.762256710755587e-05
10492	3.3871353860198184e-05
51	0.004133155950547173
2549	6.755071654149523e-05
3088	0.00024971370629442305
456	0.00010134707015283854
501	7.665760846978716e-05
9029	5.2893402252211666e-05
3021	0.0003185501627361739
6671	5.629312157372842e-05
2020	0.00012852678833873328
7736	6.819824370933399e-05
7315	4.5620512116733e-05
5864	0.0001915876003000367
3529	5.618509690958128e-05
3194	0.00012634545037813855
4446	0.0003204029766236988
6095	0.00014310865893180942
4208	0.00025249011732632234
6775	5.466266432267602e-05
4362	7.966660392668993e-05
441	3.385707088233529e-05
12607	0.00013999362545582904
3613	6.423972827798652e-05
8682	0.00010777836974883948
4396	5.846460640572754e-05
6279	3.51126267292001e-05
9278	0.0001345212868654276
4550	0.00010333186221150588
1163	3.385707088233529e-05
2022	3.998971816806504e-05
8967	5.756969056759911e-05
158	0.00012834357523124477
11621	0.00013131963687135334
278	0.00011249049383044664
1423	0.000689902289234163
8123	8.787367890730687e-05
2312	0.0001937576695394006
37	0.000162720113556525
5616	3.385707088233529e-05
6547	9.362475935270849e-05
9846	8.51444993448465e-05
9373	6.16999607240436e-05
1365	0.0004460242941129212
1260	5.593074367598893e-05
977	0.00011891944916433194
10659	6.895328321304301e-05
9796	8.87762326183653e-05
5818	7.841859442391553e-05
11183	4.40698131091634e-05
7618	0.0002803509983583055
2650	0.000246536453143346
272	0.0005933623484641299
5365	4.520441142617692e-05
53	0.010140687270044666
420	5.076463761271595e-05
2101	8.419755890099053e-05
5223	0.00014459120195838612
8938	7.48399535304464e-05
11329	0.0002044221726992213
47	0.0026166929312390697
3366	3.385707088233529e-05
7498	6.690691280791717e-05
6952	8.90142769391474e-05
2805	0.0005094508181388893
7873	0.00035620344412715284
9931	0.00010421508869150755
415	0.0010256059740935363
7291	4.32670760523436e-05
10709	3.4039379359840244e-05
3321	9.435153829455748e-05
2859	0.0001024458236379884
6444	3.4631102321832005e-05
5465	0.0005441863144757326
98	0.00352845827789944
11447	5.761252513046074e-05
2348	3.385707088233529e-05
10038	0.0001774613293249103
1637	3.385707088233529e-05
6075	8.191969263648078e-05
10077	4.758153408750256e-05
6700	4.704455595394596e-05
7302	4.733308491152611e-05
9515	7.329414304037332e-05
1667	0.00020424123290979648
7442	3.385707088233529e-05
240	0.002030271202581323
3070	3.443281224361621e-05
3069	4.7482514806610715e-05
4990	0.0003436533703008186
7552	4.222422767102721e-05
9216	0.00018262097516701312
163	0.005719777173300499
11961	3.425147898963049e-05
3244	5.352802393730326e-05
4614	3.385707088233529e-05
5478	4.13891399661734e-05
3142	5.7891401772685046e-05
5378	6.012436104754582e-05
7876	9.510121848231356e-05
11257	3.402579352444666e-05
3491	6.885903610832706e-05
7173	9.087210447619635e-05
1021	7.210598466816405e-05
9025	5.5817392153980076e-05
2841	0.0011312707591475324
8799	7.816864650796439e-05
4301	4.130993520273739e-05
6205	6.347996889431589e-05
295	4.988223199101716e-05
5695	5.404153750081564e-05
82	0.0003513797492473479
9924	7.006235354570264e-05
5366	0.00013876560825250582
4295	3.385707088233529e-05
7083	8.790992020195298e-05
7971	5.772267919431745e-05
3306	9.948102175414516e-05
10984	4.9801954176367224e-05
879	0.0001983000365146117
885	0.0001889873635281636
175	7.568198486015241e-05
7126	5.87265505827394e-05
5427	4.194504996354486e-05
4105	0.0004722634426045074
1015	0.00014775576715190102
4053	0.00010652674112949088
912	0.0010944955045609404
974	7.167484072547886e-05
1248	6.0596399015570775e-05
1167	3.385707088233529e-05
11598	3.6326908870329885e-05
112	8.004442710127627e-05
1347	7.395102353573321e-05
2310	7.119502896565397e-05
1131	8.397222288054745e-05
10851	0.00014331263563564184
12782	9.374334346383985e-05
2433	0.0002224956439608111
12412	5.378440453996533e-05
600	0.00018440561010639177
12783	0.00013733940811515587
12594	4.105309632561178e-05
3300	8.581169855198353e-05
9336	6.51184432165177e-05
9714	5.506918179145331e-05
1602	5.1289153361685753e-05
2606	3.385707088233529e-05
2247	5.577683364582019e-05
12784	6.421640972180185e-05
10872	5.711219310783314e-05
11207	4.999709318794977e-05
11497	3.385707088233529e-05
10162	4.085023424506115e-05
11656	0.00043392369391322626
205	0.0009249737781761912
12785	8.698275103192334e-05
4849	4.410208937472498e-05
11013	3.666211588736061e-05
761	0.0002083801120424111
490	3.385707088233529e-05
12495	6.20235029995087e-05
4006	0.00016428214870111628
3947	7.476877747013103e-05
86	0.00026601862587577544
374	0.00027321722919622404
8747	7.031386980635416e-05
2229	0.0003571244082793159
5315	0.00014723973564431217
5930	9.837284575804319e-05
1619	0.00040761877485267665
4878	3.385707088233529e-05
12786	3.481714008910259e-05
9391	6.391855921004613e-05
9207	0.0001710409525294199
8540	4.5380463800127904e-05
3032	0.00010713122767180039
6890	8.548256202596493e-05
6177	5.007538842011345e-05
1303	0.00026750156130666034
9977	6.917850623894675e-05
203	0.00014488721694337064
12787	3.385707088233529e-05
7180	8.122049820032322e-05
5444	0.00018468028897584103
3741	8.86476832168742e-05
264	8.205717919259423e-05
1545	0.00013741964687990872
3186	9.182902628641821e-05
2389	6.989333927760185e-05
10835	3.385707088233529e-05
152	7.26238498325547e-05
10373	3.385707088233529e-05
8418	5.9381117764232115e-05
3164	3.385707088233529e-05
8343	4.9352553978709136e-05
12024	4.523051312429805e-05
12766	4.372017729914004e-05
9821	4.6477128299927915e-05
8842	4.575527894440335e-05
1778	6.02742295614839e-05
759	5.327682210811991e-05
1188	3.385707088233529e-05
3815	0.00024023071704817333
298	3.385707088233529e-05
11698	0.00010788572125906979
7323	4.557389486203325e-05
3033	0.0005740050783508133
7147	9.56210483930517e-05
4225	3.385707088233529e-05
93	0.0011474299048455689
5488	3.395642384835865e-05
6803	0.00010722467253587615
10118	9.423457678372157e-05
12788	0.00010951744817825674
3136	0.00020563187611934638
12705	5.009282384694713e-05
7581	8.655869759417541e-05
5640	5.05700186825539e-05
1359	0.00016725577767801058
319	0.006960797213092497
563	7.275119986456181e-05
4149	5.474689477638224e-05
12293	3.429727643553511e-05
3155	0.00010117414901410661
2123	0.0027784688805433146
9197	6.753234290872713e-05
1823	3.385707088233529e-05
6134	7.96182010128381e-05
11404	8.146051969971808e-05
973	7.203641599099295e-05
7739	8.412942547533733e-05
7378	5.775141871519019e-05
1414	8.184324313637594e-05
7734	5.474449068964898e-05
2073	0.00017769446945509846
7792	3.385707088233529e-05
6396	5.469829152490481e-05
11050	3.883546915366891e-05
3308	8.538309352893109e-05
12708	3.385707088233529e-05
5508	5.909712251863092e-05
737	3.385707088233529e-05
12150	6.614369732566082e-05
3499	8.468055519547485e-05
9115	4.588893947248335e-05
12099	4.1617347468201386e-05
10564	3.385707088233529e-05
11454	9.049656789489781e-05
8015	0.00011045709426249564
6497	0.00017335995897627688
818	0.0003830406276138628
11284	6.691213981433724e-05
4337	0.0003377031634601937
5752	0.00018934112660005028
3969	0.0003894947133976674
2122	7.630981790818552e-05
2783	5.163907953899571e-05
12789	0.00010913283845330688
12790	4.431140408041067e-05
12791	4.236660393765994e-05
403	0.0035007509687625927
2275	3.385707088233529e-05
5083	5.759876915169024e-05
7742	6.76369103322197e-05
12792	0.00010227522501134017
4915	6.668776475853376e-05
575	0.0001365022762277856
8386	7.60041768901702e-05
5325	6.504896012823865e-05
5543	0.00013391211169287882
12669	3.385707088233529e-05
12793	6.94184800423924e-05
1128	3.385707088233529e-05
424	0.000277516646217029
654	3.524524055479975e-05
11308	7.994377494752956e-05
12650	9.286102982030807e-05
7225	7.432620585920782e-05
5883	8.06560372869593e-05
2208	0.0002311953263553536
7594	0.00014409672944025331
1672	0.0007376185002316294
3081	8.138185540006522e-05
3150	0.00020004720704462137
10242	4.231980064152222e-05
12794	9.041297129917351e-05
4904	6.563624927461556e-05
11298	3.385707088233529e-05
11361	5.87553215518623e-05
2337	0.0006278343507974684
1977	6.0597835808446734e-05
773	0.0023828464981367962
10231	0.0002391221481563255
5065	0.00013892060199679866
8401	8.573834800717462e-05
3023	5.371320080229086e-05
5938	7.624018820155165e-05
10753	6.271912410516909e-05
9122	8.954985694905659e-05
3863	3.5019543964724255e-05
1166	7.049867762439446e-05
8235	3.385707088233529e-05
8033	0.00010378862167102177
426	0.0013478921418909168
11304	4.899702911650908e-05
5710	0.0002915582441206284
11344	0.00011227825398001336
9833	5.7890520271971856e-05
989	0.0011108487483408494
4014	5.400724323842055e-05
10719	7.067223464455675e-05
4259	3.385707088233529e-05
10439	3.399937078898812e-05
2618	0.00027253805491023425
5099	0.00010127609773573702
9059	6.296299554135073e-05
642	0.002403397458050914
7195	3.385707088233529e-05
8572	0.0001740096494230923
5870	6.67740575896105e-05
176	0.001858392452996462
1659	0.00045322403770829787
8207	4.402943916648971e-05
2617	0.00011358960097623277
340	0.0001174962013858673
9733	0.00012748566269168898
11350	9.262946310846206e-05
3414	0.00020344466025942073
5430	5.759593642017542e-05
89	0.001572343930185585
2589	3.685348933476962e-05
8050	0.00010818762354747495
4421	0.00013461178627363732
10871	8.707539547061564e-05
915	3.385707088233529e-05
6452	8.631586645863356e-05
4676	3.385707088233529e-05
2698	0.0002818034078711252
2877	3.385707088233529e-05
6166	3.3860431038164286e-05
10768	0.00023352581956432398
396	0.00028347026569398653
3046	9.284999417506561e-05
8741	0.0002447199336234293
12590	4.742257167604662e-05
7242	3.385707088233529e-05
7320	0.0001400683867049229
3570	7.530964024146429e-05
6760	3.385707088233529e-05
1452	0.00019379159673491836
5633	3.385707088233529e-05
2532	4.2893409807622195e-05
7230	0.00010358260525306294
7621	0.0001067125700446161
3967	3.385707088233529e-05
7684	7.834786143235133e-05
11663	0.00019895062483837967
1773	7.800034647131026e-05
7228	0.00011194528094926224
3141	7.239048666372304e-05
8095	3.385707088233529e-05
471	6.264434656381044e-05
568	0.0011159836742306555
73	0.00010059949423559442
4555	0.0001082453349095267
12500	4.225556112929958e-05
2851	0.00015004419584226632
7214	6.0741828414807584e-05
2548	3.385707088233529e-05
8574	4.6455585472384984e-05
2928	8.840611584163771e-05
3788	0.0010526827467285844
10158	6.392354363579796e-05
7972	7.941346369759705e-05
5413	5.82182548850421e-05
10852	6.124042247700714e-05
2403	7.434939830879185e-05
4118	9.4295794188988e-05
1072	0.0001752631087593728
713	4.1060860766061127e-05
4120	8.689628108556424e-05
10543	5.14929796638011e-05
6742	5.410334055254426e-05
10334	5.6008098744104585e-05
701	0.00013706631878653342
349	0.00017394273240898777
9298	4.79005585584099e-05
5665	6.678401016345819e-05
4047	0.00011793468774380376
11971	5.756969056759911e-05
3331	4.55686996699642e-05
10930	3.385707088233529e-05
2004	0.00025241502014198815
11878	4.708947976614976e-05
8265	8.871196642567088e-05
10551	0.00015622813194605514
12795	0.00012742947899490185
11768	5.4846017978089174e-05
9394	4.3611598721607224e-05
8442	3.385707088233529e-05
3714	4.656487880581585e-05
10736	3.385707088233529e-05
8273	6.166480359864964e-05
580	9.57478164800027e-05
1000	0.000867477131484874
2364	0.0008962464740871875
1096	0.00031867328197096394
8801	5.455329221573928e-05
1636	3.385707088233529e-05
12796	3.650669192660307e-05
10202	5.116752338074016e-05
63	0.00011544079670297415
943	6.671370143990346e-05
1191	5.867764136094742e-05
11847	3.385707088233529e-05
2257	0.000560989417080707
12797	8.964995110959382e-05
12488	4.841814064243567e-05
10248	3.385707088233529e-05
5127	0.00020320259584189854
3906	0.00033078125241850465
1207	0.00016216057989973674
11584	7.663803612949322e-05
1872	0.0008940707961480308
1485	3.385707088233529e-05
3742	0.0001037401321602861
2444	3.385707088233529e-05
12716	4.817875725360847e-05
12798	3.385707088233529e-05
1309	6.211308937713561e-05
5082	7.644367630320245e-05
12168	8.62444848290004e-05
5700	5.7742539284111674e-05
4702	0.00015174379896598495
6031	3.389136061226969e-05
4935	4.854689982170451e-05
1600	0.0009470979646735175
1353	8.102546352081567e-05
1885	5.4099692712860677e-05
6896	9.696058042540813e-05
6483	0.00012463697073671843
4457	5.162526819287391e-05
2135	0.00021478468033067673
6617	3.385707088233529e-05
5836	8.042681582981789e-05
1371	0.0012625566210867029
8898	0.00017991387363810145
72	0.0004309039080091547
6540	4.486602906058355e-05
10525	7.121546678932094e-05
10186	0.00014173162366789776
11633	8.350155638012471e-05
5114	0.00016652202852339608
3146	0.00013726787341819074
11253	5.5926592515665946e-05
11006	4.042546567376381e-05
6637	0.0005383576452305973
1521	0.00012638330950093436
4726	8.281810068536312e-05
12799	8.06371959406981e-05
1580	0.00014265679574123862
1198	0.00020216317203208912
3535	0.0004976999876123544
12800	5.281358690444149e-05
4970	9.39218882450839e-05
1647	0.00015143807846204916
12801	7.415605910304205e-05
5966	0.0002977569892764707
4383	0.00010503665071222504
10679	4.5688512585636426e-05
393	3.385707088233529e-05
12134	5.2849990158551256e-05
12423	6.364975083919869e-05
4804	0.0001597901132513689
2569	0.00011436686562585418
2666	0.00013758461317243622
7637	0.0008062696407684711
9620	7.971604022782496e-05
2371	4.847425042819691e-05
260	9.108645215588087e-05
3138	3.385707088233529e-05
5713	3.385707088233529e-05
12625	5.4270075855007274e-05
1483	0.00012073659384684079
12757	6.675722366650555e-05
5408	0.0004354181694481885
12802	4.13592811007828e-05
9907	0.0001458619124531544
3923	9.661779517892813e-05
2344	0.00011494917201242466
5887	0.0005801787736976198
7394	3.385707088233529e-05
5728	9.92199315144359e-05
512	6.083666337936987e-05
2423	9.495387325772793e-05
5367	0.00011833498815230618
2572	7.468995496568706e-05
12803	4.541193346700754e-05
11610	0.00014593775209802064
5753	3.385707088233529e-05
1992	3.8262682489848775e-05
683	0.0010641630065165858
8527	4.224246816962946e-05
8323	8.194181580978615e-05
8485	4.5174002674991195e-05
1075	0.002608895295093907
11143	0.00018282931895977276
5843	6.22170168883711e-05
8503	6.672019858554761e-05
7694	3.385707088233529e-05
6657	3.385707088233529e-05
6406	0.00027076994404720594
12599	6.91218618221047e-05
4214	3.385707088233529e-05
11283	9.569111767184948e-05
12682	4.276604702038461e-05
4655	4.743615043205492e-05
3722	0.00024413453480778887
2271	4.094616455645631e-05
6977	3.385707088233529e-05
511	5.942294580617317e-05
2616	0.00018153968290825649
3524	4.929276707166801e-05
746	0.0003314554590401398
6298	4.410768008376199e-05
9858	3.385707088233529e-05
1616	3.385707088233529e-05
10187	3.642846565554299e-05
10878	7.238179787848443e-05
10645	4.643282364247266e-05
3658	4.132627392131565e-05
10215	0.00012729183190142356
7934	8.188818782874606e-05
2083	0.0001279682725698997
549	6.108733082416074e-05
1287	5.398983033289357e-05
12804	6.925242721131245e-05
1011	0.0004045404162453543
1544	3.385707088233529e-05
10655	4.942635925520197e-05
5015	0.00012638943668257844
4410	0.00014167631381008374
2521	0.00041391450249736667
12760	8.801224786299147e-05
5033	3.385707088233529e-05
2290	3.385707088233529e-05
2435	0.00033313532231830326
7460	5.757642232620387e-05
11872	0.00010390141800104902
94	3.385707088233529e-05
6962	3.386107639241726e-05
1036	0.00026020935495225207
5112	5.322210478276794e-05
10214	3.385707088233529e-05
2816	4.878636713296289e-05
8114	0.00011733323604038472
92	7.076413812859702e-05
1180	0.00010126375763282935
4573	0.00025665215193560354
4048	3.385707088233529e-05
784	0.00022560373941050792
2326	4.9988215380239505e-05
555	0.0003296295522128402
5808	3.385707088233529e-05
4273	5.5466176644592895e-05
7350	3.385707088233529e-05
2968	0.00034532489796859726
11989	4.527904313525734e-05
4340	9.338579823101079e-05
7075	0.00010439671944537014
3860	3.385707088233529e-05
2963	0.00016603676493831911
11470	4.879076350819452e-05
6435	0.00010076844229142039
2463	8.633191656040704e-05
4791	9.226105048088908e-05
2728	9.160728892148197e-05
727	0.000138193728452488
9819	9.583973403214685e-05
7476	3.5623461494241606e-05
8940	3.454414172462622e-05
6597	5.023156420396816e-05
9148	8.389117729361008e-05
5536	0.0001250986991061049
8463	5.314432289837083e-05
946	3.385707088233529e-05
7952	0.0002447224880979164
2429	0.00011968449149524652
4110	0.00030813832751430133
7743	0.0002699467368146682
6383	9.237116694097005e-05
1893	0.00015065692339265638
4101	0.00015907642032135503
3297	5.6329052531431356e-05
3715	6.354436677964272e-05
8937	5.362342180754728e-05
7408	9.145025850349965e-05
3517	0.00012139048890949034
7418	6.003764960562864e-05
297	0.00022757078540426898
2160	0.00024703408185256507
8504	0.00015912400491654996
3453	0.00018669450089207437
863	4.0704967732232614e-05
625	0.0017227789396024914
11664	4.275131634442701e-05
10264	3.385707088233529e-05
7208	5.760183872079429e-05
682	6.557472480056778e-05
186	0.0005455457378596723
130	0.0004180034055330617
9150	0.00011161145880482356
11109	0.00018242799298383929
6395	0.00010124789704488578
2838	0.00040294712490173665
7491	5.5132587756923454e-05
2533	0.00030913509452143114
5740	3.385707088233529e-05
10711	6.456182995842163e-05
12805	8.588996899486426e-05
12806	0.00014656413605801605
11009	0.0006964420553938121
5916	5.069021812397378e-05
3130	0.00015108450178851794
3792	5.0664054037183184e-05
717	0.0010109631076844368
6215	4.7289332703012114e-05
1158	7.786496856465908e-05
1578	0.0002557263303027571
12652	4.36791830441599e-05
3800	3.385707088233529e-05
11812	7.321954311560503e-05
11141	7.054642265405616e-05
2256	0.00011095057615753597
12588	3.861845357469273e-05
9399	3.385707088233529e-05
730	0.00013906717307165948
3968	4.064952851744624e-05
2384	0.0001794510857503911
12807	4.950910063318092e-05
12808	4.9699243802137454e-05
43	0.000885844402454301
12809	3.386951092425802e-05
1719	0.0001030449144928795
6363	5.985891879290582e-05
12502	4.266789928349766e-05
9875	6.207360706220186e-05
4299	3.385707088233529e-05
6145	0.00019904021687244594
4836	0.0002758435503614984
5732	5.63030141511584e-05
7112	8.637505833809295e-05
1286	0.0004250833566429228
8839	4.465717883178563e-05
618	3.385707088233529e-05
651	0.001891347424805365
1199	4.184509816900005e-05
10910	8.503320479619665e-05
4782	4.451894619618685e-05
854	0.00010769818486277309
11249	0.0001862455066556235
3483	3.385707088233529e-05
2987	7.057547177251935e-05
2623	8.687690668460039e-05
2110	0.0002419469400088528
8067	3.385707088233529e-05
12221	8.814777766796343e-05
5439	8.306176624028709e-05
9254	6.139649216111078e-05
12810	3.385707088233529e-05
12811	5.509010488339082e-05
3670	0.00010054136276252072
2469	0.00013398562162409344
677	0.0002326903199503245
10550	3.387754531368272e-05
4290	3.386380904940383e-05
12812	3.38604398224644e-05
3380	7.365696789246511e-05
4638	0.0001794985021560344
10818	5.778298532439899e-05
4963	0.00012647842678182195
12813	0.00012882559931217478
1845	3.385707088233529e-05
8233	8.81068504003865e-05
7005	8.057587987118292e-05
1265	0.00010379738354851808
6610	0.0001319545210853001
9010	4.898370495663247e-05
5008	8.351982715228019e-05
11064	4.929514486469585e-05
3107	0.00013574692661100723
9425	0.00012889181105901328
2821	6.24599601989498e-05
12814	9.108558468782951e-05
12815	3.385707088233529e-05
1703	0.0017469417329827733
10058	0.00013890832434039436
8607	0.0001030848762640627
3732	0.0001162765979623587
10781	3.386717569186026e-05
11442	3.894157214025487e-05
1833	3.385707088233529e-05
1774	3.784147850437278e-05
12816	3.385707088233529e-05
998	3.385707088233529e-05
8138	3.583772375356643e-05
10470	7.011160881717061e-05
3687	7.564019608533681e-05
10500	8.13148159454658e-05
12817	3.385707088233529e-05
12818	3.385707088233529e-05
12819	3.386043628393694e-05
3438	0.0005164510574270437
7988	0.00012309632727503712
2245	0.0001484696931983044
4927	5.9375443479874805e-05
11627	0.00010873023218704845
11151	7.502221799592192e-05
5804	0.00021168800239306377
538	3.385707088233529e-05
4822	0.0001703808099808391
5688	0.00013239103959906975
2023	5.7603855773674184e-05
4811	0.00017713892372178518
6191	0.00029190551835327433
11324	9.359463582002949e-05
8725	3.385707088233529e-05
1956	0.00011241993672485522
12820	4.5188422561115786e-05
4453	5.777390709529058e-05
1242	6.0698302341486435e-05
1596	0.00012659801392027396
672	0.00016090690540758392
4710	6.911967946103105e-05
10666	9.959484806471276e-05
1814	9.129524993212763e-05
12821	4.57388832653175e-05
493	3.385707088233529e-05
1039	0.00011164199125182914
10873	0.00013699547069318842
10561	0.0003532115555442204
231	0.00014303759845308978
64	0.00020014793650827045
2574	0.00013784432789083108
3933	3.548186830041053e-05
3111	9.231712451640271e-05
9413	3.385707088233529e-05
17	0.0022457723084206844
5221	5.691087808032983e-05
1993	0.0009397117446798627
1848	3.385707088233529e-05
3394	5.422933982247161e-05
1458	0.00019061043922206493
8683	3.385707088233529e-05
12822	4.575358307891599e-05
9813	3.385707088233529e-05
9726	0.00011729932216242227
3140	0.0001132896138742121
8588	4.828469598672004e-05
4368	0.00015465110294839897
916	0.00012404691098853363
9848	3.385707088233529e-05
6716	3.385707088233529e-05
5771	3.461059225705275e-05
6003	0.00013103214398649647
8774	8.760796607120192e-05
10431	0.0001409836895938026
2669	0.0003395474156824306
10654	3.385707088233529e-05
826	4.291836194545505e-05
12152	0.0002691907292913826
10312	3.500237248500218e-05
11977	0.00010614184305667781
1657	5.0837952476308465e-05
993	8.941147512248212e-05
9654	7.051131813077531e-05
6081	4.143719340157359e-05
10125	0.00012642209251195575
7857	8.765551807816796e-05
11483	3.385707088233529e-05
4463	0.00013422622283037946
8255	5.716693101494954e-05
9424	0.0001403411399011493
12823	0.0001471941427518754
12739	0.00013795668723929372
11300	3.385707088233529e-05
11739	7.158965522172831e-05
9713	3.420728492500139e-05
4399	0.0002643320936602118
296	0.00011898617291378032
7662	3.385707088233529e-05
9774	6.612469153133421e-05
896	0.0016797042693381834
5627	0.00043218168558494555
9616	3.385707088233529e-05
11640	0.00015709347366849922
8051	9.86838472437097e-05
335	0.00010849615926181435
641	0.00025579600999229153
10465	6.363498818490811e-05
7636	6.230115297685331e-05
11420	7.024314792177474e-05
715	9.346078887874837e-05
11423	4.942373686141866e-05
1597	3.388227140937818e-05
2067	9.805391623716474e-05
4964	3.385707088233529e-05
6661	9.738078325878097e-05
1948	0.00018061435488515726
12280	3.385707088233529e-05
11950	5.0367258610307825e-05
4090	3.385707088233529e-05
6103	3.388219133920826e-05
9364	6.001602181220161e-05
5072	5.314734540334671e-05
5220	7.134794150266376e-05
4572	5.9123258137035154e-05
8467	4.813789006667328e-05
767	0.0001030417755751926
11985	7.517782069854984e-05
2596	4.8805190506257035e-05
8421	4.6722901638720355e-05
4467	0.00010294239488405382
41	0.0002885699616277333
9155	0.00011303291595999802
10616	8.226393549809081e-05
12149	3.385707088233529e-05
10870	3.5780603356365086e-05
136	0.00047650055635580326
1625	0.0005657634879391872
5012	4.532792867844099e-05
2007	3.38637595164684e-05
9313	8.996023406606625e-05
5162	0.00019252853813935285
7003	0.00012635509544073976
7472	9.991538628492135e-05
7558	0.00012307635770332373
810	8.028806219318925e-05
4795	0.00010155462786989732
12824	3.385707088233529e-05
1049	0.00019101088957111542
10579	6.7093998183603e-05
5765	5.694459282668671e-05
8028	5.8866270628223934e-05
6945	3.385707088233529e-05
2155	3.386546854667338e-05
3928	4.536145137380064e-05
7925	4.463846130320244e-05
9732	4.9031570783316525e-05
2493	0.0017717735639915775
3809	5.250582101747582e-05
3853	0.00032647221292525736
1733	7.327526913949814e-05
1734	0.00016958014815623493
749	0.0012015424698240934
6672	6.035502747413245e-05
6888	0.00034328052440629373
5861	3.385707088233529e-05
378	0.0008263230016433066
9687	5.637025921970136e-05
1798	4.876138733255558e-05
12825	3.385707088233529e-05
579	0.00037641001874771343
11192	4.681690407982792e-05
1792	8.772616140112849e-05
5940	8.7026508735266e-05
859	3.385707088233529e-05
11820	7.859263932191656e-05
9049	3.386561078393652e-05
10944	3.385707088233529e-05
6983	3.386380359661276e-05
8880	3.385707088233529e-05
2769	4.3353566473635005e-05
7482	0.00026641828851329044
2191	0.00021583231227289168
4805	0.00014488373768565733
2309	3.385707088233529e-05
6296	9.049486235804308e-05
4996	3.385707088233529e-05
8555	0.00010893259318411957
10209	3.385707088233529e-05
11392	6.307642652270892e-05
2328	3.385707088233529e-05
235	0.00011282614657883482
10049	0.0001236085436523743
7755	0.00011346261885321068
5576	4.577003500915333e-05
7819	7.420487086720552e-05
1125	0.00017110242883964808
9795	0.00010355395777636618
12826	4.426776333387755e-05
5106	3.406305940265733e-05
11512	4.251608949496666e-05
6049	4.489621448128778e-05
3538	9.501780777440193e-05
8093	3.504249335684024e-05
1803	0.00019094960754708894
10945	9.592770727145735e-05
10413	5.035588339418677e-05
11256	4.577080436568419e-05
3641	3.385707088233529e-05
11185	4.9363225410919735e-05
10271	8.983979768273836e-05
2169	4.82041416757123e-05
5896	0.00016013003646869186
11882	4.254530007178606e-05
5361	0.00016021399832711548
5975	6.517889587483577e-05
2381	0.00033251907358976816
5999	0.0008014226580794328
12827	0.0001545964951198535
5079	0.0001232859064349673
9088	9.881104019921978e-05
9864	3.561621734342697e-05
1113	0.00016555647888745752
6825	9.476914903779693e-05
9147	3.385707088233529e-05
2886	5.8186900887414e-05
2542	0.0003706888228995502
7597	9.236308628116866e-05
3950	0.00027079993388553515
4660	3.385707088233529e-05
640	6.942567124509214e-05
10210	3.385707088233529e-05
4265	5.550690287292373e-05
543	0.0008724071745649516
4759	4.4854464356486986e-05
433	6.496097433503759e-05
12828	4.285505592901512e-05
6132	5.674659747859382e-05
6691	7.831665275824524e-05
1110	0.00010824746068494344
2803	4.3724351037552884e-05
1214	7.896126005606557e-05
284	0.00010593771852754851
12518	8.222341095950712e-05
12503	0.00012287335565477008
1326	7.305179691460381e-05
11233	0.0005579424034407086
12525	4.490661390724013e-05
5544	3.385707088233529e-05
5266	3.9578646842499756e-05
12010	0.0003213860817582503
12326	5.0823410317407036e-05
4015	8.388000583404367e-05
6795	6.297570746724288e-05
6815	6.73483573194957e-05
3648	0.00021800637737637144
2639	4.8552443260526786e-05
2577	3.385707088233529e-05
6787	5.13358865539433e-05
9632	0.00016087060828695306
10707	7.280975665306216e-05
12248	5.034106297771478e-05
3563	3.385707088233529e-05
12829	3.3867175692267964e-05
6443	5.0147308669817075e-05
4682	3.386547127190779e-05
3318	3.385707088233529e-05
3671	0.00010906009934846294
12147	4.388757339938926e-05
2287	0.00020657335580975835
3243	5.7063240175863144e-05
4736	4.634402365868344e-05
10164	9.595251939989972e-05
1396	0.00042272570540717645
1674	0.00039360388435302746
8490	7.66293636827993e-05
181	0.00025056596754261396
2121	4.309458211983826e-05
12209	9.785642678857698e-05
12727	7.614800964313982e-05
10833	0.00017528687299260778
12830	4.2401838743052384e-05
12831	4.51910587729529e-05
12455	0.00010450851491742509
5409	4.525921677418658e-05
2579	6.469762470882068e-05
7511	7.203889779759624e-05
5763	4.710605384180789e-05
2731	7.88954657414877e-05
12832	3.979832883753866e-05
7901	8.18092795074107e-05
3330	7.170183813197249e-05
223	0.00017454666354716964
346	0.0027780475449031535
10646	5.2283440892952505e-05
1470	0.0005342084225839275
8024	7.040958517603371e-05
7407	6.595476309538742e-05
10278	4.5743779666520993e-05
7962	0.00011226368799680371
5419	8.564027564503968e-05
1375	0.00020390265733734002
2350	5.2403302483481276e-05
7823	7.706464255133989e-05
1911	4.216421266038538e-05
12833	3.386328358703e-05
11137	3.385707088233529e-05
7131	3.385707088233529e-05
3914	6.97281516514326e-05
4228	5.629956066520359e-05
11894	5.27465245730182e-05
3388	0.00018075114097779318
2359	0.00010140575594499765
6993	9.756743880925885e-05
11548	4.514216001321551e-05
9433	4.39604532581218e-05
8826	3.385707088233529e-05
6398	0.0001220440701284482
6285	7.050458608347268e-05
10993	4.15607251296885e-05
5364	4.2614200790798636e-05
12834	7.869699810199841e-05
4609	6.471297074346308e-05
652	5.98611343977064e-05
12835	5.342376619220783e-05
3692	7.602331997064707e-05
2134	0.00037070691990114516
10496	8.222894758193519e-05
5648	3.419824839554438e-05
2240	5.821992273544719e-05
5452	0.00012009018592851787
10060	4.244895137778341e-05
12234	7.953241659635227e-05
1346	4.9481010388780395e-05
7383	4.321508439209076e-05
5666	4.2418755968612646e-05
4865	3.385707088233529e-05
4780	0.00022160010924000598
9562	8.398440658121214e-05
2064	3.385707088233529e-05
10031	4.6083693067753374e-05
11044	3.385707088233529e-05
6822	3.385707088233529e-05
8469	0.0001302757432155501
147	0.00017275942909382203
7818	3.385707088233529e-05
4123	0.00019474669636533506
1209	8.264887791318636e-05
12836	4.12904036436594e-05
8743	4.407989075363391e-05
8044	0.0001221471328080942
12837	0.00047893396679563066
11653	3.385707088233529e-05
2913	0.0006758165560925275
6823	7.609568770316599e-05
4658	6.605620274879144e-05
7782	3.798825420865076e-05
1481	4.938849849567465e-05
6353	4.291861067296629e-05
2141	0.00019712363592812142
39	0.00020878184277440441
10513	3.385707088233529e-05
11393	3.385707088233529e-05
904	0.0004563438772277833
1100	4.4455859937949375e-05
7642	8.719609051292811e-05
6900	4.875211617613144e-05
7834	4.388316079429721e-05
6044	3.431646483452151e-05
221	0.00010883908291980891
3682	0.00011035869674778787
3041	8.27197828197636e-05
2601	4.395015657115358e-05
7296	8.096984648541772e-05
9510	7.368217019742174e-05
11125	4.0165740354586806e-05
8875	6.360799072135362e-05
601	8.482819295418794e-05
1350	5.1803434787268355e-05
8669	3.385707088233529e-05
12838	5.0955932533599585e-05
3428	8.344937382036712e-05
7531	4.728792716076234e-05
117	3.385707088233529e-05
5729	9.827379225169788e-05
2033	3.3873818794002264e-05
229	0.00017621950716585475
2684	4.7722577411431224e-05
3114	0.00034592047078898684
2472	8.598849589724737e-05
12247	0.00011342274588947276
5991	7.551917053807895e-05
5056	6.161793182175301e-05
274	0.0001902700026796724
8486	5.673197021521562e-05
9331	0.0001690828928131049
8587	0.00011722137408986761
2503	0.00010351174885497944
11285	3.968146158627024e-05
1935	9.89146874994498e-05
10216	0.00014174855621486326
8369	4.762523856760352e-05
2887	3.385707088233529e-05
12839	0.00010406182445298077
11859	8.466829741753359e-05
11091	3.385707088233529e-05
7583	0.00013953055545378755
8260	8.388656241986699e-05
5156	7.178412735932356e-05
11935	3.385707088233529e-05
1869	0.0002620123106379784
11588	4.636169943374322e-05
8749	3.813697954984241e-05
6955	3.385707088233529e-05
7649	4.3182297871296104e-05
4806	8.920827822178394e-05
10747	7.654971827520497e-05
1583	4.901650703660039e-05
5886	0.0002483321455717835
20	5.53580407237954e-05
12840	7.946119622308158e-05
10745	5.234688436808292e-05
9160	5.23732376540844e-05
12841	4.917425722478322e-05
11721	3.3897657439987295e-05
5368	4.875311039627634e-05
4074	0.00013716317838847954
5335	3.385707088233529e-05
7295	8.370755788365445e-05
2954	4.691506023152007e-05
7311	0.0001296057422196516
10429	6.243877898213433e-05
7580	5.905913526413051e-05
11453	9.266539250375776e-05
1462	4.419116073838107e-05
6579	3.385707088233529e-05
4549	0.00010107055853859095
12431	4.274521530172531e-05
11353	4.885966175785533e-05
3482	3.385707088233529e-05
10121	7.817822024274696e-05
10789	3.3860790684002075e-05
11982	0.0001317200698160053
7348	3.385707088233529e-05
12257	3.386043628393694e-05
9328	3.385707088233529e-05
10205	3.914024977253508e-05
5655	0.0001472797777360749
669	4.117669014647599e-05
7604	6.807293269520673e-05
2228	3.385707088233529e-05
2008	0.00017629097432541517
3322	3.385707088233529e-05
4238	4.093873020518036e-05
7137	0.0002217545300724152
2234	7.421949288112628e-05
1887	6.711372207826072e-05
7200	6.063658457606561e-05
11793	7.858572993691273e-05
4061	5.250746567460347e-05
1986	5.4988889970773064e-05
359	0.00014358532743971575
1744	7.547595047334852e-05
6719	6.0488031518999346e-05
11880	6.801726577497306e-05
7454	0.00015552037752465927
5404	6.210039237906775e-05
631	6.517449481670878e-05
2758	3.9258625986143376e-05
5814	5.407003260345897e-05
589	0.00013645548436242902
6273	6.0802353180925225e-05
3489	0.00013017255987158333
9469	0.000111747718011886
4284	0.0002339666170045265
6162	0.00023705460842062608
3802	3.385707088233529e-05
9764	6.001947763567016e-05
2764	5.122894736822847e-05
3698	5.5164585054241004e-05
3766	3.385707088233529e-05
2947	7.780562631160068e-05
5744	0.00046793555038994634
26	0.0001914724747253423
7237	8.903879726276908e-05
2861	0.00024366941607713966
11525	4.136170428349406e-05
1062	6.386909361756563e-05
6644	0.0001809273777886255
12174	3.8097929424514616e-05
6987	4.7394243297349214e-05
3274	0.00033691128486435206
1409	3.385707088233529e-05
2171	5.862163965738051e-05
12842	6.587028468650899e-05
2730	0.00026846576344451454
7188	8.174339842278801e-05
4953	4.980033528741355e-05
5800	0.00012993566015373321
8696	4.6292912232888895e-05
4832	0.00023943583089944018
6808	6.737877431743682e-05
5190	0.00010440311150354629
1878	6.272422833609092e-05
9756	6.457440486619808e-05
3638	0.0003788512183695088
11260	3.385707088233529e-05
10693	3.385707088233529e-05
2989	4.394694325892388e-05
1807	0.00012102680050029489
11194	0.00011004006886612988
9120	9.834779936980509e-05
9565	0.00011383320807830462
7450	6.0406135493747384e-05
3978	8.825755940652007e-05
1234	0.00019374715767093913
369	0.0004459077945350213
5794	8.906457525010937e-05
10716	3.3884352519396116e-05
950	0.0006331367532800119
2408	0.0002670604941804934
4607	3.385707088233529e-05
1111	0.00021387267671386546
5738	4.0603520041619906e-05
2293	0.000385499387884018
11279	7.705402862874457e-05
6801	0.00013027186137814785
7982	5.099125202595566e-05
1288	9.116852669209534e-05
5829	0.00036215980544286814
11613	3.385707088233529e-05
2936	5.365155093203704e-05
11970	5.161329121477122e-05
4766	8.92191073752874e-05
5826	0.00020128404171226754
6883	4.8884510987826964e-05
1650	0.00012353422468800365
9187	4.0886164476689424e-05
3930	3.399353779804861e-05
2320	4.065340083445918e-05
3373	3.427630993613907e-05
4708	0.00011967729717491705
10667	4.773457600323998e-05
3291	0.00019345417897175115
8128	5.440317008898173e-05
102	0.00011287000054149454
2084	8.724262759940242e-05
8632	5.397602097254626e-05
8760	3.385707088233529e-05
9013	0.00017513269075828173
2766	9.360266061842989e-05
8771	0.0002016210871898788
12843	8.958408282683011e-05
10629	3.6626516054427555e-05
10228	4.423446574502353e-05
9166	0.00012212971918812264
12180	3.435762565005487e-05
1585	0.0003493496100875474
10156	7.855002228570074e-05
12844	5.647616929090533e-05
3012	0.00014534713143392507
313	5.283378666940994e-05
1586	4.808464269349358e-05
7768	4.732761642187919e-05
6793	4.883307864438624e-05
7676	0.0001308369719349003
11048	0.00013646552746270885
12164	5.756969056759911e-05
12845	4.5162067214991906e-05
526	0.0004692002101530785
6381	7.54437647310801e-05
1876	9.378350048425124e-05
11008	3.385707088233529e-05
12846	3.386380790053399e-05
6574	0.00043592221752656175
9607	3.38806086973625e-05
2265	4.2764979021954495e-05
7687	0.00015246343298561322
12847	7.437629026611889e-05
12848	3.385707088233529e-05
5490	5.926899409343668e-05
5135	0.00011166992768015164
257	3.385707088233529e-05
1349	0.0017804523687276375
7015	0.00022071328164746572
3804	0.00030179136486801757
5589	0.00019762326402826465
4848	0.00010400038537663431
7749	5.9236403474633315e-05
5290	7.323974358863023e-05
796	0.00010523462103958711
795	8.390731881838874e-05
12849	3.385707088233529e-05
621	0.0003831110597463268
934	3.385707088233529e-05
4519	9.638888415567307e-05
10685	7.714641221401322e-05
7591	5.8202952744756226e-05
8169	3.647917819854317e-05
4196	0.0004246084690581456
11544	6.227492921428857e-05
3593	9.12738405881315e-05
12033	3.385707088233529e-05
4569	0.00016540980742461923
12245	6.104059576965267e-05
9529	3.385707088233529e-05
485	0.0001905024683276697
11809	3.385707088233529e-05
12850	4.1461798225489465e-05
1763	0.0002785851349134631
5030	4.527003917876498e-05
5306	3.385707088233529e-05
9317	3.386426001030196e-05
12145	6.223789500750408e-05
3799	3.385707088233529e-05
1085	0.0001117739220365853
7416	6.538399880628099e-05
7643	8.295577007330973e-05
6937	7.09258254537156e-05
1186	9.899260085246002e-05
11836	6.883973640857772e-05
9895	8.09686451620361e-05
6041	7.605600270189816e-05
1397	9.094629672872951e-05
4558	3.385707088233529e-05
2450	0.00010237164437978614
12851	5.8721207666159316e-05
8453	7.154309791059168e-05
11693	3.4286244279662345e-05
2983	0.00011452570759135365
4886	4.374950061660811e-05
12852	0.00013992947643658488
3708	9.294364975874772e-05
510	0.001970000875313255
1546	5.479868858349998e-05
7329	5.395648238140029e-05
12853	0.0001180574616894026
3721	3.385707088233529e-05
1389	3.385707088233529e-05
9693	5.881444466215125e-05
40	0.00023410516575522446
7836	4.454892653597043e-05
4495	0.00010449403195145566
6454	8.618363480666543e-05
12854	3.43287487171713e-05
12251	7.407097364510807e-05
2807	0.00023037491717752925
8921	6.080709125473604e-05
4671	7.159482807161645e-05
7247	5.849596825480275e-05
4792	8.154882465825649e-05
2732	8.119734368337362e-05
2629	3.385707088233529e-05
6968	7.058857083377795e-05
4768	4.352073068031871e-05
8389	9.279982479757409e-05
11490	3.385707088233529e-05
1731	3.385707088233529e-05
12855	5.780116030631502e-05
1787	6.508386632979538e-05
5595	9.571551778555682e-05
5225	4.116194544637169e-05
1745	3.385707088233529e-05
7658	3.7258954530993934e-05
10929	4.123747854021771e-05
11085	6.437007586993511e-05
5090	9.89883130426708e-05
1543	0.00012627391424307067
970	0.00017112761604761806
9525	4.160098973305967e-05
2468	0.000832833237276388
2662	9.655243559949283e-05
774	3.92302863445869e-05
10046	4.404986813770279e-05
1251	0.0011940143792918605
1515	3.423743759178592e-05
586	3.385707088233529e-05
1952	0.00015214761659514662
4403	6.71369506437287e-05
4127	6.146621510655983e-05
12237	6.130019273853845e-05
6925	7.409699219706855e-05
7528	7.125692986943741e-05
5516	0.00012774487437244964
3359	0.0001398570437305912
12090	6.133735921936538e-05
4205	0.00011535555705132702
7762	3.385707088233529e-05
4937	7.000256541115427e-05
5607	6.706050044392907e-05
3292	0.00015413170878766263
7493	3.385707088233529e-05
8727	6.117860509127295e-05
242	0.0001279695658201432
1201	0.00028563147673467106
9110	3.385707088233529e-05
5480	0.000142913465722575
1315	0.0001226085421518552
2949	0.0005061435484222253
9432	4.6627902300454574e-05
1440	9.330353289342673e-05
12856	4.875378615103365e-05
12512	4.741280201317332e-05
11439	0.00019444722642912433
4872	4.9752031386206873e-05
11720	0.00012216396420160368
2090	5.707508873086609e-05
4986	0.00030243866843264884
6286	9.898702632968594e-05
2768	7.433487153554146e-05
1345	0.0001323883798210855
3050	7.945235847683961e-05
8374	5.856355755663827e-05
4934	8.093346317975329e-05
4164	9.93552951821088e-05
2675	0.0003304429987383936
893	0.00010275985257955692
12857	3.385707088233529e-05
2187	0.00015270242110547176
1161	5.861404797292303e-05
8428	3.6206441398649394e-05
3255	4.337954965110498e-05
5436	0.000179064844012381
5061	5.618271492188092e-05
11319	3.718035481274383e-05
8253	3.403118695810447e-05
9299	4.3502963547706146e-05
628	6.946645849613396e-05
10938	6.932370610554467e-05
12735	3.385707088233529e-05
6835	0.0001516776387080468
2156	3.3863640946504825e-05
1609	6.950541021362028e-05
2978	0.0001351022718265332
173	0.0008637801607162553
12595	5.012218666292565e-05
8630	0.0003088394210642215
6200	5.345986424845131e-05
11020	8.589893754562573e-05
6680	4.8167851042570266e-05
5291	4.801899372752408e-05
8306	9.906924995231718e-05
10755	3.385707088233529e-05
5107	0.0004770837474607502
11563	3.385707088233529e-05
317	9.551325081237829e-05
10810	5.245635646170194e-05
3977	0.00013575630801193866
3352	5.881020466751464e-05
6211	3.385707088233529e-05
12858	3.386043915217695e-05
9566	7.061747448812741e-05
10262	5.370692113119503e-05
11737	3.385707088233529e-05
2107	4.728089625777688e-05
8231	6.521771901640883e-05
2747	6.532189119889644e-05
6474	3.385707088233529e-05
10547	9.954954997934022e-05
6337	3.385707088233529e-05
12859	5.6846039596989876e-05
12860	0.00011958480472355926
7775	3.385707088233529e-05
12080	6.275051555705672e-05
7426	3.447758030170867e-05
1660	0.00042569042186193416
11897	5.13164528331674e-05
12861	0.00010916750343924252
7209	0.00010923901888775135
3372	0.00013747049631806108
6083	0.00019037897361153243
12862	3.4692318790970075e-05
9866	3.385707088233529e-05
4647	0.00012839370134145285
2207	3.385707088233529e-05
10421	5.757305931595616e-05
6171	0.00017074687955122227
3202	0.00030139298183794557
9220	0.00026779015222732174
8278	4.947930857606308e-05
12429	7.743838394656222e-05
12368	4.761138831983129e-05
2091	0.00011426522382262519
7303	4.692661823558166e-05
10612	0.00011763034791095896
3567	3.385707088233529e-05
12446	0.00010215006192468603
10082	6.151352941743247e-05
1699	5.122983598888701e-05
4201	5.383227816720005e-05
3539	0.0001364997151017348
2164	3.5821244892166755e-05
159	0.00011671220961669007
3614	4.7435997505127146e-05
1118	0.00024280363434183333
11375	5.810956432907598e-05
10896	3.385707088233529e-05
6853	0.0001021438485794951
971	8.002370691273015e-05
8365	5.671037520133037e-05
1818	3.385707088233529e-05
733	0.00023450619230772876
8649	0.0001923930156490183
8650	5.6105024554126736e-05
4701	3.385707088233529e-05
5494	4.2679350280433113e-05
12140	5.756969056759911e-05
10454	4.2323890757946944e-05
1270	6.840415102286047e-05
12396	4.853453997445932e-05
2931	3.386712401101047e-05
10673	0.00011484626971236384
11021	0.0004287879728387334
9211	9.900569750133342e-05
3367	0.0002500923554462352
12204	3.385707088233529e-05
9901	3.581298470346541e-05
3484	5.276220006325575e-05
6634	9.520963748391261e-05
1469	0.00023148960749396757
1785	4.657080768168248e-05
1648	0.00014069591871991498
10923	5.7019451569342565e-05
3635	8.652450856957817e-05
11397	4.840477484361219e-05
5280	3.385707088233529e-05
6662	0.00012965586805551089
1187	0.000146129643471814
11516	3.385707088233529e-05
11	0.00028637459498637727
473	0.0015541960069635687
5754	4.0594333229958206e-05
12863	0.00012652790813075956
10935	3.385707088233529e-05
11888	5.896645958076654e-05
5642	4.021079523971673e-05
7685	5.880288636778514e-05
2192	0.0002309070927898745
8397	3.385707088233529e-05
8274	8.507137845797814e-05
5661	9.444467676579597e-05
1457	6.792226685911265e-05
5150	7.227583245040248e-05
2685	0.00011143145505198616
1149	9.108518599912418e-05
5359	3.385707088233529e-05
12312	4.101062801029779e-05
7894	0.00011669152778398008
7349	0.0001470818943321924
10076	7.705973069744666e-05
10861	4.192656288611356e-05
7403	0.00010731970180755717
12049	3.385707088233529e-05
3895	4.804294900997275e-05
3557	3.385707088233529e-05
2139	4.8483538093336093e-05
1471	3.385707088233529e-05
5450	3.385707088233529e-05
8079	3.385707088233529e-05
3034	8.392789534699199e-05
10319	4.221745227766151e-05
3980	0.0001889968600322666
11313	0.0005003127117677269
6021	5.435819789994995e-05
271	5.756969056759911e-05
6338	0.0002499718235296097
1817	9.495793190619206e-05
4731	4.69546589595988e-05
5081	3.4203561049018134e-05
12864	8.294045938158724e-05
8224	6.658934941424969e-05
3654	0.00015183650120200416
356	0.0001521152094160286
3346	4.7392217625778085e-05
7246	3.385707088233529e-05
145	5.741061292429397e-05
2819	3.385707088233529e-05
829	0.0012159447812869516
7007	3.385707088233529e-05
217	0.0007049633481932325
12187	4.5092690999195256e-05
7175	0.00012984620548996514
3610	0.00012063608949104175
12202	4.9774657441029746e-05
5265	0.00011707158002417827
2844	0.00014268019230981703
344	9.094833611771592e-05
11972	4.503879771478545e-05
12684	5.931377315134807e-05
3049	4.625462586602709e-05
7563	0.00011269556359626686
11761	3.744512694474384e-05
6546	3.385707088233529e-05
3780	3.3868828832630135e-05
2092	8.810007711738712e-05
11371	7.205217362848447e-05
2694	0.00010418702565751115
9130	3.949771456204638e-05
12865	8.073377765828839e-05
6473	0.00014631253706594727
5888	5.9492761575885016e-05
718	7.973602389260241e-05
12023	3.385707088233529e-05
4459	0.00022818609343439356
4559	3.385707088233529e-05
11922	8.895470028420029e-05
11055	3.385707088233529e-05
5902	0.00010263820313685909
10080	3.5314027824908496e-05
10553	0.00011806188026891755
3619	0.0001664006103958872
4785	0.0002717348270085672
7585	4.2149364974836383e-05
1130	4.433513726785017e-05
10859	3.407157134622992e-05
9659	0.00013412302717458408
7391	0.00012791320859843175
1137	0.0002095546761975935
9521	8.979718595039073e-05
2708	4.932843854498033e-05
8327	3.385707088233529e-05
10134	5.77637002856697e-05
7567	0.00011148663865590305
6283	6.555392130976185e-05
6422	8.322167467275791e-05
12617	8.673164904117541e-05
8075	0.00011444259592630002
8558	5.222200076443928e-05
2050	7.647497491685506e-05
12866	0.00013446091644805672
6587	4.91392030086199e-05
1835	0.00010639640003203923
12867	6.02896727602908e-05
9899	0.00012150729080330418
1050	0.00015181293259593868
9804	3.6600832895735415e-05
7477	0.00011088472313192163
1475	8.123910710237399e-05
6152	4.250919898621436e-05
151	5.358301136656354e-05
8872	7.73115991380608e-05
10664	0.00012330144395139903
8998	3.385707088233529e-05
7446	5.3915592551802453e-05
3899	4.2293402760818034e-05
12695	3.392502378769686e-05
1403	3.499506313546332e-05
7110	0.00012636584964152456
5479	6.966160749901784e-05
2950	8.176006367437957e-05
3490	0.00010228397033562019
1794	0.0003151315990381015
12868	6.117405675075113e-05
2603	5.768930423485745e-05
12869	4.994073723339954e-05
7912	6.399808528321677e-05
2060	0.00010682609470134129
413	5.5135359758676666e-05
1959	8.061568504909563e-05
5557	3.385707088233529e-05
8719	4.1764646192446945e-05
6181	4.659095498705829e-05
2977	7.924891511008615e-05
1951	0.00015243350713039865
8384	9.227925210521885e-05
430	0.00010301948827126155
6749	3.63615186740017e-05
941	5.1271626824976965e-05
3470	0.00014113197093037791
898	3.385707088233529e-05
1654	3.873243937406234e-05
11508	3.385707088233529e-05
4224	0.00012595617347874223
12870	3.385707088233529e-05
7278	8.531944026540912e-05
546	0.00014320802650102696
9501	3.385707088233529e-05
3019	6.889001853665012e-05
8596	0.00016344478857799663
11533	9.187015679405224e-05
11879	0.00016313322052067565
12321	0.00012277412640637398
12871	4.835590136637994e-05
6635	4.582922584788367e-05
3133	5.580735117938097e-05
3285	7.659266205171529e-05
2717	4.5469293743585114e-05
2530	0.00011820509084282125
10304	0.00010890232392795394
11160	4.413098765060531e-05
5838	0.0001214076510091524
6053	6.360661688156327e-05
8933	4.156966214274886e-05
6393	6.904562981999611e-05
11589	0.00011630802653827779
11226	7.646848500593991e-05
7227	5.3072639742134426e-05
554	9.108013559438843e-05
5429	5.4629723517018976e-05
11682	4.39604532581218e-05
75	0.00016329316950462004
7518	5.075790939221488e-05
4536	0.00017006471478077045
726	0.00010671866567420043
6093	3.385707088233529e-05
3997	7.843017761803587e-05
10563	4.230579883271709e-05
10908	5.42126035310306e-05
2281	0.000353182037220796
6369	4.334121647806604e-05
4605	4.790328888158012e-05
6856	4.5069164640693086e-05
4778	3.385707088233529e-05
6207	5.1566281592348635e-05
2558	0.00011612628011744392
69	3.385707088233529e-05
7176	9.199519516598938e-05
11171	5.8073779609808864e-05
1641	8.198936892119657e-05
757	3.385707088233529e-05
2154	3.385707088233529e-05
9099	0.00016483122523560997
12157	3.385707088233529e-05
2716	3.385707088233529e-05
12575	3.385707088233529e-05
1556	0.00019120457805830486
4526	0.00010721368554149512
9235	7.188297884785129e-05
11188	5.517680354489873e-05
7631	0.00016513010871787906
6970	7.596440416855822e-05
2770	3.385707088233529e-05
5623	3.9552942743087714e-05
2292	6.285052311028497e-05
7885	3.385707088233529e-05
12872	3.386043867379747e-05
4212	5.9457142279732656e-05
3465	0.0001170840018432003
12873	3.385707088233529e-05
427	7.319233362376428e-05
4041	3.429840724943071e-05
9898	4.963822677607824e-05
3700	8.841515308831184e-05
166	5.606554779019606e-05
12874	3.3882097152781966e-05
2652	4.8990392397742395e-05
11708	4.298595376128229e-05
10243	4.3879445302640334e-05
4828	0.0001606067041901568
5018	0.00017800113542813543
1617	5.9223673157355214e-05
8131	5.997274680055743e-05
6516	3.385707088233529e-05
2393	3.385707088233529e-05
8631	3.3895907473261696e-05
12543	3.385707088233529e-05
3775	7.502248847783647e-05
10074	0.00015924304258323858
521	0.00011077253174103945
9608	4.772425864638966e-05
1691	0.00035072414489315776
3919	6.132528230501019e-05
1983	4.626992890639691e-05
266	0.00016075702759447272
7043	5.6620559005398404e-05
11016	3.385707088233529e-05
2658	8.020191442060837e-05
8410	7.529755322464044e-05
1587	0.00016514106972248858
4681	4.8066636551508895e-05
12402	4.873366636330399e-05
8040	0.00010253528141879847
148	9.355656532301015e-05
9508	6.417036336387286e-05
9352	6.166971489163273e-05
5564	5.317054891760315e-05
8345	9.7967934718069e-05
2795	6.71735637700899e-05
10143	3.385707088233529e-05
1175	5.75629540279158e-05
1827	4.935265322140187e-05
909	4.437944540542458e-05
11517	7.067600337288828e-05
8977	7.043553259235998e-05
1117	3.385707088233529e-05
6432	5.9696009416240864e-05
2737	9.87345594839796e-05
11352	3.385707088233529e-05
5111	5.756969056759911e-05
6777	4.0684485725253285e-05
12009	3.504521821730069e-05
3420	0.00013093904171864078
11368	4.8041400394714355e-05
10792	3.385707088233529e-05
2221	0.00015808526422420727
12019	0.0001500740607987819
11964	7.928259721481824e-05
11791	0.00020779606769323286
5745	8.158323136061535e-05
5915	7.06945636583876e-05
6973	7.243905140236373e-05
2351	0.0001541489134291996
6739	7.504830303942021e-05
1755	6.458494106217879e-05
4796	3.385707088233529e-05
12875	5.0761253304000615e-05
7382	3.385707088233529e-05
2059	4.517977849633919e-05
4236	0.00010249749789297855
2580	3.385707088233529e-05
2999	4.364872525083679e-05
9575	0.00016410300471698537
5496	0.00010861566424585026
4994	6.749359556429867e-05
5210	4.971876343321897e-05
3072	0.00011805033263097835
2268	9.140508209842941e-05
2002	0.0006087466926356065
6255	7.284730412596131e-05
10788	0.00012073259867786632
5958	3.385707088233529e-05
11860	4.050142154372503e-05
27	0.00019013335682184601
5927	4.2812057752589145e-05
1078	5.3357596287796725e-05
7889	5.7590034621400056e-05
5851	5.056786675297006e-05
1295	9.827439759594991e-05
2437	3.385707088233529e-05
10914	3.541480129517125e-05
1909	9.607773983358595e-05
3083	4.675988766483742e-05
12711	0.00011608563049472331
1961	4.0641361617154284e-05
5635	8.900550173557842e-05
360	0.0005548481922765438
12876	0.00028590197193710206
2030	3.711143996313697e-05
6015	5.7123230002752116e-05
8593	0.00020584753882679424
8920	3.385707088233529e-05
9699	4.2206601864928944e-05
12621	3.385707088233529e-05
534	0.000159922242871631
5759	0.00012623329767217327
12877	4.884905530313828e-05
10342	4.972395922149398e-05
12210	8.611396266139847e-05
4838	5.141048500043057e-05
2630	0.00022106881260299598
9509	7.620984473821325e-05
3851	5.887112442528808e-05
7384	0.00011004778062052486
10811	5.896441759073872e-05
12774	5.996727703254972e-05
77	0.001200631562998172
8629	4.3680076686823384e-05
11804	3.385707088233529e-05
12878	8.86190353178762e-05
10516	0.00010444045695391698
602	0.00016959968430211672
10344	6.48421025576011e-05
3024	0.000268381145061666
11239	3.5756765078136276e-05
513	6.326529153607447e-05
12879	5.0263051152187103e-05
4504	0.0001758570095136302
12183	3.385707088233529e-05
8768	4.358711661804385e-05
12713	3.385707088233529e-05
10461	4.09614409461057e-05
8239	9.025147680257153e-05
10826	0.00017877116008314787
6072	5.808355597474323e-05
827	0.0002833927769259661
8877	4.213396163127566e-05
1044	0.00015467252894381967
3085	3.385707088233529e-05
402	6.953231721261071e-05
11032	0.00010795748205334906
2752	0.00029881199545430466
12199	6.388248212812986e-05
10384	7.235993348570742e-05
917	0.00013806336376452727
5119	4.942953221307634e-05
60	6.152691228123637e-05
5417	8.042582198790276e-05
2833	0.00010616356717214273
10806	0.00021947527924985713
10236	4.1772173044203105e-05
6842	6.909747251824448e-05
9138	8.77656778874487e-05
1271	0.00010515013385356546
2894	0.00019330880692440582
10996	7.958069536085243e-05
7915	4.846656660397381e-05
2315	0.00016083629811386368
2869	3.386323291438201e-05
7342	0.000197338466738363
12880	4.2987643156391175e-05
9374	3.388550826993023e-05
1783	0.0001769508628763865
961	3.385707088233529e-05
6773	3.385707088233529e-05
6690	0.00019738712141724064
2818	0.00029249424457371525
7357	6.095919785684329e-05
1917	6.782905763768505e-05
168	0.0011049016527613113
7492	7.291692628977443e-05
6005	0.0001337081141502874
2313	8.020735626672084e-05
7420	0.00014868669529400952
4141	7.353893455703164e-05
6077	4.8626525404632404e-05
5001	0.0001097296142510797
1539	4.784563578330759e-05
7095	9.728457880228401e-05
11149	3.385707088233529e-05
816	0.0002508054675323987
5424	3.385707088233529e-05
8348	5.189683891569166e-05
5442	4.519305824917043e-05
3098	9.860473305220414e-05
2660	5.234854868583787e-05
5418	0.00013784219646501263
9387	3.385707088233529e-05
7619	4.523043140331654e-05
1052	8.075821465350466e-05
8275	5.2565208928102496e-05
8927	4.02555009671058e-05
12139	7.807000978379263e-05
7027	4.5990764050817066e-05
709	7.902919974461992e-05
9371	4.963134973095432e-05
1275	7.607552704261305e-05
2441	0.00013198193098797
3264	7.260097959688555e-05
1418	0.00012526155022342495
6665	4.171916918225704e-05
1868	7.020610203172149e-05
204	5.423729963397933e-05
5336	7.078327561335294e-05
7860	0.00013450524375241613
7653	5.365744616940733e-05
1293	0.00019937305749121595
2801	5.9603552314176414e-05
1820	4.9864981106860056e-05
4894	0.0001029135869020798
5657	3.613508741349735e-05
4939	9.024839640128232e-05
8702	0.00017966449526213914
12881	4.6209937272922493e-05
9	0.000295509201532494
11212	4.87616172962774e-05
5421	5.0368394729857e-05
12882	7.611801770573673e-05
11779	6.545615084377054e-05
929	0.0007648857735381818
6892	4.4352377442900094e-05
4054	0.00013473704814883128
1973	0.00010574137280304053
2755	3.385707088233529e-05
7948	4.929151944431894e-05
8272	9.390496932883797e-05
8409	6.513435242512232e-05
5873	7.196555933212149e-05
3361	5.0192904917945396e-05
55	0.0005156308944603357
3064	0.0001746316615881326
10290	9.685698657079896e-05
1799	0.0001500282717485833
8007	4.586328717097176e-05
685	3.385707088233529e-05
9552	3.398721158591219e-05
439	0.00020975354317513093
7184	9.192272831154893e-05
3995	4.397071517286089e-05
12681	6.532371164821597e-05
3566	3.385707088233529e-05
10605	3.387109884165378e-05
5790	8.749547490326766e-05
1721	7.521789310447385e-05
4851	3.385707088233529e-05
2866	0.0005464415813372736
2615	3.385707088233529e-05
8893	6.108424682859275e-05
436	8.021599125786768e-05
7417	7.83038392657581e-05
4485	0.00011262013345848062
1492	6.472378236160169e-05
11946	3.5395984410646344e-05
1442	0.00017482739815302703
6018	0.0001175789734984804
399	3.385707088233529e-05
8845	3.42534681245577e-05
11641	3.385707088233529e-05
1278	0.00010297876644076013
2597	3.385707088233529e-05
2082	0.0007110724975189432
4704	3.385707088233529e-05
8256	3.3860414455330953e-05
12477	3.385707088233529e-05
3224	5.302339867161128e-05
4810	0.00013435282732542978
1824	3.832088043008895e-05
7665	7.882611639063496e-05
11190	0.00011352624116198499
9998	5.34363901520766e-05
267	0.00013035401317167418
9448	0.00014240981870177694
5500	3.385707088233529e-05
985	0.00012202125285257578
11306	4.838210248371738e-05
5630	6.238016580835483e-05
7259	3.385707088233529e-05
11114	6.9654111287027e-05
5334	5.3019511435265145e-05
5133	0.00012498281802281725
4842	0.00010369705478744664
11248	0.0006364572760332206
3838	5.299454137219038e-05
3875	0.00011633060943042485
1862	7.31891591601125e-05
7286	3.385707088233529e-05
7026	0.00013455393038945586
12883	5.747583001354725e-05
8547	3.393883390112764e-05
9516	0.00010150089733998385
7199	6.0456159269628036e-05
926	5.31439106117239e-05
7073	4.527480065692603e-05
5347	0.00011780469670012839
12546	0.00011710809638436969
8659	3.385707088233529e-05
383	4.009652776453588e-05
9212	3.385707088233529e-05
1847	8.670276692412957e-05
1358	0.0004268092441154814
4466	5.526205642219373e-05
1538	4.632406641654079e-05
150	6.676431894128988e-05
12094	5.2755283348599526e-05
1621	7.18568221440406e-05
632	0.000550677977529135
468	3.385707088233529e-05
12884	3.774268269268397e-05
3339	0.00010611200200611056
1779	0.00016293997089366553
11053	7.030867016534662e-05
12885	5.1880526695203264e-05
305	7.009799571422422e-05
4365	5.0404438703358174e-05
1473	8.091089537765579e-05
6261	7.332979782410958e-05
1809	5.8928968846195344e-05
5497	0.00012714436749166886
299	4.025628590922078e-05
11689	3.385707088233529e-05
6069	6.971669805875564e-05
7551	4.3358720297905835e-05
12531	3.876822404844187e-05
5998	3.953521386845065e-05
4529	3.385707088233529e-05
9218	3.38823293183017e-05
10677	8.099221067889809e-05
7576	9.774437826965313e-05
3236	8.49313875985071e-05
10680	5.2414956284005666e-05
2307	0.00011634908487052836
10688	3.385707088233529e-05
12273	5.8156884657260916e-05
2487	6.259973833111704e-05
7959	0.00017951168517519207
10689	7.50766175719287e-05
9961	0.00010385695757462256
1408	6.466609809701621e-05
2212	8.002568901497468e-05
2227	6.605190752783955e-05
11709	6.923269024292879e-05
6164	3.385707088233529e-05
8221	4.234479023561074e-05
11806	4.817796814517568e-05
1219	7.11560888201269e-05
820	7.278633943721613e-05
7222	3.385707088233529e-05
7921	7.742123174329163e-05
1548	8.996677478997766e-05
599	3.440306361002449e-05
443	3.385707088233529e-05
12886	7.355860938276074e-05
10148	5.573081959510618e-05
10436	0.00020726212634598052
6687	3.385707088233529e-05
5270	8.13724467179655e-05
8086	3.385707088233529e-05
10528	3.385707088233529e-05
5422	5.74997960080624e-05
1266	6.928481943263105e-05
11119	7.14165385341823e-05
127	0.0003024716816499792
1165	4.1059223523507566e-05
9974	0.00016267685445891318
4308	5.755958432252797e-05
1292	8.071639598700282e-05
11388	0.0001269973082677606
11063	4.9640117884606854e-05
6887	7.532054271314461e-05
11305	0.00011695943488914912
1002	4.472013140326717e-05
10036	0.00013063304245137256
4758	0.00021341144315628185
4873	4.2497065989080875e-05
9462	6.191809229107254e-05
2278	0.0002472365375636939
7372	7.406935556607818e-05
7761	3.385707088233529e-05
12887	5.954124471967911e-05
5730	3.385707088233529e-05
11389	4.846694523527617e-05
3678	5.09934156235077e-05
2379	3.385707088233529e-05
7737	0.0001771264581403896
12119	3.6611831844863735e-05
2046	0.0003634312914818779
12888	5.756295498467474e-05
9269	8.204686099608722e-05
1969	5.202762274580377e-05
1646	0.00024892731719017286
12889	4.697534361926945e-05
9949	0.0001189188496717681
6660	3.385707088233529e-05
11679	4.370341007756115e-05
7461	6.674439377015775e-05
2016	0.00013493304525215392
3268	0.00023025425118026495
3918	8.232851340588167e-05
4133	4.6949710459523014e-05
2793	4.5661147255179074e-05
9844	0.00010794824895573311
5626	3.955967137447708e-05
2993	0.00025151584678229853
8501	3.385707088233529e-05
10903	9.452187288798056e-05
3080	5.831848763028673e-05
2037	5.374850542753129e-05
3	0.0001263400442698252
11731	4.5185559610818875e-05
4068	5.355395549473912e-05
7938	9.834003194595308e-05
5076	0.00010248533383212018
1689	7.182690444636195e-05
12059	3.385707088233529e-05
12542	4.6762644562120804e-05
7067	0.00011225330806550836
8045	0.00012303612718910927
380	0.0007873903467626337
11482	8.946219714011834e-05
10640	5.756969056759911e-05
9805	7.148861137420196e-05
983	6.316485739403788e-05
12362	0.00011339727077643622
3932	7.902637637871544e-05
870	0.0001782336764800239
12890	4.608908835598318e-05
2235	9.49585966606066e-05
958	0.00010666869959666957
1343	4.26549378514827e-05
6496	0.0001222346922072273
3720	4.407178125699325e-05
10130	5.455950425617143e-05
9022	0.00012018308571243217
4773	7.2283467906799e-05
7191	5.909853502075217e-05
11147	0.00011910319450111813
6151	4.440063901153172e-05
12005	3.931625689914889e-05
9244	5.83845368402778e-05
12891	4.148497418301148e-05
5506	3.385707088233529e-05
11054	4.3946783614163855e-05
4725	0.0004127528090911532
5229	0.00012021130980442299
6641	3.385707088233529e-05
6502	3.385707088233529e-05
6756	0.0006467896371905613
7079	3.385707088233529e-05
8922	5.906903564333876e-05
12329	5.3830552625533284e-05
1276	7.70973529632261e-05
11446	7.486575735256675e-05
7480	0.00045065989152928286
8959	5.3000216283146063e-05
4258	6.429083516448448e-05
4542	4.39604532581218e-05
12192	3.81463353383193e-05
8672	3.385707088233529e-05
3872	3.962371102687199e-05
7122	4.4086248653000247e-05
1705	0.00015453870696817757
9801	3.385707088233529e-05
4388	6.647230823632684e-05
7335	7.331838848400623e-05
11489	5.756969056759911e-05
4364	5.209369994360006e-05
3905	0.00011308540555281193
3879	9.485616888640534e-05
7609	7.00944330558213e-05
5247	5.861336839786358e-05
10665	4.438126085720347e-05
8499	0.00011582510857160214
2	0.00020553728669604304
9683	5.109570263146685e-05
6221	0.00012798651848432453
1174	3.385707088233529e-05
6011	6.914844389095157e-05
491	0.00015686161487117654
9213	6.252475704364789e-05
2052	0.0003754362565596698
6094	0.00011178991698721837
8881	0.00012983785829968184
7084	6.350378677783012e-05
4972	0.0001301131030254138
8836	3.447754062342018e-05
8429	7.705759527860865e-05
453	4.4710561429724465e-05
7994	6.679373500196227e-05
779	0.00011240880748219272
6830	0.0018588562832157196
4431	9.41866664015973e-05
3284	0.0003605522110996526
12661	0.0001496834961397077
908	0.00015305765900054422
7065	8.875911359367895e-05
5093	3.388502682464873e-05
6503	4.3527625186826765e-05
1954	4.723394000980339e-05
3640	0.000142304108591235
5448	5.233067414295017e-05
6064	0.00013171623753436857
11139	0.00015007279118375657
6779	0.00020504421237229703
4855	9.30765489100322e-05
551	5.260091875256935e-05
5342	0.00020194996626357446
7018	0.00027967775552823274
12892	3.385707088233529e-05
1750	7.165637032091989e-05
1527	6.685497235954449e-05
7565	3.587014694361813e-05
5350	8.134601074463042e-05
11323	4.4113842558772e-05
2671	0.0001540520062908124
2561	6.657942943374437e-05
4297	3.385707088233529e-05
7235	3.4022955472153105e-05
3931	3.413692361894366e-05
12424	0.00012905901275636077
1059	3.385707088233529e-05
2814	0.0011463554477316562
3232	0.00010448938353241162
8296	3.385707088233529e-05
3617	5.979108684693403e-05
8882	4.431271152729987e-05
10400	3.385707088233529e-05
1382	6.265347974406558e-05
12002	0.00012884185714122007
7453	0.00012369688901963863
5977	6.928880035043814e-05
7401	3.411044775213301e-05
5629	3.445414813197439e-05
4193	8.322099242756471e-05
375	4.56649286090172e-05
2161	9.43883325023618e-05
8043	5.463298005564115e-05
3386	9.935576835363607e-05
1055	8.994415315841865e-05
12893	3.947008207518383e-05
3496	0.00012642872569054833
5981	0.00013261303145215765
10649	8.221990913857529e-05
8019	3.385707088233529e-05
2485	7.708714648865763e-05
1341	3.385707088233529e-05
3423	5.5776079126145214e-05
5992	7.266172289162635e-05
9667	3.385707088233529e-05
813	0.00025443140880790864
6196	7.190655224118297e-05
3096	0.00023818527773802976
12894	4.535756873410222e-05
7891	0.00013087474729553037
12550	3.389408902069947e-05
4097	3.385707088233529e-05
3290	3.5480580531547414e-05
9597	9.481244800711448e-05
11418	9.48959114705671e-05
3267	3.385707088233529e-05
8109	9.250537243495132e-05
928	0.0004208776721821968
3327	0.00014045524950531202
3029	0.00010410494115567896
3304	0.00019613443968339824
10567	0.00010384667618885367
7409	7.20788526876624e-05
7241	0.0001348702992152626
995	4.041597065929838e-05
6466	0.0004621243930237391
4808	8.837058442424838e-05
141	0.0007900434093041902
228	5.117629966739153e-05
1754	4.165264602795894e-05
778	6.114155651429305e-05
5044	3.7658367039633845e-05
4749	0.00021116810369242522
11886	9.550169149977001e-05
5314	3.385707088233529e-05
12469	7.190795688281618e-05
12167	3.385707088233529e-05
8734	0.00013483447976382398
5192	0.00010178621259311471
2036	8.288493074480103e-05
187	8.93381324277399e-05
6131	0.00012699501669502535
11831	3.385707088233529e-05
11912	0.00010773340273837332
8052	0.00011335672069185793
5134	0.00027125507104234755
12254	0.00010848733180427898
8813	3.385707088233529e-05
12895	5.8243661438233454e-05
3479	9.660218445727493e-05
2543	6.182605659933576e-05
1560	8.996835888626828e-05
11535	0.00011706125320036162
1978	0.0005691291585852798
4909	4.1726963947527634e-05
8627	6.064140006758272e-05
3926	0.00013467903275230381
11933	8.221421399222125e-05
8804	6.406130863008744e-05
3519	9.307266164032583e-05
4553	0.0001429424264596764
3052	4.722927643175471e-05
12896	3.385707088233529e-05
12530	0.00015311131641826078
2432	4.821559420633115e-05
6565	0.0003546174396300525
382	4.823290511237004e-05
6055	6.711396835815479e-05
576	9.61534962613855e-05
11565	8.048215371212543e-05
12897	5.4744235999104925e-05
3616	6.1023330570926726e-05
11460	6.32656509348748e-05
11573	4.762486037001448e-05
5339	4.502100859859101e-05
3156	7.666716856052093e-05
9264	5.047166732457288e-05
4194	0.0002818612887555499
4338	4.4927995383620396e-05
10241	3.3862268815717037e-05
4571	7.529096252450238e-05
8519	3.551389585543701e-05
6460	4.00151258526814e-05
8159	3.4789060048865194e-05
12898	5.821571210787612e-05
6810	3.385707088233529e-05
6280	4.572348027435546e-05
4318	0.00010505856781052091
4361	7.912484655022744e-05
10374	4.942617290908048e-05
6596	5.83296142140904e-05
4646	9.690582799535935e-05
3882	3.4485362102615924e-05
2729	5.027743402134269e-05
9405	4.362197455096496e-05
1200	6.735084686132683e-05
10198	0.00010378026112830095
2908	0.00022714518936350314
4913	3.385707088233529e-05
3422	0.00044481358264727376
12425	3.385707088233529e-05
12899	5.93378190293561e-05
644	8.288357249163172e-05
12065	5.7595987188717734e-05
9622	3.408477445217515e-05
6847	0.0001186524530998305
2373	5.780831788188556e-05
6971	6.0583223658745264e-05
2529	0.0001618934179476145
8238	3.385707088233529e-05
8360	4.3353592610857545e-05
222	8.539267940100316e-05
7048	6.909424988301799e-05
7554	9.996039126693241e-05
2086	0.00018728093331106348
10575	5.5341232465858064e-05
10139	4.52839582193689e-05
12330	0.00010260692058399602
10245	4.7708713840906366e-05
4677	0.00016354491038978898
7340	9.017668494916382e-05
6504	0.0001102795253523879
4989	6.62820394839664e-05
6157	0.00016633761281545397
10606	8.208619062587522e-05
11498	0.0001024768686174161
2010	9.707576214127652e-05
11276	7.31086235605068e-05
8314	0.00014584415121276712
5750	3.385707088233529e-05
6817	8.281745850368183e-05
1558	0.0008656410439074339
7034	4.401856444586575e-05
4982	6.557073702221389e-05
11451	9.117406305565376e-05
11410	4.902976386798683e-05
1082	0.00011550650953983696
4538	5.980345344919774e-05
3334	3.385707088233529e-05
12458	8.075040190694453e-05
10502	0.0001124626407435551
9109	3.385707088233529e-05
3357	5.5920824361185725e-05
3744	3.397112679918748e-05
11695	0.00011179569007881985
11545	9.515725461728568e-05
5715	6.915605168388665e-05
11634	8.362922264132146e-05
5518	6.815915017930005e-05
6380	6.836420972360881e-05
8956	0.00012458201426188153
12130	3.385707088233529e-05
11821	3.385707088233529e-05
9925	0.00011632100903016617
11181	4.696768672559674e-05
1693	3.385707088233529e-05
2775	7.286549009013788e-05
3231	0.00010871547840174636
1057	3.386084517451779e-05
12409	3.385707088233529e-05
5799	4.9650666197069726e-05
4815	3.385707088233529e-05
7089	0.00017706972987949782
1656	3.385707088233529e-05
7466	3.385707088233529e-05
11749	6.82926976503343e-05
7534	4.811183884850596e-05
5138	3.385707088233529e-05
12731	8.145140859068356e-05
3868	8.341950958433246e-05
3735	4.4428222707714794e-05
6429	0.00017114537912633047
4856	4.255612447345948e-05
8244	5.0850193095334253e-05
609	0.00013922192842991335
1777	0.0001128583206601568
12497	0.0001078554409560484
6247	4.8482509446951626e-05
9118	0.0005803513183362458
8203	3.385707088233529e-05
8424	6.738563380113402e-05
11456	3.385707088233529e-05
9221	9.758539535261475e-05
3590	0.00010149804277106201
11966	3.385707088233529e-05
3647	0.00017353979050823364
9360	3.385707088233529e-05
4797	0.00023545434463449763
12003	0.00019354407844598287
11100	3.385707088233529e-05
7471	3.415527902797366e-05
3608	0.00024035177446985164
5381	5.2909459268338046e-05
5377	3.385707088233529e-05
10710	0.00012774244699930077
9668	3.595441669163371e-05
4662	3.385707088233529e-05
1115	0.00027872760018469485
11585	8.424438710668848e-05
5199	8.131535033709603e-05
3449	5.981604931583169e-05
2667	0.00012852492388584395
1239	4.941852734265043e-05
6420	4.4351969173523034e-05
7093	8.281416465668612e-05
10684	6.390130931701338e-05
6770	6.217898098134238e-05
5709	3.385707088233529e-05
801	3.385707088233529e-05
2395	3.385707088233529e-05
5669	8.7107810867925e-05
11631	6.12913672453806e-05
9346	8.303264872777059e-05
4475	9.246165901585989e-05
1261	5.7231499209976994e-05
2045	3.3875289563857155e-05
9444	4.8655350347912507e-05
12311	3.385707088233529e-05
7365	5.1580813188640846e-05
9370	3.385707088233529e-05
11956	7.298857779398667e-05
6127	0.00038477285191563767
8020	4.225912581458872e-05
3999	3.385707088233529e-05
12619	5.512902583632248e-05
4689	5.5877199603597384e-05
7373	5.881288535088156e-05
3445	3.385707088233529e-05
4275	7.653499998611923e-05
1768	0.0002197114111905704
8380	4.805123764009806e-05
7054	0.0001103084089656562
3354	9.929174184319023e-05
11153	4.7775420208578e-05
6278	3.385707088233529e-05
12900	0.00010937689490077015
12123	4.852385840660065e-05
12901	8.719210651613378e-05
8393	3.714809074953132e-05
160	8.500522877874958e-05
3328	8.996777390166809e-05
1552	9.754496365405256e-05
6404	5.233202645867e-05
10460	8.493485917216326e-05
7635	7.445268440848592e-05
6305	6.481038544995482e-05
312	0.00013065434801526923
5244	3.385707088233529e-05
7939	3.385707088233529e-05
3353	3.385707088233529e-05
12261	4.5732074653098185e-05
3182	9.882288798667953e-05
4521	0.00011143794358255082
120	6.74603341772347e-05
3850	0.00030524223295810745
1401	4.474274942341552e-05
10004	4.614825511043936e-05
8776	3.502257345166481e-05
12585	5.503613809074846e-05
2194	3.385707088233529e-05
12902	0.0002979992415999351
4211	0.00010566625281410621
9991	0.0001225628247713139
9639	6.170248285428683e-05
11938	4.767438972253887e-05
3313	8.94850667305265e-05
930	5.063703675299847e-05
2982	8.564765989465059e-05
9137	0.00016057677204308848
6750	3.385707088233529e-05
3646	3.385707088233529e-05
9162	8.101320708715346e-05
7918	0.00013664016208094946
4242	3.72812550825303e-05
125	0.0001916877326511361
9113	7.296598939900934e-05
4013	0.00013078121060571422
10675	3.385707088233529e-05
11572	4.934632518444893e-05
7324	6.170039632962839e-05
12903	8.039523297447801e-05
12904	3.385707088233529e-05
5634	3.7917013743976494e-05
5691	3.7512036015679564e-05
2431	6.191713092253498e-05
8344	6.270185443845881e-05
1218	9.16065745769689e-05
293	0.0001525045863135427
5857	0.00012716664191004309
10739	4.680919104264775e-05
3466	3.385707088233529e-05
2140	0.00016003546284838513
4673	0.00011912538848443658
7197	4.859125211300226e-05
10844	6.0132930629258795e-05
4635	0.00015695981092312273
5685	7.886345096935709e-05
11346	0.0001175001109964915
9890	5.2320329999501494e-05
12184	3.385707088233529e-05
9780	5.156101346495823e-05
1147	7.102824580021106e-05
11437	4.913467381808376e-05
8657	5.0749935281849335e-05
8781	9.243206697204487e-05
5059	8.095300180226497e-05
2213	3.385707088233529e-05
12905	4.838407916340373e-05
4217	3.385707088233529e-05
1572	3.385707088233529e-05
4926	7.275822848290669e-05
2308	7.930096834597428e-05
11220	3.718461781974339e-05
9636	7.866582775946906e-05
5969	3.456524506119022e-05
4037	7.973063791509223e-05
11990	5.4120282320423045e-05
8642	3.385707088233529e-05
6765	3.5395744733655904e-05
11576	3.385707088233529e-05
12079	7.024030740491728e-05
12516	6.08110792825023e-05
1383	8.785072574348082e-05
753	8.525871881159204e-05
6314	0.00013124033379773245
1736	0.00021062354877339465
4039	3.385707088233529e-05
1433	0.00018848398502174137
8825	7.497376856166555e-05
8366	4.375706231549586e-05
4988	3.4819317003233376e-05
11133	6.996453379537464e-05
474	0.0001421123585812453
1498	0.00023720383990283057
4760	0.00020350371659908837
9157	3.523666721645553e-05
10032	3.385707088233529e-05
11480	0.00011561944043459567
7390	4.727925270755632e-05
680	9.22077435317817e-05
10668	5.702433593269326e-05
1590	0.00016667313351566065
3652	4.470713667724846e-05
1988	4.50214997108026e-05
1751	3.3885473084285164e-05
1712	0.00022909849670145775
3250	3.385707088233529e-05
711	4.154539062029198e-05
7976	8.753543391446453e-05
2966	4.5078664763679106e-05
2496	5.561642036041125e-05
607	0.00018649542121263214
2967	0.0005336828019300688
8372	0.00012973755897172112
9435	9.08923087071364e-05
1655	0.0001357991712370413
907	0.00013583056252909625
6873	0.00010724525821936392
4845	3.385707088233529e-05
3001	0.0003119530183527122
1883	0.00010583207472886443
2643	8.167938779081847e-05
2321	8.112871685237614e-05
696	8.655607514679412e-05
12011	3.969011074299317e-05
10913	0.00010735425495001622
4166	9.928283910891777e-05
11312	0.0004877714552545647
2896	3.580378273114816e-05
3836	0.0002371444237493602
12906	4.486092644985204e-05
7134	0.0001773672642279355
4191	0.00015371625566909397
4653	3.81440872954167e-05
8361	7.844357673362385e-05
10338	0.00010938417241960065
1574	5.9867334511600766e-05
5351	4.953781552183025e-05
3942	0.00010086878103088928
2434	4.217453929735727e-05
1089	0.00017995453633437556
4670	3.385707088233529e-05
12029	3.385707088233529e-05
7539	0.00010159756400705483
7478	3.540201050582851e-05
12907	5.807297777738101e-05
5653	4.6543485768124515e-05
12345	0.00011229157699107208
4604	5.6189656882233314e-05
2749	7.588537518762234e-05
11180	0.00010209780855531799
4932	9.469943600126962e-05
1321	3.5561801043875356e-05
4165	6.027125117006144e-05
4344	8.899725776617139e-05
3957	0.00018255386273690556
12564	8.021798319814444e-05
936	3.385707088233529e-05
6192	4.849847053584845e-05
8064	4.9640814915290913e-05
2919	4.011769584217748e-05
3345	7.038679191796206e-05
7669	5.330944897508067e-05
1858	6.42777246186656e-05
1491	0.00013212527304048348
6556	3.385707088233529e-05
1025	7.677991758642918e-05
449	7.883845639847059e-05
450	6.488166393961235e-05
354	9.489854644966076e-05
3632	5.515593250999046e-05
12908	8.135915863368403e-05
2624	9.523137207688259e-05
3348	0.0001780424761413403
9520	0.00011851204492766642
3218	5.6970013771150566e-05
12909	3.8256107402567553e-05
6343	8.371133423792851e-05
7892	9.088529609221793e-05
3062	0.00013591440156497065
8426	6.820947065940297e-05
9006	0.0002626825215557796
3123	3.761831141563392e-05
9460	7.091265513550513e-05
3887	4.348681165254002e-05
4315	4.798978912976727e-05
6364	7.01262778923555e-05
10899	5.756969056759911e-05
12052	4.6235682389512105e-05
10352	6.165220750448317e-05
2787	7.231670969391806e-05
12315	7.029211952320695e-05
2263	0.00014295434087206
10769	3.385707088233529e-05
12910	4.912621092861056e-05
8173	3.545715305575442e-05
519	0.00019272202011033754
6447	7.130676025356873e-05
9188	9.940318790472058e-05
9408	8.005483288984772e-05
3574	3.564516933630553e-05
10277	3.6531174573785555e-05
11566	5.883919424218936e-05
1282	3.385707088233529e-05
10988	8.894009196791077e-05
2683	6.662678436330527e-05
81	4.8694712353483606e-05
10371	5.392796808096767e-05
2645	0.0001034966016205489
3441	6.127495623829036e-05
698	0.00019075136665735453
5641	4.8014466312659606e-05
8860	7.64121962460547e-05
3953	0.00011981674471365314
988	5.258298721129663e-05
3238	5.462670992725323e-05
11430	3.385707088233529e-05
11459	7.876508956803061e-05
7514	0.0003217961183701834
12911	4.778168918524924e-05
7828	3.385707088233529e-05
6307	6.0275417128278304e-05
5895	3.558642979626932e-05
1569	3.385707088233529e-05
923	0.00020461823548636058
2012	0.00010918575593548427
565	6.702421642241677e-05
984	5.111617394206057e-05
3711	3.4122832349449255e-05
5672	3.385707088233529e-05
4862	0.00018902398261138955
7149	7.87215349538542e-05
2813	0.0015902433353822477
7821	0.00014399832946469435
2718	5.608235334282445e-05
8291	3.38648779181895e-05
2552	8.987474198351487e-05
1304	9.698346893513751e-05
252	7.33063287333202e-05
6348	9.350983462088784e-05
8720	4.548159693605299e-05
6990	0.00017276775271140945
6916	0.00012205126189139574
6455	8.056211364178422e-05
9852	9.745324795426258e-05
1888	7.145755107245104e-05
3241	6.566656357596758e-05
11747	0.00013059358903994966
4777	0.0002254134795491003
12912	7.543120520587407e-05
119	0.00015278263365352732
3258	7.409253424338505e-05
4489	8.65572194116793e-05
8549	0.00015119291973697213
233	0.00034825758896861236
8508	0.00012285589436765397
8962	8.669621474075331e-05
2520	0.0005134594310288419
2474	3.4118222845671984e-05
11670	5.576037526131086e-05
1148	6.732580139721348e-05
2080	3.385707088233529e-05
1788	8.544239863984412e-05
8321	3.958011385274861e-05
2145	8.746875370454757e-05
7108	8.57741427594564e-05
544	3.590254167627314e-05
3583	9.033376870946872e-05
3985	0.00011976990248816617
3068	3.385707088233529e-05
8753	5.526228229847759e-05
578	0.0001576610450334973
12294	4.659682391659571e-05
4389	3.385707088233529e-05
5707	6.810958973982377e-05
9518	3.8506519274627556e-05
2470	3.385707088233529e-05
8978	7.16490637040537e-05
2673	0.00020831538732671778
4912	3.385707088233529e-05
8413	6.942734973083407e-05
1664	0.0004803173684317006
6651	4.197543212585012e-05
11509	0.00010647466415794161
12913	4.6138194492157904e-05
4827	9.048897395999075e-05
4117	0.0003381280176071262
650	7.154226803202984e-05
1333	6.344242193223907e-05
4002	0.00011772973035966971
9567	4.72915196362358e-05
8347	0.00014749533000134283
9586	4.3763755780903736e-05
191	0.0003867025690157298
4847	0.0001961900738528667
4478	8.830958616906967e-05
9127	5.014366074400705e-05
2581	7.501385520714877e-05
6895	4.14810989755779e-05
2280	5.8036274254084576e-05
3180	5.111511150959356e-05
10324	0.0001449365122906715
1339	0.0006309776131246189
797	0.0001535695788323923
1873	3.385707088233529e-05
7509	0.00014815068183377997
881	3.385707088233529e-05
8752	4.230985392678348e-05
2640	3.385707088233529e-05
7201	9.32742825108925e-05
9835	7.159612505974453e-05
2048	9.697533329769664e-05
2986	3.385707088233529e-05
6501	3.385707088233529e-05
3097	0.00029170916988946824
11752	6.244000694986135e-05
1522	6.388053502972441e-05
9471	6.20496438057594e-05
7926	9.547875047818717e-05
1142	3.385707088233529e-05
657	0.0001626678969588634
1045	0.00031457146092035276
2595	0.00010198814201571805
7168	4.747194331954141e-05
5542	3.656089725052762e-05
12657	4.200363003624391e-05
4148	4.422756231731117e-05
695	0.00012537374006140752
11101	6.164484677491799e-05
3237	0.00012633756817825696
7325	9.965740902143144e-05
2324	3.385707088233529e-05
7347	3.952178808286693e-05
2049	6.755282204350413e-05
3272	6.763870985109456e-05
2406	6.700796996345247e-05
11098	3.430731081633437e-05
647	0.00044225650131070787
8371	8.675096583517873e-05
8198	4.47019052101614e-05
306	0.0017716776376381015
1369	5.443965498686212e-05
2576	4.075758551186695e-05
8237	5.68838978474354e-05
1875	8.429735447914367e-05
11642	3.385707088233529e-05
1010	3.385707088233529e-05
12914	5.688476255090287e-05
1789	0.0001714291321712167
2885	4.920382099539353e-05
8322	5.371426209068018e-05
7	0.0001138479418753156
11189	0.0001231089938340407
3217	3.385707088233529e-05
2365	5.4607689327879636e-05
12743	0.0001214840872036947
249	5.997040059414043e-05
5148	8.741426191473942e-05
7243	9.56909512062422e-05
6004	0.00016546337545556242
10986	5.6781680595187044e-05
1725	0.0005750659398559788
5394	3.386380503147932e-05
10078	4.6116243826768905e-05
7162	8.887109868481466e-05
9472	6.44897045262873e-05
9499	0.00017424644828495915
3415	5.2117780008526955e-05
7351	0.00014296437290959397
5261	7.047477879039432e-05
4506	5.905233915815087e-05
10311	3.385707088233529e-05
11040	8.870545310531021e-05
1500	0.00012954377283971643
6698	0.000297318099843617
8985	6.467825191147403e-05
10621	9.854864812784036e-05
3871	0.00018689363585439132
2682	0.00015597841250341573
10609	6.900612257063342e-05
2661	4.4655763797788294e-05
6543	3.385707088233529e-05
1074	4.195370466477497e-05
850	0.0001314043248011839
1920	0.00017762873793620505
8670	0.00012509687969863202
11359	0.00011450890104149787
2890	3.385707088233529e-05
4400	7.442110054442864e-05
12915	3.385707088233529e-05
1156	0.00014439916455071328
12301	5.884901927431891e-05
12916	9.921927800744188e-05
10062	3.385707088233529e-05
527	5.988881722579583e-05
2241	5.841949231214016e-05
3738	4.6262546560536405e-05
6585	3.385707088233529e-05
6622	8.527779338695477e-05
5786	0.0001103179091232593
10912	4.769503956883144e-05
10293	0.00021996645492425334
2883	0.00011714070005037748
8087	7.354733517484107e-05
12917	3.385707088233529e-05
1022	0.00010780988046922617
5993	0.00014767895172208606
5308	6.366510053350587e-05
3416	0.0001071580400561512
10219	4.868746186521498e-05
4083	7.893880106789184e-05
12918	5.0019689954505546e-05
4119	5.133200249277342e-05
3299	3.385707088233529e-05
1743	3.385707088233529e-05
781	0.00022719912356952295
2451	7.099363035231038e-05
10764	8.468289341728515e-05
12461	7.343552971392114e-05
12919	4.421513467093014e-05
6495	5.7880622112654775e-05
2065	4.065384680830743e-05
6043	0.00010579431066038495
3057	0.0006815688694722507
12920	3.385707088233529e-05
7033	3.385707088233529e-05
10888	5.756734597042748e-05
12724	7.508992160908677e-05
12921	5.963487636288275e-05
1775	0.00021752960945681775
2419	3.385707088233529e-05
7897	0.00014715622701409541
11819	4.982030754547787e-05
2180	0.00013636174248803096
12551	8.027372478981861e-05
12310	6.609057727943912e-05
2761	4.767327378400022e-05
11536	4.756825971810926e-05
3963	0.00013759716713895414
3962	6.134335227838952e-05
5638	0.00010305507242110637
545	3.385707088233529e-05
4667	5.5302842960526245e-05
12922	6.976966066251738e-05
3303	6.05751767589429e-05
873	0.00018882421506109521
8658	6.625755172985852e-05
7550	0.00015102990662237053
12262	6.781626988806702e-05
1871	0.0002450486817437709
4264	4.57699239983247e-05
5276	0.00027091647126273
12161	3.81853502199929e-05
3810	3.529748723786179e-05
10485	0.00011086248695689104
7893	0.0005570469025516915
2199	6.775116306968266e-05
7991	7.433234296116056e-05
12923	3.385707088233529e-05
9285	5.758719467447363e-05
4094	9.606568802217605e-05
10658	0.00012250279028904766
12103	0.00011635530306379068
5810	6.910962824850361e-05
7483	3.568922230084958e-05
3298	8.180382399299626e-05
10105	3.385707088233529e-05
6482	6.881703227085523e-05
9553	5.870267599023302e-05
12086	4.813057062351729e-05
11911	3.385707088233529e-05
4552	4.513973809959222e-05
1318	0.00013305088634971512
11591	3.385707088233529e-05
11042	4.198680977177039e-05
7049	4.925118655842948e-05
4868	9.62253545142401e-05
7092	0.00016192775263373853
12589	7.685867693263994e-05
12269	3.385707088233529e-05
7704	3.385707088233529e-05
10568	0.00023284951048511144
12924	3.385707088233529e-05
8478	5.582774073103167e-05
6138	3.385707088233529e-05
12925	4.798292253344623e-05
6549	4.8478716162545126e-05
12926	5.192322109033519e-05
2943	5.469122945068762e-05
483	3.38789888670413e-05
6525	6.453868894311462e-05
4415	6.182183950130444e-05
12367	7.217251754153312e-05
2177	4.771006026425748e-05
3847	0.00010570693795799377
5971	0.00010499392389099287
10718	0.00013517120562728832
1406	7.972470990072192e-05
1415	8.450970556006465e-05
2724	0.00019039117291456687
6580	4.398294706084662e-05
11719	5.0785770599155784e-05
6912	0.00021147836131387533
9304	0.0001408032164197679
6704	0.00025587116383987896
12927	4.522706944343579e-05
1206	0.00038948729509584136
12928	6.705146938880242e-05
3709	3.385707088233529e-05
2068	3.44900441063521e-05
2935	8.501146146311924e-05
6184	3.385707088233529e-05
12929	4.962731064018472e-05
10752	7.260032184494097e-05
3203	0.00012025678419925624
1279	9.593218141070613e-05
8971	4.552994785447617e-05
8909	3.613942450381285e-05
1259	4.415276734587216e-05
2124	3.9603520494826235e-05
2573	7.27639556826158e-05
2363	3.385707088233529e-05
2077	0.00011654325334370375
552	0.00012894227750395387
330	3.3863808379049386e-05
7570	6.416682210435046e-05
6375	7.878477913018848e-05
3418	0.00017010695340043808
2129	3.385707088233529e-05
5410	3.385707088233529e-05
4905	3.385707088233529e-05
167	9.540673842447554e-05
8660	3.385707088233529e-05
9701	0.000151253468492587
12055	3.385707088233529e-05
4917	0.00013978711766719288
8178	4.855659383118621e-05
6685	5.756632181924206e-05
9033	0.0002031349114668071
6328	3.386153779760048e-05
6726	7.474033173382267e-05
7967	3.385707088233529e-05
12930	3.978522580365124e-05
7393	8.922591630104368e-05
4787	3.385707088233529e-05
8681	3.3860426283451075e-05
6735	7.243527189470069e-05
6274	0.00019474309161179022
3821	3.385707088233529e-05
4382	4.836158310843047e-05
11722	3.392937532126722e-05
2021	4.421759241369697e-05
3830	0.0002846427537472386
7019	0.0002441905458820316
2817	0.00019957338528815092
12719	3.385707088233529e-05
11655	0.00020248622450903662
1936	9.506063566334957e-05
2152	3.385707088233529e-05
791	0.00010446765511080271
1716	0.00030304863794209167
8026	5.462458873501476e-05
8440	6.0623145621394275e-05
3122	0.00035282448521262936
1997	0.0002485940975664875
5168	3.385707088233529e-05
10120	3.4136282734208665e-05
3564	5.561801717715638e-05
4931	5.7903139950459985e-05
10298	0.00012996326702086644
11303	5.8362701180716104e-05
12728	9.758347620325576e-05
2157	3.385707088233529e-05
12931	5.03421556339926e-05
3076	0.00013429066318247548
5748	3.385707088233529e-05
6441	0.00021092124453855624
6927	0.00010138913495474405
6514	7.651581575921503e-05
2659	0.00014645176821703515
8675	3.385707088233529e-05
2962	8.959639950253221e-05
3342	0.0001518151241072591
8482	3.385707088233529e-05
2158	0.0006783154947668088
5328	6.859906145484787e-05
1681	5.687122246154725e-05
1925	3.385707088233529e-05
4531	3.861824117797998e-05
1356	0.00013574691062808315
6241	3.385707088233529e-05
1939	0.00016837867262528054
10785	3.385707088233529e-05
2990	9.882244450427899e-05
8850	3.385707088233529e-05
7430	0.0002327377424378868
8444	0.00014171975528043209
5787	5.450934450754063e-05
1668	7.718411585748547e-05
12541	4.240969045853466e-05
4089	0.00012379080562956372
1757	0.0007922615628145009
6675	0.0002808219773358908
1494	0.00019949386758807568
1081	9.136869562579955e-05
3119	0.0001199679347223682
2525	5.788462481551449e-05
12265	0.001179919693615862
7529	4.976085316679222e-05
10072	8.562501282629272e-05
6213	7.104931658394862e-05
10048	3.387635789297761e-05
7780	4.394941717982821e-05
12061	9.616736901544013e-05
10538	4.8213234086600995e-05
3474	4.950399115946296e-05
9446	0.00012605517634695264
12932	3.4028338142153e-05
12933	4.55513011106608e-05
10562	9.735785004532623e-05
8900	4.773295959763513e-05
10108	7.544172406449538e-05
4650	0.00010318565419397815
6703	3.6046630486155085e-05
3171	3.3868419827567535e-05
12934	7.182420391726436e-05
11777	6.63615572615214e-05
10360	5.179226075723104e-05
648	3.386717712740643e-05
6872	5.8376303521918914e-05
7588	4.5516571728616153e-05
1001	5.759278738917555e-05
3425	3.385707088233529e-05
11647	3.3860439630692335e-05
12726	4.596544897057517e-05
8897	3.3870543961701914e-05
623	8.750648782082327e-05
1766	3.385707088233529e-05
1735	4.759423550491806e-05
7868	7.000264601047761e-05
404	0.0001482868078044169
11059	6.728254520957406e-05
7522	9.24566306462428e-05
9967	6.185969661621493e-05
12935	4.407156980574565e-05
12936	4.069260716712911e-05
12937	6.0250884190534944e-05
390	5.2450736955799e-05
1764	6.0761924924200594e-05
5880	0.00010382767700835876
12938	5.3318733188995106e-05
8403	5.4349068250359294e-05
11543	0.00020685850920086678
5254	7.213287993620561e-05
7957	9.742361443007331e-05
4954	3.385707088233529e-05
4564	5.330861530806466e-05
5696	4.575138931491757e-05
10497	3.385707088233529e-05
3600	9.520133887300156e-05
11537	4.601779500211398e-05
9066	4.775493946187414e-05
8261	0.0002877226306676404
1822	3.385707088233529e-05
188	5.188020244280072e-05
5522	5.1961493610882196e-05
7770	8.283931738837956e-05
3360	4.5482514614186635e-05
3283	0.00024853652949950923
8192	7.62264974584656e-05
809	0.00015900701847870006
8816	6.504937292308311e-05
10301	8.264995414710329e-05
12939	0.00019485731038571766
2941	0.00024570039775395527
6494	3.385707088233529e-05
3723	3.385707088233529e-05
2239	3.654685334028495e-05
1947	6.110160381565834e-05
6	0.00013952808957301446
1230	3.385707088233529e-05
12940	3.6290039831816346e-05
9679	5.5340491950337016e-05
12941	3.385707088233529e-05
10192	4.0098164166251714e-05
12000	8.323322609160397e-05
6116	9.944359894465935e-05
4019	6.401305714143793e-05
790	0.0007549433649406466
381	3.385707088233529e-05
980	7.6687135153941e-05
12942	0.00016207617781889287
12943	3.385707088233529e-05
9451	3.978522580365124e-05
8905	0.00012959079542511492
9303	4.622068248281137e-05
10440	8.796047337594668e-05
7520	5.140188455361852e-05
7984	7.899651806573792e-05
4049	6.448513697772042e-05
10717	7.616861709739213e-05
4800	6.427429300448586e-05
7663	3.385707088233529e-05
11010	3.385707088233529e-05
7424	4.539311750602293e-05
11017	0.0001256565186643214
8070	0.00019767933717459941
4837	0.0001521481062286981
7326	3.385707088233529e-05
8441	5.974885202016537e-05
12944	3.385707088233529e-05
12945	5.756969056759911e-05
10979	3.385707088233529e-05
807	0.00029458721394054656
7220	8.040356471759655e-05
10053	4.418210620687224e-05
10776	7.591153592588491e-05
1280	0.0003062711226234683
4278	0.00011818285378039775
2058	8.653396252733424e-05
604	8.687601865620039e-05
3620	0.00013304915909286545
12946	0.0001628744866307999
7085	4.824700259287561e-05
11488	4.1694105040793715e-05
10889	6.263164481177322e-05
116	0.00011149731878061831
11673	6.855549810789656e-05
5509	0.00012882803030696963
7377	8.050457690115238e-05
9843	7.666080652397955e-05
8668	6.724782569242193e-05
12232	8.03592494252137e-05
2233	8.698868443249029e-05
5756	3.385707088233529e-05
12947	5.7573058837440765e-05
2692	7.1556660133979e-05
9706	4.288345785413494e-05
8494	3.385707088233529e-05
6220	3.4019423042992815e-05
11357	3.385707088233529e-05
11803	3.385707088233529e-05
8645	0.00010307038937471201
12948	3.8308631179114305e-05
3672	3.666383614740765e-05
878	0.00014008926378328217
12592	7.43417916867147e-05
12949	5.049435083095954e-05
5491	3.385707088233529e-05
2582	4.529935876711842e-05
4167	7.913135664082698e-05
12347	6.988282142090226e-05
4425	0.00011744773426947946
504	4.477166742681438e-05
12658	5.9936554720647526e-05
9310	7.144141935563183e-05
3551	4.070179100902872e-05
12260	5.8242859053725916e-05
1088	3.613010750126167e-05
12950	5.1578866320005546e-05
8174	6.297708303113906e-05
3486	3.385707088233529e-05
3883	0.00010385136733279483
10570	4.869132016647608e-05
9367	3.385707088233529e-05
170	0.00016598927352010607
12951	4.902976386798683e-05
12527	0.00024187118234186188
12324	3.385707088233529e-05
12668	4.83851246002635e-05
12744	5.0297671073229046e-05
2017	4.059982092610907e-05
7422	8.614010118388057e-05
190	4.080296820259954e-05
12692	3.385707088233529e-05
8610	3.385707088233529e-05
5354	5.438909469372417e-05
6333	3.385707088233529e-05
6016	4.7699444020816356e-05
12952	6.132173831826585e-05
2863	7.71029461272547e-05
583	3.385707088233529e-05
10660	6.246000295190603e-05
7715	3.385707088233529e-05
6884	0.00025255398355896917
8456	3.385707088233529e-05
6619	3.385707088233529e-05
1554	0.00022047301928147797
11155	5.40811112425946e-05
1307	5.602705241265696e-05
8916	3.389109214619573e-05
1306	3.385707088233529e-05
12953	4.90637381411595e-05
7045	5.180406204172669e-05
214	3.385707088233529e-05
11328	0.00010078647258476259
2518	4.2437949072237995e-05
10363	4.880520520372813e-05
6820	0.0002717315815174915
12954	5.9595591833380454e-05
3356	3.385707088233529e-05
4414	8.28866023885945e-05
492	0.0001996191022857501
6625	0.00012117115911159159
9325	0.00013629171640702133
1495	0.0001379847713929252
5575	3.9853715036919444e-05
2670	4.777796676560841e-05
3389	5.060430261894682e-05
10181	8.9479446862529e-05
7832	0.00016135538716859763
12955	3.591063468718074e-05
5990	7.010247357796394e-05
10874	0.00010859561805711795
8559	3.385707088233529e-05
11441	4.1014925382308125e-05
8457	3.392657125060628e-05
11132	0.00010412346737463162
10893	8.401395488339476e-05
5338	9.627692339424632e-05
5020	3.398475112728972e-05
12142	4.730500833764741e-05
3916	3.385707088233529e-05
4356	6.034561149174689e-05
2266	0.0006088417688932013
12101	7.503133279429555e-05
2019	3.385707088233529e-05
10994	5.892461880973289e-05
8472	8.941102166587457e-05
2545	6.170313145465612e-05
671	6.318012678720128e-05
843	0.0001270622537987805
1576	0.00013796918646722967
10055	4.358352716126758e-05
178	3.385707088233529e-05
3103	4.446511163790095e-05
3472	3.385707088233529e-05
10821	4.59299360048273e-05
5531	3.385707088233529e-05
6708	6.526345879388097e-05
7569	4.380010570529869e-05
3993	7.43144315612411e-05
12158	5.553573265198277e-05
12956	3.385707088233529e-05
12957	4.697861333876732e-05
3750	3.385707088233529e-05
1613	0.00011996171837777258
6034	7.135678166214628e-05
3007	6.949542113573429e-05
9038	3.84915332402835e-05
8613	4.556280252651515e-05
11502	3.71013137567139e-05
1132	6.026244937023765e-05
10453	4.825820078082059e-05
1269	0.00037108567967303124
9403	0.0002343533257415838
9634	4.983041554938593e-05
12958	3.626972073587014e-05
7318	0.0001639160681220318
4091	5.7183908481547204e-05
95	3.6874792401953765e-05
11376	7.300877103108844e-05
7601	3.385707088233529e-05
6564	4.5611619490985156e-05
2279	6.465832585443698e-05
7172	8.696055994503968e-05
12959	5.924241588114842e-05
4430	3.402289282733006e-05
2269	0.0002590565171928913
5235	0.0002939468383029297
1573	3.385707088233529e-05
7981	8.035585422752411e-05
9189	5.093845661763207e-05
5670	4.4114842646180024e-05
4241	3.38638074220186e-05
12960	0.00011615339544858915
2564	5.9227676429797965e-05
11083	7.605888910978831e-05
2143	0.00023796544930084827
2272	3.385707088233529e-05
10804	0.00010383788848475765
8282	0.00023024603201794768
11622	5.0116657709706704e-05
1086	0.0003421576496879403
7677	5.8618466113066574e-05
476	5.141536442122556e-05
597	0.00012216845189809373
11632	0.00011176754562131816
12749	6.338972462682077e-05
5252	0.0028865381636323144
10257	5.443919354323984e-05
4022	4.663038887465503e-05
2026	3.814023767304794e-05
1511	5.0440852430373045e-05
487	0.00014473507635196696
12961	0.00013473286227327677
1290	5.646652586014149e-05
4548	4.5548729528471424e-05
3602	4.9769878335351964e-05
11103	8.166989356915432e-05
7634	3.385707088233529e-05
11113	3.521031706111057e-05
7625	7.181761893383715e-05
2133	5.401575188883799e-05
10441	6.173575605471098e-05
2462	8.62476229893688e-05
10434	3.385707088233529e-05
9918	5.4370148313996267e-05
5196	3.385707088233529e-05
9981	5.538563349132481e-05
3589	0.000123213441646462
4812	9.525537779042181e-05
6303	0.00014538293100939468
3536	0.00010862468763316351
3340	5.694111190863414e-05
10255	5.992562437155209e-05
4595	0.00013960704241078474
5831	3.385707088233529e-05
9134	7.255920326490234e-05
5702	5.446510424762716e-05
3011	5.6384282480420234e-05
11592	0.00019508734325216498
12436	0.00010243212771937616
5230	3.385707088233529e-05
5184	4.734240240010829e-05
10934	8.010586957960862e-05
5911	4.9608073666347494e-05
5340	5.999693912102328e-05
3073	3.385707088233529e-05
5388	4.612391844963634e-05
872	4.373932849826056e-05
12648	7.217015263477242e-05
10880	4.490246996068118e-05
4080	7.140200190772485e-05
10535	4.5234002481616754e-05
6289	3.385707088233529e-05
8990	0.00012413193100634437
5105	0.00013288411127122923
4218	6.874295039212006e-05
2449	0.00021806140074438995
9044	0.00012060369080550774
6170	4.7613125853615716e-05
880	3.385707088233529e-05
913	5.479750840451884e-05
662	0.00035570937051695274
3216	5.244824507744151e-05
11651	5.960679799481846e-05
1950	0.00016956503690900127
3545	5.6368179967155354e-05
12962	3.81928452608249e-05
9123	5.666912756157999e-05
822	3.385707088233529e-05
2277	7.419257081806882e-05
10395	3.394635238471267e-05
10212	4.576187427668708e-05
3015	5.1211587537458906e-05
8136	4.927407890635021e-05
5461	5.089963391549677e-05
1134	6.547283080193133e-05
3099	6.6586799216987e-05
1026	7.253418406404215e-05
11202	3.385707088233529e-05
11421	6.012187261299804e-05
10972	0.00010607484390041541
9937	5.428929642347586e-05
11947	3.3895161043678745e-05
7985	5.901467891081895e-05
3554	3.742077606209239e-05
5793	5.01020831729569e-05
5471	0.00013276505277356494
11030	0.00010871161193751426
10566	3.5236906692512e-05
9170	3.385707088233529e-05
1080	4.8663858188770364e-05
1160	0.00013846874934507998
4449	7.011426613474358e-05
1400	3.385707088233529e-05
2688	0.00013665969702475993
12963	4.264273924919696e-05
12964	6.752385644527713e-05
9563	3.7223537076409577e-05
4863	4.1951316862079806e-05
5825	0.00014565749328376577
2465	5.092302590874851e-05
7388	7.349130973843223e-05
122	5.058056153227501e-05
10101	6.326131446848813e-05
1528	0.0003478889273712174
8583	5.617718595830766e-05
12965	3.385707088233529e-05
4150	5.7917296886340546e-05
1030	8.574737708347335e-05
11907	0.00010809562729019674
2553	5.512548302829542e-05
6601	9.596067950516983e-05
4494	9.305831378027977e-05
5974	6.67799655623926e-05
8661	3.385707088233529e-05
1043	0.0003020004276192315
10532	3.385707088233529e-05
10735	3.385707088233529e-05
12966	0.00026849198610085726
535	0.00011507932718914458
4130	5.85284724839748e-05
5712	4.779135852611143e-05
2150	0.00017295618632655587
8420	0.0001380709942920338
6559	7.124702160908601e-05
7405	7.91533726293329e-05
4624	7.227684448691547e-05
12967	6.053274063541543e-05
891	5.737361941200328e-05
7156	6.992892755832737e-05
12526	3.385707088233529e-05
2119	3.385707088233529e-05
12148	3.426719929633929e-05
10557	8.807502602193817e-05
11905	0.0002217522486256147
4818	6.974367439690618e-05
4739	9.072596858921709e-05
8618	0.00015102996444364287
4098	0.00013067462773491296
3154	4.903386695188551e-05
9946	0.0001761993633846256
614	0.0002851555889102987
10382	7.608810553198547e-05
8437	7.057387448604021e-05
10090	5.4658516373356256e-05
3053	0.00011263247770811375
12600	0.00012036802772685256
6476	4.2087716101262684e-05
155	5.4555204072282315e-05
2636	9.609618542839937e-05
10408	0.00020042562034762644
5663	4.3737697381193624e-05
4416	0.0001491592928240235
7039	9.452108284322398e-05
4030	3.385707088233529e-05
9322	0.00013435515228591701
10775	4.179608517803641e-05
8328	3.385707088233529e-05
11011	8.191639681802235e-05
6932	0.0003502790956164666
823	7.693049296051903e-05
3936	4.579072571805544e-05
11796	6.944286767177182e-05
10586	8.947708747564535e-05
2027	0.00011331924270963827
2674	3.3865572952315124e-05
7974	3.385707088233529e-05
7973	0.00012081823552909206
6042	9.834067265819122e-05
10089	5.1007080811155823e-05
9824	4.856851567749301e-05
3406	4.751902793459457e-05
777	3.385707088233529e-05
12968	0.00010611061278367528
5505	8.284494129159378e-05
446	4.455135994547607e-05
3257	0.0001492581136899901
616	3.385707088233529e-05
2551	3.386798073569518e-05
7648	9.98837509413653e-05
5620	8.608158735998762e-05
5167	5.783722306997904e-05
12442	0.00033795941051832033
6573	5.309950084927838e-05
2404	0.00015313924804945324
12129	6.958001529003326e-05
11908	3.5643004324981004e-05
9447	0.00015688991858224982
8301	0.00010236125358715265
8793	9.104155919687733e-05
11396	0.00013501251614903058
10422	6.268221349996584e-05
11277	0.00011003099176910266
4157	0.00015108818201426836
615	0.00010903869120113572
4829	6.629340033997522e-05
1154	0.00010900896068550517
9806	4.4199232890207e-05
6728	7.139315080383865e-05
4665	5.6419679428766215e-05
6336	3.385707088233529e-05
1197	4.90889742800914e-05
9808	8.653651757249623e-05
3856	3.385707088233529e-05
8655	0.00010282159656017269
304	0.00014071710542906048
6413	0.000131182940846034
225	3.385707088233529e-05
8304	7.647520869021431e-05
3917	6.361465516248597e-05
5032	3.385707088233529e-05
1922	0.00010610850678469443
391	9.266728256898427e-05
2832	0.00041196931600468757
1550	4.4387741243940746e-05
12969	3.755149829100699e-05
2415	0.00012581492229734082
3382	0.0002697581508713473
12219	5.190340449376996e-05
12745	6.570624831169014e-05
12770	8.551437305983993e-05
4234	4.7285607902972256e-05
8270	3.962448678334733e-05
3178	4.657136366169661e-05
9779	5.8598603463731646e-05
10415	3.385707088233529e-05
3093	5.2955565183265284e-05
7343	3.385707088233529e-05
12970	5.169860013907755e-05
9307	5.956308568613286e-05
8218	0.00022413423639669846
2319	4.6014231714779786e-05
940	0.001396541546570726
9200	8.558314529671078e-05
8147	0.00013480521277393787
12971	5.4012888924571915e-05
8605	7.995211708696307e-05
7700	6.273404561700003e-05
12972	4.905037727929087e-05
900	3.385707088233529e-05
1516	0.00018605846374201664
6275	4.7491282318855126e-05
9494	9.916302611557353e-05
10558	3.385707088233529e-05
1285	7.513334262632888e-05
11798	6.058726280161053e-05
3350	8.55158968932924e-05
5152	0.00011188220900492483
9591	4.683526520230861e-05
8049	8.714904783250243e-05
6416	3.385707088233529e-05
3419	4.1376467004493675e-05
10836	4.9721977485408236e-05
1210	0.00014662055709081467
12973	0.00012481181031976458
2165	4.464713897073675e-05
5097	4.5864914128508695e-05
11865	9.630507449719613e-05
11082	6.357190559560949e-05
11571	5.7237702599398896e-05
12754	3.385707088233529e-05
11925	4.747678476184088e-05
9544	3.3866607144580106e-05
12974	4.8198100319095955e-05
9327	3.385707088233529e-05
691	5.226178652719307e-05
9335	3.4198004693204166e-05
2611	0.0001499288561116349
8993	9.836400417885704e-05
6839	5.592312024939922e-05
8534	8.358254503726542e-05
1468	0.00019370812747107716
6767	3.385707088233529e-05
4788	0.0001046879453786982
4897	3.405296348544396e-05
5263	8.493323373872088e-05
12032	5.222490121233597e-05
5796	7.307776327590505e-05
10341	3.385707088233529e-05
7016	4.625995428512692e-05
2594	0.0006439174640842661
6512	3.385707088233529e-05
4902	0.00012854999255331476
11758	6.176425309792181e-05
8736	0.000125602601998557
12975	4.890768996540852e-05
12489	5.756969056759911e-05
11903	4.988995858678716e-05
11975	4.2242837891286525e-05
4085	3.385707088233529e-05
9402	5.6223354541291555e-05
234	0.00012655986355468636
716	0.0004491582786436351
12504	5.199455472417299e-05
1642	0.00011391371040431866
982	0.0003129969367565757
12976	3.7501179588543966e-05
2760	0.00016181819986388148
11541	0.00018010110526259273
5593	0.00016064813298198068
12628	4.8455618651467914e-05
12977	8.745492216148378e-05
12250	8.096815818489174e-05
9250	6.15861657474263e-05
9768	4.808464269349358e-05
5757	3.631846466717561e-05
5961	3.385707088233529e-05
8381	4.39393741813614e-05
7745	7.799669126707908e-05
2427	3.385707088233529e-05
6882	4.627675725069551e-05
4197	3.385707088233529e-05
10615	5.7520364160087744e-05
7922	3.385707088233529e-05
10467	3.385707088233529e-05
5533	0.0001413423280536295
4852	7.118561184648348e-05
9382	3.389358949175317e-05
6402	3.385707088233529e-05
59	8.444996773044883e-05
12244	4.6163586603021825e-05
8158	4.7417939579393486e-05
2467	7.635453954034614e-05
2736	0.00011743552825114289
8812	3.385707088233529e-05
12085	7.993503429415627e-05
12317	3.385707088233529e-05
4984	7.347320981932152e-05
12978	8.469312795762237e-05
6165	7.394334159989558e-05
12979	6.172099521884135e-05
10777	3.385707088233529e-05
12067	3.385707088233529e-05
1328	3.3981317310966706e-05
8646	5.7701511059395746e-05
10447	3.385707088233529e-05
8502	4.070438301494175e-05
11227	7.230745742782438e-05
1710	3.385707088233529e-05
3383	3.7114198482270256e-05
7077	3.853527363219566e-05
2284	7.133702749052639e-05
12377	0.00020144508582691794
6186	0.00015052069437644712
12765	4.925857461738698e-05
11520	6.080134058347554e-05
1604	8.999606420762289e-05
7452	0.00014781209962841773
11215	0.00011838653435302626
11333	4.7251900135411655e-05
11029	4.160927347174846e-05
11644	4.1743320415994474e-05
9429	4.55569671742408e-05
12133	4.5124979292374796e-05
498	3.385707088233529e-05
8081	7.781733260115788e-05
10016	0.00017208731621687915
2740	0.00018582486755704228
6013	0.00018656304634165027
12387	4.362218184609543e-05
4381	0.00020180311221974206
12980	4.024375075001911e-05
12088	0.00013485449217542255
10648	5.134634926075164e-05
12172	6.66469627477435e-05
11697	3.385707088233529e-05
12981	8.977369860564966e-05
2426	0.00011514581605414029
4589	0.00011639314406499928
7070	5.381030778703765e-05
12259	3.385707088233529e-05
8976	9.517528235881693e-05
12277	4.2013855479992e-05
894	3.385707088233529e-05
9549	0.00011846480003469754
5240	3.451085901536103e-05
12982	7.333080983885681e-05
321	4.3378614244330255e-05
12983	6.315819916696875e-05
12729	4.8852281082874206e-05
5772	8.490628635290396e-05
4890	0.00010560509707534493
7014	3.474402928595099e-05
4899	0.00012541317063844307
5499	3.728717390159596e-05
4221	3.385707088233529e-05
4184	7.739381200086373e-05
7859	4.0588554947577697e-05
3730	3.503738304172539e-05
6670	9.992964567328566e-05
11814	8.281145994121206e-05
3777	6.013076686978772e-05
7479	0.00017202111067083015
6939	3.385707088233529e-05
12419	4.434004284295332e-05
12984	3.385707088233529e-05
12750	7.159417067071621e-05
2354	7.948093305868021e-05
9613	3.547616832046528e-05
4737	7.852535405017978e-05
11415	5.0276850636619944e-05
11725	0.00011431427843447191
516	3.385707088233529e-05
4755	4.939071951552954e-05
10481	5.757584503168841e-05
7746	7.4164506916604e-05
1945	3.385707088233529e-05
12444	4.9125241741264635e-05
2917	6.228891326515078e-05
6370	3.385707088233529e-05
11800	6.286199945205923e-05
10726	7.463116777708533e-05
11846	3.732650353465024e-05
1103	0.00037310492720878883
3249	3.564259476814749e-05
9743	5.543752847667619e-05
886	0.00015536630748783003
195	5.3616924869873066e-05
4404	0.00019959601962494096
2779	8.710000246545178e-05
7163	0.00010695723432515163
3281	5.3702678397189534e-05
8298	5.296395713293026e-05
8252	9.277884434260565e-05
6390	0.00011199502869280046
8165	3.385707088233529e-05
9579	8.435053185021666e-05
7510	0.00010682977309427453
11574	9.828964390769322e-05
1294	6.07705677248675e-05
4283	3.385707088233529e-05
4204	4.2451445552436814e-05
3877	4.0210317771921505e-05
8820	7.471096558909243e-05
5037	3.9193875429248504e-05
2707	3.385707088233529e-05
6914	6.55499408410334e-05
9517	6.310162360826688e-05
789	5.656594403009959e-05
10173	7.338793677484798e-05
2956	0.00014094062729800002
7183	0.00011035692921243458
12985	4.854870974228679e-05
2316	7.168588067105323e-05
6881	4.345093491437475e-05
6194	3.6455365083534824e-05
3740	0.00016312990211777632
11885	3.385707088233529e-05
587	7.073807665316854e-05
12300	0.00010610918247599904
8575	0.00020780431144395715
8047	0.00012897005111452478
12986	3.385707088233529e-05
12987	4.223147095251671e-05
9594	4.308500431885666e-05
8888	3.386379452896679e-05
6656	4.683475428021221e-05
8295	0.00013534353004129366
6578	4.589682022737258e-05
4202	9.126778184733884e-05
12988	4.4082798626051184e-05
3706	3.385707088233529e-05
5434	3.385707088233529e-05
626	7.324816932431126e-05
11170	4.1162131724257576e-05
12989	3.385707088233529e-05
12348	3.385707088233529e-05
9375	0.00016655781058085012
1505	5.7035755963460815e-05
3514	0.00010219361905981567
12990	7.226250110831703e-05
12991	3.385707088233529e-05
5979	7.601856958365298e-05
7730	4.444510230748062e-05
8090	6.713694419643549e-05
7433	5.5414276341496664e-05
7587	5.756969056759911e-05
9065	5.208799800114e-05
11811	8.361932616474414e-05
7069	0.00011309062214258624
8249	4.980407287971069e-05
8337	5.596393655842277e-05
8299	6.340404574675525e-05
11041	7.221810975460321e-05
12102	3.385707088233529e-05
3686	9.947131752259904e-05
3323	8.939497514178514e-05
6163	0.00011767646626249236
808	0.0001163286344067526
4160	5.756633374148285e-05
11713	7.007197502243364e-05
2940	5.107423916370095e-05
12016	4.541529902226745e-05
5988	4.963748692838207e-05
6529	8.870274176822863e-05
6190	4.898759658729957e-05
197	6.98897174643591e-05
3047	0.00017246101982085847
9156	0.00010410303751513347
10681	8.180255582302225e-05
1263	3.385707088233529e-05
11611	4.826575067314544e-05
3839	0.00010525973538478146
1139	3.385707088233529e-05
1077	8.477303243949823e-05
5848	0.0001340802983955374
8545	3.385707088233529e-05
8459	0.0001254054995428928
7353	7.308242854032034e-05
11136	3.385707088233529e-05
169	3.385707088233529e-05
2498	8.369368493630063e-05
4377	3.385707088233529e-05
8517	9.014684935013153e-05
8505	9.007992677756274e-05
6778	0.00010824211375367514
6040	5.756969056759911e-05
2236	7.113847431785333e-05
4008	4.721306071334686e-05
3751	5.756969056759911e-05
23	0.00013615620048675007
10708	7.576072660167123e-05
114	0.000500632742407583
7671	7.603152828972855e-05
6225	8.759210039494763e-05
12992	5.907334807044277e-05
8919	3.385707088233529e-05
6155	9.032477124755428e-05
3565	7.362857982593295e-05
960	0.00012708841653117232
7485	3.386819373495743e-05
11871	3.385707088233529e-05
590	0.0001987013413209881
8674	4.4072881709530536e-05
10867	4.849567290882174e-05
12452	3.386064205999873e-05
6262	3.385707088233529e-05
6097	5.744160938101032e-05
11787	5.0231815755361326e-05
517	0.00019365225193638025
11666	0.00014982656015027104
6575	5.9857275329754147e-05
4983	5.8557692511808804e-05
11028	5.1466170195465094e-05
7379	7.184933171379121e-05
2138	6.421225995084204e-05
12225	7.872684977546844e-05
10651	4.388033456540238e-05
11235	7.940238064979075e-05
8837	4.4113842558772e-05
5369	3.3925140951713325e-05
5307	3.386059490496698e-05
8242	3.5500231032653744e-05
10498	0.0001327550630562738
9169	0.0003289241663760312
2267	6.91035753988243e-05
2286	4.799471384079159e-05
394	0.0001593808050099164
653	0.0002600032070242746
10981	0.00014954810542153635
10845	0.00010943519521944167
5919	3.388056390509909e-05
6666	6.088361342529868e-05
9816	7.187599139961004e-05
8803	0.00010763723129142523
8871	4.458934589604146e-05
11578	6.726972183847464e-05
7136	5.359181083340772e-05
1713	3.385707088233529e-05
28	4.981146373141572e-05
7275	7.86045834614606e-05
3974	3.385707088233529e-05
3116	0.00015569658194240185
7626	7.405319099336592e-05
2172	0.0001485993137933431
2285	7.200015587690093e-05
8283	0.00023716951632861787
10546	3.385707088233529e-05
8183	8.632190108839474e-05
3296	0.0001419865564094711
6590	4.620004123970825e-05
12186	4.3681297809660956e-05
1682	3.385707088233529e-05
10531	4.0553288600803374e-05
12351	4.941124550501217e-05
4556	0.000192857720285283
9031	5.694672452327507e-05
8460	4.063739329329543e-05
12993	7.219450416383313e-05
11435	0.00012555077878426932
11877	5.623843617718023e-05
1772	3.385707088233529e-05
8830	3.385707088233529e-05
6605	0.0008255906178454703
11292	4.6767754216135856e-05
8915	0.00011018950171038343
12994	7.727135144134576e-05
9685	0.0003593506549268669
10303	0.00015545647847027102
5637	0.00012154768841017471
8139	7.169370331040538e-05
6953	0.00011870497625028228
11351	8.269981743980157e-05
10814	9.350194094458382e-05
6204	0.00017226755009268493
9847	4.2160098329137404e-05
5690	0.00013513983197505742
5333	3.385707088233529e-05
4351	3.385707088233529e-05
12060	5.756969056759911e-05
6045	9.05427159772241e-05
3158	3.385707088233529e-05
11436	0.00010415964441531547
2072	3.385707088233529e-05
4721	0.0002433027516589117
12012	3.385707088233529e-05
4626	3.41814494405496e-05
1843	4.515924889464444e-05
6233	7.105587231231307e-05
12560	8.947860347406327e-05
3719	5.8574145073119166e-05
8911	7.999442535502668e-05
4910	3.385707088233529e-05
10576	4.969816133392604e-05
11025	4.070762192831834e-05
8701	9.606848209362755e-05
12995	4.222476333895864e-05
11275	6.4719808222402e-05
10714	0.00015088124673361654
6237	5.874397210051386e-05
8004	6.971662531184058e-05
10196	3.523785961380807e-05
4929	0.00010475209793039608
3131	8.444830125122144e-05
12768	4.3680076686823384e-05
12435	3.385707088233529e-05
12996	4.4301942989390656e-05
750	3.385707088233529e-05
6234	5.4804581346310974e-05
3368	5.916458801282756e-05
1109	4.57133807249672e-05
4722	7.949507184004648e-05
12674	7.119439777514665e-05
4209	6.489578034312441e-05
8313	6.193790619983526e-05
4111	0.00013587302601090307
4824	3.385707088233529e-05
6631	4.0826700289671715e-05
12997	3.385707088233529e-05
9183	7.54452432519665e-05
12998	0.00029411686433343303
5608	6.194653897065713e-05
7130	3.385707088233529e-05
200	9.777598647095961e-05
11337	3.385707088233529e-05
5197	5.756969056759911e-05
3002	5.2260622372100136e-05
7013	6.469812572736501e-05
2226	0.00018965855149259578
7769	5.743181643975281e-05
12624	7.379958274869934e-05
4051	3.385707088233529e-05
1530	5.611147586942941e-05
12999	3.385707088233529e-05
9007	3.385707088233529e-05
2298	8.652720375936322e-05
11583	5.940567799046526e-05
9881	3.9844633560681694e-05
4079	0.0001511181927680984
6950	5.9004450056683564e-05
2794	3.385707088233529e-05
2911	6.873147332917611e-05
1331	5.302403152139882e-05
11288	9.639306406117776e-05
6790	8.611134845655936e-05
1035	0.00017409934286315994
11268	4.504908956545674e-05
4503	5.073921724243874e-05
5492	0.00012768610681044608
12479	0.00024881363149195857
860	9.59154820546715e-05
9174	3.385707088233529e-05
13000	5.985481695179868e-05
6851	3.56498993678248e-05
11487	5.2065326548755074e-05
9896	5.1370984874579586e-05
1904	9.409864316667452e-05
1054	0.00012686807287340797
2906	9.92961981747358e-05
9524	0.00012022295911403449
224	0.00010551965036947703
5415	6.589548152847708e-05
3938	5.573669261039362e-05
7798	3.385707088233529e-05
4174	5.3983109538702424e-05
11264	5.363669180516349e-05
8498	3.385707088233529e-05
7063	0.0001391306617323829
6169	0.00011240997533309292
9456	4.049962809114542e-05
1203	3.385707088233529e-05
2641	7.08232902914116e-05
12646	4.9357800201565446e-05
4991	5.498399344539544e-05
7524	3.3870536315232356e-05
1611	3.385707088233529e-05
8006	3.579042861092562e-05
3351	5.716655852292606e-05
38	0.00012784339967005933
1931	4.9563330214219005e-05
2005	4.123995007604176e-05
3908	0.00010592384624123976
3434	6.667709748653367e-05
2130	7.567839118398489e-05
13001	3.385707088233529e-05
6315	0.0003161351428492687
2198	4.513511551582387e-05
5143	0.00017334469942969247
2217	7.18912788407439e-05
2436	0.0001591127719738616
6376	0.000213511617870657
10286	3.386549275322791e-05
3143	0.00010063616113252704
2563	5.089249167470738e-05
5458	3.385707088233529e-05
10983	5.8017695033812794e-05
3147	7.90274032030429e-05
2447	4.385122170348886e-05
8717	0.00017008931690843898
7909	6.981603635126284e-05
1564	0.00013122438516586905
11338	7.029051204132021e-05
9584	9.680105258023983e-05
3571	3.385707088233529e-05
9048	3.385707088233529e-05
6995	6.791258212516931e-05
9228	4.399797442391057e-05
562	0.0003392371415719366
13002	5.3765476359563406e-05
4527	6.143406543791695e-05
9557	4.8035656351748935e-05
8567	0.00010794436933938465
9652	3.385707088233529e-05
3582	8.128231025286294e-05
149	0.0002962984594139609
5003	3.385707088233529e-05
9222	4.199175004630878e-05
8382	5.557632544819874e-05
8333	0.00011618314765794477
7415	4.8593406255908675e-05
13003	5.096278591186091e-05
8162	5.8299750006716284e-05
9888	6.945909323375402e-05
3148	0.00034525208589800333
11703	3.385707088233529e-05
598	5.548433525963247e-05
2855	7.095548333609854e-05
4207	4.614329086232715e-05
12128	3.385707088233529e-05
1047	3.962646853462848e-05
13004	3.385707088233529e-05
2784	0.0001032256683427663
12364	4.869589852306252e-05
5318	3.385707088233529e-05
2302	0.0003309920556574411
2836	8.610790449563804e-05
5551	9.726331269666617e-05
1839	0.00010126203618542241
12305	4.718047300929076e-05
3876	0.0001858583652428287
8954	6.570181884262391e-05
11019	9.080830275765655e-05
11818	3.385707088233529e-05
10771	5.756969056759911e-05
5416	3.385707088233529e-05
2506	6.082154989644184e-05
1665	3.385707088233529e-05
3665	4.2402067514101804e-05
8841	0.00019727173076970387
7496	3.386707058138727e-05
5679	5.400273707554874e-05
11554	4.388416842501168e-05
1070	3.6015695230169685e-05
12271	5.908514399554195e-05
10746	3.6249925519044946e-05
8446	4.8484850338368084e-05
6799	0.0005228796609769306
2104	4.869417028558886e-05
2484	5.094719526129586e-05
6248	3.385707088233529e-05
5811	0.00018839337772277517
4011	9.405518194058699e-05
1412	0.00013956500823332838
10589	7.880535193542715e-05
8066	0.00013243097843603703
5760	9.299436410680907e-05
6062	3.385707088233529e-05
7624	5.0056059863199355e-05
6235	7.6750504475909e-05
1615	9.562540054178413e-05
10527	4.7765833961653364e-05
9928	3.385707088233529e-05
3196	0.0001396238935889001
7790	8.63519547175547e-05
6252	4.216280382922986e-05
1652	6.698879466843022e-05
290	0.00015840135508194582
3121	4.3333951755557436e-05
5349	3.385707088233529e-05
13005	3.385707088233529e-05
3363	4.4777839033556345e-05
572	0.00017366353580674615
2330	0.00016892351078749688
3278	0.00013733528056860967
8010	5.741062880700338e-05
1900	4.386155975088672e-05
7338	3.3954540001465886e-05
5228	4.6028437712372885e-05
3762	0.00012944606161210026
6555	3.385707088233529e-05
12222	6.051492040206939e-05
9662	3.385707088233529e-05
6334	4.725362867710765e-05
11477	4.645193115868592e-05
12638	0.0001506926494124985
7997	4.825615670991157e-05
8134	6.084759481269177e-05
1684	0.00017543657601605024
2001	0.00010242106530549448
1928	4.1462083024907835e-05
1829	5.291176492081886e-05
3889	5.244694028830226e-05
6195	4.9048239905796314e-05
5248	4.178036199590801e-05
5174	3.513571048518628e-05
4429	8.929165027494593e-05
5278	8.87989888716155e-05
6755	7.906545792436634e-05
7560	0.00010484415084650639
2654	3.385707088233529e-05
5871	3.972420451262822e-05
7629	3.3898839031163096e-05
8984	4.471253666266442e-05
11669	4.772039029563853e-05
2475	0.00011581256675769794
10936	3.385707088233529e-05
13006	3.3862113974569497e-05
448	0.00012761713315275763
8254	3.8143121038193124e-05
12736	3.385707088233529e-05
11507	6.955726400833945e-05
2537	0.00029443726809282196
281	8.130198558215343e-05
2560	9.712516118152036e-05
9911	5.48043336174915e-05
4177	8.864961152197229e-05
6947	0.00011506668560540029
11228	6.246473699689685e-05
6377	5.4185884975619164e-05
6706	6.0623845946748326e-05
584	0.0001251766342833968
2314	4.799966975656938e-05
12593	9.30960214919848e-05
525	7.854721290793421e-05
10875	6.265536532474045e-05
1937	4.6360344177577006e-05
9531	3.385707088233529e-05
4727	3.910097547961592e-05
5967	0.00023446314065204293
8698	0.00010985369513755222
6733	3.385707088233529e-05
6079	4.700067043309767e-05
714	4.1936375728715555e-05
4154	8.21558711590756e-05
7412	3.385707088233529e-05
11729	3.637992788612945e-05
8614	9.25921665357632e-05
1903	6.854557701393474e-05
4908	5.766844946535155e-05
7279	0.00010636789171224784
5034	7.503709131926998e-05
6017	0.00017523424036548318
2346	0.00025649507752022204
12438	0.0001346598777956324
12341	3.385707088233529e-05
13007	0.00017265296407475156
6294	3.81681122285713e-05
3956	3.385707088233529e-05
11624	7.005544919669501e-05
577	0.00024613746495154044
2602	3.785742238981856e-05
13008	6.155020931761965e-05
5300	4.725784925380502e-05
9151	3.385707088233529e-05
10051	4.967221767606608e-05
4407	3.385707088233529e-05
6959	6.122378349473915e-05
4062	5.5674040546178634e-05
7627	3.49045636976413e-05
539	7.117919022787127e-05
7693	3.871614978810121e-05
11120	3.385707088233529e-05
13009	6.448857515025279e-05
12582	7.88632301286141e-05
11528	5.756969056759911e-05
6313	3.385707088233529e-05
10190	7.161273071272633e-05
1784	0.00023141067108431936
8185	7.174016477907438e-05
9503	3.385707088233529e-05
13010	4.0196660817110036e-05
13011	0.0003535038181639315
10102	0.00015714456277084703
5330	4.46409872172323e-05
1562	8.234186320149843e-05
3508	7.604284810147475e-05
12572	4.626300814582369e-05
12274	3.392284531489892e-05
906	0.00013665448309280146
13012	6.529315618117541e-05
9664	8.536974258531594e-05
2634	3.393646855512359e-05
1811	0.0002452754544062738
3588	7.293628617205641e-05
13013	4.409364949596262e-05
4063	0.0002484178322118022
8378	5.357646748613451e-05
5483	9.370914028035665e-05
10588	6.743651767319021e-05
7153	5.090436200177353e-05
106	4.463148645243054e-05
11568	4.800837759643865e-05
6772	3.385707088233529e-05
5524	0.00010909527453576624
4131	6.719410051431751e-05
10831	4.1187964174177764e-05
9757	7.176822484699643e-05
7961	0.00010829744040041852
3221	8.227210401540018e-05
558	3.9619145844296785e-05
12609	9.904409920257586e-05
12171	3.385707088233529e-05
13014	3.385707088233529e-05
13015	3.648209275786665e-05
4468	3.385707088233529e-05
2242	7.41965637103204e-05
12485	4.4181018935020363e-05
5041	0.00011874127993996462
10691	8.113433305984523e-05
10862	3.385707088233529e-05
3219	0.000212481382275869
7516	4.556854778665996e-05
1867	5.907392053181533e-05
6647	0.0001015426038358027
2051	0.00013202632016895283
10995	4.698538235275297e-05
6257	3.385707088233529e-05
6616	0.00011867472607000538
1079	8.735917640257876e-05
10991	6.553828481675394e-05
12769	8.986543361856332e-05
6156	5.306850181834046e-05
9789	9.353739462074905e-05
5684	6.487821109626716e-05
7656	3.479800282793267e-05
732	3.4270581119428994e-05
8685	7.284256994347934e-05
10353	3.385707088233529e-05
4585	5.460507330339148e-05
9193	0.00011564336382402656
2399	7.616538310214637e-05
4648	8.576915413834805e-05
7800	4.517967699440654e-05
2742	4.4116704021585166e-05
12039	0.00016091973466944812
7622	0.0002240952176532064
12249	6.561289868788212e-05
8317	4.894740868231064e-05
9959	9.701255428096797e-05
8778	0.00015136319977126394
10738	8.382615746141873e-05
3358	0.00010826855248311968
3615	0.001091081738588563
11981	8.083113547540626e-05
385	6.084712460833721e-05
3532	6.403516525456725e-05
11269	9.393277219964138e-05
2633	5.774145974861173e-05
6291	3.385707088233529e-05
10075	4.3098405031790055e-05
10706	4.901652164686819e-05
3550	4.075114948344622e-05
2902	4.739721497082228e-05
11452	8.03125400693406e-05
8571	3.385707088233529e-05
11951	8.047075489903405e-05
9478	4.762992907756498e-05
3542	8.618138853933262e-05
11734	0.00010312393561333741
7322	5.644729360517187e-05
1892	0.0003991432783239216
12124	4.52773311437946e-05
9100	4.5582523844343566e-05
13016	4.481750662698658e-05
3897	4.254387406922862e-05
5583	7.727986674050928e-05
3168	6.941681521812861e-05
6524	7.523967144367643e-05
13017	6.125634188067695e-05
3017	9.91225528691084e-05
7506	8.505931232007078e-05
4436	4.7350926706725245e-05
7140	3.385707088233529e-05
11209	0.00010073143655135794
10623	0.00015401015308874673
10466	3.385707088233529e-05
7321	3.385707088233529e-05
3794	5.829706955141378e-05
68	3.385707088233529e-05
11890	3.385707088233529e-05
1723	6.743458595869597e-05
11923	4.049480674904246e-05
9724	3.385707088233529e-05
4329	5.462289414227642e-05
4586	3.385707088233529e-05
2864	0.00025658014257893896
4087	3.385707088233529e-05
10327	5.3922695623400194e-05
10163	9.960721768786332e-05
8680	8.73860436029236e-05
1398	0.00010222491038860925
8710	7.776081976441889e-05
5295	4.919004302053305e-05
3055	0.00013714950269739024
6599	0.00014078455614915827
7572	4.432353813641527e-05
1607	0.00017324429454400138
8166	8.135440591955029e-05
6832	6.281710900292845e-05
7854	4.612568275993447e-05
844	4.096524167948315e-05
12375	0.0001112085913810488
7115	4.153263227810585e-05
1223	3.466667482644936e-05
6522	0.00032991963032302535
976	0.0007678081194645378
8489	9.224176128528844e-05
409	6.297023134792159e-05
9800	0.00013631569901704731
6308	8.074286254739712e-05
432	6.152385630143624e-05
4615	3.385707088233529e-05
10830	3.385707088233529e-05
11727	9.838555744287424e-05
2402	0.00014141808301058322
12394	3.385707088233529e-05
13018	5.2326261425398514e-05
1927	0.00012732468156442537
13019	4.805367386056747e-05
11701	3.8362756682121e-05
754	6.790210424012935e-05
9750	6.664610391279818e-05
10251	8.010873378756818e-05
11654	4.185031807144466e-05
1119	9.494315552017045e-05
2276	3.385707088233529e-05
10732	3.385707088233529e-05
11883	0.00011486861155180265
3690	4.9663477224394796e-05
4010	4.76751452938307e-05
9452	9.838673573580891e-05
10109	0.00011968941701837159
6570	6.201494490972957e-05
12141	6.40332256942033e-05
10462	0.00013685268398576638
13020	4.900523168640739e-05
1114	5.7770500825576625e-05
3027	3.385707088233529e-05
7465	3.385707088233529e-05
12156	3.385707088233529e-05
3421	0.00013975395486064585
2882	5.7441659936741994e-05
6424	4.415471021378895e-05
4112	5.146692068992347e-05
7965	8.163179178725397e-05
12629	4.160585908225719e-05
1907	3.385707088233529e-05
3454	3.385707088233529e-05
7367	6.045076845822463e-05
10940	5.665167141663577e-05
9114	4.150172621195546e-05
11411	3.385707088233529e-05
5323	0.00014742538664330786
7271	7.152461017211653e-05
118	4.278705790734061e-05
1826	0.000572456785391915
5200	0.0001447156456365423
6638	4.069453427083706e-05
12474	8.420965419543515e-05
8735	0.00010799969979220494
3594	8.229399518374983e-05
1730	0.00018684376113831894
13021	9.712617924774774e-05
13022	4.2678030985868e-05
2392	6.345538058198804e-05
2043	9.051164089828403e-05
4547	4.004254964096049e-05
3210	6.037344727989484e-05
4263	4.7000605354650166e-05
13023	5.750281659949632e-05
11795	4.251818281314115e-05
5460	4.49491641456437e-05
326	3.385707088233529e-05
2376	4.4316727401525516e-05
3498	3.385707088233529e-05
9958	7.538235631602706e-05
12445	3.385707088233529e-05
8538	8.093982235883007e-05
13024	5.281148948727726e-05
9818	5.7136195991487474e-05
5411	6.0873599376340306e-05
13025	3.385707088233529e-05
1323	0.00013024698076168122
2501	3.385707088233529e-05
4116	3.703439436206048e-05
4250	7.858045387297632e-05
5031	0.00010457353230580094
3677	3.385707088233529e-05
9063	7.02459906577978e-05
12073	6.728398592435407e-05
8599	0.0001189353983499189
4957	4.237487013959327e-05
9418	7.70556935163074e-05
1122	4.8427837044476215e-05
7473	0.0001825725051415296
1860	3.386379168505273e-05
7698	5.1994736597264565e-05
8929	8.282835246469034e-05
13026	3.385707088233529e-05
2516	6.8420601802638e-05
4401	5.661787282366807e-05
5973	0.00011911139198789186
2681	4.7301096914283124e-05
7210	4.4140728079640544e-05
10392	6.447279538684194e-05
3527	6.597679537787049e-05
171	7.236581976972003e-05
3521	5.704327845694956e-05
967	9.599951437756123e-05
6956	0.00015808181875225989
2938	3.388217652939561e-05
13027	4.4764879110399745e-05
4313	4.428215035751255e-05
7507	3.385707088233529e-05
5935	9.140894791456709e-05
13028	8.398910750574074e-05
2345	4.631467324112661e-05
7470	7.475563544792246e-05
2754	6.655247480353611e-05
1864	7.962339430254136e-05
13029	9.072563277437556e-05
12038	8.696622614952354e-05
2175	4.602170999161779e-05
12356	0.00012461024907147386
7812	7.050897547117866e-05
10317	6.378558604845266e-05
10397	7.578402866209318e-05
1529	6.234548708378178e-05
12673	4.45965511338218e-05
8840	3.781726917015003e-05
2329	4.890284651458643e-05
13030	9.588810282648581e-05
13031	9.04696923550212e-05
8997	3.385707088233529e-05
7345	5.8885866312697336e-05
10916	3.46473095259055e-05
13032	4.913068569288287e-05
13033	3.4003727182895855e-05
1217	9.871837262122654e-05
12649	5.22828141374249e-05
10595	0.00014609499852883656
12653	0.00011266071533526446
4036	0.00011006228208170526
4630	0.0001080278514564189
996	8.300742682520078e-05
5722	4.996331056285298e-05
13034	6.389582871146109e-05
9502	4.906292680430401e-05
12462	3.385707088233529e-05
12772	3.385707088233529e-05
2646	5.431389697429564e-05
1540	0.00010959451754981768
13035	6.833120371277914e-05
2103	3.385707088233529e-05
4359	3.4383995757255066e-05
6306	0.00014472647484248843
9416	8.392294177031883e-05
12401	4.9010023163120016e-05
12276	3.385707088233529e-05
5817	4.113312572831492e-05
1196	5.416689064871737e-05
12486	0.00010344361617135284
990	3.385707088233529e-05
3611	5.996130108246818e-05
12471	0.0001460463149003451
12246	6.07872001979848e-05
10832	3.385707088233529e-05
10008	3.9529038890101236e-05
10582	7.781306901039168e-05
3841	0.00010198952498629074
1319	0.00015475353736188726
13036	3.612827683933478e-05
13037	3.385707088233529e-05
10584	0.00018643780093693065
12018	0.00026311043250604757
3048	5.907236828163692e-05
1790	6.480379290019745e-05
405	3.385707088233529e-05
8857	3.385707088233529e-05
1020	3.491766369966748e-05
10978	4.507050706520836e-05
3413	6.744196919670349e-05
7439	3.385707088233529e-05
11325	6.943670964338749e-05
3253	9.919369811172377e-05
1908	6.001664277359538e-05
8758	3.385707088233529e-05
5052	0.00012450109342254027
4373	0.00010507678529068706
5778	0.00019267738989131835
10011	3.564363960940437e-05
905	0.0004448159363905462
6010	5.582760820606294e-05
2025	5.8341957012592955e-05
10378	6.307190782379069e-05
6304	5.422226189756517e-05
9589	3.386565911444486e-05
7046	0.0005657957497816055
7240	0.00014257594936808386
2243	6.34233516058399e-05
13038	3.540668870336013e-05
4597	3.386091378318372e-05
10381	3.876053818547217e-05
13039	3.394704669097891e-05
5075	3.5793782877992144e-05
5376	0.00014802481705785463
13040	0.00033232075728663703
884	3.385707088233529e-05
9203	5.576577558098849e-05
4418	7.21802861813095e-05
1793	3.910074948326774e-05
6148	6.801001483541836e-05
3893	3.385707088233529e-05
13041	3.386043819555387e-05
11263	3.385707088233529e-05
591	0.00015945377676517317
440	0.0001886773942733531
8756	7.215227235575836e-05
6251	9.045485779531545e-05
11126	9.174515607686347e-05
3660	3.385707088233529e-05
4059	5.829634332873061e-05
4998	5.7638882194031686e-05
775	0.0001696350396980542
6948	3.385707088233529e-05
547	3.385707088233529e-05
4332	6.519839159305888e-05
9475	8.354425673506264e-05
6780	4.9254877064480206e-05
1742	3.4962007527724986e-05
5651	5.3401494938619154e-05
10333	5.300366128546152e-05
5038	6.705878835036952e-05
463	0.00015485658426788666
11150	8.520674456466169e-05
4651	5.4509467505748736e-05
6604	4.5647127407113416e-05
1384	8.263821827049034e-05
877	7.515312410898047e-05
12299	0.00012177690539268268
6844	3.3952261485909697e-05
5214	7.081315840068698e-05
687	4.478134198202594e-05
10966	0.0001558147834528478
2098	4.310017717176401e-05
8202	3.385707088233529e-05
10803	4.67155036068493e-05
5587	3.385707088233529e-05
13042	4.867745818562518e-05
13043	3.385707088233529e-05
103	0.00023014035029482994
11092	4.490847148124424e-05
5060	4.4347234907151505e-05
12491	3.385707088233529e-05
702	0.00015858514533082158
7574	0.000247273060706436
3618	0.00013410336274274326
5449	8.683672684582091e-05
3639	8.86301504821301e-05
5319	8.174065367102074e-05
9905	4.3680076686823384e-05
4316	8.36800875134022e-05
12078	9.636602846011971e-05
901	4.134516179314169e-05
7411	4.705044356720893e-05
10260	4.465350485653771e-05
7316	0.00014563222628285604
3864	3.385707088233529e-05
8462	0.000106749478527397
10759	0.0001042552641830458
6180	4.261488672719734e-05
4950	3.385707088233529e-05
1027	5.679151645419631e-05
9491	3.385707088233529e-05
4409	3.401518823801821e-05
9074	0.000105371690197821
3729	0.00014370678237910953
5088	0.00010958584016241914
3018	3.385707088233529e-05
7863	7.840939869971483e-05
6371	8.503544569999352e-05
9018	5.4496476386491623e-05
6821	0.00015475939683287786
8342	6.685013402003861e-05
262	6.547692366637048e-05
11884	0.00010898014695155694
3157	0.0001533842624456683
2042	4.3985955989485565e-05
8662	3.837007448535368e-05
4574	4.8580441303298225e-05
9319	3.385707088233529e-05
3781	0.00031613853714759256
7284	0.00022182625287112728
5202	3.4968981254420527e-05
8764	0.00010273103597809034
5739	6.414482427762665e-05
8943	0.00015957714521144817
7076	3.7579042616963514e-05
7911	8.661869648555614e-05
7862	3.388080202374614e-05
8206	5.719530653774703e-05
4183	3.385707088233529e-05
6862	3.385707088233529e-05
10410	3.385707088233529e-05
10417	0.00022591705722809093
165	8.685638340797526e-05
8107	7.398700406390883e-05
2711	0.00014092239340741345
972	3.385707088233529e-05
6061	6.0575250562799914e-05
3537	4.80830757803773e-05
10671	6.282476722282129e-05
4509	8.662500576550307e-05
9495	3.385707088233529e-05
12449	5.3942182913996564e-05
3795	0.00024732503839053566
7314	7.090925889331685e-05
13044	4.7066022855422036e-05
7540	3.385707088233529e-05
9841	8.166490056399257e-05
5910	3.385707088233529e-05
7030	0.0001435503593883822
1366	3.385707088233529e-05
949	4.242016342784249e-05
11485	3.637213472592576e-05
4012	3.385707088233529e-05
7332	3.402706892223811e-05
9087	3.385707088233529e-05
1459	3.385707088233529e-05
1640	0.00014513702446992095
4282	5.668437852828275e-05
8127	7.125664683535646e-05
10144	0.00032430315551407467
9461	8.27258716613727e-05
384	4.4153756006753255e-05
962	3.385707088233529e-05
11296	7.536975143111945e-05
212	6.009206443879159e-05
7910	4.3376879117838665e-05
243	3.816819821916656e-05
10199	0.00010095523274719746
12143	5.004531222279464e-05
12440	4.4113842558772e-05
2184	5.393211403447469e-05
6480	5.475019657925624e-05
9365	0.00011306763195068232
2003	5.0174935132146466e-05
933	3.385707088233529e-05
10782	3.861605990968127e-05
11326	4.884964419929636e-05
7299	0.00013609660532503716
4844	8.082353926124507e-05
5121	3.385707088233529e-05
7062	0.00012431267029177766
410	7.444693633554821e-05
4690	5.6813907798962134e-05
1312	4.155259479368032e-05
9689	0.00011758470975006351
7707	6.948885568351178e-05
8359	3.385707088233529e-05
13045	4.886127209036648e-05
8316	3.385707088233529e-05
2849	3.7740623523430954e-05
9540	9.004457446131036e-05
5890	0.00015731712660323188
5563	3.385707088233529e-05
11384	0.00013758003044920695
9064	0.00013080077771178707
5962	5.589526915225712e-05
286	8.074696763696313e-05
78	7.081285834641516e-05
2089	5.090381607106394e-05
9982	0.00011529075545016353
10778	3.914068626674708e-05
11363	6.612224171867761e-05
1891	0.0001228135533851858
2394	4.4697644404426395e-05
6999	0.00014624065651484705
5953	6.81808126074637e-05
9935	6.061083077806881e-05
8142	4.571093792663917e-05
8843	0.00018255522223837285
1987	5.559626126652205e-05
7837	4.586768038195816e-05
11862	3.385707088233529e-05
9167	3.385707088233529e-05
11931	0.00014344655516891798
5726	4.5715684423437553e-05
5025	5.070945238393021e-05
10620	4.394528201591431e-05
10815	3.385707088233529e-05
6427	0.00020821057728910718
2695	0.00011107160732659724
6223	4.192198481581195e-05
2663	3.385707088233529e-05
184	4.453315727393293e-05
451	4.7708530374968565e-05
2372	0.00011413296950368099
5865	3.385707088233529e-05
5907	3.385707088233529e-05
11314	3.828006383843676e-05
1507	4.139324296784241e-05
1069	4.301726655961246e-05
1419	0.0002854293636000974
12415	4.40516548108597e-05
11080	3.385707088233529e-05
6902	0.00013251038236986682
4830	5.5699364173601746e-05
2840	4.903783274626508e-05
3240	0.000369938742697986
12645	3.385707088233529e-05
7020	9.254333159690716e-05
6682	4.1240817117827406e-05
13046	3.989458180504121e-05
11733	3.385707088233529e-05
1991	5.383324474865318e-05
10687	4.7614370523147966e-05
6202	3.385707088233529e-05
6875	4.055624879439034e-05
10151	4.6247659199038454e-05
1155	0.000167967049343391
2414	9.30451346991594e-05
10483	4.236713116678659e-05
2992	3.385707088233529e-05
2995	4.8864555522812374e-05
3728	0.00010686665427044274
6981	4.109795194323138e-05
13047	4.5970785669023975e-05
10787	3.385707088233529e-05
9882	0.0001868605573831713
11769	0.0003583996038495745
9656	0.00011614534242283224
3596	3.385707088233529e-05
2590	0.00020459063961941835
8471	5.279294725355898e-05
3813	3.5380051399476855e-05
11539	6.050498116871113e-05
611	0.0001534199238071511
5956	9.214152310395056e-05
3459	4.6654197122283575e-05
4000	4.983503762484332e-05
7495	4.0284232834821176e-05
4823	3.385707088233529e-05
2218	6.940264653858985e-05
8056	7.382451196097603e-05
9258	0.00010113844953628654
13048	3.385707088233529e-05
1237	7.840490175157417e-05
13049	0.00010977124961652564
12303	0.0001666813067826415
5178	3.385707088233529e-05
10762	4.16536332489311e-05
3990	7.112706613012793e-05
8451	4.9114669263239044e-05
1438	9.21106100401323e-05
4643	7.93319332136699e-05
6339	5.659576594673461e-05
6965	3.385707088233529e-05
10365	4.316680046239908e-05
8069	5.620189399928064e-05
852	0.00012542868056188315
13050	4.662368829443068e-05
2806	5.827614201179449e-05
3095	0.0001074973425380812
12677	3.385707088233529e-05
1112	3.385707088233529e-05
4448	7.434572943713229e-05
567	3.385707088233529e-05
924	7.16471490677123e-05
13051	5.25385076435049e-05
931	0.00012382323142653455
5649	6.316660684485037e-05
5218	6.818022343789336e-05
12614	0.00023095177920526584
2167	4.354934128997286e-05
13052	0.00010767663128312485
624	0.00010153152991758005
5957	4.021994322438498e-05
2201	4.936234836741045e-05
776	7.367704086551511e-05
1612	4.669233197046451e-05
3655	3.385707088233529e-05
2723	3.385707088233529e-05
12635	3.386799758217608e-05
361	0.00011848357189178942
5104	5.7335567704776044e-05
13053	6.957744607522109e-05
2193	4.64252202113695e-05
10534	9.153739503913858e-05
7850	9.062708843967317e-05
11900	5.660586628198018e-05
12370	0.00017745970647177725
4417	3.385707088233529e-05
2439	3.385707088233529e-05
9311	3.9119807999558594e-05
1579	4.2235933434349636e-05
11505	4.157240907663974e-05
10025	9.124485225436273e-05
5046	8.69599955696157e-05
11665	0.00011102731881978734
6071	5.364408450995721e-05
8216	0.00010147449466367394
6684	5.381708638536905e-05
6158	0.0001782999487478283
3833	8.57235671944552e-05
5594	4.258357615274617e-05
10642	3.385707088233529e-05
6175	7.940028023799667e-05
10457	7.381031891058632e-05
2678	5.273929257812963e-05
6791	0.00010460429470096315
3848	3.436004449439822e-05
10079	0.00016088067792957304
287	3.385707088233529e-05
2834	0.00014962254859406354
12577	4.816932119649061e-05
9572	3.3937655196048834e-05
8640	3.386715457115122e-05
337	3.389945494450947e-05
1173	3.385707088233529e-05
7709	5.260572502789832e-05
723	8.990408405998438e-05
12634	4.005834327090679e-05
9384	6.926143412194266e-05
54	6.619960926867312e-05
4958	7.437134631570273e-05
5180	7.757622659351563e-05
1466	6.912713850046284e-05
1949	6.494986586400133e-05
7135	0.00032889997080116565
13054	4.551424253147078e-05
10699	3.385707088233529e-05
13055	5.535780246098223e-05
557	0.0003447851648974231
11704	0.00014125503960498643
6154	3.385707088233529e-05
5968	3.385707088233529e-05
6532	3.385707088233529e-05
4820	0.00015939282867830844
10601	8.879236588141059e-05
9300	3.3876821702975064e-05
12408	4.7878895165923535e-05
10662	3.385707088233529e-05
4375	4.031679293310182e-05
2259	4.6178735513592e-05
11864	3.385707088233529e-05
12264	8.618084717909984e-05
10289	6.526601865002377e-05
6232	4.3320361236236425e-05
10040	0.00011597566253062882
7057	0.0001044322718480793
11373	4.5803401908674014e-05
12514	0.00014508568808891068
13056	0.00016577398103852678
834	3.385707088233529e-05
9964	6.506412071434741e-05
2253	6.818811121043708e-05
247	7.854974380847927e-05
8585	3.385707088233529e-05
8091	4.241509435630783e-05
227	4.916691119396148e-05
9828	3.434783364637395e-05
6917	7.848817804824735e-05
5582	4.215012038660586e-05
4669	3.385707088233529e-05
11293	4.3155633004721695e-05
8863	4.969717463161026e-05
5245	5.7996318106536844e-05
2251	0.00016728397729746627
6387	3.385707088233529e-05
10729	6.193743285145542e-05
1143	0.0001647718236638134
12283	0.00013823894821285936
1364	0.0001042280587976257
3694	8.646750975227102e-05
1926	3.385707088233529e-05
2559	4.24756067681648e-05
3405	5.530288109605063e-05
13057	8.444989849678846e-05
9965	4.443644325026163e-05
8783	4.191223522461325e-05
862	0.00011980249168791261
3226	0.00012605258486120434
6827	4.112675388953542e-05
2881	6.648244431588056e-05
11115	8.327582309898051e-05
2355	4.1072685827758594e-05
13058	3.9316053111631034e-05
5227	5.4812398328148985e-05
3832	4.202349366739077e-05
673	0.00012322671722113504
4922	5.21487615779481e-05
11833	7.838856719591415e-05
4442	5.019796801688736e-05
8488	0.0001116385606270697
9902	0.00015994824262564392
11166	4.442404407653063e-05
5329	5.6716358470360536e-05
8972	4.7849147209508034e-05
13059	4.9599783523201436e-05
8692	9.992853094878542e-05
10841	3.4185466823938106e-05
13060	4.898493757065072e-05
9133	3.385707088233529e-05
9438	3.385707088233529e-05
7584	6.987578589552915e-05
5654	3.385707088233529e-05
3433	3.457024652024188e-05
1821	0.00011254929363876597
3971	4.03581465919011e-05
3540	0.00010170958100388145
5659	3.385707088233529e-05
9305	7.09535360398913e-05
13061	6.738498827116387e-05
4732	4.9533659045818226e-05
10761	3.385707088233529e-05
13062	6.342127768574715e-05
7638	7.626617840294748e-05
8592	4.368161466042528e-05
5286	7.999154759418912e-05
9142	4.325666985860265e-05
8989	0.00027348085614915
9288	5.414588190586163e-05
494	4.152304170614055e-05
5035	0.0001325680856813654
6901	3.388155122100976e-05
8665	5.412957540859529e-05
10052	7.127516159914854e-05
12236	0.000294380475327191
6837	3.386565788928359e-05
1520	7.872140350681616e-05
8973	4.596445189763301e-05
1255	7.014327896079898e-05
9101	7.076771407903854e-05
9262	6.611421482804027e-05
7617	7.538370269152311e-05
12109	4.595339920261508e-05
11247	7.113736133245073e-05
6598	4.983208735832534e-05
70	3.780833729411335e-05
2294	3.7305354109139834e-05
7021	5.263003706824214e-05
953	3.385707088233529e-05
5704	7.672818863962822e-05
6692	5.9622395587143574e-05
1561	5.251008518385087e-05
13063	8.212290289622504e-05
10829	3.401244684811026e-05
4306	3.385707088233529e-05
5585	5.0519388908392424e-05
11121	8.81514211343406e-05
1330	0.0003215385681425047
11918	4.500088390008886e-05
11443	0.00015702927176331307
12006	0.00010529776118656116
11399	3.391196705160639e-05
12384	4.742917448063522e-05
3066	8.991209080519732e-05
9599	3.385707088233529e-05
8340	3.4213023889491506e-05
13064	5.1523884639794884e-05
6366	3.385707088233529e-05
4243	5.800594832010279e-05
9894	0.00026095266249683935
10404	0.0002593218331718446
12476	6.14078219452041e-05
10950	3.3888799805999585e-05
3684	6.0470567187276714e-05
13065	0.00010735659785203343
10725	7.69210715334951e-05
7532	5.5790334409631855e-05
12545	3.385707088233529e-05
7211	5.5588108082317466e-05
11492	5.9712460875862024e-05
5201	3.385707088233529e-05
11692	3.935790246773051e-05
1016	4.775493946187414e-05
7047	4.956920641202945e-05
4327	9.405503209011542e-05
9781	4.823087183208855e-05
2057	4.9666667279235185e-05
11403	6.0788873453743416e-05
10147	4.11652637492262e-05
6861	0.00010832459881716171
19	4.978244046955703e-05
7953	5.6280541453610405e-05
6628	3.385707088233529e-05
12753	3.385707088233529e-05
12685	4.4891900719578093e-05
11841	8.154252758837089e-05
3443	4.538048323152858e-05
8802	3.408460384258014e-05
665	7.929780955463329e-05
12344	3.385707088233529e-05
4532	3.3867332401681077e-05
7696	5.0498116991316784e-05
13066	5.0014324359094325e-05
2391	3.974290860173073e-05
954	4.471946271868969e-05
2848	7.496711521277017e-05
7865	0.00010023045081762727
1422	8.838356657869875e-05
4833	4.4759503079937974e-05
7118	0.00011859355178241702
3404	0.00025269340979928935
3010	8.253589392842501e-05
11570	8.05716407669767e-05
11238	3.385707088233529e-05
1706	8.964536187154254e-05
13067	3.385707088233529e-05
7579	5.756969056759911e-05
5160	5.283363730525644e-05
13068	6.615056875750181e-05
7546	3.385707088233529e-05
4336	8.558617153670153e-05
9926	6.426562624008545e-05
2665	4.672618851233509e-05
5892	3.386371450791074e-05
13069	4.9437904815411914e-05
13070	9.899911154301452e-05
4896	6.397934158650128e-05
2609	5.7248453696654564e-05
10816	6.683949829768178e-05
9338	0.00018058758990007265
6125	4.425719328035646e-05
10786	3.385707088233529e-05
11504	3.3962021639570674e-05
8728	4.153922119062165e-05
981	0.0001334785420093506
7274	3.385707088233529e-05
11258	3.487369860689717e-05
13071	4.562862329940251e-05
10065	3.385707088233529e-05
9658	5.428067631813109e-05
8514	3.385707088233529e-05
5189	7.858597213422346e-05
10356	3.3953454600044476e-05
11381	4.9715481180766585e-05
2514	0.00011912049311266811
162	3.385707088233529e-05
9576	4.289827941219677e-05
226	3.385707088233529e-05
9112	0.00010568692023029625
10964	3.385707088233529e-05
2333	5.267681747108912e-05
10740	0.00023664825505135498
12548	0.0001809259867560186
8294	3.385707088233529e-05
3925	3.385707088233529e-05
10565	0.00034140342039129594
6028	4.223717338654431e-05
5287	5.880946922814676e-05
6228	4.745949160119571e-05
9081	6.076273781239973e-05
4789	3.3893301838009375e-05
10809	7.790680551628223e-05
12082	0.0010298791214399421
666	3.385707088233529e-05
6581	6.87191495117316e-05
1387	5.652212658558366e-05
8480	4.2616841794209696e-05
12176	4.695314145989677e-05
11774	6.232835073781376e-05
351	5.8367542559351605e-05
5567	4.1567746413008336e-05
1267	3.385707088233529e-05
13072	6.083935348865361e-05
4413	4.486856241952796e-05
939	8.913112138428329e-05
786	0.0001969838882312701
520	3.385707088233529e-05
143	0.00017515409784681782
1708	4.377731568193567e-05
5560	7.345342605143173e-05
338	4.2863256698116925e-05
3903	3.385707088233529e-05
13073	3.386212256952857e-05
5013	0.00010034521929400441
4203	8.929661071864859e-05
5462	5.6024631414327044e-05
5385	7.18320180067457e-05
3972	4.91286236591615e-05
4502	4.3241532716113045e-05
5879	6.090841069221127e-05
845	0.00012446415417674255
11771	4.864819866459772e-05
11320	0.00014071501921312032
5889	5.160173202179747e-05
12696	7.603301347785625e-05
1559	5.503012390986593e-05
4517	8.440380275890838e-05
10887	4.231412790683016e-05
13074	0.00034199177271921466
13075	0.00010550117412633278
11311	5.7287468144292885e-05
9465	3.385707088233529e-05
7772	4.4660944301570595e-05
2846	4.1896539983964e-05
8800	6.750333681287884e-05
11345	5.756295785332164e-05
12007	8.19202094792653e-05
8992	3.385707088233529e-05
11649	6.653495992333878e-05
1914	3.435411768371353e-05
1145	0.00023547091279806155
10919	0.0002174006314312095
5486	5.59004587685432e-05
6293	4.96706279235543e-05
5176	8.001327487056028e-05
10626	3.526249879066658e-05
9992	5.2554314304657806e-05
2038	0.0001691143938343713
9908	3.3912064500787825e-05
7874	6.831589733960646e-05
12046	0.00013067280477158745
7544	0.0001253987013118388
10987	0.0001330178036785475
11286	7.376065087185816e-05
1688	0.00010292238310441224
4754	5.9446387675135754e-05
10274	0.00015501903961718654
5098	8.897095744216424e-05
920	3.813326259128199e-05
2929	8.510778051845863e-05
2535	5.756969056759911e-05
6758	3.6360596617728004e-05
8176	5.1520776040124016e-05
4363	9.503320360004657e-05
4688	0.00010989968414679675
10722	9.792238354948779e-05
12764	4.970016248229031e-05
6161	3.385707088233529e-05
13076	3.385707088233529e-05
5529	4.35044791230944e-05
13077	5.0159909710136965e-05
10059	7.881301917571754e-05
12182	3.385707088233529e-05
5321	7.983427779960791e-05
780	7.100055920097034e-05
11377	4.75521672148509e-05
10657	3.385707088233529e-05
88	4.124751682047903e-05
8708	8.294063756354368e-05
10990	7.547892070378666e-05
11629	6.021789438511428e-05
13078	0.00016258847800641377
8942	4.884088064126121e-05
3301	5.3534079935307416e-05
9359	4.7316299469831195e-05
311	7.288599810125249e-05
12553	0.0007532618550800571
11195	5.875744488184304e-05
12342	0.00010321890121730856
5965	3.385707088233529e-05
11518	5.756969056759911e-05
1588	7.071384265051334e-05
5783	6.384152710889183e-05
12437	0.00010067653898757355
8643	3.385707088233529e-05
1709	0.00011336817470452953
10056	6.244410852478851e-05
5912	3.385707088233529e-05
530	3.385707088233529e-05
13079	5.4071600519972824e-05
4307	0.0001504664820660652
4393	5.5980182342491044e-05
4903	9.909458902234366e-05
10140	8.372837292523496e-05
10287	3.651077257014829e-05
1557	4.634418508817946e-05
8829	5.1391376042374156e-05
10625	4.728315585585481e-05
9229	0.00014305771318542267
11236	3.385707088233529e-05
1185	6.657375935504618e-05
1056	3.385707088233529e-05
8470	0.00025545708178584335
3392	4.593510605988096e-05
9270	4.1506692209190024e-05
289	5.550034599861528e-05
6203	5.0194291494287835e-05
10358	3.385707088233529e-05
8946	8.622405192330293e-05
706	7.540699476418803e-05
1896	0.000150068362684157
3927	7.911944172499373e-05
8018	3.385707088233529e-05
8209	9.121595062042862e-05
4479	7.043028583714877e-05
1894	5.307390569406453e-05
126	3.38704556751729e-05
1697	8.263356981158907e-05
4995	3.385707088233529e-05
8533	3.385707088233529e-05
9814	6.680941204990042e-05
8089	5.179182200653122e-05
1460	7.79994042092797e-05
10350	4.196836168247766e-05
745	7.309176160548961e-05
11751	7.132311043626951e-05
5572	0.00010619577634136859
10618	3.385707088233529e-05
9973	8.981700253319591e-05
4928	4.541537640783044e-05
3230	8.219342333421697e-05
7344	9.843349058724426e-05
13080	3.387772641793998e-05
4027	5.68855789735515e-05
7414	5.576768125607266e-05
10805	5.187931191967856e-05
8113	0.00019335293700391862
2701	0.00010903622659404845
13081	3.3868289206593286e-05
2306	0.0001368919563976461
8524	8.293439708574257e-05
5489	3.385707088233529e-05
8617	7.36339011077299e-05
10635	3.385707088233529e-05
9637	0.00016214765426991425
6906	3.385707088233529e-05
3595	3.805995171667483e-05
11940	3.818442695828234e-05
9831	9.422342026178208e-05
406	4.73871722193454e-05
12162	6.660756399332926e-05
681	8.140400136559165e-05
9595	0.00017298102635845289
2837	5.573316384516793e-05
10197	0.0001293685864599914
6898	0.00012187139713307968
6400	5.349241213243768e-05
6388	3.418790333596745e-05
8738	5.9814409717490085e-05
2317	3.385707088233529e-05
10330	9.442351359327518e-05
1068	0.00018268389849707782
11958	4.409535619502388e-05
12104	9.250544421990329e-05
8636	3.385707088233529e-05
13082	7.177710311891824e-05
8560	5.759526668360305e-05
9140	7.587402757025345e-05
8385	9.458447652947979e-05
4956	0.00022911761041495568
8894	7.619584432281872e-05
5022	4.989472087941654e-05
12571	3.385707088233529e-05
8430	5.543546070807574e-05
7185	4.544197871831215e-05
9069	6.582926146132564e-05
2704	0.00012272675914240953
12034	0.00019004647282175614
13083	9.031916085103525e-05
4771	3.385707088233529e-05
2063	0.00010181346135768546
6788	4.654168219579584e-05
4342	3.385707088233529e-05
7174	6.812440095440789e-05
2370	0.00011762100499069516
10468	3.385707088233529e-05
4020	3.385707088233529e-05
4933	4.4597847645261605e-05
1335	4.922083432511859e-05
8873	6.760165436662274e-05
13084	0.00010916128413436349
4513	3.385707088233529e-05
10096	0.00010476435769525437
9104	5.647691816606879e-05
12643	5.883186382971546e-05
5762	0.00012159748143002023
3376	4.99751566274963e-05
9409	3.385707088233529e-05
3674	5.393621473985283e-05
414	0.00011265909952835262
11267	4.463326642404763e-05
11580	5.278083708059363e-05
4239	0.00028182855567470544
6309	7.983814685874162e-05
11671	3.385707088233529e-05
11587	5.304614775400727e-05
157	5.831225369143236e-05
3560	7.056010572975267e-05
9366	4.39604532581218e-05
8979	5.694346135618917e-05
12241	3.385707088233529e-05
13085	7.780530690771741e-05
8425	6.1647066212061e-05
5	0.0001607311832983556
12374	0.0001112373023362322
6324	9.337611555508111e-05
79	7.742948345089914e-05
7389	3.57185303094368e-05
8566	3.385707088233529e-05
219	3.385707088233529e-05
2857	3.385707088233529e-05
1352	3.395221324778321e-05
7805	0.0001191920858497854
10694	0.00010512652913931808
4286	9.483983588821721e-05
3734	0.00010061858323233129
978	0.00016717905340410958
13086	3.385707088233529e-05
8807	5.756969056759911e-05
3983	3.385707088233529e-05
8143	7.104008731289697e-05
7254	3.979153836916461e-05
4081	3.385707088233529e-05
4592	5.1541522928960415e-05
9571	3.385707088233529e-05
8945	6.271939913787802e-05
1370	0.000200216737973226
5677	3.385707088233529e-05
1644	7.042533574293995e-05
11984	3.385707088233529e-05
9672	3.38983800847933e-05
5151	9.859699191089967e-05
6507	0.0001450543261330758
2771	0.00016243422636949572
8133	3.820014919222049e-05
3260	4.33197922049176e-05
3487	0.00036319027892148736
3020	8.194440389508204e-05
11034	4.6061099271636476e-05
1955	4.8701882694179495e-05
9361	0.00013574241751560678
4358	4.039255284692659e-05
12371	3.385707088233529e-05
10670	6.974207697180356e-05
619	4.732497284776418e-05
9762	3.385707088233529e-05
6133	5.3037447692989553e-05
6052	3.385707088233529e-05
4971	5.756969056759911e-05
6874	3.385707088233529e-05
10220	0.00011564223464605279
1123	3.385707088233529e-05
13087	5.643315749601092e-05
4966	4.86044038434114e-05
11051	3.385707088233529e-05
8521	5.7605818116434056e-05
49	0.00018496543253337374
11868	8.989045849051494e-05
7824	4.173489130212895e-05
13088	0.00010897425880737682
6854	3.385707088233529e-05
2215	7.401047914805411e-05
4841	4.6120271103442185e-05
13089	3.385707088233529e-05
5806	0.00015971632483096878
1967	6.109541728072986e-05
1009	8.572019197234007e-05
10854	0.00011593371616376093
2297	3.385707088233529e-05
6913	0.00013371950548518726
8573	4.4371223531541e-05
564	5.191906875478494e-05
637	3.468705883134163e-05
7668	3.385707088233529e-05
8267	6.045546802120392e-05
3478	0.00013158935420717291
8579	0.00022374736997059908
9867	8.310375622773627e-05
12021	6.817049243703214e-05
8788	3.53559960196414e-05
12484	5.6338508416807794e-05
9214	3.385707088233529e-05
7182	0.00013851086206133516
7659	4.127476502185886e-05
11198	3.385707088233529e-05
5149	3.385707088233529e-05
5746	3.410466629539171e-05
6985	6.494197391498731e-05
11569	3.3863808379049386e-05
1620	3.385707088233529e-05
6769	3.385707088233529e-05
11072	3.385707088233529e-05
11672	3.385707088233529e-05
3084	4.604899293118582e-05
13090	6.663362886375652e-05
12631	7.480683140505018e-05
3369	3.385707088233529e-05
4267	3.5389824435796266e-05
8332	0.00011311112943558792
9582	0.00020749685750346805
4	4.24763282162007e-05
8543	5.1092317222254864e-05
1133	0.00035491113737114605
4158	3.9331960250159505e-05
4640	5.417049262517473e-05
6210	4.31768265076486e-05
10955	4.116451052393819e-05
1962	3.385707088233529e-05
7499	9.343577586895799e-05
33	8.23956486391787e-05
11757	0.00012336615438397853
180	0.00012178701582648006
2921	3.385707088233529e-05
7368	8.133010484186721e-05
6130	0.00014268233825376803
7502	3.856897989317762e-05
13091	7.87542848676953e-05
5714	0.00024601632857557966
9956	4.000471336698195e-05
5070	0.00010930453194494444
12043	3.385707088233529e-05
12191	8.810039806411921e-05
11372	6.892473953684082e-05
3943	7.237189377691546e-05
8370	3.387054587576348e-05
646	7.146432643524669e-05
7059	6.681781420487082e-05
7127	0.00021692491959752978
452	6.122121653885383e-05
7387	3.385707088233529e-05
9559	6.993617768300335e-05
6301	0.00012342790012369453
9077	3.422454066441953e-05
12231	7.081731255338245e-05
1238	0.00010253341124244907
8838	3.385707088233529e-05
5273	0.00013449661321110115
4376	3.385707088233529e-05
12372	5.321885379322361e-05
4093	4.487090626126202e-05
3890	3.385707088233529e-05
8603	5.740479446318709e-05
12720	3.385707088233529e-05
11979	3.386380694391092e-05
10702	3.395353590579391e-05
437	5.806153481906204e-05
4969	8.542134217248323e-05
9640	0.0001377476719306398
1146	7.145718430415072e-05
7148	5.46538498231045e-05
2845	0.00010433667665051395
965	3.5278924385178927e-05
1317	3.385707088233529e-05
12323	3.385707088233529e-05
7198	0.00013452283997519957
2357	4.7058972039955054e-05
3457	0.0001106836312097746
11909	4.17617577190454e-05
7933	8.460039667706988e-05
5048	8.6088924235442e-05
3440	0.00023284628587792521
6111	9.950064535270996e-05
5693	4.2984539014798934e-05
2196	7.430716286738876e-05
3092	3.974744857272181e-05
10515	3.385707088233529e-05
1738	4.1627201865253706e-05
10438	5.5611426344473675e-05
10071	0.00010485236473247521
6568	3.385707088233529e-05
6088	0.00013905529258002937
4317	6.481307599191089e-05
9205	3.385707088233529e-05
9645	5.995575942992352e-05
5954	0.0001452888007839223
1599	9.857183308830196e-05
9149	4.0972911042227125e-05
4501	9.45070938715384e-05
3181	0.00015146636997879562
11075	9.769876090107553e-05
10906	0.0002161950425944736
11870	3.417758779482579e-05
2162	3.385707088233529e-05
9280	7.409387268988986e-05
8987	8.363798889299681e-05
11472	0.00010289801931692518
6669	7.911715287660913e-05
9344	3.385707088233529e-05
8394	5.756969056759911e-05
56	9.612646297012705e-05
13092	6.062727350215197e-05
10165	3.387727954462629e-05
10765	8.05615317186114e-05
8794	5.9979334638649e-05
7207	8.540118479755141e-05
1392	3.385707088233529e-05
6433	5.538967716964788e-05
3874	5.165997898544206e-05
1844	3.39521122297007e-05
4064	4.837171270838312e-05
4187	7.44570748764701e-05
259	4.6569905938864956e-05
7104	5.865725933829062e-05
1416	6.41029414284887e-05
5457	4.3703060444018366e-05
6320	3.385707088233529e-05
11755	6.89882557161493e-05
540	3.385707088233529e-05
12030	6.598864370040688e-05
12074	4.9164697695629574e-05
769	7.32539210698317e-05
8910	6.432623715946364e-05
12036	4.813903491948023e-05
11429	3.385707088233529e-05
10580	3.6856782465851675e-05
13093	6.17280978288967e-05
3391	0.00011539675890425223
1413	6.936267016284502e-05
4147	0.00020704353296672665
4557	5.174085623937307e-05
3831	5.657070966677181e-05
7623	5.807649437624798e-05
13094	3.385707088233529e-05
9655	4.43624305028928e-05
10321	8.056956579658263e-05
6092	3.385707088233529e-05
2453	3.385707088233529e-05
6609	4.228711439332247e-05
12068	3.385707088233529e-05
2583	4.82982568939724e-05
10741	3.4634652799127424e-05
5571	5.696339283044868e-05
2070	5.282092288429153e-05
5153	5.449290040567401e-05
13095	5.3893003076289265e-05
11340	5.314036117059413e-05
10801	3.39187372845379e-05
3399	0.0001084092031731536
10690	9.988948608818272e-05
5173	4.6087605877648976e-05
3763	3.386819729922965e-05
4339	5.396866613444427e-05
768	3.385707088233529e-05
11604	5.69859345506679e-05
10999	4.7753682983807044e-05
10206	3.385707088233529e-05
5547	6.405205387261401e-05
9078	3.385707088233529e-05
4802	0.00010294225671822942
9550	4.7223006724815574e-05
10915	4.4704108562077606e-05
804	0.00012301238815438923
10963	3.385707088233529e-05
12505	3.3860426283451075e-05
13096	5.4525141846993106e-05
2254	5.281736576252542e-05
2607	0.00010190461498007932
7804	7.26806664371744e-05
4438	0.0001551434649535536
10409	8.694000652123263e-05
4505	4.128753074506205e-05
1348	3.390790001447019e-05
10480	0.0001516890082113849
9406	6.079597304370746e-05
3998	0.00014881236498897612
9593	3.385707088233529e-05
30	0.00016694673634495513
3177	0.00013421050803745139
13097	8.64339275104427e-05
11111	5.8460196499904204e-05
2327	3.439579953704396e-05
5045	3.385707088233529e-05
13098	4.7858730500185104e-05
5856	0.00019393954552461576
13099	5.743134292400148e-05
7455	9.18171149971494e-05
13100	0.00010707844946869849
10892	0.00010906825595646885
1192	4.662324718518479e-05
2440	4.8717360005859434e-05
6542	7.566275258647637e-05
5206	3.385707088233529e-05
10346	3.385707088233529e-05
13101	8.290739297243191e-05
4135	6.897692030858219e-05
6885	3.385707088233529e-05
1449	0.0001227933114860105
6050	7.622719095975575e-05
7751	6.510308339302427e-05
5470	8.700547744858118e-05
3576	3.387054587576348e-05
12296	0.0001434914561801447
6346	6.356984737115866e-05
528	7.19533219894208e-05
5735	3.978859455200829e-05
13102	5.7571700177466755e-05
12035	3.385707088233529e-05
12189	6.0101607005596014e-05
336	4.2522233715372485e-05
969	4.258342173698918e-05
3431	3.385707088233529e-05
5611	0.0001306829015494295
3513	0.0006571946731044559
6206	9.463486670764119e-05
13103	4.407576834236536e-05
10234	5.6808899164899034e-05
13104	6.164127350465541e-05
4385	9.79528053973961e-05
7881	4.836494755422337e-05
4330	0.00024566792525508927
9397	3.385707088233529e-05
8318	4.1135000219859794e-05
5074	5.4330392319973664e-05
2032	9.981339995729797e-05
11762	3.385707088233529e-05
1504	7.97771411255714e-05
7990	3.5685615028776606e-05
7815	3.385707088233529e-05
10967	0.00010209210063416239
5172	0.00011221595235222506
9034	4.5141423778485875e-05
6602	8.895937283391145e-05
710	3.385707088233529e-05
629	3.549652588113147e-05
6023	8.698375386093112e-05
7969	6.563890784553616e-05
2047	3.385707088233529e-05
12534	0.0006116414533718624
9274	3.481314512987955e-05
9712	8.006501347682609e-05
7292	9.009856271071733e-05
5259	5.829111196213767e-05
10383	3.4131427381711905e-05
4684	3.386378576940202e-05
10419	0.00010196958598235831
11354	5.853601499365127e-05
10624	3.387727285138735e-05
7870	3.553786581620193e-05
7192	8.781327915856327e-05
9400	3.538445997771634e-05
3650	3.386279813662511e-05
10652	7.373956088423685e-05
2901	0.0001940301329379129
7215	8.437935824109572e-05
12717	4.404125469988162e-05
11197	3.385707088233529e-05
11073	4.5938590366579624e-05
11910	7.633980766818236e-05
9903	0.00022997112598980492
8638	3.385707088233529e-05
13105	8.532334051864338e-05
13106	0.0003037556909325529
11991	0.0004101714123587794
434	3.385707088233529e-05
2261	5.836954560731773e-05
13107	3.3868853132320866e-05
5840	5.258494834617677e-05
12196	3.385707088233529e-05
7867	0.0001091702902176484
9728	8.869290257999181e-05
4769	3.385707088233529e-05
13108	4.801730716775332e-05
388	0.000123733016723951
12535	0.0001908227271490344
4023	5.402755415146635e-05
5844	5.315462731376483e-05
12160	0.00017112410810809478
13109	4.851596062211926e-05
5692	8.849025784638819e-05
9715	4.5229071637237934e-05
9466	5.3067820007326295e-05
7361	3.385707088233529e-05
802	0.0001231620929207422
8137	7.105201839487685e-05
5832	3.385707088233529e-05
9610	3.756439517688056e-05
2897	0.00010983883856812507
3201	5.2586441246616625e-05
7260	4.3999250586898545e-05
9829	8.46579715053371e-05
8307	7.146090330244114e-05
347	5.298295085959433e-05
3716	0.00016029243950427998
8054	0.00014230937053203956
1729	4.167829401596744e-05
1980	3.387053727226314e-05
4392	3.385707088233529e-05
4461	0.00010958275966470188
1184	3.385707088233529e-05
4921	3.548121833769982e-05
11161	4.8064190128008165e-05
12137	3.385707088233529e-05
5179	5.536444151149259e-05
4949	3.385707088233529e-05
5574	4.033848488405524e-05
2238	7.688479759502044e-05
2325	8.202349640482256e-05
2471	0.0001375631092722738
1240	9.339403424512145e-05
505	7.665163861646237e-05
5122	3.385707088233529e-05
6730	3.395396823409758e-05
6118	0.0001687346202290349
5000	0.000189928358921059
5660	6.657684827065812e-05
6316	4.998836359216287e-05
12746	3.543734256006638e-05
11558	8.36636738372067e-05
8481	4.768411120002926e-05
8731	3.385707088233529e-05
9347	7.464182092935368e-05
8449	3.385707088233529e-05
918	5.658397675047333e-05
10960	8.659775896096257e-05
4622	6.0435627653432103e-05
6683	3.385707088233529e-05
6798	7.025093487441378e-05
4496	0.0007178302742043182
4918	3.599888513013656e-05
11234	7.640058743897497e-05
5426	3.385707088233529e-05
10193	0.00020094619353755067
1968	4.2883420136022986e-05
9215	0.00025047647067882124
2726	3.385707088233529e-05
1692	0.00024777133165617104
5705	4.3494013148965885e-05
13110	4.833082841589169e-05
12336	7.776447817574173e-05
11173	3.91979227817008e-05
1256	8.15765008780884e-05
10122	5.4065291667988344e-05
1696	0.00012573527218062716
11069	3.385707088233529e-05
5782	8.225003007994389e-05
11438	4.413054106230515e-05
1482	5.239066471570047e-05
11540	0.00033274816156773186
5132	4.011313453490116e-05
11740	9.769601482467906e-05
7028	0.0004730652478191994
12131	4.84432157629766e-05
12223	4.524013951312937e-05
5440	7.27004696695152e-05
6891	0.000348661650282948
6678	9.509995268198154e-05
1970	5.049552995184694e-05
1455	0.00023477539113845553
1542	6.98463553379729e-05
11960	0.00023665261843100826
13111	3.385707088233529e-05
288	4.009916132200981e-05
11261	3.385707088233529e-05
13112	3.404317354955758e-05
11948	3.385707088233529e-05
3469	0.00023576837579273373
10369	7.437752518920737e-05
42	0.00019072132193301863
12701	6.442486542013462e-05
13113	4.751485899331377e-05
4159	5.0139434533202296e-05
13114	0.00015989577029976837
13115	3.385707088233529e-05
1284	3.385707088233529e-05
5550	5.024311506894863e-05
5950	9.14101767478391e-05
164	0.0002000372046095666
4698	4.386251450231026e-05
2788	3.385707088233529e-05
11945	3.385707088233529e-05
52	4.904693412922869e-05
6521	3.402302046620715e-05
11499	3.385707088233529e-05
8196	3.385707088233529e-05
13116	3.386043867379747e-05
5272	6.424850728547724e-05
4560	0.00022578326659924628
470	5.5888544342923565e-05
3651	5.462973146739589e-05
6557	3.4075379775645334e-05
4561	8.690885368284413e-05
4099	5.305653275892357e-05
2868	5.224894155549063e-05
7797	0.00010004849701269766
11702	3.6548999530023165e-05
11301	8.507185322258125e-05
3424	4.650457841715584e-05
7555	7.791949367496932e-05
6751	6.479539057600583e-05
10734	9.942736817414491e-05
11062	6.501414876740043e-05
4096	3.385707088233529e-05
8904	4.577956332797697e-05
270	3.385707088233529e-05
9730	4.080616869539317e-05
10902	4.41193745883532e-05
11102	0.00010202405422073559
12063	3.385707088233529e-05
2932	7.138289045259479e-05
12748	4.1257441309956096e-05
13117	6.486365744196422e-05
6392	5.1939552447100604e-05
4860	4.517961323901909e-05
137	6.52935123695943e-05
1923	4.862474282171008e-05
10256	7.555350989807946e-05
13118	9.82659809453713e-05
5749	3.673300242673525e-05
1686	5.8960213897198434e-05
11736	5.287690777943864e-05
10320	3.385707088233529e-05
9242	3.635272541329312e-05
9535	3.385707088233529e-05
12712	0.0002721529778115915
8008	5.00850781485975e-05
5995	3.385707088233529e-05
12028	0.00015530756122024571
9267	7.276959428603054e-05
13119	4.88952541697933e-05
9040	5.26721948080072e-05
11478	0.0002146749839867127
13120	7.111231609102023e-05
8055	6.748801353455495e-05
2957	3.385707088233529e-05
12456	3.386559524440253e-05
10442	4.461241590800201e-05
1202	3.385707088233529e-05
11335	3.385707088233529e-05
9178	5.406227359152629e-05
3633	7.416164844805477e-05
4230	4.857937822943108e-05
11129	3.405882756221648e-05
1728	5.572060334348175e-05
8515	4.177979240835295e-05
5445	3.385707088233529e-05
8551	0.00015661928838943444
11582	5.53271300314655e-05
12487	5.392902712242233e-05
4974	0.00025338777700238934
10961	3.385707088233529e-05
3117	0.00025376940355824286
3480	5.650076031442534e-05
4869	3.385707088233529e-05
6643	4.077317197196142e-05
13121	9.233094711665757e-05
3013	0.00010630098531471908
7674	8.612357381497011e-05
5269	4.9596008806120733e-05
46	0.0001134084447061492
3074	3.385707088233529e-05
5731	4.01981020364949e-05
2428	3.416740727655547e-05
9748	3.3864414317485566e-05
7504	3.385707088233529e-05
6417	5.7039372892537697e-05
7903	3.385707088233529e-05
2000	9.066316457048439e-05
7068	3.386064019650138e-05
8930	3.3877142024526824e-05
5614	3.385707088233529e-05
3205	0.00012399427243999368
11405	7.820688148291057e-05
8554	3.385707088233529e-05
11510	6.213465585720666e-05
4602	0.00019360194161628799
11182	9.33606865927173e-05
7489	0.00013434165894199023
4443	3.385707088233529e-05
11295	3.385707088233529e-05
13122	4.802615821915779e-05
11476	4.379298347186252e-05
6530	3.385707088233529e-05
5117	5.0801814431747835e-05
814	5.759660809375787e-05
12289	0.00012432519754603332
2571	0.00015895205110590785
11687	5.4927388942479865e-05
5577	3.7776274444102486e-05
6025	0.0001063066538272617
8078	3.385707088233529e-05
10968	4.663464190582889e-05
3683	7.14064584355156e-05
10218	6.371735996586607e-05
8305	3.927256428916166e-05
13123	5.01593353696067e-05
7968	3.385707088233529e-05
13124	6.587448900637025e-05
10296	4.9921704948402074e-05
541	4.57022880178917e-05
11105	3.3867084657540214e-05
7966	3.3927175483721564e-05
397	5.273320557335063e-05
2112	3.385707088233529e-05
8809	3.385707088233529e-05
13125	9.085839596079206e-05
3198	5.4726365531659436e-05
8005	3.385707088233529e-05
12763	8.787343958158616e-05
1376	0.00013629329019705796
7333	4.5441076215533804e-05
8561	8.466566213254351e-05
10733	3.385707088233529e-05
532	3.385707088233529e-05
11668	6.990673564590855e-05
13126	6.090644558572105e-05
11646	5.923367128968177e-05
11128	8.346166080219354e-05
8902	0.0001032544020161473
489	4.1933511099211266e-05
1067	8.189697599709524e-05
3067	4.6408025600015265e-05
6727	3.385707088233529e-05
840	3.3863795005314236e-05
13127	0.0001018391374988225
1283	3.385707088233529e-05
7557	7.732102734402682e-05
8076	5.462609770478453e-05
3312	4.78090819828478e-05
1934	3.385707088233529e-05
6723	3.385707088233529e-05
12238	3.385707088233529e-05
9316	6.103964736586202e-05
5908	5.3256876092227986e-05
13128	6.529999404393308e-05
12270	4.958890719752163e-05
11688	4.899669895610315e-05
5676	3.385707088233529e-05
5274	0.00010840995176321544
13129	3.814653747319847e-05
588	3.385707088233529e-05
5363	6.256696837489657e-05
1006	4.3333308044640225e-05
11464	4.3610786069654434e-05
8059	4.1046137152593014e-05
7132	3.385707088233529e-05
10138	5.009006086548725e-05
6537	7.955336248276412e-05
8135	4.782135799588586e-05
2336	5.125909004603208e-05
1726	5.22082900293823e-05
2388	3.385707088233529e-05
2105	6.095680751638689e-05
7703	4.36254717461959e-05
12013	9.19187642037533e-05
10389	4.725178765034846e-05
4679	4.962138672275857e-05
13130	4.7186802163935874e-05
13131	3.386043867379747e-05
1195	4.8976017894985935e-05
11152	4.473143914716858e-05
7929	4.1910118248762755e-05
7177	3.7557403138081924e-05
4499	8.373854546770852e-05
752	5.2647382319129317e-05
12233	3.385707088233529e-05
2397	7.327988735245424e-05
6178	3.554142247421944e-05
4906	6.14675058643053e-05
2952	0.00011983202714930669
11743	0.00014982502253694862
4456	6.457856068590026e-05
5016	0.00015860799618123175
2880	0.00015250335600142226
522	6.297384919029113e-05
2147	0.0002218253239511229
8526	3.779488779410707e-05
3934	9.080923524116076e-05
8656	5.907097043493669e-05
9321	0.00013042522350967015
1906	7.062676614178002e-05
12051	4.9360728989792713e-05
3288	0.0001357773787727963
1024	8.868126090118689e-05
3410	3.385707088233529e-05
9624	8.114862374466798e-05
5788	4.105622281834826e-05
3314	3.385707088233529e-05
3745	3.3873022225378634e-05
821	0.00011876534711184626
2502	5.761165883299218e-05
7290	3.387382635554658e-05
29	4.0146056376669465e-05
5904	5.526392321091584e-05
3254	9.257340338187097e-05
10006	5.833738006531084e-05
7651	7.868392688406725e-05
9417	4.172761720988886e-05
7248	6.739811362279651e-05
1443	0.00015716143661390766
5446	3.387500750520941e-05
7252	6.608347170298498e-05
9422	4.234880949082598e-05
4343	3.385707088233529e-05
6137	3.385707088233529e-05
11213	5.366903230355454e-05
13132	3.385707088233529e-05
10886	3.385707088233529e-05
10375	5.3716746187286506e-05
5747	3.3868244485051936e-05
6114	3.385707088233529e-05
3467	4.335617149950474e-05
8714	5.7163352700403214e-05
11792	0.00011203893467585871
2713	7.333287365570242e-05
5277	5.838831694650108e-05
6979	0.0001062814066460992
2584	0.0001267144680531969
3494	9.862597268753503e-05
10650	0.0001040958490523744
8400	3.385707088233529e-05
661	3.387720771650593e-05
4292	3.385707088233529e-05
13133	0.00010527878220967212
772	0.00021185999600192477
9271	3.385707088233529e-05
11026	4.4066793686336625e-05
5822	0.00019488563412273176
12627	4.430826754428974e-05
13134	4.697088000248952e-05
3549	6.556366697496572e-05
5951	3.385707088233529e-05
1825	0.00013920383550211383
3365	3.915550044124876e-05
12498	4.856931644843453e-05
6713	3.3924339922049285e-05
10838	3.385707088233529e-05
12281	4.3962479390940393e-05
6889	4.5569839900843614e-05
10857	8.198661282069432e-05
5242	0.0001491092620984312
12559	3.385707088233529e-05
10340	4.693460758130087e-05
1453	8.750087578766115e-05
3461	0.00010532150051671354
5689	7.261379797834232e-05
8241	0.00011228874634781586
10925	0.00012231607223362644
455	3.385707088233529e-05
10169	4.393807812647205e-05
6711	3.385707088233529e-05
9767	6.877577214867228e-05
13135	0.0001330273349350035
9001	6.237894067514052e-05
12120	4.5336147328797695e-05
8404	0.00013000810162432756
8377	8.181542162861045e-05
1308	5.870004639205188e-05
3200	3.385707088233529e-05
735	0.00015764065721651446
1694	9.403706953949745e-05
5736	6.652696785811637e-05
12777	0.00010492772664252299
12540	9.233920755282489e-05
3509	5.277629261459375e-05
5495	7.56393041251504e-05
10763	3.385707088233529e-05
13136	9.457038666265676e-05
10124	6.25258363416661e-05
7691	6.172862548935218e-05
12235	0.0001818212230430826
2899	0.0001256828323362254
5481	6.528782512276597e-05
2369	7.93543173496274e-05
1071	6.311542570035299e-05
12153	6.948275164578024e-05
1425	0.00010152864478331898
11012	5.8329748042405325e-05
787	3.385707088233529e-05
12492	5.726445220932621e-05
4629	3.385707088233529e-05
1623	5.520706118939034e-05
13137	3.386717712740643e-05
5721	4.3907605777285686e-05
11635	5.470045726243257e-05
5451	0.00011014346141646406
8740	0.00012641221131105222
11118	4.439363834801706e-05
10446	8.573401456581005e-05
13138	3.6236817429951964e-05
3173	3.386701893582209e-05
3599	6.497927798808083e-05
13139	4.5546827740725775e-05
9987	3.385707088233529e-05
13140	3.3860439630692335e-05
734	4.7962001573571784e-05
1981	6.43105139635478e-05
11217	8.216759187715658e-05
4044	3.385707088233529e-05
421	3.385707088233529e-05
3667	4.0674641484201394e-05
12092	3.3885111295356955e-05
747	0.00013011276710875615
5501	9.773152245149297e-05
7285	8.456712737128025e-05
6618	6.468447551458149e-05
4293	6.74083375245436e-05
5537	3.385707088233529e-05
13141	3.385707088233529e-05
7123	3.385707088233529e-05
1677	3.385707088233529e-05
9057	3.385707088233529e-05
8315	7.122744682432197e-05
6176	3.385707088233529e-05
8823	3.385707088233529e-05
13142	5.756969056759911e-05
5187	3.385707088233529e-05
897	7.208406511405573e-05
11431	0.0001027007131082901
10989	3.385707088233529e-05
9092	4.749298149111443e-05
3488	5.269934303907243e-05
2562	0.00021961384489698122
10596	3.385707088233529e-05
12639	3.385707088233529e-05
8737	7.31659339229267e-05
13143	4.785482106899488e-05
7525	4.991543068961719e-05
10743	7.142488975068311e-05
10627	0.00010726074523944455
2452	4.743307870776799e-05
700	6.131123293264829e-05
3102	3.385707088233529e-05
7203	3.385707088233529e-05
13144	3.386043867379747e-05
3335	7.13241731326458e-05
5636	4.123203239432819e-05
11142	6.836317559273161e-05
741	4.82760951098889e-05
12292	4.6789086437209714e-05
8779	9.280940390589274e-05
6632	8.41308346484155e-05
4936	3.385707088233529e-05
3325	3.385707088233529e-05
694	4.9100986899742484e-05
11506	4.9665484005844504e-05
2587	0.00015451446908535313
6608	3.497195810220688e-05
2649	0.00012481365185253933
4372	7.180023440264113e-05
12211	3.385707088233529e-05
6709	5.272336039536866e-05
5527	3.385707088233529e-05
9206	5.756969056759911e-05
11760	5.794503124326929e-05
5285	6.673338669204034e-05
7146	3.385707088233529e-05
10100	0.00012079064777329104
5302	5.651921081275834e-05
277	3.425904113880006e-05
1042	9.279281043794016e-05
10949	3.385707088233529e-05
7267	5.4861256177839374e-05
1236	4.622271468740638e-05
2131	6.671905156040461e-05
6819	0.0001297798781730548
9511	6.29237054333445e-05
4697	4.82794156590107e-05
3935	5.68619056512911e-05
6699	8.202164145413154e-05
1124	4.337676995028906e-05
7888	3.385707088233529e-05
9705	9.503774737517117e-05
6736	6.922686614405436e-05
11394	3.502563680740861e-05
3030	0.0003562668047967092
1334	3.385707088233529e-05
9238	0.00011937447135242042
11158	3.385707088233529e-05
10307	3.385707088233529e-05
2006	6.854660514231063e-05
13145	4.5217150610357245e-05
9569	6.213045582503466e-05
3697	4.175565394609112e-05
6372	3.385707088233529e-05
12026	3.395362072985816e-05
4420	8.40251173953835e-05
7765	0.00012558561056469258
10602	8.058358021157305e-05
3724	0.000147240952733142
12710	3.385707088233529e-05
9009	9.929719242124862e-05
13146	5.819268403316396e-05
74	4.926898022698394e-05
4050	9.943252120880609e-05
12597	5.240924896025395e-05
10869	4.627523800898656e-05
10669	4.105008620556299e-05
1281	4.426916587144474e-05
7088	7.778548802139442e-05
3530	5.2946294920352534e-05
3534	5.188151415559173e-05
11967	4.6496229610970926e-05
273	7.072447593816234e-05
5797	3.385707088233529e-05
2689	0.00011971752218583649
4717	0.00011434327633822429
7679	0.0005504041957365707
7813	6.083721468409181e-05
9727	3.385707088233529e-05
2539	6.915030176239807e-05
4965	0.000283046080556123
1537	0.00015368161488584452
11686	5.975945644721876e-05
13147	3.386043915217695e-05
2174	4.9593887226677175e-05
13148	5.7682969070158e-05
10154	5.589492533183814e-05
2916	0.00017535403856067843
12388	3.399633059211531e-05
11987	0.00016683484899777164
12515	8.668338365209201e-05
13149	5.2255901626226655e-05
10499	5.165626883738194e-05
4612	8.26645965233262e-05
9684	4.504194003750811e-05
9132	4.1474848150312606e-05
6150	0.00011613534468153246
139	8.118549698273244e-05
5463	6.81638503299207e-05
11045	3.385707088233529e-05
11245	7.494139638569356e-05
12420	4.599769188137084e-05
11786	4.416202528285511e-05
6531	3.386715563695051e-05
6412	3.511281562381719e-05
10749	3.387268197226166e-05
9263	7.420664755811489e-05
8769	6.189407208580025e-05
7152	5.050053655312126e-05
11200	8.564714337236204e-05
4657	8.44418383675596e-05
9027	7.89081941140526e-05
10001	7.262153909226635e-05
11110	5.184946907612522e-05
8003	3.385707088233529e-05
11331	3.406226252358246e-05
12136	4.9457894798492216e-05
7266	4.985843648339741e-05
2743	0.00012917838567092375
3512	5.629473771690273e-05
13150	3.385707088233529e-05
9904	3.387542428358092e-05
3774	3.385707088233529e-05
9486	4.7664371370507015e-05
9396	0.00044638579902205717
10802	5.756632181924206e-05
7515	0.00011667930909120864
10644	0.00011658290182912755
7381	4.4522097030068366e-05
3043	7.097795890475963e-05
4794	3.385707088233529e-05
9951	8.75802826226203e-05
7443	7.289336774343664e-05
10695	4.682406504911044e-05
2625	0.00010519292428117866
9224	4.3705004997918314e-05
3311	9.490400142263657e-05
5355	8.726527382029822e-05
11501	6.875412154449798e-05
5872	6.890581143408346e-05
6940	5.903426345913438e-05
1104	8.516296009845691e-05
12138	0.00017377173235504423
3624	0.00019358029547910475
10474	8.564892092410442e-05
846	0.0002352218127119586
12702	3.385707088233529e-05
2495	0.00010140424834488339
3986	4.352247564018129e-05
643	3.385707088233529e-05
8994	4.0223549273734126e-05
8431	4.525877411143265e-05
10554	6.86533416598298e-05
1004	6.662090372872449e-05
9180	4.555394257105958e-05
4751	0.00014285273361677029
7221	7.825515233477636e-05
11619	4.81165731881292e-05
11657	5.836850976318253e-05
11408	8.255322670659846e-05
9199	3.385707088233529e-05
9623	4.613169085078212e-05
2132	3.5618881385138814e-05
11552	3.385707088233529e-05
12496	4.1474848150312606e-05
7159	3.386043867379747e-05
3970	3.385707088233529e-05
9339	7.523460057290146e-05
4874	0.00013698189883272228
8167	8.374690195429105e-05
2455	5.212115092459029e-05
13151	0.00012554024275173418
6984	3.385707088233529e-05
5699	4.3802374086557e-05
3673	4.1101271111791516e-05
8590	4.288102145115446e-05
8001	4.574844916698328e-05
4588	3.385707088233529e-05
3086	9.682146415026792e-05
4901	6.546108272999888e-05
5504	4.649207231639624e-05
5899	3.385707088233529e-05
2585	4.9887201630108e-05
1582	3.385707088233529e-05
3481	7.894823088697472e-05
13152	4.7823271944022306e-05
9058	6.338096513599985e-05
4412	5.922165340866014e-05
7672	0.00011246683520486671
1690	5.3055162792028175e-05
9173	8.839914651292505e-05
13153	7.710159984704216e-05
13154	3.385707088233529e-05
4288	6.345626295637787e-05
9522	7.96995402306598e-05
4300	4.1299000854155124e-05
3045	0.00012716730183677123
11766	4.592860380082977e-05
11813	7.818331405494964e-05
1746	0.00023861842284983412
6946	3.385707088233529e-05
3307	3.385707088233529e-05
2380	5.1150840587054935e-05
9381	3.82702628436891e-05
13155	3.385707088233529e-05
4444	4.8559506294517053e-05
8083	3.414181580459142e-05
12686	3.385707088233529e-05
6907	5.7746483396943865e-05
12676	0.0001099221311388666
11503	4.009354531746233e-05
13156	3.385707088233529e-05
11954	4.82760951098889e-05
13157	0.0001211029002357977
6811	5.0981152708630374e-05
45	5.013999094331565e-05
11370	3.385707088233529e-05
13158	4.4396012964674764e-05
9340	3.385707088233529e-05
11896	4.431218047083797e-05
4086	3.385707088233529e-05
9252	8.930926658016424e-05
11916	8.731313811574862e-05
8250	0.00010161827064763573
5761	4.280774891450527e-05
12224	4.569437165526895e-05
174	5.1120607514242354e-05
5834	0.0001676901667656155
6561	4.694756360201378e-05
10469	9.138852544658964e-05
7231	5.270111934725935e-05
9538	4.054397900027672e-05
11205	3.385707088233529e-05
9350	6.483139179541643e-05
8111	4.948854614070723e-05
10521	5.733575239479441e-05
9302	6.171998004082774e-05
9246	4.455112445000125e-05
10701	3.385707088233529e-05
9555	3.3863808379049386e-05
13159	7.975187329860608e-05
13160	4.149366858163763e-05
1985	3.385707088233529e-05
11834	6.289474063199925e-05
1765	0.00011257633875455047
8303	5.376682122595506e-05
3135	0.00012978639607612758
9854	6.700363019647589e-05
6106	0.0003936405154234309
7276	3.6957986820102215e-05
6490	4.444024399647083e-05
8951	3.385707088233529e-05
4919	0.00010212138356691757
142	3.385707088233529e-05
5126	3.474676578727473e-05
13161	4.861197210109386e-05
2826	4.2542944043872996e-05
9769	7.016553676028794e-05
3468	5.654179378944404e-05
13162	6.810384617343455e-05
9548	3.385707088233529e-05
10387	7.964425083055031e-05
320	3.385707088233529e-05
13163	3.385707088233529e-05
8035	8.22705065362681e-05
339	6.190078303856784e-05
2923	7.37846939787687e-05
3505	5.08730267661963e-05
4206	3.385707088233529e-05
1463	7.854028588250969e-05
8913	6.72781035842597e-05
12076	4.5317359157302565e-05
9542	3.385707088233529e-05
3004	3.385707088233529e-05
9261	7.183790145064888e-05
11455	3.385707088233529e-05
2756	3.386154475048967e-05
3904	0.00017131363852983158
1514	0.0001282428677864104
10136	0.0001236958303196473
7261	0.00010000270268633006
6663	5.0803443002274365e-05
8188	3.385707088233529e-05
10444	8.995374940635453e-05
11273	7.430149478191067e-05
4486	0.00011405855155490267
8408	9.313467226573915e-05
13164	4.7649679423311554e-05
9983	6.343559004781354e-05
4113	5.9752258293246e-05
3849	0.0001741898507270194
1496	0.00020636298712267166
4151	5.145618453252766e-05
6567	8.136582823561273e-05
10217	8.810088610930583e-05
13165	3.385707088233529e-05
2210	3.385707088233529e-05
13166	0.0001805006408300392
341	9.045377284659316e-05
788	0.00024564375821204873
2979	5.3996369235497676e-05
5862	4.200527181441658e-05
12756	3.385707088233529e-05
8312	8.232567283883395e-05
1603	3.385707088233529e-05
1291	3.649180640292016e-05
9670	3.518726703782599e-05
7706	0.00012409037490115384
13167	4.1635959054662906e-05
5057	3.385707088233529e-05
13168	3.385707088233529e-05
7099	6.741465846380182e-05
12173	5.5913006910983645e-05
6418	3.385707088233529e-05
4594	4.050285457252585e-05
7151	3.385707088233529e-05
1017	7.844761222228477e-05
401	0.0008233812061057333
9635	6.21235433651224e-05
5437	3.829914713271403e-05
6036	3.385707088233529e-05
3941	3.385707088233529e-05
4967	3.385707088233529e-05
12644	4.646233123925875e-05
7930	5.3746292528740885e-05
6552	0.00023841344519953534
736	3.754184322779743e-05
12045	4.699191337136865e-05
4497	0.00011341009161110267
4233	8.284072075927461e-05
1767	3.385707088233529e-05
8695	0.00010455515922753966
5485	8.932903503066069e-05
1786	0.00015098749617766023
8156	5.327815840978391e-05
13169	3.386380790053399e-05
11148	6.340411987463855e-05
11358	3.385993514844228e-05
2014	0.00028495508351380144
11643	3.385707088233529e-05
2385	4.15199652335702e-05
5357	3.385707088233529e-05
13170	7.340910413572583e-05
12116	0.00010517967815057356
268	8.053872980921883e-05
12390	5.899952951151815e-05
8324	3.4112119463776824e-05
1630	0.0002545474191083714
4323	0.00011125891984898868
6776	3.385707088233529e-05
10211	7.307127152544447e-05
10980	4.536010529282604e-05
3803	5.8862247192073566e-05
5906	3.385707088233529e-05
7129	4.927140920361843e-05
12207	3.385707088233529e-05
7282	6.140642387804676e-05
4772	4.601700710409959e-05
5297	0.00013399368490854178
13171	4.641780164045928e-05
13172	5.0557869278588385e-05
12332	0.0001934145492012892
8466	5.756969056759911e-05
2061	0.00013478792258955308
6642	6.482348028358767e-05
32	0.0002919871993576477
10329	4.750210341461768e-05
10720	3.387053917953714e-05
9740	7.21712854572721e-05
7924	3.385707088233529e-05
1121	6.823268733907579e-05
2118	9.09792323943266e-05
13173	4.2098874431037205e-05
11216	3.385707088233529e-05
13174	3.385707088233529e-05
11706	7.095147332135598e-05
9265	8.572883971268422e-05
8101	4.453771228340561e-05
10828	5.758450532047917e-05
5175	5.086155519910258e-05
7262	3.385707088233529e-05
7298	3.385707088233529e-05
6963	5.069084686054773e-05
12322	4.7260481175290786e-05
11600	9.043199048192332e-05
13175	3.385707088233529e-05
8782	7.934842944660301e-05
2093	6.0724252523858944e-05
8194	8.082387582361446e-05
8468	3.591686348504269e-05
6571	0.00021677018053972735
12709	5.270776094138015e-05
9163	3.385707088233529e-05
1038	3.916485051690113e-05
1225	4.2284657869805565e-05
4809	3.385707088233529e-05
9159	7.279905235883843e-05
36	3.385707088233529e-05
11360	4.419955619765578e-05
8289	4.890129679175923e-05
2557	5.709105779119911e-05
5233	3.38929213006876e-05
9666	3.385707088233529e-05
5647	7.77386750300291e-05
12197	0.00011966326328726198
11316	0.00021380205495039132
3878	5.6737699629140994e-05
11775	5.0191711019437345e-05
11919	3.6466459297039745e-05
11712	5.8321026547078635e-05
8694	5.287210876941583e-05
1231	0.00013012928857514207
5837	8.856529429117912e-05
6740	4.811189846923074e-05
11765	6.13304515395101e-05
2884	5.733304329144999e-05
1523	3.385707088233529e-05
7022	7.20509754476074e-05
1084	0.0001285683642020986
6876	7.352063585846136e-05
12108	8.683742512540635e-05
13176	7.516656821334108e-05
5051	3.385707088233529e-05
1929	4.844100393170028e-05
2040	8.181319602504412e-05
2871	3.385707088233529e-05
12314	3.385707088233529e-05
9119	6.438995365185097e-05
13177	3.385707088233529e-05
11243	3.385707088233529e-05
11997	4.788643388546136e-05
3834	7.525419360714252e-05
11924	3.385707088233529e-05
12612	5.0267553890086966e-05
2523	0.00011651074571780961
13178	7.348845602914774e-05
6000	7.090752071147672e-05
12228	4.7460172486589474e-05
9349	4.957405078699894e-05
9442	0.00012130581207014185
3381	0.00010157320977314845
6493	0.00010747445412754002
328	3.385707088233529e-05
2204	7.837599096364954e-05
8151	0.00020110813108215349
5994	0.00010692088648180307
6282	7.52328613178865e-05
3338	3.385707088233529e-05
9971	5.884478682162498e-05
13179	4.4705318057749056e-05
7872	3.385707088233529e-05
6623	4.6276032036788806e-05
3447	3.55892604640196e-05
4652	0.0001398176799082486
610	5.8391280137619553e-05
13180	5.3262620607849866e-05
2387	3.912702851218444e-05
10083	5.4062889191651135e-05
12230	3.941428954687283e-05
10965	3.386676687637681e-05
2765	0.00014692237759272476
2922	4.1021273747278364e-05
4675	5.9992624665648287e-05
9539	5.5015105375199466e-05
294	5.058065034851966e-05
2739	6.297938418678831e-05
9490	7.703020494782194e-05
13181	3.385707088233529e-05
7114	4.788320592037044e-05
5420	3.385707088233529e-05
585	3.386043867379747e-05
8924	0.00014378652343718704
6738	4.239535358449306e-05
1770	7.05248279634942e-05
11523	6.436550433781707e-05
4781	3.385707088233529e-05
4579	5.756969056759911e-05
5621	3.385707088233529e-05
2299	0.0002304845714290241
5876	3.385707088233529e-05
11869	3.913698539371697e-05
9201	7.963525241182856e-05
4114	6.846349641591037e-05
2301	3.385707088233529e-05
10159	0.00014755358003437852
12206	3.386043915217695e-05
12025	3.385707088233529e-05
3035	5.4635326702896684e-05
1639	3.385707088233529e-05
1943	9.784155156479223e-05
10314	4.308556113801228e-05
11895	5.217936605310244e-05
13182	3.385707088233529e-05
2744	3.385707088233529e-05
10252	7.741370304237436e-05
10700	4.9957186867052115e-05
10331	8.560844357009226e-05
8780	4.4113842558772e-05
13183	4.188356484488027e-05
10594	8.442381868540974e-05
1434	4.601578438436307e-05
4616	6.155606278402836e-05
7181	4.4876422706100613e-05
12217	5.200944751008727e-05
1448	8.511783307293828e-05
13184	4.630265813240932e-05
5026	3.385707088233529e-05
11596	7.250202177787561e-05
7647	0.00014294785489367724
8493	5.2794478462825305e-05
12687	0.00020028894395414536
6129	3.5626316991801325e-05
9414	0.0001568660294542722
10267	3.701051983524489e-05
4756	3.385707088233529e-05
794	3.385707088233529e-05
144	4.562181243609708e-05
9696	5.420898095689894e-05
10110	0.00013928941282228364
10029	5.340921773103643e-05
4374	4.8856170064900064e-05
4272	0.00010604665845288101
85	9.283282488987633e-05
6341	7.727945042695538e-05
2497	7.671188699338283e-05
123	0.0001598904438376786
10611	3.385707088233529e-05
1910	4.608892425183594e-05
5928	8.194741379539714e-05
10698	5.1912779180580185e-05
4065	3.385707088233529e-05
10783	4.2416702013209786e-05
9253	0.00010325955584858238
11783	0.00010619599881119962
5946	0.00015013723010393295
3016	3.385707088233529e-05
12229	5.268270574958417e-05
1717	4.788271498680746e-05
13185	0.00010228922871622174
6533	3.385707088233529e-05
9337	4.42200753028134e-05
874	3.629152393721521e-05
6805	0.0001610134962206169
3400	0.0002174154635032129
861	8.512250839702918e-05
11866	5.798577955114199e-05
831	0.00015308083414019164
8234	3.385707088233529e-05
12154	4.12865248236742e-05
11556	7.277139420719804e-05
5682	7.999369661565317e-05
8119	3.385707088233529e-05
5212	0.00022613897539878352
3854	0.0002519292384320449
12598	0.0006555927027831705
8271	5.5274582001332625e-05
1181	3.5285344878351014e-05
13186	9.837526019643014e-05
1451	0.00011603804374916853
3100	3.385707088233529e-05
6124	6.452807837729343e-05
4535	3.385707088233529e-05
13187	0.00034399758436941914
12169	3.385707088233529e-05
7094	6.043336587550281e-05
9537	0.00016982182433055934
6951	0.00011271569674542631
7396	5.958214467129705e-05
8824	3.385707088233529e-05
3710	6.95413873777087e-05
2839	5.2572607445487124e-05
10104	4.816022358120483e-05
8718	6.384991386603302e-05
12163	4.692627877313933e-05
9257	9.028298197751754e-05
11639	4.004946967966917e-05
447	0.00012485927800365827
13188	3.385707088233529e-05
7194	3.385707088233529e-05
5011	9.732102675278946e-05
3747	4.240553288667243e-05
13189	3.385707088233529e-05
566	5.620674028488084e-05
3948	6.28357716551822e-05
13190	3.385707088233529e-05
10773	8.36373426802057e-05
65	4.877839306720812e-05
3625	9.272383247210418e-05
2693	3.385707088233529e-05
8434	0.00011243728331950064
172	7.423925484677052e-05
9891	4.9000005663459094e-05
5675	0.00011336828363456596
8104	0.00012292278989536965
13191	4.674500744869791e-05
9618	0.000186521102875011
10114	0.00010304934569190232
5299	3.5517895918056925e-05
3402	6.1402799389136e-05
8200	3.898093248101307e-05
7650	0.00015263684595012383
11366	6.547182728241713e-05
5024	7.296347467186853e-05
13192	6.173629624448555e-05
1553	6.107512837331051e-05
2964	4.328825136909657e-05
11165	6.449224578247957e-05
11943	4.456931999528366e-05
8637	3.385707088233529e-05
10523	3.385707088233529e-05
323	8.968462052781075e-05
5751	4.940481211312515e-05
6593	5.2715771475019866e-05
9651	8.200280660568064e-05
1865	5.0509199302646286e-05
8080	5.620975492862324e-05
4057	8.085739618742715e-05
2778	5.757642710741835e-05
121	5.635908729937806e-05
13193	3.386877824812607e-05
4738	7.630567847153885e-05
12606	3.647459084316972e-05
13194	3.385707088233529e-05
4649	3.419990074588558e-05
3316	9.749555148899718e-05
416	4.834882209510688e-05
5812	4.965179186810062e-05
8729	3.387391223154357e-05
5484	8.83195526063068e-05
8240	0.00015337880478802192
938	8.204269740075323e-05
11832	6.29020244232353e-05
7801	3.385707088233529e-05
9420	3.385707088233529e-05
11921	3.385707088233529e-05
5327	7.127042840484598e-05
8787	0.0001581455861073726
7942	0.00026201806354870876
11271	4.229576018321887e-05
7272	0.00018211639717311166
1626	5.03387742702183e-05
1627	6.861476487273697e-05
2149	3.3877480589978615e-05
6325	0.00013856093344805754
1417	5.369264830570037e-05
13195	3.4960265128918823e-05
10953	3.498115531823145e-05
1018	3.385707088233529e-05
12308	4.902700481740474e-05
2985	0.00010502049608693184
8706	6.0619762425638e-05
7341	9.101379761048156e-05
12662	4.714014520894213e-05
6391	8.188587233877202e-05
9979	3.385707088233529e-05
7438	5.9876911412575884e-05
9723	3.385707088233529e-05
6143	6.417498616435138e-05
7154	5.069199479152955e-05
13196	3.385707088233529e-05
9227	6.049093754305659e-05
6908	8.114990339390147e-05
10946	4.734096178139677e-05
7475	3.385707088233529e-05
250	7.060768122009795e-05
329	6.0305321586086603e-05
2186	3.385707088233529e-05
986	3.385707088233529e-05
12570	4.715584164545931e-05
6972	4.808464269349358e-05
10166	3.388020951289115e-05
8805	0.00011186005797610073
8268	4.64673767538067e-05
2748	3.385707088233529e-05
8744	9.542169150110501e-05
2039	6.951560428924003e-05
4146	4.39775714682152e-05
3657	3.3882283912842196e-05
6399	3.385707088233529e-05
3444	9.272598971873667e-05
7964	3.385707088233529e-05
7796	6.185978279809515e-05
1467	3.385707088233529e-05
8120	4.776069104166179e-05
11962	0.00012350989122448535
7336	3.388166351220917e-05
9799	0.00019379778873366524
1499	4.6620763669076487e-05
8950	4.835148260269081e-05
161	3.673433194958969e-05
9761	0.0001132334280195171
6849	0.00011146624626945784
12422	3.902881357605707e-05
1046	9.647038620144393e-05
1796	6.705627933136421e-05
13197	3.8456608888141525e-05
13198	7.533730497302313e-05
11906	3.385707088233529e-05
3075	3.385707088233529e-05
9504	4.241492847995162e-05
13199	8.537078295548913e-05
12664	3.385707088233529e-05
13200	3.385707088233529e-05
9378	3.385707088233529e-05
11597	0.00011925239762333126
8535	7.103072694756424e-05
11266	3.385707088233529e-05
1235	6.384565929633238e-05
5169	0.0002190415739861353
9955	5.4055083969900033e-05
612	3.385707088233529e-05
11789	5.5927007119652315e-05
4305	3.5647887701085016e-05
11355	6.162141762263366e-05
9988	3.671094436915595e-05
11224	5.076880114937262e-05
7536	7.192452585402514e-05
10141	4.1119027758419834e-05
8815	7.104356985967729e-05
5581	3.47570535189641e-05
4235	0.00010724662253351399
8258	4.842886004582104e-05
4397	8.673179907668758e-05
12302	3.386948183093894e-05
8512	3.385707088233529e-05
4659	6.455030782126186e-05
1325	0.0002388338275550876
11364	6.207337619160636e-05
2946	6.284565086499695e-05
1190	0.00010525275649777209
5949	7.562544967244255e-05
2366	3.385707088233529e-05
10194	4.801951239278317e-05
5643	3.385707088233529e-05
8023	3.385707088233529e-05
11929	4.395061322156242e-05
10506	5.328656396721118e-05
9016	0.00012947406970792924
1508	5.199357875797891e-05
3828	3.385707088233529e-05
10487	9.883658636355108e-05
11036	6.899433668667567e-05
9862	5.8303166324782466e-05
10585	0.00013478090142096555
7943	0.0001731477995375698
7023	3.386885217868277e-05
7037	3.387051885305973e-05
4876	3.385707088233529e-05
11717	9.393981434408676e-05
11065	6.785735268210388e-05
13201	3.385707088233529e-05
4108	3.385707088233529e-05
4153	0.00048317116991358414
2592	0.00013805235634605168
13202	5.7062887518660876e-05
10795	0.00010623290205843486
11282	9.963548956813559e-05
8232	6.24804793547946e-05
6870	3.386717282199104e-05
58	3.385707088233529e-05
5113	3.385707088233529e-05
12044	0.00010259685207163848
2820	3.385707088233529e-05
1105	9.634672097068547e-05
3954	5.3778411710102384e-05
8025	3.3881847841492905e-05
6456	3.385707088233529e-05
1549	6.945201432706437e-05
6263	3.385707088233529e-05
8331	0.0001302178704567687
8012	4.1904234340384436e-05
6606	5.149692545727511e-05
2541	3.385707088233529e-05
7490	6.203615472770367e-05
13203	3.769495278673265e-05
12381	3.7420915929909945e-05
10603	4.674586213299622e-05
13204	3.447365258653046e-05
1670	3.385707088233529e-05
11369	6.21435919229274e-05
13205	3.3860439630692335e-05
13206	3.385707088233529e-05
4173	3.922757079982994e-05
6256	6.180689561680264e-05
9073	3.3882614701388944e-05
11696	3.385707088233529e-05
11332	5.757136563168814e-05
11620	5.04303583530571e-05
6078	5.582136020729476e-05
10824	3.385707088233529e-05
1497	4.698283752730226e-05
9309	5.741568573477917e-05
2505	3.385707088233529e-05
13207	4.321514854607504e-05
372	4.106594903527109e-05
12665	4.4569576360447e-05
4705	4.577030258391471e-05
5580	3.385707088233529e-05
11278	7.05386715470631e-05
8124	3.385707088233529e-05
11385	3.385707088233529e-05
11939	0.00014942443340112892
2790	3.385707088233529e-05
502	4.3724623759187005e-05
13208	4.85858127984275e-05
1373	9.699564084188023e-05
7051	3.385707088233529e-05
4735	3.385707088233529e-05
887	0.00010036642244850957
9202	3.3927470540642666e-05
2700	8.096940695913378e-05
6451	5.1805551232829317e-05
4511	8.909303261764125e-05
3634	7.883938404500079e-05
2500	4.363974285386946e-05
3289	7.816548947409493e-05
4543	3.385707088233529e-05
9556	4.147176658783353e-05
8948	4.626353615322509e-05
7025	6.449601140336316e-05
13209	5.3955996626024676e-05
1212	8.806270750179387e-05
418	5.731440687840724e-05
11015	3.416777990094019e-05
4742	0.00013275177158047788
9226	4.805112358291171e-05
334	4.9163428251213425e-05
2679	8.389438762801015e-05
2412	3.385707088233529e-05
6394	5.384394006906825e-05
7702	3.391094789383262e-05
12418	3.385707088233529e-05
13210	3.385707088233529e-05
3865	8.636757888715746e-05
1399	3.391046522771226e-05
1999	3.935212156080392e-05
684	3.385707088233529e-05
1506	7.247561429571057e-05
13211	3.9850570744805434e-05
11612	3.385707088233529e-05
2108	0.0003110320390689053
10692	3.845130172823789e-05
7264	0.00021110760819228544
10727	3.815339057579279e-05
12122	5.517827374433016e-05
6008	4.770693348869603e-05
11917	3.385707088233529e-05
7561	5.186693141360086e-05
3888	9.329257747672699e-05
12266	0.00017995266140528066
9028	4.908439133298699e-05
3790	6.888034731232844e-05
13212	3.4298952457242575e-05
5921	8.506630193634893e-05
13213	5.756632181924206e-05
496	3.3860431038164286e-05
1316	9.475991279534204e-05
8326	4.036516178466688e-05
7038	0.00010781724563189961
9455	0.0002234184418472868
13214	5.4043810548969724e-05
11274	3.385707088233529e-05
11164	3.772960115755671e-05
9353	3.385707088233529e-05
358	3.385707088233529e-05
5939	8.732309648422915e-05
4729	5.250999837295457e-05
2591	6.589998366327452e-05
6942	6.25975630043802e-05
395	5.212198487753486e-05
11953	4.165327017488923e-05
11626	4.422756231731117e-05
4562	3.385707088233529e-05
12193	3.543028762901753e-05
67	6.258897612078737e-05
4565	5.329794694711233e-05
9284	0.00015194840370021822
4244	4.306081258757469e-05
11764	3.385707088233529e-05
4398	3.385707088233529e-05
1336	4.189760063004854e-05
4287	3.385707088233529e-05
497	0.00012074578181683844
10754	7.428659433229859e-05
10273	5.7654176252271716e-05
12532	4.835471120785909e-05
4728	4.129562505791678e-05
10355	5.535244522610532e-05
8808	8.076884010448569e-05
2454	0.00012604058005028965
2875	5.188053577277029e-05
6674	5.906048844827287e-05
6401	3.385707088233529e-05
6209	5.74272214373627e-05
4835	7.489849432550631e-05
7425	0.00011082093779996201
3134	6.029682236491352e-05
1029	9.61204161124456e-05
13215	5.7062887518660876e-05
3531	0.0001376495953034526
386	7.177769617081132e-05
1921	3.385707088233529e-05
4590	3.385707088233529e-05
13216	4.8684453747684123e-05
8031	0.00011342601623715475
5609	0.00020683792854179407
13217	8.137834108874327e-05
13218	7.132365283059021e-05
9090	0.000193679170940796
3601	7.224949659808983e-05
7906	0.00017668083727044462
4510	7.123656051703511e-05
833	0.00010266613372441938
7263	4.4113842558772e-05
6510	3.385707088233529e-05
10043	4.4364560259660914e-05
5073	4.542299561900335e-05
12339	0.00015778998884460202
1144	8.156793844516873e-05
10905	4.131448281079215e-05
5412	3.385707088233529e-05
3768	9.977363791630731e-05
10514	4.809513336807257e-05
2827	0.00010821479641683674
4916	4.29485955646321e-05
6024	3.385707088233529e-05
1127	4.765410589893853e-05
4076	0.00015142874161551328
5833	7.520091182291863e-05
10819	3.385707088233529e-05
3612	4.524180797649043e-05
6326	0.00014644497037436322
6102	4.616136137080311e-05
7882	0.00012913059243702967
3765	4.261420150910402e-05
10292	3.385707088233529e-05
237	3.547932694738907e-05
4269	8.952199479902033e-05
1889	6.056434291881922e-05
2296	4.545079085436941e-05
9219	5.052934079511453e-05
4712	3.385707088233529e-05
6478	5.1959122644083333e-05
12042	0.00011826382447051217
12053	3.385707088233529e-05
5613	6.341560482256318e-05
1051	4.233518101925878e-05
6260	3.385707088233529e-05
8168	3.492326640926934e-05
2527	3.385707088233529e-05
6384	8.456953477749466e-05
10676	0.00011429178095734805
11398	5.21182887592365e-05
11196	0.00024494285884820707
7681	8.265579570364082e-05
4765	3.385707088233529e-05
10954	6.601967598396721e-05
7346	8.075435330011636e-05
6550	3.385707088233529e-05
7106	3.385707088233529e-05
10918	7.353668943775964e-05
6302	0.00028073565560649905
4633	0.0002555418474665881
11159	4.8924640309324545e-05
2767	3.4792174597755736e-05
9389	5.141554248946215e-05
11223	7.855445407936155e-05
8715	3.5001212932849507e-05
2578	6.216483465487116e-05
6299	3.387725662687998e-05
7799	5.75629540279158e-05
10230	3.385707088233529e-05
5094	4.156744445493427e-05
5402	8.366362037182631e-05
2224	3.385707088233529e-05
9860	0.00016607987086904723
5036	7.528973092845725e-05
4371	4.649259659348097e-05
5331	9.728664599859319e-05
4311	9.611887603561321e-05
10297	3.388205221699424e-05
13219	3.385707088233529e-05
13220	4.6811731662185e-05
10266	6.731893770885739e-05
3319	4.007510832310506e-05
12337	3.385707088233529e-05
2741	8.656655958366304e-05
5352	0.00030343858982452744
6724	0.00010442618615286014
13221	4.409244525792915e-05
6058	4.510299196314131e-05
7690	3.386375662890371e-05
10142	8.980732154491822e-05
7113	0.00017250487128588567
3726	0.0003827718960169718
6059	7.57812030211316e-05
6060	8.657557901141354e-05
10876	3.743847850089991e-05
9661	8.442404529847763e-05
12584	4.0244872745547296e-05
6439	3.385707088233529e-05
4247	4.6484460792931776e-05
13222	4.9048467026710526e-05
5686	5.175183243763221e-05
7592	4.462441787105913e-05
7364	5.381319377392687e-05
11039	0.00026381309619948415
6119	3.385707088233529e-05
9680	0.00013479154693213458
3427	6.362163963932814e-05
1519	0.00010076361523323842
3996	8.092053178427225e-05
5724	3.385707088233529e-05
7058	3.385707088233529e-05
3485	4.567879109271127e-05
8412	3.385707088233529e-05
5598	8.164868510039867e-05
8562	3.6388102259532044e-05
13223	6.471534625492235e-05
7542	8.594899928676964e-05
4246	4.574917092920415e-05
5881	4.455378305705139e-05
13224	7.329959234291757e-05
6915	5.473717426542798e-05
8811	3.39010319219482e-05
13225	3.385707088233529e-05
1855	6.585102231946128e-05
6527	3.385707088233529e-05
2015	3.843755627395852e-05
6245	6.69560257062908e-05
2464	0.00016687040913689313
2237	3.385707088233529e-05
5207	0.0002701301964156918
12722	4.5419344687089404e-05
12404	7.103979291984573e-05
3929	3.385707088233529e-05
10556	4.816751340941038e-05
4073	9.748442395751345e-05
785	0.00024144974231348653
9282	0.00010231832965413253
4033	9.623943542486105e-05
1975	7.793315653279129e-05
4231	6.219632666189709e-05
10742	6.327833862490311e-05
3014	3.387387166148029e-05
10942	3.385707088233529e-05
7840	9.40205849470494e-05
8423	9.52004928381463e-05
2097	3.385707088233529e-05
6464	3.385707088233529e-05
5922	6.711662824147185e-05
5526	3.385707088233529e-05
6236	3.972186386075962e-05
3693	3.386340765351576e-05
11968	5.794911983741882e-05
11225	6.488021802827782e-05
4402	9.514458790631544e-05
13226	3.927800793946972e-05
1351	3.385707088233529e-05
12115	4.407032379258432e-05
8264	4.231412790683016e-05
7846	5.186369303135568e-05
11980	7.481574759155848e-05
11889	5.723066864774727e-05
9473	5.6309772001849646e-05
2188	4.403982314882859e-05
8986	3.3950377528139744e-05
3629	6.716263680431297e-05
5406	7.459556319387417e-05
7879	6.78879766720542e-05
8851	0.0001065840667290866
9468	3.385707088233529e-05
8495	0.0002118307729117216
8130	0.0001941033933821014
2631	5.306934415687819e-05
8432	3.385707088233529e-05
888	8.986760381881789e-05
10791	4.2709801645533565e-05
5382	5.650526236302107e-05
12691	3.385707088233529e-05
5601	7.834181403070428e-05
3336	5.5684297810361594e-05
3502	0.0001258199770678292
13227	6.460919660612762e-05
3869	3.3870537267377214e-05
9742	0.00011492485226266555
6961	5.9018242464009844e-05
4152	0.00010103852958038252
13228	3.3867168520242424e-05
109	3.385707088233529e-05
2789	4.557040236766219e-05
12132	3.385707088233529e-05
3817	3.385707088233529e-05
9061	3.908485909818342e-05
6484	3.385707088233529e-05
7754	4.2938693760817e-05
2445	3.3893918470899314e-05
1385	5.5113188591936934e-05
3110	4.934279685220731e-05
4487	3.385707088233529e-05
12117	9.218571788330223e-05
7087	4.7144484088724674e-05
9315	4.75491372322295e-05
3287	7.195647089613482e-05
5108	5.828621360561935e-05
7970	3.385707088233529e-05
5293	3.385707088233529e-05
13229	4.24362790712506e-05
5625	4.495929394693489e-05
6378	3.387721754307043e-05
9485	8.987381725604888e-05
7307	3.385707088233529e-05
11963	6.172277953917186e-05
12195	5.615854071467808e-05
4776	5.132972021564637e-05
2598	5.6153513245809516e-05
12376	3.385707088233529e-05
11078	0.000523287302577307
6613	3.386265216080002e-05
9136	5.1066493707896446e-05
11675	6.0919375686447044e-05
11432	7.166027631902292e-05
9279	3.813827848165149e-05
13230	4.8740190800983395e-05
2924	4.859125211300226e-05
11601	3.385707088233529e-05
7010	6.800681625747632e-05
5374	5.7152424265136285e-05
13231	9.586533152349227e-05
11417	6.263101728148137e-05
2972	4.2568922143439614e-05
1437	4.2498873392522386e-05
3137	6.748696154632727e-05
11606	0.00018682589932430402
3584	3.385707088233529e-05
13232	5.754889259606679e-05
2536	4.28880285357242e-05
5909	6.379349569898147e-05
13233	4.701063225250473e-05
524	3.3901614140503934e-05
3679	5.837523929533501e-05
1249	3.7446430172567476e-05
10526	3.396106976596157e-05
11856	5.421099476216034e-05
12077	6.804554807387741e-05
8288	8.871557087299004e-05
13234	3.3860439630692335e-05
7444	6.2104478680678e-05
5963	4.3755128813855345e-05
13235	3.6138112971115866e-05
7954	4.573442742976204e-05
1060	4.977119944376776e-05
10682	3.385707088233529e-05
6141	3.386790396642062e-05
2638	3.385707088233529e-05
4668	0.0001030203367481803
12084	6.870568207301658e-05
1614	4.917444750785902e-05
12581	0.00017514884715276845
6754	0.0002926134070792092
135	3.386880284642251e-05
11955	6.880028453226279e-05
9523	4.889146077766959e-05
699	7.370879232023501e-05
13236	7.441397826816791e-05
9480	3.790430016221265e-05
4533	4.074688175777408e-05
11154	3.385707088233529e-05
6091	4.493805777948839e-05
3006	8.864593492466591e-05
9124	0.00010804997730574512
6654	7.56278584611346e-05
11616	8.075876262946091e-05
4757	5.12166064417933e-05
8422	8.635011652507483e-05
6382	5.530077986324429e-05
11808	3.385707088233529e-05
7244	9.498851758853668e-05
138	7.371154226753704e-05
5597	0.0002161282501604941
6721	0.00013333465963194814
13237	3.385707088233529e-05
3736	9.551858188587864e-05
5591	6.003110592120472e-05
605	0.00010664183096127833
8487	3.385707088233529e-05
11677	4.887529969178391e-05
3867	6.963554664621978e-05
8704	4.164323364317777e-05
2189	7.988051240161147e-05
8208	7.049847411660217e-05
4276	3.385707088233529e-05
11232	3.385707088233529e-05
6517	5.493726468744383e-05
7142	3.389048555246887e-05
8399	6.633793027656566e-05
2009	5.0618812475068935e-05
13238	0.00010197584217140257
11942	5.168033776290812e-05
12410	3.385707088233529e-05
10507	4.0803153315677145e-05
4009	4.280774891450527e-05
12460	0.0002582306425404354
10343	3.385707088233529e-05
9697	8.18385705656316e-05
15	9.206209942847347e-05
10969	0.0006356395021898965
12509	5.17769221889534e-05
11096	3.385707088233529e-05
811	3.569128449743914e-05
10160	3.385707088233529e-05
10590	6.767307294338563e-05
3175	7.622368779262164e-05
1357	9.086220061810583e-05
12483	5.1209966320623986e-05
57	7.999837788833074e-05
620	4.211821071558219e-05
5027	3.385707088233529e-05
7229	8.48610683426245e-05
5619	6.33006531523137e-05
11785	0.00010004496192575498
7853	6.841039994212607e-05
10879	8.600755975038452e-05
2136	3.385707088233529e-05
11491	3.385707088233529e-05
3256	8.949220694216053e-05
10225	5.240521085698321e-05
12416	4.290778394876452e-05
4753	6.160551198956315e-05
6477	3.385707088233529e-05
7204	5.167370944228682e-05
11684	4.4267028420100205e-05
9296	4.266404672333595e-05
11560	6.347768409451692e-05
6659	0.00014042751052161366
12414	5.4432597934228494e-05
1106	4.220255024596175e-05
4324	7.119730600778496e-05
11681	3.385707088233529e-05
12127	7.621603073623695e-05
10641	6.058227775732086e-05
9688	3.385707088233529e-05
12291	8.497007238616725e-05
4763	8.128882611387074e-05
4426	0.0001158637496743076
10715	5.1600386258558335e-05
9377	3.646033982695053e-05
2170	3.7803461140804447e-05
7732	7.187398429317056e-05
4195	3.385707088233529e-05
2332	4.550690507599502e-05
6027	3.68572788018897e-05
9457	3.385707088233529e-05
12334	4.4359554317118357e-05
1008	4.9007882151579114e-05
8009	6.900542478645068e-05
5226	8.093273042638952e-05
2566	9.263086078137539e-05
11079	8.674085759041884e-05
12379	3.385707088233529e-05
5256	0.0001907695647045222
3896	6.21428762275623e-05
7950	0.0002502118879440868
6809	3.385707088233529e-05
6009	3.386365448921521e-05
4980	7.627974396684059e-05
13239	3.385707088233529e-05
7661	3.617857435804506e-05
7100	3.387323649706706e-05
5933	0.000674088458254225
3401	8.020633451857576e-05
13240	6.244271034518653e-05
12113	3.385707088233529e-05
12447	4.57133807249672e-05
3901	3.385707088233529e-05
9560	5.756969056759911e-05
6465	4.526735889107354e-05
2513	3.385707088233529e-05
5989	5.702820265239119e-05
4661	3.757175857183453e-05
4741	9.463259159938077e-05
812	8.183377426165105e-05
13241	0.00015685421223847796
6115	3.385707088233529e-05
758	5.657541745680654e-05
5970	3.442150499362118e-05
5791	4.1816394075398785e-05
10774	8.015166585986143e-05
12778	3.385707088233529e-05
11753	9.214069776525379e-05
12473	3.385707088233529e-05
9379	4.004048791907983e-05
11122	6.364693053706749e-05
4770	9.609640588345189e-05
2870	4.3965953109531176e-05
4481	4.845647410043625e-05
2223	5.057416465908562e-05
12218	4.695314145989677e-05
11705	4.541339315151798e-05
13242	3.387558584659834e-05
4220	3.385707088233529e-05
6035	4.945826684551187e-05
8084	3.385707088233529e-05
13243	0.00013104007842704832
5658	3.385707088233529e-05
7705	4.7805258971644646e-05
6869	3.385707088233529e-05
4355	8.938131545284804e-05
740	3.385707088233529e-05
12747	8.170910558933885e-05
8988	3.385707088233529e-05
11500	3.385707088233529e-05
8099	0.0001360454247309733
12170	3.959408524377532e-05
2593	9.244465209031101e-05
301	3.385707088233529e-05
12181	0.00011383875050791992
6117	6.784487082595203e-05
8858	0.00044319598814931684
10891	4.123393262041097e-05
627	4.10361886957561e-05
8671	4.954279603427946e-05
1678	0.00016300843347165657
10834	5.148650091570578e-05
10509	3.387579367264574e-05
276	6.575443728643347e-05
12107	0.00013636324569856755
3101	5.3507992026210664e-05
5341	5.9441860078721326e-05
7056	3.385707088233529e-05
6860	3.385707088233529e-05
1555	8.60148245364594e-05
1748	7.350234403833649e-05
7164	3.385707088233529e-05
7189	0.00011482303931840803
3695	0.00017928147317345923
11776	5.729429182809741e-05
6087	7.28986066131212e-05
3653	5.505184365125639e-05
1126	4.4155191001595216e-05
9682	0.00010789539307521124
6505	8.434871267136403e-05
7109	4.853782273618781e-05
4226	4.520319524089346e-05
8190	7.729712213355632e-05
7996	0.00011565679796573332
2417	3.385707088233529e-05
12610	7.999475421603607e-05
1393	3.385707088233529e-05
11957	0.00015289085196436053
9770	3.385707088233529e-05
1487	5.6172590092989504e-05
4840	5.7898153398895874e-05
4251	0.00015195482875241778
2430	6.750368491320808e-05
8530	3.385707088233529e-05
5047	4.7171282057587416e-05
9489	3.385707088233529e-05
10542	3.385707088233529e-05
1806	3.5833122522773944e-05
5801	0.00020142742582742373
1658	4.728910004576914e-05
10813	3.604138490316644e-05
3152	8.4333217908463e-05
11848	3.385707088233529e-05
12651	3.385707088233529e-05
4968	6.117633780647132e-05
1300	6.007870908109075e-05
10472	9.743192821083058e-05
12091	6.425570177603266e-05
2853	3.385707088233529e-05
3169	6.298731240880325e-05
8071	3.3863775043965276e-05
6935	3.62073318111589e-05
11018	5.470918027487358e-05
6419	3.385707088233529e-05
13244	7.387398262698561e-05
649	3.385707088233529e-05
8395	0.0001914583746118723
8436	3.385707088233529e-05
9080	4.4279779388261565e-05
3623	3.3873805938568885e-05
11914	0.0001085453666021227
9558	0.00012160240631153229
7763	5.085400846125643e-05
5742	4.984856311210801e-05
488	0.00011495730197310726
6833	5.9945406650150466e-05
11873	3.5051349606406135e-05
5774	3.385707088233529e-05
6715	0.00014098093104379636
6436	0.00010255313873481834
1628	6.091307044701345e-05
10247	3.385707088233529e-05
7740	6.505919544360637e-05
10235	4.9948498198769745e-05
479	7.2568703350418e-05
177	9.264049390384753e-05
966	0.00035003216352882916
2762	7.907101557950199e-05
13245	4.283861097901745e-05
11413	0.000256911590465505
3915	3.385707088233529e-05
9776	3.385707088233529e-05
1631	3.385707088233529e-05
8082	4.4142884709292925e-05
11887	6.239969629156714e-05
13246	8.475315848441722e-05
1213	5.34191010721995e-05
12286	3.602426336941174e-05
13247	0.00010885457677195874
9923	7.170026761221769e-05
13248	4.028250639460379e-05
8598	3.385707088233529e-05
11716	4.422756231731117e-05
1296	4.366842163069091e-05
6288	3.385707088233529e-05
3699	7.08998880460648e-05
793	6.59747785058429e-05
11379	5.6109786747675337e-05
5835	4.345482584669059e-05
12208	3.385707088233529e-05
2907	6.297170213134257e-05
5110	5.655126786383935e-05
1489	9.46418512831493e-05
8529	0.00010925755627467074
11515	6.184466633356372e-05
4237	3.385707088233529e-05
13249	4.344591808389946e-05
8475	3.385707088233529e-05
5725	7.040839930366821e-05
4884	7.246600413808054e-05
3464	0.0001185886780858285
1964	6.702406445963235e-05
1880	4.2039345623224487e-05
10066	7.380850289413333e-05
5428	3.385707088233529e-05
7339	0.00011198694347317023
2244	7.795169238190291e-05
6722	4.7611129352917255e-05
2912	3.385707088233529e-05
8160	4.811140787806967e-05
12098	6.137283593235775e-05
7998	4.460935455191675e-05
4017	3.385707088233529e-05
7158	4.9548667254621314e-05
417	3.385707088233529e-05
2200	3.385707088233529e-05
462	5.333595673049454e-05
13250	3.385707088233529e-05
8625	8.128231025286294e-05
1164	7.428751752610754e-05
1916	0.0013141851651392634
8797	0.00011730539282789077
1329	5.940804665044345e-05
7907	4.075007768208746e-05
4891	6.344568319836131e-05
11343	3.604421481605557e-05
11562	3.385707088233529e-05
6783	8.130160416462695e-05
5855	3.671926388029745e-05
5398	4.399296518215349e-05
10191	6.145845603948219e-05
12352	7.427381298608986e-05
743	3.385707088233529e-05
11374	8.974415255675202e-05
1108	9.600739235578187e-05
9646	3.385707088233529e-05
13251	0.00017223120274572398
2289	3.573383198753063e-05
4270	0.0001394875698776346
12463	3.385707088233529e-05
7945	3.385707088233529e-05
12391	4.409244525792915e-05
9477	4.6613437429501654e-05
4691	4.737534054579217e-05
11310	3.385707088233529e-05
3533	5.430644876413812e-05
9906	9.552870992465706e-05
7277	3.385707088233529e-05
3026	3.3870410904183494e-05
8716	3.385707088233529e-05
1327	3.385707088233529e-05
12054	6.739664816225461e-05
634	4.6458021156120985e-05
4476	5.6109644181004425e-05
14	4.648449638632794e-05
13252	4.87433265736398e-05
4172	7.591371046220917e-05
2878	3.385707088233529e-05
13253	3.385707088233529e-05
7488	3.388342141966007e-05
8458	7.467882896724145e-05
4348	4.580297110735793e-05
13254	3.385707088233529e-05
765	5.4569014700050014e-05
3987	7.661799738893102e-05
3840	4.454773987978078e-05
8648	3.385707088233529e-05
7071	4.8462219262279514e-05
697	0.0001321292439836658
12470	4.71231081267001e-05
10069	3.385707088233529e-05
10463	5.3282423075158046e-05
1372	0.00034527905363814713
5118	7.147160655421664e-05
1386	0.00010795421215002738
13255	4.2134035454516256e-05
8663	6.170365012887217e-05
13256	3.385707088233529e-05
3439	3.385707088233529e-05
4628	0.00011143969223028201
10012	3.385707088233529e-05
7718	3.3860408807403596e-05
12580	5.8319274394985624e-05
10760	3.450331124463552e-05
5917	0.00017705775105214303
3965	0.00013221161566168767
198	0.00018472218972595243
11440	7.720887522685716e-05
1747	3.385707088233529e-05
10081	4.9131978781782384e-05
13257	8.05271564517554e-05
13258	4.969816133392604e-05
7977	4.9319500865046744e-05
5802	0.0002196038623322697
9131	0.00021792093020972647
4871	0.00010250152119380375
5942	3.385707088233529e-05
3526	3.385707088233529e-05
11810	6.236232786885951e-05
12114	5.6961637755638026e-05
4703	4.7197258007004354e-05
11861	4.656632248149976e-05
10229	4.820507114333189e-05
3437	3.385707088233529e-05
6630	5.331494544557816e-05
6362	6.255238136135926e-05
830	3.385707088233529e-05
13259	3.385707088233529e-05
13260	4.7232721176688955e-05
10846	3.385707088233529e-05
12298	5.259082311520449e-05
11557	3.544027296052045e-05
12734	8.875435276648566e-05
1513	0.00013950094396805263
2637	5.070778710192232e-05
1216	8.41913943603522e-05
5316	0.00010869256371191182
7072	9.969607421849454e-05
2965	4.5933491208902427e-05
6871	4.917035208540898e-05
10028	4.73618863863286e-05
4707	7.087311378500264e-05
189	3.385707088233529e-05
4942	3.385707088233529e-05
842	5.927866072489317e-05
8195	5.431276692527101e-05
7931	3.385707088233529e-05
3090	5.6432449575356805e-05
1314	7.068398096215325e-05
13261	5.2180832534651236e-05
348	4.4232730910986736e-05
4025	3.38671699537515e-05
6986	6.242963979714463e-05
553	6.639401446807178e-05
4018	7.348512070122018e-05
942	3.385707088233529e-05
7600	4.47740535319482e-05
2185	7.113885347119068e-05
1704	6.573003074374835e-05
4774	4.705776878371169e-05
7102	6.234824328714522e-05
3696	0.00024862569919135514
3959	3.385707088233529e-05
2368	3.385707088233529e-05
1741	7.087127943198239e-05
11146	8.529474063653421e-05
7301	5.544591632776215e-05
10898	3.385707088233529e-05
9091	9.247268285095386e-05
5405	5.286039353739716e-05
4720	4.236890861687309e-05
10390	8.394749002182257e-05
3227	5.112123626943918e-05
2567	4.813172438663019e-05
9176	0.0001165566252253734
12672	3.385707088233529e-05
3621	4.206075148053039e-05
1076	3.385707088233529e-05
10593	8.04800225116688e-05
10288	3.385707088233529e-05
13262	5.1599177388990614e-05
10943	3.385707088233529e-05
11901	4.4088747410934327e-05
3115	0.00016666065150472073
2876	6.989510629140955e-05
5453	0.000246072622208384
7190	0.0001003388866910029
9797	3.385707088233529e-05
7464	3.3860439630692335e-05
5023	6.107232863581744e-05
2798	3.385707088233529e-05
3009	4.1194876222333906e-05
253	3.385707088233529e-05
4761	5.36370493778836e-05
3807	6.786491325617056e-05
6519	0.000113089611155924
13263	7.282939671160822e-05
6462	5.144119095846231e-05
5780	0.00011057289150920286
2959	5.756969056759911e-05
645	8.017439635011394e-05
13264	3.385707088233529e-05
10927	4.258817051499034e-05
13265	4.7964178694031296e-05
12533	3.386717521416017e-05
9175	0.00015384933908527755
10135	7.583758423019357e-05
1189	3.385707088233529e-05
951	5.2350216140639714e-05
10744	3.385707088233529e-05
4603	0.00011982684873264778
2804	0.0003540564125413308
3705	6.816858939102293e-05
11412	3.4661668013715266e-05
3628	3.385707088233529e-05
6693	3.385707088233529e-05
1152	6.917117048115913e-05
13266	3.385707088233529e-05
2343	6.515985312061495e-05
7053	6.532225750520848e-05
11047	4.6758010694081866e-05
560	6.06035164939038e-05
12194	7.553066220898988e-05
10246	4.308523899901497e-05
13267	5.4255825804794136e-05
13268	3.386370205601825e-05
2041	6.191686635394671e-05
8876	0.00013556575055831698
3886	4.2755394001374285e-05
3343	4.1742698493107214e-05
8277	0.00017715566787156745
1157	4.682860126352671e-05
503	6.152056802174164e-05
13269	3.385707088233529e-05
8619	3.5763712940339424e-05
6128	8.416148941060229e-05
13270	4.715768334257978e-05
4274	0.0001853033341928932
13271	0.00012445184977103813
3746	4.060976318220729e-05
9385	3.385707088233529e-05
1890	4.850231024105835e-05
10766	4.7849147209508034e-05
2942	0.00014731479474524016
2856	4.3255850011222316e-05
1594	9.056985516277735e-05
3022	4.8684304130549056e-05
7590	3.386839308513481e-05
11551	0.00010131601151186402
3003	3.3874749301129446e-05
12392	8.056705054066129e-05
12185	3.385707088233529e-05
9493	5.659586447084268e-05
8219	5.5631988706452724e-05
7226	4.6064344502799536e-05
1563	3.385707088233529e-05
12307	4.553218501261014e-05
8886	4.787171956519537e-05
5085	4.416125836361281e-05
2342	5.2535122724383266e-05
4864	4.807764769697103e-05
13272	3.385707088233529e-05
13273	4.6972842210081945e-05
5069	3.385707088233529e-05
11843	4.056110511528885e-05
12714	4.4825972343866995e-05
4266	3.385707088233529e-05
7886	3.385707088233529e-05
1649	4.805498788013352e-05
8357	7.695008157536689e-05
269	3.385707088233529e-05
13274	6.441442021925617e-05
1041	4.518984029274732e-05
9941	4.77271863026571e-05
10922	3.385707088233529e-05
1299	3.385707088233529e-05
11246	0.0003045748935508407
1866	0.00010423933126911708
315	0.00011443910511013063
5393	4.222903720017233e-05
7793	4.6174329832554236e-05
7708	3.3861535905107075e-05
5819	5.965064633634127e-05
4639	3.385707088233529e-05
6365	4.715754212184901e-05
11875	4.8268936714739784e-05
194	4.909043848705619e-05
10	4.7796534801048527e-05
11519	7.471446692601783e-05
9600	6.768490367383627e-05
11168	3.385707088233529e-05
7652	0.00021870060633199547
8391	4.67192340740393e-05
1250	7.702565764080937e-05
10183	5.732664732594979e-05
6231	7.396663391124106e-05
7317	4.2081089551870604e-05
11527	0.0001451387919860607
12297	5.385971489018512e-05
2786	4.2300880345633724e-05
1232	4.512311412918452e-05
655	3.385707088233529e-05
803	4.940923952847328e-05
444	9.178224337217026e-05
9884	3.385707088233529e-05
11608	3.385707088233529e-05
3163	5.277852185578468e-05
201	6.194061851710274e-05
6096	3.385707088233529e-05
670	0.00012844527361374007
4122	3.38937464786136e-05
11618	5.1240969047267164e-05
13275	6.390678768341058e-05
1849	6.341485373926701e-05
7435	8.796197980258234e-05
10613	8.393609682099917e-05
5897	8.318838589856083e-05
4846	3.385707088233529e-05
7535	0.00010503968513937489
13276	5.8974770794636974e-05
5923	3.385707088233529e-05
104	4.8616717946636884e-05
11272	6.842293998407731e-05
2206	6.0895214214519514e-05
9798	3.385707088233529e-05
3503	0.00018316103748570014
1841	4.886633702689458e-05
10751	3.385707088233529e-05
12706	4.687121202903809e-05
7633	0.0001780806622152049
7673	4.986238630448991e-05
9527	0.00010902338145159961
8191	4.6931073755200625e-05
13277	5.038461445070659e-05
9117	3.385707088233529e-05
5250	3.9082724446145924e-05
4458	3.888152584009851e-05
10890	9.242560750266296e-05
2686	3.38924255224968e-05
4819	0.00010570962141764788
4178	9.049147152472172e-05
9763	4.110450433071565e-05
475	3.385707088233529e-05
975	0.00031604999300503887
3337	4.916094388132242e-05
5586	5.282257764680437e-05
2900	0.00014125406854399093
2994	3.635299353553904e-05
656	6.70955171308781e-05
10600	7.846641059692947e-05
4544	0.0001062722077632619
13278	3.385707088233529e-05
11049	3.812421238800393e-05
5433	7.483710028503793e-05
5275	3.385707088233529e-05
948	6.0593636759135946e-05
7523	5.506862444946624e-05
9692	3.385707088233529e-05
4699	0.00016047921519068186
1426	5.16440615225115e-05
6677	3.6695017190168255e-05
6918	3.385707088233529e-05
3204	0.0001045236105946151
1342	3.518296016370001e-05
1478	3.522452233456586e-05
10313	4.403941450875531e-05
1472	3.385707088233529e-05
9208	4.8533712398875274e-05
2657	8.9861858126523e-05
9530	9.769581744877317e-05
246	3.385707088233529e-05
5596	4.2367984419715194e-05
457	3.534477712234577e-05
6446	8.628800084776896e-05
10656	3.8700618821999427e-05
10911	3.385707088233529e-05
11944	4.1507048376321985e-05
3170	5.114024684686711e-05
8855	3.480182911430712e-05
477	4.375478629383499e-05
1322	6.741693458250617e-05
11382	4.6973686644059535e-05
3606	3.385707088233529e-05
4066	4.6090099454419595e-05
5271	4.2789339004882434e-05
10401	4.903602871213523e-05
10853	3.385707088233529e-05
7024	4.63209239012446e-05
8597	6.854350364778595e-05
13279	3.385707088233529e-05
9084	3.385707088233529e-05
4280	0.0001522702789821362
2146	5.20052663486366e-05
9580	6.518668473984859e-05
9934	0.00015037787053685816
4405	3.391239589208481e-05
4163	8.858692082527334e-05
13280	3.820179733982053e-05
13281	4.847063934200412e-05
11076	8.050688667959562e-05
400	7.565065359550372e-05
10473	5.420128210866287e-05
11461	4.665357413575268e-05
4488	0.00015137144295569328
5784	7.394904319505251e-05
8798	9.165896276298406e-05
6201	0.00011239159427797109
12212	3.385707088233529e-05
3497	3.388569161525786e-05
5181	4.2437949072237995e-05
9161	5.7576427585797816e-05
13282	3.7105373240739386e-05
13283	5.47686963125776e-05
13284	3.385707088233529e-05
13285	6.31497977276289e-05
10339	4.717550470098232e-05
2655	4.133630572447114e-05
6508	5.486959862050157e-05
8773	3.385707088233529e-05
2488	7.208907819836591e-05
107	0.00012205837246958864
8179	3.385707088233529e-05
6603	3.385707088233529e-05
9125	4.397147863060468e-05
11294	4.835349322332552e-05
6090	5.9601408187439376e-05
13286	3.398906778487165e-05
495	0.00013113930908931586
12386	6.742796197026716e-05
6843	5.890274312143369e-05
472	4.181433313966573e-05
4007	3.385707088233529e-05
11531	5.378500884986973e-05
8856	0.0001329729873358506
3559	8.856681343519436e-05
13287	3.385707088233529e-05
12240	0.00014605109712116773
8817	5.0622513722187705e-05
469	0.00011374975878534094
13288	4.240304900034308e-05
12523	5.4396083465080576e-05
13289	3.386043723947403e-05
13290	3.776794278915754e-05
6357	8.867512744800221e-05
10376	4.660417202851642e-05
3756	3.385707088233529e-05
10201	7.421786308656429e-05
3555	6.756262395029818e-05
3666	4.319195470409215e-05
9568	3.385707088233529e-05
4434	6.66699473909328e-05
7841	4.729617100030249e-05
3476	3.387883118337926e-05
8890	3.385707088233529e-05
11850	4.335918228564119e-05
5996	7.09492823854406e-05
1241	4.983387081763414e-05
11852	3.385707088233529e-05
5718	6.368519419810437e-05
7937	3.385707088233529e-05
13291	0.0001361168631148354
11854	3.385707088233529e-05
11134	3.413379109568946e-05
1176	5.16131523603304e-05
2438	0.00010807148112396481
13292	4.180632675665346e-05
2303	6.814965504176723e-05
10713	0.00010314505041946086
4137	9.752659004225623e-05
914	3.413018162726586e-05
5004	4.1899788407024256e-05
11191	3.385707088233529e-05
7032	3.3860408807403596e-05
9910	3.385707088233529e-05
4674	4.5104899407421445e-05
9695	4.4900443811697374e-05
5264	4.364776801728423e-05
3857	9.246955603039359e-05
12703	4.170193683724813e-05
9745	3.385707088233529e-05
3801	3.958840010298774e-05
4992	3.385707088233529e-05
1005	4.815080099151021e-05
10663	4.480534950041464e-05
9545	4.906940434120486e-05
13293	9.143761728733156e-05
3556	4.244094650795666e-05
9794	4.7613125853615716e-05
10794	3.812941921950787e-05
8122	3.385707088233529e-05
11842	7.593815432571887e-05
4962	4.9372717198424856e-05
5087	3.385707088233529e-05
6645	4.935611478077426e-05
7101	4.87844539358568e-05
5932	4.5574868120018316e-05
4641	0.00013762305867334046
3680	4.8608622524160116e-05
13294	3.385707088233529e-05
13295	4.1761277444089894e-05
12126	7.617885587373911e-05
593	3.385707088233529e-05
2252	0.0005877579479781004
3951	4.411424480005569e-05
6899	5.849444460429999e-05
1808	4.169389323956689e-05
12358	6.556987550238722e-05
11060	5.2293749455491653e-05
7206	0.00015385122346124995
1233	3.385707088233529e-05
3731	4.72681585701831e-05
968	8.138758524553613e-05
3262	0.00010789500344194273
9008	3.905596224755759e-05
9047	4.403657952314535e-05
7905	5.756969056759911e-05
8220	4.4833603929831447e-05
13296	3.385707088233529e-05
5157	8.625397559836986e-05
8546	3.385707088233529e-05
10239	8.131203323267735e-05
7958	9.616983788586284e-05
10630	6.553925178551679e-05
1264	3.385707088233529e-05
9547	3.385707088233529e-05
6112	6.304215690972229e-05
2209	6.683770299523526e-05
3333	3.5673712117466485e-05
10633	3.578127096988585e-05
11920	0.00018417139655954555
13297	3.418763132187242e-05
11988	4.730213426731215e-05
5171	3.386660841754517e-05
419	4.325839029899306e-05
11735	0.00020834204852385592
5868	7.489366372108947e-05
10026	7.076874951256038e-05
4539	0.00012627756145366847
11309	3.3879594579902395e-05
5407	3.385707088233529e-05
1510	7.322479973084665e-05
7421	3.510031218741772e-05
8891	3.385707088233529e-05
1780	3.385707088233529e-05
782	0.00024095585230178026
5645	5.763913480119741e-05
10430	7.254476190513165e-05
11097	9.995234168723227e-05
12398	5.2221149495691515e-05
7406	3.385707088233529e-05
10985	0.00013069191721232077
7293	0.00011573098092729636
8141	3.3882197540518e-05
10253	7.236466829098272e-05
13298	5.756969056759911e-05
11240	3.811303357445965e-05
676	5.21872547759578e-05
12215	7.271282909188808e-05
11828	0.0004897354987878184
6486	3.387679062526274e-05
13299	5.361373996906705e-05
6880	0.00011838756178389495
9611	0.00015162716531494914
10394	3.385707088233529e-05
4911	3.385707088233529e-05
7008	3.385707088233529e-05
7061	4.801730716775332e-05
12565	6.641899520446422e-05
979	4.4287516568595385e-05
6153	7.383501617500945e-05
3598	3.385707088233529e-05
7165	3.385707088233529e-05
5401	3.385707088233529e-05
8606	0.00010101168095285259
2721	5.595665767499531e-05
4825	4.609194980943211e-05
10797	4.398834870432244e-05
10848	0.00016345296598245206
12718	4.8479892115118765e-05
12626	0.00010978115314277251
9126	3.385707088233529e-05
11184	3.385707088233529e-05
7686	4.466133200193591e-05
4898	5.618225092084666e-05
12041	4.32247937902053e-05
4213	3.64057657400681e-05
3845	3.385707088233529e-05
3902	3.385707088233529e-05
3229	3.385707088233529e-05
3206	3.385707088233529e-05
11219	6.441593751423333e-05
6649	6.631903051509537e-05
7776	3.385707088233529e-05
9245	6.30606133132217e-05
7719	0.00022040289640510254
9268	6.73948326958238e-05
3976	3.386717712740643e-05
5267	4.145045792771269e-05
8353	0.00012784319788047415
5824	6.522518305546225e-05
5464	5.726685751047535e-05
6924	4.015888571128207e-05
7011	0.00011255622219253272
1311	0.0001262027329332622
8211	3.385707088233529e-05
13300	5.268919346055404e-05
4186	3.385707088233529e-05
12177	0.00011105738996204862
13301	3.391207526507419e-05
13302	5.308597376414888e-05
7864	4.286940123209483e-05
944	5.849575683453703e-05
4302	4.774753908997577e-05
7310	3.385707088233529e-05
9368	3.387483933658284e-05
10406	3.385707088233529e-05
3430	4.027193279977432e-05
4952	3.385707088233529e-05
13303	3.4104679759494404e-05
3087	3.385707088233529e-05
11807	0.00021177864535722152
10770	3.385707088233529e-05
179	5.989848235935465e-05
7217	5.00798295913143e-05
5741	3.385707088233529e-05
1324	3.999123753137188e-05
3704	7.916808236941727e-05
10581	3.385707088233529e-05
9217	3.385707088233529e-05
11178	6.553934107943889e-05
7157	3.385707088233529e-05
13304	3.385707088233529e-05
10541	5.5776637736927804e-05
6122	4.297752941991452e-05
6548	5.155339774811992e-05
7660	0.00012775115611368408
13305	0.00013789152486344607
3924	7.010861339152533e-05
3808	5.6829695927133555e-05
10411	4.325797035871258e-05
10571	4.02304003197755e-05
8879	0.00032309495652697146
6359	4.5023593329258506e-05
8349	6.467284206696944e-05
13306	6.523305815313731e-05
3349	3.387047371677978e-05
12072	3.385707088233529e-05
6295	4.8209578530088824e-05
12151	4.557273015654951e-05
91	7.099780376876197e-05
536	5.360744814316489e-05
4623	3.385707088233529e-05
6607	4.537490445065649e-05
8676	3.4922827816458816e-05
12596	3.385707088233529e-05
5821	6.695861064266223e-05
9273	3.782457311193899e-05
2166	5.7277215857945085e-05
5498	3.385707088233529e-05
13307	4.214133315054585e-05
3395	0.00015522169572393025
13308	6.77332618937571e-05
11661	3.385707088233529e-05
9154	4.1248218080658995e-05
13309	3.49849612309219e-05
5249	0.00010795220656095976
5096	3.385707088233529e-05
4296	4.193621135548078e-05
7526	3.385707088233529e-05
3189	3.385707088233529e-05
12481	3.385707088233529e-05
5599	3.385707088233529e-05
6796	3.385707088233529e-05
849	3.385707088233529e-05
817	4.036456264512918e-05
1390	5.0728508705498156e-05
8354	3.386043867379747e-05
876	4.465848328763423e-05
275	8.35407509044729e-05
13310	4.469182950042108e-05
11952	6.368214268363761e-05
3866	3.385707088233529e-05
12252	3.398190435056023e-05
12450	5.918159363414968e-05
11449	4.866368802702365e-05
8390	3.385707088233529e-05
875	3.385707088233529e-05
5945	3.385707088233529e-05
4945	5.0469231605795625e-05
2489	9.743225960118767e-05
10511	3.385707088233529e-05
10807	7.515334376978714e-05
13311	3.385707088233529e-05
613	7.576013889805792e-05
4279	3.447566892581888e-05
8763	3.900728589595779e-05
10379	5.473458108323455e-05
12604	4.852834305950915e-05
4366	5.0494665293631405e-05
3477	3.7095302108762746e-05
4783	5.546355572004876e-05
7009	0.0001446366842612354
5194	3.385707088233529e-05
13312	5.203684804452164e-05
8293	4.0235005274810465e-05
3228	6.430184216168566e-05
9984	0.0001012364410298097
5540	0.00010524043812310148
3597	4.862547390946381e-05
4537	5.6438980467735535e-05
13313	7.144475768217171e-05
2078	7.142705544521608e-05
11004	3.385707088233529e-05
4354	7.162506618273068e-05
13314	4.148001815311725e-05
13315	5.4856191277223205e-05
11750	6.902010173249176e-05
11564	3.385707088233529e-05
1932	3.385707088233529e-05
11772	4.518527662594634e-05
1446	5.570689833587248e-05
2984	4.404198572874733e-05
11077	3.385707088233529e-05
2811	5.059175804454634e-05
13316	5.4977342723539726e-05
4040	4.073891907861555e-05
5040	5.472655596888678e-05
4747	3.3881339510569855e-05
5711	5.771269354278549e-05
10418	0.00015025103032847824
4387	3.385707088233529e-05
8507	5.756969056759911e-05
9711	3.385707088233529e-05
11208	8.716041037322786e-05
12453	3.385707088233529e-05
4523	7.090731219523179e-05
9260	3.412202614184414e-05
3396	0.00010284774531810022
364	8.13260210265168e-05
4181	3.385707088233529e-05
1683	3.385707088233529e-05
12464	3.385707088233529e-05
1946	5.480913615434558e-05
10823	9.869752963499627e-05
6960	0.0001348275164728771
12759	3.385707088233529e-05
6655	3.385707088233529e-05
9093	0.0027564921225490652
6528	3.9818534108140654e-05
11138	4.497323206819568e-05
13317	3.385707088233529e-05
11327	3.385707088233529e-05
6006	3.4980324386435086e-05
2802	3.385707088233529e-05
2499	3.385707088233529e-05
7437	3.385707088233529e-05
9096	4.031656695486885e-05
4591	5.5655550332562434e-05
935	4.6701901983560866e-05
12758	3.385707088233529e-05
10808	3.385707088233529e-05
7125	4.571376930012671e-05
2142	3.612459537271866e-05
13318	3.385707088233529e-05
10937	0.0001366475818611523
3039	0.00010012896103750302
9626	4.850965070212023e-05
8197	3.385707088233529e-05
1032	3.385707088233529e-05
819	3.385707088233529e-05
571	0.00015509740215801363
185	5.510110476981322e-05
890	5.242581542806405e-05
3975	5.563126641979104e-05
3038	4.379896172231547e-05
5795	3.385707088233529e-05
9404	3.385707088233529e-05
13319	5.092369579533128e-05
5898	5.476262538996655e-05
13320	3.826597143753422e-05
8960	5.5518211815433214e-05
4035	0.00010386231300812075
7777	6.194659102510209e-05
9617	3.3862268815717037e-05
3909	3.385707088233529e-05
1854	8.228314932495297e-05
484	4.092066652401876e-05
343	6.461572836863638e-05
3293	3.385707088233529e-05
8983	7.179650299586832e-05
1942	3.385707088233529e-05
10974	3.385707088233529e-05
10448	0.00011235977652285794
12213	3.385707088233529e-05
13321	5.5679108347341644e-05
9295	0.00016884908237895332
4598	3.386376841649297e-05
3037	3.385707088233529e-05
2382	3.385707088233529e-05
5014	3.385707088233529e-05
11317	4.4840127893196316e-05
4021	4.687796214566577e-05
11383	3.385707088233529e-05
4435	3.3869244943247e-05
9111	4.46298276367027e-05
11484	6.55469255310514e-05
6919	3.385707088233529e-05
7280	5.280868686577258e-05
11176	7.256458968686559e-05
5820	0.00010162532179173035
855	4.644362237093332e-05
13322	3.385707088233529e-05
744	3.6753106186406366e-05
3320	3.385707088233529e-05
7741	3.385707088233529e-05
318	5.7352651430721624e-05
9050	3.385707088233529e-05
8667	3.385707088233529e-05
6287	3.385707088233529e-05
5279	8.587016602683405e-05
10639	3.385707088233529e-05
675	4.479799053863274e-05
9753	3.386492125775133e-05
7238	8.518729812321705e-05
12287	3.385707088233529e-05
10552	4.418993811118165e-05
3506	3.385707088233529e-05
6438	9.41334323173158e-05
11206	3.385707088233529e-05
8058	0.00018962689885559692
7573	3.385707088233529e-05
3587	4.366939676977321e-05
5120	0.00016754215932153626
5716	4.57133807249672e-05
2605	0.00010284038882155678
12349	7.477101803624454e-05
6584	4.559626350457747e-05
10569	0.00010658560391178566
5519	3.5160348332222945e-05
357	8.607476798700082e-05
7150	7.713518921203459e-05
11530	3.385707088233529e-05
4955	3.385707088233529e-05
9775	4.624756962609459e-05
13323	6.653824286365103e-05
3271	4.046147563202126e-05
1379	0.00011152739677097963
3818	3.385707088233529e-05
4850	3.68431978669536e-05
13324	3.385707088233529e-05
12510	5.7562955941161945e-05
892	3.385707088233529e-05
6829	6.296364646848943e-05
13325	5.2452885971563114e-05
8703	3.385707088233529e-05
7641	0.00013527189603087725
853	3.385707088233529e-05
5827	7.13355941822318e-05
8664	4.717113802418679e-05
8755	8.692258086953393e-05
13326	4.4863540889458305e-05
7281	3.385707088233529e-05
13327	3.385707088233529e-05
12508	6.166881290686692e-05
10308	5.756969056759911e-05
5839	7.417593084025896e-05
5698	0.00011443601279416932
1836	4.8423834077583314e-05
1420	0.0006066744625549967
537	3.385707088233529e-05
7358	4.739852478518862e-05
12385	5.359764720109695e-05
1012	7.790378955128335e-05
12507	0.00014747512890297864
5573	4.1769536105634826e-05
5569	0.0003128176304989778
11674	5.100376265317885e-05
4395	5.280293382887458e-05
1435	4.433904583959808e-05
3000	3.385707088233529e-05
10070	9.598891687067346e-05
3172	4.979910914289243e-05
5535	7.731885090840664e-05
12482	0.0003036053464822056
11123	3.385707088233529e-05
2997	3.387053726697008e-05
10349	3.385707088233529e-05
13328	7.265841022461962e-05
12439	8.632739332560115e-05
12239	3.385707088233529e-05
9729	0.00020857863770316318
2197	4.032894300541873e-05
322	3.385707088233529e-05
5737	3.385707088233529e-05
11902	5.832465597913328e-05
11348	4.7979679134319564e-05
4620	6.750497231123169e-05
574	4.531309117358682e-05
10907	5.7869992664893845e-05
13329	3.385707088233529e-05
6423	5.1069849641178446e-05
6020	4.353644747344282e-05
7986	3.385707088233529e-05
9877	6.808572811164142e-05
4500	3.385707088233529e-05
7374	5.233646349883848e-05
3195	0.00011046505443479326
2511	4.553458799564674e-05
9546	3.385707088233529e-05
8246	9.443241201567468e-05
6012	3.385707088233529e-05
4925	3.385707088233529e-05
11978	3.385707088233529e-05
11927	4.8694517971607864e-05
1715	3.385707088233529e-05
13330	5.298637760795918e-05
460	3.478267351632711e-05
11547	5.7546112299868455e-05
7680	9.700586531550519e-05
2687	4.6680061859263704e-05
5511	4.686526663315941e-05
828	3.385707088233529e-05
307	5.108709562898929e-05
3159	3.385707088233529e-05
7646	3.385707088233529e-05
11521	8.311918157581473e-05
2905	3.385707088233529e-05
2481	0.00013895657847620731
5219	3.385707088233529e-05
10348	3.696873128986257e-05
4268	6.511903780388394e-05
6868	6.456983019393704e-05
5487	3.385707088233529e-05
13331	7.424349320067264e-05
11463	4.900701833549728e-05
1685	3.385707088233529e-05
9419	3.385707088233529e-05
1456	5.172433956663731e-05
7319	5.800121382771853e-05
2028	6.18987994763831e-05
2477	3.385707088233529e-05
2823	8.18782119729628e-05
5924	3.386043867379747e-05
429	5.585430052409969e-05
11767	4.265717180572768e-05
2918	6.965309273833545e-05
8417	4.7218879439131714e-05
11782	3.385707088233529e-05
2519	5.0415008957861556e-05
6297	6.196989098965557e-05
9883	0.00026225172822982363
5028	0.00010383970948445885
11690	4.6730105785222306e-05
3552	3.385707088233529e-05
3791	3.385707088233529e-05
5948	5.756632181924206e-05
1629	0.00012123745566773182
13332	0.0008284477689864764
13333	3.408179863829459e-05
3326	8.145097471674933e-05
8155	0.00015939109468383485
12457	3.385707088233529e-05
10063	0.00010050945377934335
3089	4.3920919042129725e-05
3585	5.6684525290827825e-05
10524	3.385707088233529e-05
13334	3.388233314588114e-05
12647	3.699143947853649e-05
5161	3.387322967031785e-05
13335	3.385707088233529e-05
9993	0.00010194645389554157
3814	4.1420875318015986e-05
445	5.815868609743915e-05
2953	0.00010204405616227972
9395	3.385707088233529e-05
4821	0.00012562633447223552
531	3.385707088233529e-05
1651	0.00018672068921381558
13336	4.289336489682703e-05
8376	4.9643603083196296e-05
7858	4.093689690542096e-05
3960	4.57654309552552e-05
13337	4.308419374847334e-05
6621	6.221286707473977e-05
2879	0.00020796870227611088
11315	4.1482896080649095e-05
9856	6.728036818886166e-05
2691	3.385707088233529e-05
8106	5.214961680018328e-05
12258	0.0001718150115284326
3944	3.385707088233529e-05
25	8.189159988053478e-05
8761	4.1784920524385116e-05
12327	8.003376197516388e-05
12070	4.603867489301727e-05
6676	4.5753690193275424e-05
10632	4.641552103211823e-05
13338	0.00011201681514785733
12511	0.00011202724311977975
6878	4.164506607263661e-05
11124	5.338677138007796e-05
13339	4.859177014210954e-05
13340	4.841596342544529e-05
9497	3.385707088233529e-05
8700	3.385707088233529e-05
9467	3.667853222048364e-05
7571	6.339819781442839e-05
10477	9.127250691302646e-05
3448	4.4265710740863404e-05
13341	3.385707088233529e-05
8148	5.280702326707091e-05
8210	5.4206074884983464e-05
11891	4.787171956519537e-05
5610	4.12313209730022e-05
13342	3.385707088233529e-05
9641	3.385707088233529e-05
13343	0.00011840184063625266
8969	3.385707088233529e-05
245	4.897489875687461e-05
13344	0.00012718563127862343
10661	0.00013372254092698397
1915	7.856011133968951e-05
708	3.386717712740643e-05
11342	0.00015440697301989976
13345	4.211553333674117e-05
192	3.385707088233529e-05
9293	4.0261684291228166e-05
7457	3.3932702252253405e-05
13346	4.890208591521304e-05
705	4.144777223532877e-05
3054	3.385707088233529e-05
10490	4.431978529206897e-05
7429	3.385707088233529e-05
7851	4.875834441014131e-05
6408	4.4031815738228545e-05
11287	4.39604532581218e-05
248	5.4827346230766776e-05
5723	0.00010843807370279927
9483	4.875529211062657e-05
8144	4.4925174046434255e-05
10200	3.385707088233529e-05
11162	3.385707088233529e-05
7547	7.404505725961534e-05
8612	5.654016007644599e-05
6189	3.385707088233529e-05
3812	7.434769608839669e-05
4176	4.7698982140064985e-05
8584	5.0746799471312196e-05
12730	3.7577001171106895e-05
4102	3.385707088233529e-05
11445	4.9748206284903214e-05
10437	3.385707088233529e-05
183	5.2316315120447184e-05
6949	3.385707088233529e-05
11163	4.8175218850878004e-05
9372	4.786121910737238e-05
5139	7.903488278136478e-05
2374	4.5083753634630317e-05
10895	3.386378596454874e-05
13347	3.385707088233529e-05
13348	5.2633278520611924e-05
11797	7.333414732570446e-05
13349	3.385707088233529e-05
2627	0.0002119781639180107
13350	0.00017081125549490902
5159	4.226140247214e-05
13351	3.386380646525966e-05
13352	7.182432490677612e-05
9046	3.385707088233529e-05
12290	7.808563475101971e-05
8653	4.5219039547281325e-05
4095	3.7206428158381575e-05
4082	4.2901193091838927e-05
10540	6.999683669845241e-05
2808	6.253876064646846e-05
4625	7.745011784249692e-05
1577	3.386373547524096e-05
5869	7.189993941025667e-05
9788	5.3391295802550874e-05
8186	3.385707088233529e-05
12544	3.385707088233529e-05
8852	3.385707088233529e-05
11193	3.385707088233529e-05
3207	7.193190023573746e-05
3789	3.385707088233529e-05
10508	7.707179776166674e-05
6746	5.755789994834944e-05
99	4.7613125853615716e-05
12671	3.385707088233529e-05
11790	3.385707088233529e-05
2222	3.385707088233529e-05
911	0.0001221102266232786
8411	3.385707088233529e-05
832	4.558776829902939e-05
10948	0.0001088395083690415
9393	7.080089095954223e-05
9045	6.593802771508978e-05
8284	3.477327042249346e-05
13353	3.385707088233529e-05
11095	3.385707088233529e-05
8414	3.4214856382467105e-05
4378	8.298527036604427e-05
11367	4.3975777591504083e-05
6146	3.385707088233529e-05
8539	3.385707088233529e-05
1268	4.8018855477143355e-05
10855	6.155526676163148e-05
6850	3.824224805473946e-05
1643	3.385707088233529e-05
8379	6.185621654391266e-05
1031	3.385707088233529e-05
9765	6.247808738935825e-05
11093	4.293003555066604e-05
12093	4.36791830441599e-05
1361	3.399375750396831e-05
4733	3.385707088233529e-05
2390	3.385707088233529e-05
3214	3.385707088233529e-05
303	3.385707088233529e-05
13354	3.385707088233529e-05
13355	3.3860439630692335e-05
12027	4.080992016715897e-05
6794	7.617084831964975e-05
5867	7.071061975998635e-05
2873	3.385707088233529e-05
851	4.923962368197858e-05
3511	3.385707088233529e-05
5671	6.181851959664998e-05
6686	3.385707088233529e-05
8228	8.758841526037337e-05
11839	3.3863806465803125e-05
4473	3.385707088233529e-05
10779	4.6755323500608065e-05
7616	3.385707088233529e-05
12190	3.385707088233529e-05
12031	5.8533995601193085e-05
1428	8.172863994552326e-05
678	4.4467855171675545e-05
7218	3.385707088233529e-05
1879	3.385707088233529e-05
11742	3.385707088233529e-05
13356	3.385707088233529e-05
9966	4.740629257136831e-05
7360	3.385707088233529e-05
11605	3.385707088233529e-05
3520	5.904663927126143e-05
12359	4.449616394947851e-05
10982	0.0001636139993695929
1791	5.80234021836188e-05
10971	3.385707088233529e-05
3523	3.387613669210071e-05
10977	3.385707088233529e-05
13357	7.984938331913089e-05
13358	3.38668065440057e-05
8581	0.00013698954944046002
1120	3.385707088233529e-05
11144	3.3861762429461775e-05
12015	3.3945202290838e-05
2893	3.386043915217695e-05
4294	5.80449512411621e-05
7328	4.145247671484728e-05
10452	4.394092558495387e-05
11780	4.2101982996538405e-05
1676	6.828517670131131e-05
5538	3.386043915217695e-05
8757	3.385707088233529e-05
13359	4.9599783523201436e-05
5217	3.385707088233529e-05
7640	7.517963933448174e-05
10017	0.00011805136041785048
3858	5.7609020558348464e-05
11579	3.385707088233529e-05
5477	9.98305827533396e-05
9644	5.014433780715127e-05
13360	4.908982592705219e-05
13361	4.9194980716927946e-05
6172	3.387641884214815e-05
6126	5.75931723199498e-05
11005	5.46647154341395e-05
13362	3.385707088233529e-05
11707	3.385707088233529e-05
2491	4.245856893213162e-05
4092	3.385707088233529e-05
6572	5.7530949961493054e-05
11043	7.064325499288482e-05
1410	3.385707088233529e-05
5438	3.38986472837622e-05
6509	5.030844712542454e-05
11992	3.385707088233529e-05
9062	4.226342201775744e-05
8281	3.385707088233529e-05
2219	6.684695604667599e-05
13363	4.832675699890548e-05
2522	3.385707088233529e-05
13364	3.386212256952857e-05
12175	3.385707088233529e-05
11711	7.136377687105157e-05
4693	3.385707088233529e-05
5002	0.00014730786085765513
13365	3.385707088233529e-05
5294	0.000313155774465453
6110	3.385707088233529e-05
690	3.385707088233529e-05
13366	8.205439147417266e-05
3961	5.23512650662746e-05
13367	4.426776381212115e-05
9143	3.385707088233529e-05
8726	5.114390127122693e-05
11433	3.385707088233529e-05
13368	7.426097335393758e-05
7589	0.00011862162141238657
4428	3.385707088233529e-05
3778	4.3867328110323937e-05
5109	3.849469119487405e-05
8828	3.385707088233529e-05
4551	7.17496902694623e-05
11867	4.244739461361255e-05
5432	4.7399417542999224e-05
869	4.091229410098451e-05
2248	3.5993128168733804e-05
6712	6.676971142414895e-05
8201	8.064391155985251e-05
5852	3.385707088233529e-05
314	9.998650569129457e-05
11068	3.385707088233529e-05
9441	4.892881578792498e-05
7771	3.385707088233529e-05
824	3.588602455921233e-05
13369	7.494692113921225e-05
5584	4.515820241250548e-05
3040	9.328367037324516e-05
792	0.0001109435120141689
5136	5.928468372242404e-05
4451	3.385707088233529e-05
282	3.386043915217695e-05
10647	3.385707088233529e-05
7533	3.385707088233529e-05
8150	8.191341323956441e-05
9592	7.141144438896521e-05
11221	0.00010548125541431435
5283	3.385707088233529e-05
8541	8.199323307772459e-05
8243	3.385707088233529e-05
12083	5.756969056759911e-05
12004	3.385707088233529e-05
10997	6.547389712935372e-05
3572	3.385707088233529e-05
12467	5.333652751539201e-05
1228	4.7634151650515684e-05
7178	4.640868865448529e-05
13370	0.00011542406334894856
5054	5.042510910258816e-05
11255	3.4267306246610945e-05
5391	0.0001858373616850856
10926	4.341746323197526e-05
6351	0.00010363180711371917
12110	6.078828448856247e-05
8259	3.385707088233529e-05
4724	3.387390000005056e-05
12642	8.461007559222148e-05
2442	6.374634092078593e-05
10790	0.0002877808918718402
11024	6.640550724657767e-05
11081	4.406974745656492e-05
10300	6.309644878053578e-05
7920	6.322143906874653e-05
3259	4.53484973541328e-05
3691	4.2263736953169975e-05
2176	4.8183383710576526e-05
11941	3.385707088233529e-05
13371	3.385707088233529e-05
9857	3.423238364590769e-05
11781	3.385707088233529e-05
4256	6.133455321200881e-05
10002	3.385707088233529e-05
3991	0.00012570874376189337
2544	4.888759399807736e-05
11259	9.992469814196545e-05
11715	3.3860430562086673e-05
12700	5.338015600664048e-05
1253	3.385707088233529e-05
8544	5.348748330747889e-05
9790	4.409244525792915e-05
10427	3.386156254681135e-05
12721	3.385707088233529e-05
9357	4.321364943764357e-05
13372	4.492354145313011e-05
5828	3.385707088233529e-05
4522	4.0970856787914436e-05
6701	4.820431676586618e-05
4610	5.6454064706869324e-05
663	0.00010406169294860941
12047	3.385707088233529e-05
7273	8.653849392294354e-05
9912	3.385707088233529e-05
12278	3.385707088233529e-05
2782	5.700543332283901e-05
6729	4.9082197954394666e-05
5063	6.823203499416277e-05
6226	0.00012416539497105342
2538	3.387583731960608e-05
7620	4.993865529683172e-05
12432	5.123395104154959e-05
1101	3.858712755537794e-05
9209	9.853924166511996e-05
2722	3.8421844941319206e-05
992	3.9732147307206294e-05
9853	4.126247905293891e-05
4005	3.542591462715003e-05
10458	4.367887435507647e-05
2554	3.385707088233529e-05
7494	3.781254052035133e-05
3661	4.513307991512976e-05
2934	3.385707088233529e-05
8537	3.385707088233529e-05
13373	4.460121543672379e-05
13374	3.385707088233529e-05
13375	6.25227607912425e-05
5891	3.4457164927831604e-05
991	3.458534981799611e-05
10041	3.385707088233529e-05
11614	3.386379835138287e-05
10272	4.265302322383264e-05
10634	4.39604532581218e-05
3776	3.385707088233529e-05
6319	3.385707088233529e-05
13376	5.184578336533183e-05
5934	6.971122214331889e-05
2619	4.036427573439054e-05
2102	9.34486606570588e-05
13377	3.385707088233529e-05
8461	3.385707088233529e-05
11099	3.385707088233529e-05
1289	7.184178239346666e-05
8687	0.0001891622129921982
8620	5.180076992192755e-05
13378	0.00011992292918015104
10522	3.555278208777509e-05
10244	3.385707088233529e-05
12569	5.450482728501121e-05
9505	3.385707088233529e-05
2054	6.31497977276289e-05
11425	4.7946666398808536e-05
11553	3.457851521182662e-05
6667	3.385707088233529e-05
13379	6.0879085330238234e-05
12602	5.6759168513448004e-05
6032	5.588012666971118e-05
12220	4.799240569599762e-05
6757	3.385707088233529e-05
11056	4.1896156885634285e-05
7202	0.00016437977801049227
8899	0.0006850376448786754
10951	3.385707088233529e-05
8525	5.005045283070166e-05
12615	3.385707088233529e-05
11251	0.00011930904943786673
12048	3.385707088233529e-05
13380	4.125157541857828e-05
2011	4.512737295757459e-05
1048	3.463549860495045e-05
4618	6.68624138944514e-05
6113	5.1550936518296675e-05
3112	3.3935552169038296e-05
4740	0.00042143766277675544
11826	8.659770032996691e-05
11650	3.385707088233529e-05
11685	4.7590954837309314e-05
9980	3.385707088233529e-05
10386	5.758315886425784e-05
2300	5.3666237450896955e-05
3411	4.541709603527903e-05
956	3.385707088233529e-05
1490	0.00010314614050863267
5743	3.385707088233529e-05
3275	5.106228906547442e-05
3573	5.141519195919035e-05
12040	3.385707088233529e-05
13381	4.2401838743052384e-05
13382	7.148299009077994e-05
3379	8.395992811283458e-05
355	5.7456280614546546e-05
3149	3.385707088233529e-05
12380	3.480864591055121e-05
9778	4.2669060295305025e-05
11949	4.39604532581218e-05
6187	3.385707088233529e-05
7784	5.3725232015617525e-05
1484	8.765946067036902e-05
8686	8.336362693769828e-05
6717	4.3959177095133836e-05
12613	3.386463337621081e-05
12014	4.281175528555132e-05
10176	5.1554154776639796e-05
480	3.386729802798443e-05
9851	0.00010648264475160549
5396	3.385707088233529e-05
11229	3.386212185216316e-05
2295	5.356223072845407e-05
5697	3.385707088233529e-05
7989	3.385707088233529e-05
10678	5.086539304620294e-05
13383	0.00014681216833538653
10425	3.813326259128199e-05
12165	3.38849545065267e-05
1332	5.350364528239115e-05
376	7.05587725467238e-05
9647	3.385707088233529e-05
6101	3.385707088233529e-05
6208	3.813441000167447e-05
13384	3.385707088233529e-05
11406	4.059677522518318e-05
6264	3.3860408807403596e-05
11057	4.3017593328717224e-05
11172	3.385707088233529e-05
4580	7.595785499763777e-05
4645	3.8330740566879e-05
2969	8.246763924835813e-05
13385	4.94372831252509e-05
1488	3.385707088233529e-05
9453	3.385707088233529e-05
9583	3.658728015218169e-05
4959	0.00021059731090728186
5298	3.385707088233529e-05
2621	5.261671189075164e-05
3344	5.269063617163101e-05
10998	3.385707088233529e-05
1749	3.385707088233529e-05
6167	0.000142193950593182
3432	5.146032094752959e-05
11465	4.810063790663862e-05
5926	4.4628661377163546e-05
7645	0.000515069061521723
13386	3.385707088233529e-05
12399	3.390169645130555e-05
5456	8.085840061604269e-05
7050	5.1520830391600955e-05
3078	5.924152781828342e-05
11546	3.385707088233529e-05
13387	4.3406050884139496e-05
2996	3.385707088233529e-05
6650	7.207549453330491e-05
10721	4.52314894865063e-05
13388	3.385707088233529e-05
3197	6.447674779014668e-05
9343	3.385707088233529e-05
2668	6.229305428602048e-05
7287	3.385707088233529e-05
11426	3.385707088233529e-05
573	3.385707088233529e-05
11037	6.607687846993424e-05
13389	3.385707088233529e-05
7427	3.38933310293523e-05
10281	3.386380694363913e-05
13390	3.386565177164578e-05
2029	4.2508030038705864e-05
8974	0.00012743053694845832
9663	3.385707088233529e-05
679	3.385707088233529e-05
12320	7.446785956694108e-05
4613	5.756969056759911e-05
6037	3.385707088233529e-05
11157	8.572563076986e-05
7380	3.385707088233529e-05
6224	5.6997917881373606e-05
9922	3.385707088233529e-05
10459	3.385707088233529e-05
3139	3.600663837126291e-05
4411	3.385707088233529e-05
4642	3.385707088233529e-05
13391	3.385707088233529e-05
9291	8.484329470154621e-05
3500	8.255825026804501e-05
5866	4.776350056971568e-05
1711	4.2896990451628364e-05
7371	4.557911879177424e-05
5080	3.385707088233529e-05
2524	5.428937268468656e-05
6976	3.385707088233529e-05
9427	4.125758575982973e-05
5379	5.675409281935281e-05
1852	3.385707088233529e-05
7803	3.385707088233529e-05
11759	3.385707088233529e-05
1834	6.494059367620025e-05
4816	5.023330844354898e-05
13392	4.8427215730700735e-05
11691	5.300170937557396e-05
8257	3.385707088233529e-05
1998	9.197620707925477e-05
10174	4.870452010031225e-05
13393	3.715482297978842e-05
4215	4.701933830189861e-05
3910	3.385707088233529e-05
13394	0.00013317465459204925
13395	3.385707088233529e-05
1958	3.385707088233529e-05
9920	4.541339315151798e-05
11242	7.154038006112364e-05
13396	4.950801616784181e-05
13397	3.3863731241641184e-05
865	3.385707088233529e-05
7306	5.0320564897290816e-05
13398	5.9385654495867484e-05
7817	3.385707088233529e-05
6697	3.385707088233529e-05
7811	4.261490973843718e-05
7145	3.385707088233529e-05
4223	6.776465741406838e-05
3827	3.385707088233529e-05
2304	5.435065725487148e-05
11330	3.385707088233529e-05
8334	3.385707088233529e-05
10131	3.385707088233529e-05
2106	8.061076551037246e-05
7724	0.00012305582905307598
13399	3.385707088233529e-05
8368	3.385707088233529e-05
3837	4.9517628099202545e-05
7074	5.328119669948338e-05
84	5.197267386724664e-05
12636	6.92029049437588e-05
7312	4.623590576135307e-05
1566	4.235877502956211e-05
7898	5.475845682973814e-05
3475	4.573995274648904e-05
124	4.942607711099781e-05
7458	3.3860418703835395e-05
6966	0.00031630213413027917
5253	3.416302843407517e-05
13400	3.385707088233529e-05
9351	7.138642580836078e-05
8037	4.261377851617686e-05
8874	4.554651789442095e-05
11586	3.3861276440593886e-05
3796	3.385707088233529e-05
90	4.3862158478015136e-05
4889	3.385707088233529e-05
10005	5.167805781529177e-05
6068	0.00013553531331432915
11450	4.851097753681732e-05
10098	3.385707088233529e-05
8088	3.385707088233529e-05
6648	7.475716065621927e-05
4078	3.821817598359981e-05
13401	3.385707088233529e-05
11462	3.974299201297219e-05
4999	3.385707088233529e-05
7468	3.385707088233529e-05
8096	4.720838744279208e-05
7481	6.303903752073422e-05
5937	4.7480579453421754e-05
2719	3.385707088233529e-05
13402	3.7531867122835344e-05
11607	4.17834894746922e-05
3759	4.9686492336063626e-05
258	3.386379691476092e-05
5017	5.107549092146218e-05
2405	3.387728050138523e-05
1479	3.385707088233529e-05
6142	5.24157345228918e-05
4637	6.134881567402223e-05
12656	3.869247449249791e-05
9773	4.592661411476264e-05
4530	5.7493148869458346e-05
6222	3.385707088233529e-05
10014	3.385707088233529e-05
11241	6.156813012003903e-05
6551	5.180740807917966e-05
13403	3.92588697299944e-05
3387	4.7149649937449554e-05
12448	3.385707088233529e-05
9533	3.3863795005314236e-05
7670	5.758315599615406e-05
12605	3.385707088233529e-05
2792	0.00032771438207236875
9019	4.351450644077365e-05
11177	3.385707088233529e-05
12521	5.28399657524693e-05
2850	8.646671022130326e-05
3042	3.385707088233529e-05
2612	3.385707088233529e-05
8602	8.762978763668845e-05
7105	8.397754434897577e-05
13404	5.179442004955018e-05
1838	3.385707088233529e-05
1095	0.00037389569326860296
11876	4.39604532581218e-05
13405	3.385707088233529e-05
7111	4.367766158318035e-05
62	3.385707088233529e-05
3184	7.64249484462235e-05
11748	3.385707088233529e-05
13406	3.385707088233529e-05
9913	3.387000972503721e-05
6695	6.709658518617375e-05
3282	6.487756763509992e-05
2672	6.481469079340835e-05
2971	3.385707088233529e-05
10924	3.403330971297087e-05
13407	3.385707088233529e-05
11104	5.777670873832986e-05
12738	6.757413114254845e-05
24	4.669690617421238e-05
561	4.517504902890217e-05
8713	3.385707088233529e-05
529	5.368587757979387e-05
7833	8.276104351530304e-05
864	5.606194556750838e-05
13408	4.8788571851760966e-05
3668	4.7613125853615716e-05
9345	4.886493848877557e-05
11356	6.666649875046899e-05
8832	4.28050841525141e-05
10337	4.430518897920245e-05
379	6.902373012415515e-05
6048	3.587602777128967e-05
10486	5.204521759985558e-05
10653	4.1478585934900234e-05
7375	6.781429800065766e-05
9294	3.3864003168387854e-05
1302	5.612116909555408e-05
9225	4.745585200751318e-05
13409	4.5711696350788674e-05
6996	9.442069355153679e-05
4854	7.032261917635244e-05
11794	3.731156831005905e-05
7265	6.925541200680103e-05
5260	7.609296582858803e-05
3685	5.033425723849015e-05
11448	3.385707088233529e-05
11746	3.385707088233529e-05
11299	4.215648777217763e-05
6863	3.385707088233529e-05
9574	3.385707088233529e-05
11667	4.4733332151914405e-05
8907	3.385707088233529e-05
6921	3.385707088233529e-05
13410	4.482359045340782e-05
9863	3.422403273324685e-05
6938	4.7329478751945836e-05
13411	4.3895125599726704e-05
13412	5.738439116840156e-05
5854	0.00011392177825636243
13413	4.396726829465757e-05
12135	4.396981640636151e-05
6523	4.4751708184194886e-05
667	4.761138831983129e-05
9657	7.088801045730442e-05
3225	3.385707088233529e-05
9383	7.068966835801501e-05
6026	4.17418090682871e-05
8290	7.507865000187124e-05
11617	4.984795558984472e-05
12622	3.385707088233529e-05
10932	5.67915524060405e-05
9642	3.385707088233529e-05
2339	0.0001645644503254993
5534	3.385707088233529e-05
1592	3.405689286091472e-05
8791	3.385707088233529e-05
3921	3.385707088233529e-05
12632	3.385707088233529e-05
8336	3.385707088233529e-05
12683	8.246927774744557e-05
4714	5.064268854623091e-05
13414	4.624481999069973e-05
1363	3.500928649816493e-05
3981	3.385707088233529e-05
10107	6.758530068317932e-05
3609	4.8266179727227135e-05
10597	3.385707088233529e-05
10724	8.197731081834821e-05
10559	4.862044172787336e-05
1634	3.385707088233529e-05
5435	4.7695696892597527e-05
13415	5.756969056759911e-05
5146	3.385707088233529e-05
3805	0.0001007257943922406
11969	4.894553730589887e-05
76	3.385707088233529e-05
13416	3.956167457095223e-05
5528	3.385707088233529e-05
255	3.386043915217695e-05
3286	3.385707088233529e-05
333	3.385707088233529e-05
9590	6.268698044922588e-05
4746	3.385707088233529e-05
11479	3.385707088233529e-05
13417	4.666044730787911e-05
2443	6.1566063017249e-05
9011	3.385707088233529e-05
12144	6.870960209075128e-05
10957	8.212676793167445e-05
12428	4.39604532581218e-05
7449	3.385707088233529e-05
4570	5.33878159312584e-05
12340	3.385707088233529e-05
9192	3.385707088233529e-05
9606	7.624586631767175e-05
12623	3.3863808379049386e-05
13418	3.385707088233529e-05
22	3.385707088233529e-05
8227	0.0002384484290463736
2586	4.8814407224358364e-05
7682	3.385707088233529e-05
6491	3.3865379874620314e-05
13419	0.00020338556269268562
4715	3.386432961964122e-05
13420	3.3863786495297584e-05
7002	3.386378168456686e-05
13421	3.385707088233529e-05
5383	3.39090421666691e-05
4107	3.385707088233529e-05
13422	4.347515651875598e-05
11998	4.0797952652635023e-05
11033	3.385707088233529e-05
10881	3.385707088233529e-05
4695	3.385707088233529e-05
6826	3.385707088233529e-05
4200	8.692628682412129e-05
8693	3.385707088233529e-05
13423	3.529751201280162e-05
10175	3.385707088233529e-05
11469	4.985641752518318e-05
6595	3.385707088233529e-05
3362	7.03381605174509e-05
13424	4.547487386198002e-05
12499	3.385707088233529e-05
11473	0.00010475127206420389
4052	3.385707088233529e-05
13425	5.7321958326519664e-05
3473	3.385707088233529e-05
8766	4.176800872526514e-05
9266	4.6329940697763266e-05
1094	3.447982616568614e-05
1040	7.175658723176146e-05
11529	4.2781045042186475e-05
3649	5.718223728993848e-05
13426	5.48144177914614e-05
10578	3.385707088233529e-05
3793	5.0061254470125094e-05
4001	5.535741685670449e-05
622	3.385707088233529e-05
8098	5.751915934224338e-05
12675	3.385707088233529e-05
132	5.1848442644855295e-05
2750	0.00014439689746156248
11603	3.385707088233529e-05
215	4.128497108869506e-05
1087	4.525805240299719e-05
7890	3.385707088233529e-05
7869	4.9898791741545564e-05
7513	3.38651763068861e-05
8724	3.385707088233529e-05
8785	0.0001840868515540962
5387	4.561863943267853e-05
5317	3.385707088233529e-05
9822	3.385707088233529e-05
5503	5.240467576415972e-05
4975	3.385707088233529e-05
11718	3.385707088233529e-05
4587	3.385707088233529e-05
8199	3.385707088233529e-05
10970	0.00013396100240678616
10577	5.3696742428341185e-05
7713	3.386717425672185e-05
1832	6.295325855284944e-05
9755	6.966069328306276e-05
12660	3.4050366675718666e-05
13427	3.385707088233529e-05
12378	0.0002197953944765885
12403	3.385707088233529e-05
5348	5.758383825589809e-05
7035	4.3652875592771554e-05
12529	3.385707088233529e-05
7505	3.385707088233529e-05
5062	3.4840486697551705e-05
13428	4.984795558984472e-05
12118	3.3864468466468525e-05
5414	3.385707088233529e-05
9585	3.385707088233529e-05
7133	5.4411672435865295e-05
11130	4.775493946187414e-05
4941	7.269764937815245e-05
3108	5.5909497360849496e-05
13429	3.387119472795372e-05
8251	5.640161476237392e-05
9893	3.385707088233529e-05
550	3.385707088233529e-05
13430	4.1966774007456324e-05
1277	5.7448286961816976e-05
848	3.432846848350568e-05
3771	3.385707088233529e-05
7484	4.62724473004742e-05
13431	3.3860439630692335e-05
3787	3.385707088233529e-05
1979	6.462196500373231e-05
6410	4.7569155090545215e-05
630	7.588346906363019e-05
1895	5.046373748153157e-05
13432	5.0041039340218275e-05
3104	4.426095302865223e-05
10643	3.385707088233529e-05
21	6.533052301830366e-05
3528	3.385707088233529e-05
8697	6.401437076408956e-05
11468	3.385707088233529e-05
5459	4.2912936239215466e-05
11628	4.681126612665424e-05
5397	0.00010385581532645525
6541	3.385707088233529e-05
8014	3.385707088233529e-05
3378	8.823095711881805e-05
10113	4.4060347283203905e-05
6705	3.385707088233529e-05
13433	3.803082435550631e-05
13434	6.822809602372404e-05
13435	7.507655042940408e-05
370	0.0004379513142304447
6745	0.00023240849803696947
2425	3.494211722962167e-05
13436	8.339166084256168e-05
8707	4.8153664368746294e-05
7143	3.385707088233529e-05
4210	5.65840654522262e-05
12421	3.385707088233529e-05
6545	7.280807215004825e-05
10227	5.8750676674116634e-05
11802	4.208604141017045e-05
5755	3.385707088233529e-05
9739	8.507620484894794e-05
4885	4.651420266297772e-05
5222	4.361737677358344e-05
6714	5.6306679625649106e-05
8511	4.94803800894815e-05
10758	3.624111170636168e-05
5137	3.385707088233529e-05
13437	4.574342406652025e-05
4298	3.385707088233529e-05
11817	3.392710527447235e-05
8121	5.4083920418138804e-05
332	8.551290687868378e-05
3767	9.355804603828695e-05
724	3.385707088233529e-05
9561	3.385707088233529e-05
8300	3.385707088233529e-05
1395	3.4605935259714636e-05
13438	3.385707088233529e-05
2812	6.48200776403314e-05
12285	7.429503273092555e-05
6668	3.389785846708835e-05
12434	3.385707088233529e-05
9500	3.385707088233529e-05
11840	4.414794872411045e-05
10877	9.707864076664957e-05
12389	3.385707088233529e-05
8500	3.385707088233529e-05
12242	3.385707088233529e-05
10592	3.3860439630692335e-05
10900	3.385707088233529e-05
8732	5.655310663257286e-05
13439	3.385707088233529e-05
8476	3.385707088233529e-05
1816	5.825880334336366e-05
10195	3.9761424040269546e-05
10204	6.496682993359064e-05
11659	3.385707088233529e-05
2937	3.385707088233529e-05
199	3.386043867379747e-05
751	4.648205324253833e-05
11926	7.47875765393128e-05
8595	7.257961480406298e-05
2872	4.1843925172278366e-05
10357	0.00010220114675930887
10723	4.1125638216264786e-05
4109	5.907842233319013e-05
7548	3.385707088233529e-05
8297	5.149868452586128e-05
6636	3.866776299534552e-05
1698	3.385707088233529e-05
6038	4.526280433102999e-05
6748	4.1554447911513966e-05
11390	3.385707088233529e-05
1589	3.434013804332914e-05
5903	4.523674693955467e-05
5182	0.0003614179636184855
4779	3.385707088233529e-05
10962	4.6444190556370994e-05
964	4.470478111451206e-05
1394	4.778175350310641e-05
2892	4.768559175217554e-05
12166	3.385707088233529e-05
9506	3.385707088233529e-05
5473	4.855159522126478e-05
5545	3.385707088233529e-05
4452	3.542364055449552e-05
10416	3.3860426758316786e-05
4907	3.385707088233529e-05
6800	0.000143772062951948
13440	3.385707088233529e-05
6763	7.572937548686592e-05
12441	3.655181708073548e-05
6183	5.3709249277308997e-05
2888	4.222351144010863e-05
1739	3.385707088233529e-05
11341	3.385707088233529e-05
8181	5.588088155220015e-05
7171	3.385707088233529e-05
1695	3.385707088233529e-05
8963	4.6031735937540645e-05
4331	4.44434441308957e-05
10326	3.579054531417303e-05
10868	4.56125589257437e-05
11395	4.295238877534156e-05
6812	4.241020853754514e-05
10129	4.4027856655756643e-05
9421	3.385707088233529e-05
12751	0.00017152009483683783
7402	0.00019025845572242424
129	3.385707088233529e-05
2874	5.534318604244696e-05
12752	0.00012469167452603953
6933	3.385707088233529e-05
10674	4.39604532581218e-05
5776	6.583746084753048e-05
903	3.385707088233529e-05
3317	4.2362826844632115e-05
3806	4.765584343272296e-05
5224	4.5133806487338314e-05
7334	8.205679421998522e-05
11898	7.113590504747535e-05
9231	3.386043867379747e-05
5101	3.385707088233529e-05
13441	5.528156910823204e-05
13442	7.277867180391305e-05
13443	5.262100550553291e-05
2862	6.20146632671074e-05
13444	3.7367506126377676e-05
1503	3.385707088233529e-05
11347	3.898557185834718e-05
12501	3.385707088233529e-05
9248	3.385707088233529e-05
8506	3.385707088233529e-05
11290	3.385707088233529e-05
9348	5.0467271736779715e-05
10295	9.393497428709116e-05
2677	6.367938687940084e-05
2318	5.572145211264333e-05
10280	3.385707088233529e-05
3412	4.685139209504138e-05
6864	0.00018765178028494839
12667	4.0614733553051216e-05
11615	7.292831420422334e-05
12740	3.3863437795648655e-05
4333	6.16502595113887e-05
3263	3.385707088233529e-05
4593	9.226067613524896e-05
8699	5.5761729754074616e-05
13445	4.777472564328913e-05
3911	7.92836400731698e-05
6792	3.385707088233529e-05
4281	0.0001259306905751192
3501	4.741166008038981e-05
3269	3.385707088233529e-05
12524	5.212691581124193e-05
6707	3.4091041978778265e-05
10812	4.4146305151870305e-05
1141	3.385707088233529e-05
13446	3.385707088233529e-05
9017	3.385707088233529e-05
7940	3.385707088233529e-05
1753	9.823295218539385e-05
8352	4.767404145647319e-05
3852	3.385707088233529e-05
2486	3.385707088233529e-05
10599	4.290790149507445e-05
13447	4.3981850917887216e-05
5243	5.7614074384214074e-05
10494	4.817244510618521e-05
2835	7.646287984425054e-05
10555	0.00010067940972921371
4248	3.516369185833677e-05
8073	4.403280262679523e-05
12328	0.00011230217030669817
9686	4.2437949072237995e-05
8222	3.385707088233529e-05
11837	6.34321490354902e-05
10748	5.388279483806301e-05
3279	4.7428202167087955e-05
2642	5.020264035727139e-05
3510	3.385707088233529e-05
11090	5.4193119563999856e-05
11999	5.626713459490901e-05
3179	3.385707088233529e-05
11714	6.341976714923568e-05
4056	3.3860439630692335e-05
4326	3.385707088233529e-05
11555	5.192285029781355e-05
8036	4.769915100291841e-05
244	4.727912934014655e-05
11167	3.385707088233529e-05
10992	6.072167238669662e-05
4512	3.385707088233529e-05
686	3.385707088233529e-05
4469	5.355964839982797e-05
4219	0.00011124014312776127
5559	4.660500640307591e-05
7987	5.2760245124929065e-05
4943	5.3525471339380456e-05
997	4.8884550043827924e-05
8338	5.916285283077372e-05
13448	5.742125224207621e-05
10471	0.00021596099114628572
2628	3.385707088233529e-05
10860	3.385707088233529e-05
2114	3.979528794085462e-05
1771	4.959224266550405e-05
13449	3.385707088233529e-05
3058	3.385707088233529e-05
6920	4.396446860211847e-05
5423	3.386211111607879e-05
13450	3.385707088233529e-05
1633	3.8208791068542334e-05
3056	6.0587193906589564e-05
10403	4.315217286580275e-05
1598	3.386829029414547e-05
7369	3.385707088233529e-05
13451	4.3629953813040884e-05
7826	0.0001271817025285089
11084	4.5337921413654485e-05
13452	3.385707088233529e-05
5947	6.148114875027104e-05
7521	3.386380455255686e-05
12263	3.385707088233529e-05
5764	6.119734112983418e-05
3355	3.3870357578687484e-05
13453	4.439975540577028e-05
7695	3.7220700338667585e-05
11788	5.504987048204627e-05
7675	5.423333747530194e-05
8375	5.205184087902669e-05
12707	3.385707088233529e-05
12465	3.385707088233529e-05
2258	3.385707088233529e-05
1245	3.385707088233529e-05
6903	5.299587413931527e-05
10904	3.512600971338603e-05
2448	3.401463666572456e-05
2211	3.385707088233529e-05
2424	4.249506666674803e-05
6342	3.385707088233529e-05
4257	5.2875798725963906e-05
9570	4.3999250586898545e-05
9097	3.385707088233529e-05
7250	6.399897804587249e-05
3884	0.00014115449716561784
11474	3.385707088233529e-05
5846	3.3860414455330953e-05
9232	3.385707088233529e-05
515	3.385707088233529e-05
9376	3.385707088233529e-05
6500	3.385707088233529e-05
4540	3.3862107547519076e-05
8117	3.385707088233529e-05
13454	3.385707088233529e-05
3702	5.756969056759911e-05
12411	4.5784500926219024e-05
1840	5.3561822914588114e-05
13455	3.3860439630692335e-05
3855	3.385707088233529e-05
8928	3.385707088233529e-05
9107	3.385707088233529e-05
11131	4.159853775623321e-05
608	3.385707088233529e-05
1622	4.136981168770729e-05
4262	3.385707088233529e-05
13456	3.385707088233529e-05
12081	3.385707088233529e-05
7006	0.00010289635313691486
5400	3.386344331419466e-05
3994	6.0224899996644144e-05
10864	3.385707088233529e-05
7096	6.091019107608838e-05
3989	3.385707088233529e-05
7434	3.442016966815834e-05
4654	3.385707088233529e-05
10537	0.00010215958300176252
7788	9.437139913447659e-05
3689	3.385707088233529e-05
10686	3.385707088233529e-05
1526	7.58658361223288e-05
13457	5.0756295413316876e-05
1666	4.9243086846285686e-05
13458	4.1597793803909406e-05
12331	5.998950237642396e-05
13459	3.385707088233529e-05
7355	3.385707088233529e-05
12017	4.160377727974922e-05
5390	3.385707088233529e-05
6218	3.385707088233529e-05
6182	9.394013565341024e-05
11322	3.385707088233529e-05
12490	3.427449917471829e-05
5568	3.385707088233529e-05
13460	3.388222320307628e-05
6014	6.934118551624326e-05
9514	3.386380025297867e-05
3295	3.385707088233529e-05
7064	3.385707088233529e-05
9243	3.385707088233529e-05
9564	5.5202120291571704e-05
10793	4.6558444584951045e-05
9236	4.19493448322292e-05
11652	3.6723468638504624e-05
9717	9.224306170707221e-05
1886	5.649813785995342e-05
2422	3.38654736533081e-05
6076	5.0436998005161344e-05
12655	3.385707088233529e-05
7871	4.958402643511125e-05
13461	3.385707088233529e-05
2096	4.273048458608083e-05
5425	3.386338625787913e-05
3161	6.410340986029617e-05
2494	3.3860431038164286e-05
8957	7.893657135750591e-05
11784	3.385707088233529e-05
6771	3.385707088233529e-05
1444	5.2643122240790194e-05
368	3.9531378391307306e-05
5042	4.5635237224372544e-05
11250	3.391411302067918e-05
7012	4.993908623491033e-05
8110	6.40349732074015e-05
9625	4.7613125853615716e-05
1272	3.385707088233529e-05
131	3.385707088233529e-05
12295	3.385707088233529e-05
9673	6.953367636216003e-05
1431	3.385707088233529e-05
1661	3.385707088233529e-05
8628	7.074870911769561e-05
11594	5.289965077350202e-05
9990	4.608732290436878e-05
9691	6.9865450311135e-05
8918	4.39604532581218e-05
8068	3.385707088233529e-05
12020	3.386717425672185e-05
603	4.5716918483866363e-05
13462	4.570177290128433e-05
7822	3.385707088233529e-05
7728	3.73068787704702e-05
9650	9.230594723171579e-05
3636	3.3860431038164286e-05
10941	4.665694240559434e-05
12693	4.4394700018199476e-05
5130	6.38659009864095e-05
9482	5.535105132097657e-05
8146	3.385707088233529e-05
1065	3.385707088233529e-05
13463	3.385707088233529e-05
764	3.385707088233529e-05
12493	3.385707088233529e-05
12037	3.385707088233529e-05
13464	3.386717640963335e-05
7908	4.2024575022492325e-05
5515	3.385707088233529e-05
11524	5.5353910176103455e-05
2904	4.400627936610539e-05
9737	7.01251938415163e-05
6731	3.385707088233529e-05
5850	8.501336399196963e-05
202	5.8337832702149686e-05
1884	3.385707088233529e-05
9362	3.385707088233529e-05
10850	3.385707088233529e-05
11801	3.385707088233529e-05
9871	4.4113842558772e-05
8563	5.43925069859254e-05
10240	7.13484678441863e-05
10092	8.318818141202465e-05
12698	3.386279799312477e-05
11825	4.058542816646092e-05
10798	3.3875034988157455e-05
8652	3.385707088233529e-05
6718	4.605099927998472e-05
2492	4.15356930438692e-05
13465	6.462220376099421e-05
8287	4.9220468739108176e-05
2288	4.769306643496138e-05
13466	5.853263041592835e-05
6828	7.069876216014323e-05
6229	3.385707088233529e-05
2407	4.694198013650777e-05
6347	3.385707088233529e-05
12335	6.086043177633067e-05
1815	3.385707088233529e-05
3562	3.4229932229646465e-05
4115	3.385707088233529e-05
4100	5.238265774378033e-05
5823	4.4533774072205994e-05
7179	3.8977147671317574e-05
10443	3.7838548383505725e-05
6217	8.213149237716464e-05
13467	3.386043819555387e-05
5309	3.385707088233529e-05
10456	5.9828035299529e-05
13468	3.385707088233529e-05
6358	3.385707088233529e-05
13469	7.401077456578306e-05
3675	3.390177912309898e-05
13470	4.620752765314763e-05
10920	4.1148548168073934e-05
10232	3.385707088233529e-05
5144	3.385707088233529e-05
12466	5.371891150145411e-05
10115	3.385707088233529e-05
7720	3.386380338542502e-05
4817	5.2274748550754694e-05
7224	8.95614831335483e-05
435	4.671528341973237e-05
10885	7.635384938160341e-05
509	4.5307464613575374e-05
13471	4.3975777591504083e-05
13472	3.385707088233529e-05
4566	6.254066495947024e-05
10282	3.385707088233529e-05
10973	3.386043867379747e-05
10182	7.435874703801953e-05
7167	3.386043723947403e-05
8568	3.385707088233529e-05
11156	3.388409604589354e-05
3266	3.387391223154357e-05
6144	3.385707088233529e-05
8892	3.386377623466805e-05
9736	3.386043915217695e-05
11321	5.241427845361474e-05
8536	3.386888335905401e-05
3727	3.385707088233529e-05
4678	3.385707088233529e-05
4745	3.386043867379747e-05
211	5.320294883300615e-05
13473	4.2848326425554684e-05
4045	8.839105668836174e-05
8980	3.4829911697524436e-05
4686	3.385707088233529e-05
13474	5.09773642709096e-05
7786	3.385707088233529e-05
9751	4.672673951515632e-05
4341	3.598399982634716e-05
12333	3.385707088233529e-05
13475	3.385707088233529e-05
9079	3.385707088233529e-05
3215	4.392511760298099e-05
292	6.684593286666249e-05
12641	4.3755128813855345e-05
11581	5.467674444557881e-05
9513	4.853841623430496e-05
10617	3.388317172238241e-05
10757	3.385707088233529e-05
7843	3.386090508391751e-05
7919	3.385707088233529e-05
2182	3.385707088233529e-05
12670	3.385707088233529e-05
3979	3.385707088233529e-05
5055	3.385707088233529e-05
11561	4.39604532581218e-05
6904	4.760083399007087e-05
1464	3.385707088233529e-05
1374	3.385707088233529e-05
7308	5.3554846833563e-05
6421	4.430109512037755e-05
3374	3.385707088233529e-05
1960	3.385707088233529e-05
3958	3.953866238022552e-05
2939	8.010039186200982e-05
756	3.385707088233529e-05
11088	3.385707088233529e-05
9758	4.549677356748222e-05
6317	4.625209161801298e-05
9919	4.4120614315275e-05
8601	3.385707088233529e-05
8153	6.204786344391981e-05
668	3.391384064207317e-05
4462	3.385707088233529e-05
9827	3.385707088233529e-05
1812	3.3860439630692335e-05
11127	5.03492940438148e-05
1974	5.758718530462878e-05
13476	3.385707088233529e-05
10361	4.3867328110323937e-05
10146	4.703770359725846e-05
13477	3.386279813662511e-05
2383	3.517332321716996e-05
8193	7.7912268524647e-05
8484	5.0145744328454044e-05
742	4.377620115552451e-05
1405	3.385707088233529e-05
3409	3.385707088233529e-05
4718	4.929290101796686e-05
3631	5.551279680604822e-05
1310	0.00011106858730628064
12522	6.200935075151301e-05
10027	3.385707088233529e-05
2822	3.385707088233529e-05
2824	3.385707088233529e-05
4567	3.385707088233529e-05
13478	5.0302346927624765e-05
3507	3.386043819555387e-05
11434	3.385707088233529e-05
5673	4.023340824350079e-05
12338	3.385707088233529e-05
7370	3.385707088233529e-05
3065	4.477920435443275e-05
373	4.462665246107829e-05
6804	3.59633881654699e-05
6310	3.4505242002668585e-05
1857	6.597174549985253e-05
309	4.746422176312746e-05
11349	5.460785646925859e-05
12443	3.385707088233529e-05
4711	6.158996877493298e-05
7866	3.813607738987701e-05
13479	3.385707088233529e-05
6576	3.385707088233529e-05
9430	3.385707088233529e-05
4042	3.978522580365124e-05
10894	3.385707088233529e-05
4182	3.385707088233529e-05
1150	3.813700395488042e-05
10177	5.014909658847788e-05
10503	4.675581581354404e-05
3592	3.3860408807403596e-05
1093	6.67394676396226e-05
13480	5.10649860667687e-05
3785	3.385707088233529e-05
7714	3.385707088233529e-05
5303	3.385707088233529e-05
1159	3.386717043172355e-05
6764	4.39604532581218e-05
13481	6.142040495588202e-05
1727	9.981925328688745e-05
1091	4.4712292184388075e-05
13482	4.835733557486911e-05
11174	4.754341660011659e-05
7249	3.386043199072441e-05
2720	6.188689607126276e-05
9158	4.796723168637131e-05
3403	3.385707088233529e-05
438	4.161401790448138e-05
13483	3.385707088233529e-05
7820	3.385707088233529e-05
13484	3.385707088233529e-05
7605	7.931597259117728e-05
11637	6.402856636238444e-05
5005	3.3863808379049386e-05
13485	7.399457575884477e-05
2461	3.385707088233529e-05
13486	0.00011113353821233168
3429	0.00012016315932564223
5185	3.385707088233529e-05
12064	3.385707088233529e-05
5337	3.567671662564841e-05
10728	5.361032042432483e-05
9380	3.385707088233529e-05
7413	3.385707088233529e-05
11745	3.385707088233529e-05
11602	6.574405758966062e-05
1722	3.385707088233529e-05
10672	4.420223039334868e-05
7397	3.390086461097692e-05
12430	9.523124030299645e-05
6929	3.385707088233529e-05
7787	4.391292315190553e-05
11270	4.385968224506982e-05
11630	5.229231230389842e-05
2378	3.385707088233529e-05
1759	3.385707088233529e-05
2018	6.0149828912380395e-05
9842	3.385707088233529e-05
11135	4.778175350310641e-05
12552	4.019784653144246e-05
4993	4.7446920412808516e-05
442	3.385707088233529e-05
12198	4.340060323077661e-05
10505	3.532413915592951e-05
10088	4.39604532581218e-05
7354	3.385707088233529e-05
1797	3.385707088233529e-05
8077	4.558181029595603e-05
9969	3.385707088233529e-05
10475	4.579803834729661e-05
6345	3.385707088233529e-05
8854	4.898988262090624e-05
4750	6.517951860758593e-05
12587	3.385707088233529e-05
8205	4.62506979940072e-05
4807	3.3925428401080396e-05
1846	3.385707088233529e-05
8862	3.385707088233529e-05
13487	4.175134711851702e-05
9204	3.385707088233529e-05
3212	3.3866155338795894e-05
2081	3.385707088233529e-05
5775	4.274912431505106e-05
9826	3.385707088233529e-05
4349	5.410814664404043e-05
12282	4.7995282333931506e-05
8013	3.3868251464226166e-05
4685	3.391925156675967e-05
4839	3.385707088233529e-05
11495	3.385707088233529e-05
6415	7.05633230297284e-05
13488	4.125536508141238e-05
213	3.385707088233529e-05
11089	3.385707088233529e-05
4088	3.385707088233529e-05
4627	4.078531340811867e-05
9237	3.385707088233529e-05
2604	4.590327027728823e-05
7845	5.281335162171724e-05
3209	3.385707088233529e-05
6626	3.385707088233529e-05
5356	3.385707088233529e-05
3577	4.155884217359202e-05
1700	3.385707088233529e-05
4985	3.386715134982229e-05
11827	5.295439520330584e-05
4893	3.385707088233529e-05
13489	3.385707088233529e-05
6511	3.385707088233529e-05
1033	5.3824336205659306e-05
3770	5.173149540565391e-05
9098	0.00016033593058129762
12279	4.6427913048230834e-05
13490	5.2194066391035636e-05
9434	5.9319636305107826e-05
704	4.748191871585608e-05
2062	5.7549483818825986e-05
5129	6.737158388348373e-05
9146	3.385707088233529e-05
10091	5.158276274266969e-05
13491	3.385707088233529e-05
8582	3.38638007304083e-05
4055	3.385707088233529e-05
12405	3.385707088233529e-05
13492	3.386043867379747e-05
9407	5.118128098562428e-05
12573	4.734063603070546e-05
13493	4.712657808065838e-05
3712	4.4810426962178394e-05
7448	4.7849147209508034e-05
13494	3.523130042046458e-05
5530	4.500926877096541e-05
3390	7.180906909932109e-05
10306	6.585075079707404e-05
2183	5.288499345776971e-05
2733	4.132297531231754e-05
5231	5.4276787453032854e-05
6988	4.571674947332425e-05
18	3.385707088233529e-05
4229	4.634117337905976e-05
13495	3.385707088233529e-05
692	3.385707088233529e-05
1819	7.179645038852063e-05
11237	3.385707088233529e-05
6515	3.385707088233529e-05
11756	5.776032397874149e-05
5193	3.6424708989111515e-05
910	3.385707088233529e-05
8866	3.385707088233529e-05
12288	0.00011542747229890798
5628	3.385707088233529e-05
12549	3.385707088233529e-05
13496	5.756969056759911e-05
5346	3.385707088233529e-05
11211	6.966045114547355e-05
7779	3.38671699537515e-05
8777	3.385707088233529e-05
13497	3.3860439630692335e-05
3341	8.109603774004072e-05
6168	4.372637763545669e-05
8865	4.346700524338187e-05
8311	4.8718142234397854e-05
4285	3.385707088233529e-05
10572	4.3976723986655044e-05
11835	4.11594553891832e-05
4799	4.784898968387002e-05
13498	6.779332836217359e-05
4437	4.838300784148171e-05
5894	4.398333730608527e-05
3223	3.385707088233529e-05
12272	5.443743952505008e-05
1224	3.385707088233529e-05
13499	3.385707088233529e-05
6741	3.385707088233529e-05
5606	3.385707088233529e-05
5147	5.299871389087754e-05
7992	3.385707088233529e-05
9938	4.734219619494429e-05
1941	3.385707088233529e-05
6070	3.385707088233529e-05
8923	4.729104342272591e-05
1338	4.750776263362073e-05
13500	3.813326259128199e-05
4813	5.301399962035393e-05
8100	5.000813280446882e-05
2635	5.593807764507272e-05
2231	3.385707088233529e-05
6352	4.5450789434450705e-05
5399	3.385707088233529e-05
6534	3.386040224222364e-05
10501	3.385707088233529e-05
6389	5.476723203529122e-05
11061	5.63201345177549e-05
12574	4.4113842558772e-05
6284	3.385707088233529e-05
196	9.222583090615929e-05
7352	5.737150082694164e-05
6969	6.394460711994553e-05
9272	3.978522580365124e-05
12318	4.805950683230058e-05
2400	4.406184696217781e-05
10351	4.6021790158705405e-05
10414	3.385707088233529e-05
9609	6.455377377291035e-05
11289	3.385707088233529e-05
7400	5.009080257689342e-05
6074	7.043658927992645e-05
13501	3.385707088233529e-05
1737	5.757642615106694e-05
8748	4.462891221026741e-05
12407	3.385707088233529e-05
8041	3.385707088233529e-05
9086	3.3867158497062425e-05
5656	3.3863669202544464e-05
7877	6.696339590234127e-05
13502	5.704181369476899e-05
478	5.4071389033847215e-05
9995	4.7613125853615716e-05
13503	4.900523168640739e-05
9963	6.887234845694509e-05
12555	4.685139209504138e-05
13504	4.736688443977391e-05
5007	3.385707088233529e-05
4621	4.75688997631807e-05
12406	3.385707088233529e-05
2614	4.647553330982453e-05
7044	3.385707088233529e-05
1168	4.2883462634400504e-05
11741	3.385707088233529e-05
12586	5.7579125931390396e-05
3371	3.813326259128199e-05
10482	3.385707088233529e-05
1531	3.385707088233529e-05
4534	4.591318186180245e-05
7519	3.385707088233529e-05
7577	7.493049203638896e-05
5632	6.660107873887825e-05
4961	3.385707088233529e-05
8651	3.385707088233529e-05
7949	4.449066113964948e-05
6553	4.4799920956862626e-05
7124	6.983209266976604e-05
11231	3.386043723947403e-05
5089	9.48960370856937e-05
5717	3.385707088233529e-05
1756	3.385707088233529e-05
10610	3.385707088233529e-05
6197	3.385707088233529e-05
6923	5.503575795274122e-05
2153	3.385707088233529e-05
3829	3.385707088233529e-05
8961	4.106150114781617e-05
4470	3.385707088233529e-05
8280	4.8841749716993174e-05
13505	6.973557377994528e-05
10268	4.39604532581218e-05
9707	4.8360869191712153e-05
7031	3.385707088233529e-05
8647	3.385707088233529e-05
4683	3.385707088233529e-05
13506	3.385707088233529e-05
7606	3.385707088233529e-05
13507	3.385707088233529e-05
13508	3.3860439630692335e-05
8415	3.385707088233529e-05
11881	3.385707088233529e-05
3193	5.8956504699043404e-05
10574	4.4113842558772e-05
11401	3.385707088233529e-05
105	0.00016906412924998104
9068	3.385707088233529e-05
1532	3.385707088233529e-05
7041	6.938058329325613e-05
7428	8.102036960876465e-05
8383	5.906956068260713e-05
2976	3.385707088233529e-05
11773	4.41167313866463e-05
7451	5.73582478138209e-05
11974	3.385707088233529e-05
1707	4.911644648711838e-05
5166	3.385707088233529e-05
2831	7.860150967259065e-05
6768	8.0756511599348e-05
3630	3.485458353508336e-05
10822	5.0712656714430325e-05
13509	5.269284917602097e-05
2069	8.044967794881392e-05
11107	3.385707088233529e-05
4125	4.616351940816439e-05
5125	5.5150357548360005e-05
13510	3.385707088233529e-05
5482	3.386040224222364e-05
7441	3.3860435806371796e-05
8226	5.151248644531558e-05
7456	4.39604532581218e-05
8711	4.4777129077193475e-05
4432	5.869989439440584e-05
10047	3.385707088233529e-05
3718	3.385707088233529e-05
12366	3.385707088233529e-05
13511	4.972704698802038e-05
12468	3.386379406842771e-05
4694	4.5426845675817726e-05
3261	4.242650974570427e-05
5913	3.813326259128199e-05
10261	5.421680605157523e-05
2734	3.386043867379747e-05
7386	3.752644144501824e-05
13512	6.398008132163106e-05
12539	3.385707088233529e-05
8170	3.821820489364229e-05
5604	9.24265083708219e-05
11262	4.761138831983129e-05
13513	4.189509772674123e-05
9145	6.661043353717338e-05
2599	3.385707088233529e-05
9878	3.385707088233529e-05
5353	3.386043867379747e-05
9915	6.529437971517185e-05
9945	4.7712222782330906e-05
13514	3.385707088233529e-05
13515	4.285831990231937e-05
13516	3.385707088233529e-05
9766	4.45075392755539e-05
2715	3.385707088233529e-05
13517	4.1004132379664165e-05
481	3.385707088233529e-05
8038	3.386043915217695e-05
2128	6.162229343512639e-05
8154	3.385707088233529e-05
5863	5.1312014995362414e-05
13518	3.385707088233529e-05
11106	7.785015431756996e-05
3760	3.385707088233529e-05
6258	5.5015105375199466e-05
11899	3.3870543961701914e-05
1971	4.233546853571951e-05
11187	3.3860439630692335e-05
11058	5.192732269518504e-05
13519	5.127167050078637e-05
8644	3.5175484538475926e-05
7979	3.385707088233529e-05
12071	5.8338063022768004e-05
7688	4.542552415190602e-05
6290	3.8452804314301966e-05
5128	3.385707088233529e-05
12096	3.385707088233529e-05
13520	7.595853205802219e-05
3605	3.3860439630692335e-05
10917	9.283282488987633e-05
9989	6.146754580335711e-05
133	3.387277411236942e-05
11986	4.92389321459108e-05
6098	3.385707088233529e-05
837	4.6717139320042434e-05
8180	5.954728256269056e-05
12112	6.095153586479159e-05
9297	3.385707088233529e-05
11070	3.385707088233529e-05
12097	3.3863808379049386e-05
13521	5.214764165872021e-05
3504	3.385707088233529e-05
1402	7.652491276813611e-05
660	3.385707088233529e-05
5103	3.385707088233529e-05
9164	3.385707088233529e-05
4460	4.598291281968811e-05
5191	4.814662834091525e-05
1461	3.385707088233529e-05
3126	4.761138831983129e-05
8844	6.321780380974054e-05
12583	3.385707088233529e-05
8085	3.385707088233529e-05
8362	3.441274803434419e-05
5251	3.385707088233529e-05
1204	4.4729661488285884e-05
7447	3.3877252773452934e-05
2867	4.389719670707632e-05
10583	4.39604532581218e-05
13522	5.588845027482851e-05
128	3.385707088233529e-05
12742	8.102102639736504e-05
8388	5.2055760525425645e-05
4493	3.385707088233529e-05
8908	5.6789962951563785e-05
5525	0.00012250767524769147
10530	7.425784953644171e-05
12255	3.385707088233529e-05
3733	3.386380646525966e-05
8269	3.385707088233529e-05
9135	3.385707088233529e-05
2958	3.385707088233529e-05
44	3.385707088233529e-05
1859	4.8700389769319174e-05
13523	3.385707088233529e-05
12105	4.5898275308740716e-05
12536	3.385707088233529e-05
8182	3.385707088233529e-05
8556	4.775493946187414e-05
3495	4.9971293871757115e-05
10224	3.385707088233529e-05
1720	4.3277446049047076e-05
2340	3.385707088233529e-05
9953	5.0722249438618774e-05
5322	9.166354225870404e-05
13524	3.385707088233529e-05
13525	3.649180640292016e-05
10529	3.385707088233529e-05
11222	4.5092690999195256e-05
5186	5.756632181924206e-05
9543	3.385707088233529e-05
12478	9.55495969118652e-05
9638	4.665519067229304e-05
2773	4.265302322383264e-05
8308	3.9356795433497844e-05
2909	3.385707088233529e-05
1486	3.385707088233529e-05
13526	4.860663180972748e-05
6029	3.93832787516144e-05
7610	3.3863196458218696e-05
10560	4.4113842558772e-05
2780	3.3862795553634155e-05
11522	6.293191699294993e-05
345	4.292121927200402e-05
458	3.385707088233529e-05
13527	6.0396635097354084e-05
2459	4.0112060670502745e-05
8455	4.685139209504138e-05
731	0.00011601669258328451
407	3.385707088233529e-05
4188	3.3860425808719736e-05
13528	3.385707088233529e-05
5622	3.385707088233529e-05
13529	5.5484314771577875e-05
13530	3.8599594819388054e-05
13531	4.6440079344133087e-05
2608	3.3860418703835395e-05
256	3.406624002602897e-05
13532	3.3860404115352616e-05
8175	4.197107442989344e-05
13533	3.385707088233529e-05
10549	4.5092690999195256e-05
362	3.3863766525335505e-05
4484	7.101889863463638e-05
10044	5.7549492424766694e-05
12058	3.385707088233529e-05
2055	3.3963464513103804e-05
7849	0.00010051741636892886
9671	6.502338549741877e-05
5373	3.385707088233529e-05
6589	3.385707088233529e-05
6941	3.385707088233529e-05
12620	3.385707088233529e-05
8042	4.313849603484446e-05
11763	3.386704507297977e-05
9892	3.385707088233529e-05
6816	3.385707088233529e-05
1595	4.304075889483106e-05
7337	3.385707088233529e-05
3725	3.385707088233529e-05
9832	3.385707088233529e-05
6807	3.385707088233529e-05
8754	6.417516268594951e-05
7363	4.463417395347094e-05
8046	3.385707088233529e-05
2676	3.385707088233529e-05
4222	3.3877255871258434e-05
674	3.385707088233529e-05
9812	3.385707088233529e-05
12008	4.39604532581218e-05
5517	3.401366811632546e-05
12050	3.821994771370212e-05
6936	3.385707088233529e-05
8746	3.3861540323421944e-05
10347	3.385707088233529e-05
7875	3.386287065451673e-05
11422	3.385707088233529e-05
2714	5.039009275096317e-05
7564	3.385707088233529e-05
13534	3.385707088233529e-05
8465	3.3860435806371796e-05
10265	3.385707088233529e-05
13535	6.310510399181906e-05
13536	0.0001251367999360647
3036	3.3860439630692335e-05
799	5.166695516917835e-05
1247	3.386549275322791e-05
8941	4.489832466603034e-05
1391	3.385707088233529e-05
9921	4.57133807249672e-05
10519	3.385707088233529e-05
182	3.385707088233529e-05
1097	3.385707088233529e-05
13537	3.385707088233529e-05
2927	4.060822496648965e-05
5213	3.385707088233529e-05
6188	3.385707088233529e-05
1718	3.386043915217695e-05
8433	3.385707088233529e-05
7398	4.960634339076175e-05
13538	3.3863779231469813e-05
7773	4.166693948950955e-05
9754	3.3860439630692335e-05
7825	3.385707088233529e-05
6323	3.385707088233529e-05
9412	3.385707088233529e-05
2632	4.114429327303077e-05
11400	3.385707088233529e-05
10591	3.385707088233529e-05
13539	3.385707088233529e-05
10305	3.386043532894216e-05
13540	5.0262905926873e-05
352	4.841200704770492e-05
4038	3.3897125027022885e-05
2799	3.385707088233529e-05
7806	4.492221420161112e-05
11595	4.105008620556299e-05
9354	4.465848328763423e-05
486	3.3860439630692335e-05
4490	7.194656547686048e-05
13541	3.385707088233529e-05
6340	5.3192681752785195e-05
8217	3.385707088233529e-05
3005	5.0669522406219736e-05
10332	3.386573442278403e-05
5163	4.7744189002879396e-05
506	4.591241338845276e-05
87	3.385707088233529e-05
11857	3.385707088233529e-05
1153	3.385707088233529e-05
5071	3.385707088233529e-05
9240	7.042696735299711e-05
7766	3.385707088233529e-05
1673	4.8506659944992195e-05
11538	3.385707088233529e-05
9067	3.385707088233529e-05
2111	0.00011176937965315555
13542	3.386043819555387e-05
5380	4.9653137620439195e-05
806	7.11626969269177e-05
8673	3.385707088233529e-05
1367	3.385707088233529e-05
8623	5.2168908218951576e-05
3051	4.831982337168524e-05
866	3.385707088233529e-05
4071	5.75629540279158e-05
5853	3.385707088233529e-05
11732	3.385707088233529e-05
11094	4.545079085436941e-05
12688	4.105008620556299e-05
10737	4.763479932983858e-05
8118	3.385707088233529e-05
5590	3.4242376958998184e-05
12216	3.385707088233529e-05
6405	3.3863681564049946e-05
3235	3.385707088233529e-05
5931	3.385707088233529e-05
10839	4.068214827706661e-05
4129	3.385707088233529e-05
3458	3.385707088233529e-05
12383	3.385707088233529e-05
582	5.012586437950383e-05
13543	3.385707088233529e-05
13544	3.385707088233529e-05
10909	3.3869866638078016e-05
7712	3.385707088233529e-05
4271	4.881690013486393e-05
3591	3.3860439630692335e-05
13545	3.385707088233529e-05
8895	3.385707088233529e-05
12659	3.385707088233529e-05
4568	3.385707088233529e-05
2644	4.39604532581218e-05
4608	3.385707088233529e-05
11386	3.385707088233529e-05
2088	5.313185588761248e-05
3061	3.385707088233529e-05
13546	5.173548815804137e-05
5615	3.385707088233529e-05
10489	3.385707088233529e-05
2168	4.545079085436941e-05
206	3.385707088233529e-05
11930	4.05536321000763e-05
1996	3.649180640292016e-05
13547	3.385707088233529e-05
1762	4.592663477512776e-05
6761	5.194880612902487e-05
11623	4.59222739473741e-05
987	3.385707088233529e-05
2759	3.385707088233529e-05
2910	3.385707088233529e-05
659	3.3860439630692335e-05
7614	3.385707088233529e-05
2610	3.385707088233529e-05
7187	3.692950588637011e-05
7657	4.39604532581218e-05
7717	7.297758710924088e-05
7944	3.385707088233529e-05
5565	4.1455779872158905e-05
10064	3.385707088233529e-05
8591	3.385707088233529e-05
377	9.702401106508836e-05
5332	4.4060347283203905e-05
3752	4.6781836612179556e-05
1037	3.385707088233529e-05
9085	4.570663454623416e-05
9534	4.869801910260546e-05
9970	3.385707088233529e-05
7234	7.315821622261218e-05
7830	3.385707088233529e-05
13548	4.892166402903552e-05
606	3.385707088233529e-05
13549	4.9503113747164726e-05
10354	3.385707088233529e-05
1575	4.3947326760765606e-05
5296	6.947731879800401e-05
3797	3.385707088233529e-05
6300	4.7878366253898315e-05
13550	3.385707088233529e-05
4748	3.385707088233529e-05
13551	3.385707088233529e-05
12361	3.385707088233529e-05
3568	3.385707088233529e-05
8048	3.385707088233529e-05
635	3.385707088233529e-05
13552	3.385707088233529e-05
13553	3.385707088233529e-05
10865	3.385707088233529e-05
5455	4.469638764810889e-05
3881	3.385707088233529e-05
9423	0.00012094188333728851
10405	3.385707088233529e-05
3846	3.385707088233529e-05
8958	3.385707088233529e-05
5155	4.225912581458872e-05
13554	3.385707088233529e-05
10817	3.385707088233529e-05
6766	4.757757145927812e-05
10928	3.385707088233529e-05
2944	4.448436677128622e-05
6409	6.817671671970619e-05
10750	5.827006331205118e-05
13555	4.474041506777972e-05
13556	3.385707088233529e-05
3769	5.0250580764451194e-05
12205	3.386043867379747e-05
1211	3.385707088233529e-05
13557	3.6012763580995634e-05
11976	4.241996132423611e-05
11458	0.00013621168637325493
9052	4.710605384180789e-05
13558	5.376724502986943e-05
7611	3.813326259128199e-05
11230	3.385707088233529e-05
2099	3.385707088233529e-05
13559	7.499295770081884e-05
13560	3.386043915217695e-05
12568	3.385707088233529e-05
856	3.385707088233529e-05
5521	3.385707088233529e-05
1805	4.39604532581218e-05
7689	3.385707088233529e-05
9277	4.6679174076649964e-05
11203	3.385707088233529e-05
2568	3.386043915217695e-05
100	3.385707088233529e-05
13561	3.385707088233529e-05
2933	4.0850974212738296e-05
7556	3.385707088233529e-05
11830	3.393094584758292e-05
11710	4.5019272677559105e-05
11638	3.3866968056601654e-05
11973	3.385707088233529e-05
6492	3.9930828950827515e-05
10933	3.385707088233529e-05
11038	3.385707088233529e-05
4801	4.5716918483866363e-05
10493	3.385707088233529e-05
499	3.3860439630692335e-05
13562	3.3869244943247e-05
12737	5.0843099714742717e-05
12513	3.385707088233529e-05
1090	3.386358934366944e-05
13563	3.386043915217695e-05
4920	6.361825619996973e-05
1995	3.385707088233529e-05
13564	4.160139293047338e-05
10731	4.6212791463109377e-05
4156	3.386043723947403e-05
12761	4.5860288602469124e-05
5929	3.3860431038164286e-05
6591	3.8599594819388054e-05
3522	3.385707088233529e-05
3518	3.3865417655054e-05
8339	3.385707088233529e-05
13565	3.385707088233529e-05
13566	5.756969056759911e-05
13567	4.4113842558772e-05
13568	4.2795551330163434e-05
2144	3.385707088233529e-05
5952	3.385707088233529e-05
10249	3.385707088233529e-05
4143	4.602966824601026e-05
13569	5.758384294325594e-05
13570	3.385707088233529e-05
13571	3.3860437717446074e-05
6752	3.385707088233529e-05
13572	3.385707088233529e-05
2915	3.385707088233529e-05
10975	3.978522580365124e-05
945	3.385707088233529e-05
5708	4.4113842558772e-05
6734	4.710605384180789e-05
658	3.385707088233529e-05
8688	5.1324268955241865e-05
6448	3.385707088233529e-05
1518	3.3860439630692335e-05
1474	3.385707088233529e-05
2478	3.385707088233529e-05
6813	4.5937777705753804e-05
8443	3.385707088233529e-05
2702	3.385707088233529e-05
8885	4.21236430481508e-05
2323	4.39604532581218e-05
6834	3.385707088233529e-05
11014	3.385707088233529e-05
13573	3.385707088233529e-05
3347	4.105008620556299e-05
12363	4.3450835804793674e-05
2232	3.385707088233529e-05
5092	3.385707088233529e-05
4345	3.385707088233529e-05
11805	3.385707088233529e-05
6725	5.227214864495506e-05
13574	4.832675699890548e-05
12528	3.385707088233529e-05
9014	3.385707088233529e-05
5579	3.385707088233529e-05
4743	3.385707088233529e-05
11074	4.784898968387002e-05
13575	3.385707088233529e-05
13576	4.160139293047338e-05
10638	5.092332633542075e-05
12566	4.39604532581218e-05
9171	4.7977421196711953e-05
13577	3.385707088233529e-05
2809	5.10397236757011e-05
2800	4.831326020891837e-05
13578	3.385707088233529e-05
10167	4.1106527694103714e-05
3966	3.385707088233529e-05
13579	3.3862798806750396e-05
13580	3.386043915217695e-05
13581	3.385707088233529e-05
8821	3.385707088233529e-05
13582	3.385707088233529e-05
4973	3.385707088233529e-05
12253	3.385707088233529e-05
1919	3.386279799312477e-05
12393	3.385707088233529e-05
11186	3.385707088233529e-05
6267	3.385707088233529e-05
5877	4.9513149522543894e-05
2651	8.427235303177522e-05
8901	3.385707088233529e-05
9437	3.385707088233529e-05
13583	3.385707088233529e-05
2705	3.385707088233529e-05
5972	3.385707088233529e-05
13584	4.551182296506699e-05
6350	4.903781084698356e-05
2079	3.385707088233529e-05
13585	3.385707088233529e-05
4440	3.385707088233529e-05
