0	0	0.00042812801027507225
1	0	38.677191480252496
2	0	0.0006421920154126083
3	0	0
4	0	0.0014984480359627528
5	0	0.009418816226051589
6	0	0.006421920154126084
7	0	0.002140640051375361
8	0	0
9	0	0.00042812801027507225
10	0	0.0017125120411002888
11	0	0.07278176174676228
12	0	0.0027828320667879695
13	0	0.003210960077063042
14	0	0.0006421920154126083
15	0	0
16	0	0
17	0	0.48292839559028145
18	0	0.00385315209247565
19	0	0
20	0	0.4167826180027828
21	0	0
22	0	0.005137536123300867
23	0	0.07417317778015627
24	0	0
25	0	41.37728780905479
26	0	0.0009632880231189126
27	0	163.10210853044998
28	0	0
29	0	0.020550144493203467
30	0	0.0027828320667879695
31	0	2.684362624424701
32	0	0.01327196831852724
33	0	0.005137536123300867
34	0	0.16932462806379106
35	0	0
36	0	0.005779728138713474
37	0	0.0005351600128438403
38	0	0.00042812801027507225
39	0	0.0308252167398052
40	0	0.13357593920582253
41	0	0.009204752220914053
42	0	0.0023547040565128972
43	0	0.12244461093867065
44	0	0.0010703200256876805
45	0	0
46	0	0.0007492240179813764
47	0	10.4848549716365
48	0	0.0017125120411002888
49	0	0
50	0	0.004495344107888258
51	0	0
52	0	0.0048164401155945625
53	0	0.0061008241464197786
54	0	0.023547040565128973
55	0	0.037675264904206356
56	0	0
57	0	5.444503906668087
58	0	0.0014984480359627528
59	0	0.0036390880873381137
60	0	0
61	0	0.0007492240179813764
62	0	0.00021406400513753612
63	0	0
64	0	0
65	0	0
66	0	0
67	0	0.4285561382853473
68	0	0.0029968960719255057
69	0	0.0025687680616504334
70	0	0.11045702665096863
71	0	0
72	0	63.06839344964126
73	0	0.01819544043669057
74	0	0
75	0	0
76	0	0.012308680295408327
77	0	0.0008562560205501445
78	0	0
79	0	2.4371186984908455
80	0	0
81	0	0.0027828320667879695
82	0	0.029968960719255058
83	0	0.2623354382960505
84	0	0
85	0	0.07770523386492562
86	0	0
87	0	0
88	0	14.626565343037534
89	0	0.006850048164401155
90	0	0
91	0	0
92	0	0.4983410039601841
93	0	0.01990795247779086
94	0	0
95	0	0.0014984480359627528
96	0	0.005137536123300867
97	0	0.014449320346783688
98	0	0.687145456491491
99	0	0.001926576046237825
100	0	0
101	0	0.0006421920154126083
102	0	1.0969709943273038
103	0	0
104	0	0.1387134753291234
105	0	0
106	0	0.0012843840308252167
107	0	0
108	0	0.009632880231189123
109	0	0
110	0	1.369153376859681
111	0	0.001712512041100289
112	0	0.10007492240179813
113	0	0.0008562560205501445
114	0	0.008134432195226372
115	0	0.001605480038531521
116	0	0.0007492240179813764
117	0	0.0010703200256876805
118	0	0.0025687680616504334
119	0	0
120	0	8.114417210745998
121	0	0.0027828320667879695
122	0	0.0027828320667879695
123	0	0.00021406400513753612
124	0	3.2096756930322132
125	0	0
126	0	0.077063041849513
127	0	0.03692604088622498
128	0	0.014984480359627529
129	0	0.0007492240179813764
130	0	0.0008562560205501445
131	0	0
132	0	0.00010703200256876806
133	0	0.0007492240179813764
134	0	0.01819544043669057
135	0	0
136	0	0
137	0	0
138	0	0
139	0	0
140	0	0.0011773520282564486
141	0	0.03339398480145563
142	0	0
143	0	0
144	0	0.002140640051375361
145	0	0
146	0	1.2629776303114633
147	0	0.00385315209247565
148	0	0.06261372150272931
149	0	0
150	0	0.003210960077063042
151	0	0.0008562560205501445
152	0	0.0008562560205501445
153	0	0.20550144493203468
154	0	0.0011773520282564486
155	0	0.0025687680616504334
156	0	0.00042812801027507225
157	0	0.005779728138713475
158	0	0
159	0	0.0034250240822005775
160	0	0.0007492240179813764
161	0	0.0008562560205501445
162	0	0
163	0	0.01327196831852724
164	0	0.00032109600770630417
165	0	0
166	0	1.1944771486674515
167	0	0
168	0	0.013700096328802312
169	0	0
170	0	0.21063898105533554
171	0	0.00042812801027507225
172	0	0.002140640051375361
173	0	0.0014984480359627528
174	0	0
175	0	0.016054800385315208
176	0	0
177	0	0.09119126618859039
178	0	0.10018195440436689
179	0	0.0005351600128438403
180	0	0.16001284384030826
181	0	0
182	0	0
183	0	0
184	0	0.004495344107888257
185	0	0.00042812801027507225
186	0	0
187	0	0
188	0	0.00021406400513753612
189	0	0.005565664133575939
190	0	0.0010703200256876805
191	0	0.08776624210638981
192	0	0.00032109600770630417
193	0	1.464197795140747
194	0	0.0027828320667879695
195	0	42.307609975382526
196	0	0
197	0	15.089371722144882
198	0	0.001712512041100289
199	0	0.0047094081130257944
200	0	0.0008562560205501445
201	0	0.054693353312640476
202	0	0
203	0	0
204	0	0.0009632880231189126
205	0	0.02140640051375361
206	0	0.00042812801027507225
207	0	0.0012843840308252167
208	0	0.0008562560205501445
209	0	0.011131328267151878
210	0	0.061650433479610404
211	0	0.00021406400513753612
212	0	0.3294445039066681
213	0	0.0010703200256876805
214	0	0.5495023011880552
215	0	0.0032109600770630414
216	0	0
217	0	0.009418816226051589
218	0	0.001926576046237825
219	0	0
220	0	0
221	0	0.006421920154126083
222	0	0.20389596489350315
223	0	0.020122016482928395
224	0	0.0007492240179813764
225	0	0
226	0	0.005137536123300867
227	0	0
228	0	0
229	0	0.00032109600770630417
230	0	0.0023547040565128972
231	0	0.0032109600770630414
232	0	0.005137536123300867
233	0	0
234	0	0.014984480359627529
235	0	0.016589960398159048
236	0	0.0014984480359627528
237	0	0
238	0	0.012308680295408327
239	0	0
240	0	0.00032109600770630417
241	0	0
242	0	0
243	0	0.0010703200256876805
244	0	0.010703200256876806
245	0	0.00032109600770630417
246	0	0
247	0	0
248	0	0.028363480680723537
249	0	0.0010703200256876805
250	0	0
251	0	0
252	0	0.00042812801027507225
253	0	0.014556352349352457
254	0	0.9664989831959756
255	0	0.002140640051375361
256	0	0.021941560526597452
257	0	0.0006421920154126083
258	0	0.07417317778015627
259	0	0.0008562560205501445
260	0	0.00385315209247565
261	0	0.0006421920154126083
262	0	0.0027828320667879695
263	0	0.0025687680616504334
264	0	0
265	0	0
266	0	15.582040029968924
267	0	0
268	0	0.016589960398159048
269	0	0.00042812801027507225
270	0	0.1843091084234186
271	0	0
272	0	0
273	0	0.0009632880231189126
274	0	0
275	0	0.004495344107888258
276	0	0.0005351600128438403
277	0	0.09889757037354169
278	0	0.0007492240179813764
279	0	0.0005351600128438403
280	0	0.19522637268543294
281	0	0.0008562560205501445
282	0	0
283	0	0.002033608048806593
284	0	0.008134432195226372
285	0	0
286	0	0.0007492240179813764
287	0	0.0007492240179813764
288	0	0.0010703200256876805
289	0	0.00385315209247565
290	0	0
291	0	0.0005351600128438403
292	0	0
293	0	0.0009632880231189126
294	0	0
295	0	0.015091512362196295
296	0	0.00032109600770630417
297	0	0
298	0	0.0005351600128438403
299	0	0
300	0	0.005351600128438403
301	0	0.002140640051375361
302	0	0
303	0	0
304	0	0.004495344107888258
305	0	0
306	0	0.02087124050090977
307	0	0.001712512041100289
308	0	1.6183238788397731
309	0	0
310	0	0
311	0	0.004067216097613186
312	0	0.0005351600128438403
313	0	0.0005351600128438403
314	0	0.0010703200256876805
315	0	0.3756823290163759
316	0	0
317	0	0.0008562560205501445
318	0	0.0007492240179813764
319	0	0
320	0	0
321	0	0
322	0	0.00021406400513753612
323	0	0.0014984480359627528
324	0	0.02140640051375361
325	0	0.0006421920154126083
326	0	0.1096007706304185
327	0	0.0385315209247565
328	0	0.0008562560205501445
329	0	0
330	0	0.0010703200256876805
331	0	0
332	0	0.3596275286310607
333	0	0.0005351600128438403
334	0	0.0008562560205501445
335	0	0
336	0	0
337	0	14.353633736487168
338	0	0
339	0	0
340	0	0.0061008241464197786
341	0	0
342	0	0.02140640051375361
343	0	0.3930215134325163
344	0	0.0047094081130257944
345	0	0.00021406400513753612
346	0	0.003210960077063042
347	0	0
348	0	0.0006421920154126083
349	0	0
350	0	0.00663598415926362
351	0	0.012522744300545861
352	0	0.00032109600770630417
353	0	0.2774269506582468
354	0	0.0007492240179813764
355	0	0
356	0	0.004067216097613186
357	0	0.0005351600128438403
358	0	0.007064112169538691
359	0	0.025152520603660494
360	0	0.0048164401155945625
361	0	0
362	0	0.0034250240822005775
363	0	0.002140640051375361
364	0	0.004495344107888257
365	0	0.00032109600770630417
366	0	0.005137536123300866
367	0	0
368	0	0.0006421920154126083
369	0	0
370	0	0.0012843840308252167
371	0	3.677833672268003
372	0	0.011238360269720644
373	0	0
374	0	0
375	0	0.005779728138713474
376	0	0
377	0	0.029968960719255054
378	0	0.0011773520282564486
379	0	0.0012843840308252167
380	0	0
381	0	0
382	0	0.6242106389810553
383	0	0.0005351600128438403
384	0	0.0006421920154126083
385	0	0.0011773520282564486
386	0	0
387	0	0.0010703200256876805
388	0	0.003210960077063042
389	0	0.0007492240179813764
390	0	0
391	0	0
392	0	0.08733811409611474
393	0	0.0006421920154126083
394	0	0
395	0	2.147490099539761
396	0	0.00032109600770630417
397	0	0
398	0	0
399	0	0.0008562560205501445
400	0	0.0005351600128438403
401	0	0
402	0	0.11420314674087552
403	0	0.0014984480359627528
404	0	0.002033608048806593
405	0	0
406	0	0.0006421920154126083
407	0	0.009846944236326661
408	0	0
409	0	0
410	0	0
411	0	3.2318313175639486
412	0	0
413	0	0.0062078561489885475
414	0	0
415	0	0.001605480038531521
416	0	0
417	0	0.020550144493203467
418	0	0.0008562560205501445
419	0	0.047094081130257946
420	0	0.003639088087338114
421	0	0
422	0	0
423	0	0
424	0	0.014449320346783688
425	0	0.008134432195226372
426	0	0.005458632131007171
427	0	0
428	0	0.0014984480359627528
429	0	0.001712512041100289
430	0	0.044953441078882585
431	0	0.028256448678154765
432	0	0.00021406400513753612
433	0	0
434	0	0
435	0	1.8266081558385945
436	0	0
437	0	0
438	0	0.0025687680616504334
439	0	0.00931178422348282
440	0	0.02087124050090977
441	0	0
442	0	0.00042812801027507225
443	0	0.05105426522530236
444	0	0.003639088087338114
445	0	0
446	0	0
447	0	0.011559456277426949
448	0	0
449	0	0.01551964037247137
450	0	0.0047094081130257944
451	0	0.00021406400513753612
452	0	0.003639088087338114
453	0	0.0006421920154126083
454	0	0.00021406400513753612
455	0	0.18302472439259337
456	0	0.06314888151557316
457	0	0.0006421920154126083
458	0	0.04281280102750722
459	0	0.08669592208070213
460	0	0.005779728138713475
461	0	0.0025687680616504334
462	0	0.005351600128438403
463	0	0.00032109600770630417
464	0	0
465	0	0.0023547040565128972
466	0	0
467	0	0.0023547040565128972
468	0	0.00042812801027507225
469	0	0.00042812801027507225
470	0	0.003425024082200578
471	0	0.0077063041849513
472	0	0.43412180241892323
473	0	0.0077063041849513
474	0	0.004281280102750722
475	0	0
476	0	0
477	0	0
478	0	0
479	0	0.0007492240179813764
480	0	0.23118912554853902
481	0	0
482	0	0.00021406400513753612
483	0	0.0006421920154126083
484	0	0
485	0	0.014556352349352455
486	0	0.0006421920154126083
487	0	0.004281280102750722
488	0	3.485176067644222
489	0	0
490	0	0.5685539976452959
491	0	0
492	0	0
493	0	0
494	0	0
495	0	0.007064112169538691
496	0	0.0048164401155945625
497	0	0
498	0	0.024082200577972813
499	0	0.00021406400513753612
500	0	0.00021406400513753612
501	0	0.0008562560205501445
502	0	0
503	0	0.008990688215776517
504	0	0.00032109600770630417
505	0	0
506	0	0.007064112169538691
507	0	0
508	0	0.0008562560205501445
509	0	0.00042812801027507225
510	0	0.0023547040565128972
511	0	0.3390773841378572
512	0	0
513	0	0
514	0	0
515	0	0
516	0	0.0029968960719255057
517	0	0
518	0	0.07032002568768062
519	0	0
520	0	0.00042812801027507225
521	0	0.0007492240179813764
522	0	0
523	0	0.004067216097613186
524	0	0.02183452852402868
525	0	0.0011773520282564486
526	0	0.010703200256876806
527	0	0
528	0	0.045274537086588885
529	0	0
530	0	0.017339184416140425
531	0	0.1377501873060045
532	0	0
533	0	0.003639088087338114
534	0	0.0027828320667879695
535	0	0
536	0	0.009632880231189125
537	0	0.016696992400727816
538	0	0
539	0	0.6733383281601198
540	0	0
541	0	0.010275072246601732
542	0	0.0006421920154126083
543	0	0.10157337043776088
544	0	0.10360697848656748
545	0	0.002033608048806593
546	0	0.005351600128438403
547	0	0.0014984480359627528
548	0	0.004281280102750722
549	0	0.0008562560205501445
550	0	0.005137536123300866
551	0	0.02697206464732955
552	0	0.01327196831852724
553	0	0
554	0	0.47629241143101786
555	0	0.0308252167398052
556	0	0.00021406400513753612
557	0	0
558	0	0.008562560205501444
559	0	0
560	0	0.0006421920154126083
561	0	0.0014984480359627528
562	0	0.08348496200363908
563	0	0.010703200256876806
564	0	0.001605480038531521
565	0	0.0254736166113668
566	0	0.0010703200256876805
567	0	0
568	0	0.041207320988975706
569	0	0
570	0	0.012201648292839557
571	0	0.010596168254308036
572	0	0.0012843840308252167
573	0	0.0036390880873381137
574	0	0
575	0	0
576	0	0.0023547040565128972
577	0	0.0014984480359627528
578	0	0.0006421920154126083
579	0	0.0048164401155945625
580	0	0.00010703200256876806
581	0	0
582	0	0.0025687680616504334
583	0	0
584	0	0.0007492240179813764
585	0	0
586	0	0
587	0	0.0006421920154126083
588	0	0
589	0	0
590	0	0
591	0	0
592	0	0.017981376431553033
593	0	0.11270469870491277
594	0	0.004281280102750722
595	0	0
596	0	0
597	0	0
598	0	0.00032109600770630417
599	0	0.00042812801027507225
600	0	0
601	0	0
602	0	0.00032109600770630417
603	0	0
604	0	0.2697206464732955
605	0	0.19522637268543294
606	0	0.01584073638017767
607	0	0.0284705126832923
608	0	0.014984480359627529
609	0	0.011131328267151878
610	0	0.01584073638017767
611	0	0.0012843840308252167
612	0	0.00042812801027507225
613	0	0.0005351600128438403
614	0	0.015412608369902601
615	0	0.0005351600128438403
616	0	0.061650433479610404
617	0	0
618	0	0.010275072246601734
619	0	0
620	0	0.0006421920154126083
621	0	0.8091619394198866
622	0	0
623	0	0.11409611473830675
624	0	0.0038531520924756503
625	0	0.04302686503264476
626	0	0.0010703200256876805
627	0	0
628	0	0.0005351600128438403
629	0	0
630	0	0.0047094081130257944
631	0	0.00010703200256876806
632	0	0.0006421920154126083
633	0	0
634	0	0
635	0	0
636	0	0
637	0	0
638	0	0
639	0	0
640	0	0
641	0	0.0029968960719255057
642	0	0.0023547040565128972
643	0	0.001712512041100289
644	0	0.001605480038531521
645	0	0.0006421920154126083
646	0	0.023761104570266506
647	0	0.004923472118163331
648	0	0.00010703200256876806
649	0	0
650	0	0.0007492240179813764
651	0	0
652	0	0.0539441292946591
653	0	0
654	0	0.0012843840308252167
655	0	0.001712512041100289
656	0	0
657	0	0.0034250240822005775
658	0	0.03467836883228085
659	0	0
660	0	0
661	0	0
662	0	0
663	0	0.00032109600770630417
664	0	0.003425024082200578
665	0	0.13614470726747296
666	0	0.0006421920154126083
667	0	0
668	0	0.006850048164401156
669	0	16.98811944771482
670	0	0.003532056084769346
671	0	0.003639088087338114
672	0	0.016054800385315208
673	0	0.0017125120411002888
674	0	0
675	0	0.023011880552285133
676	0	0
677	0	0.00032109600770630417
678	0	0.0013914160333939848
679	0	0.01327196831852724
680	0	0.13186342716472224
681	0	0
682	0	0
683	0	0.0011773520282564486
684	0	0
685	0	0.00021406400513753612
686	0	0.059937921438510115
687	0	0.02632987263191694
688	0	0
689	0	0.004281280102750722
690	0	0.010275072246601734
691	0	0
692	0	0.0027828320667879695
693	0	0.2003639088087338
694	0	0.00021406400513753612
695	0	0.00032109600770630417
696	0	0
697	0	0.0005351600128438403
698	0	0
699	0	0.008348496200363908
700	0	0.00010703200256876806
701	0	0
702	0	0.02087124050090977
703	0	0
704	0	0.0013914160333939848
705	0	0.021834528524028684
706	0	0
707	0	0.027721288665310925
708	0	0
709	0	0.0007492240179813764
710	0	0
711	0	0
712	0	0
713	0	0
714	0	0.001712512041100289
715	0	0
716	0	0
717	0	0
718	0	0.0382104249170502
719	0	0.00042812801027507225
720	0	0
721	0	0.0010703200256876805
722	0	0.0012843840308252167
723	0	0
724	0	1.185486460451675
725	0	0
726	0	0.19693888472653323
727	0	0.009418816226051589
728	0	0
729	0	0
730	0	0.0013914160333939848
731	0	0.005458632131007171
732	0	0.0029968960719255057
733	0	0
734	0	0
735	0	0
736	0	0
737	0	0.0006421920154126083
738	0	0
739	0	0
740	0	0
741	0	0
742	0	0
743	0	0
744	0	0.0005351600128438403
745	0	0.3159584715830033
746	0	0
747	0	0.03146740875521781
748	0	0.00021406400513753612
749	0	0.005137536123300867
750	0	0.0038531520924756503
751	0	0
752	0	0.1588354918120518
753	0	0.0006421920154126083
754	0	0.0024617360590816653
755	0	0
756	0	0.021941560526597452
757	0	0.052231617253558814
758	0	0.0025687680616504334
759	0	0.03168147276035534
760	0	0.0009632880231189126
761	0	0
762	0	0
763	0	0.28384887081237287
764	0	0.0025687680616504334
765	0	0
766	0	0.00032109600770630417
767	0	0.00021406400513753612
768	0	0.048806593171358235
769	0	0.0006421920154126083
770	0	0
771	0	0.0010703200256876805
772	0	0.0062078561489885475
773	0	0.001605480038531521
774	0	0.006421920154126083
775	0	0.00032109600770630417
776	0	0.004923472118163331
777	0	0.39730279353526704
778	0	0.0005351600128438403
779	0	0
780	0	0.002889864069356737
781	0	0.0005351600128438403
782	0	0.00021406400513753612
783	0	0
784	0	0.0006421920154126083
785	0	0.06743016161832388
786	0	0.0007492240179813764
787	0	0.0011773520282564486
788	0	0.010275072246601734
789	0	0
790	0	0.19522637268543294
791	0	0.001712512041100289
792	0	0.0010703200256876805
793	0	0
794	0	0.05169645724071498
795	0	0.00032109600770630417
796	0	0.06646687359520496
797	0	0.044953441078882585
798	0	0.0048164401155945625
799	0	0.00010703200256876806
800	0	0
801	0	0.005565664133575939
802	0	0.00032109600770630417
803	0	0
804	0	0
805	0	0
806	0	0.006850048164401155
807	0	0
808	0	0.011238360269720646
809	0	0
810	0	0
811	0	0.008990688215776517
812	0	0.0005351600128438403
813	0	0.12244461093867065
814	0	0.00032109600770630417
815	0	0.0014984480359627528
816	0	0.00385315209247565
817	0	0.0007492240179813764
818	0	0.008134432195226372
819	0	0.008348496200363908
820	0	0.01091726426201434
821	0	0.21192336508616075
822	0	0.0023547040565128972
823	0	0.00021406400513753612
824	0	0
825	0	0.11452424274858182
826	0	0.0027828320667879695
827	0	0.0027828320667879695
828	0	0.0006421920154126083
829	0	0
830	0	0.0005351600128438403
831	0	0
832	0	0.0010703200256876805
833	0	0
834	0	0
835	0	0
836	0	0.001926576046237825
837	0	0.4546719469121267
838	0	0.05009097720218345
839	0	0
840	0	0.0008562560205501445
841	0	0.0025687680616504334
842	0	0.13496735523921652
843	0	0.0006421920154126083
844	0	0.1233008669592208
845	0	0.0029968960719255057
846	0	0.05030504120732099
847	0	0.0006421920154126083
848	0	0
849	0	0.0014984480359627528
850	0	0
851	0	0.0010703200256876805
852	0	0.0010703200256876805
853	0	0
854	0	0.00032109600770630417
855	0	0
856	0	0.017339184416140425
857	0	0
858	0	0.01551964037247137
859	0	0
860	0	0.0005351600128438403
861	0	0.01155945627742695
862	0	0.2887723429305362
863	0	0.01873060044953441
864	0	0
865	0	0.0010703200256876805
866	0	0.00042812801027507225
867	0	0.0005351600128438403
868	0	0
869	0	0.040458096970994326
870	0	0
871	0	0
872	0	0
873	0	0
874	0	0
875	0	0
876	0	0.3933426094402226
877	0	0
878	0	0
879	0	0.01712512041100289
880	0	0.01766028042384673
881	0	0
882	0	0
883	0	0.4906346997752328
884	0	0.0010703200256876805
885	0	0
886	0	0.003210960077063042
887	0	0
888	0	0.0047094081130257944
889	0	0
890	0	0.0012843840308252167
891	0	0.001819544043669057
892	0	0.008669592208070212
893	0	0.0006421920154126083
894	0	0.01551964037247137
895	0	0.008134432195226372
896	0	0.0008562560205501445
897	0	0
898	0	0.001605480038531521
899	0	0.003210960077063042
900	0	0
901	0	0
902	0	0
903	0	0
904	0	0.0009632880231189126
905	0	0
906	0	0.005137536123300866
907	0	0.008669592208070212
908	0	0
909	0	0
910	0	0
911	0	0.00021406400513753612
912	0	0.00042812801027507225
913	0	0
914	0	0.005137536123300867
915	0	0
916	0	0
917	0	0.006743016161832387
918	0	0
919	0	0.003532056084769346
920	0	0
921	0	0.0029968960719255057
922	0	0.00021406400513753612
923	0	0.00042812801027507225
924	0	0.0008562560205501445
925	0	0
926	0	0.010275072246601734
927	0	0.014128224339077384
928	0	0
929	0	0
930	0	0.5398694209568661
931	0	0.013700096328802312
932	0	0.002140640051375361
933	0	0.1363587712726105
934	0	0.0008562560205501445
935	0	0.001926576046237825
936	0	0.0013914160333939848
937	0	0
938	0	0
939	0	0.002140640051375361
940	0	0
941	0	0
942	0	0.03146740875521781
943	0	0.001712512041100289
944	0	0
945	0	0.0023547040565128972
946	0	0
947	0	0.0009632880231189126
948	0	0
949	0	0
950	0	0.004495344107888258
951	0	0
952	0	0
953	0	0.0008562560205501445
954	0	0
955	0	0.0008562560205501445
956	0	0.005779728138713474
957	0	0
958	0	0
959	0	0.0008562560205501445
960	0	0.0073852081772449955
961	0	0
962	0	0.001605480038531521
963	0	0.020229048485497163
964	0	0.00010703200256876806
965	0	0
966	0	0
967	0	0.018409504441828105
968	0	0.0008562560205501445
969	0	0.0073852081772449955
970	0	0.0005351600128438403
971	0	0.00032109600770630417
972	0	0
973	0	0.00021406400513753612
974	0	0
975	0	0.0005351600128438403
976	0	0.010703200256876806
977	0	0.0014984480359627528
978	0	0.02632987263191694
979	0	0.0014984480359627528
980	0	0.002140640051375361
981	0	0.006850048164401156
982	0	0
983	0	0
984	0	0
985	0	0.005779728138713474
986	0	0.008027400192657604
987	0	0.024617360590816654
988	0	0.0007492240179813764
989	0	0.0027828320667879695
990	0	0.002889864069356737
991	0	0.0005351600128438403
992	0	0.5635234935245639
993	0	0.0029968960719255057
994	0	0.0029968960719255057
995	0	0.018837632452103178
996	0	0.00042812801027507225
997	0	0.00042812801027507225
998	0	0
999	0	0.026222840629348175
1000	0	0.0077063041849513
1001	0	0.029219736701273678
1002	0	0
1003	0	0.00032109600770630417
1004	0	0.00042812801027507225
1005	0	0.5873916300973991
1006	0	0.0032109600770630414
1007	0	0.0009632880231189126
1008	0	0.09739912233757894
1009	0	0.00010703200256876806
1010	0	0.001712512041100289
1011	0	0
1012	0	0.0008562560205501445
1013	0	0.0017125120411002888
1014	0	0.00042812801027507225
1015	0	0
1016	0	0
1017	0	0.0029968960719255057
1018	0	0.012843840308252167
1019	0	0.0036390880873381137
1020	0	0.00032109600770630417
1021	0	0.005779728138713474
1022	0	0
1023	0	0.005565664133575939
1024	0	0.0006421920154126083
1025	0	0.005137536123300867
1026	0	0.002140640051375361
1027	0	0.0023547040565128972
1028	0	0.00032109600770630417
1029	0	0.0008562560205501445
1030	0	0.07813336187520067
1031	0	0.003210960077063042
1032	0	0.003210960077063042
1033	0	0.03681900888365621
1034	0	0
1035	0	0.005137536123300866
1036	0	0
1037	0	0.00042812801027507225
1038	0	0.0036390880873381137
1039	0	0.002140640051375361
1040	0	0
1041	0	0.020122016482928395
1042	0	0
1043	0	0.0029968960719255057
1044	0	0
1045	0	0
1046	0	0
1047	0	0.0013914160333939848
1048	0	0.00021406400513753612
1049	0	0
1050	0	0.00042812801027507225
1051	0	0
1052	0	0
1053	0	0.009632880231189125
1054	0	0
1055	0	0.0009632880231189126
1056	0	0.0284705126832923
1057	0	0.002140640051375361
1058	0	0.001926576046237825
1059	0	0
1060	0	0.008669592208070212
1061	0	0.0006421920154126083
1062	0	0
1063	0	0
1064	0	0.0007492240179813764
1065	0	0.05244568125869634
1066	0	0.0005351600128438403
1067	0	0.00042812801027507225
1068	0	0
1069	0	0.004174248100181954
1070	0	0.002140640051375361
1071	0	0
1072	0	0.0006421920154126083
1073	0	0.00385315209247565
1074	0	0
1075	0	0.0010703200256876805
1076	0	0
1077	0	0.0006421920154126083
1078	0	0.006743016161832387
1079	0	0.00545863213100717
1080	0	0.0308252167398052
1081	0	0
1082	0	0.0005351600128438403
1083	0	0
1084	0	0
1085	0	0.01990795247779086
1086	0	0.03157444075778658
1087	0	0.0010703200256876805
1088	0	0
1089	0	0
1090	0	0.0008562560205501445
1091	0	0.0385315209247565
1092	0	0
1093	0	0.001605480038531521
1094	0	0
1095	0	0.001712512041100289
1096	0	0.0061008241464197786
1097	0	0
1098	0	0.07513646580327517
1099	0	0.0007492240179813764
1100	0	0.07385208177244997
1101	0	0
1102	0	0
1103	0	0.010703200256876806
1104	0	0
1105	0	0.0005351600128438403
1106	0	0.057797281387134754
1107	0	0
1108	0	0.00042812801027507225
1109	0	0.00042812801027507225
1110	0	0.00010703200256876806
1111	0	0
1112	0	0.011987584287702023
1113	0	0
1114	0	0.008990688215776515
1115	0	0.007064112169538691
1116	0	0.00021406400513753612
1117	0	0.01316493631595847
1118	0	0
1119	0	0.00042812801027507225
1120	0	0
1121	0	0.028256448678154765
1122	0	0.0010703200256876805
1123	0	0.0023547040565128972
1124	0	0.1849513004388312
1125	0	0
1126	0	0.006850048164401156
1127	0	0.04366905704805737
1128	0	0.0023547040565128972
1129	0	0
1130	0	0.013379000321096008
1131	0	0
1132	0	0.013700096328802312
1133	0	0.00042812801027507225
1134	0	0.0005351600128438403
1135	0	0.01155945627742695
1136	0	0.00032109600770630417
1137	0	0.0010703200256876805
1138	0	0.00042812801027507225
1139	0	0
1140	0	0.0010703200256876805
1141	0	0
1142	0	0.006850048164401155
1143	0	0.0008562560205501445
1144	0	0.10275072246601732
1145	0	0.006421920154126083
1146	0	0.008348496200363908
1147	0	0.0005351600128438403
1148	0	0
1149	0	0.002033608048806593
1150	0	0
1151	0	0
1152	0	0
1153	0	0.00042812801027507225
1154	0	0
1155	0	0
1156	0	0
1157	0	0.006421920154126083
1158	0	0.008669592208070212
1159	0	0
1160	0	0.001712512041100289
1161	0	0
1162	0	0.003639088087338114
1163	0	0.0023547040565128972
1164	0	0.20721395697313497
1165	0	0
1166	0	0.004281280102750722
1167	0	0.0023547040565128972
1168	0	0.00032109600770630417
1169	0	0
1170	0	0.0011773520282564486
1171	0	0.00021406400513753612
1172	0	0.009846944236326661
1173	0	0.003210960077063042
1174	0	0.01873060044953441
1175	0	0
1176	0	0.001926576046237825
1177	0	0.0029968960719255057
1178	0	0.022476720539441292
1179	0	0.0027828320667879695
1180	0	0.0005351600128438403
1181	0	0.0005351600128438403
1182	0	0
1183	0	0.00385315209247565
1184	0	0
1185	0	0
1186	0	0
1187	0	0.009418816226051589
1188	0	0
1189	0	0
1190	0	0.001926576046237825
1191	0	0
1192	0	0.0154126083699026
1193	0	0
1194	0	0.0012843840308252167
1195	0	0.00042812801027507225
1196	0	0.02568768061650433
1197	0	0
1198	0	2.379963609119126
1199	0	0
1200	0	0
1201	0	0.00042812801027507225
1202	0	0.0006421920154126083
1203	0	0
1204	0	0.00042812801027507225
1205	0	0
1206	0	0
1207	0	0
1208	0	0.00032109600770630417
1209	0	0.011559456277426949
1210	0	0.00042812801027507225
1211	0	0.011131328267151878
1212	0	0.0007492240179813764
1213	0	0.0005351600128438403
1214	0	0.00995397623889543
1215	0	0.008990688215776517
1216	0	0
1217	0	0.00385315209247565
1218	0	0.0012843840308252167
1219	0	0.1316493631595847
1220	0	0
1221	0	0.003210960077063042
1222	0	1.8116236754789683
1223	0	0
1224	0	0.04334796104035106
1225	0	0.0013914160333939848
1226	0	0
1227	0	0.006743016161832387
1228	0	0.00021406400513753612
1229	0	0.0008562560205501445
1230	0	0.0006421920154126083
1231	0	0.08958578615005887
1232	0	0.01712512041100289
1233	0	0
1234	0	0
1235	0	0.00032109600770630417
1236	0	0
1237	0	0
1238	0	0.03746120089906882
1239	0	0
1240	0	0
1241	0	0
1242	0	0.0017125120411002888
1243	0	0.0007492240179813764
1244	0	0.00032109600770630417
1245	0	0
1246	0	0
1247	0	0.0011773520282564486
1248	0	0
1249	0	0.0023547040565128972
1250	0	0.0007492240179813764
1251	0	0.0007492240179813764
1252	0	0.00032109600770630417
1253	0	0
1254	0	0.00545863213100717
1255	0	0
1256	0	0.0007492240179813764
1257	0	0
1258	0	0.001605480038531521
1259	0	0.0010703200256876805
1260	0	0.0006421920154126083
1261	0	0.8237182917692389
1262	0	0.0012843840308252167
1263	0	0
1264	0	0.11174141068179386
1265	0	0
1266	0	0.26522530236540726
1267	0	0
1268	0	0.016268864390452744
1269	0	0.002140640051375361
1270	0	0.00021406400513753612
1271	0	0.0008562560205501445
1272	0	0.0006421920154126083
1273	0	0.001926576046237825
1274	0	0.0027828320667879695
1275	0	0.003639088087338114
1276	0	0.0025687680616504334
1277	0	0
1278	0	0
1279	0	0.0006421920154126083
1280	0	0.0006421920154126083
1281	0	0.0008562560205501445
1282	0	0
1283	0	0.0231189125548539
1284	0	0.047094081130257946
1285	0	0
1286	0	0.0693567376645617
1287	0	0.0005351600128438403
1288	0	0.001926576046237825
1289	0	0
1290	0	0
1291	0	0.02632987263191694
1292	0	0
1293	0	0.2928395590281494
1294	0	0.02632987263191694
1295	0	0
1296	0	0.005137536123300867
1297	0	0
1298	0	0.0010703200256876805
1299	0	0
1300	0	0.013914160333939848
1301	0	0
1302	0	0.002247672053944129
1303	0	0
1304	0	0.0010703200256876805
1305	0	0.0010703200256876805
1306	0	0
1307	0	0
1308	0	0.010703200256876806
1309	0	0.0005351600128438403
1310	0	0
1311	0	0.00010703200256876806
1312	0	0.09119126618859039
1313	0	0
1314	0	0
1315	0	0.03724713689393128
1316	0	0.0006421920154126083
1317	0	0.001926576046237825
1318	0	0.048806593171358235
1319	0	0
1320	0	0
1321	0	0.00042812801027507225
1322	0	0
1323	0	0.0008562560205501445
1324	0	0.00032109600770630417
1325	0	0
1326	0	0.06421920154126083
1327	0	0.0014984480359627528
1328	0	0
1329	0	0
1330	0	0
1331	0	0.00042812801027507225
1332	0	0.001926576046237825
1333	0	0
1334	0	0
1335	0	0.0008562560205501445
1336	0	0.0154126083699026
1337	0	0
1338	0	0
1339	0	0.0009632880231189126
1340	0	0.0047094081130257944
1341	0	0.0010703200256876805
1342	0	0.008669592208070212
1343	0	0.0023547040565128972
1344	0	0.00995397623889543
1345	0	0.1108851546612437
1346	0	0
1347	0	0.00042812801027507225
1348	0	0
1349	0	0.0007492240179813764
1350	0	0.0005351600128438403
1351	0	0
1352	0	0
1353	0	0
1354	0	0
1355	0	0.0027828320667879695
1356	0	0
1357	0	0
1358	0	0
1359	0	0.00042812801027507225
1360	0	0.0007492240179813764
1361	0	0
1362	0	0
1363	0	0.0008562560205501445
1364	0	0.00042812801027507225
1365	0	0
1366	0	0
1367	0	0.027614256662742157
1368	0	0.0007492240179813764
1369	0	0
1370	0	0.0007492240179813764
1371	0	0
1372	0	0.00021406400513753612
1373	0	0
1374	0	0.008669592208070212
1375	0	0
1376	0	0.0011773520282564486
1377	0	0
1378	0	0.00021406400513753612
1379	0	0.0006421920154126083
1380	0	0.005351600128438403
1381	0	0
1382	0	0
1383	0	0.00042812801027507225
1384	0	0.0006421920154126083
1385	0	0
1386	0	0.002140640051375361
1387	0	0.0005351600128438403
1388	0	0.0005351600128438403
1389	0	0
1390	0	0.0025687680616504334
1391	0	0.1377501873060045
1392	0	0
1393	0	0.00032109600770630417
1394	0	0.0073852081772449955
1395	0	0
1396	0	0.0012843840308252167
1397	0	0.17810125227443005
1398	0	0
1399	0	0.016589960398159048
1400	0	0.001712512041100289
1401	0	0
1402	0	0
1403	0	0.0005351600128438403
1404	0	0
1405	0	0
1406	0	0
1407	0	0.0014984480359627528
1408	0	0
1409	0	0.018409504441828105
1410	0	0.0014984480359627528
1411	0	0
1412	0	0.0010703200256876805
1413	0	0.0005351600128438403
1414	0	0
1415	0	0.12244461093867066
1416	0	0.001926576046237825
1417	0	0
1418	0	0.004174248100181954
1419	0	0
1420	0	0.0007492240179813764
1421	0	0.0028898640693567376
1422	0	0
1423	0	0.003210960077063042
1424	0	0.0010703200256876805
1425	0	0.0008562560205501445
1426	0	0.9720646473295516
1427	0	0.0007492240179813764
1428	0	0.0012843840308252167
1429	0	0.0005351600128438403
1430	0	0.0077063041849513
1431	0	0.0029968960719255057
1432	0	0.010275072246601734
1433	0	0.005137536123300867
1434	0	0.0008562560205501445
1435	0	0
1436	0	0
1437	0	0.09953976238895429
1438	0	0
1439	0	0.0005351600128438403
1440	0	0.22926254950230118
1441	0	0
1442	0	0.00042812801027507225
1443	0	0.001712512041100289
1444	0	0
1445	0	0.0005351600128438403
1446	0	0.008027400192657604
1447	0	0
1448	0	0.012308680295408327
1449	0	0.04538156908915766
1450	0	0
1451	0	0.0013914160333939848
1452	0	0
1453	0	0.00042812801027507225
1454	0	0
1455	0	0.004067216097613186
1456	0	0
1457	0	0.0006421920154126083
1458	0	0.0009632880231189126
1459	0	0
1460	0	0.009311784223482819
1461	0	0.0032109600770630414
1462	0	0.01766028042384673
1463	0	0.0010703200256876805
1464	0	0
1465	0	0.0009632880231189126
1466	0	0
1467	0	0
1468	0	0.005137536123300866
1469	0	0.0006421920154126083
1470	0	0
1471	0	0.0023547040565128972
1472	0	0.026972064647329548
1473	0	0.059937921438510115
1474	0	0.0005351600128438403
1475	0	0
1476	0	0
1477	0	0.003210960077063042
1478	0	0
1479	0	0
1480	0	0
1481	0	0
1482	0	0.003210960077063042
1483	0	0.0009632880231189126
1484	0	0
1485	0	0.0032109600770630414
1486	0	0
1487	0	0
1488	0	0.0012843840308252167
1489	0	0
1490	0	0.0007492240179813764
1491	0	0.11184844268436261
1492	0	0
1493	0	0
1494	0	0
1495	0	0
1496	0	0.0010703200256876805
1497	0	0.0007492240179813764
1498	0	0.0059937921438510105
1499	0	0.0007492240179813764
1500	0	0
1501	0	0.016589960398159048
1502	0	0
1503	0	0
1504	0	0.00042812801027507225
1505	0	0
1506	0	0.014984480359627527
1507	0	0.1374290912982982
1508	0	0
1509	0	0.00042812801027507225
1510	0	0.0010703200256876805
1511	0	0.008348496200363908
1512	0	0.0007492240179813764
1513	0	0.00032109600770630417
1514	0	0.0005351600128438403
1515	0	0.0027828320667879695
1516	0	0.0008562560205501445
1517	0	0
1518	0	0.5747618537942845
1519	0	0
1520	0	0.029968960719255058
1521	0	0
1522	0	0.0008562560205501445
1523	0	0
1524	0	0.00021406400513753612
1525	0	0.00042812801027507225
1526	0	0.07224660173391843
1527	0	0
1528	0	0.0385315209247565
1529	0	0.009632880231189125
1530	0	0.001605480038531521
1531	0	0.007064112169538691
1532	0	0.00042812801027507225
1533	0	0.0008562560205501445
1534	0	0.01862356844696564
1535	0	0.001926576046237825
1536	0	0
1537	0	0.0029968960719255057
1538	0	0.00021406400513753612
1539	0	0
1540	0	0
1541	0	0.013914160333939848
1542	0	0.0029968960719255057
1543	0	0.0011773520282564486
1544	0	0.0019265760462378251
1545	0	0
1546	0	0.00032109600770630417
1547	0	0
1548	0	0.0023547040565128972
1549	0	0.013486032323664774
1550	0	0
1551	0	0.0013914160333939848
1552	0	0.0006421920154126083
1553	0	0
1554	0	0
1555	0	0.002247672053944129
1556	0	0
1557	0	0
1558	0	0.0006421920154126083
1559	0	0.0008562560205501445
1560	0	0.00385315209247565
1561	0	0.00042812801027507225
1562	0	0.00931178422348282
1563	0	0.0006421920154126083
1564	0	0.0025687680616504334
1565	0	0
1566	0	0
1567	0	0.00032109600770630417
1568	0	0.2492775339826608
1569	0	0
1570	0	0.0027828320667879695
1571	0	0
1572	0	0
1573	0	0.0005351600128438403
1574	0	0.007492240179813764
1575	0	0.0007492240179813764
1576	0	0
1577	0	0
1578	0	0
1579	0	0
1580	0	0
1581	0	0
1582	0	0.0006421920154126083
1583	0	0.009311784223482819
1584	0	0.006743016161832387
1585	0	0
1586	0	0.00032109600770630417
1587	0	0.028898640693567373
1588	0	0
1589	0	0.004495344107888258
1590	0	0
1591	0	0
1592	0	0.028256448678154765
1593	0	0
1594	0	0
1595	0	0
1596	0	0
1597	0	0.0074922401798137635
1598	0	0.001605480038531521
1599	0	0.0034250240822005775
1600	0	0.0005351600128438403
1601	0	0
1602	0	0.001819544043669057
1603	0	0
1604	0	0.0027828320667879695
1605	0	0.00042812801027507225
1606	0	0
1607	0	0
1608	0	0.00042812801027507225
1609	0	0
1610	0	0.00042812801027507225
1611	0	0.004067216097613186
1612	0	0.004067216097613186
1613	0	0.0007492240179813764
1614	0	0.0035320560847693456
1615	0	0.0005351600128438403
1616	0	0
1617	0	0.0008562560205501445
1618	0	0.0008562560205501445
1619	0	0.0006421920154126083
1620	0	0
1621	0	0.015733704377608904
1622	0	0.0005351600128438403
1623	0	0
1624	0	0.0048164401155945625
1625	0	0
1626	0	0
1627	0	0
1628	0	0.0254736166113668
1629	0	0
1630	0	0
1631	0	0.00032109600770630417
1632	0	0
1633	0	0
1634	0	0
1635	0	0.00042812801027507225
1636	0	0.0025687680616504334
1637	0	0.0009632880231189126
1638	0	0
1639	0	0
1640	0	0
1641	0	0
1642	0	0
1643	0	0.03564165685539976
1644	0	0
1645	0	0.0009632880231189126
1646	0	0.008990688215776517
1647	0	0
1648	0	0.0027828320667879695
1649	0	0.0014984480359627528
1650	0	0.0023547040565128972
1651	0	0.0005351600128438403
1652	0	0.0462378251097078
1653	0	0.0005351600128438403
1654	0	0.0005351600128438403
1655	0	0
1656	0	0
1657	0	0
1658	0	0
1659	0	0
1660	0	0
1661	0	0.0036390880873381137
1662	0	0.0005351600128438403
1663	0	0
1664	0	0
1665	0	0.0010703200256876805
1666	0	0
1667	0	0.0010703200256876805
1668	0	0
1669	0	0
1670	0	0.00032109600770630417
1671	0	0
1672	0	0
1673	0	0.0007492240179813764
1674	0	0.0005351600128438403
1675	0	0
1676	0	0
1677	0	0
1678	0	0
1679	0	1.325270255806486
1680	0	0.007064112169538691
1681	0	0.0048164401155945625
1682	0	0
1683	0	0.001712512041100289
1684	0	0
1685	0	0.0032109600770630414
1686	0	0.021727496521459916
1687	0	0.0013914160333939848
1688	0	0.0023547040565128972
1689	0	0
1690	0	0.00021406400513753612
1691	0	0.0007492240179813764
1692	0	0
1693	0	0
1694	0	0.00385315209247565
1695	0	0.0014984480359627528
1696	0	0.0035320560847693456
1697	0	0.0077063041849513
1698	0	0.00021406400513753612
1699	0	0.0077063041849513
1700	0	0.00010703200256876806
1701	0	0
1702	0	0.00032109600770630417
1703	0	0.0008562560205501445
1704	0	0.022476720539441292
1705	0	0.0014984480359627528
1706	0	0.00032109600770630417
1707	0	0.08487637803703307
1708	0	0
1709	0	0
1710	0	0
1711	0	0.022476720539441292
1712	0	0.005779728138713474
1713	0	0.00032109600770630417
1714	0	0
1715	0	0.01980092047522209
1716	0	0
1717	0	0
1718	0	0.0009632880231189126
1719	0	0.001712512041100289
1720	0	0.06678796960291127
1721	0	0.011987584287702023
1722	0	0.0009632880231189126
1723	0	0.001926576046237825
1724	0	0.005137536123300867
1725	0	0.01155945627742695
1726	0	0.048806593171358235
1727	0	0.0013914160333939848
1728	0	0
1729	0	0.14770416354489993
1730	0	0
1731	0	0.07599272182382533
1732	0	0.007064112169538691
1733	0	0.0029968960719255057
1734	0	0.0006421920154126083
1735	0	0
1736	0	0.0007492240179813764
1737	0	0
1738	0	0
1739	0	0.0007492240179813764
1740	0	0
1741	0	0.001605480038531521
1742	0	0.004281280102750722
1743	0	0
1744	0	0.0009632880231189126
1745	0	0
1746	0	0.0023547040565128972
1747	0	0.18880445253130687
1748	0	0
1749	0	0.2583752542010061
1750	0	0
1751	0	0.03724713689393128
1752	0	0
1753	0	0.004174248100181954
1754	0	0.0014984480359627528
1755	0	0.001712512041100289
1756	0	0.0036390880873381137
1757	0	0.003210960077063042
1758	0	0.00032109600770630417
1759	0	0
1760	0	0.0038531520924756503
1761	0	0.005779728138713475
1762	0	0.03895964893503157
1763	0	0.00042812801027507225
1764	0	0
1765	0	0
1766	0	0
1767	0	0
1768	0	0.006743016161832387
1769	0	0.0025687680616504334
1770	0	0.00021406400513753612
1771	0	0.0014984480359627528
1772	0	0
1773	0	0
1774	0	0.0385315209247565
1775	0	0.0005351600128438403
1776	0	0
1777	0	0.0014984480359627528
1778	0	0
1779	0	0.003210960077063042
1780	0	0.0010703200256876805
1781	0	0.0007492240179813764
1782	0	0.00032109600770630417
1783	0	0.0007492240179813764
1784	0	0
1785	0	0.005779728138713475
1786	0	0.013700096328802312
1787	0	0
1788	0	0.008134432195226372
1789	0	0.011131328267151878
1790	0	0.0035320560847693456
1791	0	0.0005351600128438403
1792	0	0
1793	0	0.0006421920154126083
1794	0	0.0010703200256876805
1795	0	0
1796	0	0
1797	0	0
1798	0	0.00032109600770630417
1799	0	0
1800	0	0.0006421920154126083
1801	0	0
1802	0	0
1803	0	0.0006421920154126083
1804	0	0.0005351600128438403
1805	0	0.0005351600128438403
1806	0	0
1807	0	0
1808	0	0
1809	0	0
1810	0	0.001712512041100289
1811	0	0
1812	0	0
1813	0	0
1814	0	0.004281280102750722
1815	0	0.013700096328802312
1816	0	0.004174248100181953
1817	0	0.0005351600128438403
1818	0	0
1819	0	0.0025687680616504334
1820	0	0.001712512041100289
1821	0	0.0009632880231189126
1822	0	0.00021406400513753612
1823	0	0.005779728138713475
1824	0	0.03264476078347426
1825	0	0.00042812801027507225
1826	0	0
1827	0	0.06207856148988548
1828	0	0
1829	0	0
1830	0	0.0005351600128438403
1831	0	0.003210960077063042
1832	0	0
1833	0	0.008134432195226372
1834	0	0.0028898640693567376
1835	0	0
1836	0	0
1837	0	0.00042812801027507225
1838	0	0
1839	0	0
1840	0	0.0006421920154126083
1841	0	0.0013914160333939848
1842	0	0.00032109600770630417
1843	0	0
1844	0	0
1845	0	0
1846	0	0
1847	0	0
1848	0	0
1849	0	0
1850	0	0
1851	0	0.001605480038531521
1852	0	0
1853	0	0.00032109600770630417
1854	0	0.00042812801027507225
1855	0	0.001926576046237825
1856	0	0.012843840308252167
1857	0	0.0025687680616504334
1858	0	0.0006421920154126083
1859	0	0
1860	0	0.003210960077063042
1861	0	0
1862	0	0.011773520282564487
1863	0	0.0005351600128438403
1864	0	0.0007492240179813764
1865	0	0
1866	0	0.002140640051375361
1867	0	0
1868	0	0.00032109600770630417
1869	0	0.001712512041100289
1870	0	0
1871	0	0.0008562560205501445
1872	0	0
1873	0	0
1874	0	0.0029968960719255057
1875	0	0
1876	0	0.00032109600770630417
1877	0	0.0007492240179813764
1878	0	0.0019265760462378251
1879	0	0
1880	0	0.0010703200256876805
1881	0	0.0006421920154126083
1882	0	0.00032109600770630417
1883	0	0
1884	0	0.0023547040565128972
1885	0	0.00032109600770630417
1886	0	0
1887	0	0
1888	0	0.0005351600128438403
1889	0	0.0027828320667879695
1890	0	0
1891	0	0.0006421920154126083
1892	0	0
1893	0	0
1894	0	0.00032109600770630417
1895	0	0.0027828320667879695
1896	0	0
1897	0	0
1898	0	0.0074922401798137635
1899	0	0
1900	0	0.0005351600128438403
1901	0	0
1902	0	0.01990795247779086
1903	0	0.00010703200256876806
1904	0	0.0014984480359627528
1905	0	0
1906	0	0
1907	0	0
1908	0	0
1909	0	0.014449320346783688
1910	0	0
1911	0	0.0007492240179813764
1912	0	0.0006421920154126083
1913	0	0
1914	0	0.0005351600128438403
1915	0	0
1916	0	0.0007492240179813764
1917	0	0.001926576046237825
1918	0	0
1919	0	0.007064112169538691
1920	0	0.00032109600770630417
1921	0	0
1922	0	0.0009632880231189126
1923	0	0.0005351600128438403
1924	0	0.03895964893503157
1925	0	0
1926	0	0
1927	0	0.008027400192657604
1928	0	0.001605480038531521
1929	0	0.0005351600128438403
1930	0	0
1931	0	0.002140640051375361
1932	0	0
1933	0	0.010703200256876806
1934	0	0
1935	0	0
1936	0	0
1937	0	0.0008562560205501445
1938	0	0.010596168254308038
1939	0	0.00010703200256876806
1940	0	0.0008562560205501445
1941	0	0.00042812801027507225
1942	0	0.004281280102750722
1943	0	0.0013914160333939848
1944	0	0.0029968960719255057
1945	0	0.0005351600128438403
1946	0	0.004067216097613186
1947	0	0.01423525634164615
1948	0	0.011238360269720646
1949	0	0
1950	0	0.0231189125548539
1951	0	0.0029968960719255057
1952	0	0
1953	0	0.0006421920154126083
1954	0	0.003210960077063042
1955	0	0.008027400192657604
1956	0	0.0014984480359627528
1957	0	0
1958	0	0.00042812801027507225
1959	0	0
1960	0	0.0012843840308252167
1961	0	0.009846944236326661
1962	0	0
1963	0	0.0010703200256876805
1964	0	0.0006421920154126083
1965	0	0.0006421920154126083
1966	0	0.11944771486674516
1967	0	0
1968	0	0
1969	0	0
1970	0	0.0025687680616504334
1971	0	0.001926576046237825
1972	0	0.0014984480359627528
1973	0	0.00010703200256876806
1974	0	0.04195654500695708
1975	0	0
1976	0	0
1977	0	0.08134432195226372
1978	0	0.005779728138713474
1979	0	0.0005351600128438403
1980	0	0.00021406400513753612
1981	0	0
1982	0	0.002033608048806593
1983	0	0.02140640051375361
1984	0	0
1985	0	0.00931178422348282
1986	0	0.008562560205501444
1987	0	0.0012843840308252167
1988	0	0.0009632880231189126
1989	0	0
1990	0	0
1991	0	0
1992	0	0.0006421920154126083
1993	0	0.11538049876913196
1994	0	0.0025687680616504334
1995	0	0
1996	0	0.003425024082200578
1997	0	0.00042812801027507225
1998	0	0.0013914160333939848
1999	0	0
2000	0	0.0006421920154126083
2001	0	0
2002	0	0
2003	0	0.00032109600770630417
2004	0	0
2005	0	0.002140640051375361
2006	0	0
2007	0	0.0007492240179813764
2008	0	0.00032109600770630417
2009	0	0.008027400192657604
2010	0	0
2011	0	0
2012	0	0.0010703200256876805
2013	0	0.00032109600770630417
2014	0	0.0010703200256876805
2015	0	0.06646687359520496
2016	0	0
2017	0	0.001605480038531521
2018	0	0
2019	0	0
2020	0	0.009632880231189123
2021	0	0.00042812801027507225
2022	0	0.0005351600128438403
2023	0	0
2024	0	0
2025	0	0.005137536123300866
2026	0	0.004495344107888258
2027	0	0.0036390880873381137
2028	0	0.0036390880873381137
2029	0	0.00032109600770630417
2030	0	0
2031	0	0.0005351600128438403
2032	0	0
2033	0	0.008348496200363908
2034	0	0
2035	0	0.003532056084769346
2036	0	0
2037	0	0.0010703200256876805
2038	0	0
2039	0	0.00021406400513753612
2040	0	0.03746120089906882
2041	0	0.006421920154126083
2042	0	0.0027828320667879695
2043	0	0.0007492240179813764
2044	0	0.011880552285133253
2045	0	0.010596168254308036
2046	0	0.0036390880873381137
2047	0	0.00032109600770630417
2048	0	0
2049	0	0.0006421920154126083
2050	0	0
2051	0	0.0007492240179813764
2052	0	0.010703200256876806
2053	0	0.22262656534303757
2054	0	0.00021406400513753612
2055	0	0
2056	0	0
2057	0	0
2058	0	0
2059	0	0.005565664133575939
2060	0	0.011987584287702023
2061	0	0.00385315209247565
2062	0	0.023118912554853897
2063	0	0.008027400192657604
2064	0	0.0014984480359627528
2065	0	0
2066	0	0.0005351600128438403
2067	0	0.0005351600128438403
2068	0	0.0006421920154126083
2069	0	0
2070	0	0
2071	0	0
2072	0	0.002140640051375361
2073	0	0.00032109600770630417
2074	0	0
2075	0	0.011880552285133253
2076	0	0.0025687680616504334
2077	0	0
2078	0	0
2079	0	0
2080	0	0
2081	0	0
2082	0	0.0077063041849513
2083	0	0.0007492240179813764
2084	0	0
2085	0	0.00385315209247565
2086	0	0.0012843840308252167
2087	0	0.0008562560205501445
2088	0	0.00042812801027507225
2089	0	0.0005351600128438403
2090	0	0.0047094081130257944
2091	0	0.00042812801027507225
2092	0	0
2093	0	0.00663598415926362
2094	0	0.0029968960719255057
2095	0	0
2096	0	0.0019265760462378251
2097	0	0
2098	0	0.004174248100181954
2099	0	0.08883656213207748
2100	0	0.0014984480359627528
2101	0	0.0010703200256876805
2102	0	0
2103	0	0.01155945627742695
2104	0	0.0023547040565128972
2105	0	0.0062078561489885475
2106	0	0.002247672053944129
2107	0	0
2108	0	0
2109	0	0.00021406400513753612
2110	0	0
2111	0	0.0014984480359627528
2112	0	0.00021406400513753612
2113	0	0.01980092047522209
2114	0	0
2115	0	0
2116	0	0.0048164401155945625
2117	0	0.0006421920154126083
2118	0	0.0009632880231189126
2119	0	0
2120	0	0
2121	0	0.0009632880231189126
2122	0	0.00032109600770630417
2123	0	0.0010703200256876805
2124	0	0.00042812801027507225
2125	0	0.00042812801027507225
2126	0	0.0028898640693567376
2127	0	0
2128	0	0.0011773520282564486
2129	0	0.0025687680616504334
2130	0	0
2131	0	0.0025687680616504334
2132	0	0
2133	0	0.06550358557208605
2134	0	0.00021406400513753612
2135	0	0.00032109600770630417
2136	0	0.0036390880873381137
2137	0	0
2138	0	0
2139	0	0
2140	0	0.0008562560205501445
2141	0	0.0017125120411002888
2142	0	0
2143	0	0.12244461093867065
2144	0	0.0007492240179813764
2145	0	0
2146	0	0.050519105212458525
2147	0	0.002140640051375361
2148	0	0.00032109600770630417
2149	0	0.010703200256876806
2150	0	0.0036390880873381137
2151	0	0.018409504441828105
2152	0	0.012415712297977095
2153	0	0.004495344107888258
2154	0	0.0009632880231189126
2155	0	0.0025687680616504334
2156	0	0
2157	0	0.06207856148988548
2158	0	0.00021406400513753612
2159	0	0
2160	0	0.00010703200256876806
2161	0	0
2162	0	0.004281280102750722
2163	0	0.006850048164401156
2164	0	0
2165	0	0
2166	0	0.00032109600770630417
2167	0	0
2168	0	0.002140640051375361
2169	0	0.0014984480359627528
2170	0	0
2171	0	0
2172	0	0.0007492240179813764
2173	0	0.0006421920154126083
2174	0	0.002140640051375361
2175	0	0.0013914160333939848
2176	0	0.007064112169538691
2177	0	0.0011773520282564486
2178	0	0.058867601412822435
2179	0	0.0009632880231189126
2180	0	0.0010703200256876805
2181	0	0
2182	0	0
2183	0	0
2184	0	0
2185	0	0.016054800385315208
2186	0	0
2187	0	0.0005351600128438403
2188	0	0.0008562560205501445
2189	0	0.004495344107888258
2190	0	0.009846944236326661
2191	0	0.001605480038531521
2192	0	0.016589960398159048
2193	0	0.0023547040565128972
2194	0	0.00032109600770630417
2195	0	0
2196	0	0.00021406400513753612
2197	0	0.016589960398159048
2198	0	0.0009632880231189126
2199	0	0.0005351600128438403
2200	0	0
2201	0	0
2202	0	0.00021406400513753612
2203	0	0
2204	0	0.0005351600128438403
2205	0	0
2206	0	0
2207	0	0.007278176174676227
2208	0	0
2209	0	0.004067216097613186
2210	0	0.0005351600128438403
2211	0	0.00042812801027507225
2212	0	0
2213	0	1.0208712405009097
2214	0	0.0005351600128438403
2215	0	0
2216	0	0.0027828320667879695
2217	0	0.0006421920154126083
2218	0	0
2219	0	0.0011773520282564486
2220	0	0
2221	0	0.18152627635663063
2222	0	0.002140640051375361
2223	0	0
2224	0	0.002140640051375361
2225	0	0.0006421920154126083
2226	0	0.0009632880231189126
2227	0	0.013700096328802312
2228	0	0.0006421920154126083
2229	0	0
2230	0	0.0006421920154126083
2231	0	0.19180134860323236
2232	0	0
2233	0	0
2234	0	0
2235	0	0.0007492240179813764
2236	0	0
2237	0	0.00032109600770630417
2238	0	0
2239	0	0.00042812801027507225
2240	0	0
2241	0	0.08712405009097719
2242	0	0
2243	0	0
2244	0	0.0006421920154126083
2245	0	0.0013914160333939848
2246	0	0.014556352349352455
2247	0	0
2248	0	0.0013914160333939848
2249	0	0.01155945627742695
2250	0	0
2251	0	0
2252	0	0
2253	0	0
2254	0	0
2255	0	0.001926576046237825
2256	0	0.0005351600128438403
2257	0	0.0006421920154126083
2258	0	0.008990688215776517
2259	0	0.003210960077063042
2260	0	0
2261	0	0.004067216097613186
2262	0	0
2263	0	0
2264	0	0.0005351600128438403
2265	0	0.00042812801027507225
2266	0	0
2267	0	0
2268	0	0.00042812801027507225
2269	0	0
2270	0	0.014128224339077382
2271	0	0
2272	0	0.032751792786043024
2273	0	0.001926576046237825
2274	0	0.0036390880873381137
2275	0	0.011559456277426949
2276	0	0.00032109600770630417
2277	0	0
2278	0	0
2279	0	0.013914160333939848
2280	0	0.0061008241464197786
2281	0	0.0013914160333939848
2282	0	0
2283	0	0.0047094081130257944
2284	0	0.0014984480359627528
2285	0	0.0010703200256876805
2286	0	0.011131328267151878
2287	0	0
2288	0	0.005565664133575939
2289	0	0.0006421920154126083
2290	0	0.0019265760462378251
2291	0	0.022476720539441292
2292	0	0.00021406400513753612
2293	0	0.00021406400513753612
2294	0	0.00042812801027507225
2295	0	0
2296	0	0
2297	0	0.0025687680616504334
2298	0	0
2299	0	0.001712512041100289
2300	0	0.0011773520282564486
2301	0	0.032751792786043024
2302	0	0
2303	0	0.003210960077063042
2304	0	0.00021406400513753612
2305	0	0.00032109600770630417
2306	0	0
2307	0	0.00032109600770630417
2308	0	0
2309	0	0
2310	0	0.0061008241464197786
2311	0	0.0006421920154126083
2312	0	0
2313	0	0.002140640051375361
2314	0	0.004067216097613186
2315	0	0.0008562560205501445
2316	0	0
2317	0	0
2318	0	0
2319	0	0
2320	0	0.0073852081772449955
2321	0	0
2322	0	0.0010703200256876805
2323	0	0.0007492240179813764
2324	0	0.009632880231189125
2325	0	0.0038531520924756503
2326	0	0.00032109600770630417
2327	0	0
2328	0	0.0029968960719255057
2329	0	0.001712512041100289
2330	0	0
2331	0	0
2332	0	0.0012843840308252167
2333	0	0.003425024082200578
2334	0	0
2335	0	0
2336	0	0
2337	0	0.00385315209247565
2338	0	0.0012843840308252167
2339	0	0
2340	0	0.00021406400513753612
2341	0	0.0006421920154126083
2342	0	0.0007492240179813764
2343	0	0.0006421920154126083
2344	0	0.2165257411966178
2345	0	0.0029968960719255057
2346	0	0
2347	0	0.00010703200256876806
2348	0	0.0008562560205501445
2349	0	0.0005351600128438403
2350	0	0.0011773520282564486
2351	0	0.00021406400513753612
2352	0	0.00032109600770630417
2353	0	0.00010703200256876806
2354	0	0.0010703200256876805
2355	0	0
2356	0	0
2357	0	0
2358	0	0.006743016161832387
2359	0	0
2360	0	0.001926576046237825
2361	0	0.00021406400513753612
2362	0	0.0005351600128438403
2363	0	0
2364	0	0.07417317778015627
2365	0	0.00032109600770630417
2366	0	0.00021406400513753612
2367	0	0.03521352884512469
2368	0	0.0005351600128438403
2369	0	0
2370	0	0.0005351600128438403
2371	0	0
2372	0	0.0005351600128438403
2373	0	0.004495344107888258
2374	0	0
2375	0	0.010275072246601734
2376	0	0
2377	0	0
2378	0	0.0036390880873381137
2379	0	0
2380	0	0.006421920154126083
2381	0	0.0005351600128438403
2382	0	0.001926576046237825
2383	0	0
2384	0	0
2385	0	0.00021406400513753612
2386	0	0.0005351600128438403
2387	0	0.003210960077063042
2388	0	0
2389	0	0
2390	0	0
2391	0	0.001926576046237825
2392	0	0.002247672053944129
2393	0	0
2394	0	0.014128224339077382
2395	0	0
2396	0	0
2397	0	0.049127689179064536
2398	0	0
2399	0	0.0006421920154126083
2400	0	0.00385315209247565
2401	0	0
2402	0	0
2403	0	0
2404	0	0.0023547040565128972
2405	0	0.011987584287702023
2406	0	0
2407	0	0
2408	0	0.014984480359627529
2409	0	0
2410	0	0.029968960719255058
2411	0	0.003639088087338114
2412	0	0.0005351600128438403
2413	0	0.002140640051375361
2414	0	0.05105426522530236
2415	0	0
2416	0	0
2417	0	0.012843840308252166
2418	0	0.0569410253665846
2419	0	0
2420	0	0.0029968960719255057
2421	0	0.010275072246601732
2422	0	0
2423	0	0
2424	0	0.00021406400513753612
2425	0	0.002033608048806593
2426	0	0
2427	0	0
2428	0	0.00545863213100717
2429	0	0.0009632880231189126
2430	0	0
2431	0	0.08220057797281387
2432	0	0.007278176174676228
2433	0	0
2434	0	0.001712512041100289
2435	0	0.0012843840308252167
2436	0	0.0011773520282564486
2437	0	0
2438	0	0.0073852081772449955
2439	0	0
2440	0	0.0007492240179813764
2441	0	0.008990688215776517
2442	0	0.0007492240179813764
2443	0	0.0023547040565128972
2444	0	0.0007492240179813764
2445	0	0
2446	0	0.00995397623889543
2447	0	0.005993792143851011
2448	0	0
2449	0	0.0061008241464197786
2450	0	0
2451	0	0.0025687680616504334
2452	0	0
2453	0	0
2454	0	0.050519105212458525
2455	0	0.022476720539441292
2456	0	0
2457	0	0
2458	0	0
2459	0	0.0385315209247565
2460	0	0
2461	0	0.040458096970994326
2462	0	0
2463	0	0.002140640051375361
2464	0	0.23311570159477682
2465	0	0.001712512041100289
2466	0	0
2467	0	0
2468	0	0.00010703200256876806
2469	0	0
2470	0	0
2471	0	0.0009632880231189126
2472	0	0
2473	0	0
2474	0	0
2475	0	0
2476	0	0.032109600770630416
2477	0	0.0014984480359627528
2478	0	0.001712512041100289
2479	0	0.0012843840308252167
2480	0	0.00032109600770630417
2481	0	0.005351600128438403
2482	0	0.005779728138713475
2483	0	0.006743016161832387
2484	0	0
2485	0	0
2486	0	0
2487	0	0.0005351600128438403
2488	0	0
2489	0	0.004281280102750722
2490	0	0.002140640051375361
2491	0	0
2492	0	0
2493	0	0.0007492240179813764
2494	0	0.011987584287702023
2495	0	0
2496	0	0.00042812801027507225
2497	0	0.01155945627742695
2498	0	0
2499	0	0.00385315209247565
2500	0	0.0013914160333939848
2501	0	0
2502	0	0.00021406400513753612
2503	0	0.00042812801027507225
2504	0	0
2505	0	0
2506	0	0
2507	0	0.004067216097613186
2508	0	0.0025687680616504334
2509	0	0
2510	0	0
2511	0	0
2512	0	0.0007492240179813764
2513	0	0.014984480359627529
2514	0	0
2515	0	0.0764208498341004
2516	0	0
2517	0	0
2518	0	0.00010703200256876806
2519	0	0.09761318634271646
2520	0	0.0014984480359627528
2521	0	0
2522	0	0.004174248100181954
2523	0	0
2524	0	0.008990688215776517
2525	0	0.0012843840308252167
2526	0	0.014984480359627529
2527	0	0.011131328267151878
2528	0	0.008562560205501444
2529	0	0.0006421920154126083
2530	0	0.0047094081130257944
2531	0	0.0005351600128438403
2532	0	0
2533	0	0
2534	0	0
2535	0	0.0005351600128438403
2536	0	0.0010703200256876805
2537	0	0.01712512041100289
2538	0	0
2539	0	0.0008562560205501445
2540	0	0.001926576046237825
2541	0	0
2542	0	0.03018302472439259
2543	0	0.0009632880231189126
2544	0	0
2545	0	0
2546	0	0.0014984480359627528
2547	0	0.0025687680616504334
2548	0	0.001712512041100289
2549	0	0.0061008241464197786
2550	0	0
2551	0	0.014128224339077382
2552	0	0
2553	0	0.001605480038531521
2554	0	0.0005351600128438403
2555	0	0.0005351600128438403
2556	0	0
2557	0	0.00032109600770630417
2558	0	0.00021406400513753612
2559	0	0
2560	0	0.006421920154126084
2561	0	0.0006421920154126083
2562	0	0.0005351600128438403
2563	0	0.001926576046237825
2564	0	0.00021406400513753612
2565	0	0.0005351600128438403
2566	0	0.00021406400513753612
2567	0	0.0035320560847693456
2568	0	0.0008562560205501445
2569	0	0
2570	0	0
2571	0	0.00545863213100717
2572	0	0.0029968960719255057
2573	0	0
2574	0	0
2575	0	0
2576	0	0
2577	0	0
2578	0	0.012843840308252167
2579	0	0
2580	0	0.029540832708979982
2581	0	0
2582	0	0.0048164401155945625
2583	0	0.0005351600128438403
2584	0	0.028363480680723537
2585	0	0
2586	0	0.003210960077063042
2587	0	0.0023547040565128972
2588	0	0.00032109600770630417
2589	0	0
2590	0	1.146312747511506
2591	0	0
2592	0	0.002140640051375361
2593	0	0.00042812801027507225
2594	0	0.01712512041100289
2595	0	0.00032109600770630417
2596	0	0.00021406400513753612
2597	0	0
2598	0	0
2599	0	0.0007492240179813764
2600	0	0
2601	0	0
2602	0	0.00010703200256876806
2603	0	0
2604	0	0.03168147276035534
2605	0	0
2606	0	0
2607	0	0
2608	0	0
2609	0	0.0032109600770630414
2610	0	0
2611	0	0.0023547040565128972
2612	0	0.00042812801027507225
2613	0	0
2614	0	0.0007492240179813764
2615	0	0.0006421920154126083
2616	0	0.00032109600770630417
2617	0	0.006743016161832387
2618	0	0.00042812801027507225
2619	0	0.005779728138713475
2620	0	0
2621	0	0.0006421920154126083
2622	0	0.0073852081772449955
2623	0	0.014984480359627529
2624	0	0
2625	0	0.0025687680616504334
2626	0	0.00021406400513753612
2627	0	0.008027400192657604
2628	0	0
2629	0	0
2630	0	0
2631	0	0.0005351600128438403
2632	0	0.0007492240179813764
2633	0	0.0007492240179813764
2634	0	0.0005351600128438403
2635	0	0
2636	0	0
2637	0	0
2638	0	0.0014984480359627528
2639	0	0
2640	0	0
2641	0	0
2642	0	0.00032109600770630417
2643	0	0.003210960077063042
2644	0	0.004495344107888258
2645	0	0.0006421920154126083
2646	0	0
2647	0	0
2648	0	0
2649	0	0.04452531306860751
2650	0	0
2651	0	0
2652	0	0
2653	0	0.00021406400513753612
2654	0	0.0025687680616504334
2655	0	0
2656	0	0
2657	0	0.01926576046237825
2658	0	0.3236647757679546
2659	0	0
2660	0	0.0061008241464197786
2661	0	0.006421920154126084
2662	0	0.003210960077063042
2663	0	0.0012843840308252167
2664	0	0.010275072246601734
2665	0	0.004067216097613186
2666	0	0
2667	0	0
2668	0	0
2669	0	0.00042812801027507225
2670	0	0
2671	0	0
2672	0	0.00010703200256876806
2673	0	0
2674	0	0
2675	0	0
2676	0	0
2677	0	0
2678	0	0.0012843840308252167
2679	0	0.0008562560205501445
2680	0	0.0006421920154126083
2681	0	0.01155945627742695
2682	0	0.0023547040565128972
2683	0	0.008669592208070212
2684	0	0
2685	0	0
2686	0	0.0284705126832923
2687	0	0.0008562560205501445
2688	0	0
2689	0	0.0027828320667879695
2690	0	0
2691	0	0
2692	0	0.10382104249170501
2693	0	0
2694	0	0
2695	0	0.00385315209247565
2696	0	0.003210960077063042
2697	0	0.003210960077063042
2698	0	0.00385315209247565
2699	0	0.001712512041100289
2700	0	0
2701	0	0
2702	0	0.00042812801027507225
2703	0	0.0006421920154126083
2704	0	0.00042812801027507225
2705	0	0
2706	0	0.003425024082200578
2707	0	0.020550144493203467
2708	0	0.00032109600770630417
2709	0	0
2710	0	0
2711	0	0.00032109600770630417
2712	0	0.0010703200256876805
2713	0	0.0029968960719255057
2714	0	0.004281280102750722
2715	0	0
2716	0	0.16482928395590282
2717	0	0.14556352349352455
2718	0	0
2719	0	0.0006421920154126083
2720	0	0.0005351600128438403
2721	0	0
2722	0	0.008348496200363908
2723	0	0.003425024082200578
2724	0	0
2725	0	0.00042812801027507225
2726	0	0
2727	0	0.00032109600770630417
2728	0	0.01755324842127796
2729	0	0.0006421920154126083
2730	0	0.004495344107888258
2731	0	0.0038531520924756503
2732	0	0.00032109600770630417
2733	0	0.00995397623889543
2734	0	0
2735	0	0
2736	0	0.08048806593171358
2737	0	0.0010703200256876805
2738	0	0
2739	0	0.0007492240179813764
2740	0	0.00032109600770630417
2741	0	0
2742	0	0.0014984480359627528
2743	0	0.00010703200256876806
2744	0	0
2745	0	0
2746	0	0
2747	0	0.005137536123300867
2748	0	0.006421920154126084
2749	0	0
2750	0	0.0007492240179813764
2751	0	0
2752	0	0.013700096328802312
2753	0	0.0005351600128438403
2754	0	0
2755	0	0
2756	0	0.001605480038531521
2757	0	0.0012843840308252167
2758	0	0.0008562560205501445
2759	0	0
2760	0	0
2761	0	0
2762	0	0
2763	0	0.01155945627742695
2764	0	0.003639088087338114
2765	0	0
2766	0	0
2767	0	0.0006421920154126083
2768	0	0.001926576046237825
2769	0	0.010275072246601732
2770	0	0
2771	0	0.024082200577972813
2772	0	0
2773	0	0
2774	0	0.002140640051375361
2775	0	0.0029968960719255057
2776	0	0
2777	0	0
2778	0	0
2779	0	0
2780	0	0.003639088087338114
2781	0	0.00032109600770630417
2782	0	0
2783	0	0
2784	0	0.003425024082200578
2785	0	0
2786	0	0
2787	0	0
2788	0	0
2789	0	0
2790	0	0.00021406400513753612
2791	0	0.0008562560205501445
2792	0	0
2793	0	0
2794	0	0.010275072246601734
2795	0	0
2796	0	0.004174248100181954
2797	0	0.00042812801027507225
2798	0	0.0007492240179813764
2799	0	0.0005351600128438403
2800	0	0
2801	0	0.0012843840308252167
2802	0	0.001605480038531521
2803	0	0.0007492240179813764
2804	0	0.009632880231189125
2805	0	0
2806	0	0.003639088087338114
2807	0	0.03467836883228085
2808	0	0
2809	0	0
2810	0	0.0006421920154126083
2811	0	0.00032109600770630417
2812	0	0.28320667879696027
2813	0	0.003425024082200578
2814	0	0
2815	0	0
2816	0	0.015412608369902601
2817	0	0.00032109600770630417
2818	0	0.018409504441828105
2819	0	0
2820	0	0.00042812801027507225
2821	0	0.007064112169538691
2822	0	0
2823	0	0.08733811409611474
2824	0	0
2825	0	0.00021406400513753612
2826	0	0.009632880231189125
2827	0	0
2828	0	0.032109600770630416
2829	0	0.00032109600770630417
2830	0	0.01316493631595847
2831	0	0.016268864390452744
2832	0	0
2833	0	0
2834	0	0.0006421920154126083
2835	0	0.0017125120411002888
2836	0	0.003210960077063042
2837	0	0.0005351600128438403
2838	0	0.004495344107888258
2839	0	0.01155945627742695
2840	0	0.0009632880231189126
2841	0	0.0009632880231189126
2842	0	0.009632880231189123
2843	0	0
2844	0	0
2845	0	0
2846	0	0.0007492240179813764
2847	0	0.00021406400513753612
2848	0	0.026222840629348175
2849	0	0
2850	0	0
2851	0	0.0007492240179813764
2852	0	0
2853	0	0.0006421920154126083
2854	0	0.0009632880231189126
2855	0	0
2856	0	0
2857	0	0.0073852081772449955
2858	0	0
2859	0	0
2860	0	0.0005351600128438403
2861	0	0
2862	0	0.012415712297977095
2863	0	0
2864	0	0.0014984480359627528
2865	0	0.018409504441828105
2866	0	0
2867	0	0
2868	0	0.001712512041100289
2869	0	0.0005351600128438403
2870	0	0.021941560526597452
2871	0	0
2872	0	0
2873	0	0
2874	0	0
2875	0	0
2876	0	0
2877	0	0
2878	0	0
2879	0	0.0011773520282564486
2880	0	0.0005351600128438403
2881	0	0.005779728138713474
2882	0	0.026758000642192015
2883	0	0
2884	0	0.00021406400513753612
2885	0	0.17296371615112918
2886	0	0.0009632880231189126
2887	0	0
2888	0	0.004495344107888258
2889	0	0
2890	0	0.0006421920154126083
2891	0	0
2892	0	0
2893	0	0.0010703200256876805
2894	0	0
2895	0	0
2896	0	0.005565664133575939
2897	0	0.03264476078347426
2898	0	0.008027400192657604
2899	0	0.0077063041849513
2900	0	0.0027828320667879695
2901	0	0.0014984480359627528
2902	0	0.219201541260837
2903	0	0.00032109600770630417
2904	0	0.003425024082200578
2905	0	0.00032109600770630417
2906	0	0.00021406400513753612
2907	0	0
2908	0	0
2909	0	0
2910	0	0
2911	0	0
2912	0	0
2913	0	0.0025687680616504334
2914	0	0.0006421920154126083
2915	0	0.0073852081772449955
2916	0	0
2917	0	0.0008562560205501445
2918	0	0.0006421920154126083
2919	0	0
2920	0	0
2921	0	0
2922	0	0.0023547040565128972
2923	0	0
2924	0	0
2925	0	0.00385315209247565
2926	0	0
2927	0	0
2928	0	0.00042812801027507225
2929	0	0.0073852081772449955
2930	0	0
2931	0	0
2932	0	0
2933	0	0
2934	0	0
2935	0	0
2936	0	0
2937	0	0.0006421920154126083
2938	0	0
2939	0	0.00021406400513753612
2940	0	0
2941	0	0.0035320560847693456
2942	0	0
2943	0	0.00042812801027507225
2944	0	0.005993792143851011
2945	0	0.0006421920154126083
2946	0	0.006743016161832387
2947	0	0.03446430482714331
2948	0	0.029968960719255054
2949	0	0.0048164401155945625
2950	0	0
2951	0	0.003639088087338114
2952	0	0
2953	0	0.28470512683292304
2954	0	0
2955	0	0.006743016161832387
2956	0	0
2957	0	0.0008562560205501445
2958	0	0
2959	0	0
2960	0	0.004816440115594562
2961	0	0.0007492240179813764
2962	0	0.008990688215776517
2963	0	0.0005351600128438403
2964	0	0.00042812801027507225
2965	0	0
2966	0	0.0019265760462378251
2967	0	0.0006421920154126083
2968	0	0.0077063041849513
2969	0	0
2970	0	0.003639088087338114
2971	0	0
2972	0	0.0025687680616504334
2973	0	0.00032109600770630417
2974	0	0
2975	0	0.00042812801027507225
2976	0	0
2977	0	0.0061008241464197786
2978	0	0
2979	0	0
2980	0	0
2981	0	0
2982	0	0
2983	0	0.010168040244032965
2984	0	0.002140640051375361
2985	0	0.007064112169538691
2986	0	0.0012843840308252167
2987	0	0.0006421920154126083
2988	0	0
2989	0	0.0014984480359627528
2990	0	0.003425024082200578
2991	0	0.0010703200256876805
2992	0	0
2993	0	0.0019265760462378251
2994	0	0.0010703200256876805
2995	0	0
2996	0	0.0006421920154126083
2997	0	0
2998	0	0.008990688215776517
2999	0	0.0010703200256876805
3000	0	0.00545863213100717
3001	0	0
3002	0	0
3003	0	0.00032109600770630417
3004	0	0.0010703200256876805
3005	0	0.0014984480359627528
3006	0	0.0007492240179813764
3007	0	0
3008	0	0.0006421920154126083
3009	0	0.0008562560205501445
3010	0	0
3011	0	0.08091619394198865
3012	0	0.0013914160333939848
3013	0	0
3014	0	0
3015	0	0.00042812801027507225
3016	0	0.0005351600128438403
3017	0	0
3018	0	0.0011773520282564486
3019	0	0.0008562560205501445
3020	0	0.0062078561489885475
3021	0	0
3022	0	0.005137536123300866
3023	0	0.0009632880231189126
3024	0	0
3025	0	0.027614256662742157
3026	0	0
3027	0	0
3028	0	0.00021406400513753612
3029	0	0
3030	0	0
3031	0	0
3032	0	0
3033	0	0.002140640051375361
3034	0	0.01327196831852724
3035	0	0
3036	0	0.0006421920154126083
3037	0	0.0382104249170502
3038	0	0
3039	0	0.03970887295301295
3040	0	0.0008562560205501445
3041	0	0.0023547040565128972
3042	0	0
3043	0	0.004495344107888258
3044	0	0.012415712297977095
3045	0	0
3046	0	0
3047	0	0.06336294552071069
3048	0	0.0012843840308252167
3049	0	0
3050	0	0.00931178422348282
3051	0	0
3052	0	0
3053	0	0
3054	0	0
3055	0	0
3056	0	0.0008562560205501445
3057	0	0
3058	0	0.004067216097613186
3059	0	0
3060	0	0
3061	0	0.00042812801027507225
3062	0	0
3063	0	0
3064	0	0.0077063041849513
3065	0	0.0008562560205501445
3066	0	0
3067	0	0
3068	0	0.0006421920154126083
3069	0	0.0029968960719255057
3070	0	0
3071	0	0
3072	0	0.0013914160333939848
3073	0	0
3074	0	0.00042812801027507225
3075	0	0.002140640051375361
3076	0	0.04795033715080809
3077	0	0.00032109600770630417
3078	0	0.0012843840308252167
3079	0	0
3080	0	0.001605480038531521
3081	0	0.00042812801027507225
3082	0	0.0077063041849513
3083	0	0.004174248100181954
3084	0	0.00010703200256876806
3085	0	0.004067216097613186
3086	0	0.00042812801027507225
3087	0	0
3088	0	0.0023547040565128972
3089	0	0.0032109600770630414
3090	0	0
3091	0	0.026222840629348175
3092	0	0
3093	0	0
3094	0	0.003639088087338114
3095	0	0
3096	0	0.0007492240179813764
3097	0	0.0009632880231189126
3098	0	0.03253772878090549
3099	0	0.00021406400513753612
3100	0	0.0025687680616504334
3101	0	0.00032109600770630417
3102	0	0.0011773520282564486
3103	0	0
3104	0	0.004281280102750722
3105	0	0.0006421920154126083
3106	0	0.05908166541795997
3107	0	0
3108	0	0.029433800706411217
3109	0	0.011559456277426949
3110	0	0.0013914160333939848
3111	0	0
3112	0	0.005565664133575939
3113	0	0.005351600128438403
3114	0	0.0029968960719255057
3115	0	0
3116	0	0.0010703200256876805
3117	0	0.0006421920154126083
3118	0	0
3119	0	0
3120	0	0
3121	0	0
3122	0	0
3123	0	0.00021406400513753612
3124	0	0.01980092047522209
3125	0	0.0005351600128438403
3126	0	0.0006421920154126083
3127	0	0.0048164401155945625
3128	0	0.005137536123300867
3129	0	0.00042812801027507225
3130	0	0
3131	0	0
3132	0	0.0007492240179813764
3133	0	0.003210960077063042
3134	0	0
3135	0	0
3136	0	0
3137	0	0
3138	0	0.00032109600770630417
3139	0	0.008348496200363908
3140	0	0.0005351600128438403
3141	0	0.002140640051375361
3142	0	0
3143	0	0.0005351600128438403
3144	0	0
3145	0	0.005351600128438403
3146	0	0.00021406400513753612
3147	0	0
3148	0	0.026222840629348175
3149	0	0
3150	0	0
3151	0	0.00032109600770630417
3152	0	0.13015091512362195
3153	0	0.0010703200256876805
3154	0	0
3155	0	0
3156	0	0.00021406400513753612
3157	0	0.0012843840308252167
3158	0	0.00042812801027507225
3159	0	0
3160	0	0
3161	0	0
3162	0	0
3163	0	0
3164	0	0
3165	0	0
3166	0	0.0032109600770630414
3167	0	0
3168	0	0.0009632880231189126
3169	0	0.00545863213100717
3170	0	0.00010703200256876806
3171	0	0.0005351600128438403
3172	0	0.00021406400513753612
3173	0	0.001926576046237825
3174	0	0.0009632880231189126
3175	0	0.00032109600770630417
3176	0	0.001819544043669057
3177	0	0.052231617253558814
3178	0	0.0023547040565128972
3179	0	0.0005351600128438403
3180	0	0.004067216097613186
3181	0	0
3182	0	0.0009632880231189126
3183	0	0
3184	0	0.002140640051375361
3185	0	0
3186	0	0.0024617360590816653
3187	0	0.041100288986406934
3188	0	0.004067216097613186
3189	0	0.008669592208070212
3190	0	0
3191	0	0
3192	0	0.0029968960719255057
3193	0	0.0005351600128438403
3194	0	0.012415712297977093
3195	0	0.0073852081772449955
3196	0	0
3197	0	0.00042812801027507225
3198	0	0.0023547040565128972
3199	0	0
3200	0	0.0023547040565128972
3201	0	0
3202	0	0.00032109600770630417
3203	0	0
3204	0	0
3205	0	0
3206	0	0.001926576046237825
3207	0	0
3208	0	0.0013914160333939848
3209	0	0.0006421920154126083
3210	0	0.0009632880231189126
3211	0	0
3212	0	0.0008562560205501445
3213	0	0.020550144493203467
3214	0	0.0005351600128438403
3215	0	0.0005351600128438403
3216	0	0
3217	0	0.006421920154126084
3218	0	0
3219	0	0
3220	0	0.0023547040565128972
3221	0	0
3222	0	0
3223	0	0
3224	0	0.0010703200256876805
3225	0	0.00032109600770630417
3226	0	0
3227	0	0
3228	0	0
3229	0	0
3230	0	0.019693888472653322
3231	0	0.0014984480359627528
3232	0	0
3233	0	0.0005351600128438403
3234	0	0
3235	0	0.0005351600128438403
3236	0	0
3237	0	0
3238	0	0.008134432195226372
3239	0	0
3240	0	0
3241	0	0.0027828320667879695
3242	0	0.003532056084769346
3243	0	0.005351600128438403
3244	0	0.004281280102750722
3245	0	0
3246	0	0
3247	0	0
3248	0	0.0008562560205501445
3249	0	0.0009632880231189126
3250	0	0.00010703200256876806
3251	0	0
3252	0	0.01926576046237825
3253	0	0.04195654500695708
3254	0	0.0007492240179813764
3255	0	0.0008562560205501445
3256	0	0.010275072246601732
3257	0	0
3258	0	0
3259	0	0.0008562560205501445
3260	0	0
3261	0	0
3262	0	0.0077063041849513
3263	0	0
3264	0	0.0008562560205501445
3265	0	0.0014984480359627528
3266	0	0.001819544043669057
3267	0	0.0008562560205501445
3268	0	0.0005351600128438403
3269	0	0
3270	0	0
3271	0	0.0009632880231189126
3272	0	0
3273	0	0
3274	0	0
3275	0	0
3276	0	0.0038531520924756503
3277	0	0.001926576046237825
3278	0	0
3279	0	0
3280	0	0
3281	0	0.00032109600770630417
3282	0	0
3283	0	0
3284	0	0.00042812801027507225
3285	0	0.01980092047522209
3286	0	0.00042812801027507225
3287	0	0
3288	0	0
3289	0	0.004495344107888257
3290	0	0.0029968960719255057
3291	0	0
3292	0	0
3293	0	0.0009632880231189126
3294	0	0.0028898640693567376
3295	0	0.0007492240179813764
3296	0	0
3297	0	0.00032109600770630417
3298	0	0
3299	0	0.0010703200256876805
3300	0	0.00010703200256876806
3301	0	0.01755324842127796
3302	0	0.0008562560205501445
3303	0	0.00032109600770630417
3304	0	0.005458632131007171
3305	0	0.07385208177244997
3306	0	0
3307	0	0
3308	0	0.001712512041100289
3309	0	0
3310	0	0.0032109600770630414
3311	0	0.008348496200363908
3312	0	0.008669592208070212
3313	0	0.008990688215776517
3314	0	0.003425024082200578
3315	0	0
3316	0	0
3317	0	0
3318	0	0.0032109600770630414
3319	0	0
3320	0	0.5604195654500695
3321	0	0.0007492240179813764
3322	0	0.0010703200256876805
3323	0	0
3324	0	0
3325	0	0.0008562560205501445
3326	0	0
3327	0	0.003425024082200578
3328	0	0
3329	0	0
3330	0	0.004816440115594562
3331	0	0.008562560205501444
3332	0	0.00032109600770630417
3333	0	0
3334	0	0.010275072246601734
3335	0	0.00010703200256876806
3336	0	0.00021406400513753612
3337	0	0
3338	0	0.0005351600128438403
3339	0	0
3340	0	0
3341	0	0.002140640051375361
3342	0	0
3343	0	0.0008562560205501445
3344	0	0.0014984480359627528
3345	0	0.0007492240179813764
3346	0	0.0013914160333939848
3347	0	0.0005351600128438403
3348	0	0
3349	0	0.0008562560205501445
3350	0	0.005779728138713474
3351	0	0.008348496200363908
3352	0	0.004067216097613186
3353	0	0
3354	0	0
3355	0	0
3356	0	0.0010703200256876805
3357	0	0.006635984159263619
3358	0	0.5092582682221984
3359	0	0.02087124050090977
3360	0	0
3361	0	0.005779728138713474
3362	0	0
3363	0	0
3364	0	0
3365	0	0.006421920154126083
3366	0	0.0008562560205501445
3367	0	0
3368	0	0
3369	0	0.011987584287702023
3370	0	0.003425024082200578
3371	0	0.0006421920154126083
3372	0	0
3373	0	0
3374	0	0
3375	0	0
3376	0	0
3377	0	0
3378	0	0.08348496200363908
3379	0	0
3380	0	0
3381	0	0.002140640051375361
3382	0	0
3383	0	0.0010703200256876805
3384	0	0.018409504441828105
3385	0	0
3386	0	0
3387	0	0.09119126618859039
3388	0	0
3389	0	0
3390	0	0
3391	0	0
3392	0	0.005458632131007171
3393	0	0
3394	0	0.0009632880231189126
3395	0	0.0073852081772449955
3396	0	0.0028898640693567376
3397	0	0
3398	0	0.0023547040565128972
3399	0	0
3400	0	0.011559456277426949
3401	0	0.003210960077063042
3402	0	0
3403	0	0.003639088087338114
3404	0	0.00042812801027507225
3405	0	0.00010703200256876806
3406	0	0.011773520282564487
3407	0	0.00042812801027507225
3408	0	0
3409	0	0
3410	0	0.0006421920154126083
3411	0	0
3412	0	0
3413	0	0
3414	0	0.00032109600770630417
3415	0	0
3416	0	0
3417	0	0.005779728138713474
3418	0	0
3419	0	0.0024617360590816653
3420	0	0.03371508080916194
3421	0	0.0019265760462378251
3422	0	0
3423	0	0.0005351600128438403
3424	0	0.0009632880231189126
3425	0	0
3426	0	0.0005351600128438403
3427	0	0
3428	0	0.0073852081772449955
3429	0	0
3430	0	0
3431	0	0
3432	0	0.0038531520924756503
3433	0	0
3434	0	0.0047094081130257944
3435	0	0
3436	0	0.00021406400513753612
3437	0	0
3438	0	0.007064112169538691
3439	0	0.004174248100181954
3440	0	0
3441	0	0.0017125120411002888
3442	0	0.0023547040565128972
3443	0	0.0010703200256876805
3444	0	0
3445	0	0.0013914160333939848
3446	0	0
3447	0	0.005137536123300867
3448	0	0.00021406400513753612
3449	0	0
3450	0	0.0005351600128438403
3451	0	0.008027400192657604
3452	0	0
3453	0	0
3454	0	0.001712512041100289
3455	0	0.0077063041849513006
3456	0	0.00010703200256876806
3457	0	0.00042812801027507225
3458	0	0.00042812801027507225
3459	0	0.00021406400513753612
3460	0	0.0012843840308252167
3461	0	0.003532056084769346
3462	0	0.00032109600770630417
3463	0	0
3464	0	0.012415712297977095
3465	0	0
3466	0	0
3467	0	0
3468	0	0
3469	0	0.00032109600770630417
3470	0	0.0005351600128438403
3471	0	0
3472	0	0.0013914160333939848
3473	0	0.009632880231189123
3474	0	0.0010703200256876805
3475	0	0.004281280102750722
3476	0	0
3477	0	0
3478	0	0.008990688215776517
3479	0	0
3480	0	0
3481	0	0.0012843840308252167
3482	0	0.0017125120411002888
3483	0	0
3484	0	0.0017125120411002888
3485	0	0
3486	0	0.0038531520924756503
3487	0	0.008027400192657604
3488	0	0.001605480038531521
3489	0	0.0023547040565128972
3490	0	0.0029968960719255057
3491	0	0
3492	0	0
3493	0	0.005565664133575939
3494	0	0.01755324842127796
3495	0	0.004067216097613186
3496	0	0
3497	0	0
3498	0	0.0014984480359627528
3499	0	0
3500	0	0.0011773520282564486
3501	0	0.0006421920154126083
3502	0	0.0005351600128438403
3503	0	0.001926576046237825
3504	0	0
3505	0	0
3506	0	0
3507	0	0.0032109600770630414
3508	0	0.008348496200363906
3509	0	0.004495344107888258
3510	0	0.0006421920154126083
3511	0	0.00042812801027507225
3512	0	0.005137536123300867
3513	0	0.0029968960719255057
3514	0	0
3515	0	0
3516	0	0.00010703200256876806
3517	0	0
3518	0	0
3519	0	0.0019265760462378251
3520	0	0
3521	0	0.0025687680616504334
3522	0	0.00010703200256876806
3523	0	0.04334796104035106
3524	0	0.006421920154126083
3525	0	0.019693888472653322
3526	0	0.00010703200256876806
3527	0	0.00042812801027507225
3528	0	0.00042812801027507225
3529	0	0
3530	0	0.005458632131007171
3531	0	0.00385315209247565
3532	0	0.00042812801027507225
3533	0	0
3534	0	0
3535	0	0
3536	0	0.007064112169538691
3537	0	0.0005351600128438403
3538	0	0
3539	0	0.011131328267151878
3540	0	0
3541	0	0.0011773520282564486
3542	0	0.01155945627742695
3543	0	0
3544	0	0.0006421920154126083
3545	0	0
3546	0	0
3547	0	0
3548	0	0.00042812801027507225
3549	0	0.00042812801027507225
3550	0	0.0007492240179813764
3551	0	0
3552	0	0.0025687680616504334
3553	0	0.00032109600770630417
3554	0	0.01155945627742695
3555	0	0
3556	0	0.00042812801027507225
3557	0	0
3558	0	0
3559	0	0.002140640051375361
3560	0	0
3561	0	0.00042812801027507225
3562	0	0.0013914160333939848
3563	0	0.024724392593385422
3564	0	0
3565	0	0.005565664133575939
3566	0	0.0005351600128438403
3567	0	0.0008562560205501445
3568	0	0.00042812801027507225
3569	0	0.010703200256876806
3570	0	0
3571	0	0
3572	0	0.0009632880231189126
3573	0	0
3574	0	0
3575	0	0
3576	0	0
3577	0	0.0012843840308252167
3578	0	0.00042812801027507225
3579	0	0.0036390880873381137
3580	0	0.0012843840308252167
3581	0	0
3582	0	0
3583	0	0.0005351600128438403
3584	0	0
3585	0	0.0027828320667879695
3586	0	0
3587	0	0.004067216097613186
3588	0	0
3589	0	0
3590	0	0.04645188911484534
3591	0	0.014556352349352455
3592	0	0.07385208177244997
3593	0	0.005351600128438403
3594	0	0
3595	0	0.003425024082200578
3596	0	0.0023547040565128972
3597	0	0.0029968960719255057
3598	0	0
3599	0	0
3600	0	0.012843840308252166
3601	0	0.00021406400513753612
3602	0	0.0013914160333939848
3603	0	0
3604	0	0
3605	0	0.0019265760462378251
3606	0	0.00042812801027507225
3607	0	0
3608	0	0.0032109600770630414
3609	0	0
3610	0	0.0032109600770630414
3611	0	0.0038531520924756503
3612	0	0.0035320560847693456
3613	0	0.0025687680616504334
3614	0	0.004067216097613186
3615	0	0
3616	0	0.0023547040565128972
3617	0	0
3618	0	0.0005351600128438403
3619	0	0.0005351600128438403
3620	0	0.0011773520282564486
3621	0	0
3622	0	0
3623	0	0
3624	0	0
3625	0	0
3626	0	0
3627	0	0
3628	0	0
3629	0	0.003639088087338114
3630	0	0.0035320560847693456
3631	0	0.001926576046237825
3632	0	0.007064112169538691
3633	0	0.00021406400513753612
3634	0	0.008134432195226372
3635	0	0.001712512041100289
3636	0	0.0029968960719255057
3637	0	0
3638	0	0
3639	0	0
3640	0	0
3641	0	0.005351600128438403
3642	0	0
3643	0	0
3644	0	0.00010703200256876806
3645	0	0.026972064647329548
3646	0	0
3647	0	0.0006421920154126083
3648	0	0.023011880552285133
3649	0	0
3650	0	0.018409504441828105
3651	0	0
3652	0	0.004067216097613186
3653	0	0.0023547040565128972
3654	0	0
3655	0	0
3656	0	0.0005351600128438403
3657	0	0.0010703200256876805
3658	0	0
3659	0	0
3660	0	0.0008562560205501445
3661	0	0
3662	0	0.0014984480359627528
3663	0	0
3664	0	0
3665	0	0
3666	0	0.02087124050090977
3667	0	0.00032109600770630417
3668	0	0.0011773520282564486
3669	0	0
3670	0	0
3671	0	0
3672	0	0.008134432195226372
3673	0	0.003639088087338114
3674	0	0
3675	0	0.0012843840308252167
3676	0	0
3677	0	0.0010703200256876805
3678	0	0
3679	0	0
3680	0	0.0077063041849513
3681	0	0.0009632880231189126
3682	0	0.0005351600128438403
3683	0	0.008348496200363908
3684	0	0.0025687680616504334
3685	0	0.003210960077063042
3686	0	0.0023547040565128972
3687	0	0.0005351600128438403
3688	0	0
3689	0	0.0010703200256876805
3690	0	0
3691	0	0.08990688215776517
3692	0	0
3693	0	0
3694	0	0.0023547040565128972
3695	0	0
3696	0	0
3697	0	0.03403617681686824
3698	0	0.0008562560205501445
3699	0	0.02087124050090977
3700	0	0.0005351600128438403
3701	0	0.0047094081130257944
3702	0	0.01155945627742695
3703	0	0.010275072246601734
3704	0	0.0007492240179813764
3705	0	0.001605480038531521
3706	0	0
3707	0	0.014984480359627529
3708	0	0.0006421920154126083
3709	0	0.0010703200256876805
3710	0	0.0009632880231189126
3711	0	0.0010703200256876805
3712	0	0.004067216097613186
3713	0	0.0005351600128438403
3714	0	0
3715	0	0.0008562560205501445
3716	0	0
3717	0	0.00010703200256876806
3718	0	0
3719	0	0.00042812801027507225
3720	0	0.4045809697099433
3721	0	0
3722	0	0
3723	0	0.0048164401155945625
3724	0	0
3725	0	0
3726	0	0.0032109600770630414
3727	0	0
3728	0	0.0006421920154126083
3729	0	0
3730	0	0
3731	0	0
3732	0	0.0010703200256876805
3733	0	0.00021406400513753612
3734	0	0.0013914160333939848
3735	0	0.00042812801027507225
3736	0	0.003210960077063042
3737	0	0.014984480359627529
3738	0	0.010917264262014342
3739	0	0
3740	0	0
3741	0	0.011238360269720644
3742	0	0.002247672053944129
3743	0	0.002033608048806593
3744	0	0
3745	0	0
3746	0	0
3747	0	0
3748	0	0
3749	0	0
3750	0	0.00032109600770630417
3751	0	0.0006421920154126083
3752	0	0.0029968960719255057
3753	0	0.0007492240179813764
3754	0	0.01980092047522209
3755	0	0
3756	0	0.0014984480359627528
3757	0	0
3758	0	0
3759	0	0
3760	0	0
3761	0	0.0010703200256876805
3762	0	0
3763	0	0.0006421920154126083
3764	0	0.00021406400513753612
3765	0	0
3766	0	0
3767	0	0.00042812801027507225
3768	0	0.016589960398159048
3769	0	0.0010703200256876805
3770	0	0
3771	0	0
3772	0	0
3773	0	0
3774	0	0.00032109600770630417
3775	0	0.0007492240179813764
3776	0	0.0012843840308252167
3777	0	0
3778	0	0.00042812801027507225
3779	0	0.026972064647329548
3780	0	0
3781	0	0.0023547040565128972
3782	0	0.0009632880231189126
3783	0	0
3784	0	0.00032109600770630417
3785	0	0.001712512041100289
3786	0	0
3787	0	0.001926576046237825
3788	0	0.0010703200256876805
3789	0	0
3790	0	0
3791	0	0
3792	0	0.00042812801027507225
3793	0	0.00032109600770630417
3794	0	0
3795	0	0.002140640051375361
3796	0	0
3797	0	0
3798	0	0.0013914160333939848
3799	0	0.0010703200256876805
3800	0	0.03403617681686824
3801	0	0.00042812801027507225
3802	0	0.0008562560205501445
3803	0	0
3804	0	0.00021406400513753612
3805	0	0.0007492240179813764
3806	0	0
3807	0	0.0048164401155945625
3808	0	0.003639088087338114
3809	0	0
3810	0	0.0007492240179813764
3811	0	0.03532056084769346
3812	0	0
3813	0	0
3814	0	0.0023547040565128972
3815	0	0.00021406400513753612
3816	0	0.00042812801027507225
3817	0	0
3818	0	0.001712512041100289
3819	0	0.0005351600128438403
3820	0	0.0006421920154126083
3821	0	0
3822	0	0
3823	0	0
3824	0	0
3825	0	0.0047094081130257944
3826	0	0
3827	0	0
3828	0	0.00385315209247565
3829	0	0
3830	0	0
3831	0	0
3832	0	0.009632880231189125
3833	0	0
3834	0	0
3835	0	0
3836	0	0
3837	0	0.00042812801027507225
3838	0	0.0027828320667879695
3839	0	0.0005351600128438403
3840	0	0.0012843840308252167
3841	0	0
3842	0	0.0073852081772449955
3843	0	0.00042812801027507225
3844	0	0.0048164401155945625
3845	0	0
3846	0	0.003210960077063042
3847	0	0
3848	0	0
3849	0	0
3850	0	0.3146740875521781
3851	0	0.0006421920154126083
3852	0	0
3853	0	0.002140640051375361
3854	0	0
3855	0	0.002140640051375361
3856	0	0
3857	0	0
3858	0	0
3859	0	0
3860	0	0.0014984480359627528
3861	0	0.0009632880231189126
3862	0	0
3863	0	0.00021406400513753612
3864	0	0
3865	0	0.0011773520282564486
3866	0	0
3867	0	0
3868	0	0.0006421920154126083
3869	0	0
3870	0	0
3871	0	0.0006421920154126083
3872	0	0.0027828320667879695
3873	0	0.0009632880231189126
3874	0	0.00021406400513753612
3875	0	0
3876	0	0
3877	0	0
3878	0	0
3879	0	0
3880	0	0
3881	0	0.0006421920154126083
3882	0	0
3883	0	0.0007492240179813764
3884	0	0.0077063041849513
3885	0	0
3886	0	0.0009632880231189126
3887	0	0.00032109600770630417
3888	0	0
3889	0	0.00042812801027507225
3890	0	0.0007492240179813764
3891	0	0
3892	0	0
3893	0	0.012843840308252166
3894	0	0.004923472118163331
3895	0	0.0006421920154126083
3896	0	0
3897	0	0
3898	0	0.00032109600770630417
3899	0	0
3900	0	0
3901	0	0.00385315209247565
3902	0	0
3903	0	0
3904	0	0.0007492240179813764
3905	0	0
3906	0	0.0029968960719255057
3907	0	0.00032109600770630417
3908	0	0
3909	0	0
3910	0	0.00042812801027507225
3911	0	0.001926576046237825
3912	0	0
3913	0	0.0005351600128438403
3914	0	0
3915	0	0.032751792786043024
3916	0	0.0007492240179813764
3917	0	0.005137536123300866
3918	0	0.0023547040565128972
3919	0	0
3920	0	0.0013914160333939848
3921	0	0.01155945627742695
3922	0	0
3923	0	0.004281280102750722
3924	0	0
3925	0	0.0036390880873381137
3926	0	0
3927	0	0.0027828320667879695
3928	0	0.0036390880873381137
3929	0	0
3930	0	0.0009632880231189126
3931	0	0
3932	0	0
3933	0	0.005779728138713474
3934	0	0.00021406400513753612
3935	0	0.1363587712726105
3936	0	0
3937	0	0.010703200256876806
3938	0	0.0007492240179813764
3939	0	0.06454029754896715
3940	0	0
3941	0	0.001926576046237825
3942	0	0
3943	0	0.06646687359520496
3944	0	0
3945	0	0
3946	0	0.0010703200256876805
3947	0	0
3948	0	0
3949	0	0.00042812801027507225
3950	0	0.006743016161832387
3951	0	0.3895964893503157
3952	0	0.0011773520282564486
3953	0	0.0006421920154126083
3954	0	0.0006421920154126083
3955	0	0
3956	0	0.006421920154126083
3957	0	0
3958	0	0
3959	0	0
3960	0	0
3961	0	0.00032109600770630417
3962	0	0
3963	0	0.03071818473723643
3964	0	0.0029968960719255057
3965	0	0.05137536123300866
3966	0	0.00042812801027507225
3967	0	0.004067216097613186
3968	0	0.0006421920154126083
3969	0	0.0006421920154126083
3970	0	0.003532056084769346
3971	0	0.0017125120411002888
3972	0	0.0025687680616504334
3973	0	0.00385315209247565
3974	0	0
3975	0	0
3976	0	0
3977	0	0.00021406400513753612
3978	0	0.00010703200256876806
3979	0	0.004495344107888258
3980	0	0
3981	0	0
3982	0	0.006421920154126084
3983	0	0.01862356844696564
3984	0	0.00021406400513753612
3985	0	0.002247672053944129
3986	0	0
3987	0	0.011131328267151878
3988	0	0.0006421920154126083
3989	0	0.00010703200256876806
3990	0	0.003532056084769346
3991	0	0.0006421920154126083
3992	0	0
3993	0	0.005137536123300867
3994	0	0.0010703200256876805
3995	0	0.0014984480359627528
3996	0	0.001605480038531521
3997	0	0.0009632880231189126
3998	0	0.00032109600770630417
3999	0	0
4000	0	0.003210960077063042
4001	0	0
4002	0	0.005351600128438403
4003	0	0.00042812801027507225
4004	0	0.001926576046237825
4005	0	0
4006	0	0
4007	0	0.0029968960719255057
4008	0	0.00385315209247565
4009	0	0
4010	0	0.0006421920154126083
4011	0	0.0006421920154126083
4012	0	0.0007492240179813764
4013	0	0
4014	0	0.0023547040565128972
4015	0	0
4016	0	0
4017	0	0.016054800385315208
4018	0	0.006850048164401156
4019	0	0
4020	0	0
4021	0	0.001605480038531521
4022	0	0.00042812801027507225
4023	0	0.0006421920154126083
4024	0	0.0023547040565128972
4025	0	0.0006421920154126083
4026	0	0
4027	0	0
4028	0	0
4029	0	0.00021406400513753612
4030	0	0.0023547040565128972
4031	0	0
4032	0	0.0027828320667879695
4033	0	0.0019265760462378251
4034	0	0
4035	0	0.001926576046237825
4036	0	0.0006421920154126083
4037	0	0
4038	0	0
4039	0	0.0025687680616504334
4040	0	0
4041	0	0.00042812801027507225
4042	0	0.00032109600770630417
4043	0	0.00032109600770630417
4044	0	0.005351600128438403
4045	0	0.00042812801027507225
4046	0	0.028256448678154765
4047	0	0.0032109600770630414
4048	0	0
4049	0	0.00021406400513753612
4050	0	0.003639088087338114
4051	0	0.00021406400513753612
4052	0	0.005993792143851011
4053	0	0.007064112169538691
4054	0	0
4055	0	0.004495344107888258
4056	0	0
4057	0	0.00021406400513753612
4058	0	0
4059	0	0.0023547040565128972
4060	0	0.001712512041100289
4061	0	0.002140640051375361
4062	0	0.0006421920154126083
4063	0	0.00021406400513753612
4064	0	0.0008562560205501445
4065	0	0
4066	0	0
4067	0	0
4068	0	0
4069	0	0
4070	0	0.0005351600128438403
4071	0	0
4072	0	0.002140640051375361
4073	0	0.020550144493203467
4074	0	0.00032109600770630417
4075	0	0
4076	0	0
4077	0	0.008562560205501444
4078	0	0
4079	0	0
4080	0	0.0007492240179813764
4081	0	0.004281280102750722
4082	0	0.00042812801027507225
4083	0	0.00042812801027507225
4084	0	0.010703200256876806
4085	0	0
4086	0	0
4087	0	0
4088	0	0.0009632880231189126
4089	0	0.0005351600128438403
4090	0	0.00032109600770630417
4091	0	0
4092	0	0
4093	0	0.008669592208070212
4094	0	0
4095	0	0
4096	0	0
4097	0	0
4098	0	0.001712512041100289
4099	0	0.0012843840308252167
4100	0	0
4101	0	0
4102	0	0
4103	0	0.006850048164401156
4104	0	0
4105	0	0
4106	0	0
4107	0	0
4108	0	0
4109	0	0
4110	0	0.0005351600128438403
4111	0	0
4112	0	0
4113	0	0
4114	0	0.0005351600128438403
4115	0	0.004281280102750722
4116	0	0.003532056084769346
4117	0	0.0010703200256876805
4118	0	0.00032109600770630417
4119	0	0.003210960077063042
4120	0	0.00042812801027507225
4121	0	0.0025687680616504334
4122	0	0
4123	0	0
4124	0	0.0023547040565128972
4125	0	0.0006421920154126083
4126	0	0.00021406400513753612
4127	0	0.004067216097613186
4128	0	0
4129	0	0.0029968960719255057
4130	0	0.0006421920154126083
4131	0	0.0006421920154126083
4132	0	0
4133	0	0.0009632880231189126
4134	0	0.004281280102750722
4135	0	0.0029968960719255057
4136	0	0.0032109600770630414
4137	0	0.0010703200256876805
4138	0	0.0005351600128438403
4139	0	0.00021406400513753612
4140	0	0
4141	0	0.0009632880231189126
4142	0	0
4143	0	0
4144	0	0.00385315209247565
4145	0	0
4146	0	0.0010703200256876805
4147	0	0.0012843840308252167
4148	0	0
4149	0	0.0006421920154126083
4150	0	0.011131328267151878
4151	0	0
4152	0	0
4153	0	0
4154	0	0
4155	0	0
4156	0	0.005565664133575939
4157	0	0.018409504441828105
4158	0	0
4159	0	0
4160	0	0
4161	0	0.00032109600770630417
4162	0	0
4163	0	0
4164	0	0
4165	0	0.002247672053944129
4166	0	0.0011773520282564486
4167	0	0.00021406400513753612
4168	0	0.0029968960719255057
4169	0	0.011987584287702023
4170	0	0.008348496200363908
4171	0	0
4172	0	0
4173	0	0
4174	0	0
4175	0	0
4176	0	0.004923472118163331
4177	0	0.0006421920154126083
4178	0	0.002140640051375361
4179	0	0
4180	0	0
4181	0	0
4182	0	0.00042812801027507225
4183	0	0.0006421920154126083
4184	0	0
4185	0	0.004495344107888258
4186	0	0.0014984480359627528
4187	0	0
4188	0	0
4189	0	0.0012843840308252167
4190	0	0.00021406400513753612
4191	0	0
4192	0	0.001605480038531521
4193	0	0
4194	0	0
4195	0	0
4196	0	0.0029968960719255057
4197	0	0
4198	0	0
4199	0	0
4200	0	0.0029968960719255057
4201	0	0.00010703200256876806
4202	0	0.002033608048806593
4203	0	0
4204	0	0
4205	0	0
4206	0	0.0023547040565128972
4207	0	0
4208	0	0.0008562560205501445
4209	0	0.0023547040565128972
4210	0	0.006421920154126083
4211	0	0.0007492240179813764
4212	0	0.0012843840308252167
4213	0	0
4214	0	0
4215	0	0.00042812801027507225
4216	0	0
4217	0	0
4218	0	0
4219	0	0.00021406400513753612
4220	0	0
4221	0	0
4222	0	0.0025687680616504334
4223	0	0.0006421920154126083
4224	0	0.01155945627742695
4225	0	0
4226	0	0.0008562560205501445
4227	0	0.0013914160333939848
4228	0	0
4229	0	0
4230	0	0
4231	0	0.0034250240822005775
4232	0	0.037675264904206356
4233	0	0
4234	0	0.0009632880231189126
4235	0	0.00021406400513753612
4236	0	0.0005351600128438403
4237	0	0
4238	0	0
4239	0	0.005779728138713474
4240	0	0
4241	0	0
4242	0	0
4243	0	0.005137536123300866
4244	0	0.008669592208070212
4245	0	0.0036390880873381137
4246	0	0.00385315209247565
4247	0	0.00021406400513753612
4248	0	0.00042812801027507225
4249	0	0
4250	0	0.00042812801027507225
4251	0	0
4252	0	0.0027828320667879695
4253	0	0
4254	0	0
4255	0	0
4256	0	0.0012843840308252167
4257	0	0.0014984480359627528
4258	0	0.00042812801027507225
4259	0	0.00042812801027507225
4260	0	0.0006421920154126083
4261	0	0.0009632880231189126
4262	0	0
4263	0	0.0006421920154126083
4264	0	0.003210960077063042
4265	0	0.0008562560205501445
4266	0	0
4267	0	0
4268	0	0
4269	0	0.00021406400513753612
4270	0	0.05736915337685968
4271	0	0.0017125120411002888
4272	0	0
4273	0	0
4274	0	0.0035320560847693456
4275	0	0
4276	0	0.00032109600770630417
4277	0	0.008348496200363908
4278	0	0.0008562560205501445
4279	0	0
4280	0	0.002140640051375361
4281	0	0
4282	0	0.003532056084769346
4283	0	0
4284	0	0.0006421920154126083
4285	0	0
4286	0	0.0010703200256876805
4287	0	0.011131328267151878
4288	0	0
4289	0	0.0012843840308252167
4290	0	0
4291	0	0
4292	0	0
4293	0	0
4294	0	0.0013914160333939848
4295	0	0.01327196831852724
4296	0	0
4297	0	0.003425024082200578
4298	0	0.0005351600128438403
4299	0	0
4300	0	0.005565664133575939
4301	0	0.00032109600770630417
4302	0	0.0023547040565128972
4303	0	0.00010703200256876806
4304	0	0
4305	0	0.0010703200256876805
4306	0	0.0012843840308252167
4307	0	0.0007492240179813764
4308	0	0
4309	0	0
4310	0	0
4311	0	0
4312	0	0
4313	0	0.00042812801027507225
4314	0	0
4315	0	0.002140640051375361
4316	0	0
4317	0	0.005779728138713474
4318	0	0
4319	0	0.00032109600770630417
4320	0	0
4321	0	0
4322	0	0
4323	0	0.001605480038531521
4324	0	0.0005351600128438403
4325	0	0
4326	0	0.009953976238895428
4327	0	0.012201648292839557
4328	0	0.0011773520282564486
4329	0	0.0005351600128438403
4330	0	0.00042812801027507225
4331	0	0.004067216097613186
4332	0	0
4333	0	0.0006421920154126083
4334	0	0.003210960077063042
4335	0	0.0023547040565128972
4336	0	0.014128224339077382
4337	0	0.0013914160333939848
4338	0	0
4339	0	0.0005351600128438403
4340	0	0.00032109600770630417
4341	0	0
4342	0	0
4343	0	0.0008562560205501445
4344	0	0
4345	0	0.00042812801027507225
4346	0	0
4347	0	0.0010703200256876805
4348	0	0
4349	0	0.0019265760462378251
4350	0	0
4351	0	0
4352	0	0.0006421920154126083
4353	0	0.00042812801027507225
4354	0	0
4355	0	0
4356	0	0.004495344107888258
4357	0	0.0008562560205501445
4358	0	0
4359	0	0.0073852081772449955
4360	0	0.0005351600128438403
4361	0	0.0007492240179813764
4362	0	0
4363	0	0.0005351600128438403
4364	0	0.00032109600770630417
4365	0	0.00021406400513753612
4366	0	0.0005351600128438403
4367	0	0
4368	0	0.0005351600128438403
4369	0	0
4370	0	0.0010703200256876805
4371	0	0
4372	0	0
4373	0	0
4374	0	0
4375	0	0
4376	0	0
4377	0	0
4378	0	0
4379	0	0.002140640051375361
4380	0	0.00021406400513753612
4381	0	0.0009632880231189126
4382	0	0.0006421920154126083
4383	0	0.0012843840308252167
4384	0	0
4385	0	0
4386	0	0.00042812801027507225
4387	0	0.02087124050090977
4388	0	0.12843840308252166
4389	0	0
4390	0	0
4391	0	0.0006421920154126083
4392	0	0.0006421920154126083
4393	0	0.0073852081772449955
4394	0	0.0009632880231189126
4395	0	0
4396	0	0
4397	0	0.003425024082200578
4398	0	0.001712512041100289
4399	0	0.014128224339077384
4400	0	0
4401	0	0
4402	0	0
4403	0	0.00032109600770630417
4404	0	0.0010703200256876805
4405	0	0
4406	0	0.0005351600128438403
4407	0	0.007064112169538691
4408	0	0.002140640051375361
4409	0	0.005779728138713474
4410	0	0.04538156908915766
4411	0	0.0011773520282564486
4412	0	0
4413	0	0.0034250240822005775
4414	0	0
4415	0	0.01990795247779086
4416	0	0.0011773520282564486
4417	0	0.0011773520282564486
4418	0	0.026758000642192015
4419	0	0
4420	0	0
4421	0	0
4422	0	0.0006421920154126083
4423	0	0.015412608369902601
4424	0	0
4425	0	0
4426	0	0
4427	0	0
4428	0	0.008027400192657604
4429	0	0
4430	0	0.0025687680616504334
4431	0	0
4432	0	0.0008562560205501445
4433	0	0
4434	0	0.004923472118163331
4435	0	0
4436	0	0
4437	0	0.00931178422348282
4438	0	0
4439	0	0.001712512041100289
4440	0	0
4441	0	0.0017125120411002888
4442	0	0.02033608048806593
4443	0	0.007064112169538691
4444	0	0
4445	0	0.0010703200256876805
4446	0	0.00032109600770630417
4447	0	0.05319490527667772
4448	0	0
4449	0	0.010703200256876806
4450	0	0
4451	0	0.0048164401155945625
4452	0	0
4453	0	0
4454	0	0.00010703200256876806
4455	0	0
4456	0	0
4457	0	0
4458	0	0.00042812801027507225
4459	0	0
4460	0	0
4461	0	0.00010703200256876806
4462	0	0.00042812801027507225
4463	0	0
4464	0	0.0017125120411002888
4465	0	0
4466	0	0
4467	0	0
4468	0	0.0006421920154126083
4469	0	0
4470	0	0
4471	0	0.0007492240179813764
4472	0	0.0007492240179813764
4473	0	0.00010703200256876806
4474	0	0.0005351600128438403
4475	0	0.00010703200256876806
4476	0	0.00042812801027507225
4477	0	0.0010703200256876805
4478	0	0.00021406400513753612
4479	0	0
4480	0	0
4481	0	0
4482	0	0
4483	0	0.0027828320667879695
4484	0	0
4485	0	0.00385315209247565
4486	0	0.0010703200256876805
4487	0	0.01155945627742695
4488	0	0.0005351600128438403
4489	0	0
4490	0	0.0038531520924756503
4491	0	0
4492	0	0.0007492240179813764
4493	0	0.0008562560205501445
4494	0	0.012308680295408327
4495	0	0
4496	0	0.0005351600128438403
4497	0	0.002140640051375361
4498	0	0.005137536123300866
4499	0	0
4500	0	0
4501	0	0
4502	0	0.006421920154126084
4503	0	0.0009632880231189126
4504	0	0
4505	0	0.0028898640693567376
4506	0	0
4507	0	0
4508	0	0
4509	0	0.0005351600128438403
4510	0	0.0007492240179813764
4511	0	0.012843840308252167
4512	0	0.00032109600770630417
4513	0	0.0047094081130257944
4514	0	0.00042812801027507225
4515	0	0
4516	0	0.00021406400513753612
4517	0	0.0014984480359627528
4518	0	0.0006421920154126083
4519	0	0.0007492240179813764
4520	0	0.001712512041100289
4521	0	0
4522	0	0
4523	0	0.0006421920154126083
4524	0	0.00032109600770630417
4525	0	0.0005351600128438403
4526	0	0
4527	0	0.023975168575404045
4528	0	0
4529	0	0
4530	0	0
4531	0	0.00021406400513753612
4532	0	0.0029968960719255057
4533	0	0
4534	0	0
4535	0	0.014770416354489991
4536	0	0
4537	0	0.0013914160333939848
4538	0	0.0010703200256876805
4539	0	0.0006421920154126083
4540	0	0.0010703200256876805
4541	0	0
4542	0	0
4543	0	0.04420421706090121
4544	0	0.001712512041100289
4545	0	0
4546	0	0
4547	0	0
4548	0	0.00032109600770630417
4549	0	0
4550	0	0.0005351600128438403
4551	0	0.0010703200256876805
4552	0	0
4553	0	0
4554	0	0.0027828320667879695
4555	0	0.0014984480359627528
4556	0	0.0009632880231189126
4557	0	0.0009632880231189126
4558	0	0.0023547040565128972
4559	0	0
4560	0	0.05651289735630954
4561	0	0.014128224339077382
4562	0	0
4563	0	0.003425024082200578
4564	0	0.0014984480359627528
4565	0	0
4566	0	0.00021406400513753612
4567	0	0
4568	0	0.00042812801027507225
4569	0	0
4570	0	0
4571	0	0.0009632880231189126
4572	0	0.0462378251097078
4573	0	0.012843840308252167
4574	0	0.005458632131007171
4575	0	0
4576	0	0.0012843840308252167
4577	0	0.00042812801027507225
4578	0	0
4579	0	0.0005351600128438403
4580	0	0
4581	0	0
4582	0	0
4583	0	0
4584	0	0.0012843840308252167
4585	0	0
4586	0	0
4587	0	0.0007492240179813764
4588	0	0
4589	0	0.0036390880873381137
4590	0	0.00042812801027507225
4591	0	0.004495344107888258
4592	0	0.002140640051375361
4593	0	0
4594	0	0.0011773520282564486
4595	0	0.00042812801027507225
4596	0	0.00032109600770630417
4597	0	0
4598	0	0.005351600128438403
4599	0	0.00042812801027507225
4600	0	0.006743016161832387
4601	0	0
4602	0	0.0013914160333939848
4603	0	0.001605480038531521
4604	0	0
4605	0	0.0009632880231189126
4606	0	0
4607	0	0.001926576046237825
4608	0	0
4609	0	0
4610	0	0
4611	0	0
4612	0	0
4613	0	0
4614	0	0
4615	0	0
4616	0	0.01155945627742695
4617	0	0
4618	0	0.0023547040565128972
4619	0	0
4620	0	0.00010703200256876806
4621	0	0.0006421920154126083
4622	0	0
4623	0	0.00021406400513753612
4624	0	0.0005351600128438403
4625	0	0.0005351600128438403
4626	0	0.00042812801027507225
4627	0	0
4628	0	0.007064112169538692
4629	0	0.0010703200256876805
4630	0	0.003425024082200578
4631	0	0.0077063041849513006
4632	0	0
4633	0	0.00032109600770630417
4634	0	0
4635	0	0.0013914160333939848
4636	0	0
4637	0	0.0010703200256876805
4638	0	0
4639	0	0.005779728138713475
4640	0	0
4641	0	0
4642	0	0
4643	0	0
4644	0	0
4645	0	0
4646	0	0.001712512041100289
4647	0	0.0009632880231189126
4648	0	0.008348496200363908
4649	0	0.018837632452103178
4650	0	0
4651	0	0.003210960077063042
4652	0	0
4653	0	0.002033608048806593
4654	0	0.005779728138713474
4655	0	0
4656	0	0.0013914160333939848
4657	0	0
4658	0	0.001605480038531521
4659	0	0.0006421920154126083
4660	0	0
4661	0	0
4662	0	0.00032109600770630417
4663	0	0
4664	0	0.004067216097613186
4665	0	0
4666	0	0
4667	0	0.020550144493203467
4668	0	0
4669	0	0.0019265760462378251
4670	0	0.0008562560205501445
4671	0	0.006421920154126083
4672	0	0
4673	0	0.004923472118163331
4674	0	0.0032109600770630414
4675	0	0.004067216097613186
4676	0	0
4677	0	0
4678	0	0
4679	0	0.0023547040565128972
4680	0	0
4681	0	0
4682	0	0.00042812801027507225
4683	0	0
4684	0	0.00042812801027507225
4685	0	0.00032109600770630417
4686	0	0
4687	0	0.0006421920154126083
4688	0	0
4689	0	0.0008562560205501445
4690	0	0.005779728138713474
4691	0	0.0010703200256876805
4692	0	0
4693	0	0
4694	0	0
4695	0	0.00021406400513753612
4696	0	0.00021406400513753612
4697	0	0.00021406400513753612
4698	0	0
4699	0	0
4700	0	0
4701	0	0.00042812801027507225
4702	0	0.0007492240179813764
4703	0	0.00995397623889543
4704	0	0.00021406400513753612
4705	0	0.00021406400513753612
4706	0	0
4707	0	0.008027400192657604
4708	0	0.002140640051375361
4709	0	0.0014984480359627528
4710	0	0.0047094081130257944
4711	0	0.0007492240179813764
4712	0	0
4713	0	0.00042812801027507225
4714	0	0
4715	0	0
4716	0	0.008134432195226372
4717	0	0
4718	0	0
4719	0	0
4720	0	0
4721	0	0.00010703200256876806
4722	0	0
4723	0	0
4724	0	0
4725	0	0
4726	0	0
4727	0	0
4728	0	0.001712512041100289
4729	0	0.003210960077063042
4730	0	0.00042812801027507225
4731	0	0
4732	0	0.00042812801027507225
4733	0	0.0006421920154126083
4734	0	0
4735	0	0.0007492240179813764
4736	0	0
4737	0	0
4738	0	0.0011773520282564486
4739	0	0.010917264262014342
4740	0	0
4741	0	0.00042812801027507225
4742	0	0.0012843840308252167
4743	0	0
4744	0	0.0036390880873381137
4745	0	0
4746	0	0.0009632880231189126
4747	0	0.0012843840308252167
4748	0	0.0009632880231189126
4749	0	0.008990688215776517
4750	0	0.00010703200256876806
4751	0	0.00032109600770630417
4752	0	0.001926576046237825
4753	0	0
4754	0	0.0027828320667879695
4755	0	0.001605480038531521
4756	0	0
4757	0	0
4758	0	0
4759	0	0.0007492240179813764
4760	0	0
4761	0	0.0006421920154126083
4762	0	0.0007492240179813764
4763	0	0.0008562560205501445
4764	0	0
4765	0	0
4766	0	0.0077063041849513
4767	0	0.01712512041100289
4768	0	0.002140640051375361
4769	0	0.0006421920154126083
4770	0	0.0005351600128438403
4771	0	0
4772	0	0.008990688215776517
4773	0	0.0008562560205501445
4774	0	0
4775	0	0
4776	0	0.0010703200256876805
4777	0	0.00021406400513753612
4778	0	0.00010703200256876806
4779	0	0.001712512041100289
4780	0	0
4781	0	0.001712512041100289
4782	0	0.0009632880231189126
4783	0	0
4784	0	0.00032109600770630417
4785	0	0
4786	0	0.012415712297977095
4787	0	0.00032109600770630417
4788	0	0.0012843840308252167
4789	0	0.04024403296585679
4790	0	0
4791	0	0
4792	0	0
4793	0	0.00032109600770630417
4794	0	0.0010703200256876805
4795	0	0.004923472118163331
4796	0	0.007064112169538691
4797	0	0
4798	0	0
4799	0	0.001712512041100289
4800	0	0.003425024082200578
4801	0	0.0073852081772449955
4802	0	0
4803	0	0.021192336508616075
4804	0	0.0005351600128438403
4805	0	0.0007492240179813764
4806	0	0.00021406400513753612
4807	0	0.00042812801027507225
4808	0	0
4809	0	0.00042812801027507225
4810	0	0.0035320560847693456
4811	0	0.00021406400513753612
4812	0	0.0010703200256876805
4813	0	0
4814	0	0.003532056084769346
4815	0	0.4546719469121267
4816	0	0.00042812801027507225
4817	0	0.0009632880231189126
4818	0	0
4819	0	0.00042812801027507225
4820	0	0
4821	0	0
4822	0	0.005565664133575939
4823	0	0
4824	0	0
4825	0	0
4826	0	0
4827	0	0
4828	0	0.004281280102750722
4829	0	0
4830	0	0
4831	0	0.016268864390452744
4832	0	0
4833	0	0.001926576046237825
4834	0	0.00995397623889543
4835	0	0.002568768061650433
4836	0	0.00021406400513753612
4837	0	0
4838	0	0.00032109600770630417
4839	0	0.0035320560847693456
4840	0	0
4841	0	0.004281280102750722
4842	0	0
4843	0	0
4844	0	0
4845	0	0
4846	0	0
4847	0	0.00032109600770630417
4848	0	0.00042812801027507225
4849	0	0
4850	0	0.00032109600770630417
4851	0	0.5103285882478861
4852	0	0.001819544043669057
4853	0	0
4854	0	0.0029968960719255057
4855	0	0
4856	0	0.00010703200256876806
4857	0	0
4858	0	0.07620678582896286
4859	0	0
4860	0	0
4861	0	0
4862	0	0
4863	0	0.0008562560205501445
4864	0	0
4865	0	0.0012843840308252167
4866	0	0.00032109600770630417
4867	0	0
4868	0	0
4869	0	0
4870	0	0.004495344107888258
4871	0	0.0005351600128438403
4872	0	0
4873	0	0.0007492240179813764
4874	0	0.0006421920154126083
4875	0	0
4876	0	0.00032109600770630417
4877	0	0
4878	0	0.0006421920154126083
4879	0	0.006743016161832387
4880	0	0.001712512041100289
4881	0	0.004281280102750722
4882	0	0
4883	0	0
4884	0	0
4885	0	0.0006421920154126083
4886	0	0.02033608048806593
4887	0	0
4888	0	0.0005351600128438403
4889	0	0
4890	0	0.0029968960719255057
4891	0	0
4892	0	0
4893	0	0.0034250240822005775
4894	0	0
4895	0	0.0231189125548539
4896	0	0.0005351600128438403
4897	0	0
4898	0	0
4899	0	0.0027828320667879695
4900	0	0
4901	0	0.0035320560847693456
4902	0	0.001712512041100289
4903	0	0.0013914160333939848
4904	0	0
4905	0	0.0023547040565128972
4906	0	0
4907	0	0
4908	0	0.0005351600128438403
4909	0	0.01648292839559028
4910	0	0
4911	0	0
4912	0	0.006421920154126084
4913	0	0
4914	0	0
4915	0	0.0006421920154126083
4916	0	0.0006421920154126083
4917	0	0.0006421920154126083
4918	0	0
4919	0	0.015412608369902601
4920	0	0.008348496200363908
4921	0	0
4922	0	0
4923	0	0.012415712297977095
4924	0	0.001926576046237825
4925	0	0.0036390880873381137
4926	0	0
4927	0	0
4928	0	0
4929	0	0
4930	0	0
4931	0	0
4932	0	0.00042812801027507225
4933	0	0
4934	0	0.00032109600770630417
4935	0	0.0006421920154126083
4936	0	0.00042812801027507225
4937	0	0
4938	0	0
4939	0	0.0008562560205501445
4940	0	0
4941	0	0.00021406400513753612
4942	0	0.0025687680616504334
4943	0	0
4944	0	0
4945	0	0.0025687680616504334
4946	0	0.009418816226051589
4947	0	0.0023547040565128972
4948	0	0.003532056084769346
4949	0	0
4950	0	0.0006421920154126083
4951	0	0
4952	0	0
4953	0	0
4954	0	0.0009632880231189126
4955	0	0.0061008241464197786
4956	0	0
4957	0	0
4958	0	0.0019265760462378251
4959	0	0.024617360590816654
4960	0	0.00042812801027507225
4961	0	0.0012843840308252167
4962	0	0.0005351600128438403
4963	0	0.016696992400727816
4964	0	0
4965	0	0
4966	0	0
4967	0	0.0006421920154126083
4968	0	0
4969	0	0
4970	0	0.0027828320667879695
4971	0	0
4972	0	0
4973	0	0.014984480359627529
4974	0	0
4975	0	0
4976	0	0
4977	0	0
4978	0	0.023011880552285133
4979	0	0.0061008241464197786
4980	0	0
4981	0	0.0014984480359627528
4982	0	0
4983	0	0.0008562560205501445
4984	0	0.0027828320667879695
4985	0	0.00021406400513753612
4986	0	0.00032109600770630417
4987	0	0
4988	0	0.05736915337685968
4989	0	0
4990	0	0.0027828320667879695
4991	0	0.0023547040565128972
4992	0	0.00877662421063898
4993	0	0
4994	0	0.00032109600770630417
4995	0	0
4996	0	0.00021406400513753612
4997	0	0.0009632880231189126
4998	0	0.001819544043669057
4999	0	0.0010703200256876805
5000	0	0
5001	0	0.0008562560205501445
5002	0	0.0007492240179813764
5003	0	0
5004	0	0.0014984480359627528
5005	0	0.00042812801027507225
5006	0	0.00042812801027507225
5007	0	0.0029968960719255057
5008	0	0
5009	0	0.0005351600128438403
5010	0	0.0023547040565128972
5011	0	0.0029968960719255057
5012	0	0
5013	0	0
5014	0	0.004495344107888258
5015	0	0
5016	0	0.006850048164401156
5017	0	0.0017125120411002888
5018	0	0
5019	0	0.001926576046237825
5020	0	0
5021	0	0.007064112169538691
5022	0	0.004281280102750722
5023	0	0
5024	0	0.005779728138713475
5025	0	0.0006421920154126083
5026	0	0.0014984480359627528
5027	0	0
5028	0	0.0025687680616504334
5029	0	0
5030	0	0
5031	0	0
5032	0	0.00032109600770630417
5033	0	0.00042812801027507225
5034	0	0
5035	0	0.003210960077063042
5036	0	0.0019265760462378251
5037	0	0
5038	0	0.00032109600770630417
5039	0	0.0012843840308252167
5040	0	0
5041	0	0
5042	0	0.0007492240179813764
5043	0	0.008027400192657604
5044	0	0.0012843840308252167
5045	0	0
5046	0	0
5047	0	0.0007492240179813764
5048	0	0
5049	0	0
5050	0	0
5051	0	0.004067216097613186
5052	0	0.006421920154126083
5053	0	0.00032109600770630417
5054	0	0.0008562560205501445
5055	0	0.0008562560205501445
5056	0	0.0025687680616504334
5057	0	0
5058	0	0.005458632131007171
5059	0	0.00032109600770630417
5060	0	0.004816440115594562
5061	0	0.0010703200256876805
5062	0	0.0008562560205501445
5063	0	0.0023547040565128972
5064	0	0
5065	0	0.0025687680616504334
5066	0	0.0036390880873381137
5067	0	0.00010703200256876806
5068	0	0.0007492240179813764
5069	0	0.0036390880873381137
5070	0	0.0008562560205501445
5071	0	0
5072	0	0.0010703200256876805
5073	0	0
5074	0	0.0009632880231189126
5075	0	0.00032109600770630417
5076	0	0.00032109600770630417
5077	0	0
5078	0	0
5079	0	0
5080	0	0.0014984480359627528
5081	0	0.0007492240179813764
5082	0	0.0012843840308252167
5083	0	0.0006421920154126083
5084	0	0.00032109600770630417
5085	0	0
5086	0	0
5087	0	0
5088	0	0
5089	0	0.00021406400513753612
5090	0	0
5091	0	0
5092	0	0.00032109600770630417
5093	0	0
5094	0	0
5095	0	0.001712512041100289
5096	0	0.0077063041849513
5097	0	0
5098	0	0.00010703200256876806
5099	0	0
5100	0	0
5101	0	0.004495344107888258
5102	0	0.001926576046237825
5103	0	0.0005351600128438403
5104	0	0
5105	0	0
5106	0	0
5107	0	0
5108	0	0.0008562560205501445
5109	0	0.00032109600770630417
5110	0	0
5111	0	0.0009632880231189126
5112	0	0
5113	0	0
5114	0	0.00032109600770630417
5115	0	0
5116	0	0
5117	0	0.05876056941025366
5118	0	0
5119	0	0.0014984480359627528
5120	0	0
5121	0	0.0006421920154126083
5122	0	0.00042812801027507225
5123	0	0
5124	0	0
5125	0	0.010275072246601734
5126	0	0
5127	0	0.007064112169538691
5128	0	0.029219736701273678
5129	0	0.014984480359627529
5130	0	0.0029968960719255057
5131	0	0.0017125120411002888
5132	0	0
5133	0	0
5134	0	0
5135	0	0
5136	0	0
5137	0	0.0035320560847693456
5138	0	0
5139	0	0
5140	0	0.0154126083699026
5141	0	0
5142	0	0.006421920154126083
5143	0	0
5144	0	0
5145	0	0.00021406400513753612
5146	0	0.0014984480359627528
5147	0	0
5148	0	0.004067216097613186
5149	0	0.0010703200256876805
5150	0	0
5151	0	0.0006421920154126083
5152	0	0.0027828320667879695
5153	0	0.001605480038531521
5154	0	0.006743016161832387
5155	0	0
5156	0	0
5157	0	0
5158	0	0.0006421920154126083
5159	0	0
5160	0	0
5161	0	0.08990688215776517
5162	0	0
5163	0	0
5164	0	0
5165	0	0.0014984480359627528
5166	0	0.004281280102750722
5167	0	0
5168	0	0.00042812801027507225
5169	0	0
5170	0	0
5171	0	0.01712512041100289
5172	0	0
5173	0	0
5174	0	0.0010703200256876805
5175	0	0.0025687680616504334
5176	0	0.0029968960719255057
5177	0	0.007064112169538692
5178	0	0
5179	0	0.00042812801027507225
5180	0	0
5181	0	0.0023547040565128972
5182	0	0.003532056084769346
5183	0	0
5184	0	0
5185	0	0.0012843840308252167
5186	0	0.00010703200256876806
5187	0	0.0012843840308252167
5188	0	0.00032109600770630417
5189	0	0.0025687680616504334
5190	0	0
5191	0	0.00021406400513753612
5192	0	0.004067216097613186
5193	0	0
5194	0	0.0010703200256876805
5195	0	0
5196	0	0.0013914160333939848
5197	0	0
5198	0	0.003425024082200578
5199	0	0.007064112169538691
5200	0	0
5201	0	0.0023547040565128972
5202	0	0
5203	0	0.01551964037247137
5204	0	0.0009632880231189126
5205	0	0
5206	0	0
5207	0	0.0012843840308252167
5208	0	0
5209	0	0.0017125120411002888
5210	0	0
5211	0	0.0006421920154126083
5212	0	0.0007492240179813764
5213	0	0.0029968960719255057
5214	0	0.0036390880873381137
5215	0	0.0032109600770630414
5216	0	0
5217	0	0
5218	0	0.008027400192657604
5219	0	0
5220	0	0.024617360590816654
5221	0	0.001605480038531521
5222	0	0
5223	0	0.004923472118163331
5224	0	0.0009632880231189126
5225	0	0.0061008241464197786
5226	0	0.001605480038531521
5227	0	0
5228	0	0.00385315209247565
5229	0	0.008348496200363908
5230	0	0.0009632880231189126
5231	0	0.0027828320667879695
5232	0	0.002033608048806593
5233	0	0.005565664133575939
5234	0	0
5235	0	0
5236	0	0
5237	0	0.0007492240179813764
5238	0	0.003425024082200578
5239	0	0.004495344107888258
5240	0	0.0010703200256876805
5241	0	0.00032109600770630417
5242	0	0.0010703200256876805
5243	0	0
5244	0	0
5245	0	0.011131328267151878
5246	0	0.010703200256876806
5247	0	0
5248	0	0.023547040565128973
5249	0	0
5250	0	0
5251	0	0.002140640051375361
5252	0	0.0005351600128438403
5253	0	0.0023547040565128972
5254	0	0
5255	0	0
5256	0	0
5257	0	0.00032109600770630417
5258	0	0
5259	0	0
5260	0	0.0005351600128438403
5261	0	0
5262	0	0.00032109600770630417
5263	0	0
5264	0	0
5265	0	0.0009632880231189126
5266	0	0.0014984480359627528
5267	0	0.003639088087338114
5268	0	0
5269	0	0.0006421920154126083
5270	0	0.0012843840308252167
5271	0	0
5272	0	0
5273	0	0
5274	0	0
5275	0	0.00042812801027507225
5276	0	0
5277	0	0
5278	0	0
5279	0	0.0019265760462378251
5280	0	0
5281	0	0
5282	0	0.00032109600770630417
5283	0	0
5284	0	0.0013914160333939848
5285	0	0
5286	0	0.005351600128438403
5287	0	0.0010703200256876805
5288	0	0.0023547040565128972
5289	0	0
5290	0	0.00021406400513753612
5291	0	0.00042812801027507225
5292	0	0.00042812801027507225
5293	0	0
5294	0	0
5295	0	0.00010703200256876806
5296	0	0
5297	0	0
5298	0	0.0012843840308252167
5299	0	0.00021406400513753612
5300	0	0
5301	0	0.0017125120411002888
5302	0	0
5303	0	0
5304	0	0.00021406400513753612
5305	0	0
5306	0	0
5307	0	0.003639088087338114
5308	0	0
5309	0	0.0013914160333939848
5310	0	0
5311	0	0
5312	0	0.0010703200256876805
5313	0	0.001605480038531521
5314	0	0
5315	0	0
5316	0	0
5317	0	0.0014984480359627528
5318	0	0.004495344107888258
5319	0	0.00042812801027507225
5320	0	0
5321	0	0
5322	0	0.0010703200256876805
5323	0	0
5324	0	0.0010703200256876805
5325	0	0.00042812801027507225
5326	0	0
5327	0	0
5328	0	0
5329	0	0
5330	0	0.0062078561489885475
5331	0	0.00021406400513753612
5332	0	0.009846944236326661
5333	0	0.00032109600770630417
5334	0	0
5335	0	0
5336	0	0
5337	0	0.0005351600128438403
5338	0	0
5339	0	0
5340	0	0
5341	0	0
5342	0	0
5343	0	0.00021406400513753612
5344	0	0.00021406400513753612
5345	0	0
5346	0	0.0008562560205501445
5347	0	0.02033608048806593
5348	0	0
5349	0	0
5350	0	0.0006421920154126083
5351	0	0
5352	0	0.0009632880231189126
5353	0	0.0006421920154126083
5354	0	0
5355	0	0.0006421920154126083
5356	0	0
5357	0	0.0009632880231189126
5358	0	0.0007492240179813764
5359	0	0.024082200577972813
5360	0	0
5361	0	0
5362	0	0.0006421920154126083
5363	0	0
5364	0	0.0007492240179813764
5365	0	0
5366	0	0.0029968960719255057
5367	0	0
5368	0	0.0007492240179813764
5369	0	0
5370	0	0.0010703200256876805
5371	0	0.00042812801027507225
5372	0	0
5373	0	0.00545863213100717
5374	0	0.00042812801027507225
5375	0	0.00385315209247565
5376	0	0
5377	0	0
5378	0	0.006421920154126083
5379	0	0.00042812801027507225
5380	0	0
5381	0	0.0013914160333939848
5382	0	0.0011773520282564486
5383	0	0.0010703200256876805
5384	0	0
5385	0	0.001926576046237825
5386	0	0
5387	0	0
5388	0	0.006421920154126083
5389	0	0
5390	0	0
5391	0	0
5392	0	0.0005351600128438403
5393	0	0.0014984480359627528
5394	0	0.0023547040565128972
5395	0	0.028256448678154765
5396	0	0.0009632880231189126
5397	0	0.003210960077063042
5398	0	0
5399	0	0.0032109600770630414
5400	0	0
5401	0	0
5402	0	0.006421920154126084
5403	0	0.001712512041100289
5404	0	0.001926576046237825
5405	0	0
5406	0	0
5407	0	0.0010703200256876805
5408	0	0.006850048164401156
5409	0	0
5410	0	0.0013914160333939848
5411	0	0.0006421920154126083
5412	0	0
5413	0	0
5414	0	0
5415	0	0.005137536123300867
5416	0	0
5417	0	0
5418	0	0
5419	0	0
5420	0	0.0010703200256876805
5421	0	0
5422	0	0
5423	0	0
5424	0	0
5425	0	0
5426	0	0.0008562560205501445
5427	0	0
5428	0	0.0010703200256876805
5429	0	0
5430	0	0.0023547040565128972
5431	0	0
5432	0	0
5433	0	0
5434	0	0.0012843840308252167
5435	0	0
5436	0	0.0012843840308252167
5437	0	0.0010703200256876805
5438	0	0.00042812801027507225
5439	0	0.0036390880873381137
5440	0	0
5441	0	0.0008562560205501445
5442	0	0.0011773520282564486
5443	0	0
5444	0	0
5445	0	0
5446	0	0.011987584287702023
5447	0	0.008669592208070212
5448	0	0.0006421920154126083
5449	0	0
5450	0	0
5451	0	0.0077063041849513
5452	0	0.0006421920154126083
5453	0	0
5454	0	0.001605480038531521
5455	0	0
5456	0	0
5457	0	0.004495344107888258
5458	0	0.0012843840308252167
5459	0	0
5460	0	0.0005351600128438403
5461	0	0
5462	0	0
5463	0	0
5464	0	0.0006421920154126083
5465	0	0
5466	0	0
5467	0	0.00021406400513753612
5468	0	0
5469	0	0
5470	0	0.0027828320667879695
5471	0	0.0010703200256876805
5472	0	0.001605480038531521
5473	0	0.00021406400513753612
5474	0	0
5475	0	0.0014984480359627528
5476	0	0
5477	0	0.0005351600128438403
5478	0	0
5479	0	0
5480	0	0
5481	0	0
5482	0	0.00032109600770630417
5483	0	0
5484	0	0.008134432195226372
5485	0	0
5486	0	0
5487	0	0.0023547040565128972
5488	0	0
5489	0	0.0006421920154126083
5490	0	0.0034250240822005775
5491	0	0.0006421920154126083
5492	0	0.0008562560205501445
5493	0	0
5494	0	0
5495	0	0
5496	0	0.0011773520282564486
5497	0	0
5498	0	0.0009632880231189126
5499	0	0.0012843840308252167
5500	0	0
5501	0	0
5502	0	0
5503	0	0
5504	0	0
5505	0	0
5506	0	0.00010703200256876806
5507	0	0.06946376966713047
5508	0	0
5509	0	0.046023761104570265
5510	0	0.0005351600128438403
5511	0	0.008990688215776517
5512	0	0
5513	0	0.003210960077063042
5514	0	0.0005351600128438403
5515	0	0
5516	0	0
5517	0	0
5518	0	0
5519	0	0.004495344107888258
5520	0	0.005458632131007171
5521	0	0.0023547040565128972
5522	0	0
5523	0	0.0025687680616504334
5524	0	0.002140640051375361
5525	0	0.0027828320667879695
5526	0	0
5527	0	0
5528	0	0.0007492240179813764
5529	0	0.00032109600770630417
5530	0	0
5531	0	0.006421920154126083
5532	0	0
5533	0	0
5534	0	0.0029968960719255057
5535	0	0.00545863213100717
5536	0	0.008669592208070212
5537	0	0
5538	0	0
5539	0	0
5540	0	0.0025687680616504334
5541	0	0
5542	0	0.0006421920154126083
5543	0	0
5544	0	0
5545	0	0
5546	0	0.0009632880231189126
5547	0	0
5548	0	0.0010703200256876805
5549	0	0.00032109600770630417
5550	0	0.0017125120411002888
5551	0	0.0005351600128438403
5552	0	0
5553	0	0
5554	0	0
5555	0	0.0008562560205501445
5556	0	0.001926576046237825
5557	0	0
5558	0	0.0010703200256876805
5559	0	0
5560	0	0.0008562560205501445
5561	0	0.01819544043669057
5562	0	0
5563	0	0.0014984480359627528
5564	0	0
5565	0	0.0036390880873381137
5566	0	0
5567	0	0
5568	0	0
5569	0	0
5570	0	0.00021406400513753612
5571	0	0
5572	0	0
5573	0	0.0014984480359627528
5574	0	0.0008562560205501445
5575	0	0
5576	0	0.003425024082200578
5577	0	0
5578	0	0
5579	0	0.01091726426201434
5580	0	0.0023547040565128972
5581	0	0.0006421920154126083
5582	0	0
5583	0	0.0038531520924756503
5584	0	0.007064112169538691
5585	0	0.0006421920154126083
5586	0	0.00385315209247565
5587	0	0
5588	0	0
5589	0	0.004174248100181954
5590	0	0.013700096328802312
5591	0	0.00032109600770630417
5592	0	0.0014984480359627528
5593	0	0.10596168254308037
5594	0	0.00010703200256876806
5595	0	0
5596	0	0.010275072246601734
5597	0	0.012522744300545861
5598	0	0.0005351600128438403
5599	0	0.0010703200256876805
5600	0	0.0005351600128438403
5601	0	0.0019265760462378251
5602	0	0.0007492240179813764
5603	0	0.0005351600128438403
5604	0	0.0005351600128438403
5605	0	0
5606	0	0.009846944236326661
5607	0	0.0008562560205501445
5608	0	0.0007492240179813764
5609	0	0
5610	0	0
5611	0	0.00021406400513753612
5612	0	0
5613	0	0
5614	0	0
5615	0	0
5616	0	0
5617	0	0
5618	0	0.005351600128438403
5619	0	0.0027828320667879695
5620	0	0
5621	0	0
5622	0	0.0006421920154126083
5623	0	0.0011773520282564486
5624	0	0
5625	0	0.0077063041849513
5626	0	0.0008562560205501445
5627	0	0
5628	0	0.00032109600770630417
5629	0	0.0011773520282564486
5630	0	0.0005351600128438403
5631	0	0.00032109600770630417
5632	0	0
5633	0	0
5634	0	0.0005351600128438403
5635	0	0.0013914160333939848
5636	0	0.001712512041100289
5637	0	0.0005351600128438403
5638	0	0
5639	0	0
5640	0	0.0006421920154126083
5641	0	0.0006421920154126083
5642	0	0
5643	0	0
5644	0	0
5645	0	0.0009632880231189126
5646	0	0.003639088087338114
5647	0	0.00032109600770630417
5648	0	0
5649	0	0
5650	0	0
5651	0	0
5652	0	0
5653	0	0
5654	0	0
5655	0	0.004281280102750722
5656	0	0.003425024082200578
5657	0	0
5658	0	0.0012843840308252167
5659	0	0
5660	0	0
5661	0	0.007064112169538691
5662	0	0.001712512041100289
5663	0	0.006421920154126083
5664	0	0.006743016161832387
5665	0	0.001712512041100289
5666	0	0
5667	0	0
5668	0	0.004923472118163331
5669	0	0.022476720539441292
5670	0	0.01316493631595847
5671	0	0.00032109600770630417
5672	0	0.0025687680616504334
5673	0	0.0005351600128438403
5674	0	0.00042812801027507225
5675	0	0
5676	0	0
5677	0	0
5678	0	0
5679	0	0
5680	0	0.006743016161832387
5681	0	0.0006421920154126083
5682	0	0.008990688215776517
5683	0	0
5684	0	0
5685	0	0
5686	0	0.0006421920154126083
5687	0	0
5688	0	0.0023547040565128972
5689	0	0
5690	0	0
5691	0	0
5692	0	0.0013914160333939848
5693	0	0.00021406400513753612
5694	0	0
5695	0	0
5696	0	0
5697	0	0
5698	0	0.016268864390452744
5699	0	0.0032109600770630414
5700	0	0
5701	0	0.0010703200256876805
5702	0	0
5703	0	0.007064112169538691
5704	0	0.00010703200256876806
5705	0	0.008027400192657604
5706	0	0.00021406400513753612
5707	0	0.0005351600128438403
5708	0	0
5709	0	0
5710	0	0.003425024082200578
5711	0	0.00010703200256876806
5712	0	0.0008562560205501445
5713	0	0
5714	0	0.0009632880231189126
5715	0	0
5716	0	0
5717	0	0
5718	0	0.008990688215776515
5719	0	0.0006421920154126083
5720	0	0.0011773520282564486
5721	0	0
5722	0	0
5723	0	0.00021406400513753612
5724	0	0.0005351600128438403
5725	0	0.0010703200256876805
5726	0	0.0023547040565128972
5727	0	0.0007492240179813764
5728	0	0
5729	0	0.008027400192657604
5730	0	0
5731	0	0.00032109600770630417
5732	0	0
5733	0	0
5734	0	0.00010703200256876806
5735	0	0.00010703200256876806
5736	0	0
5737	0	0
5738	0	0
5739	0	0.07385208177244997
5740	0	0
5741	0	0
5742	0	0.00010703200256876806
5743	0	0
5744	0	0.0007492240179813764
5745	0	0.00042812801027507225
5746	0	0
5747	0	0
5748	0	0.00032109600770630417
5749	0	0.0007492240179813764
5750	0	0
5751	0	0.03467836883228085
5752	0	0.00042812801027507225
5753	0	0
5754	0	0
5755	0	0
5756	0	0
5757	0	0
5758	0	0
5759	0	0.0029968960719255057
5760	0	0.0006421920154126083
5761	0	0.0011773520282564486
5762	0	0.00010703200256876806
5763	0	0.0047094081130257944
5764	0	0
5765	0	0
5766	0	0
5767	0	0.0010703200256876805
5768	0	0.00021406400513753612
5769	0	0.0025687680616504334
5770	0	0
5771	0	0
5772	0	0.00021406400513753612
5773	0	0
5774	0	0
5775	0	0
5776	0	0
5777	0	0
5778	0	0.0027828320667879695
5779	0	0
5780	0	0.0005351600128438403
5781	0	0
5782	0	0
5783	0	0.002140640051375361
5784	0	0.0008562560205501445
5785	0	0.0006421920154126083
5786	0	0
5787	0	0
5788	0	0.0005351600128438403
5789	0	0
5790	0	0.0025687680616504334
5791	0	0
5792	0	0.0005351600128438403
5793	0	0
5794	0	0
5795	0	0.00042812801027507225
5796	0	0
5797	0	0
5798	0	0
5799	0	0.001819544043669057
5800	0	0.0008562560205501445
5801	0	0.00032109600770630417
5802	0	0.0009632880231189126
5803	0	0
5804	0	0.0007492240179813764
5805	0	0.0008562560205501445
5806	0	0
5807	0	0
5808	0	0
5809	0	0.0010703200256876805
5810	0	0
5811	0	0
5812	0	0.01926576046237825
5813	0	0.002140640051375361
5814	0	0.0008562560205501445
5815	0	0
5816	0	0
5817	0	0.0006421920154126083
5818	0	0
5819	0	0
5820	0	0.0014984480359627528
5821	0	0.0007492240179813764
5822	0	0.003210960077063042
5823	0	0.0007492240179813764
5824	0	0
5825	0	0.003639088087338114
5826	0	0.005137536123300867
5827	0	0.0014984480359627528
5828	0	0.0005351600128438403
5829	0	0.00032109600770630417
5830	0	0
5831	0	0.014556352349352455
5832	0	0.003210960077063042
5833	0	0.00032109600770630417
5834	0	0
5835	0	0.0023547040565128972
5836	0	0.00032109600770630417
5837	0	0.002140640051375361
5838	0	0.040458096970994326
5839	0	0.0008562560205501445
5840	0	0.001605480038531521
5841	0	0.011131328267151878
5842	0	0.0014984480359627528
5843	0	0
5844	0	0.00021406400513753612
5845	0	0.005137536123300867
5846	0	0.00021406400513753612
5847	0	0
5848	0	0
5849	0	0
5850	0	0
5851	0	0.023011880552285133
5852	0	0
5853	0	0.0036390880873381137
5854	0	0
5855	0	0.0010703200256876805
5856	0	0.002140640051375361
5857	0	0.0007492240179813764
5858	0	0
5859	0	0.00042812801027507225
5860	0	0
5861	0	0.00032109600770630417
5862	0	0.0010703200256876805
5863	0	0
5864	0	0
5865	0	0.0048164401155945625
5866	0	0
5867	0	0
5868	0	0.00032109600770630417
5869	0	0
5870	0	0
5871	0	0.0029968960719255057
5872	0	0.001605480038531521
5873	0	0
5874	0	0.0025687680616504334
5875	0	0
5876	0	0.0014984480359627528
5877	0	0.0047094081130257944
5878	0	0.05298084127154019
5879	0	0.0008562560205501445
5880	0	0.00021406400513753612
5881	0	0.003425024082200578
5882	0	0.023011880552285133
5883	0	0.0010703200256876805
5884	0	0
5885	0	0
5886	0	0
5887	0	0
5888	0	0.0009632880231189126
5889	0	0.0013914160333939848
5890	0	0.0008562560205501445
5891	0	0.0008562560205501445
5892	0	0
5893	0	0.006421920154126083
5894	0	0.01873060044953441
5895	0	0.0012843840308252167
5896	0	0
5897	0	0.0048164401155945625
5898	0	0.001605480038531521
5899	0	0
5900	0	0
5901	0	0.00032109600770630417
5902	0	0
5903	0	0.005779728138713475
5904	0	0
5905	0	0
5906	0	0.002140640051375361
5907	0	0.005351600128438403
5908	0	0.00032109600770630417
5909	0	0.004067216097613186
5910	0	0.0007492240179813764
5911	0	0.0008562560205501445
5912	0	0.014984480359627529
5913	0	0
5914	0	0
5915	0	0
5916	0	0.004495344107888258
5917	0	0
5918	0	0.01155945627742695
5919	0	0.0011773520282564486
5920	0	0.008027400192657604
5921	0	0
5922	0	0
5923	0	0.0011773520282564486
5924	0	0.0005351600128438403
5925	0	0.00010703200256876806
5926	0	0
5927	0	0.006743016161832387
5928	0	0
5929	0	0.007064112169538692
5930	0	0.0009632880231189126
5931	0	0.0008562560205501445
5932	0	0
5933	0	0.0061008241464197786
5934	0	0
5935	0	0.004174248100181954
5936	0	0
5937	0	0.004281280102750722
5938	0	0.0005351600128438403
5939	0	0
5940	0	0
5941	0	0.005137536123300866
5942	0	0.0062078561489885475
5943	0	0
5944	0	0.00010703200256876806
5945	0	0.0034250240822005775
5946	0	0
5947	0	0.016589960398159048
5948	0	0.0017125120411002888
5949	0	0.00032109600770630417
5950	0	0
5951	0	0
5952	0	0
5953	0	0
5954	0	0
5955	0	0.0005351600128438403
5956	0	0.0005351600128438403
5957	0	0
5958	0	0
5959	0	0
5960	0	0
5961	0	0
5962	0	0.004923472118163331
5963	0	0
5964	0	0
5965	0	0
5966	0	0.07834742588033822
5967	0	0.0008562560205501445
5968	0	0.00032109600770630417
5969	0	0.0013914160333939848
5970	0	0.0009632880231189126
5971	0	0
5972	0	0.00032109600770630417
5973	0	0.001926576046237825
5974	0	0
5975	0	0
5976	0	0
5977	0	0
5978	0	0
5979	0	0.0007492240179813764
5980	0	0.007278176174676228
5981	0	0.006743016161832387
5982	0	0.004281280102750722
5983	0	0
5984	0	0.0008562560205501445
5985	0	0
5986	0	0.00021406400513753612
5987	0	0
5988	0	0
5989	0	0.0009632880231189126
5990	0	0
5991	0	0
5992	0	0.0027828320667879695
5993	0	0
5994	0	0.0009632880231189126
5995	0	0.002140640051375361
5996	0	0.00021406400513753612
5997	0	0.0008562560205501445
5998	0	0.003639088087338114
5999	0	0.002247672053944129
6000	0	0.0012843840308252167
6001	0	0
6002	0	0.00042812801027507225
6003	0	0.00042812801027507225
6004	0	0
6005	0	0.0023547040565128972
6006	0	0.0010703200256876805
6007	0	0
6008	0	0.020550144493203464
6009	0	0.00042812801027507225
6010	0	0
6011	0	0.0011773520282564486
6012	0	0.0006421920154126083
6013	0	0.001712512041100289
6014	0	0.0006421920154126083
6015	0	0
6016	0	0.0005351600128438403
6017	0	0
6018	0	0.006743016161832387
6019	0	0
6020	0	0.0005351600128438403
6021	0	0.0019265760462378251
6022	0	0
6023	0	0.0005351600128438403
6024	0	0.0010703200256876805
6025	0	0.00042812801027507225
6026	0	0
6027	0	0.0005351600128438403
6028	0	0.00042812801027507225
6029	0	0
6030	0	0.001926576046237825
6031	0	0.02632987263191694
6032	0	0.00032109600770630417
6033	0	0
6034	0	0
6035	0	0.0006421920154126083
6036	0	0.0006421920154126083
6037	0	0.01327196831852724
6038	0	0.0016054800385315207
6039	0	0
6040	0	0
6041	0	0
6042	0	0
6043	0	0
6044	0	0
6045	0	0
6046	0	0
6047	0	0.0005351600128438403
6048	0	0
6049	0	0
6050	0	0.00042812801027507225
6051	0	0.02322594455742267
6052	0	0
6053	0	0
6054	0	0
6055	0	0.0010703200256876805
6056	0	0.0007492240179813764
6057	0	0.0023547040565128972
6058	0	0
6059	0	0
6060	0	0
6061	0	0.0011773520282564486
6062	0	0.003639088087338114
6063	0	0
6064	0	0.04174248100181954
6065	0	0
6066	0	0
6067	0	0.004816440115594562
6068	0	0
6069	0	0
6070	0	0.0036390880873381137
6071	0	0.0006421920154126083
6072	0	0.001712512041100289
6073	0	0
6074	0	0
6075	0	0
6076	0	0.00042812801027507225
6077	0	0
6078	0	0
6079	0	0.00021406400513753612
6080	0	0.0077063041849513
6081	0	0
6082	0	0.0008562560205501445
6083	0	0.00021406400513753612
6084	0	0
6085	0	0
6086	0	0
6087	0	0.00032109600770630417
6088	0	0
6089	0	0
6090	0	0.009632880231189125
6091	0	0.0023547040565128972
6092	0	0.0012843840308252167
6093	0	0
6094	0	0
6095	0	0.001926576046237825
6096	0	0
6097	0	0.007278176174676228
6098	0	0
6099	0	0
6100	0	0.0005351600128438403
6101	0	0.00032109600770630417
6102	0	0
6103	0	0.0013914160333939848
6104	0	0
6105	0	0.0006421920154126083
6106	0	0
6107	0	0.0006421920154126083
6108	0	0.00042812801027507225
6109	0	0.0025687680616504334
6110	0	0
6111	0	0
6112	0	0.00021406400513753612
6113	0	0
6114	0	0.001926576046237825
6115	0	0.0010703200256876805
6116	0	0.04966284919190838
6117	0	0
6118	0	0
6119	0	0.004495344107888258
6120	0	0.005137536123300867
6121	0	0.0007492240179813764
6122	0	0
6123	0	0.00042812801027507225
6124	0	0.005993792143851011
6125	0	0
6126	0	0
6127	0	0
6128	0	0
6129	0	0.0006421920154126083
6130	0	0
6131	0	0.00032109600770630417
6132	0	0
6133	0	0
6134	0	0.007064112169538691
6135	0	0.0014984480359627528
6136	0	0.00042812801027507225
6137	0	0
6138	0	0.0013914160333939848
6139	0	0.0012843840308252167
6140	0	0
6141	0	0
6142	0	0.0014984480359627528
6143	0	0.00042812801027507225
6144	0	0
6145	0	0.008562560205501444
6146	0	0
6147	0	0.00021406400513753612
6148	0	0
6149	0	0.00042812801027507225
6150	0	0
6151	0	0.00032109600770630417
6152	0	0
6153	0	0
6154	0	0.0061008241464197786
6155	0	0.0048164401155945625
6156	0	0.012843840308252166
6157	0	0.0006421920154126083
6158	0	0
6159	0	0.0005351600128438403
6160	0	0.0009632880231189126
6161	0	0
6162	0	0.00032109600770630417
6163	0	0.003425024082200578
6164	0	0
6165	0	0
6166	0	0.0062078561489885475
6167	0	0
6168	0	0.0010703200256876805
6169	0	0
6170	0	0.0010703200256876805
6171	0	0.003639088087338114
6172	0	0
6173	0	0.0008562560205501445
6174	0	0
6175	0	0
6176	0	0
6177	0	0.048806593171358235
6178	0	0
6179	0	0.0008562560205501445
6180	0	0.00042812801027507225
6181	0	0.00042812801027507225
6182	0	0.004495344107888258
6183	0	0.00995397623889543
6184	0	0
6185	0	0
6186	0	0
6187	0	0
6188	0	0
6189	0	0
6190	0	0
6191	0	0
6192	0	0.0005351600128438403
6193	0	0
6194	0	0.004495344107888258
6195	0	0
6196	0	0.0012843840308252167
6197	0	0.0027828320667879695
6198	0	0.0005351600128438403
6199	0	0
6200	0	0.004923472118163331
6201	0	0
6202	0	0.00042812801027507225
6203	0	0
6204	0	0.0017125120411002888
6205	0	0.0023547040565128972
6206	0	0.001605480038531521
6207	0	0.0005351600128438403
6208	0	0.0005351600128438403
6209	0	0.001605480038531521
6210	0	0
6211	0	0.0005351600128438403
6212	0	0.004281280102750722
6213	0	0
6214	0	0
6215	0	0
6216	0	0.001926576046237825
6217	0	0
6218	0	0
6219	0	0.00385315209247565
6220	0	0.004281280102750722
6221	0	0
6222	0	0
6223	0	0.00032109600770630417
6224	0	0.0005351600128438403
6225	0	0
6226	0	0.0025687680616504334
6227	0	0.00032109600770630417
6228	0	0.005137536123300867
6229	0	0
6230	0	0.0010703200256876805
6231	0	0
6232	0	0.0014984480359627528
6233	0	0
6234	0	0.0006421920154126083
6235	0	0.00010703200256876806
6236	0	0.004067216097613186
6237	0	0.004281280102750722
6238	0	0
6239	0	0.0009632880231189126
6240	0	0.0038531520924756503
6241	0	0
6242	0	0
6243	0	0
6244	0	0
6245	0	0.0005351600128438403
6246	0	0.004174248100181954
6247	0	0.0006421920154126083
6248	0	0
6249	0	0
6250	0	0
6251	0	0
6252	0	0
6253	0	0.005351600128438403
6254	0	0.026758000642192015
6255	0	0.0008562560205501445
6256	0	0.001926576046237825
6257	0	0.0014984480359627528
6258	0	0.004281280102750722
6259	0	0
6260	0	0.0010703200256876805
6261	0	0.007064112169538691
6262	0	0.00042812801027507225
6263	0	0.0006421920154126083
6264	0	0.0029968960719255057
6265	0	0.0005351600128438403
6266	0	0
6267	0	0
6268	0	0.0009632880231189126
6269	0	0.0005351600128438403
6270	0	0.0014984480359627528
6271	0	0.0006421920154126083
6272	0	0.00010703200256876806
6273	0	0.0006421920154126083
6274	0	0
6275	0	0
6276	0	0
6277	0	0.002140640051375361
6278	0	0
6279	0	0.0012843840308252167
6280	0	0
6281	0	0.0009632880231189126
6282	0	0.0008562560205501445
6283	0	0.001712512041100289
6284	0	0
6285	0	0
6286	0	0
6287	0	0.0011773520282564486
6288	0	0.0029968960719255057
6289	0	0
6290	0	0
6291	0	0
6292	0	0
6293	0	0
6294	0	0.00042812801027507225
6295	0	0.00042812801027507225
6296	0	0
6297	0	0.011880552285133253
6298	0	0.01551964037247137
6299	0	0
6300	0	0.0007492240179813764
6301	0	0.009632880231189123
6302	0	0
6303	0	0
6304	0	0.011987584287702023
6305	0	0
6306	0	0.005993792143851011
6307	0	0.014128224339077382
6308	0	0
6309	0	0
6310	0	0.01316493631595847
6311	0	0
6312	0	0.04345499304291983
6313	0	0
6314	0	0.00042812801027507225
6315	0	0
6316	0	0
6317	0	0.00042812801027507225
6318	0	0
6319	0	0
6320	0	0
6321	0	0.00021406400513753612
6322	0	0.0006421920154126083
6323	0	0
6324	0	0
6325	0	0
6326	0	0.006743016161832387
6327	0	0.0006421920154126083
6328	0	0
6329	0	0.0006421920154126083
6330	0	0
6331	0	0
6332	0	0
6333	0	0
6334	0	0
6335	0	0.001819544043669057
6336	0	0.00021406400513753612
6337	0	0
6338	0	0
6339	0	0
6340	0	0
6341	0	0
6342	0	0.006743016161832387
6343	0	0
6344	0	0.0005351600128438403
6345	0	0.0017125120411002888
6346	0	0.0012843840308252167
6347	0	0
6348	0	0
6349	0	0.0014984480359627528
6350	0	0.0006421920154126083
6351	0	0.014128224339077384
6352	0	0.0038531520924756503
6353	0	0
6354	0	0.0005351600128438403
6355	0	0.0006421920154126083
6356	0	0
6357	0	0.0013914160333939848
6358	0	0
6359	0	0.0006421920154126083
6360	0	0
6361	0	0.0007492240179813764
6362	0	0.00042812801027507225
6363	0	0
6364	0	0
6365	0	0.00021406400513753612
6366	0	0.0006421920154126083
6367	0	0.014770416354489991
6368	0	0.0027828320667879695
6369	0	0
6370	0	0
6371	0	0
6372	0	0.024724392593385422
6373	0	0
6374	0	0.0010703200256876805
6375	0	0.008348496200363908
6376	0	0
6377	0	0
6378	0	0.00042812801027507225
6379	0	0
6380	0	0.008348496200363908
6381	0	0.008027400192657604
6382	0	0.0007492240179813764
6383	0	0.00032109600770630417
6384	0	0.0009632880231189126
6385	0	0
6386	0	0
6387	0	0
6388	0	0.0014984480359627528
6389	0	0
6390	0	0
6391	0	0.0006421920154126083
6392	0	0.01926576046237825
6393	0	0.0027828320667879695
6394	0	0.0009632880231189126
6395	0	0
6396	0	0.007278176174676228
6397	0	0
6398	0	0
6399	0	0.00385315209247565
6400	0	0
6401	0	0.00042812801027507225
6402	0	0
6403	0	0
6404	0	0
6405	0	0
6406	0	0
6407	0	0.0012843840308252167
6408	0	0.03981590495558172
6409	0	0.0011773520282564486
6410	0	0.004067216097613186
6411	0	0.0006421920154126083
6412	0	0.0023547040565128972
6413	0	0.004174248100181954
6414	0	0
6415	0	0.01755324842127796
6416	0	0.00042812801027507225
6417	0	0
6418	0	0
6419	0	0.00021406400513753612
6420	0	0
6421	0	0.0010703200256876805
6422	0	0
6423	0	0.0009632880231189126
6424	0	0.0007492240179813764
6425	0	0.002140640051375361
6426	0	0
6427	0	0
6428	0	0.001926576046237825
6429	0	0.001926576046237825
6430	0	0.01091726426201434
6431	0	0.0006421920154126083
6432	0	0.0009632880231189126
6433	0	0.0061008241464197786
6434	0	0
6435	0	0.01327196831852724
6436	0	0.0007492240179813764
6437	0	0.001926576046237825
6438	0	0
6439	0	0.0005351600128438403
6440	0	0
6441	0	0.007064112169538691
6442	0	0.0008562560205501445
6443	0	0
6444	0	0
6445	0	0
6446	0	0
6447	0	0.0006421920154126083
6448	0	0
6449	0	0
6450	0	0.0013914160333939848
6451	0	0
6452	0	0.0012843840308252167
6453	0	0.010275072246601734
6454	0	0.00021406400513753612
6455	0	0.0010703200256876805
6456	0	0.00385315209247565
6457	0	0
6458	0	0.00042812801027507225
6459	0	0
6460	0	0
6461	0	0.0007492240179813764
6462	0	0
6463	0	0
6464	0	0.002140640051375361
6465	0	0
6466	0	0.0005351600128438403
6467	0	0
6468	0	0
6469	0	0
6470	0	0
6471	0	0.00021406400513753612
6472	0	0.016589960398159048
6473	0	0
6474	0	0.00032109600770630417
6475	0	0
6476	0	0.0011773520282564486
6477	0	0.0005351600128438403
6478	0	0.001926576046237825
6479	0	0
6480	0	0.002140640051375361
6481	0	0
6482	0	0
6483	0	0
6484	0	0
6485	0	0
6486	0	0.0025687680616504334
6487	0	0.0008562560205501445
6488	0	0
6489	0	0.0009632880231189126
6490	0	0
6491	0	0
6492	0	0
6493	0	0.0006421920154126083
6494	0	0.0009632880231189126
6495	0	0
6496	0	0.00021406400513753612
6497	0	0
6498	0	0
6499	0	0.0008562560205501445
6500	0	0.0077063041849513
6501	0	0.0010703200256876805
6502	0	0
6503	0	0
6504	0	0
6505	0	0.0385315209247565
6506	0	0
6507	0	0.0009632880231189126
6508	0	0.0014984480359627528
6509	0	0.009846944236326661
6510	0	0.0009632880231189126
6511	0	0.027614256662742157
6512	0	0
6513	0	0.002140640051375361
6514	0	0.0028898640693567376
6515	0	0
6516	0	0.001605480038531521
6517	0	0
6518	0	0.002140640051375361
6519	0	0.0010703200256876805
6520	0	0
6521	0	0
6522	0	0.0036390880873381137
6523	0	0
6524	0	0
6525	0	0.005351600128438403
6526	0	0
6527	0	0
6528	0	0.008027400192657604
6529	0	0
6530	0	0
6531	0	0
6532	0	0
6533	0	0
6534	0	0.0007492240179813764
6535	0	0
6536	0	0
6537	0	0
6538	0	0
6539	0	0
6540	0	0
6541	0	0
6542	0	0
6543	0	0
6544	0	0
6545	0	0.0032109600770630414
6546	0	0.00042812801027507225
6547	0	0
6548	0	0
6549	0	0.0007492240179813764
6550	0	0.005137536123300867
6551	0	0.0029968960719255057
6552	0	0.0029968960719255057
6553	0	0.0023547040565128972
6554	0	0
6555	0	0.0017125120411002888
6556	0	0
6557	0	0.00032109600770630417
6558	0	0.0009632880231189126
6559	0	0
6560	0	0
6561	0	0
6562	0	0
6563	0	0.0007492240179813764
6564	0	0
6565	0	0
6566	0	0
6567	0	0.00042812801027507225
6568	0	0.00042812801027507225
6569	0	0.0028898640693567376
6570	0	0.0006421920154126083
6571	0	0
6572	0	0.0025687680616504334
6573	0	0.00032109600770630417
6574	0	0.0029968960719255057
6575	0	0
6576	0	0
6577	0	0.0008562560205501445
6578	0	0
6579	0	0
6580	0	0.0006421920154126083
6581	0	0
6582	0	0
6583	0	0.0023547040565128972
6584	0	0
6585	0	0
6586	0	0
6587	0	0.0007492240179813764
6588	0	0
6589	0	0
6590	0	0
6591	0	0.008669592208070212
6592	0	0.0007492240179813764
6593	0	0.0008562560205501445
6594	0	0.0027828320667879695
6595	0	0
6596	0	0
6597	0	0
6598	0	0.010275072246601734
6599	0	0.006635984159263619
6600	0	0.005779728138713474
6601	0	0.025152520603660494
6602	0	0
6603	0	0.0005351600128438403
6604	0	0.0006421920154126083
6605	0	0.006743016161832387
6606	0	0.0048164401155945625
6607	0	0
6608	0	0
6609	0	0.0007492240179813764
6610	0	0.001926576046237825
6611	0	0.0011773520282564486
6612	0	0
6613	0	0
6614	0	0.00032109600770630417
6615	0	0
6616	0	0.001605480038531521
6617	0	0
6618	0	0
6619	0	0.0032109600770630414
6620	0	0.0005351600128438403
6621	0	0
6622	0	0.0008562560205501445
6623	0	0.0011773520282564486
6624	0	0.00021406400513753612
6625	0	0
6626	0	0.00042812801027507225
6627	0	0.0006421920154126083
6628	0	0
6629	0	0.02097827250347854
6630	0	0.00021406400513753612
6631	0	0.0007492240179813764
6632	0	0
6633	0	0
6634	0	0.00042812801027507225
6635	0	0
6636	0	0.0007492240179813764
6637	0	0.00032109600770630417
6638	0	0.0023547040565128972
6639	0	0.0009632880231189126
6640	0	0
6641	0	0
6642	0	0.0032109600770630414
6643	0	0.006421920154126083
6644	0	0.0012843840308252167
6645	0	0
6646	0	0.0061008241464197786
6647	0	0.005137536123300867
6648	0	0
6649	0	0.0010703200256876805
6650	0	0.0027828320667879695
6651	0	0
6652	0	0.00032109600770630417
6653	0	0.014128224339077382
6654	0	0.0010703200256876805
6655	0	0.0009632880231189126
6656	0	0.0014984480359627528
6657	0	0.00042812801027507225
6658	0	0.0007492240179813764
6659	0	0.00032109600770630417
6660	0	0.00042812801027507225
6661	0	0
6662	0	0
6663	0	0
6664	0	0.0008562560205501445
6665	0	0.0009632880231189126
6666	0	0.0008562560205501445
6667	0	0.0013914160333939848
6668	0	0
6669	0	0
6670	0	0
6671	0	0
6672	0	0
6673	0	0
6674	0	0
6675	0	0.0006421920154126083
6676	0	0
6677	0	0
6678	0	0.001712512041100289
6679	0	0
6680	0	0.003639088087338114
6681	0	0
6682	0	0
6683	0	0
6684	0	0.00032109600770630417
6685	0	0
6686	0	0
6687	0	0.005458632131007171
6688	0	0.014556352349352457
6689	0	0.012201648292839557
6690	0	0.00032109600770630417
6691	0	0
6692	0	0.0009632880231189126
6693	0	0
6694	0	0
6695	0	0
6696	0	0.00032109600770630417
6697	0	0.0007492240179813764
6698	0	0
6699	0	0.00021406400513753612
6700	0	0.00042812801027507225
6701	0	0
6702	0	0.00385315209247565
6703	0	0.0014984480359627528
6704	0	0.00042812801027507225
6705	0	0
6706	0	0.001605480038531521
6707	0	0.00042812801027507225
6708	0	0
6709	0	0
6710	0	0.00021406400513753612
6711	0	0.004281280102750722
6712	0	0
6713	0	0.0061008241464197786
6714	0	0
6715	0	0.0007492240179813764
6716	0	0.0010703200256876805
6717	0	0
6718	0	0
6719	0	0.00021406400513753612
6720	0	0.00021406400513753612
6721	0	0.008990688215776515
6722	0	0
6723	0	0
6724	0	0
6725	0	0.001712512041100289
6726	0	0
6727	0	0.00021406400513753612
6728	0	0.0012843840308252167
6729	0	0
6730	0	0
6731	0	0.002140640051375361
6732	0	0.0023547040565128972
6733	0	0
6734	0	0.0005351600128438403
6735	0	0
6736	0	0.0029968960719255057
6737	0	0.00042812801027507225
6738	0	0
6739	0	0.013379000321096008
6740	0	0.005779728138713474
6741	0	0.0025687680616504334
6742	0	0.00042812801027507225
6743	0	0
6744	0	0
6745	0	0.00021406400513753612
6746	0	0
6747	0	0
6748	0	0
6749	0	0
6750	0	0
6751	0	0.00042812801027507225
6752	0	0.0005351600128438403
6753	0	0
6754	0	0.0005351600128438403
6755	0	0.0014984480359627528
6756	0	0.00042812801027507225
6757	0	0
6758	0	0.005137536123300866
6759	0	0.00010703200256876806
6760	0	0
6761	0	0
6762	0	0
6763	0	0.014128224339077384
6764	0	0.004495344107888258
6765	0	0
6766	0	0.0013914160333939848
6767	0	0.0009632880231189126
6768	0	0.0023547040565128972
6769	0	0.00385315209247565
6770	0	0
6771	0	0.006421920154126083
6772	0	0
6773	0	0
6774	0	0.0009632880231189126
6775	0	0.002140640051375361
6776	0	0
6777	0	0.00032109600770630417
6778	0	0.0006421920154126083
6779	0	0.02140640051375361
6780	0	0.005779728138713474
6781	0	0.007064112169538691
6782	0	0
6783	0	0
6784	0	0.001605480038531521
6785	0	0
6786	0	0.00021406400513753612
6787	0	0.0006421920154126083
6788	0	0
6789	0	0.0006421920154126083
6790	0	0
6791	0	0
6792	0	0
6793	0	0
6794	0	0
6795	0	0
6796	0	0.01155945627742695
6797	0	0.009953976238895428
6798	0	0.006743016161832387
6799	0	0
6800	0	0.008134432195226372
6801	0	0.00010703200256876806
6802	0	0
6803	0	0
6804	0	0.00032109600770630417
6805	0	0.0012843840308252167
6806	0	0.0009632880231189126
6807	0	0
6808	0	0.0008562560205501445
6809	0	0
6810	0	0
6811	0	0.0007492240179813764
6812	0	0.0008562560205501445
6813	0	0.0025687680616504334
6814	0	0.0012843840308252167
6815	0	0
6816	0	0.0005351600128438403
6817	0	0.00032109600770630417
6818	0	0.0010703200256876805
6819	0	0
6820	0	0.0029968960719255057
6821	0	0.00032109600770630417
6822	0	0.00021406400513753612
6823	0	0
6824	0	0
6825	0	0.001605480038531521
6826	0	0
6827	0	0.00032109600770630417
6828	0	0.00021406400513753612
6829	0	0.00010703200256876806
6830	0	0
6831	0	0.0005351600128438403
6832	0	0
6833	0	0
6834	0	0
6835	0	0.00042812801027507225
6836	0	0
6837	0	0
6838	0	0
6839	0	0.016696992400727816
6840	0	0
6841	0	0.00032109600770630417
6842	0	0
6843	0	0.0027828320667879695
6844	0	0.00042812801027507225
6845	0	0.00042812801027507225
6846	0	0.00042812801027507225
6847	0	0
6848	0	0.005779728138713474
6849	0	0
6850	0	0
6851	0	0.002140640051375361
6852	0	0
6853	0	0
6854	0	0.00021406400513753612
6855	0	0.0005351600128438403
6856	0	0.0014984480359627528
6857	0	0
6858	0	0.00032109600770630417
6859	0	0.00042812801027507225
6860	0	0.012522744300545861
6861	0	0.0008562560205501445
6862	0	0.0010703200256876805
6863	0	0
6864	0	0.0007492240179813764
6865	0	0.00021406400513753612
6866	0	0
6867	0	0.005351600128438403
6868	0	0.0011773520282564486
6869	0	0.001712512041100289
6870	0	0.004174248100181954
6871	0	0
6872	0	0.0008562560205501445
6873	0	0
6874	0	0
6875	0	0.019693888472653322
6876	0	0.00032109600770630417
6877	0	0
6878	0	0
6879	0	0.01873060044953441
6880	0	0
6881	0	0
6882	0	0.010703200256876806
6883	0	0.0007492240179813764
6884	0	0
6885	0	0
6886	0	0
6887	0	0.00042812801027507225
6888	0	0
6889	0	0
6890	0	0
6891	0	0.003210960077063042
6892	0	0
6893	0	0
6894	0	0.0005351600128438403
6895	0	0.008669592208070212
6896	0	0
6897	0	0
6898	0	0.0007492240179813764
6899	0	0.001926576046237825
6900	0	0.0014984480359627528
6901	0	0
6902	0	0
6903	0	0
6904	0	0
6905	0	0
6906	0	0.008990688215776517
6907	0	0
6908	0	0.00032109600770630417
6909	0	0
6910	0	0
6911	0	0
6912	0	0.0012843840308252167
6913	0	0
6914	0	0.00021406400513753612
6915	0	0
6916	0	0
6917	0	0.0012843840308252167
6918	0	0.0010703200256876805
6919	0	0.0038531520924756503
6920	0	0.0009632880231189126
6921	0	0.0006421920154126083
6922	0	0
6923	0	0.024617360590816654
6924	0	0
6925	0	0
6926	0	0.0005351600128438403
6927	0	0.026758000642192015
6928	0	0.0008562560205501445
6929	0	0
6930	0	0
6931	0	0
6932	0	0.00032109600770630417
6933	0	0.0007492240179813764
6934	0	0.00010703200256876806
6935	0	0.009097720218345285
6936	0	0
6937	0	0.00042812801027507225
6938	0	0.006850048164401155
6939	0	0.004281280102750722
6940	0	0.0006421920154126083
6941	0	0
6942	0	0.001926576046237825
6943	0	0.0009632880231189126
6944	0	0
6945	0	0.0013914160333939848
6946	0	0
6947	0	0.0017125120411002888
6948	0	0
6949	0	0.0029968960719255057
6950	0	0.0006421920154126083
6951	0	0.00032109600770630417
6952	0	0.00042812801027507225
6953	0	0.0006421920154126083
6954	0	0.001819544043669057
6955	0	0.0006421920154126083
6956	0	0.00010703200256876806
6957	0	0.009311784223482819
6958	0	0
6959	0	0.002140640051375361
6960	0	0
6961	0	0
6962	0	0.0012843840308252167
6963	0	0.0006421920154126083
6964	0	0.0017125120411002888
6965	0	0.00010703200256876806
6966	0	0
6967	0	0
6968	0	0.009311784223482819
6969	0	0.00021406400513753612
6970	0	0.0036390880873381137
6971	0	0.00010703200256876806
6972	0	0
6973	0	0.024403296585679114
6974	0	0.00545863213100717
6975	0	0
6976	0	0
6977	0	0
6978	0	0
6979	0	0.0036390880873381137
6980	0	0
6981	0	0
6982	0	0.0005351600128438403
6983	0	0.00042812801027507225
6984	0	0.00021406400513753612
6985	0	0
6986	0	0
6987	0	0.05201755324842128
6988	0	0.0005351600128438403
6989	0	0.0027828320667879695
6990	0	0.003532056084769346
6991	0	0.00032109600770630417
6992	0	0
6993	0	0.0006421920154126083
6994	0	0
6995	0	0.00010703200256876806
6996	0	0.0012843840308252167
6997	0	0
6998	0	0
6999	0	0
7000	0	0.00010703200256876806
7001	0	0
7002	0	0
7003	0	0
7004	0	0
7005	0	0.0009632880231189126
7006	0	0.0014984480359627528
7007	0	0
7008	0	0
7009	0	0.0006421920154126083
7010	0	0
7011	0	0
7012	0	0
7013	0	0.0027828320667879695
7014	0	0.00032109600770630417
7015	0	0
7016	0	0
7017	0	0
7018	0	0.00385315209247565
7019	0	0
7020	0	0.00032109600770630417
7021	0	0
7022	0	0
7023	0	0
7024	0	0
7025	0	0
7026	0	0
7027	0	0
7028	0	0
7029	0	0
7030	0	0.0011773520282564486
7031	0	0.00021406400513753612
7032	0	0.008990688215776517
7033	0	0
7034	0	0.0010703200256876805
7035	0	0.0025687680616504334
7036	0	0
7037	0	0.002140640051375361
7038	0	0.0035320560847693456
7039	0	0
7040	0	0.01584073638017767
7041	0	0.0009632880231189126
7042	0	0
7043	0	0.0008562560205501445
7044	0	0
7045	0	0.0010703200256876805
7046	0	0.004067216097613186
7047	0	0.003639088087338114
7048	0	0.00010703200256876806
7049	0	0.0011773520282564486
7050	0	0.001926576046237825
7051	0	0.00042812801027507225
7052	0	0.00385315209247565
7053	0	0.00385315209247565
7054	0	0.005137536123300867
7055	0	0
7056	0	0.0006421920154126083
7057	0	0
7058	0	0.0005351600128438403
7059	0	0.0007492240179813764
7060	0	0.011880552285133253
7061	0	0
7062	0	0
7063	0	0
7064	0	0.0010703200256876805
7065	0	0.0009632880231189126
7066	0	0
7067	0	0
7068	0	0
7069	0	0.0006421920154126083
7070	0	0.02568768061650433
7071	0	0
7072	0	0.0010703200256876805
7073	0	0
7074	0	0.0006421920154126083
7075	0	0
7076	0	0
7077	0	0
7078	0	0
7079	0	0
7080	0	0
7081	0	0.00042812801027507225
7082	0	0.0008562560205501445
7083	0	0
7084	0	0.014984480359627527
7085	0	0
7086	0	0
7087	0	0.002140640051375361
7088	0	0.0005351600128438403
7089	0	0
7090	0	0
7091	0	0.0005351600128438403
7092	0	0
7093	0	0
7094	0	0.0006421920154126083
7095	0	0.027721288665310925
7096	0	0.0010703200256876805
7097	0	0.0010703200256876805
7098	0	0.00042812801027507225
7099	0	0.0008562560205501445
7100	0	0.018409504441828105
7101	0	0.0023547040565128972
7102	0	0
7103	0	0.008990688215776517
7104	0	0.0007492240179813764
7105	0	0.016268864390452744
7106	0	0
7107	0	0.00032109600770630417
7108	0	0.00866959220807021
7109	0	0.002140640051375361
7110	0	0.00032109600770630417
7111	0	0
7112	0	0
7113	0	0
7114	0	0.023011880552285133
7115	0	0
7116	0	0.004281280102750722
7117	0	0
7118	0	0
7119	0	0
7120	0	0.00032109600770630417
7121	0	0
7122	0	0
7123	0	0
7124	0	0
7125	0	0
7126	0	0
7127	0	0.00042812801027507225
7128	0	0
7129	0	0
7130	0	0.003210960077063042
7131	0	0.0023547040565128972
7132	0	0.0005351600128438403
7133	0	0
7134	0	0
7135	0	0.03564165685539976
7136	0	0
7137	0	0.0014984480359627528
7138	0	0.005351600128438403
7139	0	0.0014984480359627528
7140	0	0.00021406400513753612
7141	0	0
7142	0	0.0011773520282564486
7143	0	0
7144	0	0
7145	0	0.0006421920154126083
7146	0	0
7147	0	0
7148	0	0.0023547040565128972
7149	0	0
7150	0	0.00010703200256876806
7151	0	0.0005351600128438403
7152	0	0
7153	0	0
7154	0	0
7155	0	0.0006421920154126083
7156	0	0.015733704377608904
7157	0	0
7158	0	0
7159	0	0.0006421920154126083
7160	0	0
7161	0	0.001819544043669057
7162	0	0
7163	0	0.0034250240822005775
7164	0	0
7165	0	0
7166	0	0.0013914160333939848
7167	0	0.00042812801027507225
7168	0	0.0006421920154126083
7169	0	0
7170	0	0
7171	0	0.00032109600770630417
7172	0	0
7173	0	0
7174	0	0.00032109600770630417
7175	0	0
7176	0	0
7177	0	0.0038531520924756503
7178	0	0.004174248100181954
7179	0	0.00032109600770630417
7180	0	0
7181	0	0.01980092047522209
7182	0	0
7183	0	0.0009632880231189126
7184	0	0
7185	0	0.0006421920154126083
7186	0	0
7187	0	0
7188	0	0.001605480038531521
7189	0	0
7190	0	0.0012843840308252167
7191	0	0.0025687680616504334
7192	0	0
7193	0	0.00042812801027507225
7194	0	0.004067216097613186
7195	0	0.001712512041100289
7196	0	0.008027400192657604
7197	0	0.0023547040565128972
7198	0	0
7199	0	0.00032109600770630417
7200	0	0.0009632880231189126
7201	0	0
7202	0	0.0014984480359627528
7203	0	0
7204	0	0
7205	0	0.0010703200256876805
7206	0	0.0025687680616504334
7207	0	0.00032109600770630417
7208	0	0.006743016161832387
7209	0	0
7210	0	0
7211	0	0
7212	0	0.0023547040565128972
7213	0	0.00032109600770630417
7214	0	0
7215	0	0.002140640051375361
7216	0	0.00931178422348282
7217	0	0
7218	0	0.00042812801027507225
7219	0	0.0025687680616504334
7220	0	0.001926576046237825
7221	0	0.00042812801027507225
7222	0	0.0029968960719255057
7223	0	0
7224	0	0
7225	0	0
7226	0	0
7227	0	0
7228	0	0
7229	0	0
7230	0	0
7231	0	0
7232	0	0
7233	0	0
7234	0	0
7235	0	0
7236	0	0.006850048164401155
7237	0	0.003210960077063042
7238	0	0.00021406400513753612
7239	0	0
7240	0	0.00010703200256876806
7241	0	0.003425024082200578
7242	0	0
7243	0	0
7244	0	0
7245	0	0.0009632880231189126
7246	0	0.001605480038531521
7247	0	0
7248	0	0.001605480038531521
7249	0	0.00021406400513753612
7250	0	0.00042812801027507225
7251	0	0.0385315209247565
7252	0	0.0007492240179813764
7253	0	0
7254	0	0
7255	0	0.00010703200256876806
7256	0	0.0006421920154126083
7257	0	0.0012843840308252167
7258	0	0
7259	0	0
7260	0	0.0019265760462378251
7261	0	0.003425024082200578
7262	0	0
7263	0	0.0308252167398052
7264	0	0
7265	0	0
7266	0	0
7267	0	0
7268	0	0.0008562560205501445
7269	0	0.003210960077063042
7270	0	0
7271	0	0.00032109600770630417
7272	0	0
7273	0	0
7274	0	0.0007492240179813764
7275	0	0.00032109600770630417
7276	0	0.00032109600770630417
7277	0	0.0009632880231189126
7278	0	0.0008562560205501445
7279	0	0.0010703200256876805
7280	0	0.001712512041100289
7281	0	0
7282	0	0.0025687680616504334
7283	0	0
7284	0	0.00032109600770630417
7285	0	0
7286	0	0
7287	0	0.003532056084769346
7288	0	0
7289	0	0
7290	0	0.0019265760462378251
7291	0	0
7292	0	0.004281280102750722
7293	0	0
7294	0	0
7295	0	0.00042812801027507225
7296	0	0
7297	0	0
7298	0	0
7299	0	0.0007492240179813764
7300	0	0.0029968960719255057
7301	0	0.0012843840308252167
7302	0	0
7303	0	0
7304	0	0.0005351600128438403
7305	0	0
7306	0	0.0023547040565128972
7307	0	0
7308	0	0.05672696136144707
7309	0	0
7310	0	0.0010703200256876805
7311	0	0.008348496200363908
7312	0	0
7313	0	0.00021406400513753612
7314	0	0.012415712297977095
7315	0	0
7316	0	0
7317	0	0.0047094081130257944
7318	0	0.0008562560205501445
7319	0	0.003210960077063042
7320	0	0
7321	0	0
7322	0	0
7323	0	0.0008562560205501445
7324	0	0
7325	0	0
7326	0	0.0012843840308252167
7327	0	0.0005351600128438403
7328	0	0.0008562560205501445
7329	0	0
7330	0	0.011238360269720644
7331	0	0.0014984480359627528
7332	0	0.05201755324842128
7333	0	0
7334	0	0
7335	0	0.005137536123300866
7336	0	0.0008562560205501445
7337	0	0.003210960077063042
7338	0	0
7339	0	0
7340	0	0
7341	0	0
7342	0	0.0005351600128438403
7343	0	0
7344	0	0.004067216097613186
7345	0	0.0010703200256876805
7346	0	0
7347	0	0
7348	0	0.0025687680616504334
7349	0	0.010917264262014342
7350	0	0.00032109600770630417
7351	0	0.003639088087338114
7352	0	0.00032109600770630417
7353	0	0.005779728138713475
7354	0	0.0005351600128438403
7355	0	0.005351600128438403
7356	0	0.0009632880231189126
7357	0	0
7358	0	0.0010703200256876805
7359	0	0.0007492240179813764
7360	0	0.00385315209247565
7361	0	0
7362	0	0
7363	0	0
7364	0	0.00032109600770630417
7365	0	0
7366	0	0
7367	0	0.001605480038531521
7368	0	0
7369	0	0
7370	0	0.0012843840308252167
7371	0	0.0008562560205501445
7372	0	0
7373	0	0
7374	0	0.00021406400513753612
7375	0	0.0009632880231189126
7376	0	0.0027828320667879695
7377	0	0
7378	0	0.004495344107888258
7379	0	0.0010703200256876805
7380	0	0
7381	0	0
7382	0	0.003639088087338114
7383	0	0.0011773520282564486
7384	0	0.00021406400513753612
7385	0	0
7386	0	0
7387	0	0.0012843840308252167
7388	0	0.0029968960719255057
7389	0	0
7390	0	0
7391	0	0.004281280102750722
7392	0	0
7393	0	0.0023547040565128972
7394	0	0.0007492240179813764
7395	0	0.0029968960719255057
7396	0	0.00021406400513753612
7397	0	0.0017125120411002888
7398	0	0.00042812801027507225
7399	0	0.0006421920154126083
7400	0	0.017339184416140425
7401	0	0
7402	0	0
7403	0	0
7404	0	0.0029968960719255057
7405	0	0.011559456277426949
7406	0	0.00042812801027507225
7407	0	0.0027828320667879695
7408	0	0
7409	0	0.00032109600770630417
7410	0	0.0048164401155945625
7411	0	0
7412	0	0
7413	0	0.00042812801027507225
7414	0	0.00010703200256876806
7415	0	0
7416	0	0.00010703200256876806
7417	0	0.0009632880231189126
7418	0	0
7419	0	0.005779728138713475
7420	0	0
7421	0	0
7422	0	0
7423	0	0.0034250240822005775
7424	0	0
7425	0	0.0005351600128438403
7426	0	0
7427	0	0.00042812801027507225
7428	0	0.0014984480359627528
7429	0	0
7430	0	0
7431	0	0.0012843840308252167
7432	0	0
7433	0	0
7434	0	0
7435	0	0
7436	0	0
7437	0	0.0005351600128438403
7438	0	0
7439	0	0.0006421920154126083
7440	0	0.00042812801027507225
7441	0	0.012843840308252167
7442	0	0
7443	0	0
7444	0	0.0005351600128438403
7445	0	0.00021406400513753612
7446	0	0.0017125120411002888
7447	0	0
7448	0	0
7449	0	0.0009632880231189126
7450	0	0
7451	0	0.0029968960719255057
7452	0	0
7453	0	0.00032109600770630417
7454	0	0
7455	0	0
7456	0	0
7457	0	0.0009632880231189126
7458	0	0.004281280102750722
7459	0	0.004495344107888257
7460	0	0.0019265760462378251
7461	0	0
7462	0	0.0008562560205501445
7463	0	0
7464	0	0
7465	0	0.02140640051375361
7466	0	0.006421920154126083
7467	0	0
7468	0	0
7469	0	0.0013914160333939848
7470	0	0
7471	0	0
7472	0	0
7473	0	0.0014984480359627528
7474	0	0
7475	0	0
7476	0	0
7477	0	0
7478	0	0.005458632131007171
7479	0	0
7480	0	0
7481	0	0
7482	0	0
7483	0	0.0006421920154126083
7484	0	0
7485	0	0.0013914160333939848
7486	0	0.00032109600770630417
7487	0	0.0009632880231189126
7488	0	0
7489	0	0.0029968960719255057
7490	0	0
7491	0	0
7492	0	0
7493	0	0
7494	0	0.0005351600128438403
7495	0	0
7496	0	0.0029968960719255057
7497	0	0
7498	0	0.00021406400513753612
7499	0	0.00032109600770630417
7500	0	0
7501	0	0.0006421920154126083
7502	0	0
7503	0	0
7504	0	0
7505	0	0.0008562560205501445
7506	0	0.14877448357058762
7507	0	0.00010703200256876806
7508	0	0.0385315209247565
7509	0	0.1605480038531521
7510	0	0.01584073638017767
7511	0	0.00032109600770630417
7512	0	0.01048913625173927
7513	0	0
7514	0	0.0007492240179813764
7515	0	0
7516	0	0.0073852081772449955
7517	0	0.008027400192657604
7518	0	0.005565664133575939
7519	0	0.03018302472439259
7520	0	0.1682543080381034
7521	0	0.04816440115594563
7522	0	0.03970887295301295
7523	0	0.1138820507331692
7524	0	0.029540832708979982
7525	0	0.056298833351172
7526	0	0.014984480359627529
7527	0	0
7528	0	0.0014984480359627528
7529	0	0.10574761853794284
7530	0	0.0009632880231189125
7531	0	0.016696992400727816
7532	0	0.03810339291448143
7533	0	0
7534	0	0.0006421920154126083
7535	0	0
7536	0	0.14460023547040565
7537	0	0
7538	0	0.00021406400513753612
7539	0	0.009846944236326661
7540	0	0.002247672053944129
7541	0	0.41207320988975704
7542	0	0.023440008562560205
7543	0	0
7544	0	0.001926576046237825
7545	0	0.0693567376645617
7546	0	0.17339184416140427
7547	0	0.0010703200256876805
7548	0	0.18366691640800598
7549	0	0.03724713689393128
7550	0	0.004281280102750722
7551	0	0.0048164401155945625
7552	0	0.008669592208070212
7553	0	0.0019265760462378251
7554	0	0
7555	0	0.24306967783367228
7556	0	0
7557	0	0.025687680616504335
7558	0	0.0154126083699026
7559	0	0.00010703200256876806
7560	0	0
7561	0	0.0005351600128438403
7562	0	0
7563	0	0.0008562560205501445
7564	0	0.02012201648292839
7565	0	0.042170609012094615
7566	0	0.14823932355774377
7567	0	0.00042812801027507225
7568	0	0.10874451460986835
7569	0	0
7570	0	0.012415712297977095
7571	0	0.024403296585679118
7572	0	0.0011773520282564486
7573	0	0.0005351600128438403
7574	0	0.012843840308252166
7575	0	0
7576	0	0.3045060473081452
7577	0	0.00021406400513753612
7578	0	0.023547040565128973
7579	0	0.05308787327410896
7580	0	0.0010703200256876805
7581	0	0.014449320346783688
7582	0	0.012201648292839557
7583	0	0.014556352349352457
7584	0	0.01584073638017767
7585	0	0.008348496200363908
7586	0	0.00032109600770630417
7587	0	0.03403617681686824
7588	0	0.0723536337364872
7589	0	0
7590	0	0.0008562560205501445
7591	0	0.00385315209247565
7592	0	0.013486032323664774
7593	0	0.9100931178422347
7594	0	0.007064112169538691
7595	0	0
7596	0	0.005565664133575939
7597	0	0.33447500802740016
7598	0	0.027186128652467088
7599	0	0.03649791287594991
7600	0	0.0047094081130257944
7601	0	0
7602	0	0
7603	0	0.00042812801027507225
7604	0	0
7605	0	0.00032109600770630417
7606	0	0.0007492240179813764
7607	0	0.13164936315958473
7608	0	0.008562560205501444
7609	0	0.16504334796104037
7610	0	0
7611	0	0.00032109600770630417
7612	0	0.020550144493203467
7613	0	0
7614	0	0.13197045916729103
7615	0	0.036711976881087446
7616	0	0.13593064326233545
7617	0	0.0009632880231189126
7618	0	0.0008562560205501445
7619	0	0.004923472118163331
7620	0	0.0032109600770630414
7621	0	0.00663598415926362
7622	0	0.4225623461414963
7623	0	0.009846944236326661
7624	0	0.00042812801027507225
7625	0	0.0014984480359627528
7626	0	0.0012843840308252167
7627	0	0.0014984480359627528
7628	0	0.021085304506047307
7629	0	0.012843840308252167
7630	0	0.05565664133575939
7631	0	0
7632	0	0.013486032323664774
7633	0	0.00021406400513753612
7634	0	0.07577865781868778
7635	0	0.1155945627742695
7636	0	0
7637	0	0
7638	0	0.0007492240179813764
7639	0	0.12586963502087123
7640	0	0.11302579471261907
7641	0	0.06454029754896713
7642	0	0.1108851546612437
7643	0	0.025687680616504335
7644	0	0.01091726426201434
7645	0	0.010275072246601734
7646	0	0.03146740875521781
7647	0	0.011987584287702023
7648	0	0.10574761853794284
7649	0	0.06839344964144278
7650	0	0.0127368083056834
7651	0	0.0008562560205501445
7652	0	0.0009632880231189126
7653	0	0.032751792786043024
7654	0	0.04013700096328802
7655	0	0
7656	0	0.468372043240929
7657	0	0.0019265760462378251
7658	0	0
7659	0	0.15541046772985123
7660	0	0.06261372150272931
7661	0	0.025045488601091723
7662	0	0.05736915337685968
7663	0	0.014556352349352455
7664	0	0.0077063041849513
7665	0	0.33190623996574975
7666	0	0.08798030611152735
7667	0	0.009097720218345285
7668	0	0.029968960719255058
7669	0	0
7670	0	0
7671	0	0.01316493631595847
7672	0	0.02033608048806593
7673	0	0.408434121802419
7674	0	0.001712512041100289
7675	0	0.014984480359627529
7676	0	0
7677	0	0.0048164401155945625
7678	0	0.02097827250347854
7679	0	0.02825644867815477
7680	0	0.0019265760462378251
7681	0	0.09097720218345284
7682	0	0.08059509793428235
7683	0	0.002889864069356737
7684	0	0.002247672053944129
7685	0	0.0023547040565128972
7686	0	0.15969174783260195
7687	0	0
7688	0	0.03253772878090549
7689	0	0.03639088087338114
7690	0	0.20250454886010916
7691	0	0.0010703200256876805
7692	0	0
7693	0	0.0025687680616504334
7694	0	0.31317563951621524
7695	0	0.005565664133575939
7696	0	0
7697	0	0
7698	0	0.0011773520282564486
7699	0	0.00021406400513753612
7700	0	0.0077063041849513
7701	0	0.0023547040565128972
7702	0	0.28149416675586003
7703	0	0.17178636412287274
7704	0	0.019693888472653322
7705	0	0.0005351600128438403
7706	0	0.034892432837418386
7707	0	0.01551964037247137
7708	0	0.0026758000642192015
7709	0	0.0009632880231189126
7710	0	0.013914160333939848
7711	0	0.008990688215776517
7712	0	0.01926576046237825
7713	0	0.00931178422348282
7714	0	0.0006421920154126083
7715	0	0.08134432195226372
7716	0	0.026972064647329548
7717	0	0.0009632880231189126
7718	0	0.11655785079738842
7719	0	0.17296371615112918
7720	0	0.001926576046237825
7721	0	0.05073316921759606
7722	0	0.0008562560205501445
7723	0	0.4382960505191052
7724	0	0.0358557208605373
7725	0	0.01990795247779086
7726	0	0.023975168575404045
7727	0	0.010275072246601734
7728	0	0.1514502836348068
7729	0	0
7730	0	0.003210960077063042
7731	0	0.16161832387883976
7732	0	0.44150701059616826
7733	0	0.0006421920154126083
7734	0	0.0048164401155945625
7735	0	0.004174248100181954
7736	0	0.00010703200256876806
7737	0	0.023975168575404045
7738	0	0
7739	0	0.03467836883228085
7740	0	0.004067216097613186
7741	0	0
7742	0	0.0077063041849513
7743	0	0.006528952156694852
7744	0	0.07032002568768062
7745	0	0
7746	0	0.2162046451889115
7747	0	0
7748	0	0.0005351600128438403
7749	0	0
7750	0	0.001712512041100289
7751	0	0.0048164401155945625
7752	0	0.030504120732098898
7753	0	0.02643690463448571
7754	0	0
7755	0	0.0035320560847693456
7756	0	0.00042812801027507225
7757	0	0.008990688215776517
7758	0	0.05019800920475222
7759	0	0.0006421920154126083
7760	0	0.3596275286310607
7761	0	0.001926576046237825
7762	0	0.023440008562560205
7763	0	0.1899818045595633
7764	0	0.00010703200256876806
7765	0	0.0029968960719255057
7766	0	0.054372257304934175
7767	0	0.029540832708979982
7768	0	0.006743016161832387
7769	0	0.002140640051375361
7770	0	0.0007492240179813764
7771	0	0.0029968960719255057
7772	0	0.004923472118163331
7773	0	0.05244568125869635
7774	0	0
7775	0	0.0027828320667879695
7776	0	0.0009632880231189126
7777	0	0.01990795247779086
7778	0	0.00385315209247565
7779	0	0.007278176174676228
7780	0	0
7781	0	0
7782	0	0.007064112169538691
7783	0	0.048699561168789464
7784	0	0.01819544043669057
7785	0	0.017339184416140425
7786	0	0.0010703200256876805
7787	0	0.0009632880231189126
7788	0	0.16632773199186557
7789	0	0.021941560526597452
7790	0	0
7791	0	0.2761425666274216
7792	0	0.0010703200256876805
7793	0	0.014556352349352457
7794	0	0.03168147276035534
7795	0	0.0077063041849513
7796	0	0.022476720539441292
7797	0	0.17403403617681687
7798	0	0.21203039708872953
7799	0	0.0012843840308252167
7800	0	0.00042812801027507225
7801	0	0.36604944878518675
7802	0	0.5201755324842128
7803	0	0.0010703200256876805
7804	0	0
7805	0	0.03253772878090549
7806	0	0.005137536123300867
7807	0	0.0014984480359627528
7808	0	0.015412608369902601
7809	0	0.00877662421063898
7810	0	0.010061008241464197
7811	0	0
7812	0	0.00021406400513753612
7813	0	0.22134218131221237
7814	0	0.09953976238895429
7815	0	0.029540832708979982
7816	0	0.010703200256876806
7817	0	0.008134432195226372
7818	0	0
7819	0	0.014984480359627529
7820	0	0.01712512041100289
7821	0	0.0032109600770630414
7822	0	0.2798886867173284
7823	0	0.001926576046237825
7824	0	0.34164615219950767
7825	0	0.004495344107888258
7826	0	0.013700096328802312
7827	0	0.18334582040029967
7828	0	0
7829	0	0.02600877662421064
7830	0	0.2745370865888901
7831	0	0.011880552285133253
7832	0	0.11431017874344429
7833	0	0.005779728138713475
7834	0	0.019693888472653322
7835	0	0.2857754468586107
7836	0	0.0019265760462378251
7837	0	0.2256234614149631
7838	0	0.050519105212458525
7839	0	0.19158728459809482
7840	0	0.5686610296478648
7841	0	0.014128224339077382
7842	0	0.03371508080916194
7843	0	0.011238360269720644
7844	0	0.004816440115594562
7845	0	0.0061008241464197786
7846	0	0
7847	0	0
7848	0	0.19779514074708338
7849	0	0.013486032323664774
7850	0	0
7851	0	0.0017125120411002888
7852	0	0
7853	0	0.001712512041100289
7854	0	0.0029968960719255057
7855	0	0.1932997966391951
7856	0	0.012308680295408327
7857	0	0.03018302472439259
7858	0	0
7859	0	0.015733704377608904
7860	0	0.1632238039173713
7861	0	0.0029968960719255057
7862	0	0.017981376431553033
7863	0	0.0011773520282564486
7864	0	0
7865	0	0.00385315209247565
7866	0	0.008348496200363908
7867	0	0.07278176174676228
7868	0	0.00042812801027507225
7869	0	0.01990795247779086
7870	0	0.0016054800385315207
7871	0	0.02097827250347854
7872	0	0.10788825858931819
7873	0	0.01584073638017767
7874	0	0.4015840736380178
7875	0	0.002889864069356737
7876	0	0
7877	0	0.026115808626779407
7878	0	0.04366905704805737
7879	0	0.08937172214492133
7880	0	0.0010703200256876805
7881	0	0.016054800385315208
7882	0	0
7883	0	0.0010703200256876805
7884	0	0.3328695279888686
7885	0	0.21320774911698598
7886	0	0.0035320560847693456
7887	0	0
7888	0	0
7889	0	0.12437118698490848
7890	0	0.0028898640693567376
7891	0	0.0014984480359627528
7892	0	0.016589960398159048
7893	0	0.0023547040565128972
7894	0	0
7895	0	0.055014449320346784
7896	0	0.002140640051375361
7897	0	0.0077063041849513
7898	0	0.007064112169538691
7899	0	0
7900	0	0.002247672053944129
7901	0	0.0016054800385315207
7902	0	0.005779728138713474
7903	0	0.334582040029969
7904	0	0.1599058118377395
7905	0	0.00663598415926362
7906	0	0.04688001712512041
7907	0	0.016589960398159048
7908	0	0.00010703200256876806
7909	0	0.050090977202183445
7910	0	0.045702665096863965
7911	0	0.012201648292839557
7912	0	0.03649791287594991
7913	0	0.01327196831852724
7914	0	0.34410788825858935
7915	0	0.0616504334796104
7916	0	0.025259552606229262
7917	0	0.03639088087338114
7918	0	0.005137536123300866
7919	0	0.04174248100181954
7920	0	0.008348496200363908
7921	0	0.006421920154126084
7922	0	0.0010703200256876805
7923	0	0.015733704377608904
7924	0	0.010703200256876806
7925	0	0.14460023547040565
7926	0	0.004281280102750722
7927	0	0
7928	0	0.0646473295515359
7929	0	0.009204752220914053
7930	0	0.03521352884512469
7931	0	0.0005351600128438403
7932	0	0.00032109600770630417
7933	0	0.013807128331371078
7934	0	0.001926576046237825
7935	0	0.014984480359627527
7936	0	0.005779728138713475
7937	0	0.14930964358343146
7938	0	0.002247672053944129
7939	0	0.06678796960291127
7940	0	0.00032109600770630417
7941	0	0.0025687680616504334
7942	0	0.005565664133575939
7943	0	0
7944	0	0.6440115594562773
7945	0	0.016054800385315208
7946	0	0.03649791287594991
7947	0	0.005886760141282243
7948	0	0.014984480359627527
7949	0	0
7950	0	0.017339184416140425
7951	0	0.008669592208070212
7952	0	0
7953	0	0.00010703200256876806
7954	0	0.014770416354489991
7955	0	0.0231189125548539
7956	0	0.00042812801027507225
7957	0	0.004281280102750722
7958	0	0.23375789361018945
7959	0	0
7960	0	0.0010703200256876805
7961	0	0.06357700952584823
7962	0	0.15840736380177672
7963	0	0.022476720539441292
7964	0	0.0006421920154126083
7965	0	0
7966	0	0.00021406400513753612
7967	0	0.0729958257518998
7968	0	0.01327196831852724
7969	0	0.045274537086588885
7970	0	0.048699561168789464
7971	0	0.04880659317135823
7972	0	0.18248956437974956
7973	0	0.009632880231189125
7974	0	0.01327196831852724
7975	0	0.039387776945306645
7976	0	0.012843840308252166
7977	0	0.027186128652467088
7978	0	0.00385315209247565
7979	0	0.01327196831852724
7980	0	0
7981	0	0.0012843840308252167
7982	0	0.02033608048806593
7983	0	0.002889864069356737
7984	0	0.10724606657390559
7985	0	0.011345392272289414
7986	0	0.28170823076099755
7987	0	0.06218559349245424
7988	0	0.001712512041100289
7989	0	0.0007492240179813764
7990	0	0.00931178422348282
7991	0	0.005565664133575939
7992	0	0.00385315209247565
7993	0	0.03895964893503157
7994	0	0.007492240179813764
7995	0	0
7996	0	0.005137536123300867
7997	0	0.05276677726640266
7998	0	0.0011773520282564486
7999	0	0.0028898640693567376
8000	0	0.00385315209247565
8001	0	0.012415712297977095
8002	0	0.0032109600770630414
8003	0	0.001926576046237825
8004	0	0.026972064647329548
8005	0	0.0005351600128438403
8006	0	0.11473830675371936
8007	0	0.00010703200256876806
8008	0	0.00010703200256876806
8009	0	0.04366905704805737
8010	0	0.0010703200256876805
8011	0	0.002140640051375361
8012	0	0.026115808626779407
8013	0	0
8014	0	0.005779728138713475
8015	0	0.004174248100181954
8016	0	0
8017	0	0.012415712297977095
8018	0	0.1945841806700203
8019	0	0
8020	0	0.0025687680616504334
8021	0	0.00010703200256876806
8022	0	0.04784330514823932
8023	0	0
8024	0	0.0010703200256876805
8025	0	0.0028898640693567376
8026	0	0.00021406400513753612
8027	0	0
8028	0	0.0010703200256876805
8029	0	0.005137536123300867
8030	0	0
8031	0	0.00021406400513753612
8032	0	0.0616504334796104
8033	0	0.02183452852402868
8034	0	0.002140640051375361
8035	0	0
8036	0	0
8037	0	0.0025687680616504334
8038	0	0.00021406400513753612
8039	0	0
8040	0	0.003425024082200578
8041	0	0.1460986835063684
8042	0	0.021085304506047307
8043	0	0.027186128652467088
8044	0	0.0077063041849513006
8045	0	0.07449427378786257
8046	0	0.38510114524242745
8047	0	0.00010703200256876806
8048	0	0.005137536123300867
8049	0	0.0006421920154126083
8050	0	0.08541153804987692
8051	0	0.1873060044953441
8052	0	0.004495344107888258
8053	0	0.1753184202076421
8054	0	0.005458632131007171
8055	0	0.014984480359627527
8056	0	0.008134432195226372
8057	0	0.00021406400513753612
8058	0	0.00010703200256876806
8059	0	0.02654393663705448
8060	0	0.005565664133575939
8061	0	0.0006421920154126083
8062	0	0.0014984480359627528
8063	0	0.0035320560847693456
8064	0	0.010275072246601732
8065	0	0.11495237075885689
8066	0	0.034892432837418386
8067	0	0
8068	0	0.021192336508616075
8069	0	0.0005351600128438403
8070	0	0.0077063041849513006
8071	0	0.001926576046237825
8072	0	0.08155838595740127
8073	0	0.002247672053944129
8074	0	0.0028898640693567376
8075	0	0
8076	0	0.090442042170609
8077	0	0.00032109600770630417
8078	0	0.0023547040565128972
8079	0	0.010275072246601734
8080	0	0
8081	0	0
8082	0	0.05843947340254736
8083	0	0.0038531520924756503
8084	0	0
8085	0	0.17917157230011774
8086	0	0.00545863213100717
8087	0	0.0008562560205501445
8088	0	0.004281280102750722
8089	0	0.05480038531520925
8090	0	0.09632880231189125
8091	0	0.023975168575404045
8092	0	0.008348496200363908
8093	0	0.049448785186770844
8094	0	0.1926576046237825
8095	0	0.006743016161832387
8096	0	0.023547040565128973
8097	0	0.04302686503264476
8098	0	0.007385208177244996
8099	0	0.0006421920154126083
8100	0	0
8101	0	0.016054800385315208
8102	0	0.0539441292946591
8103	0	0.19554746869313924
8104	0	0.1089585786150059
8105	0	0.09632880231189125
8106	0	0.0025687680616504334
8107	0	0.0006421920154126083
8108	0	0.009632880231189125
8109	0	0.14930964358343146
8110	0	0.00021406400513753612
8111	0	0.00032109600770630417
8112	0	0.011238360269720644
8113	0	0.004174248100181954
8114	0	0.07331692175960612
8115	0	0.01755324842127796
8116	0	0.0007492240179813764
8117	0	0.07834742588033822
8118	0	0.0007492240179813764
8119	0	0.0010703200256876805
8120	0	0
8121	0	0
8122	0	0.001712512041100289
8123	0	0.00032109600770630417
8124	0	0
8125	0	0
8126	0	0.029433800706411217
8127	0	0.4511398908273574
8128	0	0.09290377822969066
8129	0	0.00021406400513753612
8130	0	0.03467836883228085
8131	0	0.016696992400727816
8132	0	0.05619180134860323
8133	0	0.0029968960719255057
8134	0	0
8135	0	0.005351600128438403
8136	0	0.11816333083591994
8137	0	0.0006421920154126083
8138	0	0.003210960077063042
8139	0	0.0008562560205501445
8140	0	0.219201541260837
8141	0	0.02643690463448571
8142	0	0.0013914160333939848
8143	0	0.008134432195226372
8144	0	0.004067216097613186
8145	0	0.18238253237718077
8146	0	0.08284276998822648
8147	0	0.04441828106603874
8148	0	0.29744193513860645
8149	0	0.19201541260836985
8150	0	0.007064112169538691
8151	0	0.009846944236326661
8152	0	0.004495344107888258
8153	0	0.057797281387134754
8154	0	0.005993792143851011
8155	0	0
8156	0	0.010596168254308038
8157	0	0.0023547040565128972
8158	0	0
8159	0	0.001819544043669057
8160	0	0.00021406400513753612
8161	0	0.00010703200256876806
8162	0	0.015412608369902601
8163	0	0.1682543080381034
8164	0	0.0029968960719255057
8165	0	0.0010703200256876805
8166	0	0.026115808626779407
8167	0	0.031788504762924115
8168	0	0.003746120089906882
8169	0	0.019693888472653322
8170	0	0.00010703200256876806
8171	0	0.05480038531520925
8172	0	0.08316386599593278
8173	0	0
8174	0	0
8175	0	0.0014984480359627528
8176	0	0.04923472118163331
8177	0	0.1444932034678369
8178	0	0.05276677726640266
8179	0	0.0010703200256876805
8180	0	0.025687680616504335
8181	0	0.006850048164401156
8182	0	0.02568768061650433
8183	0	0.15037996360911912
8184	0	0.0025687680616504334
8185	0	0
8186	0	0.021085304506047307
8187	0	0.0006421920154126083
8188	0	0.021192336508616075
8189	0	0.0077063041849513006
8190	0	0.0012843840308252167
8191	0	0.0007492240179813764
8192	0	0.0012843840308252167
8193	0	0.0008562560205501445
8194	0	0.03103928074494274
8195	0	0.018302472439259337
8196	0	0.0023547040565128972
8197	0	0.056084769346034465
8198	0	0.004067216097613186
8199	0	0.003639088087338114
8200	0	0.02033608048806593
8201	0	0.001926576046237825
8202	0	0.24917050198009208
8203	0	0.027828320667879696
8204	0	0.0014984480359627528
8205	0	0.054372257304934175
8206	0	0.17403403617681687
8207	0	0.00042812801027507225
8208	0	0
8209	0	0.0028898640693567376
8210	0	0.05351600128438403
8211	0	0.0025687680616504334
8212	0	0.010168040244032965
8213	0	0.028577544685861073
8214	0	0.010275072246601734
8215	0	0.0025687680616504334
8216	0	0
8217	0	0.20550144493203465
8218	0	0.008348496200363908
8219	0	0.001712512041100289
8220	0	0.012843840308252166
8221	0	0.2707909664989832
8222	0	0.0008562560205501445
8223	0	0.03639088087338114
8224	0	0.2740019265760462
8225	0	0.001712512041100289
8226	0	0.0029968960719255057
8227	0	0.0023547040565128972
8228	0	0
8229	0	0.013379000321096008
8230	0	0
8231	0	0.001926576046237825
8232	0	0.03103928074494274
8233	0	0.010275072246601734
8234	0	0.0012843840308252167
8235	0	0.001926576046237825
8236	0	0.0006421920154126083
8237	0	0.1072460665739056
8238	0	0
8239	0	0.15091512362196297
8240	0	0.00010703200256876806
8241	0	0.2697206464732955
8242	0	0
8243	0	0.005565664133575939
8244	0	0.24788611794926682
8245	0	0.00021406400513753612
8246	0	0.1766028042384673
8247	0	0.002140640051375361
8248	0	0.08905062613721502
8249	0	0.12490634699775231
8250	0	0.00385315209247565
8251	0	0.035534624852830994
8252	0	0.005779728138713475
8253	0	0.01990795247779086
8254	0	0.009418816226051589
8255	0	0.0007492240179813764
8256	0	0.02087124050090977
8257	0	0
8258	0	0.7370223696885368
8259	0	0.0006421920154126083
8260	0	0.08669592208070213
8261	0	0.21620464518891144
8262	0	0.3776089050626137
8263	0	0.001605480038531521
8264	0	0.004067216097613186
8265	0	0.035962752863106066
8266	0	0.0016054800385315207
8267	0	0.0029968960719255057
8268	0	0.007278176174676228
8269	0	0.4052231617253559
8270	0	0
8271	0	0.08027400192657605
8272	0	0.01370009632880231
8273	0	0.0012843840308252167
8274	0	0.003425024082200578
8275	0	0.12201648292839559
8276	0	0
8277	0	0.00010703200256876806
8278	0	0.0025687680616504334
8279	0	0.0012843840308252167
8280	0	0.005779728138713475
8281	0	0.07492240179813764
8282	0	0.002140640051375361
8283	0	0.010275072246601734
8284	0	0.004067216097613186
8285	0	0
8286	0	0.07759820186235683
8287	0	0.009846944236326661
8288	0	0.0047094081130257944
8289	0	0
8290	0	0.0017125120411002888
8291	0	0.02033608048806593
8292	0	0.005565664133575939
8293	0	0.24135716579257196
8294	0	0.021085304506047307
8295	0	0.001712512041100289
8296	0	0.0029968960719255057
8297	0	0.00021406400513753612
8298	0	0.00032109600770630417
8299	0	0.01327196831852724
8300	0	0
8301	0	0.0012843840308252167
8302	0	0.0005351600128438403
8303	0	0
8304	0	0
8305	0	0.005351600128438403
8306	0	0.00010703200256876806
8307	0	0
8308	0	0.28641763887402333
8309	0	0.00877662421063898
8310	0	0.21492026115808627
8311	0	0.006421920154126083
8312	0	0
8313	0	0.0029968960719255057
8314	0	0.009418816226051589
8315	0	0.07278176174676228
8316	0	0.00021406400513753612
8317	0	0
8318	0	0.007064112169538691
8319	0	0.00021406400513753612
8320	0	0.05276677726640266
8321	0	0.0009632880231189126
8322	0	0.00010703200256876806
8323	0	0.04281280102750722
8324	0	0.3761104570266509
8325	0	0.02740019265760462
8326	0	0.022262656534303756
8327	0	0.00021406400513753612
8328	0	0.23547040565128974
8329	0	0.00931178422348282
8330	0	0.02568768061650433
8331	0	0.1303649791287595
8332	0	0.03168147276035534
8333	0	0.19073102857754468
8334	0	0.10767419458418068
8335	0	0.37696671304720114
8336	0	0.001712512041100289
8337	0	0.07117628170823076
8338	0	0.017981376431553033
8339	0	0.00010703200256876806
8340	0	0.2419993578079846
8341	0	0.16054800385315207
8342	0	0.00021406400513753612
8343	0	0.009097720218345285
8344	0	0.0462378251097078
8345	0	0.00021406400513753612
8346	0	0.016911056405865352
8347	0	0
8348	0	0.03746120089906882
8349	0	0.0038531520924756503
8350	0	0.24146419779514075
8351	0	0.09440222626565342
8352	0	0
8353	0	0.005993792143851011
8354	0	0.0027828320667879695
8355	0	0.11002889864069357
8356	0	0.057797281387134754
8357	0	0.01712512041100289
8358	0	0.011238360269720644
8359	0	0.03339398480145563
8360	0	0.0412073209889757
8361	0	0.0048164401155945625
8362	0	0
8363	0	0.14074708337793002
8364	0	0.07898961789575083
8365	0	0.06582468157979236
8366	0	0.00010703200256876806
8367	0	0.2498126939955046
8368	0	0.014449320346783688
8369	0	0.0006421920154126083
8370	0	0.08605373006528952
8371	0	0.023547040565128973
8372	0	0.034892432837418386
8373	0	0
8374	0	0
8375	0	0.05298084127154019
8376	0	0.01584073638017767
8377	0	0.01873060044953441
8378	0	0.016054800385315208
8379	0	0.012843840308252167
8380	0	0.03649791287594991
8381	0	0
8382	0	0.0006421920154126083
8383	0	0.0008562560205501445
8384	0	0.08348496200363908
8385	0	0.005565664133575939
8386	0	0.0025687680616504334
8387	0	0.07813336187520067
8388	0	0.0010703200256876805
8389	0	0.0028898640693567376
8390	0	0.00385315209247565
8391	0	0.0009632880231189126
8392	0	0.0019265760462378251
8393	0	0.012843840308252167
8394	0	0.03960184095044418
8395	0	0.016054800385315208
8396	0	0.026972064647329548
8397	0	0.08027400192657605
8398	0	0.08091619394198865
8399	0	0.0048164401155945625
8400	0	0.23932355774376537
8401	0	0.0035320560847693456
8402	0	0.05651289735630953
8403	0	0.013914160333939848
8404	0	0.0006421920154126083
8405	0	0.0017125120411002888
8406	0	0.010596168254308038
8407	0	0.03639088087338114
8408	0	0.0048164401155945625
8409	0	0.11602269078454458
8410	0	0
8411	0	0.027186128652467088
8412	0	0.00042812801027507225
8413	0	0.10596168254308039
8414	0	0.03639088087338114
8415	0	0.11024296264583111
8416	0	0.00717114417210746
8417	0	0.0023547040565128972
8418	0	0.012308680295408327
8419	0	0.02568768061650433
8420	0	0.019907952477790855
8421	0	0.0038531520924756503
8422	0	0.03232366477576795
8423	0	0.02643690463448571
8424	0	0
8425	0	0.006743016161832387
8426	0	0
8427	0	0.0569410253665846
8428	0	0.009632880231189125
8429	0	0.008562560205501444
8430	0	0
8431	0	0.036604944878518675
8432	0	0.002247672053944129
8433	0	0.0006421920154126083
8434	0	0
8435	0	0
8436	0	0.0012843840308252167
8437	0	0.01648292839559028
8438	0	0.004495344107888258
8439	0	0.3249491597987798
8440	0	0.00032109600770630417
8441	0	0.014449320346783687
8442	0	0.0023547040565128972
8443	0	0.026115808626779407
8444	0	0.010917264262014342
8445	0	0.11516643476399444
8446	0	0
8447	0	0.001712512041100289
8448	0	0.02033608048806593
8449	0	0.14770416354489993
8450	0	0
8451	0	0.017981376431553033
8452	0	0.03724713689393128
8453	0	0.006850048164401155
8454	0	0.0005351600128438403
8455	0	0.16161832387883976
8456	0	0.06678796960291127
8457	0	0
8458	0	0.054265225302365404
8459	0	0.00032109600770630417
8460	0	0.010275072246601734
8461	0	0.0008562560205501445
8462	0	0.0012843840308252167
8463	0	0.0027828320667879695
8464	0	0.05116129722787113
8465	0	0.16664882799957187
8466	0	0.006743016161832387
8467	0	0.005137536123300867
8468	0	0.2954083270897998
8469	0	0.6983838167612114
8470	0	0.0014984480359627528
8471	0	0.0077063041849513
8472	0	0.016268864390452744
8473	0	0
8474	0	0.08830140211923365
8475	0	0
8476	0	0.002140640051375361
8477	0	0
8478	0	0.27988868671732847
8479	0	0.15969174783260193
8480	0	0.0009632880231189126
8481	0	0.0017125120411002888
8482	0	0.0025687680616504334
8483	0	0
8484	0	0.2809590067430161
8485	0	0.006421920154126084
8486	0	0.006743016161832387
8487	0	0.00021406400513753612
8488	0	0.015733704377608904
8489	0	0.05137536123300867
8490	0	0.007278176174676228
8491	0	0
8492	0	0.00010703200256876806
8493	0	0.0009632880231189126
8494	0	0
8495	0	0.0012843840308252167
8496	0	0.015412608369902601
8497	0	0.0077063041849513006
8498	0	0.0006421920154126083
8499	0	0.053623033286952795
8500	0	0.009632880231189125
8501	0	0.0012843840308252167
8502	0	0
8503	0	0.26715187841164506
8504	0	0.18174034036176817
8505	0	0.0412073209889757
8506	0	0
8507	0	0.0231189125548539
8508	0	0.01712512041100289
8509	0	0.007278176174676228
8510	0	0.0009632880231189126
8511	0	0.1078882585893182
8512	0	0.3948410574761854
8513	0	0.02322594455742267
8514	0	0.041528416996682006
8515	0	0
8516	0	0.08862249812693995
8517	0	0.512148132291555
8518	0	0.01926576046237825
8519	0	0.00042812801027507225
8520	0	0
8521	0	0
8522	0	0.01990795247779086
8523	0	0.04548860109172642
8524	0	0.0005351600128438403
8525	0	0.004174248100181954
8526	0	0.06850048164401155
8527	0	0.06218559349245424
8528	0	0.0014984480359627528
8529	0	0.006421920154126083
8530	0	0.011880552285133253
8531	0	0.4473937707374504
8532	0	0.08669592208070212
8533	0	0.021085304506047307
8534	0	0.03232366477576795
8535	0	0.013379000321096008
8536	0	0.00021406400513753612
8537	0	0.011880552285133255
8538	0	0.0008562560205501445
8539	0	0.028898640693567377
8540	0	0.00042812801027507225
8541	0	0
8542	0	0.3474258803382211
8543	0	0.36497912875949906
8544	0	0.4135716579257198
8545	0	0.1685754040458097
8546	0	0
8547	0	0.02087124050090977
8548	0	0.001926576046237825
8549	0	0.05276677726640266
8550	0	0.0008562560205501445
8551	0	0.05276677726640266
8552	0	0.009204752220914053
8553	0	0.11131328267151878
8554	0	0.03649791287594991
8555	0	0.001926576046237825
8556	0	0.1206250668950016
8557	0	0.1102429626458311
8558	0	0.007492240179813764
8559	0	0.035962752863106066
8560	0	0.10307181847372364
8561	0	0.011238360269720646
8562	0	0.014128224339077384
8563	0	0.0014984480359627528
8564	0	0.0025687680616504334
8565	0	0.002140640051375361
8566	0	0.21620464518891147
8567	0	0.8605373006528951
8568	0	0.04238467301723215
8569	0	0.0005351600128438403
8570	0	0.2723964465375147
8571	0	0.03917371294016911
8572	0	0.00385315209247565
8573	0	0.005779728138713475
8574	0	0.03885261693246281
8575	0	0.22005779728138714
8576	0	0.0008562560205501445
8577	0	0.183666916408006
8578	0	0.004174248100181954
8579	0	0.17082307609975383
8580	0	0.08048806593171358
8581	0	0.0012843840308252167
8582	0	0.0012843840308252167
8583	0	0.03724713689393128
8584	0	0.021834528524028684
8585	0	0.14984480359627528
8586	0	0.03510649684255592
8587	0	0.033179920796318096
8588	0	0.0009632880231189126
8589	0	0.01327196831852724
8590	0	0.005993792143851011
8591	0	0.003425024082200578
8592	0	0.00021406400513753612
8593	0	0.008348496200363908
8594	0	0.02632987263191694
8595	0	0.11495237075885689
8596	0	0.00032109600770630417
8597	0	0.00042812801027507225
8598	0	0.00385315209247565
8599	0	0
8600	0	0.0005351600128438403
8601	0	0.0014984480359627528
8602	0	0.002140640051375361
8603	0	0.0012843840308252167
8604	0	0.0007492240179813764
8605	0	0.0308252167398052
8606	0	0
8607	0	0.21834528524028685
8608	0	0.11045702665096863
8609	0	0
8610	0	0.0010703200256876805
8611	0	0
8612	0	0.002140640051375361
8613	0	0.6325591351814192
8614	0	0.0005351600128438403
8615	0	0.003960184095044418
8616	0	0.2562346141496307
8617	0	0.0007492240179813764
8618	0	0
8619	0	0.0509472332227336
8620	0	0
8621	0	0.08220057797281387
8622	0	0.07652788183666916
8623	0	0.00021406400513753612
8624	0	0.01990795247779086
8625	0	0.13967676335224233
8626	0	0.05522851332548432
8627	0	0.15926361982232687
8628	0	0.13967676335224233
8629	0	0.08316386599593278
8630	0	0.0023547040565128972
8631	0	0
8632	0	0.004174248100181954
8633	0	0
8634	0	0.0005351600128438403
8635	0	0.001605480038531521
8636	0	0.03532056084769346
8637	0	0.291662206999893
8638	0	0.007278176174676227
8639	0	0.3069677833672268
8640	0	0.04195654500695708
8641	0	0.013807128331371078
8642	0	0.3384351921224446
8643	0	0.012843840308252166
8644	0	0.00385315209247565
8645	0	0
8646	0	0.004495344107888258
8647	0	0.00385315209247565
8648	0	0.18580755645938135
8649	0	0.011131328267151878
8650	0	0.0017125120411002888
8651	0	0.00010703200256876806
8652	0	0.0012843840308252167
8653	0	0
8654	0	0
8655	0	0.0007492240179813764
8656	0	0.005565664133575939
8657	0	0.02140640051375361
8658	0	0.0010703200256876805
8659	0	0.021941560526597452
8660	0	0.16097613186342716
8661	0	0.22605158942523812
8662	0	0.00385315209247565
8663	0	0.0408862249812694
8664	0	0.08605373006528952
8665	0	0.0029968960719255057
8666	0	0.0048164401155945625
8667	0	0.0016054800385315207
8668	0	0.06186449748474794
8669	0	0.12287273894894574
8670	0	0.005779728138713475
8671	0	0.02140640051375361
8672	0	0.05694102536658461
8673	0	0.0006421920154126083
8674	0	0.0023547040565128972
8675	0	0.001605480038531521
8676	0	0.00010703200256876806
8677	0	0.003639088087338114
8678	0	0.052231617253558814
8679	0	0.0025687680616504334
8680	0	0.012843840308252167
8681	0	0.05565664133575939
8682	0	0.015412608369902601
8683	0	0.043883121053194904
8684	0	0
8685	0	0.019479824467515786
8686	0	0
8687	0	0.05244568125869635
8688	0	0.049448785186770844
8689	0	0.0009632880231189125
8690	0	0.0007492240179813764
8691	0	0.023975168575404045
8692	0	0.17146526811516644
8693	0	0.0014984480359627528
8694	0	0.0012843840308252167
8695	0	0.005137536123300867
8696	0	0.0006421920154126083
8697	0	0.05276677726640266
8698	0	0.002140640051375361
8699	0	0.016589960398159048
8700	0	0.059081665417959964
8701	0	0.0011773520282564486
8702	0	0.0029968960719255057
8703	0	0
8704	0	0
8705	0	0.003425024082200578
8706	0	0.0008562560205501445
8707	0	0.009632880231189125
8708	0	0.012843840308252166
8709	0	0
8710	0	0
8711	0	0.004174248100181954
8712	0	0
8713	0	0.0010703200256876805
8714	0	0.00010703200256876806
8715	0	0.0014984480359627528
8716	0	0.08380605801134539
8717	0	0.1001819544043669
8718	0	0.017981376431553033
8719	0	0.0025687680616504334
8720	0	0.016268864390452744
8721	0	0.05694102536658461
8722	0	0.10767419458418068
8723	0	0
8724	0	0.0029968960719255057
8725	0	0
8726	0	0.05276677726640266
8727	0	0.00021406400513753612
8728	0	0
8729	0	0.0047094081130257944
8730	0	0.027186128652467088
8731	0	0.011773520282564487
8732	0	0
8733	0	0.0154126083699026
8734	0	0.08048806593171358
8735	0	0.3397195761532698
8736	0	0.013700096328802312
8737	0	0.009204752220914053
8738	0	0.036711976881087446
8739	0	0.15284169966820077
8740	0	0.03649791287594991
8741	0	0.00021406400513753612
8742	0	0.1075671625816119
8743	0	0.011238360269720646
8744	0	0.008134432195226372
8745	0	0.16140425987370224
8746	0	0.05373006528952157
8747	0	0.00021406400513753612
8748	0	0.013057904313389703
8749	0	0
8750	0	0.05458632131007171
8751	0	0.9664989831959756
8752	0	0.00010703200256876806
8753	0	0.021192336508616072
8754	0	0.016589960398159048
8755	0	0.0154126083699026
8756	0	0.001926576046237825
8757	0	0.002247672053944129
8758	0	0.00385315209247565
8759	0	0.002140640051375361
8760	0	0
8761	0	0
8762	0	0
8763	0	0.12372899496949588
8764	0	0.01873060044953441
8765	0	0.2346141496307396
8766	0	0
8767	0	0.001712512041100289
8768	0	0.07385208177244995
8769	0	0.00010703200256876806
8770	0	0.001926576046237825
8771	0	0.04538156908915766
8772	0	0.00021406400513753612
8773	0	0
8774	0	0.0028898640693567376
8775	0	0.27881836669164084
8776	0	0.0871240500909772
8777	0	0
8778	0	0.001712512041100289
8779	0	0.06957080166969924
8780	0	0.006421920154126084
8781	0	0.10307181847372364
8782	0	0.0007492240179813764
8783	0	0.005993792143851011
8784	0	0.02183452852402868
8785	0	0.28416996682007917
8786	0	0.00032109600770630417
8787	0	0
8788	0	0
8789	0	0.0047094081130257944
8790	0	0
8791	0	0.031146312747511506
8792	0	0.00042812801027507225
8793	0	0.0012843840308252167
8794	0	0.027186128652467088
8795	0	0.025045488601091723
8796	0	0.0029968960719255057
8797	0	0.014556352349352457
8798	0	0.0008562560205501445
8799	0	0
8800	0	0
8801	0	0.0029968960719255057
8802	0	0.19651075671625814
8803	0	0.0924756502194156
8804	0	0.00931178422348282
8805	0	0.0006421920154126083
8806	0	0.0029968960719255057
8807	0	0.00995397623889543
8808	0	0.05169645724071498
8809	0	0.0847693460344643
8810	0	0
8811	0	0.00010703200256876806
8812	0	0.06635984159263619
8813	0	0
8814	0	0.00032109600770630417
8815	0	0.00042812801027507225
8816	0	0
8817	0	0.028256448678154765
8818	0	0.00021406400513753612
8819	0	0
8820	0	0
8821	0	0
8822	0	0
8823	0	0.0038531520924756503
8824	0	0.0012843840308252167
8825	0	0.0284705126832923
8826	0	0
8827	0	0.00032109600770630417
8828	0	0.016696992400727816
8829	0	0.0005351600128438403
8830	0	0.002568768061650433
8831	0	0
8832	0	0.0014984480359627528
8833	0	0
8834	0	0
8835	0	0.007278176174676228
8836	0	0.001926576046237825
8837	0	0.0029968960719255057
8838	0	0
8839	0	0.0025687680616504334
8840	0	0.05276677726640266
8841	0	0
8842	0	0
8843	0	0.01712512041100289
8844	0	0.01926576046237825
8845	0	0.0012843840308252167
8846	0	0.011345392272289414
8847	0	0.013379000321096008
8848	0	0
8849	0	0.0073852081772449955
8850	0	0.004495344107888258
8851	0	0.014984480359627529
8852	0	0.015733704377608904
8853	0	0.0027828320667879695
8854	0	0.0025687680616504334
8855	0	0.2571979021727496
8856	0	0.010275072246601732
8857	0	0
8858	0	0
8859	0	0.00931178422348282
8860	0	0.027614256662742157
8861	0	0.21663277319918656
8862	0	0.14663384351921224
8863	0	0.11516643476399444
8864	0	0.0007492240179813764
8865	0	0
8866	0	0.005779728138713475
8867	0	0.02632987263191694
8868	0	0.0073852081772449955
8869	0	0.053301937279246495
8870	0	0.0017125120411002888
8871	0	0.2900567269613614
8872	0	0.00385315209247565
8873	0	0.0048164401155945625
8874	0	0.07385208177244995
8875	0	0.010596168254308036
8876	0	0.010703200256876806
8877	0	0.00010703200256876806
8878	0	0.04024403296585679
8879	0	0.0026758000642192015
8880	0	0.0008562560205501445
8881	0	0.03649791287594991
8882	0	0.03425024082200578
8883	0	0.08016696992400728
8884	0	0.0382104249170502
8885	0	0
8886	0	0.027186128652467088
8887	0	0.014128224339077382
8888	0	0.0077063041849513006
8889	0	0.02269078454457883
8890	0	0.002247672053944129
8891	0	0.0010703200256876805
8892	0	0.006850048164401156
8893	0	0.009632880231189125
8894	0	0
8895	0	0.10596168254308039
8896	0	0.001712512041100289
8897	0	0
8898	0	0.03103928074494274
8899	0	0.0009632880231189126
8900	0	0.016696992400727816
8901	0	0.004495344107888258
8902	0	0.20999678903992294
8903	0	0.0029968960719255057
8904	0	0.00010703200256876806
8905	0	0.01873060044953441
8906	0	0.0061008241464197786
8907	0	0.027186128652467088
8908	0	0.009097720218345285
8909	0	0.00032109600770630417
8910	0	0.012308680295408327
8911	0	0.41528416996682016
8912	0	0.0025687680616504334
8913	0	0.0012843840308252167
8914	0	0.057476185379428446
8915	0	0.00010703200256876806
8916	0	0.00042812801027507225
8917	0	0.07898961789575083
8918	0	0.00021406400513753612
8919	0	0
8920	0	0
8921	0	0.22540939740982555
8922	0	0
8923	0	0
8924	0	0.07449427378786257
8925	0	0.0032109600770630414
8926	0	0.0032109600770630414
8927	0	0.013379000321096008
8928	0	0.08252167398052018
8929	0	0.0077063041849513006
8930	0	0.057797281387134754
8931	0	0.11784223482821364
8932	0	0
8933	0	0
8934	0	0.02986192871668629
8935	0	0.10638981055335546
8936	0	0
8937	0	0.008669592208070212
8938	0	0.225195333404688
8939	0	0.0029968960719255057
8940	0	0.014984480359627529
8941	0	0.00010703200256876806
8942	0	0.008990688215776517
8943	0	0
8944	0	0.007278176174676227
8945	0	0.154126083699026
8946	0	0.21834528524028685
8947	0	0.0006421920154126083
8948	0	0.10617574654821792
8949	0	0.00032109600770630417
8950	0	0
8951	0	0.13486032323664776
8952	0	0.1303649791287595
8953	0	0.0028898640693567376
8954	0	0.077063041849513
8955	0	0.023761104570266506
8956	0	0.023118912554853897
8957	0	0
8958	0	0
8959	0	0.0010703200256876805
8960	0	0.049448785186770844
8961	0	0.01155945627742695
8962	0	0.07577865781868778
8963	0	0.0010703200256876805
8964	0	0.1236219629669271
8965	0	0.002140640051375361
8966	0	0.03189553676549288
8967	0	0.005458632131007171
8968	0	0
8969	0	0.041100288986406934
8970	0	0.003210960077063042
8971	0	0.03403617681686824
8972	0	0.0010703200256876805
8973	0	0.011238360269720644
8974	0	0.006743016161832387
8975	0	0.00042812801027507225
8976	0	0.00010703200256876806
8977	0	0.0009632880231189125
8978	0	0.11398908273573796
8979	0	0.17403403617681687
8980	0	0.001712512041100289
8981	0	0.10638981055335546
8982	0	0.11891255485390131
8983	0	0.0010703200256876805
8984	0	0
8985	0	0.002140640051375361
8986	0	0.025045488601091723
8987	0	0.004281280102750722
8988	0	0.0025687680616504334
8989	0	0.13357593920582253
8990	0	0.03649791287594991
8991	0	0.27956759070962217
8992	0	0.0025687680616504334
8993	0	0
8994	0	0.037675264904206356
8995	0	0.013486032323664774
8996	0	0.0061008241464197786
8997	0	0.00010703200256876806
8998	0	0.00010703200256876806
8999	0	0.01155945627742695
9000	0	0.002140640051375361
9001	0	0
9002	0	0.11013593064326233
9003	0	0.00032109600770630417
9004	0	0.01862356844696564
9005	0	0.0014984480359627528
9006	0	0.016375896393021512
9007	0	0.5599914374397945
9008	0	0.016696992400727816
9009	0	0.03146740875521781
9010	0	0.00010703200256876806
9011	0	0.09161939419886546
9012	0	0
9013	0	0.0008562560205501445
9014	0	0.11720004281280103
9015	0	0.023975168575404045
9016	0	0
9017	0	0.014984480359627527
9018	0	0.5899603981590493
9019	0	0.00010703200256876806
9020	0	0.0008562560205501445
9021	0	0.1514502836348068
9022	0	0.05619180134860323
9023	0	0.00010703200256876806
9024	0	0.03649791287594991
9025	0	0
9026	0	0.008990688215776517
9027	0	0
9028	0	0.10853045060473081
9029	0	0.005137536123300867
9030	0	0.2269078454457883
9031	0	0.1401048913625174
9032	0	0.0008562560205501445
9033	0	0.0005351600128438403
9034	0	0.26865032644760783
9035	0	0.00032109600770630417
9036	0	0.023975168575404045
9037	0	0
9038	0	0.014128224339077384
9039	0	0.0047094081130257944
9040	0	0.0010703200256876805
9041	0	0.290270790966499
9042	0	0.015091512362196295
9043	0	0.022476720539441292
9044	0	0.03403617681686824
9045	0	0.08284276998822648
9046	0	0.04720111313282671
9047	0	0.08733811409611474
9048	0	0
9049	0	0.05587070534089693
9050	0	0.01990795247779086
9051	0	0.03125334475008027
9052	0	0.0154126083699026
9053	0	0.04816440115594563
9054	0	0.00032109600770630417
9055	0	0.0009632880231189126
9056	0	0.00042812801027507225
9057	0	0.0008562560205501445
9058	0	0
9059	0	0.001712512041100289
9060	0	0.04420421706090121
9061	0	0.011131328267151878
9062	0	0.010275072246601734
9063	0	0.13967676335224233
9064	0	0.03649791287594991
9065	0	0.016589960398159048
9066	0	0.021085304506047307
9067	0	0.0048164401155945625
9068	0	0.0006421920154126083
9069	0	0.00032109600770630417
9070	0	0.06582468157979235
9071	0	0.0254736166113668
9072	0	0.053301937279246495
9073	0	0.07064112169538692
9074	0	0
9075	0	0.0007492240179813764
9076	0	0
9077	0	0.010168040244032965
9078	0	0.0010703200256876805
9079	0	0.01712512041100289
9080	0	0.0012843840308252167
9081	0	0.06678796960291127
9082	0	0.010917264262014342
9083	0	0.05458632131007171
9084	0	0.12501337900032108
9085	0	0.19319276463662635
9086	0	0.01926576046237825
9087	0	0.001712512041100289
9088	0	0.0012843840308252167
9089	0	0.1578722037889329
9090	0	0.0005351600128438403
9091	0	0.030397088729530126
9092	0	0.00032109600770630417
9093	0	0.0005351600128438403
9094	0	0
9095	0	0.1849513004388312
9096	0	0.07224660173391843
9097	0	0.2256234614149631
9098	0	0.07791929787006315
9099	0	0.6290270790966498
9100	0	0
9101	0	0.1599058118377395
9102	0	0.03906668093760034
9103	0	0.22637268543294445
9104	0	0.006421920154126083
9105	0	0.0025687680616504334
9106	0	0.0006421920154126083
9107	0	0.05265974526383388
9108	0	0.014449320346783687
9109	0	0
9110	0	0.0010703200256876805
9111	0	0.057797281387134754
9112	0	0.02911270469870491
9113	0	0.007064112169538692
9114	0	0.05276677726640266
9115	0	0.05480038531520925
9116	0	0.10638981055335546
9117	0	0.001926576046237825
9118	0	0.0061008241464197786
9119	0	0.12372899496949588
9120	0	0.0009632880231189126
9121	0	0.01755324842127796
9122	0	0.08573263405758322
9123	0	0.005137536123300867
9124	0	0
9125	0	0.014128224339077384
9126	0	0.016054800385315208
9127	0	0.010275072246601732
9128	0	0
9129	0	0.009846944236326661
9130	0	0.0008562560205501445
9131	0	0.018837632452103178
9132	0	0.002889864069356737
9133	0	0.0008562560205501445
9134	0	0.008562560205501444
9135	0	0.0014984480359627528
9136	0	0.00877662421063898
9137	0	0.05276677726640266
9138	0	0
9139	0	0.01755324842127796
9140	0	0.0014984480359627528
9141	0	0.004281280102750722
9142	0	0.01755324842127796
9143	0	0.10531949052766776
9144	0	0.010061008241464197
9145	0	0.03253772878090549
9146	0	0.2788183666916408
9147	0	0.003425024082200578
9148	0	0.010703200256876806
9149	0	0.10660387455849299
9150	0	0.001712512041100289
9151	0	0.0014984480359627528
9152	0	0.746227121909451
9153	0	0
9154	0	0.16739805201755326
9155	0	0.0025687680616504334
9156	0	0.011773520282564487
9157	0	0.03681900888365621
9158	0	0
9159	0	0.00042812801027507225
9160	0	0.0005351600128438403
9161	0	0.10938670662528097
9162	0	0.0005351600128438403
9163	0	0.024724392593385422
9164	0	0.017232152413571657
9165	0	0.03425024082200578
9166	0	0
9167	0	0.005137536123300867
9168	0	0
9169	0	0
9170	0	0.012522744300545861
9171	0	0.0006421920154126083
9172	0	0.00010703200256876806
9173	0	0.34999464839987154
9174	0	0.01862356844696564
9175	0	0.0006421920154126083
9176	0	0.3750401370009633
9177	0	0
9178	0	0.015412608369902601
9179	0	0.2329016375896393
9180	0	0
9181	0	0
9182	0	0.012843840308252166
9183	0	0.006743016161832387
9184	0	0.0006421920154126083
9185	0	0.003425024082200578
9186	0	0.00931178422348282
9187	0	0.0025687680616504334
9188	0	0.026115808626779407
9189	0	0
9190	0	0.004067216097613186
9191	0	0.00010703200256876806
9192	0	0.0010703200256876805
9193	0	0.0006421920154126083
9194	0	0.12758214706197152
9195	0	0.005779728138713475
9196	0	0.0693567376645617
9197	0	0.1464197795140747
9198	0	0.00385315209247565
9199	0	0.1316493631595847
9200	0	0.0998608583966606
9201	0	0.029112704698704913
9202	0	0.0023547040565128972
9203	0	0.004174248100181953
9204	0	0.0013914160333939848
9205	0	0.05105426522530236
9206	0	0.12715401905169646
9207	0	0.002247672053944129
9208	0	0.01048913625173927
9209	0	0.001712512041100289
9210	0	0.01316493631595847
9211	0	0.0005351600128438403
9212	0	0.20068500481644014
9213	0	0.005565664133575939
9214	0	0
9215	0	0.025687680616504335
9216	0	0.003639088087338114
9217	0	0.004495344107888258
9218	0	0.2772128866531093
9219	0	0.002247672053944129
9220	0	0.0012843840308252167
9221	0	0.0008562560205501445
9222	0	0
9223	0	0
9224	0	0.00042812801027507225
9225	0	0.0027828320667879695
9226	0	0.07320988975703735
9227	0	0.053944129294659096
9228	0	0.11431017874344429
9229	0	0.161511291876271
9230	0	0.11655785079738842
9231	0	0.0012843840308252167
9232	0	0.07577865781868778
9233	0	0
9234	0	0.00385315209247565
9235	0	0.1578722037889329
9236	0	0.05458632131007171
9237	0	0.0008562560205501445
9238	0	0
9239	0	0.0038531520924756503
9240	0	0.11142031467408753
9241	0	0.32238039173712946
9242	0	0.029968960719255058
9243	0	0.05276677726640266
9244	0	0.005565664133575939
9245	0	0.0023547040565128972
9246	0	0.008348496200363908
9247	0	0.014449320346783688
9248	0	0.27828320667879697
9249	0	0.0012843840308252167
9250	0	0
9251	0	0.3221663277319919
9252	0	0.0019265760462378251
9253	0	0.04270576902493846
9254	0	0.0048164401155945625
9255	0	0.0048164401155945625
9256	0	0.013486032323664774
9257	0	0.03253772878090549
9258	0	0.00032109600770630417
9259	0	0.0029968960719255057
9260	0	0.002247672053944129
9261	0	0.0029968960719255057
9262	0	0.004174248100181954
9263	0	0.001712512041100289
9264	0	0.005565664133575939
9265	0	0
9266	0	0.00042812801027507225
9267	0	0.023975168575404045
9268	0	0.37932141710371403
9269	0	0
9270	0	0.0012843840308252167
9271	0	0.07898961789575083
9272	0	0.018302472439259337
9273	0	0.30022476720539437
9274	0	0
9275	0	0.01712512041100289
9276	0	0.04366905704805737
9277	0	0.10596168254308037
9278	0	0.005137536123300867
9279	0	0.10703200256876806
9280	0	0.014770416354489993
9281	0	0.0013914160333939848
9282	0	0.14320881943701166
9283	0	0.016589960398159048
9284	0	0.04302686503264476
9285	0	0.09846944236326662
9286	0	0.01091726426201434
9287	0	0
9288	0	0.026115808626779407
9289	0	0.05276677726640266
9290	0	0.003210960077063042
9291	0	0.07620678582896286
9292	0	0.00010703200256876806
9293	0	0.00032109600770630417
9294	0	0.012415712297977095
9295	0	0.025152520603660494
9296	0	0.021192336508616072
9297	0	0.00385315209247565
9298	0	0.022476720539441292
9299	0	0.1444932034678369
9300	0	0.0023547040565128972
9301	0	0.00032109600770630417
9302	0	0.01712512041100289
9303	0	0.005458632131007171
9304	0	0
9305	0	0
9306	0	0.012843840308252166
9307	0	0.05276677726640266
9308	0	0
9309	0	0.1695386920689286
9310	0	0.0077063041849513
9311	0	0.012843840308252167
9312	0	0.004495344107888258
9313	0	0
9314	0	0.0008562560205501445
9315	0	0.026115808626779407
9316	0	0
9317	0	0
9318	0	0.002140640051375361
9319	0	0
9320	0	0.05276677726640266
9321	0	0.0035320560847693456
9322	0	0.01155945627742695
9323	0	0.015412608369902601
9324	0	0.021192336508616075
9325	0	0.00717114417210746
9326	0	0.011559456277426949
9327	0	0.04795033715080809
9328	0	0
9329	0	0
9330	0	0
9331	0	0.033179920796318096
9332	0	0.00032109600770630417
9333	0	0.03467836883228085
9334	0	0
9335	0	0.055014449320346784
9336	0	0
9337	0	0
9338	0	0.00021406400513753612
9339	0	0.0006421920154126083
9340	0	0.05276677726640266
9341	0	0.04366905704805737
9342	0	0.0025687680616504334
9343	0	0.00931178422348282
9344	0	0
9345	0	0.006421920154126083
9346	0	0.07866852188804452
9347	0	0.00010703200256876806
9348	0	0.008027400192657604
9349	0	0.01551964037247137
9350	0	0.004281280102750722
9351	0	0.06775125762603018
9352	0	0.00385315209247565
9353	0	0.002140640051375361
9354	0	0.00021406400513753612
9355	0	0.004495344107888258
9356	0	0.016696992400727816
9357	0	0.03917371294016911
9358	0	0.0077063041849513006
9359	0	0.001605480038531521
9360	0	0.004281280102750722
9361	0	0.05276677726640266
9362	0	0.05276677726640266
9363	0	0.08348496200363908
9364	0	0.008348496200363908
9365	0	0.017981376431553033
9366	0	0
9367	0	0.00010703200256876806
9368	0	0
9369	0	0.005779728138713475
9370	0	0.011131328267151878
9371	0	0.00032109600770630417
9372	0	0
9373	0	0.005565664133575939
9374	0	0.07620678582896286
9375	0	0.0008562560205501445
9376	0	0.01980092047522209
9377	0	0.08048806593171358
9378	0	0.0011773520282564486
9379	0	0
9380	0	0.014770416354489991
9381	0	0.3583431446002354
9382	0	0.0006421920154126083
9383	0	0.0014984480359627528
9384	0	0.1595847158300332
9385	0	0
9386	0	0.08059509793428235
9387	0	0
9388	0	0.0009632880231189126
9389	0	0.002247672053944129
9390	0	0.4880659317135824
9391	0	0.002889864069356737
9392	0	0.011773520282564487
9393	0	0.017767312426415497
9394	0	0.0005351600128438403
9395	0	0.0025687680616504334
9396	0	0.0009632880231189126
9397	0	0.0019265760462378251
9398	0	0
9399	0	0.023761104570266506
9400	0	0.002247672053944129
9401	0	0.016054800385315208
9402	0	0.0025687680616504334
9403	0	0.07342395376217489
9404	0	0.0014984480359627528
9405	0	0.015626672375040136
9406	0	0.07149737771593706
9407	0	0.007064112169538691
9408	0	0.17274965214599164
9409	0	0
9410	0	0
9411	0	0.05458632131007171
9412	0	0.016589960398159048
9413	0	0.0729958257518998
9414	0	0.0029968960719255057
9415	0	0.0038531520924756503
9416	0	0
9417	0	0.00042812801027507225
9418	0	0.005137536123300867
9419	0	0.286096542866317
9420	0	0.016589960398159048
9421	0	0.01766028042384673
9422	0	0.00021406400513753612
9423	0	0.004495344107888258
9424	0	0.010275072246601734
9425	0	0.0027828320667879695
9426	0	0.007278176174676228
9427	0	0.0032109600770630414
9428	0	0.023975168575404045
9429	0	0.029968960719255058
9430	0	0.07363801776731242
9431	0	0.00385315209247565
9432	0	0.008027400192657602
9433	0	0.0010703200256876805
9434	0	0.41528416996681994
9435	0	0.01873060044953441
9436	0	0.0009632880231189126
9437	0	0.13389703521352886
9438	0	0
9439	0	0
9440	0	0.032751792786043024
9441	0	0.014770416354489991
9442	0	0.016696992400727816
9443	0	0.00042812801027507225
9444	0	0.010703200256876806
9445	0	0.00021406400513753612
9446	0	0
9447	0	0.1605480038531521
9448	0	0
9449	0	0.01155945627742695
9450	0	0
9451	0	0
9452	0	0.008348496200363908
9453	0	0.020229048485497163
9454	0	0
9455	0	0
9456	0	0.5073316921759604
9457	0	0.15840736380177672
9458	0	0.00032109600770630417
9459	0	0.11398908273573799
9460	0	0.11773520282564487
9461	0	0.029968960719255058
9462	0	0.002247672053944129
9463	0	0.00042812801027507225
9464	0	0.0005351600128438403
9465	0	0.1624745798993899
9466	0	0.00042812801027507225
9467	0	0
9468	0	0.003425024082200578
9469	0	0.021085304506047307
9470	0	0.016054800385315208
9471	0	0.024724392593385422
9472	0	0
9473	0	0.13186342716472224
9474	0	0.016054800385315208
9475	0	0.0014984480359627528
9476	0	0.0005351600128438403
9477	0	0.015412608369902601
9478	0	0.0047094081130257944
9479	0	0.0008562560205501445
9480	0	0
9481	0	0.08027400192657605
9482	0	0.0032109600770630414
9483	0	0.005886760141282243
9484	0	0.0014984480359627528
9485	0	0.00032109600770630417
9486	0	0.00042812801027507225
9487	0	0.1078882585893182
9488	0	0.02269078454457883
9489	0	0.01155945627742695
9490	0	0
9491	0	0.0385315209247565
9492	0	0.006743016161832387
9493	0	0.02033608048806593
9494	0	0.0013914160333939848
9495	0	0.0008562560205501445
9496	0	0
9497	0	0.35705876056941027
9498	0	0.1608690998608584
9499	0	0.00010703200256876806
9500	0	0.0062078561489885475
9501	0	0.002247672053944129
9502	0	0.015412608369902601
9503	0	0.00010703200256876806
9504	0	0
9505	0	0.0005351600128438403
9506	0	0.0006421920154126083
9507	0	0.01648292839559028
9508	0	0.38734881729637166
9509	0	0.0012843840308252167
9510	0	0.0027828320667879695
9511	0	0.001926576046237825
9512	0	0
9513	0	0
9514	0	0.00021406400513753612
9515	0	0.009632880231189125
9516	0	0.0006421920154126083
9517	0	0.0025687680616504334
9518	0	0.03895964893503157
9519	0	0.00021406400513753612
9520	0	0.0014984480359627528
9521	0	0.005993792143851011
9522	0	0
9523	0	0.0008562560205501445
9524	0	0
9525	0	0.08252167398052018
9526	0	0
9527	0	0
9528	0	0.24799314995183555
9529	0	0.033393984801455626
9530	0	0.28416996682007917
9531	0	0.0025687680616504334
9532	0	0.016054800385315208
9533	0	0.004281280102750722
9534	0	0.0005351600128438403
9535	0	0.00010703200256876806
9536	0	0.01551964037247137
9537	0	0.00032109600770630417
9538	0	0.0025687680616504334
9539	0	0.012201648292839557
9540	0	0.02600877662421064
9541	0	0.002247672053944129
9542	0	0.0013914160333939848
9543	0	0.010703200256876806
9544	0	0.0014984480359627528
9545	0	0.017232152413571657
9546	0	0.002140640051375361
9547	0	0.0062078561489885475
9548	0	0.006957080166969924
9549	0	0.00042812801027507225
9550	0	0.0008562560205501445
9551	0	0.04420421706090121
9552	0	0.008027400192657604
9553	0	0.004495344107888258
9554	0	0.007278176174676228
9555	0	0.19319276463662635
9556	0	0
9557	0	0.02632987263191694
9558	0	0
9559	0	0.02183452852402868
9560	0	0.0382104249170502
9561	0	0.07834742588033822
9562	0	0.08701701808840843
9563	0	0
9564	0	0.0027828320667879695
9565	0	0
9566	0	0.02033608048806593
9567	0	0.5924221342181313
9568	0	0.006743016161832387
9569	0	0.03253772878090549
9570	0	0.027186128652467088
9571	0	0.02911270469870491
9572	0	0.004281280102750722
9573	0	0.01980092047522209
9574	0	0
9575	0	0
9576	0	0.11302579471261906
9577	0	0.045702665096863965
9578	0	0.0007492240179813764
9579	0	0
9580	0	0.11901958685647009
9581	0	0
9582	0	0.002140640051375361
9583	0	0
9584	0	0.0008562560205501445
9585	0	0.004816440115594562
9586	0	0.14128224339077383
9587	0	0.019693888472653322
9588	0	0.014770416354489991
9589	0	0.00385315209247565
9590	0	0.15573156373755753
9591	0	0.1624745798993899
9592	0	0.00042812801027507225
9593	0	0.023118912554853897
9594	0	0.005137536123300866
9595	0	0
9596	0	0.08905062613721502
9597	0	0.0025687680616504334
9598	0	0.04538156908915766
9599	0	0.027186128652467088
9600	0	0.00042812801027507225
9601	0	0.02643690463448571
9602	0	0
9603	0	0.0048164401155945625
9604	0	0.12244461093867066
9605	0	0
9606	0	0.0035320560847693456
9607	0	0.004174248100181954
9608	0	0.008562560205501444
9609	0	0.0007492240179813764
9610	0	0.0008562560205501445
9611	0	0.006850048164401156
9612	0	0.07535052980841271
9613	0	0.0010703200256876805
9614	0	0
9615	0	0.08316386599593278
9616	0	0.003639088087338114
9617	0	0.03788932890934389
9618	0	0.005137536123300867
9619	0	0.04334796104035106
9620	0	0.027828320667879696
9621	0	0.005137536123300866
9622	0	0
9623	0	0
9624	0	0
9625	0	0
9626	0	0.05351600128438403
9627	0	0.021085304506047307
9628	0	0.0038531520924756503
9629	0	0.027186128652467088
9630	0	0.03467836883228085
9631	0	0.00042812801027507225
9632	0	0
9633	0	0.0047094081130257944
9634	0	0
9635	0	0.18880445253130684
9636	0	0.012415712297977095
9637	0	0.0009632880231189126
9638	0	0.059937921438510115
9639	0	0
9640	0	0.07470833779300011
9641	0	0.00042812801027507225
9642	0	0.010703200256876806
9643	0	0.015412608369902601
9644	0	0.0007492240179813764
9645	0	0.00010703200256876806
9646	0	0.01370009632880231
9647	0	0
9648	0	0.027721288665310925
9649	0	0.00021406400513753612
9650	0	0.00032109600770630417
9651	0	0.11206250668950016
9652	0	0.3157444075778658
9653	0	0.00021406400513753612
9654	0	0.11142031467408753
9655	0	0
9656	0	0.0009632880231189126
9657	0	0.00385315209247565
9658	0	0.0539441292946591
9659	0	0.004067216097613186
9660	0	0.08284276998822648
9661	0	0
9662	0	0.28042384673017234
9663	0	0.002140640051375361
9664	0	0.05276677726640266
9665	0	0.08198651396767634
9666	0	0
9667	0	0.008990688215776517
9668	0	0.005779728138713474
9669	0	0
9670	0	0.001712512041100289
9671	0	0.020122016482928395
9672	0	0.001712512041100289
9673	0	0
9674	0	0
9675	0	0.015626672375040136
9676	0	0.0028898640693567376
9677	0	0.01990795247779086
9678	0	0.009846944236326661
9679	0	0.02643690463448571
9680	0	0.05801134539227229
9681	0	0.00010703200256876806
9682	0	0.025687680616504335
9683	0	0.3553462485283099
9684	0	0.00010703200256876806
9685	0	0.12372899496949588
9686	0	0.0077063041849513
9687	0	0.035534624852830994
9688	0	0.010596168254308038
9689	0	0.8123728994969497
9690	0	0.00032109600770630417
9691	0	0.005779728138713475
9692	0	0.03649791287594991
9693	0	0.001712512041100289
9694	0	0.0012843840308252167
9695	0	0
9696	0	0.007278176174676228
9697	0	0.0006421920154126083
9698	0	0.0008562560205501445
9699	0	0.09376003425024082
9700	0	0.03146740875521781
9701	0	0.0006421920154126083
9702	0	0
9703	0	0.00042812801027507225
9704	0	0.03746120089906882
9705	0	0
9706	0	0.0047094081130257944
9707	0	0.022476720539441292
9708	0	0.004923472118163331
9709	0	0.0007492240179813764
9710	0	0.009632880231189125
9711	0	0.00021406400513753612
9712	0	0.005779728138713474
9713	0	0.021085304506047307
9714	0	0.004281280102750722
9715	0	0.00021406400513753612
9716	0	0.01155945627742695
9717	0	0.05876056941025366
9718	0	0.021085304506047307
9719	0	0.0013914160333939848
9720	0	0.1514502836348068
9721	0	0
9722	0	0.026115808626779407
9723	0	0.021085304506047307
9724	0	0.001712512041100289
9725	0	0.005351600128438403
9726	0	0.00032109600770630417
9727	0	0
9728	0	0.0007492240179813764
9729	0	0.00042812801027507225
9730	0	0.007278176174676228
9731	0	0.01155945627742695
9732	0	0.0010703200256876805
9733	0	0.00717114417210746
9734	0	0.0012843840308252167
9735	0	0.008562560205501444
9736	0	0.004067216097613186
9737	0	0
9738	0	0
9739	0	0
9740	0	0.02483142459595419
9741	0	0.005886760141282243
9742	0	0.016268864390452744
9743	0	0.00032109600770630417
9744	0	0
9745	0	0.14181740340361768
9746	0	0.013486032323664776
9747	0	0
9748	0	0.0009632880231189126
9749	0	0.018302472439259337
9750	0	0.09151236219629669
9751	0	0.168896500053516
9752	0	0
9753	0	0
9754	0	0.00032109600770630417
9755	0	0.0019265760462378251
9756	0	0.0231189125548539
9757	0	0.005779728138713474
9758	0	0.0008562560205501445
9759	0	0.03403617681686824
9760	0	0
9761	0	0.00010703200256876806
9762	0	0.05265974526383388
9763	0	0.004495344107888258
9764	0	0
9765	0	0
9766	0	0.003210960077063042
9767	0	0.00385315209247565
9768	0	0.08348496200363908
9769	0	0.0009632880231189126
9770	0	0.0038531520924756503
9771	0	0.27293160655035853
9772	0	0.0048164401155945625
9773	0	0.0009632880231189126
9774	0	0.21748902921973667
9775	0	0.03403617681686824
9776	0	0.01327196831852724
9777	0	0.00010703200256876806
9778	0	0.005886760141282243
9779	0	0.017339184416140425
9780	0	0.0048164401155945625
9781	0	0.002247672053944129
9782	0	0.0009632880231189126
9783	0	0
9784	0	0
9785	0	0.00010703200256876806
9786	0	0.1155945627742695
9787	0	0.022155624531734988
9788	0	0.21299368511184844
9789	0	0
9790	0	0
9791	0	0
9792	0	0
9793	0	0
9794	0	0.0847693460344643
9795	0	0.0006421920154126083
9796	0	0
9797	0	0.012201648292839557
9798	0	0
9799	0	0.0385315209247565
9800	0	0
9801	0	0.00042812801027507225
9802	0	0
9803	0	0.05736915337685968
9804	0	0.00010703200256876806
9805	0	0.10446323450711763
9806	0	0.008990688215776517
9807	0	0.00385315209247565
9808	0	0.0025687680616504334
9809	0	0.0006421920154126083
9810	0	0.09632880231189125
9811	0	0
9812	0	0.001605480038531521
9813	0	0
9814	0	0.0047094081130257944
9815	0	0.2862035748688858
9816	0	0.004174248100181954
9817	0	0.0010703200256876805
9818	0	0.001712512041100289
9819	0	0.044953441078882585
9820	0	0.006850048164401156
9821	0	0.00032109600770630417
9822	0	0.004174248100181954
9823	0	0
9824	0	0.0006421920154126083
9825	0	0.01990795247779086
9826	0	0.005351600128438403
9827	0	0.03649791287594991
9828	0	0.28524028684576685
9829	0	0.026222840629348175
9830	0	0.0010703200256876805
9831	0	0.013486032323664774
9832	0	0.0012843840308252167
9833	0	0.0308252167398052
9834	0	0.0012843840308252167
9835	0	0.21406400513753612
9836	0	0.001605480038531521
9837	0	0.003639088087338114
9838	0	0.0025687680616504334
9839	0	0.012415712297977095
9840	0	0.0029968960719255057
9841	0	0
9842	0	0.021192336508616075
9843	0	0.0077063041849513
9844	0	0.053301937279246495
9845	0	0.026222840629348175
9846	0	0.01926576046237825
9847	0	0.0008562560205501445
9848	0	0
9849	0	0
9850	0	0.19479824467515786
9851	0	0.0005351600128438403
9852	0	0.04195654500695708
9853	0	0.1460986835063684
9854	0	0.14064005137536123
9855	0	0.0006421920154126083
9856	0	0
9857	0	0.11334689072032539
9858	0	0
9859	0	0.02632987263191694
9860	0	0.011131328267151878
9861	0	0.033822112811730705
9862	0	0.011987584287702023
9863	0	0.0008562560205501445
9864	0	0.0005351600128438403
9865	0	0.07577865781868778
9866	0	0
9867	0	0.0005351600128438403
9868	0	0.012415712297977095
9869	0	0.022797816547147597
9870	0	0.02643690463448571
9871	0	0
9872	0	0.0006421920154126083
9873	0	0.08155838595740127
9874	0	0.0014984480359627528
9875	0	0.0006421920154126083
9876	0	0.002140640051375361
9877	0	0
9878	0	0.00042812801027507225
9879	0	0.012522744300545861
9880	0	0.006850048164401156
9881	0	0
9882	0	0.01990795247779086
9883	0	0
9884	0	0
9885	0	0.32816011987584287
9886	0	0
9887	0	0.17050198009204748
9888	0	0.01990795247779086
9889	0	0.010703200256876806
9890	0	0
9891	0	0.011559456277426949
9892	0	0.005886760141282243
9893	0	0.12201648292839559
9894	0	0.0017125120411002888
9895	0	0.021085304506047307
9896	0	0.001605480038531521
9897	0	0.0408862249812694
9898	0	0.0014984480359627528
9899	0	0.001712512041100289
9900	0	0.004923472118163331
9901	0	0.005565664133575939
9902	0	0
9903	0	0
9904	0	0.0009632880231189126
9905	0	0.0008562560205501445
9906	0	0.1907310285775447
9907	0	0.00385315209247565
9908	0	0.032109600770630416
9909	0	0.009846944236326661
9910	0	0.024403296585679114
9911	0	0.17167933212030395
9912	0	0.0005351600128438403
9913	0	0.00995397623889543
9914	0	0.013057904313389703
9915	0	0.00042812801027507225
9916	0	0.014770416354489991
9917	0	0.009632880231189125
9918	0	0.02033608048806593
9919	0	0.0061008241464197786
9920	0	0
9921	0	0.008348496200363908
9922	0	0.017981376431553033
9923	0	0.008027400192657604
9924	0	0.00010703200256876806
9925	0	0.00010703200256876806
9926	0	0
9927	0	0.08048806593171358
9928	0	0.0012843840308252167
9929	0	0.07385208177244995
9930	0	0
9931	0	0.0012843840308252167
9932	0	0.006743016161832387
9933	0	0.0006421920154126083
9934	0	0.0008562560205501445
9935	0	0.009632880231189125
9936	0	0.02087124050090977
9937	0	0.04366905704805737
9938	0	0.026115808626779407
9939	0	0
9940	0	0.0006421920154126083
9941	0	0.4045809697099433
9942	0	0.01990795247779086
9943	0	0.015091512362196295
9944	0	0.0077063041849513
9945	0	0.0025687680616504334
9946	0	0.07385208177244995
9947	0	0.008990688215776517
9948	0	0.0006421920154126083
9949	0	0.008027400192657604
9950	0	0.025045488601091726
9951	0	0.023118912554853897
9952	0	0.008027400192657604
9953	0	0.0005351600128438403
9954	0	0.1303649791287595
9955	0	0.11366798672803168
9956	0	0.008990688215776517
9957	0	0
9958	0	0.05276677726640266
9959	0	0.0014984480359627528
9960	0	0.00663598415926362
9961	0	0.0007492240179813764
9962	0	0.03339398480145563
9963	0	0.1326126511827036
9964	0	0.008562560205501444
9965	0	0.0014984480359627528
9966	0	0.016054800385315208
9967	0	0
9968	0	0.005565664133575939
9969	0	0.05276677726640266
9970	0	0
9971	0	0.32816011987584287
9972	0	0
9973	0	0.08894359413464625
9974	0	0
9975	0	0.10275072246601734
9976	0	0
9977	0	0.013271968318527238
9978	0	0.2735737985657712
9979	0	0.004281280102750722
9980	0	0.007278176174676228
9981	0	0
9982	0	0.005993792143851011
9983	0	0.05276677726640266
9984	0	0
9985	0	0.4210638981055336
9986	0	0.00032109600770630417
9987	0	0.005779728138713475
9988	0	0.0010703200256876805
9989	0	0.11345392272289415
9990	0	0
9991	0	0.07920368190088836
9992	0	0.005779728138713475
9993	0	0.01048913625173927
9994	0	0.003210960077063042
9995	0	0.5746548217917157
9996	0	0.08830140211923365
9997	0	0.006635984159263619
9998	0	0.1370009632880231
9999	0	0.010168040244032965
10000	0	0.005351600128438403
10001	0	0.11077812265867495
10002	0	0.23921652574119662
10003	0	0.004067216097613186
10004	0	0.0008562560205501445
10005	0	0.01712512041100289
10006	0	0.0008562560205501445
10007	0	0.05265974526383388
10008	0	0
10009	0	0.0017125120411002888
10010	0	0
10011	0	0.008669592208070212
10012	0	0.0034250240822005775
10013	0	0.0009632880231189126
10014	0	0.007278176174676228
10015	0	0.06678796960291127
10016	0	0.005458632131007171
10017	0	0.04174248100181954
10018	0	0
10019	0	0
10020	0	0.05276677726640266
10021	0	0.021085304506047307
10022	0	0.025259552606229262
10023	0	0.0025687680616504334
10024	0	0.007064112169538691
10025	0	0.09076313817831531
10026	0	0
10027	0	0.03532056084769346
10028	0	0.00032109600770630417
10029	0	0
10030	0	0
10031	0	0
10032	0	0.0038531520924756503
10033	0	0.011773520282564487
10034	0	0.005779728138713475
10035	0	0.023332976559991437
10036	0	0.028684576688429837
10037	0	0
10038	0	0.028898640693567373
10039	0	0.004067216097613186
10040	0	0.15326982767847586
10041	0	0.0032109600770630414
10042	0	0.091833458204003
10043	0	0.1618323878839773
10044	0	0.009418816226051589
10045	0	0.015412608369902601
10046	0	0.009846944236326661
10047	0	0.00021406400513753612
10048	0	0.0035320560847693456
10049	0	0.03532056084769346
10050	0	0.00042812801027507225
10051	0	0
10052	0	0.05415819329979664
10053	0	0
10054	0	0.05480038531520925
10055	0	0.05298084127154019
10056	0	0.003210960077063042
10057	0	0.00021406400513753612
10058	0	0.00010703200256876806
10059	0	0.013807128331371078
10060	0	0.03692604088622498
10061	0	0.0012843840308252167
10062	0	0.06796532163116772
10063	0	0
10064	0	0
10065	0	0.3580220485925292
10066	0	0.0010703200256876805
10067	0	0.001712512041100289
10068	0	0.00021406400513753612
10069	0	0.016589960398159048
10070	0	0
10071	0	0
10072	0	0.03425024082200578
10073	0	0.018302472439259337
10074	0	0
10075	0	0.016589960398159048
10076	0	0
10077	0	0.11816333083591993
10078	0	0.00042812801027507225
10079	0	0.026115808626779407
10080	0	0.20871240500909768
10081	0	0
10082	0	0.008027400192657604
10083	0	0.0014984480359627528
10084	0	0.012843840308252167
10085	0	0.08380605801134539
10086	0	0
10087	0	0.1611901958685647
10088	0	0.01155945627742695
10089	0	0.0027828320667879695
10090	0	0.001926576046237825
10091	0	0.08637482607299582
10092	0	0
10093	0	0.016589960398159048
10094	0	0.0008562560205501445
10095	0	0.0010703200256876805
10096	0	0.03146740875521781
10097	0	0
10098	0	0.004923472118163331
10099	0	0
10100	0	0.01434228834421492
10101	0	0.04923472118163331
10102	0	0.0027828320667879695
10103	0	0.00042812801027507225
10104	0	0
10105	0	0
10106	0	0.12137429091298298
10107	0	0.011345392272289414
10108	0	0
10109	0	0.00021406400513753612
10110	0	0.03649791287594991
10111	0	0.0025687680616504334
10112	0	0.0027828320667879695
10113	0	0
10114	0	0.0028898640693567376
10115	0	0.20389596489350315
10116	0	0.00010703200256876806
10117	0	0.036604944878518675
10118	0	0.03906668093760034
10119	0	0.09611473830675372
10120	0	0.15155731563737557
10121	0	0.005779728138713475
10122	0	0.0006421920154126083
10123	0	0.012629776303114631
10124	0	0
10125	0	0.006957080166969924
10126	0	0.31949052766777264
10127	0	0.01155945627742695
10128	0	0
10129	0	0.04334796104035106
10130	0	0.18398801241571228
10131	0	0.00032109600770630417
10132	0	0.005779728138713475
10133	0	0
10134	0	0.08616076206785829
10135	0	0.014770416354489993
10136	0	0.0023547040565128972
10137	0	0.014770416354489991
10138	0	0.004067216097613186
10139	0	0
10140	0	0.10703200256876806
10141	0	0.004495344107888258
10142	0	0.02643690463448571
10143	0	0.03467836883228085
10144	0	0.011131328267151878
10145	0	0.0032109600770630414
10146	0	0.2703628384887081
10147	0	0.008669592208070212
10148	0	0.006850048164401156
10149	0	0.11174141068179386
10150	0	0.11131328267151878
10151	0	0
10152	0	0
10153	0	0.008990688215776517
10154	0	0.03467836883228085
10155	0	0
10156	0	0.10574761853794284
10157	0	0
10158	0	0.00021406400513753612
10159	0	0.001712512041100289
10160	0	0.0025687680616504334
10161	0	0.005565664133575939
10162	0	0.004495344107888258
10163	0	0.014449320346783687
10164	0	0.0025687680616504334
10165	0	0.00032109600770630417
10166	0	0.0028898640693567376
10167	0	0
10168	0	0.0010703200256876805
10169	0	0.0016054800385315207
10170	0	0.06357700952584823
10171	0	0
10172	0	0.002247672053944129
10173	0	0.0038531520924756503
10174	0	0.0010703200256876805
10175	0	0.00021406400513753612
10176	0	0.03467836883228085
10177	0	0.0014984480359627528
10178	0	0.06614577758749866
10179	0	0.0006421920154126083
10180	0	0.003210960077063042
10181	0	0
10182	0	0.002247672053944129
10183	0	0.005779728138713475
10184	0	0.00032109600770630417
10185	0	0
10186	0	0.02643690463448571
10187	0	0
10188	0	0.010703200256876806
10189	0	0.003210960077063042
10190	0	0
10191	0	0
10192	0	0.005565664133575939
10193	0	0
10194	0	0.004281280102750722
10195	0	0.0729958257518998
10196	0	0.00032109600770630417
10197	0	0.0032109600770630414
10198	0	0.0077063041849513
10199	0	0.0027828320667879695
10200	0	0.0014984480359627528
10201	0	0.022155624531734988
10202	0	0.06154340147704163
10203	0	0
10204	0	0.0038531520924756503
10205	0	0
10206	0	0.0006421920154126083
10207	0	0.00021406400513753612
10208	0	0
10209	0	0
10210	0	0.09697099432730386
10211	0	0
10212	0	0.0073852081772449955
10213	0	0.00010703200256876806
10214	0	0
10215	0	0
10216	0	0.0005351600128438403
10217	0	0.00877662421063898
10218	0	0.004923472118163331
10219	0	0.09846944236326662
10220	0	0.011238360269720646
10221	0	0
10222	0	0.05276677726640266
10223	0	0.17242855613828537
10224	0	0.07449427378786257
10225	0	0.0029968960719255057
10226	0	0.008990688215776517
10227	0	0.005137536123300867
10228	0	0
10229	0	0
10230	0	0.0014984480359627528
10231	0	0.006421920154126084
10232	0	0.001712512041100289
10233	0	0.012415712297977095
10234	0	0.00010703200256876806
10235	0	0.0006421920154126083
10236	0	0.015626672375040136
10237	0	0.0019265760462378251
10238	0	0.021834528524028684
10239	0	0.02033608048806593
10240	0	0.001926576046237825
10241	0	0.023440008562560205
10242	0	0
10243	0	0.0010703200256876805
10244	0	0
10245	0	0.2423204538156909
10246	0	0.00021406400513753612
10247	0	0.16911056405865352
10248	0	0.0029968960719255057
10249	0	0.006850048164401155
10250	0	0.04302686503264476
10251	0	0.02269078454457883
10252	0	0.00385315209247565
10253	0	0.03788932890934389
10254	0	0.19907952477790858
10255	0	0.011880552285133255
10256	0	0.006850048164401155
10257	0	0.009846944236326661
10258	0	0.33522423204538154
10259	0	0.2626565343037568
10260	0	0.0006421920154126083
10261	0	0.0013914160333939848
10262	0	0.013914160333939848
10263	0	0.0077063041849513006
10264	0	0.001712512041100289
10265	0	0.024617360590816654
10266	0	0.00032109600770630417
10267	0	0.0385315209247565
10268	0	0
10269	0	0.029112704698704913
10270	0	0.001926576046237825
10271	0	0.08198651396767634
10272	0	0.0017125120411002888
10273	0	0.00042812801027507225
10274	0	0.002140640051375361
10275	0	0.0008562560205501445
10276	0	0.009418816226051589
10277	0	0.24082200577972815
10278	0	0
10279	0	0.005993792143851011
10280	0	0
10281	0	0.0016054800385315207
10282	0	0.10703200256876806
10283	0	0.15926361982232687
10284	0	0.006743016161832387
10285	0	0.0032109600770630414
10286	0	0.00042812801027507225
10287	0	0.00042812801027507225
10288	0	0.054372257304934175
10289	0	0
10290	0	0.09440222626565342
10291	0	0.0382104249170502
10292	0	0.07342395376217489
10293	0	0.013379000321096008
10294	0	0.027186128652467088
10295	0	0.03649791287594991
10296	0	0
10297	0	0.2037889328909344
10298	0	0
10299	0	0
10300	0	0.0006421920154126083
10301	0	0.0010703200256876805
10302	0	0.0462378251097078
10303	0	0.0007492240179813764
10304	0	0.0010703200256876805
10305	0	0
10306	0	0.11516643476399444
10307	0	0.008027400192657604
10308	0	0.002140640051375361
10309	0	0
10310	0	0
10311	0	0.029540832708979982
10312	0	0.01648292839559028
10313	0	0.0014984480359627528
10314	0	0.0012843840308252167
10315	0	0.0012843840308252167
10316	0	0.041528416996682006
10317	0	0.00042812801027507225
10318	0	0.0012843840308252167
10319	0	0.006100824146419779
10320	0	0.31338970352135287
10321	0	0.10617574654821792
10322	0	0
10323	0	0.16632773199186557
10324	0	0.0006421920154126083
10325	0	0.0025687680616504334
10326	0	0.0035320560847693456
10327	0	0
10328	0	0.00545863213100717
10329	0	0.002140640051375361
10330	0	0
10331	0	0
10332	0	0.00010703200256876806
10333	0	0.00021406400513753612
10334	0	0.002140640051375361
10335	0	0.0010703200256876805
10336	0	0.0006421920154126083
10337	0	0.238574333725784
10338	0	0.10617574654821792
10339	0	0.014770416354489991
10340	0	0.1634378679225088
10341	0	0.009418816226051589
10342	0	0.0007492240179813764
10343	0	0.0008562560205501445
10344	0	0.003425024082200578
10345	0	0
10346	0	0.01434228834421492
10347	0	0.0010703200256876805
10348	0	0.0048164401155945625
10349	0	0
10350	0	0
10351	0	0.0005351600128438403
10352	0	0.05972385743337258
10353	0	0.06229262549502301
10354	0	0.001605480038531521
10355	0	0.0005351600128438403
10356	0	0.0009632880231189126
10357	0	0.0005351600128438403
10358	0	0.07898961789575083
10359	0	0.0025687680616504334
10360	0	0.0010703200256876805
10361	0	0.1611901958685647
10362	0	0.00663598415926362
10363	0	0.001926576046237825
10364	0	0.0010703200256876805
10365	0	0
10366	0	0
10367	0	0.4837846516108317
10368	0	0
10369	0	0.014770416354489993
10370	0	0.005779728138713475
10371	0	0.0032109600770630414
10372	0	0.0005351600128438403
10373	0	0.056084769346034465
10374	0	0.00010703200256876806
10375	0	0.001605480038531521
10376	0	0.001926576046237825
10377	0	0.0012843840308252167
10378	0	0
10379	0	0.00032109600770630417
10380	0	0.003210960077063042
10381	0	0.03232366477576795
10382	0	0.01316493631595847
10383	0	0
10384	0	0.012843840308252167
10385	0	0.0014984480359627528
10386	0	0.011880552285133255
10387	0	0
10388	0	0
10389	0	0
10390	0	0.00032109600770630417
10391	0	0
10392	0	0.0462378251097078
10393	0	0
10394	0	0.2603018302472439
10395	0	0.0025687680616504334
10396	0	0.026222840629348175
10397	0	0.0006421920154126083
10398	0	0.21663277319918653
10399	0	0.00010703200256876806
10400	0	0.0006421920154126083
10401	0	0.314245959541903
10402	0	0
10403	0	0.021192336508616075
10404	0	0.0006421920154126083
10405	0	0.005779728138713475
10406	0	0
10407	0	0
10408	0	0.02376110457026651
10409	0	0
10410	0	0.002140640051375361
10411	0	0.044953441078882585
10412	0	0.050090977202183445
10413	0	0.0048164401155945625
10414	0	0.005565664133575939
10415	0	0.007278176174676228
10416	0	0
10417	0	0.07363801776731242
10418	0	0.43679760248314237
10419	0	0.0010703200256876805
10420	0	0
10421	0	0.026972064647329548
10422	0	0.22091405330193725
10423	0	0.27293160655035853
10424	0	0
10425	0	0.10638981055335546
10426	0	0.0077063041849513
10427	0	0.0025687680616504334
10428	0	0.0008562560205501445
10429	0	0.10360697848656748
10430	0	0.0007492240179813764
10431	0	0
10432	0	0.0027828320667879695
10433	0	0.0028898640693567376
10434	0	0.011131328267151878
10435	0	0.22316172535588139
10436	0	0
10437	0	0.26918548646045165
10438	0	0.008562560205501444
10439	0	0.003425024082200578
10440	0	0
10441	0	0
10442	0	0.004067216097613186
10443	0	0.12629776303114632
10444	0	0.01990795247779086
10445	0	0.08048806593171358
10446	0	0.007492240179813764
10447	0	0.02643690463448571
10448	0	0
10449	0	0.00010703200256876806
10450	0	0
10451	0	0.00032109600770630417
10452	0	0.0025687680616504334
10453	0	0.00021406400513753612
10454	0	0
10455	0	0.02536658460879803
10456	0	0.0006421920154126083
10457	0	0.07385208177244997
10458	0	0.10767419458418068
10459	0	0.01990795247779086
10460	0	0.04848549716365193
10461	0	0
10462	0	0
10463	0	0.0010703200256876805
10464	0	0.3788932890934389
10465	0	0.001605480038531521
10466	0	0.00042812801027507225
10467	0	0.00042812801027507225
10468	0	0.02943380070641121
10469	0	0.03446430482714331
10470	0	0.002140640051375361
10471	0	0.0006421920154126083
10472	0	0.0029968960719255057
10473	0	0.027721288665310925
10474	0	0
10475	0	0.05276677726640266
10476	0	0.0014984480359627528
10477	0	0.01990795247779086
10478	0	0.0009632880231189126
10479	0	0.015198544364765065
10480	0	0.11088515466124371
10481	0	0.003425024082200578
10482	0	0.03339398480145563
10483	0	0.09151236219629669
10484	0	0.2772128866531093
10485	0	0.021085304506047307
10486	0	0.0010703200256876805
10487	0	0
10488	0	0
10489	0	0.0012843840308252167
10490	0	0.00010703200256876806
10491	0	0.00042812801027507225
10492	0	0
10493	0	0.03724713689393128
10494	0	0.02643690463448571
10495	0	0.021085304506047307
10496	0	0
10497	0	0.00663598415926362
10498	0	0
10499	0	0.03103928074494274
10500	0	0.0010703200256876805
10501	0	0
10502	0	0.0014984480359627528
10503	0	0
10504	0	0.03296585679118056
10505	0	0
10506	0	0.00010703200256876806
10507	0	0.33458204002996894
10508	0	0
10509	0	0.0006421920154126083
10510	0	0.021085304506047307
10511	0	0.0014984480359627528
10512	0	0.009204752220914053
10513	0	0
10514	0	0.00545863213100717
10515	0	0.08573263405758322
10516	0	0.027186128652467088
10517	0	0.0385315209247565
10518	0	0.004281280102750722
10519	0	0.00385315209247565
10520	0	0.10339291448142995
10521	0	0
10522	0	0
10523	0	0.0017125120411002888
10524	0	0.00010703200256876806
10525	0	0.016589960398159048
10526	0	0.00010703200256876806
10527	0	0
10528	0	0
10529	0	0.0019265760462378251
10530	0	0.0008562560205501445
10531	0	0.002889864069356737
10532	0	0.091833458204003
10533	0	0.04002996896071925
10534	0	0.05694102536658461
10535	0	0.08123728994969495
10536	0	0.3365086160762068
10537	0	0.0035320560847693456
10538	0	0.0013914160333939848
10539	0	0.0028898640693567376
10540	0	0.0025687680616504334
10541	0	0.026115808626779407
10542	0	0.001605480038531521
10543	0	0.002140640051375361
10544	0	0.10703200256876806
10545	0	0
10546	0	0.009846944236326661
10547	0	0.2517392700417425
10548	0	0.0008562560205501445
10549	0	0
10550	0	0.0005351600128438403
10551	0	0
10552	0	0.006100824146419779
10553	0	0
10554	0	0.004281280102750722
10555	0	0.05276677726640266
10556	0	0.03724713689393128
10557	0	0.009632880231189125
10558	0	0.00021406400513753612
10559	0	0.00010703200256876806
10560	0	0
10561	0	0.002140640051375361
10562	0	0
10563	0	0.004281280102750722
10564	0	0
10565	0	0.05373006528952157
10566	0	0.005137536123300867
10567	0	0
10568	0	0.0009632880231189126
10569	0	0.006743016161832387
10570	0	0.01990795247779086
10571	0	0.14556352349352455
10572	0	0.0029968960719255057
10573	0	0.00010703200256876806
10574	0	0.006421920154126084
10575	0	0.005565664133575939
10576	0	0.0005351600128438403
10577	0	0
10578	0	0.02033608048806593
10579	0	0
10580	0	0.016054800385315208
10581	0	0.05276677726640266
10582	0	0
10583	0	0.005565664133575939
10584	0	0.005137536123300867
10585	0	0.005993792143851011
10586	0	0.0029968960719255057
10587	0	0.1390345713368297
10588	0	0.004067216097613186
10589	0	0
10590	0	0.10746013057904313
10591	0	0.0034250240822005775
10592	0	0.00042812801027507225
10593	0	0.002140640051375361
10594	0	0.001712512041100289
10595	0	0.056084769346034465
10596	0	0.14834635556031253
10597	0	0.0014984480359627528
10598	0	0.01990795247779086
10599	0	0.03339398480145563
10600	0	0.0017125120411002888
10601	0	0.003425024082200578
10602	0	0.23632666167183985
10603	0	0.0010703200256876805
10604	0	0.005886760141282243
10605	0	0
10606	0	0.15830033179920794
10607	0	0
10608	0	0
10609	0	0.014770416354489993
10610	0	0.006850048164401155
10611	0	0.013486032323664774
10612	0	0.03146740875521781
10613	0	0
10614	0	0.006850048164401156
10615	0	0.00042812801027507225
10616	0	0.00021406400513753612
10617	0	0.008990688215776517
10618	0	0.08187948196510757
10619	0	0
10620	0	0
10621	0	0.012843840308252166
10622	0	0.03532056084769346
10623	0	0.00021406400513753612
10624	0	0.0010703200256876805
10625	0	0.004067216097613186
10626	0	0.0012843840308252167
10627	0	0.005779728138713474
10628	0	0
10629	0	0.001926576046237825
10630	0	0.021085304506047307
10631	0	0
10632	0	0
10633	0	0
10634	0	0.00021406400513753612
10635	0	0.0006421920154126083
10636	0	0.06518248956437975
10637	0	0.11645081879481965
10638	0	0.013486032323664774
10639	0	0.0010703200256876805
10640	0	0.00021406400513753612
10641	0	0.054372257304934175
10642	0	0
10643	0	0.0008562560205501445
10644	0	0.004174248100181954
10645	0	0.12233757893610188
10646	0	0.0005351600128438403
10647	0	0.0032109600770630414
10648	0	0.029968960719255058
10649	0	0.02033608048806593
10650	0	0.13229155517499733
10651	0	0.012415712297977095
10652	0	0.10638981055335546
10653	0	0.32537728780905495
10654	0	0
10655	0	0.013486032323664774
10656	0	0.33115701594776836
10657	0	0.0016054800385315207
10658	0	0.0010703200256876805
10659	0	0.004495344107888258
10660	0	0.07995290591886975
10661	0	0.00021406400513753612
10662	0	0.00021406400513753612
10663	0	0.04923472118163331
10664	0	0.053301937279246495
10665	0	0.0008562560205501445
10666	0	0.016054800385315208
10667	0	0.003425024082200578
10668	0	0.008990688215776517
10669	0	0.00010703200256876806
10670	0	0
10671	0	0.009204752220914053
10672	0	0.053301937279246495
10673	0	0.08220057797281387
10674	0	0
10675	0	0.05137536123300866
10676	0	0.025045488601091723
10677	0	0.01316493631595847
10678	0	0
10679	0	0
10680	0	0.004174248100181954
10681	0	0.05276677726640266
10682	0	0.0035320560847693456
10683	0	0.00032109600770630417
10684	0	0.001712512041100289
10685	0	0.011773520282564487
10686	0	0.0010703200256876805
10687	0	0.0006421920154126083
10688	0	0.02033608048806593
10689	0	0.0010703200256876805
10690	0	0.0029968960719255057
10691	0	0.01155945627742695
10692	0	0.017981376431553033
10693	0	0.0014984480359627528
10694	0	0.011880552285133255
10695	0	0
10696	0	0.001926576046237825
10697	0	0.44311249063469976
10698	0	0.0006421920154126083
10699	0	0.012843840308252167
10700	0	0
10701	0	0
10702	0	0
10703	0	0.05608476934603446
10704	0	0
10705	0	0.0007492240179813764
10706	0	0.0036390880873381137
10707	0	0.017339184416140425
10708	0	0.0012843840308252167
10709	0	0.004281280102750722
10710	0	0
10711	0	0
10712	0	0
10713	0	0.00010703200256876806
10714	0	0.11174141068179386
10715	0	0.28095900674301616
10716	0	0.0154126083699026
10717	0	0.002140640051375361
10718	0	0.0009632880231189126
10719	0	0.043883121053194904
10720	0	0.002247672053944129
10721	0	0.00032109600770630417
10722	0	0
10723	0	0.16022690784544577
10724	0	0.00032109600770630417
10725	0	0.0035320560847693456
10726	0	0.01926576046237825
10727	0	0
10728	0	0.00032109600770630417
10729	0	0.007278176174676228
10730	0	0.0014984480359627528
10731	0	0.14930964358343146
10732	0	0.00021406400513753612
10733	0	0
10734	0	0.007064112169538691
10735	0	0.021085304506047307
10736	0	0
10737	0	0.01701808840843412
10738	0	0
10739	0	0
10740	0	0.053301937279246495
10741	0	0
10742	0	0.0010703200256876805
10743	0	0
10744	0	0.005565664133575939
10745	0	0.005458632131007171
10746	0	0.03649791287594991
10747	0	0
10748	0	0.00010703200256876806
10749	0	0.07342395376217489
10750	0	0.00010703200256876806
10751	0	0.002140640051375361
10752	0	0.0006421920154126083
10753	0	0
10754	0	0.021085304506047307
10755	0	0
10756	0	0
10757	0	0
10758	0	0.023547040565128973
10759	0	0.00010703200256876806
10760	0	0.0005351600128438403
10761	0	0.002140640051375361
10762	0	0
10763	0	0.009418816226051589
10764	0	0.00931178422348282
10765	0	0.00032109600770630417
10766	0	0.154126083699026
10767	0	0.0014984480359627528
10768	0	0.08937172214492133
10769	0	0
10770	0	0.05351600128438403
10771	0	0
10772	0	0
10773	0	0.01584073638017767
10774	0	0.0025687680616504334
10775	0	0
10776	0	0.027614256662742157
10777	0	0.010703200256876804
10778	0	0.00545863213100717
10779	0	0.0008562560205501445
10780	0	0.0009632880231189126
10781	0	0.005137536123300867
10782	0	0.022476720539441292
10783	0	0.00021406400513753612
10784	0	0.0073852081772449955
10785	0	0
10786	0	0
10787	0	0.00010703200256876806
10788	0	0
10789	0	0
10790	0	0.00021406400513753612
10791	0	0.00032109600770630417
10792	0	0.00021406400513753612
10793	0	0.036604944878518675
10794	0	0.03339398480145563
10795	0	0.022476720539441292
10796	0	0.01584073638017767
10797	0	0.016589960398159048
10798	0	0
10799	0	0.016268864390452744
10800	0	0
10801	0	0.006421920154126084
10802	0	0.0729958257518998
10803	0	0
10804	0	0.004174248100181954
10805	0	0.03970887295301295
10806	0	0
10807	0	0
10808	0	0
10809	0	0.00385315209247565
10810	0	0
10811	0	0.003425024082200578
10812	0	0
10813	0	0.0008562560205501445
10814	0	0.0006421920154126083
10815	0	0
10816	0	0.00010703200256876806
10817	0	0.010275072246601734
10818	0	0.00032109600770630417
10819	0	0.05415819329979664
10820	0	0.14128224339077383
10821	0	0
10822	0	0.0009632880231189126
10823	0	0
10824	0	0.0005351600128438403
10825	0	0.0005351600128438403
10826	0	0.018409504441828105
10827	0	0.00021406400513753612
10828	0	0.0010703200256876805
10829	0	0.00010703200256876806
10830	0	0.0012843840308252167
10831	0	0.00042812801027507225
10832	0	0.0062078561489885475
10833	0	0.0023547040565128972
10834	0	0.008027400192657604
10835	0	0
10836	0	0.040458096970994326
10837	0	0.00021406400513753612
10838	0	0.004495344107888258
10839	0	0.3243069677833672
10840	0	0.0729958257518998
10841	0	0
10842	0	0.0006421920154126083
10843	0	0.11859145884619501
10844	0	0.008348496200363908
10845	0	0.0048164401155945625
10846	0	0
10847	0	0
10848	0	0.02033608048806593
10849	0	0
10850	0	0.02643690463448571
10851	0	0.00042812801027507225
10852	0	0.0012843840308252167
10853	0	0.02183452852402868
10854	0	0.08573263405758322
10855	0	0.0025687680616504334
10856	0	0
10857	0	0.011987584287702023
10858	0	0.0025687680616504334
10859	0	0.00032109600770630417
10860	0	0.032109600770630416
10861	0	0.00663598415926362
10862	0	0
10863	0	0
10864	0	0.00010703200256876806
10865	0	0.07931071390345713
10866	0	0.0025687680616504334
10867	0	0.01990795247779086
10868	0	0.24371186984908486
10869	0	0.0005351600128438403
10870	0	0.19533340468800173
10871	0	0.03532056084769346
10872	0	0.05276677726640266
10873	0	0
10874	0	0.0011773520282564486
10875	0	0.0008562560205501445
10876	0	0.001712512041100289
10877	0	0.0008562560205501445
10878	0	0
10879	0	0.04441828106603874
10880	0	0.00032109600770630417
10881	0	0.025045488601091723
10882	0	0.0019265760462378251
10883	0	0.2346141496307396
10884	0	0.00010703200256876806
10885	0	0.0009632880231189126
10886	0	0.21320774911698592
10887	0	0
10888	0	0.15198544364765065
10889	0	0.003425024082200578
10890	0	0.005137536123300867
10891	0	0.00010703200256876806
10892	0	0.012522744300545861
10893	0	0.06764422562346141
10894	0	0.01648292839559028
10895	0	0.014770416354489991
10896	0	0.0005351600128438403
10897	0	0
10898	0	0
10899	0	0.00385315209247565
10900	0	0.13528845124692282
10901	0	0
10902	0	0
10903	0	0.00021406400513753612
10904	0	0.00663598415926362
10905	0	0.001605480038531521
10906	0	0.0006421920154126083
10907	0	0.03649791287594991
10908	0	0.01155945627742695
10909	0	0.0025687680616504334
10910	0	0.0006421920154126083
10911	0	0.0005351600128438403
10912	0	0.009632880231189125
10913	0	0.04174248100181954
10914	0	0
10915	0	0
10916	0	0.026115808626779407
10917	0	0.0014984480359627528
10918	0	0.00021406400513753612
10919	0	0.001926576046237825
10920	0	0
10921	0	0.0006421920154126083
10922	0	0.00010703200256876806
10923	0	0
10924	0	0.004816440115594562
10925	0	0.011987584287702023
10926	0	0.02033608048806593
10927	0	0.001712512041100289
10928	0	0.0029968960719255057
10929	0	0.00021406400513753612
10930	0	0.021941560526597452
10931	0	0
10932	0	0.2157765171786364
10933	0	0
10934	0	0
10935	0	0.03960184095044418
10936	0	0.22091405330193725
10937	0	0.02986192871668629
10938	0	0.0006421920154126083
10939	0	0.007920368190088836
10940	0	0.033822112811730705
10941	0	0.0009632880231189126
10942	0	0.03981590495558172
10943	0	0.001926576046237825
10944	0	0
10945	0	0.020229048485497163
10946	0	0.004495344107888258
10947	0	0.10874451460986835
10948	0	0
10949	0	0.08059509793428235
10950	0	0.18141924435406187
10951	0	0.03970887295301295
10952	0	0.7355239216525741
10953	0	0.11431017874344429
10954	0	0.003425024082200578
10955	0	0
10956	0	0.008990688215776517
10957	0	0.005779728138713475
10958	0	0.002568768061650433
10959	0	0.0231189125548539
10960	0	0.0010703200256876805
10961	0	0.0009632880231189126
10962	0	0.08284276998822648
10963	0	0.010596168254308038
10964	0	0.016375896393021512
10965	0	0.011773520282564487
10966	0	0.0008562560205501445
10967	0	0.004281280102750722
10968	0	0.01155945627742695
10969	0	0.00032109600770630417
10970	0	0.2697206464732955
10971	0	0
10972	0	0.03264476078347426
10973	0	0.003639088087338114
10974	0	0
10975	0	0
10976	0	0.01327196831852724
10977	0	0
10978	0	0.5746548217917158
10979	0	0.0035320560847693456
10980	0	0.00010703200256876806
10981	0	0.2097827250347854
10982	0	0.027828320667879693
10983	0	0.0693567376645617
10984	0	0.0006421920154126083
10985	0	0.00042812801027507225
10986	0	0.008348496200363908
10987	0	0.0008562560205501445
10988	0	0.0028898640693567376
10989	0	0.005137536123300866
10990	0	0.002140640051375361
10991	0	0
10992	0	0.008348496200363908
10993	0	0.055014449320346784
10994	0	0.0005351600128438403
10995	0	0.023975168575404045
10996	0	0
10997	0	0.0006421920154126083
10998	0	0.01316493631595847
10999	0	0.08091619394198865
11000	0	0.01584073638017767
11001	0	0.00021406400513753612
11002	0	0.0048164401155945625
11003	0	0
11004	0	0
11005	0	0.00010703200256876806
11006	0	0.003425024082200578
11007	0	0.07749116985978807
11008	0	0
11009	0	0
11010	0	0.0006421920154126083
11011	0	0.23600556566413358
11012	0	0.0006421920154126083
11013	0	0
11014	0	0.013807128331371078
11015	0	0.05522851332548432
11016	0	0.005565664133575939
11017	0	0.012201648292839559
11018	0	0.016054800385315208
11019	0	0.0017125120411002888
11020	0	0.003425024082200578
11021	0	0
11022	0	0.04880659317135823
11023	0	0
11024	0	0.016589960398159048
11025	0	0.00032109600770630417
11026	0	0.0012843840308252167
11027	0	0.05480038531520925
11028	0	0.0025687680616504334
11029	0	0.0048164401155945625
11030	0	0.00042812801027507225
11031	0	0.06743016161832388
11032	0	0.08348496200363908
11033	0	0.055014449320346784
11034	0	0.4151771379642513
11035	0	0.08198651396767634
11036	0	0.0009632880231189126
11037	0	0.00021406400513753612
11038	0	0.0038531520924756503
11039	0	0.001926576046237825
11040	0	0.0014984480359627528
11041	0	0
11042	0	0.009846944236326661
11043	0	0
11044	0	0.09889757037354169
11045	0	0.09761318634271646
11046	0	0.022262656534303756
11047	0	0.11045702665096861
11048	0	0.02033608048806593
11049	0	0.00032109600770630417
11050	0	0.011773520282564487
11051	0	0.01155945627742695
11052	0	0.0014984480359627528
11053	0	0.0005351600128438403
11054	0	0.0034250240822005775
11055	0	0
11056	0	0.00032109600770630417
11057	0	0.013486032323664774
11058	0	0.00042812801027507225
11059	0	0.11088515466124371
11060	0	0.0025687680616504334
11061	0	0.021085304506047307
11062	0	0.004495344107888258
11063	0	0
11064	0	0.00042812801027507225
11065	0	0.0073852081772449955
11066	0	0.0006421920154126083
11067	0	0.005886760141282243
11068	0	0
11069	0	0.02354704056512897
11070	0	0.00010703200256876806
11071	0	0.005565664133575939
11072	0	0.021085304506047307
11073	0	0
11074	0	0
11075	0	0.0019265760462378251
11076	0	0.0008562560205501445
11077	0	0.077063041849513
11078	0	0.001926576046237825
11079	0	0
11080	0	0.01990795247779086
11081	0	0.005779728138713475
11082	0	0.017339184416140425
11083	0	0.001712512041100289
11084	0	0.00010703200256876806
11085	0	0.004067216097613186
11086	0	0.21235149309643583
11087	0	0.11752113882050733
11088	0	0.00010703200256876806
11089	0	0.1611901958685647
11090	0	0
11091	0	0.023761104570266506
11092	0	0.0077063041849513
11093	0	0.11666488279995718
11094	0	0.00021406400513753612
11095	0	0.08198651396767634
11096	0	0.005565664133575939
11097	0	0
11098	0	0
11099	0	0.0028898640693567376
11100	0	0.016054800385315208
11101	0	0
11102	0	0
11103	0	0.048806593171358235
11104	0	0.013807128331371078
11105	0	0.024617360590816654
11106	0	0.0027828320667879695
11107	0	0.005779728138713475
11108	0	0.00010703200256876806
11109	0	0.011880552285133255
11110	0	0.0006421920154126083
11111	0	0
11112	0	0.0006421920154126083
11113	0	0.005565664133575939
11114	0	0.0014984480359627528
11115	0	0
11116	0	0.010168040244032965
11117	0	0.008990688215776517
11118	0	0.011987584287702023
11119	0	0.00010703200256876806
11120	0	0.08198651396767634
11121	0	0
11122	0	0
11123	0	0.00010703200256876806
11124	0	0.00032109600770630417
11125	0	0.0017125120411002888
11126	0	0.10638981055335546
11127	0	0.005779728138713475
11128	0	0.01990795247779086
11129	0	0.01155945627742695
11130	0	0
11131	0	0.0028898640693567376
11132	0	0.00021406400513753612
11133	0	0
11134	0	0.0023547040565128972
11135	0	0
11136	0	0.0006421920154126083
11137	0	0.04195654500695708
11138	0	0.0025687680616504334
11139	0	0.021085304506047307
11140	0	0.0048164401155945625
11141	0	0.08059509793428235
11142	0	0.03649791287594991
11143	0	0.0023547040565128972
11144	0	0.00032109600770630417
11145	0	0
11146	0	0.00032109600770630417
11147	0	0.0014984480359627528
11148	0	0.0007492240179813764
11149	0	0.08637482607299582
11150	0	0
11151	0	0.00021406400513753612
11152	0	0.0010703200256876805
11153	0	0
11154	0	0.05276677726640266
11155	0	0.018944664454671946
11156	0	0.0014984480359627528
11157	0	0.0012843840308252167
11158	0	0.00010703200256876806
11159	0	0.21706090120946164
11160	0	0.00021406400513753612
11161	0	0
11162	0	0.03510649684255592
11163	0	0.0012843840308252167
11164	0	0.0019265760462378251
11165	0	0
11166	0	0.047094081130257946
11167	0	0
11168	0	0
11169	0	0.02643690463448571
11170	0	0.0005351600128438403
11171	0	0.0007492240179813764
11172	0	0.001926576046237825
11173	0	0.0005351600128438403
11174	0	0.008134432195226372
11175	0	0.0009632880231189126
11176	0	0
11177	0	0.016696992400727816
11178	0	0
11179	0	0.00032109600770630417
11180	0	0.002247672053944129
11181	0	0.03103928074494274
11182	0	0.00010703200256876806
11183	0	0.13111420314674088
11184	0	0.0231189125548539
11185	0	0.08765921010382105
11186	0	0.01990795247779086
11187	0	0.22262656534303754
11188	0	0.010275072246601734
11189	0	0.017981376431553033
11190	0	0.01155945627742695
11191	0	0
11192	0	0.002140640051375361
11193	0	0.0011773520282564486
11194	0	0
11195	0	0.025045488601091723
11196	0	0.0023547040565128972
11197	0	0.017339184416140425
11198	0	0.009418816226051589
11199	0	0.009097720218345285
11200	0	0.00010703200256876806
11201	0	0.00717114417210746
11202	0	0.027614256662742157
11203	0	0
11204	0	0.00010703200256876806
11205	0	0
11206	0	0.009204752220914053
11207	0	0.0019265760462378251
11208	0	0.09376003425024082
11209	0	0.1602269078454458
11210	0	0.00385315209247565
11211	0	0
11212	0	0.0007492240179813764
11213	0	0.02269078454457883
11214	0	0
11215	0	0.00021406400513753612
11216	0	0.02643690463448571
11217	0	0.016589960398159048
11218	0	0
11219	0	0.4896714117521139
11220	0	0.08091619394198865
11221	0	0.007064112169538692
11222	0	0.07320988975703735
11223	0	0
11224	0	0.03649791287594991
11225	0	0
11226	0	0.00545863213100717
11227	0	0.012201648292839557
11228	0	0.005458632131007171
11229	0	0
11230	0	0
11231	0	0.0016054800385315207
11232	0	0.014984480359627529
11233	0	0.1605480038531521
11234	0	0
11235	0	0.21138820507331693
11236	0	0.1353954832494916
11237	0	0
11238	0	0
11239	0	0.013914160333939848
11240	0	0.0029968960719255057
11241	0	0.00010703200256876806
11242	0	0.16568553997645297
11243	0	0.0007492240179813764
11244	0	0
11245	0	0.00385315209247565
11246	0	0.1682543080381034
11247	0	0.05587070534089693
11248	0	0
11249	0	0.0014984480359627528
11250	0	0.08048806593171358
11251	0	0
11252	0	0.05490741731777801
11253	0	0.008134432195226372
11254	0	0.0025687680616504334
11255	0	0.001712512041100289
11256	0	0.04024403296585679
11257	0	0
11258	1	0.28042384673017234
11259	1	0.194263084662314
11260	1	0.7793000107032002
11261	1	0.00042812801027507225
11262	1	0.0539441292946591
11263	1	0.3049341753184202
11264	1	0.2628705983088943
11265	1	0.5203895964893503
11266	1	1.1125976667023438
11267	1	0.014556352349352457
11268	1	0.021085304506047307
11269	1	0.15626672375040135
11270	1	0.0006421920154126083
11271	1	0.17050198009204748
11273	1	0.46580327517927855
11274	1	0.005886760141282243
11279	1	0.5265974526383389
11280	1	0.6603874558492989
11281	1	0.30140211923365084
11282	1	0.11859145884619501
11283	1	0.0231189125548539
11284	1	0.013486032323664774
11285	1	0.018837632452103178
11286	1	0.4800385315209248
11287	1	0.0077063041849513
11288	1	0.6997752327946054
11289	1	0.017981376431553033
11290	1	0.7764101466338434
11291	1	0.2716472225195333
11292	1	0.7911805629883335
11293	1	0.26543936637054477
11294	1	0.21727496521459916
11297	1	0.46880017125120405
11298	1	0.07535052980841271
11299	1	0.8650326447607832
11300	1	0.16268864390452745
11301	1	1.9567590709622165
11302	1	0.16696992400727817
11303	1	0.023975168575404045
11304	1	0.37846516108316386
11305	1	1.4080059937921439
11306	1	0.0010703200256876805
11307	1	0.00021406400513753612
11308	1	0.08284276998822648
11309	1	0.24488922187734133
11310	1	0.07470833779300011
11311	1	0.0358557208605373
11312	1	0.1387134753291234
11313	1	0.12629776303114632
11314	1	0.23225944557422668
11315	1	0.2588033822112812
11316	1	0.09739912233757894
11319	1	0.008990688215776515
11320	1	0.38531520924756496
11323	1	0.030825216739805202
11324	1	0.28802311891255483
11325	1	0.11302579471261907
11326	1	0.1692175960612223
11329	1	0.005137536123300867
11330	1	0.03756823290163759
11331	1	0.6300973991223375
11332	1	0.08455528202932676
11333	1	0.19747404473937707
11334	1	0.3116771914802525
11335	1	0.0726747297441935
11338	1	0.33115701594776836
11339	1	0.07749116985978807
11342	1	0.1772449962538799
11343	1	0.2372899496949588
11344	1	0.41100288986406935
11345	1	0.023547040565128973
11346	1	0.07535052980841271
11349	1	0.7642084983410038
11350	1	0.8078775553890614
11351	1	0.0061008241464197786
11352	1	0.7252488494059722
11353	1	0.6368404152841699
11354	1	2.147490099539762
11355	1	0.3690463448571123
11356	1	0.18398801241571228
11357	1	0.42513111420314664
11358	1	0.5163223803917372
11359	1	0.00021406400513753612
11360	1	0.008348496200363908
11361	1	0.003425024082200578
11362	1	0.03649791287594991
11363	1	0.5529273252702558
11364	1	1.4513539548324947
11365	1	0.15326982767847586
11366	1	0.029540832708979985
11367	1	0.5286310606871454
11368	1	0.05276677726640266
11369	1	0.10574761853794284
11370	1	0.02087124050090977
11371	1	0.0231189125548539
11372	1	0.22369688536872523
11373	1	0.04795033715080809
11374	1	0.17467622819222947
11375	1	0.6862892004709408
11376	1	0.07363801776731242
11377	1	0.002247672053944129
11378	1	0.008990688215776517
11379	1	0.3339398480145563
11380	1	0.24874237396981697
11381	1	0.004281280102750722
11382	1	0.08733811409611472
11383	1	0.3870277212886653
11384	1	0.00021406400513753612
11385	1	0.10874451460986834
11386	1	0.031788504762924115
11387	1	0.8946805094723318
11388	1	0.15840736380177672
11389	1	0.5836455100074921
11390	1	0.03917371294016911
11391	1	0.00010703200256876806
11392	1	0.03103928074494274
11393	1	0.08220057797281387
11394	1	0.4837846516108316
11397	1	0.6346997752327944
11398	1	0.21245852509900462
11399	1	0.008027400192657604
11400	1	0.28705983088943593
11401	1	0.014449320346783688
11402	1	0.7542545221021084
11403	1	0.25088301402119234
11404	1	0.002889864069356737
11405	1	0.6630632559135181
11406	1	0.0009632880231189126
11407	1	0.06999892967997431
11408	1	0.07320988975703735
11409	1	0.3210960077063042
11410	1	0.08348496200363908
11411	1	0.00032109600770630417
11412	1	0.438403082521674
11413	1	0.04334796104035106
11414	1	0.20903350101680404
11415	1	0.2744300545863213
11416	1	0.010275072246601734
11417	1	0.041421384994113235
11418	1	0.020550144493203467
11419	1	0.0027828320667879695
11420	1	0.05137536123300867
11421	1	0.3596275286310607
11422	1	0.002140640051375361
11423	1	0.3917371294016911
11424	1	0.8252167398052018
11425	1	0.012201648292839557
11426	1	0.007492240179813764
11427	1	0.08048806593171358
11428	1	0.0032109600770630414
11429	1	0.3116771914802526
11430	1	0.7263191694316601
11431	1	0.00021406400513753612
11432	1	0.3551321845231724
11433	1	0.012843840308252167
11434	1	0.17403403617681687
11435	1	0.33254843198116235
11436	1	0.7492240179813764
11437	1	0.009632880231189125
11438	1	0.764636626351279
11439	1	0.09525848228620357
11440	1	0.30910842341860206
11441	1	0.4411859145884619
11442	1	0.27935352670448466
11443	1	0.0009632880231189126
11444	1	0.20967569303221661
11445	1	0.08070212993685112
11446	1	0.09097720218345284
11447	1	0.19854436476506476
11448	1	0.867601412822434
11449	1	0.15326982767847586
11450	1	1.0750294338007065
11453	1	0.39559028149416675
11454	1	0.00032109600770630417
11455	1	0.6601733918441612
11456	1	0.30996467943915224
11457	1	0.9902600877662422
11458	1	0.0284705126832923
11459	1	0.33982660815583854
11460	1	0.31852723964465374
11461	1	0.10574761853794283
11462	1	0.6887509365300224
11463	1	0.876806165043348
11464	1	0.29754896714117524
11465	1	0.418067002033608
11466	1	0.3275179278604302
11467	1	0.24917050198009205
11468	1	0.11366798672803168
11469	1	0.09440222626565342
11470	1	0.003746120089906882
11471	1	0.02247672053944129
11472	1	0.1739270041742481
11473	1	0.10114524242748582
11474	1	0.011773520282564487
11475	1	0.08990688215776517
11476	1	0.013486032323664774
11477	1	0.7652788183666915
11478	1	0.008027400192657604
11479	1	0.14074708337793002
11480	1	1.7981376431553033
11481	1	0.06421920154126083
11482	1	0.023761104570266506
11483	1	0.10275072246601734
11486	1	0.005458632131007171
11487	1	0.21320774911698598
11488	1	0.9392058225409396
11489	1	0.24574547789789147
11490	1	0.0061008241464197786
11491	1	1.1717863641228725
11492	1	0.005351600128438403
11493	1	0.5137536123300867
11494	1	1.166327731991865
11497	1	0.23290163758963928
11498	1	0.01990795247779086
11499	1	0.07749116985978807
11500	1	0.4142138499411324
11501	1	0.0006421920154126083
11502	1	0.2996896071925505
11503	1	0.07449427378786257
11504	1	0.17403403617681687
11507	1	0.7574654821791712
11508	1	0.005137536123300867
11509	1	0.5831103499946483
11510	1	0.7758749866209994
11511	1	0.42684362624424704
11512	1	0.05779728138713475
11513	1	0.703200256876806
11514	1	0.6308466231403189
11515	1	0.014770416354489991
11516	1	0.0007492240179813764
11517	1	0.14256662742159906
11518	1	0.08220057797281385
11519	1	0.7179706732312959
11520	1	0.16429412394305898
11521	1	0.3438938242534517
11522	1	0.0029968960719255057
11523	1	0.030825216739805202
11524	1	0.001712512041100289
11525	1	0.3416461521995076
11526	1	0.05522851332548431
11527	1	0.013486032323664774
11528	1	1.129936851118484
11529	1	0.2790324306967783
11530	1	0.4201006100824146
11531	1	1.563737557529701
11532	1	0.005351600128438403
11533	1	0.04420421706090121
11534	1	0.5676977416247457
11535	1	0.7963180991116341
11536	1	0.008562560205501444
11537	1	0.1849513004388312
11538	1	0.02097827250347854
11539	1	0.0764208498341004
11540	1	0.6511827036283848
11541	1	0.12479931499518356
11542	1	1.0018195440436688
11543	1	0.038317456919618964
11544	1	0.678796960291127
11545	1	0.5124692282992613
11546	1	0.16782618002782831
11547	1	0.0025687680616504334
11548	1	0.5659852295836455
11549	1	0.3414320881943701
11550	1	0.023118912554853897
11551	1	0.025687680616504335
11552	1	0.2231617253558814
11553	1	0.0014984480359627528
11554	1	0.5221021085304506
11555	1	0.5557101573370438
11556	1	0.31403189553676547
11557	1	0.19993578079845875
11558	1	0.20603660494487852
11559	1	0.29027079096649894
11560	1	0.04720111313282672
11561	1	1.3117842234828212
11562	1	0.7038424488922187
11563	1	0.20657176495772234
11564	1	0.3019372792464947
11565	1	0.01926576046237825
11566	1	0.5057262121374291
11567	1	0.07449427378786257
11568	1	0.006743016161832387
11569	1	0.3116771914802526
11570	1	0.003425024082200578
11571	1	0.7149737771593706
11572	1	1.521138820507331
11573	1	0.03649791287594991
11574	1	0.3005458632131007
11575	1	0.8862249812693996
11576	1	0.08027400192657605
11577	1	0.0008562560205501445
11578	1	0.7952477790859467
11579	1	0.10596168254308037
11580	1	0.0847693460344643
11581	1	0.8473723643369367
11582	1	0.0006421920154126083
11583	1	0.007492240179813764
11584	1	1.0519105212458526
11585	1	0.2427485818259659
11586	1	0.4918120518034892
11587	1	0.26672375040137
11588	1	0.7358450176602804
11589	1	0.5039066680937598
11590	1	0.07620678582896286
11591	1	1.5564593813550247
11592	1	0.10767419458418068
11593	1	0.24831424595954188
11594	1	0.34582040029968963
11595	1	0.01327196831852724
11596	1	1.096542866317029
11597	1	0.6275286310606871
11598	1	0.0006421920154126083
11599	1	0.34838916836134
11600	1	0.08027400192657605
11601	1	0.537086588890078
11602	1	0.4765064754361554
11603	1	0.3071818473723643
11604	1	0.5824681579792359
11607	1	0.007064112169538691
11608	1	0.007492240179813764
11609	1	0.6678796960291126
11610	1	0.07449427378786257
11611	1	0.023975168575404045
11612	1	0.0062078561489885475
11613	1	0.47500802740019255
11614	1	0.015091512362196295
11615	1	0.0032109600770630414
11616	1	0.19736701273680832
11617	1	0.2996896071925505
11618	1	0.747511505940276
11619	1	0.26008776624210633
11620	1	0.0035320560847693456
11621	1	0.4906346997752328
11622	1	0.03649791287594991
11623	1	0.012843840308252166
11624	1	1.1803489243283742
11625	1	0.30568339933640154
11626	1	0.7619608262870599
11627	1	0.05683399336401584
11628	1	0.2900567269613614
11629	1	0.002889864069356737
11630	1	0.2563416461521995
11631	1	0.0382104249170502
11632	1	0.03649791287594991
11633	1	0.22444610938670662
11634	1	1.1799207963180989
11635	1	0.004281280102750722
11636	1	0.11206250668950016
11637	1	0.595740126297763
11638	1	0.24949159798779835
11639	1	0.3116771914802526
11640	1	0.9835170716044096
11641	1	0.02600877662421064
11642	1	0.45467194691212676
11643	1	0.1387134753291234
11644	1	0.2563416461521995
11647	1	0.005779728138713474
11648	1	0.5654500695708017
11649	1	1.1174141068179382
11650	1	0.0010703200256876805
11651	1	0.9877983517071603
11652	1	0.589746334153912
11653	1	0.17274965214599164
11654	1	0.10061008241464198
11655	1	0.007278176174676227
11656	1	0.010061008241464197
11657	1	0.05683399336401584
11658	1	0.1447072674729744
11659	1	0.10596168254308037
11660	1	0.004281280102750722
11661	1	0.0850904420421706
11662	1	0.014128224339077382
11663	1	0.48421277962110654
11666	1	0.001926576046237825
11667	1	0.0029968960719255057
11668	1	0.030504120732098898
11669	1	0.00931178422348282
11670	1	0.0059937921438510105
11671	1	0.00545863213100717
11672	1	0.021727496521459916
11673	1	0.00021406400513753612
11674	1	1.6375896393021514
11675	1	0.3281601198758429
11676	1	0.3589853366156481
11677	1	0.9632880231189124
11678	1	0.006957080166969924
11679	1	0.06250668950016054
11680	1	0.15669485176067643
11681	1	0.11045702665096863
11682	1	0.014556352349352457
11683	1	0.0038531520924756503
11684	1	0.04795033715080809
11687	1	0.0012843840308252167
11688	1	0.0074922401798137635
11689	1	0.05565664133575939
11690	1	0.0035320560847693456
11691	1	0.15027293160655036
11692	1	1.0609012094616288
11693	1	1.4415070105961678
11694	1	0.11131328267151878
11695	1	0.18398801241571228
11696	1	0.6002354704056513
11697	1	0.3912019693888472
11698	1	0.28513325484319807
11699	1	0.2201648292839559
11700	1	0.06957080166969923
11701	1	0.1712512041100289
11702	1	0.2414641977951407
11703	1	0.3544899925077598
11704	1	0.0061008241464197786
11705	1	0.5741196617788719
11706	1	0.36348068072353634
11707	1	0.4187091940490206
11708	1	0.0012843840308252167
11709	1	0.21834528524028685
11710	1	0.001712512041100289
11711	1	0.1330407791929787
11712	1	0.11206250668950016
11713	1	0.008990688215776517
11714	1	0.06743016161832387
11715	1	0.0231189125548539
11716	1	0.13860644332655464
11717	1	0.25302365407256766
11718	1	0.9842662956223907
11719	1	0.05201755324842128
11720	1	0.01155945627742695
11721	1	0.2808519747404474
11722	1	0.7158300331799206
11723	1	0.04848549716365193
11724	1	0.24403296585679118
11725	1	0.5442577330621856
11726	1	0.10146633843519212
11727	1	0.18816226051589424
11728	1	0.0012843840308252167
11729	1	0.0006421920154126083
11730	1	0.8541153804987693
11731	1	0.00042812801027507225
11732	1	0.4579899389917585
11733	1	0.6383388633201326
11734	1	0.021085304506047307
11735	1	0.2423204538156909
11736	1	0.3731135609547255
11737	1	0.4682650112383603
11738	1	0.40714973777159363
11739	1	0.1001819544043669
11740	1	0.12715401905169646
11741	1	0.0047094081130257944
11742	1	0.2764636626351279
11743	1	0.041207320988975706
11744	1	0.19693888472653323
11745	1	0.025045488601091726
11746	1	0.47490099539762376
11747	1	0.7464411859145883
11748	1	0.33265546398373114
11749	1	0.5298084127154018
11750	1	0.11976881087445146
11751	1	0.049448785186770844
11752	1	0.0073852081772449955
11753	1	0.010917264262014342
11754	1	0.3236647757679546
11755	1	0.08198651396767634
11756	1	0.09376003425024082
11757	1	0.6533233436797601
11759	1	0.10007492240179813
11760	1	0.009632880231189125
11761	1	0.18623568446965644
11762	1	0.01155945627742695
11763	1	0.5346248528309965
11764	1	0.3903457133682971
11765	1	1.64379749545114
11766	1	0.5274537086588889
11767	1	0.22904848549716364
11768	1	0.26297763031146304
11769	1	0.12843840308252166
11770	1	0.5356951728566841
11771	1	0.022476720539441292
11772	1	0.005458632131007171
11773	1	0.042384673017232144
11774	1	0.5587070534089693
11775	1	0.022476720539441292
11780	1	0.026758000642192015
11781	1	0.00042812801027507225
11782	1	0.12886653109279675
11783	1	0.20817724499625384
11784	1	0.05351600128438403
11785	1	0.0012843840308252167
11786	1	2.449106282778551
11787	1	0.008134432195226372
11788	1	0.05319490527667772
11789	1	0.24660173391844162
11790	1	0.047094081130257946
11791	1	0.012201648292839557
11792	1	0.17606764422562346
11793	1	0.03746120089906882
11794	1	0.15787220378893285
11797	1	0.17050198009204748
11798	1	0.39912233757893606
11799	1	0.021834528524028684
11800	1	0.014128224339077384
11803	1	0.4199935780798459
11804	1	0.01155945627742695
11806	1	0.31692175960612223
11807	1	0.6122230546933533
11808	1	0.41325056191801335
11809	1	0.3116771914802526
11810	1	0.27678475864283425
11811	1	0.43080381033929144
11812	1	0.08369902600877663
11813	1	0.17274965214599164
11814	1	0.4045809697099433
11815	1	0.08573263405758322
11816	1	0.04281280102750722
11817	1	0.17596061222305467
11818	1	0.004495344107888258
11819	1	0.603125334475008
11820	1	0.15369795568875094
11821	1	0.24146419779514075
11822	1	0.02483142459595419
11823	1	0.2097827250347854
11824	1	0.26918548646045165
11825	1	0.08284276998822648
11826	1	0.005993792143851011
11827	1	0.5377287809054908
11828	1	0.09151236219629669
11833	1	0.00010703200256876806
11834	1	0.20657176495772234
11835	1	0.255164294123943
11836	1	0.8014556352349352
11837	1	0.3116771914802526
11838	1	0.10596168254308039
11839	1	0.0029968960719255057
11840	1	0.42962645831103496
11843	1	0.11238360269720646
11844	1	0.1599058118377395
11845	1	0.7834742588033823
11846	1	0.0061008241464197786
11847	1	0.003425024082200578
11850	1	0.04067216097613186
11851	1	0.28363480680723535
11852	1	0.49405972385743335
11853	1	0.11002889864069357
11854	1	0.291662206999893
11855	1	0.01712512041100289
11856	1	0.9616825430803811
11857	1	0.005993792143851011
11858	1	0.2581611901958686
11859	1	0.3618752006850047
11860	1	0.003425024082200578
11861	1	0.04238467301723215
11862	1	0.0038531520924756503
11863	1	0.18816226051589421
11864	1	0.9408113025794711
11865	1	0.011987584287702023
11866	1	0.4108958578615005
11867	1	0.2108530450604731
11868	1	0.15541046772985123
11871	1	0.6207856148988548
11872	1	0.15755110778122658
11873	1	2.603018302472439
11874	1	0.00021406400513753612
11875	1	0.5619180134860322
11876	1	0.506261372150273
11877	1	0.9124478218987476
11878	1	0.03681900888365621
11879	1	2.2984052231617254
11880	1	0.005458632131007171
11881	1	0.06507545756181098
11882	1	0.005886760141282243
11883	1	0.0847693460344643
11884	1	0.01551964037247137
11885	1	0.606871454564915
11886	1	0.16739805201755326
11887	1	0.22476720539441286
11888	1	0.008027400192657604
11889	1	0.1558385957401263
11891	1	0.009632880231189125
11892	1	0.1152734667665632
11893	1	0.7582147061971528
11894	1	0.3093224874237397
11895	1	0.07385208177244995
11896	1	0.07342395376217489
11897	1	0.46901423525634156
11898	1	0.0012843840308252167
11899	1	0.11045702665096864
11900	1	0.08284276998822648
11901	1	0.019907952477790855
11902	1	0.09825537835812907
11903	1	0.00010703200256876806
11904	1	0.01873060044953441
11905	1	0.021192336508616075
11906	1	0.08220057797281387
11907	1	0.013700096328802312
11908	1	0.2405009097720218
11909	1	0.0794177459060259
11910	1	0.7330621855934923
11911	1	1.1868778764850691
11912	1	0.08626779407042706
11913	1	0.0740661457775875
11914	1	0.007278176174676228
11915	1	0.00021406400513753612
11916	1	0.08198651396767634
11917	1	0.11388205073316922
11918	1	0.00545863213100717
11919	1	0.011773520282564487
11920	1	0.6245317349887614
11921	1	0.01873060044953441
11922	1	0.05009097720218345
11923	1	0.2943380070641122
11924	1	0.3146740875521781
11927	1	0.28470512683292304
11928	1	0.021941560526597452
11929	1	1.6003425024082196
11930	1	0.19651075671625817
11931	1	0.21962966927111208
11932	1	0.08059509793428235
11933	1	0.4998394519961469
11934	1	0.18944664454671944
11935	1	0.004067216097613186
11936	1	0.33222733597345605
11938	1	0.0921545542117093
11939	1	0.05522851332548431
11940	1	0.6867173284812158
11941	1	0.9429519426308466
11942	1	0.08187948196510757
11943	1	0.4209568661029648
11944	1	0.3139248635341967
11945	1	0.12843840308252166
11946	1	0.561596917478326
11947	1	0.12137429091298298
11948	1	0.1594776838274644
11949	1	0.0038531520924756503
11950	1	0.8004923472118164
11951	1	0.3236647757679546
11952	1	0.394091833458204
11953	1	0.07449427378786257
11954	1	0.004495344107888258
11955	1	0.16696992400727817
11956	1	0.0010703200256876805
11957	1	0.8939312854543506
11958	1	0.37803703307288883
11959	1	0.03649791287594991
11960	1	0.0008562560205501445
11961	1	1.4006207856148987
11962	1	0.14064005137536123
11963	1	0.016589960398159048
11964	1	0.0025687680616504334
11965	1	0.3199186556780477
11966	1	0.4201006100824146
11967	1	0.0014984480359627528
11968	1	0.18398801241571228
11969	1	0.00032109600770630417
11970	1	0.012415712297977095
11971	1	0.24617360590816653
11972	1	0.02654393663705448
11973	1	0.0012843840308252167
11975	1	0.3872417852938028
11976	1	2.228192229476613
11977	1	0.6383388633201328
11978	1	0.002247672053944129
11979	1	0.23440008562560202
11980	1	0.004281280102750722
11982	1	0.04538156908915766
11983	1	0.3930215134325163
11984	1	0.0008562560205501445
11985	1	0.2256234614149631
11986	1	0.021192336508616075
11989	1	0.6402654393663706
11990	1	0.07535052980841271
11991	1	0.01327196831852724
11992	1	0.009632880231189125
11993	1	1.0952584822862033
11994	1	0.8412715401905171
11995	1	0.005565664133575939
11996	1	0.0038531520924756503
11997	1	0.07492240179813764
11998	1	0.0038531520924756503
11999	1	0.17403403617681684
12000	1	0.19651075671625814
12001	1	0.044953441078882585
12002	1	1.045702665096864
12003	1	1.013379000321096
12004	1	0.003425024082200578
12005	1	0.34849620036390877
12006	1	0.22669378144065072
12007	1	0.02140640051375361
12008	1	0.04548860109172642
12009	1	0.24949159798779835
12010	1	0.48613935566734445
12011	1	0.4739377073745049
12012	1	0.002140640051375361
12013	1	1.4818580755645936
12014	1	1.2576260301830247
12018	1	0.002247672053944129
12019	1	0.6299903671197687
12020	1	0.6405865353740768
12021	1	0.06250668950016054
12022	1	0.263940918334582
12023	1	0.06336294552071069
12024	1	0.5551749973241997
12025	1	0.18944664454671947
12026	1	0.1454564914909558
12027	1	0.07535052980841271
12028	1	0.18944664454671947
12029	1	0.6897142245531415
12030	1	1.303649791287595
12031	1	0.03425024082200578
12032	1	0.0025687680616504334
12033	1	1.6279567590709623
12034	1	0.10853045060473081
12035	1	0.005137536123300867
12036	1	0.7320988975703734
12037	1	0.07492240179813764
12038	1	0.1078882585893182
12039	1	0.31852723964465374
12040	1	1.0095258482286202
12041	1	0.009418816226051589
12042	1	0.21031788504762922
12043	1	0.25173927004174246
12044	1	0.05062613721502729
12045	1	0.03649791287594991
12046	1	0.39120196938884716
12047	1	0.008134432195226372
12048	1	0.5558171893396124
12049	1	0.5370865888900779
12050	1	0.18206143636947447
12051	1	0.020122016482928395
12052	1	0.7192550572621212
12053	1	0.0009632880231189126
12054	1	0.0154126083699026
12055	1	0.8669592208070211
12056	1	0.011238360269720646
12057	1	0.0029968960719255057
12058	1	0.025687680616504335
12059	1	0.04966284919190838
12060	1	0.2305469335331264
12061	1	0.9196189660708549
12062	1	0.17810125227443005
12063	1	0.8288558278925399
12064	1	0.23118912554853902
12065	1	0.1939419886546077
12066	1	0.008562560205501444
12067	1	0.0014984480359627528
12068	1	0.1088515466124371
12069	1	0.42962645831103496
12070	1	0.1996146847907524
12073	1	0.19972171679332118
12074	1	0.0006421920154126083
12075	1	0.3116771914802526
12076	1	0.0010703200256876805
12077	1	0.010703200256876806
12078	1	0.23975168575404046
12079	1	0.009418816226051589
12080	1	0.00010703200256876806
12081	1	0.08723108209354596
12082	1	0.15369795568875094
12083	1	0.027721288665310925
12084	1	0.00021406400513753612
12085	1	0.0382104249170502
12086	1	0.003425024082200578
12087	1	0.22797816547147598
12088	1	0.09418816226051589
12089	1	0.17050198009204748
12090	1	0.12586963502087123
12091	1	0.0048164401155945625
12092	1	0.45724071497377716
12093	1	0.3328695279888687
12094	1	0.161511291876271
12095	1	0.12779621106710906
12096	1	0.016054800385315208
12097	1	0.047094081130257946
12098	1	0.041100288986406934
12099	1	0.0062078561489885475
12100	1	0.07620678582896286
12101	1	0.17274965214599164
12102	1	0.01648292839559028
12105	1	0.08733811409611474
12106	1	0.0006421920154126083
12107	1	0.8785186770844482
12108	1	0.781226586749438
12109	1	0.17499732419993574
12110	1	0.5988440543722571
12111	1	0.760034250240822
12112	1	0.8139783795354809
12113	1	0.002247672053944129
12114	1	0.1209461629027079
12115	1	0.7183988012415712
12116	1	0.12073209889757038
12117	1	0.3382211281173071
12118	1	0.29797709515145027
12119	1	0.19586856470084554
12122	1	0.00010703200256876806
12123	1	0.4912768917906454
12124	1	0.20036390880873375
12125	1	1.1816333083591992
12126	1	0.3917371294016911
12127	1	0.3157444075778658
12130	1	0.1460986835063684
12131	1	0.003210960077063042
12132	1	0.6911056405865352
12133	1	0.007064112169538691
12134	1	0.05522851332548431
12135	1	0.0847693460344643
12136	1	0.005137536123300867
12137	1	0.2546291341110992
12138	1	0.005137536123300867
12139	1	0.11109921866638124
12140	1	0.04720111313282671
12141	1	0.16472225195333406
12142	1	0.009418816226051589
12143	1	0.3289093438938242
12144	1	2.0336080488065926
12145	1	0.05587070534089693
12146	1	0.06314888151557316
12147	1	0.23440008562560205
12148	1	0.03103928074494274
12149	1	0.32109600770630414
12150	1	0.02632987263191694
12151	1	0.01701808840843412
12152	1	0.21288665310927968
12153	1	0.005993792143851011
12154	1	0.6173605908166541
12157	1	0.005458632131007171
12158	1	0.008348496200363908
12159	1	0.6439045274537083
12160	1	0.6405865353740768
12161	1	0.08669592208070213
12162	1	0.12073209889757036
12163	1	0.002140640051375361
12164	1	0.08048806593171358
12165	1	0.7920368190088836
12166	1	0.290270790966499
12167	1	0.008027400192657604
12170	1	0.9324628063791074
12171	1	0.10499839451996147
12172	1	0.0824146419779514
12173	1	0.2859895108637483
12174	1	0.005565664133575939
12175	1	0.34335866424060785
12176	1	0.450390666809376
12177	1	0.17906454029754898
12178	1	0.0010703200256876805
12179	1	0.5118270362838488
12180	1	0.38338863320132727
12181	1	0.3997645295943487
12182	1	0.40083484962003635
12185	1	0.22797816547147598
12186	1	0.9560098469442364
12187	1	0.302686503264476
12188	1	0.45488601091726416
12189	1	0.29744193513860645
12190	1	0.17852938028470514
12191	1	0.48485497163651936
12192	1	0.008027400192657604
12193	1	0.01584073638017767
12194	1	0.008027400192657604
12195	1	0.13400406721609762
12196	1	0.323022583752542
12197	1	0.3116771914802526
12198	1	0.3843519212244461
12199	1	0.2954083270897998
12202	1	0.010275072246601734
12203	1	0.7664561703949481
12204	1	0.0412073209889757
12205	1	0.3912019693888472
12206	1	0.005565664133575939
12207	1	0.004174248100181954
12208	1	0.06486139355667345
12209	1	1.113346890720325
12210	1	0.023011880552285133
12211	1	0.33907738413785726
12212	1	0.14288772342930536
12213	1	0.09846944236326662
12214	1	0.00042812801027507225
12215	1	0.07513646580327518
12216	1	0.01873060044953441
12217	1	0.010168040244032965
12218	1	0.00995397623889543
12219	1	0.27057690249384564
12221	1	0.14941667558600022
12222	1	0.03071818473723643
12223	1	0.11238360269720646
12225	1	0.005565664133575939
12226	1	0.00042812801027507225
12227	1	0.09472332227335974
12228	1	0.0385315209247565
12229	1	0.00663598415926362
12230	1	0.012201648292839559
12231	1	0.8557208605373006
12232	1	0.017981376431553033
12233	1	0.3116771914802526
12234	1	0.09290377822969068
12235	1	0.3275179278604302
12236	1	0.023975168575404045
12237	1	0.00995397623889543
12238	1	0.014984480359627529
12239	1	0.08776624210638981
12240	1	0.077063041849513
12241	1	0.010275072246601734
12242	1	0.20657176495772234
12243	1	0.001605480038531521
12244	1	0.27346676656320235
12245	1	0.0062078561489885475
12246	1	0.18452317242855615
12247	1	0.00042812801027507225
12248	1	0.06207856148988548
12249	1	0.2581611901958686
12250	1	0.2745370865888901
12251	1	0.05373006528952157
12253	1	0.006421920154126084
12254	1	0.4201006100824146
12255	1	0.2461736059081665
12256	1	0.0008562560205501445
12257	1	0.1595847158300332
12258	1	0.0006421920154126083
12259	1	0.1303649791287595
12261	1	0.10007492240179813
12262	1	0.2234828213635877
12263	1	0.008027400192657604
12264	1	0.26576046237825107
12265	1	0.00021406400513753612
12266	1	0.017981376431553033
12267	1	0.6241036069784865
12268	1	0.008990688215776517
12269	1	0.03649791287594991
12270	1	0.011987584287702023
12271	1	0.5746548217917158
12272	1	0.04762924114310178
12273	1	0.0412073209889757
12274	1	0.4103606978486566
12275	1	0.0016054800385315207
12276	1	1.3846730172321524
12277	1	0.9504441828106603
12278	1	0.0016054800385315207
12279	1	0.019693888472653322
12280	1	0.09440222626565342
12281	1	0.08198651396767634
12282	1	0.03168147276035534
12283	1	0.00010703200256876806
12284	1	0.2774269506582468
12285	1	0.462378251097078
12286	1	0.04538156908915766
12287	1	0.00010703200256876806
12288	1	0.10499839451996147
12289	1	0.6473295515359092
12291	1	0.08155838595740127
12292	1	0.6990260087766241
12293	1	0.026115808626779407
12294	1	0.06421920154126083
12295	1	0.2590174462164187
12296	1	0.050519105212458525
12297	1	0.28149416675586003
12300	1	0.0023547040565128972
12301	1	0.049448785186770844
12302	1	0.0008562560205501445
12303	1	0.40415284169966825
12304	1	0.020229048485497163
12305	1	0.3103928074494274
12306	1	0.005458632131007171
12307	1	0.004174248100181954
12308	1	0.015091512362196295
12309	1	0.19008883656213205
12310	1	0.07385208177244997
12311	1	0.19351386064433265
12312	1	0.3917371294016911
12313	1	0.11077812265867495
12314	1	0.1380712833137108
12315	1	0.00385315209247565
12316	1	0.21406400513753612
12317	1	0.7215027293160655
12318	1	0.32109600770630414
12319	1	0.11431017874344429
12320	1	0.0025687680616504334
12321	1	0.08562560205501445
12322	1	0.32816011987584287
12323	1	0.008134432195226372
12324	1	0.7269613614470726
12325	1	0.04281280102750722
12326	1	0.21877341325056193
12327	1	0.005993792143851011
12328	1	0.0006421920154126083
12329	1	0.036711976881087446
12330	1	0.0012843840308252167
12331	1	0.011880552285133255
12332	1	0.09204752220914053
12333	1	0.0014984480359627528
12334	1	0.11944771486674516
12336	1	0.010275072246601734
12337	1	0.00021406400513753612
12338	1	0.9902600877662422
12339	1	0.31916943166006634
12340	1	0.36219629669271114
12341	1	0.7193620892646901
12342	1	0.005993792143851011
12343	1	0.17938563630525528
12344	1	0.5154661243711871
12345	1	0.24574547789789147
12346	1	0.45274537086588895
12347	1	0.01155945627742695
12348	1	0.8905062613721499
12349	1	0.31360376752649033
12350	1	0.0005351600128438403
12351	1	0.12362196296692712
12352	1	0.10339291448142995
12353	1	0.023975168575404045
12354	1	0.004495344107888258
12355	1	0.4366905704805737
12356	1	0.0048164401155945625
12357	1	0.00385315209247565
12358	1	0.0027828320667879695
12359	1	0.08284276998822648
12360	1	0.05137536123300866
12361	1	0.4758642834207427
12362	1	0.17274965214599164
12363	1	0.013379000321096008
12364	1	0.20753505298084127
12365	1	0.5959541903029005
12366	1	0.17403403617681687
12367	1	0.08905062613721502
12368	1	0.014984480359627529
12369	1	0.3885261693246279
12370	1	0.11687894680509472
12371	1	0.011559456277426949
12372	1	0.43230225837525416
12373	1	0.10307181847372365
12374	1	1.4634485711227652
12375	1	0.21834528524028685
12376	1	0.11045702665096863
12377	1	0.0006421920154126083
12378	1	0.11077812265867494
12379	1	0.3189553676549288
12380	1	0.42010061008241456
12381	1	0.23247350957936422
12382	1	0.11302579471261907
12383	1	0.9548324949159797
12384	1	0.37140104891362513
12385	1	0.3141389275393342
12386	1	0.036604944878518675
12387	1	0.1766028042384673
12388	1	0.4968425559242213
12391	1	0.22326875735845014
12392	1	0.4038317456919619
12393	1	0.1695386920689286
12394	1	0.7186128652467085
12395	1	0.16696992400727817
12396	1	0.03649791287594991
12397	1	0.18398801241571228
12398	1	0.3416461521995076
12399	1	0.03296585679118056
12400	1	0.012201648292839557
12401	1	0.08316386599593278
12402	1	0.005137536123300867
12403	1	0.15733704377608904
12404	1	0.8294980199079525
12405	1	0.010703200256876806
12406	1	0.18398801241571228
12407	1	0.015733704377608904
12408	1	0.0693567376645617
12409	1	0.00385315209247565
12410	1	0.01327196831852724
12411	1	0.7171144172107462
12412	1	0.12008990688215776
12413	1	0.0009632880231189126
12414	1	0.014128224339077382
12415	1	0.009632880231189125
12416	1	0.941881622605159
12417	1	0.0006421920154126083
12418	1	0.03788932890934389
12419	1	0.3901316493631596
12420	1	0.00042812801027507225
12421	1	0.001712512041100289
12422	1	0.1618323878839773
12423	1	0.1705019800920475
12424	1	0.00032109600770630417
12425	1	0.014770416354489991
12426	1	0.014770416354489991
12427	1	0.0009632880231189126
12428	1	1.5792571979021726
12429	1	0.030825216739805202
12430	1	0.23825323771807766
12431	1	0.005137536123300867
12432	1	0.022262656534303756
12433	1	0.07363801776731242
12434	1	0.7672053944129295
12435	1	0.349352456384459
12436	1	0.011773520282564487
12437	1	0.6502194156052657
12438	1	0.006421920154126083
12439	1	0.0729958257518998
12440	1	0.00032109600770630417
12441	1	0.048806593171358235
12442	1	0.0035320560847693456
12443	1	0.254736166113668
12444	1	0.007278176174676227
12445	1	0.03649791287594991
12446	1	0.6357700952584823
12447	1	0.005779728138713475
12448	1	0.7956759070962217
12449	1	0.05651289735630953
12450	1	0.23932355774376537
12451	1	1.0301830247243926
12452	1	0.008348496200363906
12453	1	0.167505084020122
12454	1	0.6855399764529595
12455	1	0.37696671304720114
12456	1	0.012843840308252166
12457	1	0.00042812801027507225
12458	1	0.3116771914802526
12459	1	0.2689714224553141
12460	1	0.004495344107888258
12461	1	0.7074815369795568
12462	1	0.00042812801027507225
12463	1	0.07320988975703735
12464	1	0.14984480359627528
12465	1	0.008134432195226372
12466	1	0.1627956759070962
12467	1	0.01048913625173927
12468	1	0.3116771914802526
12469	1	0.5298084127154019
12470	1	0.16739805201755323
12471	1	0.08284276998822648
12472	1	0.0016054800385315207
12473	1	0.1878411645081879
12474	1	0.29894038317456917
12475	1	0.391309001391416
12476	1	0.7311356095472547
12477	1	0.7147597131542331
12480	1	0.011880552285133255
12481	1	0.3513860644332655
12482	1	0.26158621427806916
12483	1	0.16140425987370224
12484	1	0.46815797923579144
12485	1	0.015412608369902601
12486	1	0.03649791287594991
12487	1	0.04441828106603874
12488	1	0.036711976881087446
12489	1	0.5057262121374291
12490	1	0.024082200577972813
12491	1	0.025045488601091726
12492	1	0.3099646794391523
12493	1	0.014556352349352455
12494	1	0.00042812801027507225
12496	1	0.038317456919618964
12497	1	0.34078989617895744
12498	1	0.0740661457775875
12499	1	0.08990688215776517
12500	1	0.00010703200256876806
12501	1	0.0032109600770630414
12502	1	0.27357379856577113
12503	1	0.005137536123300867
12504	1	0.1380712833137108
12505	1	0.001605480038531521
12506	1	0.3906668093760034
12507	1	0.008990688215776517
12508	1	0.17403403617681687
12509	1	0.10510542652253024
12510	1	0.04024403296585679
12511	1	0.12651182703628383
12512	1	0.021085304506047307
12513	1	0.008990688215776517
12514	1	0.0284705126832923
12515	1	0.08252167398052018
12516	1	0.0032109600770630414
12517	1	0.6113667986728032
12518	1	0.3558814085411538
12519	1	0.6997752327946055
12520	1	0.014770416354489991
12521	1	0.3093224874237397
12522	1	0.005137536123300867
12523	1	1.199721716793321
12524	1	0.45060473081451347
12525	1	0.07428020978272504
12526	1	0.002568768061650433
12527	1	0.6280637910735308
12528	1	0.33650861607620675
12529	1	0.23868136572835277
12530	1	0.6653109279674623
12531	1	0.07342395376217489
12532	1	0.48464090763138173
12533	1	0.0077063041849513
12534	1	0.003425024082200578
12535	1	0.3840308252167398
12536	1	0.1605480038531521
12537	1	0.03146740875521781
12538	1	0.9950765278818368
12539	1	0.3596275286310607
12540	1	0.0035320560847693456
12541	1	0.48549716365193185
12542	1	2.6914267365942415
12545	1	0.011131328267151878
12546	1	0.00042812801027507225
12547	1	0.19362089264690144
12548	1	0.21620464518891147
12551	1	0.11077812265867495
12552	1	0.002889864069356737
12553	1	0.16911056405865352
12554	1	0.08262870598308894
12555	1	0.012415712297977095
12556	1	0.648827999571872
12557	1	0.3039708872953013
12558	1	0.18398801241571228
12559	1	0.016696992400727816
12560	1	0.2723964465375147
12561	1	0.5413678689928287
12562	1	0.1789575082949802
12563	1	0.2697206464732955
12564	1	0.11045702665096864
12565	1	0.25323771807770523
12566	1	0.15326982767847586
12567	1	0.0008562560205501445
12568	1	0.0006421920154126083
12569	1	0.0008562560205501445
12570	1	0.18398801241571228
12571	1	0.0029968960719255057
12572	1	0.324842127796211
12573	1	0.13785721930857325
12574	1	0.0061008241464197786
12575	1	0.3901316493631595
12576	1	0.008562560205501444
12577	1	0.3116771914802526
12578	1	0.9953976238895429
12579	1	0.01155945627742695
12580	1	0.21888044525313066
12581	1	0.01434228834421492
12582	1	0.008990688215776517
12583	1	0.0010703200256876805
12584	1	0.04688001712512041
12585	1	0.001712512041100289
12586	1	0.01155945627742695
12587	1	0.0154126083699026
12588	1	0.005779728138713475
12591	1	0.015733704377608904
12592	1	0.0005351600128438403
12593	1	0.0539441292946591
12594	1	0.07995290591886973
12595	1	0.24317670983624104
12596	1	0.17403403617681687
12597	1	0.0005351600128438403
12598	1	0.7208605373006528
12599	1	0.07620678582896286
12600	1	0.004495344107888258
12601	1	0.35127903243069675
12602	1	0.2911270469870491
12605	1	0.03649791287594991
12606	1	0.4692282992614791
12607	1	0.18409504441828106
12608	1	0.3072888793749331
12609	1	0.048699561168789464
12610	1	0.026115808626779407
12611	1	0.00010703200256876806
12612	1	0.0009632880231189126
12613	1	0.0005351600128438403
12614	1	0.012201648292839557
12615	1	0.37589639302151334
12616	1	0.0027828320667879695
12617	1	0.10210853045060472
12618	1	0.0385315209247565
12619	1	0.007064112169538692
12620	1	0.007492240179813764
12621	1	0.8942523814620569
12622	1	0.2466017339184416
12623	1	0.003425024082200578
12624	1	0.11495237075885689
12625	1	0.06443326554639837
12626	1	0.08519747404473937
12627	1	0.2710050305041207
12628	1	0.044632345071176284
12629	1	0.16429412394305898
12631	1	0.003425024082200578
12632	1	0.008348496200363908
12633	1	0.028898640693567373
12634	1	0.03649791287594991
12635	1	0.018302472439259337
12636	1	0.12736808305683398
12637	1	0.18398801241571228
12638	1	0.0012843840308252167
12639	1	0.3116771914802525
12640	1	0.0729958257518998
12641	1	0.14085411538049877
12642	1	0.21962966927111205
12643	1	0.39484105747618536
12644	1	0.010061008241464197
12647	1	0.09461629027079096
12648	1	0.007064112169538691
12649	1	0.3544899925077598
12650	1	0.021834528524028684
12651	1	0.0047094081130257944
12652	1	0.0061008241464197786
12653	1	0.08284276998822648
12654	1	0.4360483784651611
12655	1	0.572193085732634
12656	1	0.678796960291127
12657	1	0.033179920796318096
12658	1	0.6764422562346142
12659	1	0.03649791287594991
12660	1	0.016054800385315208
12661	1	0.11216953869206893
12662	1	0.05694102536658461
12663	1	0.15091512362196297
12664	1	0.03649791287594991
12665	1	0.011131328267151878
12666	1	0.03649791287594991
12667	1	0.293481751043562
12668	1	0.05694102536658461
12669	1	0.49662849191908376
12670	1	0.14128224339077383
12671	1	0.3785721930857326
12672	1	0.04441828106603874
12673	1	0.005137536123300867
12674	1	0.2959434871026437
12675	1	0.02033608048806593
12676	1	0.13657283527774805
12677	1	0.17274965214599164
12678	1	0.1297227871133469
12679	1	0.0012843840308252167
12680	1	0.018837632452103178
12681	1	0.018837632452103178
12682	1	0.501551964037247
12683	1	0.017981376431553033
12684	1	0.3408969281815262
12685	1	0.408434121802419
12686	1	0.08198651396767634
12687	1	0.7051268329230438
12688	1	0.017339184416140425
12689	1	0.5734774697634593
12690	1	0.19640372471368936
12691	1	0.00032109600770630417
12692	1	0.42224125013379
12693	1	0.09418816226051589
12694	1	0.02247672053944129
12695	1	0.008134432195226372
12696	1	0.6263512790324306
12697	1	0.24745798993899176
12698	1	0.0005351600128438403
12699	1	0.03649791287594991
12700	1	0.00042812801027507225
12701	1	0.5728352777480467
12702	1	0.33522423204538154
12703	1	0.2590174462164187
12704	1	0.17403403617681687
12705	1	0.15027293160655034
12706	1	0.3206678796960291
12707	1	0.13261265118270363
12708	1	0.00032109600770630417
12709	1	0.006421920154126084
12710	1	0.07535052980841271
12713	1	0.06143636947447286
12714	1	0.3116771914802525
12715	1	0.001926576046237825
12718	1	0.17403403617681684
12719	1	0.07898961789575083
12720	1	0.0729958257518998
12721	1	0.11720004281280103
12722	1	0.5500374612008991
12723	1	0.0029968960719255057
12724	1	0.006957080166969924
12725	1	0.00010703200256876806
12726	1	0.08198651396767634
12727	1	0.18398801241571228
12728	1	0.4217060901209462
12729	1	0.019693888472653322
12730	1	0.0231189125548539
12731	1	0.001926576046237825
12732	1	0.4996253879910093
12733	1	0.08316386599593278
12734	1	0.12362196296692711
12735	1	0.0006421920154126083
12736	1	0.08198651396767634
12737	1	0.07920368190088836
12738	1	0.5089371722144922
12739	1	0.1705019800920475
12740	1	0.19586856470084554
12741	1	0.2410360697848657
12742	1	0.012415712297977095
12743	1	0.026115808626779407
12744	1	0.11206250668950014
12745	1	0.9520496628491917
12746	1	0.07963180991116343
12747	1	0.47714866745156803
12748	1	0.18238253237718077
12749	1	0.5051910521245853
12750	1	0.22155624531734988
12751	1	0.011773520282564487
12752	1	0.11398908273573799
12753	1	0.884084341218024
12754	1	0.3116771914802526
12755	1	0.3116771914802526
12756	1	0.1370009632880231
12759	1	0.0010703200256876805
12760	1	0.012843840308252166
12761	1	0.03157444075778658
12762	1	0.035534624852830994
12763	1	1.3065396553569517
12764	1	0.005565664133575939
12765	1	0.2632987263191694
12766	1	0.05308787327410896
12768	1	0.0048164401155945625
12769	1	0.00032109600770630417
12770	1	0.16536444396874667
12771	1	0.08990688215776517
12772	1	0.0061008241464197786
12773	1	0.23932355774376537
12774	1	0.0062078561489885475
12775	1	0.2007920368190089
12776	1	0.08048806593171358
12777	1	0.007492240179813764
12778	1	0.3382211281173071
12779	1	0.03681900888365621
12780	1	0.008027400192657604
12781	1	0.00032109600770630417
12782	1	0.517285668414856
12783	1	0.0028898640693567376
12786	1	0.0029968960719255057
12787	1	0.194263084662314
12788	1	0.0077063041849513
12789	1	0.001712512041100289
12790	1	0.19972171679332118
12791	1	0.012415712297977095
12792	1	0.061008241464197796
12793	1	0.00010703200256876806
12794	1	0.024831424595954187
12795	1	0.00021406400513753612
12796	1	0.01155945627742695
12797	1	0.007278176174676228
12798	1	0.1380712833137108
12799	1	0.3116771914802525
12800	1	0.1930857326340576
12801	1	0.5818259659638232
12802	1	0.12169538692068929
12803	1	0.583752542010061
12804	1	0.01155945627742695
12805	1	0.0005351600128438403
12806	1	0.030504120732098898
12807	1	0.12522744300545863
12808	1	0.2718612865246709
12809	1	1.4815369795568878
12810	1	0.05308787327410896
12811	1	0.007278176174676228
12812	1	0.30247243925933853
12813	1	0.4210638981055335
12814	1	0.0035320560847693456
12815	1	0.4045809697099433
12816	1	0.5060473081451353
12817	1	0.0014984480359627528
12818	1	0.00032109600770630417
12820	1	0.32591244782189865
12821	1	0.0035320560847693456
12822	1	0.09204752220914053
12823	1	0.027186128652467088
12824	1	0.08198651396767634
12825	1	0.003639088087338114
12826	1	0.04067216097613186
12827	1	0.008990688215776517
12828	1	0.00010703200256876806
12829	1	0.07535052980841271
12830	1	0.1611901958685647
12831	1	0.01155945627742695
12832	1	0.4848549716365192
12833	1	0.05565664133575939
12834	1	0.011880552285133253
12835	1	0.11077812265867495
12836	1	0.32216632773199183
12837	1	0.00021406400513753612
12838	1	0.18398801241571228
12839	1	0.08198651396767634
12840	1	0.28256448678154766
12841	1	0.11270469870491276
12842	1	0.2594455742266938
12843	1	0.11142031467408756
12844	1	0.18302472439259337
12845	1	0.03724713689393128
12846	1	0.0032109600770630414
12847	1	0.2022904848549716
12848	1	0.09611473830675372
12849	1	0.025045488601091723
12850	1	0.11431017874344429
12851	1	0.01584073638017767
12852	1	0.0006421920154126083
12853	1	0.2830996467943915
12854	1	0.14599165150379964
12855	1	0.006743016161832387
12856	1	0.0012843840308252167
12857	1	0.00010703200256876806
12858	1	0.1489885475757251
12859	1	0.20485925291662208
12860	1	0.003425024082200578
12861	1	0.0800599379214385
12862	1	0.005137536123300867
12863	1	0.1233008669592208
12864	1	0.003639088087338114
12865	1	0.1242641549823397
12866	1	0.08048806593171358
12869	1	0.03649791287594991
12870	1	0.685218880445253
12871	1	0.0073852081772449955
12872	1	0.014449320346783688
12873	1	0.18976774055442577
12874	1	0.22926254950230118
12875	1	0.02033608048806593
12876	1	0.00021406400513753612
12877	1	0.8948945734774698
12878	1	0.00010703200256876806
12879	1	0.3912019693888472
12880	1	0.0028898640693567376
12881	1	0.00042812801027507225
12882	1	0.1236219629669271
12885	1	0.08048806593171358
12886	1	0.10307181847372365
12887	1	0.00010703200256876806
12888	1	0.027614256662742157
12889	1	0.12137429091298298
12890	1	0.8528309964679437
12891	1	0.010917264262014342
12892	1	0.005565664133575939
12893	1	0.001712512041100289
12894	1	0.00042812801027507225
12895	1	0.3056833993364016
12896	1	0.7956759070962217
12897	1	0.0073852081772449955
12898	1	0.3912019693888472
12899	1	0.012201648292839559
12900	1	0.010275072246601734
12901	1	0.0016054800385315207
12902	1	0.8065931713582362
12903	1	0.0077063041849513
12904	1	0.015412608369902601
12905	1	0.45724071497377705
12906	1	0.28845124692282986
12907	1	0.00021406400513753612
12908	1	0.025687680616504335
12909	1	0.041528416996682006
12910	1	0.007064112169538691
12911	1	0.06796532163116772
12912	1	0.950123086802954
12913	1	0.02033608048806593
12914	1	0.17050198009204748
12917	1	0.021192336508616075
12918	1	0.0010703200256876805
12919	1	0.17403403617681684
12920	1	0.008669592208070212
12921	1	0.24777908594669804
12922	1	0.38959648935031554
12923	1	0.23547040565128974
12924	1	0.9970031039280745
12925	1	0.2577330621855935
12926	1	0.2697206464732955
12927	1	0.016054800385315208
12928	1	0.5581718933961255
12929	1	0.3116771914802526
12930	1	0.003425024082200578
12931	1	0.18623568446965644
12932	1	0.0012843840308252167
12933	1	0.6907845445788291
12934	1	0.1705019800920475
12935	1	0.11944771486674516
12936	1	0.26287059830889437
12937	1	0.0007492240179813764
12938	1	0.001926576046237825
12939	1	0.11238360269720646
12940	1	0.6990260087766241
12941	1	0.003425024082200578
12942	1	0.0006421920154126083
12943	1	0.014984480359627529
12944	1	0.06336294552071069
12945	1	0.00010703200256876806
12946	1	0.15498233971957615
12947	1	0.0077063041849513
12948	1	0.03649791287594991
12949	1	0.07320988975703735
12950	1	0.05276677726640266
12951	1	0.0048164401155945625
12952	1	0.08048806593171358
12953	1	0.0032109600770630414
12954	1	0.1297227871133469
12955	1	0.16600663598415927
12956	1	0.004281280102750722
12957	1	0.23632666167183985
12958	1	0.40843412180241895
12959	1	0.012843840308252167
12960	1	0.2485283099646794
12961	1	0.11238360269720646
12962	1	0.24745798993899176
12963	1	0.4500695708016697
12964	1	0.030825216739805202
12968	1	0.00032109600770630417
12969	1	0.2677940704270577
12970	1	0.08198651396767634
12971	1	0.4613079310713903
12972	1	0.001712512041100289
12974	1	0.004281280102750722
12976	1	0.10596168254308039
12977	1	0.011987584287702021
12978	1	0.11045702665096864
12979	1	0.015412608369902601
12980	1	0.4964144279139462
12981	1	0.14898854757572513
12982	1	0.4053301937279246
12983	1	0.03425024082200578
12984	1	0.00010703200256876806
12985	1	0.07363801776731242
12986	1	0.08284276998822648
12987	1	0.06528952156694852
12988	1	0.6975275607406615
12989	1	0.1599058118377395
12990	1	0.003425024082200578
12991	1	0.01990795247779086
12992	1	0.2093545970245103
12993	1	0.0012843840308252167
12994	1	0.00021406400513753612
12995	1	0.017981376431553033
12996	1	0.003639088087338114
12997	1	0.0014984480359627528
12998	1	0.09087017018088409
12999	1	0.009097720218345285
13000	1	0.0014984480359627528
13001	1	0.4555282029326769
13002	1	0.21727496521459913
13003	1	0.42256234614149624
13004	1	0.3232366477576795
13005	1	0.19073102857754465
13006	1	0.1297227871133469
13007	1	0.026222840629348175
13008	1	0.0014984480359627528
13009	1	0.027828320667879696
13010	1	0.0539441292946591
13011	1	0.8387027721288665
13012	1	0.0010703200256876805
13013	1	0.010917264262014342
13014	1	0.2734667665632024
13015	1	0.0014984480359627528
13016	1	0.00042812801027507225
13017	1	0.03168147276035534
13018	1	0.11142031467408756
13019	1	0.439794498555068
13020	1	0.0034250240822005775
13021	1	0.011880552285133255
13022	1	0.00032109600770630417
13023	1	0.11142031467408753
13024	1	0.27228941453494593
13025	1	0.043240929037782296
13026	1	0.014128224339077382
13027	1	0.008348496200363908
13028	1	0.32858824788611796
13029	1	0.21063898105533552
13030	1	0.07320988975703735
13031	1	0.44889221877341323
13034	1	0.00021406400513753612
13035	1	0.22209140533019373
13036	1	0.0007492240179813764
13037	1	0.003425024082200578
13038	1	0.6790110242962646
13039	1	0.22669378144065078
13040	1	0.07749116985978807
13041	1	0.3604837846516108
13042	1	0.22733597345606335
13043	1	0.03253772878090549
13044	1	0.0006421920154126083
13045	1	0.005886760141282243
13046	1	0.21834528524028685
13047	1	0.07813336187520067
13048	1	0.0017125120411002888
13049	1	0.37985657711655785
13050	1	0.0539441292946591
13051	1	0.0012843840308252167
13052	1	0.7423739698169753
13053	1	0.0008562560205501445
13054	1	0.008562560205501444
13055	1	0.005458632131007171
13056	1	0.03339398480145563
13057	1	0.00021406400513753612
13058	1	0.2610510542652253
13059	1	0.11077812265867495
13060	1	0.26372685432944454
13061	1	0.005565664133575939
13062	1	0.0012843840308252167
13063	1	0.0029968960719255057
13064	1	0.3116771914802525
13065	1	0.18398801241571228
13066	1	0.12201648292839559
13067	1	0.3493524563844589
13068	1	0.00385315209247565
13070	1	0.030825216739805202
13071	1	0.08048806593171358
13072	1	0.0023547040565128972
13073	1	0.03746120089906882
13074	1	0.22155624531734985
13075	1	0.08123728994969495
13076	1	0.005137536123300867
13077	1	0.0007492240179813764
13078	1	0.4949159798779835
13081	1	0.4084341218024188
13082	1	0.035962752863106066
13083	1	0.02483142459595419
13084	1	0.014770416354489993
13085	1	0.006421920154126083
13086	1	0.008562560205501444
13087	1	0.1775660922615862
13088	1	0.12394305897463341
13091	1	0.2573049341753184
13093	1	0.14984480359627528
13094	1	0.0011773520282564486
13095	1	0.3116771914802526
13096	1	0.009097720218345285
13097	1	0.19362089264690144
13098	1	0.008348496200363908
13099	1	0.002247672053944129
13100	1	0.03692604088622498
13101	1	0.0408862249812694
13102	1	0.00010703200256876806
13103	1	0.19779514074708338
13104	1	0.00042812801027507225
13105	1	0.3116771914802526
13106	1	0.0008562560205501445
13107	1	0.17178636412287274
13108	1	0.004816440115594562
13109	1	0.0016054800385315207
13110	1	0.36262442470298606
13111	1	0.001926576046237825
13112	1	0.16568553997645297
13113	1	0.24017981376431552
13114	1	0.0007492240179813764
13115	1	0.08284276998822648
13116	1	0.02654393663705448
13117	1	0.0005351600128438403
13118	1	0.0385315209247565
13119	1	0.03639088087338114
13120	1	0.00021406400513753612
13121	1	0.3116771914802526
13122	1	0.5118270362838488
13123	1	0.00010703200256876806
13124	1	0.003425024082200578
13125	1	0.1454564914909558
13126	1	0.004067216097613186
13127	1	0.00010703200256876806
13128	1	0.005137536123300867
13129	1	0.0009632880231189126
13130	1	0.4354061864497485
13131	1	0.005137536123300867
13132	1	0.43604837846516104
13133	1	0.006421920154126084
11296	1	0.03746120089906882
11272	1	0.183666916408006
11277	1	0.026222840629348175
11832	1	0.0154126083699026
11795	1	0.11655785079738842
11645	1	0.12008990688215776
11685	1	0.41036069784865675
11842	1	0.15840736380177672
11646	1	0.025687680616504335
11829	1	0.01926576046237825
11484	1	0.2774269506582468
11890	1	0.6796532163116773
12072	1	0.20603660494487852
11849	1	0.1152734667665632
11322	1	0.1618323878839773
11337	1	0.6918548646045167
12156	1	0.21277962110671092
12184	1	1.2773199186556778
12201	1	0.27839023868136575
11805	1	0.4045809697099431
11278	1	1.1382853473188483
11341	1	0.11463127475115059
11317	1	0.15733704377608904
11485	1	0.16429412394305895
11340	1	0.5124692282992614
11987	1	0.01926576046237825
12016	1	0.10542652253023654
11321	1	0.012843840308252166
12479	1	0.24874237396981697
11925	1	0.00385315209247565
12200	1	0.029968960719255058
11396	1	0.5856791180562988
11841	1	0.00042812801027507225
11974	1	0.0047094081130257944
12224	1	0.09590067430161618
12103	1	0.016054800385315208
12260	1	0.044953441078882585
12129	1	0.008348496200363908
12716	1	0.1605480038531521
11779	1	0.012415712297977095
12646	1	0.01873060044953441
12495	1	0.1152734667665632
12169	1	0.5069035641656855
12758	1	0.00385315209247565
12767	1	0.5940276142566627
11830	1	0.005458632131007171
12104	1	0.01423525634164615
12645	1	0.017981376431553033
11988	1	0.011773520282564487
11605	1	0.21363587712726106
11758	1	0.24724392593385422
11777	1	0.00995397623889543
12630	1	0.07363801776731242
13079	1	0.1078882585893182
12884	1	0.08616076206785828
12785	1	0.019479824467515786
12973	1	0.008134432195226372
12757	1	0.0462378251097078
13090	1	0.39559028149416675
12155	1	0.00545863213100717
11796	1	0.00032109600770630417
12390	1	0.018302472439259337
11665	1	0.06122230546933533
13089	1	0.02483142459595419
12784	1	0.004174248100181954
12128	1	0.20657176495772234
11336	1	0.1511291876271005
11495	1	0.007064112169538691
12252	1	0.023547040565128973
12965	1	0.2144921331478112
11347	1	0.0077063041849513006
12290	1	0.6398373113560956
11451	1	0.02483142459595419
12550	1	0.3604837846516108
11778	1	0.021192336508616075
11275	1	0.2269078454457883
11276	1	0.2745370865888901
12071	1	0.01155945627742695
13069	1	0.024724392593385422
11686	1	0.2536658460879803
12711	1	0.024082200577972813
11295	1	0.0036390880873381137
11870	1	0.023761104570266506
12015	1	0.3199186556780478
12967	1	0.10617574654821792
12389	1	0.012201648292839559
12915	1	0.0023547040565128972
13092	1	0.00385315209247565
12183	1	0.027293160655035856
11327	1	0.20892646901423526
11802	1	0.0412073209889757
12544	1	0.011987584287702023
12478	1	0.27742695065824674
12335	1	0.0010703200256876805
12604	1	0.00545863213100717
11505	1	0.1514502836348068
12966	1	0.0010703200256876805
12017	1	0.059081665417959964
12603	1	0.0014984480359627528
12549	1	0.17981376431553034
12220	1	0.03253772878090549
12543	1	0.005137536123300867
11926	1	0.009418816226051589
11981	1	0.004067216097613186
11496	1	0.006743016161832387
11395	1	0.002033608048806593
11318	1	0.0035320560847693456
11848	1	0.004067216097613186
11776	1	0.0016054800385315207
11664	1	0.023975168575404045
11801	1	0.012629776303114631
11937	1	0.15498233971957615
12712	1	0.07877555389061329
12975	1	0.0047094081130257944
12299	1	0.15797923579150167
11452	1	0.0012843840308252167
11328	1	0.005351600128438403
12819	1	0.03146740875521781
12868	1	0.003639088087338114
11869	1	0.0027828320667879695
11348	2	0.00042812801027507225
11506	2	0.0005351600128438403
11606	2	0.00042812801027507225
11831	2	0.00032109600770630417
12168	2	0.0008562560205501445
12298	2	0.00032109600770630417
12717	2	0.0013914160333939848
12867	2	0.00021406400513753612
12883	2	0.0005351600128438403
12916	2	0.00021406400513753612
13080	2	0.00042812801027507225
12120	100	0.00010703200256876806
12121	100	0.00010703200256876806
12589	100	0.00010703200256876806
12590	100	0.00010703200256876806
13032	100	0.00010703200256876806
13033	100	0.00010703200256876806
