28660	0.00013354700854700856
28661	0.00013354700854700856
17987	0.0002670940170940171
28662	0.0005341880341880342
24816	0.00013354700854700856
28663	0.00013354700854700856
28664	0.00013354700854700856
4613	0.00013354700854700856
28665	0.00013354700854700856
8408	0.00013354700854700856
28666	0.0008012820512820514
10930	0.0002670940170940171
28667	0.00013354700854700856
16647	0.00013354700854700856
5672	0.004273504273504274
28668	0.006944444444444446
28669	0.0002670940170940171
631	0.0008012820512820514
14897	0.0002670940170940171
28670	0.0008012820512820514
28671	0.0008012820512820514
1053	0.008012820512820512
16121	0.0004006410256410257
28672	0.0016025641025641027
28673	0.006410256410256411
28674	0.0008012820512820514
28675	0.00013354700854700856
12935	0.00013354700854700856
28676	0.002670940170940171
1165	0.020432692307692304
28677	0.0005341880341880342
5518	0.0002670940170940171
14519	0.0002670940170940171
28678	0.0008012820512820514
28679	0.0008012820512820514
17784	0.0002670940170940171
28680	0.0013354700854700855
12039	0.0002670940170940171
28681	0.00013354700854700856
18887	0.00013354700854700856
28555	0.00013354700854700856
28682	0.00013354700854700856
28683	0.0005341880341880342
11029	0.0002670940170940171
28684	0.0010683760683760685
2989	0.0016025641025641027
428	0.24679487179487175
28685	0.004407051282051283
28686	0.0005341880341880342
1264	0.002136752136752137
28687	0.00013354700854700856
4025	0.00013354700854700856
28688	0.0013354700854700855
4636	0.004807692307692308
28689	0.00013354700854700856
24780	0.00013354700854700856
28690	0.00013354700854700856
28691	0.00013354700854700856
28692	0.00013354700854700856
12695	0.00013354700854700856
1164	0.0005341880341880342
28693	0.0002670940170940171
28694	0.0002670940170940171
28695	0.0008012820512820514
16609	0.00013354700854700856
28696	0.00013354700854700856
21379	0.00013354700854700856
28697	0.00013354700854700856
6122	0.012152777777777776
28698	0.00093482905982906
28699	0.0008012820512820514
7457	0.00560897435897436
15617	0.00013354700854700856
28700	0.00013354700854700856
28701	0.002136752136752137
795	0.006677350427350428
28702	0.0005341880341880342
4352	0.0002670940170940171
7198	0.002403846153846154
28703	0.0016025641025641027
26000	0.0002670940170940171
28704	0.0008012820512820514
28705	0.0002670940170940171
11207	0.0005341880341880342
28706	0.0010683760683760685
935	0.0002670940170940171
20686	0.0002670940170940171
28707	0.0005341880341880342
28708	0.0002670940170940171
1801	0.0008012820512820514
28709	0.0005341880341880342
1109	0.002136752136752137
712	0.01121794871794872
28710	0.00093482905982906
22777	0.00013354700854700856
28711	0.00013354700854700856
28712	0.003605769230769231
3221	0.002403846153846154
28713	0.0022702991452991455
698	0.049946581196581186
28714	0.0008012820512820514
28715	0.0013354700854700855
28716	0.0005341880341880342
28717	0.0002670940170940171
28718	0.0005341880341880342
1540	0.0002670940170940171
28719	0.00013354700854700856
21172	0.00013354700854700856
313	0.0002670940170940171
28720	0.0005341880341880342
28721	0.0004006410256410257
518	0.001201923076923077
28722	0.00013354700854700856
8919	0.00013354700854700856
3538	0.0004006410256410257
28723	0.001201923076923077
28724	0.00013354700854700856
28725	0.00013354700854700856
16395	0.0002670940170940171
28726	0.0005341880341880342
10489	0.0008012820512820514
28727	0.011485042735042736
16320	0.0008012820512820514
28728	0.0002670940170940171
28729	0.0017361111111111112
1681	0.031249999999999997
20324	0.0010683760683760685
28730	0.0002670940170940171
18133	0.0002670940170940171
28731	0.0005341880341880342
28732	0.0004006410256410257
207	0.0016025641025641027
922	0.0016025641025641027
28733	0.0004006410256410257
28734	0.0013354700854700855
28735	0.002003205128205128
7830	0.0010683760683760685
28736	0.0008012820512820514
28737	0.00013354700854700856
20456	0.00013354700854700856
28738	0.003739316239316239
18464	0.0016025641025641027
28739	0.0029380341880341884
1775	0.09695512820512818
28740	0.0013354700854700855
16003	0.0032051282051282055
28741	0.0013354700854700855
1240	0.002003205128205128
28742	0.0004006410256410257
2452	0.001201923076923077
28743	0.002403846153846154
19592	0.0013354700854700855
28744	0.0025373931623931625
1181	0.06850961538461538
28745	0.0005341880341880342
5379	0.0002670940170940171
28746	0.00013354700854700856
10024	0.00013354700854700856
28747	0.00013354700854700856
13970	0.00013354700854700856
28748	0.007612179487179488
17273	0.0004006410256410257
28749	0.00013354700854700856
9048	0.00013354700854700856
28621	0.0002670940170940171
28750	0.0005341880341880342
28751	0.0002670940170940171
28752	0.0008012820512820514
28753	0.001201923076923077
8844	0.0004006410256410257
618	0.00013354700854700856
28754	0.00013354700854700856
1196	0.00013354700854700856
28755	0.00013354700854700856
28756	0.0005341880341880342
5620	0.0002670940170940171
28757	0.0005341880341880342
6052	0.0002670940170940171
28758	0.00013354700854700856
28759	0.00013354700854700856
28760	0.002670940170940171
28761	0.00186965811965812
7704	0.010416666666666668
17371	0.0002670940170940171
28762	0.0005341880341880342
28763	0.0005341880341880342
110	0.0002670940170940171
28764	0.0005341880341880342
8443	0.0002670940170940171
28765	0.0008012820512820514
28766	0.0002670940170940171
1214	0.002003205128205128
28767	0.0010683760683760685
1905	0.00560897435897436
28768	0.0008012820512820514
28769	0.0008012820512820514
1673	0.0008012820512820514
28770	0.0010683760683760685
28771	0.0016025641025641027
28772	0.0010683760683760685
5152	0.0002670940170940171
28773	0.0002670940170940171
6828	0.0005341880341880342
28774	0.002136752136752137
28775	0.005608974358974359
28776	0.007745726495726497
411	0.1794871794871795
28777	0.0013354700854700855
1367	0.016025641025641024
28778	0.006410256410256411
423	0.10576923076923075
10524	0.0005341880341880342
28779	0.0002670940170940171
28780	0.00013354700854700856
3954	0.00013354700854700856
28781	0.0008012820512820514
1577	0.006410256410256411
28782	0.0005341880341880342
704	0.0002670940170940171
28783	0.0008012820512820514
9894	0.0002670940170940171
28784	0.0005341880341880342
2056	0.0002670940170940171
314	0.0008012820512820514
28785	0.0002670940170940171
28786	0.0002670940170940171
9672	0.0013354700854700855
28787	0.0002670940170940171
28788	0.0008012820512820514
28789	0.0002670940170940171
6252	0.0010683760683760685
28790	0.0004006410256410257
9252	0.001201923076923077
28791	0.00013354700854700856
28792	0.00013354700854700856
2220	0.00013354700854700856
28793	0.00013354700854700856
9603	0.00013354700854700856
28794	0.00013354700854700856
28795	0.003071581196581197
225	0.11364850427350427
28796	0.002403846153846154
3207	0.00841346153846154
26360	0.0002670940170940171
28797	0.0010683760683760685
28798	0.00013354700854700856
10502	0.00013354700854700856
28799	0.0008012820512820514
12913	0.0013354700854700855
28800	0.005074786324786325
353	0.0658386752136752
28801	0.0005341880341880342
15631	0.0002670940170940171
28802	0.00013354700854700856
8287	0.00013354700854700856
28803	0.00013354700854700856
24084	0.00013354700854700856
8652	0.0002670940170940171
28804	0.0005341880341880342
28805	0.00013354700854700856
21598	0.00013354700854700856
28806	0.0010683760683760685
7126	0.0016025641025641027
28807	0.00013354700854700856
18994	0.00013354700854700856
22237	0.00013354700854700856
28808	0.00013354700854700856
7783	0.0002670940170940171
28809	0.00186965811965812
28810	0.0020032051282051285
335	0.04206730769230769
28811	0.0029380341880341884
731	0.09989316239316239
28812	0.004273504273504274
28813	0.0005341880341880342
6254	0.0002670940170940171
28814	0.0029380341880341884
28815	0.0037393162393162395
3722	0.03993055555555555
28816	0.0010683760683760685
2560	0.002003205128205128
28817	0.0013354700854700855
28818	0.0002670940170940171
28819	0.0005341880341880342
1504	0.0002670940170940171
28820	0.00013354700854700856
26134	0.00013354700854700856
28821	0.0004006410256410257
137	0.00280448717948718
28822	0.0017361111111111112
28823	0.00013354700854700856
19927	0.00013354700854700856
22924	0.00013354700854700856
28824	0.00013354700854700856
28825	0.0022702991452991455
499	0.06356837606837605
24753	0.0008012820512820514
28826	0.0013354700854700855
28827	0.0034722222222222225
2005	0.002403846153846154
28828	0.00013354700854700856
28829	0.00013354700854700856
28830	0.0004006410256410257
28831	0.0016025641025641027
28832	0.0002670940170940171
28833	0.0005341880341880342
28834	0.00013354700854700856
28835	0.00013354700854700856
28836	0.0005341880341880342
26763	0.0002670940170940171
28837	0.0016025641025641027
18278	0.0004006410256410257
28838	0.0016025641025641027
24	0.0004006410256410257
28839	0.0005341880341880342
28840	0.002136752136752137
21297	0.0002670940170940171
28841	0.0013354700854700855
28842	0.0005341880341880342
1312	0.0002670940170940171
28843	0.0010683760683760685
5583	0.002003205128205128
28844	0.00013354700854700856
192	0.00013354700854700856
28845	0.0093482905982906
28846	0.0002670940170940171
6962	0.0005341880341880342
28847	0.0005341880341880342
27990	0.0002670940170940171
28848	0.0005341880341880342
15478	0.0002670940170940171
23906	0.00013354700854700856
28849	0.00013354700854700856
28850	0.00013354700854700856
28851	0.00013354700854700856
28852	0.003739316239316239
5269	0.0005341880341880342
28853	0.0004006410256410257
2939	0.0016025641025641027
27100	0.0005341880341880342
28854	0.0002670940170940171
28855	0.00013354700854700856
16086	0.00013354700854700856
20685	0.0002670940170940171
28856	0.0005341880341880342
28857	0.0093482905982906
28858	0.0008012820512820514
8974	0.005608974358974358
28859	0.00013354700854700856
6683	0.00013354700854700856
28860	0.0008012820512820514
28861	0.0008012820512820514
28862	0.0008012820512820514
544	0.0010683760683760685
28863	0.0017361111111111112
2178	0.00013354700854700856
28864	0.00013354700854700856
28865	0.0037393162393162395
28866	0.0008012820512820514
10553	0.0008012820512820514
19833	0.00013354700854700856
28867	0.00013354700854700856
28868	0.0005341880341880342
28869	0.0002670940170940171
28870	0.006143162393162394
655	0.0862713675213675
28871	0.0002670940170940171
26867	0.0002670940170940171
28872	0.00186965811965812
28873	0.0005341880341880342
4616	0.0002670940170940171
28874	0.0002670940170940171
9836	0.0008012820512820514
28875	0.001201923076923077
2841	0.0004006410256410257
13503	0.0008012820512820514
28876	0.0002670940170940171
1651	0.0002670940170940171
28877	0.0016025641025641025
28878	0.002670940170940171
792	0.00013354700854700856
28879	0.00013354700854700856
28880	0.0005341880341880342
1988	0.0032051282051282055
11455	0.0002670940170940171
28881	0.00186965811965812
1720	0.12179487179487178
28882	0.0032051282051282055
17073	0.00013354700854700856
28883	0.00013354700854700856
28884	0.00013354700854700856
6411	0.00013354700854700856
28885	0.00013354700854700856
23087	0.00013354700854700856
25873	0.00013354700854700856
28886	0.00013354700854700856
28887	0.0004006410256410257
20498	0.0016025641025641027
23337	0.00013354700854700856
28888	0.00013354700854700856
28889	0.0004006410256410257
19432	0.001201923076923077
17099	0.00013354700854700856
28890	0.00013354700854700856
28481	0.00013354700854700856
28891	0.00013354700854700856
28892	0.0008012820512820514
28893	0.0018696581196581197
28894	0.0005341880341880342
23294	0.0002670940170940171
28895	0.004407051282051283
28896	0.00093482905982906
28897	0.00013354700854700856
9622	0.00013354700854700856
8350	0.00013354700854700856
28898	0.00013354700854700856
28899	0.00013354700854700856
22312	0.00013354700854700856
3706	0.0016025641025641027
28900	0.0004006410256410257
28258	0.0002670940170940171
28901	0.0005341880341880342
28902	0.0005341880341880342
16393	0.0002670940170940171
28903	0.0002670940170940171
949	0.0005341880341880342
28904	0.002670940170940171
28905	0.004540598290598291
41	0.055555555555555546
1093	0.00013354700854700856
28906	0.00013354700854700856
28907	0.0002670940170940171
488	0.0005341880341880342
20481	0.00013354700854700856
28908	0.00013354700854700856
28909	0.0005341880341880342
11622	0.0002670940170940171
1972	0.006677350427350428
28910	0.0016025641025641025
28911	0.00013354700854700856
16475	0.00013354700854700856
28912	0.0010683760683760685
5312	0.0002670940170940171
3211	0.00013354700854700856
28913	0.00013354700854700856
8984	0.0004006410256410257
28914	0.001201923076923077
28915	0.00013354700854700856
5674	0.00013354700854700856
28916	0.0004006410256410257
28917	0.0022702991452991455
28918	0.00013354700854700856
21732	0.00013354700854700856
28919	0.0002670940170940171
6498	0.0005341880341880342
14428	0.0008012820512820514
28920	0.011485042735042736
28921	0.00013354700854700856
4427	0.00013354700854700856
28922	0.0005341880341880342
589	0.002670940170940171
28923	0.0010683760683760685
6656	0.002003205128205128
28924	0.00013354700854700856
7383	0.00013354700854700856
28925	0.0002670940170940171
166	0.03472222222222222
28926	0.0017361111111111112
28927	0.0008012820512820514
17741	0.0002670940170940171
28928	0.012419871794871798
28929	0.00013354700854700856
24516	0.00013354700854700856
18701	0.0008012820512820514
28930	0.0002670940170940171
28931	0.0008012820512820514
19252	0.0002670940170940171
28932	0.0005341880341880342
2742	0.0002670940170940171
6422	0.0010683760683760685
28933	0.002403846153846154
4973	0.0016025641025641027
28934	0.0010683760683760685
28935	0.0005341880341880342
28936	0.0002670940170940171
28937	0.002003205128205128
2052	0.0004006410256410257
28938	0.0004006410256410257
17584	0.001201923076923077
28939	0.0010683760683760685
625	0.016025641025641024
28940	0.0002670940170940171
28941	0.0008012820512820514
15931	0.0002670940170940171
28942	0.00013354700854700856
4524	0.00013354700854700856
28943	0.0008012820512820514
9090	0.00013354700854700856
28944	0.00013354700854700856
28945	0.0006677350427350427
14801	0.004006410256410257
28946	0.0005341880341880342
5979	0.0002670940170940171
21630	0.00013354700854700856
28947	0.00013354700854700856
28948	0.0005341880341880342
3579	0.0002670940170940171
28949	0.0008012820512820514
5228	0.0002670940170940171
28950	0.0016025641025641027
28951	0.0005341880341880342
6830	0.0002670940170940171
28952	0.0005341880341880342
1949	0.0002670940170940171
28953	0.00013354700854700856
13773	0.00013354700854700856
28954	0.0010683760683760685
16487	0.0002670940170940171
28955	0.0037393162393162395
28956	0.0093482905982906
18624	0.0010683760683760685
8089	0.0002670940170940171
28957	0.0008012820512820514
28958	0.0002670940170940171
7099	0.0005341880341880342
28959	0.0005341880341880342
7560	0.0002670940170940171
28960	0.0004006410256410257
9823	0.0002670940170940171
28961	0.0005341880341880342
9481	0.002670940170940171
28962	0.01201923076923077
28963	0.0002670940170940171
4421	0.0005341880341880342
7537	0.0010683760683760685
28964	0.0008012820512820514
28965	0.00013354700854700856
9951	0.00013354700854700856
28966	0.0002670940170940171
13470	0.0008012820512820514
28967	0.00013354700854700856
28968	0.00013354700854700856
28969	0.0008012820512820514
12575	0.004807692307692308
28970	0.0005341880341880342
13243	0.0002670940170940171
7090	0.0002670940170940171
28971	0.0008012820512820514
28972	0.0004006410256410257
28973	0.005475427350427351
211	0.38875534188034205
28974	0.0002670940170940171
4531	0.0008012820512820514
28975	0.0005341880341880342
15269	0.0002670940170940171
28976	0.00013354700854700856
808	0.00013354700854700856
28977	0.0020032051282051285
23277	0.00013354700854700856
28978	0.00013354700854700856
7926	0.00013354700854700856
28979	0.00013354700854700856
22056	0.0002670940170940171
28980	0.0008012820512820514
28981	0.00013354700854700856
28982	0.00013354700854700856
15947	0.0002670940170940171
28983	0.0005341880341880342
28984	0.00013354700854700856
7800	0.00013354700854700856
28985	0.0002670940170940171
24690	0.0005341880341880342
28986	0.00013354700854700856
4009	0.00013354700854700856
28987	0.0004006410256410257
28988	0.0028044871794871795
20908	0.00013354700854700856
28989	0.00013354700854700856
28990	0.0013354700854700855
28991	0.004407051282051282
28992	0.007211538461538462
28993	0.00747863247863248
13333	0.0002670940170940171
28994	0.005341880341880342
21320	0.0002670940170940171
28995	0.004273504273504274
16926	0.0002670940170940171
28996	0.0005341880341880342
28997	0.00013354700854700856
8848	0.00013354700854700856
28998	0.0002670940170940171
4977	0.0005341880341880342
1010	0.0013354700854700855
28999	0.002003205128205128
29000	0.00013354700854700856
22632	0.00013354700854700856
29001	0.00013354700854700856
5433	0.00013354700854700856
25354	0.00013354700854700856
29002	0.00013354700854700856
29003	0.00013354700854700856
11922	0.00013354700854700856
29004	0.0006677350427350427
4658	0.006009615384615385
29005	0.00013354700854700856
22915	0.00013354700854700856
29006	0.0005341880341880342
3607	0.0002670940170940171
29007	0.00013354700854700856
26835	0.00013354700854700856
29008	0.005608974358974359
27747	0.0002670940170940171
29009	0.002403846153846154
462	0.06490384615384615
29010	0.0010683760683760685
29011	0.0010683760683760685
29012	0.004407051282051283
29013	0.00013354700854700856
6131	0.00013354700854700856
29014	0.0002670940170940171
15886	0.0008012820512820514
19915	0.00013354700854700856
29015	0.00013354700854700856
27663	0.00013354700854700856
29016	0.00013354700854700856
10329	0.0002670940170940171
29017	0.0013354700854700855
29018	0.0002670940170940171
12680	0.0008012820512820514
29019	0.0008012820512820514
13207	0.0002670940170940171
29020	0.00013354700854700856
7575	0.00013354700854700856
29021	0.00013354700854700856
1744	0.00013354700854700856
29022	0.002670940170940171
29023	0.0004006410256410257
29024	0.001201923076923077
29025	0.0005341880341880342
29026	0.0002670940170940171
25978	0.00013354700854700856
29027	0.00013354700854700856
27732	0.0004006410256410257
29028	0.0016025641025641027
29029	0.0013354700854700855
6885	0.00013354700854700856
29030	0.00013354700854700856
29031	0.0008012820512820514
13174	0.0010683760683760685
29032	0.00013354700854700856
17562	0.00013354700854700856
29033	0.0008012820512820514
13876	0.0002670940170940171
29034	0.0004006410256410257
4348	0.0016025641025641027
29035	0.00013354700854700856
6289	0.00013354700854700856
29036	0.0002670940170940171
9536	0.0005341880341880342
29037	0.0005341880341880342
10862	0.0002670940170940171
29038	0.0005341880341880342
19736	0.0002670940170940171
29039	0.00013354700854700856
21892	0.00013354700854700856
29040	0.0010683760683760685
23321	0.0002670940170940171
29041	0.0005341880341880342
14110	0.0002670940170940171
29042	0.0005341880341880342
17508	0.0002670940170940171
16283	0.0002670940170940171
29043	0.0005341880341880342
29044	0.011752136752136754
29045	0.00013354700854700856
3724	0.00013354700854700856
29046	0.0013354700854700855
29047	0.00013354700854700856
16206	0.00013354700854700856
7843	0.0002670940170940171
29048	0.0005341880341880342
176	0.0005341880341880342
29049	0.0002670940170940171
29050	0.0010683760683760685
9685	0.0008012820512820514
29051	0.013621794871794872
29052	0.001201923076923077
29053	0.0004006410256410257
29054	0.0005341880341880342
26347	0.0002670940170940171
20006	0.00013354700854700856
29055	0.00013354700854700856
29056	0.0002670940170940171
248	0.0005341880341880342
29057	0.002670940170940171
2015	0.020432692307692308
29058	0.0008012820512820514
11073	0.0002670940170940171
29059	0.0005341880341880342
9719	0.0002670940170940171
12908	0.00013354700854700856
29060	0.00013354700854700856
29061	0.00013354700854700856
23678	0.00013354700854700856
29062	0.00013354700854700856
25597	0.00013354700854700856
29063	0.0002670940170940171
2258	0.0005341880341880342
29064	0.00013354700854700856
1603	0.00013354700854700856
29065	0.0005341880341880342
5984	0.002670940170940171
29066	0.00013354700854700856
7019	0.00013354700854700856
29067	0.0002670940170940171
29068	0.0005341880341880342
5509	0.00013354700854700856
29069	0.00013354700854700856
29070	0.0022702991452991455
7117	0.0002670940170940171
29071	0.0008012820512820514
29072	0.00013354700854700856
11849	0.00013354700854700856
29073	0.0004006410256410257
2006	0.0016025641025641027
29074	0.0005341880341880342
8639	0.0002670940170940171
13853	0.0010683760683760685
29075	0.0013354700854700855
5283	0.00013354700854700856
29076	0.00013354700854700856
1768	0.00013354700854700856
29077	0.00013354700854700856
20082	0.00013354700854700856
29078	0.00013354700854700856
12159	0.0004006410256410257
29079	0.001201923076923077
29080	0.0005341880341880342
13157	0.0002670940170940171
29081	0.00013354700854700856
29082	0.00013354700854700856
29083	0.0005341880341880342
29084	0.0002670940170940171
29085	0.008012820512820514
29086	0.00013354700854700856
21030	0.00013354700854700856
29087	0.004807692307692308
858	0.0005341880341880342
29088	0.0002670940170940171
29089	0.0002670940170940171
24150	0.0016025641025641025
29090	0.00013354700854700856
9093	0.00013354700854700856
29091	0.006677350427350428
29092	0.0002670940170940171
10944	0.0002670940170940171
29093	0.0005341880341880342
29094	0.0013354700854700855
67	0.0037393162393162395
29095	0.0002670940170940171
4632	0.0008012820512820514
29096	0.00013354700854700856
8950	0.00013354700854700856
29097	0.0008012820512820514
11120	0.0002670940170940171
29098	0.0006677350427350427
9913	0.00013354700854700856
29099	0.00013354700854700856
29100	0.002670940170940171
11752	0.0010683760683760685
29101	0.0008012820512820514
11191	0.00013354700854700856
29102	0.00013354700854700856
29103	0.0008012820512820514
4118	0.0002670940170940171
29104	0.0005341880341880342
29105	0.00013354700854700856
29106	0.00013354700854700856
29107	0.002403846153846154
29108	0.0008012820512820514
19673	0.0002670940170940171
29109	0.0002670940170940171
22603	0.0008012820512820514
29110	0.00013354700854700856
10394	0.00013354700854700856
29111	0.00013354700854700856
13383	0.00013354700854700856
1106	0.0008012820512820514
29112	0.0002670940170940171
14323	0.0002670940170940171
29113	0.0008012820512820514
7341	0.00013354700854700856
29114	0.00013354700854700856
29115	0.0005341880341880342
17740	0.0002670940170940171
29116	0.0010683760683760685
1819	0.010683760683760684
9645	0.0002670940170940171
29117	0.0008012820512820514
29118	0.00013354700854700856
20411	0.00013354700854700856
29119	0.0013354700854700855
3855	0.004273504273504274
19786	0.0005341880341880342
29120	0.0002670940170940171
29121	0.0008012820512820514
2741	0.0010683760683760685
2749	0.0006677350427350427
29122	0.006677350427350428
11869	0.0002670940170940171
29123	0.0005341880341880342
10860	0.0008012820512820514
29124	0.0002670940170940171
29125	0.00013354700854700856
6349	0.00013354700854700856
29126	0.0002670940170940171
29127	0.004807692307692308
24936	0.00013354700854700856
29128	0.00013354700854700856
29129	0.0002670940170940171
3102	0.0005341880341880342
29130	0.0008012820512820514
29131	0.0010683760683760685
24913	0.0008012820512820514
29132	0.0002670940170940171
29133	0.0016025641025641025
29134	0.0008012820512820514
11123	0.0002670940170940171
29135	0.0008012820512820514
13877	0.0002670940170940171
29136	0.00013354700854700856
29137	0.00013354700854700856
7840	0.0002670940170940171
29138	0.0005341880341880342
26888	0.0004006410256410257
29139	0.002403846153846154
29140	0.002670940170940171
702	0.09615384615384615
29141	0.00013354700854700856
11	0.00013354700854700856
29142	0.00093482905982906
29143	0.0006677350427350427
7414	0.004006410256410257
29144	0.00013354700854700856
532	0.00013354700854700856
24506	0.00013354700854700856
29145	0.00013354700854700856
14279	0.00013354700854700856
29146	0.00013354700854700856
29147	0.0005341880341880342
9830	0.0002670940170940171
11171	0.00013354700854700856
29148	0.00013354700854700856
29149	0.00013354700854700856
29150	0.00013354700854700856
29151	0.0008012820512820514
1290	0.0010683760683760685
29152	0.0005341880341880342
28086	0.0002670940170940171
29153	0.00013354700854700856
4109	0.00013354700854700856
29154	0.014823717948717952
495	0.20432692307692318
29155	0.0093482905982906
20159	0.0008012820512820514
29156	0.0010683760683760685
29157	0.0010683760683760685
3494	0.0032051282051282055
22382	0.0005341880341880342
29158	0.0002670940170940171
29159	0.00013354700854700856
29160	0.00013354700854700856
29161	0.006143162393162394
29162	0.0002670940170940171
29163	0.0002670940170940171
12702	0.0008012820512820514
14352	0.00013354700854700856
29164	0.00013354700854700856
29165	0.006677350427350428
20668	0.0002670940170940171
29166	0.0008012820512820514
29167	0.0013354700854700855
29168	0.0005341880341880342
4369	0.0002670940170940171
29169	0.00013354700854700856
22124	0.00013354700854700856
11756	0.0002670940170940171
29170	0.0008012820512820514
29171	0.00013354700854700856
26625	0.00013354700854700856
13589	0.0002670940170940171
29172	0.0005341880341880342
29173	0.00013354700854700856
17646	0.00013354700854700856
29174	0.0093482905982906
29175	0.0002670940170940171
5931	0.0005341880341880342
2987	0.00373931623931624
29176	0.0005341880341880342
29177	0.00373931623931624
29178	0.00013354700854700856
13342	0.00013354700854700856
29179	0.0005341880341880342
29180	0.0005341880341880342
2690	0.0002670940170940171
8745	0.0002670940170940171
29181	0.0005341880341880342
29182	0.0004006410256410257
29183	0.0005341880341880342
21998	0.0002670940170940171
10818	0.0002670940170940171
29184	0.0010683760683760685
29185	0.0008012820512820514
29186	0.0002670940170940171
29187	0.00013354700854700856
12526	0.00013354700854700856
23389	0.0010683760683760685
29188	0.0032051282051282055
29189	0.0010683760683760685
991	0.002003205128205128
13248	0.0002670940170940171
29190	0.0005341880341880342
29191	0.00013354700854700856
14822	0.00013354700854700856
25928	0.00013354700854700856
29192	0.00013354700854700856
29193	0.00013354700854700856
2134	0.00013354700854700856
2845	0.00013354700854700856
29194	0.00013354700854700856
29195	0.00013354700854700856
23362	0.00013354700854700856
29196	0.0029380341880341884
29197	0.0005341880341880342
29198	0.006677350427350428
4664	0.0002670940170940171
29199	0.002403846153846154
29200	0.00013354700854700856
6363	0.00013354700854700856
6940	0.00013354700854700856
29201	0.00013354700854700856
29202	0.00013354700854700856
29203	0.00013354700854700856
29204	0.0016025641025641027
10104	0.004273504273504274
29205	0.0005341880341880342
10718	0.0002670940170940171
29206	0.00013354700854700856
9158	0.00013354700854700856
29207	0.0005341880341880342
253	0.0002670940170940171
29208	0.0002670940170940171
29209	0.0005341880341880342
29210	0.002136752136752137
29211	0.0005341880341880342
29212	0.00013354700854700856
9309	0.00013354700854700856
29213	0.0002670940170940171
8999	0.0010683760683760685
18471	0.00013354700854700856
29214	0.00013354700854700856
29215	0.00013354700854700856
13095	0.00013354700854700856
8790	0.00013354700854700856
29216	0.00013354700854700856
29217	0.00013354700854700856
16224	0.00013354700854700856
29218	0.0008012820512820514
13824	0.0002670940170940171
29219	0.0010683760683760685
3503	0.011752136752136752
29220	0.0008012820512820514
20771	0.0008012820512820514
29221	0.0005341880341880342
29222	0.002136752136752137
29223	0.0029380341880341884
29224	0.00013354700854700856
20825	0.00013354700854700856
29225	0.00013354700854700856
16456	0.00013354700854700856
29226	0.00013354700854700856
8240	0.00013354700854700856
29227	0.002403846153846154
29228	0.002403846153846154
26656	0.0004006410256410257
7882	0.0002670940170940171
29229	0.0005341880341880342
26803	0.00013354700854700856
29230	0.00013354700854700856
29231	0.0004006410256410257
664	0.001201923076923077
29232	0.00013354700854700856
8520	0.00013354700854700856
29233	0.0004006410256410257
1790	0.001201923076923077
29234	0.00013354700854700856
9788	0.00013354700854700856
29235	0.0002670940170940171
15960	0.0005341880341880342
29236	0.0002670940170940171
10370	0.0005341880341880342
245	0.0002670940170940171
29237	0.0005341880341880342
1222	0.00373931623931624
29238	0.0005341880341880342
29239	0.0022702991452991455
29240	0.0005341880341880342
7424	0.002670940170940171
29241	0.0013354700854700855
29242	0.00013354700854700856
7760	0.00013354700854700856
29243	0.0008012820512820514
13250	0.0008012820512820514
29244	0.0004006410256410257
29245	0.0005341880341880342
29246	0.0002670940170940171
29247	0.0005341880341880342
2425	0.002136752136752137
20547	0.00013354700854700856
29248	0.00013354700854700856
29249	0.0002670940170940171
10205	0.0005341880341880342
29250	0.0005341880341880342
10209	0.0002670940170940171
29251	0.0005341880341880342
29252	0.0002670940170940171
29253	0.0005341880341880342
18296	0.0002670940170940171
29254	0.0016025641025641027
29255	0.004273504273504274
29256	0.002136752136752137
29257	0.00013354700854700856
7600	0.00013354700854700856
29258	0.00013354700854700856
2320	0.00013354700854700856
29259	0.00013354700854700856
29260	0.00013354700854700856
22227	0.00013354700854700856
29261	0.00013354700854700856
29262	0.00013354700854700856
5296	0.00013354700854700856
572	0.00013354700854700856
29263	0.00013354700854700856
29264	0.0025373931623931625
29265	0.0010683760683760685
6115	0.0016025641025641027
29266	0.0002670940170940171
29267	0.0008012820512820514
29268	0.0005341880341880342
1747	0.002136752136752137
16574	0.004807692307692308
29269	0.0013354700854700855
29270	0.00013354700854700856
20956	0.00013354700854700856
29271	0.00013354700854700856
4747	0.00013354700854700856
29272	0.0010683760683760685
3183	0.00280448717948718
29273	0.0008012820512820514
3331	0.004807692307692308
29274	0.00013354700854700856
14843	0.00013354700854700856
6455	0.0002670940170940171
29275	0.0005341880341880342
17770	0.0002670940170940171
29276	0.0010683760683760685
29277	0.0010683760683760685
665	0.002403846153846154
29278	0.0016025641025641027
864	0.0016025641025641027
29279	0.00186965811965812
24105	0.0002670940170940171
29280	0.0002670940170940171
29281	0.0008012820512820514
29282	0.0004006410256410257
6888	0.002003205128205128
29283	0.002403846153846154
29284	0.002403846153846154
29285	0.00013354700854700856
16796	0.00013354700854700856
602	0.0013354700854700855
29286	0.0016025641025641027
29287	0.0002670940170940171
8725	0.0005341880341880342
29288	0.0002670940170940171
24442	0.0005341880341880342
29289	0.0002670940170940171
15645	0.0005341880341880342
29290	0.00013354700854700856
13924	0.00013354700854700856
29291	0.00013354700854700856
19657	0.00013354700854700856
20907	0.00013354700854700856
29292	0.00013354700854700856
29293	0.0005341880341880342
26299	0.0002670940170940171
29294	0.0018696581196581197
29295	0.004006410256410256
19962	0.0002670940170940171
29296	0.0005341880341880342
24933	0.0004006410256410257
29297	0.020833333333333336
29298	0.0093482905982906
29299	0.0005341880341880342
22809	0.0002670940170940171
20994	0.0002670940170940171
29300	0.0005341880341880342
13891	0.00013354700854700856
29301	0.00013354700854700856
29302	0.00013354700854700856
5841	0.00013354700854700856
29303	0.005876068376068376
20075	0.0008012820512820514
29304	0.00013354700854700856
4488	0.00013354700854700856
29305	0.00013354700854700856
29306	0.00013354700854700856
29307	0.00013354700854700856
9395	0.00013354700854700856
29308	0.0005341880341880342
8228	0.0002670940170940171
29309	0.0008012820512820514
29310	0.0013354700854700855
29311	0.0005341880341880342
17534	0.0002670940170940171
17716	0.0002670940170940171
29312	0.0005341880341880342
29313	0.0005341880341880342
24838	0.0002670940170940171
29314	0.0005341880341880342
12035	0.0002670940170940171
872	0.00013354700854700856
29315	0.00013354700854700856
29316	0.0005341880341880342
29317	0.0008012820512820514
21107	0.0002670940170940171
29318	0.0005341880341880342
29319	0.0008012820512820514
29320	0.00013354700854700856
6607	0.00013354700854700856
29321	0.004006410256410257
29322	0.006143162393162394
29323	0.0002670940170940171
29324	0.0004006410256410257
29325	0.001201923076923077
29326	0.0002670940170940171
4314	0.0008012820512820514
15661	0.00013354700854700856
29327	0.00013354700854700856
29328	0.0002670940170940171
14056	0.0005341880341880342
29329	0.0002670940170940171
29330	0.0016025641025641025
29331	0.00013354700854700856
10855	0.00013354700854700856
29332	0.00013354700854700856
27784	0.00013354700854700856
29333	0.0002670940170940171
2359	0.0005341880341880342
29334	0.0004006410256410257
4113	0.002403846153846154
29335	0.00013354700854700856
25033	0.00013354700854700856
29336	0.0029380341880341884
5028	0.0002670940170940171
29337	0.0008012820512820514
29338	0.0002670940170940171
3210	0.0008012820512820514
29339	0.00013354700854700856
19165	0.00013354700854700856
29340	0.00013354700854700856
27873	0.00013354700854700856
11269	0.002003205128205128
29341	0.0004006410256410257
29342	0.0010683760683760685
7611	0.009615384615384616
29343	0.00013354700854700856
242	0.00013354700854700856
29344	0.00013354700854700856
14622	0.00013354700854700856
23608	0.00013354700854700856
29345	0.00013354700854700856
15094	0.0002670940170940171
29346	0.0005341880341880342
6532	0.0002670940170940171
29347	0.0008012820512820514
29348	0.0002670940170940171
18568	0.0005341880341880342
27591	0.00013354700854700856
29349	0.00013354700854700856
29350	0.0006677350427350427
10694	0.004006410256410257
29351	0.00013354700854700856
8461	0.00013354700854700856
29352	0.0005341880341880342
16046	0.0002670940170940171
29353	0.00013354700854700856
29354	0.00013354700854700856
16715	0.00013354700854700856
29355	0.00013354700854700856
29356	0.0002670940170940171
16959	0.0005341880341880342
29357	0.0004006410256410257
29358	0.00013354700854700856
2233	0.00013354700854700856
29359	0.002403846153846154
1441	0.004807692307692308
29360	0.002136752136752137
4597	0.006410256410256411
29361	0.00186965811965812
29362	0.00013354700854700856
13996	0.00013354700854700856
29363	0.00013354700854700856
19862	0.00013354700854700856
29364	0.00013354700854700856
10773	0.00013354700854700856
29365	0.00013354700854700856
24850	0.00013354700854700856
29366	0.0004006410256410257
26511	0.0016025641025641027
29367	0.002670940170940171
5005	0.0002670940170940171
20301	0.0002670940170940171
29368	0.0008012820512820514
29369	0.0005341880341880342
12026	0.0002670940170940171
18999	0.00013354700854700856
29370	0.00013354700854700856
5233	0.0002670940170940171
29371	0.0005341880341880342
23561	0.0002670940170940171
29372	0.0005341880341880342
29373	0.0002670940170940171
3906	0.0008012820512820514
29374	0.0002670940170940171
12143	0.0008012820512820514
29375	0.0005341880341880342
2797	0.0002670940170940171
763	0.00013354700854700856
29376	0.00013354700854700856
29377	0.00013354700854700856
13311	0.00013354700854700856
29378	0.0016025641025641027
20976	0.0004006410256410257
29379	0.0002670940170940171
29380	0.004273504273504274
29381	0.0008012820512820514
29382	0.0005341880341880342
4373	0.0002670940170940171
29383	0.0005341880341880342
14571	0.0002670940170940171
29384	0.0008012820512820514
8301	0.0002670940170940171
29385	0.0005341880341880342
29386	0.005341880341880342
29387	0.0002670940170940171
29388	0.002136752136752137
29389	0.0005341880341880342
24900	0.0008012820512820514
29390	0.0002670940170940171
29391	0.0008012820512820514
1830	0.0002670940170940171
20109	0.00013354700854700856
29392	0.00013354700854700856
17777	0.0002670940170940171
29393	0.0005341880341880342
29394	0.00013354700854700856
19885	0.00013354700854700856
29395	0.0005341880341880342
7059	0.00013354700854700856
29396	0.00013354700854700856
29397	0.00013354700854700856
29398	0.00013354700854700856
29399	0.0010683760683760685
29400	0.0002670940170940171
5390	0.0005341880341880342
29401	0.00013354700854700856
4398	0.00013354700854700856
29402	0.00013354700854700856
14265	0.00013354700854700856
29403	0.00013354700854700856
14793	0.00013354700854700856
29404	0.0008012820512820514
29405	0.00013354700854700856
25849	0.00013354700854700856
29406	0.00013354700854700856
3250	0.00013354700854700856
17988	0.00013354700854700856
29407	0.00013354700854700856
11676	0.00013354700854700856
29408	0.00013354700854700856
29409	0.0010683760683760685
29410	0.0008012820512820514
11021	0.0002670940170940171
29411	0.0008012820512820514
24052	0.0008012820512820514
26103	0.0008012820512820514
29412	0.002136752136752137
29413	0.00013354700854700856
4285	0.00013354700854700856
29414	0.0010683760683760685
29415	0.0008012820512820514
18742	0.0010683760683760685
29416	0.002003205128205128
29417	0.004540598290598291
29418	0.00013354700854700856
4257	0.00013354700854700856
29419	0.00013354700854700856
7979	0.00013354700854700856
29420	0.00013354700854700856
14556	0.00013354700854700856
29421	0.0005341880341880342
28120	0.0002670940170940171
26723	0.0002670940170940171
29422	0.0008012820512820514
6207	0.0002670940170940171
29423	0.0005341880341880342
29424	0.0002670940170940171
17120	0.0005341880341880342
29425	0.00013354700854700856
29426	0.00013354700854700856
14862	0.00013354700854700856
29427	0.00013354700854700856
15405	0.0002670940170940171
29428	0.0005341880341880342
18839	0.0002670940170940171
29429	0.0005341880341880342
16175	0.00013354700854700856
29430	0.00013354700854700856
29431	0.00013354700854700856
7399	0.00013354700854700856
1152	0.00013354700854700856
29432	0.00013354700854700856
29433	0.009081196581196584
17220	0.0002670940170940171
14929	0.002403846153846154
29434	0.011752136752136754
29435	0.00013354700854700856
356	0.00013354700854700856
29436	0.005074786324786325
8104	0.0002670940170940171
29437	0.0005341880341880342
2224	0.0008012820512820514
29438	0.008012820512820514
19910	0.0002670940170940171
29439	0.0005341880341880342
20200	0.0002670940170940171
29440	0.007745726495726497
29441	0.0004006410256410257
29442	0.002403846153846154
29443	0.0017361111111111112
16261	0.0002670940170940171
29444	0.0005341880341880342
29445	0.00013354700854700856
24824	0.00013354700854700856
29446	0.00013354700854700856
8833	0.00013354700854700856
29447	0.0002670940170940171
9040	0.0005341880341880342
29448	0.0002670940170940171
14405	0.0005341880341880342
29449	0.001201923076923077
29450	0.0004006410256410257
29451	0.00013354700854700856
14211	0.00013354700854700856
29452	0.0005341880341880342
13293	0.0002670940170940171
29453	0.00013354700854700856
17100	0.00013354700854700856
29454	0.0005341880341880342
28260	0.0002670940170940171
29455	0.00013354700854700856
28270	0.00013354700854700856
29456	0.00013354700854700856
18626	0.00013354700854700856
29457	0.00013354700854700856
1484	0.00013354700854700856
29458	0.004407051282051282
16479	0.0004006410256410257
19475	0.00013354700854700856
29459	0.00013354700854700856
8511	0.0005341880341880342
29460	0.0002670940170940171
23507	0.0002670940170940171
29461	0.0008012820512820514
23151	0.00013354700854700856
29462	0.00013354700854700856
29463	0.0005341880341880342
5179	0.0002670940170940171
29464	0.00013354700854700856
238	0.00013354700854700856
29465	0.00013354700854700856
19013	0.00013354700854700856
25667	0.00013354700854700856
29466	0.00013354700854700856
29467	0.0005341880341880342
7123	0.0002670940170940171
29468	0.0002670940170940171
7955	0.0008012820512820514
1025	0.00013354700854700856
29469	0.00013354700854700856
2188	0.0010683760683760685
29470	0.004807692307692308
29471	0.0006677350427350427
13075	0.004674145299145299
29472	0.0010683760683760685
29473	0.0002670940170940171
29474	0.0005341880341880342
29475	0.009081196581196584
29476	0.0002670940170940171
29477	0.00013354700854700856
5856	0.00013354700854700856
9007	0.0008012820512820514
29478	0.0002670940170940171
29479	0.0002670940170940171
29480	0.00013354700854700856
29481	0.00013354700854700856
7382	0.00013354700854700856
29482	0.00013354700854700856
4990	0.0010683760683760685
29483	0.0013354700854700855
29484	0.00013354700854700856
17548	0.00013354700854700856
29485	0.0005341880341880342
29486	0.0002670940170940171
29487	0.00013354700854700856
1749	0.00013354700854700856
29488	0.0008012820512820514
25180	0.0002670940170940171
21738	0.00013354700854700856
29489	0.00013354700854700856
29490	0.0005341880341880342
3466	0.0037393162393162395
28215	0.0002670940170940171
29491	0.0005341880341880342
29492	0.00013354700854700856
14877	0.00013354700854700856
26584	0.00013354700854700856
29493	0.00013354700854700856
3025	0.0002670940170940171
29494	0.0005341880341880342
29495	0.0005341880341880342
20038	0.0002670940170940171
29496	0.0010683760683760685
4454	0.0002670940170940171
113	0.0005341880341880342
29497	0.0002670940170940171
8010	0.0005341880341880342
29498	0.002670940170940171
29499	0.00013354700854700856
11232	0.00013354700854700856
826	0.0005341880341880342
29500	0.0002670940170940171
29501	0.0005341880341880342
12964	0.002670940170940171
366	0.004273504273504274
29502	0.00641025641025641
29503	0.002938034188034188
29504	0.004407051282051283
29505	0.0002670940170940171
19099	0.0005341880341880342
29506	0.004273504273504274
29507	0.00013354700854700856
29508	0.00013354700854700856
29509	0.0008012820512820514
3861	0.007211538461538462
29510	0.0008012820512820514
24712	0.0002670940170940171
29511	0.002003205128205128
703	0.0004006410256410257
29512	0.00013354700854700856
2484	0.00013354700854700856
29513	0.0006677350427350427
29514	0.00013354700854700856
5875	0.00013354700854700856
20761	0.00013354700854700856
29515	0.00013354700854700856
29516	0.00013354700854700856
17963	0.00013354700854700856
29517	0.002403846153846154
17	0.0010683760683760685
19900	0.00013354700854700856
29518	0.00013354700854700856
16025	0.0002670940170940171
29519	0.005341880341880342
29520	0.00013354700854700856
29521	0.00013354700854700856
29522	0.0002670940170940171
1246	0.0005341880341880342
29523	0.0005341880341880342
22994	0.0002670940170940171
29524	0.0004006410256410257
29525	0.00013354700854700856
17414	0.00013354700854700856
807	0.00013354700854700856
29526	0.00013354700854700856
29527	0.00013354700854700856
14813	0.00013354700854700856
4385	0.0005341880341880342
29528	0.0002670940170940171
29529	0.0004006410256410257
129	0.002403846153846154
29530	0.0005341880341880342
19073	0.0002670940170940171
29531	0.0008012820512820514
16626	0.0008012820512820514
29532	0.00013354700854700856
7712	0.00013354700854700856
29533	0.0005341880341880342
6453	0.0002670940170940171
29534	0.0008012820512820514
3564	0.0008012820512820514
27477	0.0004006410256410257
29535	0.001201923076923077
29536	0.00013354700854700856
18698	0.00013354700854700856
6634	0.0016025641025641027
29537	0.0004006410256410257
5985	0.0008012820512820514
29538	0.0002670940170940171
5458	0.00013354700854700856
29539	0.00013354700854700856
16403	0.0005341880341880342
29540	0.0002670940170940171
29541	0.00013354700854700856
27847	0.00013354700854700856
29542	0.00013354700854700856
27799	0.00013354700854700856
29543	0.0046741452991453
29544	0.0004006410256410257
9013	0.002003205128205128
29545	0.0008012820512820514
29546	0.0002670940170940171
9649	0.0005341880341880342
29547	0.0002670940170940171
900	0.0005341880341880342
29548	0.0004006410256410257
29549	0.00013354700854700856
20843	0.00013354700854700856
29550	0.0005341880341880342
17152	0.0002670940170940171
29551	0.00013354700854700856
9581	0.00013354700854700856
29552	0.0008012820512820514
1298	0.0010683760683760685
29553	0.0005341880341880342
16237	0.0002670940170940171
18108	0.0010683760683760685
29554	0.0016025641025641027
29555	0.010016025641025642
273	0.0004006410256410257
29556	0.0032051282051282055
29557	0.00013354700854700856
29558	0.00013354700854700856
29559	0.0008012820512820514
29560	0.0010683760683760685
28206	0.0002670940170940171
29561	0.004273504273504274
29562	0.00013354700854700856
19434	0.00013354700854700856
29563	0.0002670940170940171
4782	0.0005341880341880342
1852	0.00013354700854700856
29564	0.00013354700854700856
29565	0.00013354700854700856
777	0.00013354700854700856
29566	0.00013354700854700856
4778	0.00013354700854700856
29567	0.00013354700854700856
14134	0.00013354700854700856
1203	0.011217948717948718
29568	0.020833333333333336
29569	0.0005341880341880342
21549	0.0002670940170940171
29570	0.0010683760683760685
29571	0.0010683760683760685
21248	0.0002670940170940171
29572	0.0002670940170940171
29573	0.0005341880341880342
29574	0.0008012820512820514
9238	0.0002670940170940171
29575	0.0004006410256410257
7360	0.0016025641025641027
29576	0.006143162393162394
29577	0.00013354700854700856
29578	0.00013354700854700856
1550	0.0002670940170940171
29579	0.0005341880341880342
29580	0.0008012820512820514
29581	0.0004006410256410257
2587	0.001201923076923077
29582	0.00013354700854700856
10229	0.00013354700854700856
29583	0.0005341880341880342
18922	0.0002670940170940171
29584	0.0029380341880341884
29585	0.0025373931623931625
29586	0.0008012820512820514
2597	0.0002670940170940171
4788	0.002403846153846154
29587	0.004006410256410256
16236	0.0008012820512820514
29588	0.0002670940170940171
29589	0.00013354700854700856
1782	0.00013354700854700856
11061	0.0002670940170940171
29590	0.0005341880341880342
29591	0.005475427350427351
29592	0.0002670940170940171
29593	0.0008012820512820514
29594	0.004407051282051283
29595	0.0005341880341880342
13698	0.0002670940170940171
29596	0.0008012820512820514
3336	0.0010683760683760685
29597	0.0002670940170940171
29598	0.00013354700854700856
18827	0.00013354700854700856
29599	0.00013354700854700856
2958	0.00013354700854700856
29600	0.0013354700854700855
22163	0.005341880341880343
10128	0.0002670940170940171
29601	0.0010683760683760685
29602	0.00093482905982906
29603	0.00013354700854700856
3053	0.00013354700854700856
29604	0.0002670940170940171
8180	0.0010683760683760685
29605	0.00013354700854700856
9892	0.00013354700854700856
29606	0.0010683760683760685
4176	0.0016025641025641027
29607	0.00013354700854700856
6015	0.00013354700854700856
29608	0.00373931623931624
29609	0.002136752136752137
29610	0.0005341880341880342
8886	0.0002670940170940171
29611	0.00013354700854700856
29612	0.00013354700854700856
29613	0.003739316239316239
21008	0.0005341880341880342
29614	0.0005341880341880342
1750	0.00373931623931624
29615	0.00013354700854700856
16709	0.00013354700854700856
29616	0.002403846153846154
29617	0.00013354700854700856
2156	0.00013354700854700856
29618	0.00013354700854700856
7437	0.00013354700854700856
29619	0.001201923076923077
29620	0.005475427350427351
16717	0.00013354700854700856
29621	0.00013354700854700856
29622	0.009081196581196584
21793	0.00013354700854700856
29623	0.00013354700854700856
29624	0.00013354700854700856
1877	0.00013354700854700856
29625	0.002136752136752137
29626	0.0002670940170940171
479	0.0005341880341880342
9520	0.0010683760683760685
29627	0.0008012820512820514
29628	0.0020032051282051285
11072	0.00013354700854700856
29629	0.00013354700854700856
29630	0.00013354700854700856
16076	0.00013354700854700856
29631	0.0005341880341880342
6478	0.0002670940170940171
20582	0.0004006410256410257
29632	0.004807692307692308
29633	0.003071581196581197
29634	0.00093482905982906
29635	0.0005341880341880342
8872	0.0002670940170940171
29636	0.0002670940170940171
11709	0.0005341880341880342
29637	0.0002670940170940171
29638	0.0005341880341880342
25281	0.0002670940170940171
29639	0.0008012820512820514
29640	0.0005341880341880342
7068	0.0002670940170940171
19383	0.0013354700854700855
29641	0.002003205128205128
29642	0.0005341880341880342
6257	0.0002670940170940171
29643	0.0002670940170940171
14925	0.0008012820512820514
9466	0.0004006410256410257
29644	0.002003205128205128
29645	0.00013354700854700856
14760	0.00013354700854700856
29646	0.0008012820512820514
29647	0.0002670940170940171
7224	0.0008012820512820514
29648	0.00013354700854700856
23955	0.00013354700854700856
7813	0.00013354700854700856
29649	0.00013354700854700856
20119	0.0002670940170940171
29650	0.0010683760683760685
29651	0.0008012820512820514
27852	0.0002670940170940171
29652	0.0005341880341880342
29653	0.0002670940170940171
29654	0.00013354700854700856
3328	0.00013354700854700856
29655	0.0005341880341880342
7767	0.0002670940170940171
29656	0.0004006410256410257
466	0.002003205128205128
29657	0.00013354700854700856
4269	0.00013354700854700856
9896	0.00013354700854700856
29658	0.00013354700854700856
29659	0.001201923076923077
11503	0.0004006410256410257
29660	0.0032051282051282055
29661	0.005475427350427351
16641	0.00013354700854700856
29662	0.00013354700854700856
29663	0.0008012820512820514
18222	0.0002670940170940171
264	0.00013354700854700856
29664	0.00013354700854700856
29665	0.002003205128205128
21531	0.0004006410256410257
29666	0.0008012820512820514
6211	0.0002670940170940171
29667	0.0008012820512820514
8382	0.0010683760683760685
29668	0.0004006410256410257
29669	0.0016025641025641027
29670	0.00013354700854700856
14695	0.00013354700854700856
29671	0.0008012820512820514
13865	0.0013354700854700855
29672	0.0010683760683760685
29673	0.001201923076923077
24057	0.0004006410256410257
29674	0.00013354700854700856
14133	0.00013354700854700856
29675	0.002003205128205128
17540	0.0013354700854700855
29676	0.005341880341880342
24159	0.002403846153846154
16397	0.0002670940170940171
29677	0.0008012820512820514
29678	0.008814102564102564
29679	0.0005341880341880342
9778	0.0002670940170940171
29680	0.002403846153846154
29681	0.0008012820512820514
11142	0.0008012820512820514
29682	0.00013354700854700856
1408	0.00013354700854700856
29683	0.0029380341880341884
29684	0.0014690170940170942
421	0.02203525641025641
29685	0.0005341880341880342
19536	0.0002670940170940171
11184	0.0002670940170940171
29686	0.0005341880341880342
26956	0.0002670940170940171
29687	0.005341880341880342
29688	0.00013354700854700856
12777	0.00013354700854700856
181	0.00013354700854700856
29689	0.00013354700854700856
29690	0.0008012820512820514
10360	0.0008012820512820514
5363	0.0008012820512820514
29691	0.005341880341880342
29692	0.00013354700854700856
2844	0.00013354700854700856
2833	0.002003205128205128
29693	0.0004006410256410257
29694	0.0016025641025641027
26412	0.00013354700854700856
29695	0.00013354700854700856
10276	0.00013354700854700856
29696	0.00013354700854700856
29697	0.0008012820512820514
29698	0.0013354700854700855
2199	0.0002670940170940171
29699	0.0093482905982906
29700	0.0005341880341880342
2137	0.0032051282051282055
29701	0.003472222222222223
29702	0.0008012820512820514
29703	0.00013354700854700856
2545	0.00013354700854700856
24074	0.0002670940170940171
29704	0.00186965811965812
29705	0.0004006410256410257
9403	0.001201923076923077
29706	0.0002670940170940171
29707	0.0005341880341880342
27931	0.00013354700854700856
29708	0.00013354700854700856
21777	0.0002670940170940171
29709	0.0005341880341880342
29710	0.00013354700854700856
10417	0.00013354700854700856
29711	0.0008012820512820514
29712	0.0005341880341880342
10497	0.0002670940170940171
6894	0.0004006410256410257
29713	0.002403846153846154
12542	0.0004006410256410257
29714	0.002003205128205128
5602	0.0010683760683760685
29715	0.0010683760683760685
6597	0.0004006410256410257
29716	0.001201923076923077
13807	0.0004006410256410257
29717	0.001201923076923077
29718	0.00093482905982906
187	0.012152777777777776
19500	0.0002670940170940171
29719	0.0005341880341880342
29720	0.0010683760683760685
5618	0.0002670940170940171
29721	0.0002670940170940171
29722	0.0005341880341880342
29723	0.0002670940170940171
29724	0.0005341880341880342
8226	0.0002670940170940171
29725	0.0022702991452991455
1386	0.00013354700854700856
29726	0.00013354700854700856
29727	0.0005341880341880342
20180	0.0002670940170940171
29728	0.0005341880341880342
13565	0.0002670940170940171
29729	0.0005341880341880342
15349	0.0002670940170940171
29730	0.0004006410256410257
29731	0.0010683760683760685
3110	0.002003205128205128
29732	0.00013354700854700856
21496	0.00013354700854700856
29733	0.00013354700854700856
3912	0.00013354700854700856
19076	0.0016025641025641027
29734	0.002403846153846154
22819	0.00013354700854700856
29735	0.00013354700854700856
29736	0.0002670940170940171
9097	0.0008012820512820514
29737	0.00013354700854700856
11465	0.00013354700854700856
29738	0.0004006410256410257
19632	0.0002670940170940171
29739	0.0005341880341880342
29740	0.0020032051282051285
29741	0.00013354700854700856
1657	0.00013354700854700856
28044	0.00013354700854700856
29742	0.00013354700854700856
4028	0.0002670940170940171
29743	0.0005341880341880342
29744	0.0002670940170940171
29745	0.0005341880341880342
29746	0.0002670940170940171
5712	0.0016025641025641025
29747	0.0008012820512820514
15077	0.00013354700854700856
29748	0.00013354700854700856
29749	0.0002670940170940171
10099	0.00013354700854700856
29750	0.00013354700854700856
29751	0.00013354700854700856
12958	0.00013354700854700856
29752	0.0010683760683760685
2035	0.0002670940170940171
20690	0.00013354700854700856
29753	0.00013354700854700856
29754	0.0010683760683760685
29755	0.0002670940170940171
29756	0.0010683760683760685
29757	0.0020032051282051285
29758	0.0002670940170940171
29759	0.0005341880341880342
29760	0.00013354700854700856
5665	0.00013354700854700856
29761	0.0008012820512820514
29762	0.0002670940170940171
29763	0.002136752136752137
19233	0.0002670940170940171
29764	0.00013354700854700856
8771	0.00013354700854700856
29765	0.00013354700854700856
212	0.00013354700854700856
14518	0.0004006410256410257
29766	0.0016025641025641027
29767	0.0004006410256410257
29768	0.0016025641025641027
1692	0.0004006410256410257
29769	0.0005341880341880342
3040	0.0002670940170940171
7182	0.00013354700854700856
29770	0.00013354700854700856
29771	0.0004006410256410257
6954	0.002403846153846154
8071	0.0008012820512820514
29772	0.0002670940170940171
29773	0.0013354700854700855
3475	0.002670940170940171
29774	0.00013354700854700856
11651	0.00013354700854700856
29775	0.00013354700854700856
5818	0.00013354700854700856
5401	0.0008012820512820514
29776	0.0002670940170940171
29777	0.0013354700854700855
6141	0.0002670940170940171
29778	0.005608974358974359
29779	0.0002670940170940171
29780	0.001201923076923077
16203	0.0004006410256410257
29781	0.005475427350427351
29782	0.002136752136752137
29783	0.0002670940170940171
14785	0.0005341880341880342
29784	0.0005341880341880342
7806	0.0002670940170940171
29785	0.0002670940170940171
29786	0.0010683760683760685
29787	0.006410256410256411
5011	0.00013354700854700856
29788	0.00013354700854700856
29789	0.0010683760683760685
4341	0.002003205128205128
29790	0.0004006410256410257
4812	0.0016025641025641027
29791	0.0002670940170940171
29792	0.004540598290598291
29793	0.0010683760683760685
10010	0.0002670940170940171
29794	0.0004006410256410257
29795	0.004273504273504274
29796	0.0002670940170940171
4059	0.0005341880341880342
29797	0.00013354700854700856
7223	0.00013354700854700856
29798	0.00013354700854700856
2646	0.00013354700854700856
29799	0.00013354700854700856
5238	0.00013354700854700856
29800	0.0008012820512820514
11399	0.0013354700854700855
5475	0.0004006410256410257
29801	0.006009615384615386
29802	0.00013354700854700856
17728	0.00013354700854700856
21605	0.00013354700854700856
29803	0.00013354700854700856
2714	0.0037393162393162395
29804	0.0005341880341880342
29805	0.0025373931623931625
29806	0.007745726495726497
29807	0.0002670940170940171
8035	0.0004006410256410257
29808	0.0016025641025641027
29809	0.0010683760683760685
19700	0.002003205128205128
29810	0.0005341880341880342
29811	0.0002670940170940171
29812	0.003205128205128205
29813	0.00013354700854700856
28073	0.00013354700854700856
29814	0.00186965811965812
15778	0.0002670940170940171
2753	0.0008012820512820514
29815	0.0002670940170940171
29816	0.00013354700854700856
15582	0.00013354700854700856
21690	0.0002670940170940171
29817	0.0005341880341880342
29818	0.0010683760683760685
29819	0.0002670940170940171
27895	0.00013354700854700856
29820	0.00013354700854700856
29821	0.0002670940170940171
5639	0.0010683760683760685
8828	0.00013354700854700856
29822	0.00013354700854700856
29823	0.00013354700854700856
18112	0.00013354700854700856
15412	0.0008012820512820514
29824	0.0008012820512820514
29825	0.006410256410256411
27908	0.00013354700854700856
29826	0.00013354700854700856
14510	0.00013354700854700856
29827	0.00013354700854700856
29828	0.00013354700854700856
14668	0.00013354700854700856
29829	0.0004006410256410257
29830	0.0016025641025641027
20636	0.0002670940170940171
29831	0.0016025641025641025
29832	0.00013354700854700856
15210	0.00013354700854700856
29833	0.00013354700854700856
11155	0.00013354700854700856
29834	0.0013354700854700855
29835	0.0013354700854700855
7755	0.0002670940170940171
29836	0.00013354700854700856
9404	0.00013354700854700856
29837	0.0004006410256410257
8952	0.00013354700854700856
29838	0.00013354700854700856
3665	0.00013354700854700856
29839	0.00013354700854700856
29840	0.00013354700854700856
29841	0.00013354700854700856
29842	0.00013354700854700856
21087	0.00013354700854700856
29843	0.0005341880341880342
29844	0.0002670940170940171
20984	0.00013354700854700856
29845	0.00013354700854700856
29846	0.0002670940170940171
29847	0.0010683760683760685
255	0.008814102564102564
29848	0.00186965811965812
24598	0.00013354700854700856
29849	0.00013354700854700856
4601	0.002403846153846154
29850	0.002136752136752137
29851	0.0005341880341880342
29852	0.0002670940170940171
29853	0.002938034188034188
4317	0.008012820512820512
29854	0.0005341880341880342
8491	0.0002670940170940171
29855	0.0002670940170940171
1585	0.0008012820512820514
29856	0.0004006410256410257
5202	0.001201923076923077
29857	0.0013354700854700855
311	0.018696581196581196
17196	0.00013354700854700856
29858	0.00013354700854700856
7632	0.00013354700854700856
29859	0.00013354700854700856
11555	0.00013354700854700856
29860	0.00013354700854700856
29861	0.0008012820512820514
7303	0.0010683760683760685
29862	0.00013354700854700856
6628	0.00013354700854700856
29863	0.0004006410256410257
1310	0.001201923076923077
4743	0.0002670940170940171
29864	0.0005341880341880342
29865	0.0010683760683760685
15892	0.0002670940170940171
3056	0.00013354700854700856
29866	0.00013354700854700856
29867	0.0005341880341880342
16340	0.0002670940170940171
2863	0.0002670940170940171
29868	0.006143162393162394
2236	0.004807692307692308
29869	0.0013354700854700855
29870	0.0005341880341880342
629	0.0002670940170940171
29871	0.0010683760683760685
3384	0.0008012820512820514
591	0.0002670940170940171
29872	0.0008012820512820514
29873	0.00013354700854700856
19311	0.00013354700854700856
22433	0.00013354700854700856
29874	0.00013354700854700856
29875	0.00013354700854700856
15373	0.00013354700854700856
29876	0.0005341880341880342
1144	0.0032051282051282055
29877	0.0008012820512820514
29878	0.012820512820512822
29879	0.0002670940170940171
2444	0.0008012820512820514
29880	0.002003205128205128
29881	0.001201923076923077
29882	0.0004006410256410257
29883	0.00013354700854700856
16799	0.00013354700854700856
29884	0.00013354700854700856
16119	0.00013354700854700856
29885	0.00013354700854700856
5048	0.00013354700854700856
2090	0.00013354700854700856
29886	0.00013354700854700856
29887	0.004407051282051282
29888	0.00280448717948718
29889	0.0006677350427350427
8057	0.004006410256410257
29890	0.0002670940170940171
29891	0.0004006410256410257
29892	0.00013354700854700856
16604	0.00013354700854700856
29893	0.0008012820512820514
29894	0.00013354700854700856
28281	0.00013354700854700856
6056	0.0002670940170940171
29895	0.0010683760683760685
29896	0.002804487179487179
29897	0.0004006410256410257
29898	0.00013354700854700856
29899	0.00013354700854700856
18200	0.00013354700854700856
29900	0.00013354700854700856
17435	0.0004006410256410257
29901	0.002003205128205128
18812	0.0002670940170940171
29902	0.0005341880341880342
29903	0.0002670940170940171
4101	0.0005341880341880342
29904	0.009081196581196584
29905	0.00013354700854700856
3428	0.00013354700854700856
23412	0.0002670940170940171
29906	0.002670940170940171
29907	0.00013354700854700856
25446	0.00013354700854700856
29908	0.00013354700854700856
17095	0.00013354700854700856
29909	0.0002670940170940171
4721	0.0005341880341880342
29910	0.0025373931623931625
29911	0.0013354700854700855
29912	0.0037393162393162395
12367	0.00013354700854700856
29913	0.00013354700854700856
29914	0.0010683760683760685
5819	0.0002670940170940171
1917	0.0010683760683760685
29915	0.0008012820512820514
29916	0.00013354700854700856
29917	0.00013354700854700856
29918	0.00013354700854700856
14882	0.00013354700854700856
2354	0.0005341880341880342
29919	0.0002670940170940171
29920	0.0005341880341880342
9348	0.0002670940170940171
29921	0.0005341880341880342
3885	0.0032051282051282055
29922	0.00013354700854700856
24361	0.00013354700854700856
29923	0.0029380341880341884
29924	0.0013354700854700855
29925	0.0008012820512820514
29926	0.0002670940170940171
29927	0.0013354700854700855
1338	0.0008012820512820514
29928	0.00013354700854700856
17841	0.00013354700854700856
29929	0.00013354700854700856
28562	0.00013354700854700856
4283	0.00013354700854700856
29930	0.00013354700854700856
29931	0.001201923076923077
29932	0.0004006410256410257
25500	0.00013354700854700856
29933	0.00013354700854700856
7385	0.00013354700854700856
29934	0.00013354700854700856
29935	0.0016025641025641027
1202	0.0013354700854700855
29936	0.00013354700854700856
6038	0.00013354700854700856
29937	0.0020032051282051285
1710	0.00013354700854700856
29938	0.00013354700854700856
29939	0.011752136752136754
19815	0.00013354700854700856
29940	0.00013354700854700856
29941	0.0032051282051282055
29942	0.0004006410256410257
29943	0.0005341880341880342
11087	0.0002670940170940171
29944	0.0008012820512820514
29945	0.006677350427350428
901	0.002003205128205128
29946	0.006677350427350428
29947	0.00013354700854700856
29948	0.00013354700854700856
29949	0.004540598290598291
29950	0.00013354700854700856
8182	0.00013354700854700856
1567	0.0016025641025641027
29951	0.002403846153846154
29952	0.0010683760683760685
8210	0.0008012820512820514
29953	0.005341880341880342
29954	0.0013354700854700855
21281	0.0008012820512820514
21516	0.0002670940170940171
29955	0.0005341880341880342
29956	0.00013354700854700856
4670	0.00013354700854700856
29957	0.0013354700854700855
29958	0.0008012820512820514
29959	0.0002670940170940171
29960	0.00013354700854700856
4768	0.00013354700854700856
5221	0.00013354700854700856
29961	0.00013354700854700856
29962	0.00013354700854700856
18113	0.00013354700854700856
29963	0.0008012820512820514
707	0.0008012820512820514
2004	0.00013354700854700856
29964	0.00013354700854700856
29965	0.0005341880341880342
2970	0.0002670940170940171
29966	0.00013354700854700856
11697	0.00013354700854700856
5173	0.002670940170940171
29967	0.00186965811965812
29968	0.00013354700854700856
22651	0.00013354700854700856
29969	0.0002670940170940171
11106	0.0005341880341880342
29970	0.0002670940170940171
29971	0.0005341880341880342
7989	0.0008012820512820514
29972	0.0002670940170940171
29973	0.00013354700854700856
29974	0.00013354700854700856
29975	0.00013354700854700856
13695	0.00013354700854700856
29976	0.00013354700854700856
4426	0.00013354700854700856
15769	0.00013354700854700856
29977	0.00013354700854700856
29978	0.0010683760683760685
12985	0.0016025641025641027
29979	0.0016025641025641027
8222	0.0013354700854700855
29980	0.002136752136752137
3999	0.009615384615384616
29981	0.0005341880341880342
1559	0.0002670940170940171
29982	0.00013354700854700856
9930	0.00013354700854700856
5947	0.0002670940170940171
29983	0.0005341880341880342
29984	0.00013354700854700856
1276	0.00013354700854700856
29985	0.0002670940170940171
29986	0.0010683760683760685
29987	0.00013354700854700856
17577	0.00013354700854700856
29988	0.0005341880341880342
29989	0.0002670940170940171
29990	0.004807692307692308
29991	0.0004006410256410257
3720	0.0016025641025641027
9893	0.00013354700854700856
29992	0.00013354700854700856
29993	0.00013354700854700856
2327	0.00013354700854700856
29994	0.00013354700854700856
6524	0.00013354700854700856
29995	0.0002670940170940171
29996	0.0005341880341880342
8462	0.0002670940170940171
29997	0.0010683760683760685
4094	0.0008012820512820514
29998	0.0016025641025641027
16698	0.0004006410256410257
29999	0.0002670940170940171
30000	0.0029380341880341884
30001	0.001201923076923077
30002	0.0008012820512820514
21873	0.0002670940170940171
30003	0.00013354700854700856
9352	0.00013354700854700856
30004	0.0002670940170940171
5573	0.0008012820512820514
30005	0.00013354700854700856
231	0.00013354700854700856
30006	0.0008012820512820514
13629	0.00013354700854700856
30007	0.00013354700854700856
30008	0.00013354700854700856
24740	0.00013354700854700856
30009	0.0004006410256410257
14677	0.001201923076923077
30010	0.0010683760683760685
1502	0.002403846153846154
30011	0.004540598290598291
30012	0.041132478632478646
8807	0.00093482905982906
23531	0.0008012820512820514
30013	0.0002670940170940171
30014	0.00013354700854700856
9754	0.00013354700854700856
30015	0.0004006410256410257
30016	0.001201923076923077
23361	0.00013354700854700856
30017	0.00013354700854700856
30018	0.00013354700854700856
18196	0.00013354700854700856
30019	0.00013354700854700856
30020	0.00013354700854700856
30021	0.0005341880341880342
30022	0.0004006410256410257
6136	0.001201923076923077
30023	0.0008012820512820514
8134	0.0010683760683760685
30024	0.00013354700854700856
13529	0.00013354700854700856
30025	0.0032051282051282055
30026	0.002403846153846154
11572	0.0008012820512820514
30027	0.001201923076923077
26718	0.0004006410256410257
14203	0.00013354700854700856
30028	0.00013354700854700856
14702	0.00013354700854700856
30029	0.00013354700854700856
4752	0.00013354700854700856
30030	0.00013354700854700856
30031	0.0008012820512820514
1410	0.007211538461538462
30032	0.00013354700854700856
15484	0.00013354700854700856
10742	0.00013354700854700856
30033	0.00013354700854700856
30034	0.0008012820512820514
11834	0.00013354700854700856
30035	0.00013354700854700856
30036	0.00013354700854700856
3153	0.00013354700854700856
30037	0.00186965811965812
14119	0.002403846153846154
30038	0.0004006410256410257
30039	0.00013354700854700856
1481	0.00013354700854700856
1291	0.005341880341880342
30040	0.0016025641025641025
30041	0.002403846153846154
1357	0.002403846153846154
30042	0.0032051282051282055
27643	0.0004006410256410257
30043	0.009615384615384616
30044	0.011485042735042736
30045	0.00013354700854700856
4290	0.00013354700854700856
30046	0.0002670940170940171
11858	0.0008012820512820514
30047	0.00013354700854700856
14247	0.00013354700854700856
26684	0.00013354700854700856
30048	0.00013354700854700856
30049	0.0002670940170940171
30050	0.0004006410256410257
6742	0.0016025641025641027
30051	0.0004006410256410257
3816	0.002403846153846154
7195	0.0005341880341880342
30052	0.0002670940170940171
30053	0.00013354700854700856
12794	0.00013354700854700856
30054	0.013621794871794872
30055	0.0008012820512820514
30056	0.00013354700854700856
19264	0.00013354700854700856
30057	0.0004006410256410257
30058	0.00013354700854700856
486	0.00013354700854700856
30059	0.0004006410256410257
30060	0.0005341880341880342
30061	0.0002670940170940171
30062	0.0005341880341880342
28533	0.0002670940170940171
30063	0.0004006410256410257
30064	0.002003205128205128
30065	0.00013354700854700856
25222	0.00013354700854700856
30066	0.00013354700854700856
26158	0.00013354700854700856
30067	0.0002670940170940171
17179	0.0008012820512820514
30068	0.00013354700854700856
2087	0.00013354700854700856
30069	0.00013354700854700856
30070	0.00013354700854700856
9293	0.00013354700854700856
30071	0.00013354700854700856
30072	0.0005341880341880342
8650	0.002670940170940171
30073	0.0005341880341880342
5714	0.0002670940170940171
30074	0.00013354700854700856
13533	0.00013354700854700856
30075	0.0004006410256410257
30076	0.00013354700854700856
15603	0.00013354700854700856
30077	0.0013354700854700855
2122	0.0037393162393162395
30078	0.0002670940170940171
2017	0.0008012820512820514
30079	0.00013354700854700856
23669	0.00013354700854700856
30080	0.0004006410256410257
30081	0.00013354700854700856
8516	0.00013354700854700856
30082	0.00373931623931624
30083	0.0006677350427350427
30084	0.0013354700854700855
14532	0.0002670940170940171
30085	0.00013354700854700856
734	0.00013354700854700856
30086	0.0013354700854700855
109	0.00373931623931624
30087	0.0020032051282051285
30088	0.00013354700854700856
30089	0.00013354700854700856
30090	0.0002670940170940171
11835	0.0002670940170940171
30091	0.0008012820512820514
30092	0.01121794871794872
10754	0.00013354700854700856
30093	0.00013354700854700856
30094	0.00013354700854700856
17227	0.00013354700854700856
30095	0.00013354700854700856
15875	0.00013354700854700856
30096	0.0008012820512820514
30097	0.0008012820512820514
30098	0.0005341880341880342
9045	0.0002670940170940171
30099	0.006410256410256411
30100	0.0002670940170940171
1958	0.0005341880341880342
30101	0.0010683760683760685
30102	0.003605769230769231
21780	0.0004006410256410257
28193	0.00013354700854700856
30103	0.00013354700854700856
30104	0.00013354700854700856
18120	0.00013354700854700856
10826	0.00013354700854700856
30105	0.00013354700854700856
30106	0.005608974358974359
30107	0.0013354700854700855
30108	0.00013354700854700856
30109	0.00013354700854700856
30110	0.00013354700854700856
8866	0.00013354700854700856
30111	0.0032051282051282055
897	0.0005341880341880342
30112	0.00013354700854700856
9286	0.00013354700854700856
22432	0.0002670940170940171
30113	0.0005341880341880342
17409	0.0002670940170940171
30114	0.0005341880341880342
30115	0.0008012820512820514
3523	0.0008012820512820514
16891	0.00013354700854700856
30116	0.00013354700854700856
21141	0.0004006410256410257
30117	0.002403846153846154
30118	0.0002670940170940171
11934	0.0010683760683760685
30119	0.0002670940170940171
16052	0.0008012820512820514
523	0.0013354700854700855
30120	0.0032051282051282055
30121	0.0002670940170940171
27278	0.0010683760683760685
30122	0.0002670940170940171
536	0.0005341880341880342
30123	0.0008012820512820514
30124	0.0010683760683760685
30125	0.0005341880341880342
24353	0.0002670940170940171
30126	0.0004006410256410257
30127	0.0004006410256410257
30128	0.002003205128205128
15030	0.00013354700854700856
30129	0.00013354700854700856
30130	0.0002670940170940171
13711	0.0002670940170940171
30131	0.0005341880341880342
30132	0.0004006410256410257
10629	0.001201923076923077
856	0.0002670940170940171
30133	0.002403846153846154
30134	0.007745726495726497
30135	0.0002670940170940171
5981	0.00013354700854700856
30136	0.00013354700854700856
30137	0.002136752136752137
30138	0.00186965811965812
30139	0.00013354700854700856
20169	0.00013354700854700856
16413	0.0002670940170940171
30140	0.0005341880341880342
30141	0.0004006410256410257
30142	0.001201923076923077
30143	0.00013354700854700856
4375	0.00013354700854700856
30144	0.0008012820512820514
30145	0.0005341880341880342
45	0.0002670940170940171
17471	0.0008012820512820514
30146	0.0002670940170940171
30147	0.0004006410256410257
30148	0.0032051282051282055
3430	0.0002670940170940171
30149	0.0005341880341880342
30150	0.0005341880341880342
30151	0.00013354700854700856
8293	0.00013354700854700856
24962	0.0002670940170940171
30152	0.0005341880341880342
30153	0.0005341880341880342
30154	0.0002670940170940171
30155	0.00013354700854700856
6471	0.00013354700854700856
30156	0.001201923076923077
14585	0.0004006410256410257
30157	0.00093482905982906
30158	0.0005341880341880342
14266	0.0002670940170940171
3214	0.00013354700854700856
30159	0.00013354700854700856
30160	0.00013354700854700856
16251	0.00013354700854700856
5035	0.00013354700854700856
30161	0.00013354700854700856
30162	0.00013354700854700856
835	0.00013354700854700856
30163	0.0010683760683760685
30164	0.0005341880341880342
25280	0.0002670940170940171
30165	0.0002670940170940171
1787	0.0005341880341880342
30166	0.001201923076923077
13222	0.0004006410256410257
30167	0.00013354700854700856
7913	0.00013354700854700856
30168	0.0005341880341880342
26729	0.0002670940170940171
12547	0.0002670940170940171
30169	0.0005341880341880342
30170	0.00013354700854700856
4311	0.00013354700854700856
30171	0.0002670940170940171
30172	0.0002670940170940171
30173	0.00013354700854700856
24722	0.00013354700854700856
30174	0.0005341880341880342
26618	0.0002670940170940171
5730	0.0002670940170940171
30175	0.0008012820512820514
30176	0.0010683760683760685
1478	0.00013354700854700856
30177	0.00013354700854700856
30178	0.00013354700854700856
30179	0.00013354700854700856
30180	0.0005341880341880342
16216	0.0002670940170940171
30181	0.00013354700854700856
2274	0.00013354700854700856
30182	0.00013354700854700856
2491	0.00013354700854700856
27399	0.0008012820512820514
30183	0.0010683760683760685
30184	0.0008012820512820514
30185	0.0010683760683760685
30186	0.0013354700854700855
22037	0.0002670940170940171
30187	0.0005341880341880342
30188	0.00013354700854700856
2094	0.00013354700854700856
17093	0.0004006410256410257
30189	0.012019230769230772
30190	0.0002670940170940171
30191	0.00013354700854700856
9014	0.00013354700854700856
30192	0.0005341880341880342
24978	0.0002670940170940171
22932	0.00013354700854700856
30193	0.00013354700854700856
30194	0.006410256410256411
30195	0.005074786324786325
30196	0.0002670940170940171
15051	0.00013354700854700856
30197	0.00013354700854700856
30198	0.0002670940170940171
30199	0.0005341880341880342
19028	0.00013354700854700856
30200	0.00013354700854700856
30201	0.007745726495726497
8454	0.0002670940170940171
30202	0.0002670940170940171
30203	0.0002670940170940171
3738	0.0010683760683760685
30204	0.00013354700854700856
30205	0.00013354700854700856
4565	0.002670940170940171
30206	0.0005341880341880342
30207	0.00013354700854700856
17141	0.00013354700854700856
7050	0.00013354700854700856
30208	0.00013354700854700856
30209	0.0008012820512820514
8141	0.0002670940170940171
12817	0.00013354700854700856
30210	0.00013354700854700856
30211	0.00013354700854700856
19288	0.00013354700854700856
30212	0.0013354700854700855
135	0.024038461538461536
9865	0.0002670940170940171
30213	0.0008012820512820514
30214	0.0004006410256410257
13910	0.0002670940170940171
30215	0.0005341880341880342
30216	0.00013354700854700856
11928	0.00013354700854700856
30217	0.0002670940170940171
30218	0.0008012820512820514
11376	0.0002670940170940171
30219	0.00013354700854700856
2380	0.00013354700854700856
30220	0.0002670940170940171
1390	0.0005341880341880342
30221	0.00013354700854700856
2906	0.00013354700854700856
17697	0.001201923076923077
30222	0.0004006410256410257
26601	0.00013354700854700856
30223	0.00013354700854700856
30224	0.0002670940170940171
30225	0.0005341880341880342
30226	0.0022702991452991455
30227	0.0004006410256410257
3532	0.002403846153846154
30228	0.00013354700854700856
17500	0.00013354700854700856
30229	0.0005341880341880342
2759	0.0002670940170940171
30230	0.0005341880341880342
30231	0.0037393162393162395
30232	0.0004006410256410257
30233	0.0004006410256410257
30234	0.001201923076923077
14730	0.00013354700854700856
30235	0.00013354700854700856
30236	0.0010683760683760685
1533	0.0002670940170940171
30237	0.00013354700854700856
13131	0.00013354700854700856
30238	0.00013354700854700856
30239	0.00013354700854700856
30240	0.00013354700854700856
11497	0.00013354700854700856
30241	0.00013354700854700856
10587	0.00013354700854700856
30242	0.006410256410256411
30243	0.00013354700854700856
2716	0.00013354700854700856
30244	0.00013354700854700856
4356	0.00013354700854700856
30245	0.00013354700854700856
2910	0.00013354700854700856
7627	0.0010683760683760685
30246	0.0002670940170940171
30247	0.0005341880341880342
246	0.002136752136752137
30248	0.011485042735042736
30249	0.004807692307692308
20136	0.00013354700854700856
30250	0.00013354700854700856
30251	0.0002670940170940171
12951	0.0005341880341880342
30252	0.00186965811965812
12128	0.002403846153846154
30253	0.0013354700854700855
30254	0.006677350427350428
23352	0.0002670940170940171
30255	0.0022702991452991455
30256	0.00013354700854700856
16748	0.00013354700854700856
30257	0.0008012820512820514
30258	0.00013354700854700856
14765	0.00013354700854700856
30259	0.0016025641025641027
7507	0.0016025641025641027
16389	0.0005341880341880342
30260	0.0002670940170940171
13537	0.0002670940170940171
30261	0.0005341880341880342
30262	0.011752136752136754
12501	0.00013354700854700856
30263	0.00013354700854700856
30264	0.0008012820512820514
30265	0.0013354700854700855
18934	0.002003205128205128
13874	0.0002670940170940171
30266	0.0005341880341880342
30267	0.0002670940170940171
3147	0.0008012820512820514
4841	0.004273504273504274
30268	0.006143162393162394
30269	0.00013354700854700856
22565	0.00013354700854700856
30270	0.0002670940170940171
26644	0.0008012820512820514
30271	0.0004006410256410257
18062	0.001201923076923077
12179	0.00013354700854700856
30272	0.00013354700854700856
30273	0.00013354700854700856
8321	0.00013354700854700856
30274	0.0013354700854700855
30275	0.0002670940170940171
30276	0.0006677350427350427
30277	0.00013354700854700856
2255	0.00013354700854700856
30278	0.00013354700854700856
17118	0.00013354700854700856
30279	0.001201923076923077
30280	0.0004006410256410257
21404	0.0002670940170940171
30281	0.0005341880341880342
2733	0.007211538461538462
30282	0.0008012820512820514
30283	0.00013354700854700856
4795	0.00013354700854700856
30284	0.0005341880341880342
30285	0.002136752136752137
2486	0.0004006410256410257
30286	0.001201923076923077
21463	0.0002670940170940171
30287	0.0010683760683760685
30288	0.00013354700854700856
30289	0.00013354700854700856
30290	0.0002670940170940171
2324	0.0005341880341880342
30291	0.00013354700854700856
7706	0.00013354700854700856
16221	0.0005341880341880342
30292	0.005341880341880342
30293	0.0010683760683760685
16835	0.0002670940170940171
1767	0.0002670940170940171
30294	0.0005341880341880342
30295	0.00013354700854700856
9393	0.00013354700854700856
23198	0.0004006410256410257
30296	0.0016025641025641027
19113	0.0002670940170940171
30297	0.0008012820512820514
30298	0.0010683760683760685
19348	0.0002670940170940171
30299	0.0008012820512820514
30300	0.005074786324786325
30301	0.0002670940170940171
30302	0.0005341880341880342
30303	0.0002670940170940171
30304	0.0022702991452991455
30305	0.004540598290598291
30306	0.0005341880341880342
17177	0.0002670940170940171
30307	0.0005341880341880342
26974	0.00013354700854700856
30308	0.00013354700854700856
30309	0.00013354700854700856
9248	0.00013354700854700856
30310	0.0002670940170940171
30311	0.005341880341880342
30312	0.00013354700854700856
1708	0.00013354700854700856
30313	0.0008012820512820514
30314	0.0002670940170940171
30315	0.005341880341880342
13796	0.0010683760683760685
30316	0.005608974358974359
30317	0.00013354700854700856
26095	0.00013354700854700856
30318	0.0093482905982906
30319	0.00013354700854700856
4013	0.00013354700854700856
30320	0.0022702991452991455
30321	0.00013354700854700856
12713	0.00013354700854700856
30322	0.00186965811965812
14998	0.0002670940170940171
14048	0.00013354700854700856
30323	0.00013354700854700856
950	0.0002670940170940171
30324	0.0037393162393162395
30325	0.00013354700854700856
16652	0.00013354700854700856
30326	0.00013354700854700856
2446	0.00013354700854700856
30327	0.00013354700854700856
3050	0.00013354700854700856
11102	0.0004006410256410257
30328	0.001201923076923077
30329	0.0004006410256410257
7796	0.0016025641025641027
30330	0.00013354700854700856
10611	0.00013354700854700856
19000	0.00013354700854700856
30331	0.00013354700854700856
30332	0.0008012820512820514
14235	0.0008012820512820514
5396	0.0008012820512820514
30333	0.0002670940170940171
30334	0.0005341880341880342
17931	0.0008012820512820514
30335	0.011485042735042736
30336	0.0025373931623931625
30337	0.009081196581196584
30338	0.00013354700854700856
9902	0.00013354700854700856
30339	0.0005341880341880342
15009	0.0002670940170940171
30340	0.00013354700854700856
24406	0.00013354700854700856
30341	0.00013354700854700856
6152	0.00013354700854700856
30342	0.0008012820512820514
5718	0.0002670940170940171
30343	0.00013354700854700856
22550	0.00013354700854700856
30344	0.00013354700854700856
6148	0.00013354700854700856
30345	0.00013354700854700856
4557	0.00013354700854700856
30346	0.00013354700854700856
16583	0.00013354700854700856
30347	0.0004006410256410257
1221	0.001201923076923077
23369	0.0002670940170940171
30348	0.0008012820512820514
30349	0.00013354700854700856
1779	0.00013354700854700856
30350	0.00013354700854700856
7244	0.00013354700854700856
30351	0.0004006410256410257
16986	0.0002670940170940171
30352	0.0005341880341880342
30353	0.0005341880341880342
30354	0.0008012820512820514
2110	0.0010683760683760685
19342	0.0002670940170940171
30355	0.0010683760683760685
30356	0.0005341880341880342
18876	0.0002670940170940171
13304	0.0005341880341880342
30357	0.00373931623931624
30358	0.005074786324786325
30359	0.0013354700854700855
30360	0.00013354700854700856
9264	0.00013354700854700856
30361	0.0093482905982906
30362	0.006677350427350428
30363	0.0002670940170940171
30364	0.0005341880341880342
30365	0.0005341880341880342
3371	0.0002670940170940171
30366	0.00013354700854700856
24878	0.00013354700854700856
30367	0.0002670940170940171
30368	0.0005341880341880342
7187	0.0002670940170940171
30369	0.00013354700854700856
13553	0.00013354700854700856
30370	0.0013354700854700855
16211	0.0002670940170940171
30371	0.0017361111111111112
30372	0.0010683760683760685
158	0.002403846153846154
30373	0.001201923076923077
30374	0.0029380341880341884
18987	0.00013354700854700856
30375	0.00013354700854700856
30376	0.00186965811965812
26223	0.00013354700854700856
30377	0.00013354700854700856
12972	0.0004006410256410257
30378	0.002403846153846154
22866	0.0002670940170940171
30379	0.0008012820512820514
30380	0.0002670940170940171
2903	0.0002670940170940171
30381	0.007745726495726497
30382	0.009081196581196584
30383	0.0002670940170940171
30384	0.00013354700854700856
21201	0.00013354700854700856
30385	0.0006677350427350427
30386	0.00013354700854700856
3205	0.00013354700854700856
30387	0.00013354700854700856
3118	0.00013354700854700856
30388	0.0008012820512820514
30389	0.0002670940170940171
30390	0.0010683760683760685
10154	0.0008012820512820514
30391	0.0005341880341880342
12504	0.0002670940170940171
30392	0.00373931623931624
30393	0.0008012820512820514
6095	0.0002670940170940171
30394	0.0005341880341880342
30395	0.0002670940170940171
30396	0.00013354700854700856
11264	0.00013354700854700856
30397	0.0002670940170940171
30398	0.0008012820512820514
30399	0.0005341880341880342
30400	0.00013354700854700856
26031	0.00013354700854700856
30401	0.0017361111111111112
2082	0.0010683760683760685
30402	0.0008012820512820514
30403	0.0005341880341880342
16082	0.0002670940170940171
30404	0.00013354700854700856
30405	0.00013354700854700856
9609	0.00013354700854700856
30406	0.00013354700854700856
30407	0.0017361111111111112
16935	0.0008012820512820514
30408	0.0008012820512820514
30409	0.00013354700854700856
12385	0.00013354700854700856
30410	0.00013354700854700856
24066	0.00013354700854700856
1030	0.0004006410256410257
30411	0.0016025641025641027
30412	0.0005341880341880342
23112	0.0002670940170940171
30413	0.0008012820512820514
11691	0.0013354700854700855
30414	0.00013354700854700856
21391	0.00013354700854700856
24461	0.0002670940170940171
30415	0.0013354700854700855
30416	0.0002670940170940171
18915	0.00013354700854700856
30417	0.00013354700854700856
30418	0.0005341880341880342
20081	0.0002670940170940171
21221	0.0008012820512820514
30419	0.0002670940170940171
26019	0.0002670940170940171
30420	0.0005341880341880342
30421	0.0002670940170940171
30422	0.00013354700854700856
10150	0.00013354700854700856
30423	0.00013354700854700856
4869	0.00013354700854700856
30424	0.00013354700854700856
30425	0.00013354700854700856
30426	0.0002670940170940171
21052	0.0008012820512820514
615	0.00013354700854700856
30427	0.00013354700854700856
15685	0.00013354700854700856
30428	0.00013354700854700856
30429	0.0013354700854700855
18089	0.0002670940170940171
30430	0.004540598290598291
3508	0.0010683760683760685
30431	0.0002670940170940171
30432	0.001201923076923077
30433	0.0004006410256410257
30434	0.00013354700854700856
30435	0.00013354700854700856
7469	0.0004006410256410257
30436	0.001201923076923077
30437	0.002938034188034188
31	0.0002670940170940171
30438	0.0008012820512820514
30439	0.0013354700854700855
30440	0.004540598290598291
30441	0.004540598290598291
8664	0.00013354700854700856
30442	0.00013354700854700856
30443	0.0005341880341880342
21309	0.0002670940170940171
30444	0.0008012820512820514
447	0.0010683760683760685
2371	0.00013354700854700856
30445	0.00013354700854700856
30446	0.0002670940170940171
3345	0.0005341880341880342
30447	0.0005341880341880342
15416	0.0002670940170940171
30448	0.002403846153846154
30449	0.003071581196581197
13238	0.00013354700854700856
30450	0.00013354700854700856
30451	0.0016025641025641027
30452	0.002403846153846154
30453	0.00013354700854700856
21242	0.00013354700854700856
30454	0.0025373931623931625
20657	0.00013354700854700856
30455	0.00013354700854700856
30456	0.007745726495726497
12949	0.0002670940170940171
30457	0.0002670940170940171
10592	0.0008012820512820514
30458	0.00013354700854700856
28172	0.00013354700854700856
30459	0.005475427350427351
30460	0.0008012820512820514
3893	0.0008012820512820514
30461	0.0002670940170940171
30462	0.0005341880341880342
30463	0.00747863247863248
30464	0.0002670940170940171
1883	0.0005341880341880342
22902	0.00013354700854700856
30465	0.00013354700854700856
30466	0.001201923076923077
5746	0.0004006410256410257
30467	0.00013354700854700856
17639	0.00013354700854700856
30468	0.0002670940170940171
25692	0.0005341880341880342
18189	0.00013354700854700856
30469	0.00013354700854700856
30470	0.0005341880341880342
30471	0.0002670940170940171
30472	0.0002670940170940171
21443	0.0005341880341880342
30473	0.0002670940170940171
30474	0.0004006410256410257
14143	0.001201923076923077
30475	0.00013354700854700856
14638	0.00013354700854700856
30476	0.0004006410256410257
30477	0.0004006410256410257
2743	0.002003205128205128
5823	0.00013354700854700856
30478	0.00013354700854700856
30479	0.0004006410256410257
30480	0.00013354700854700856
7576	0.00013354700854700856
30481	0.0002670940170940171
30482	0.00013354700854700856
6675	0.00013354700854700856
30483	0.00013354700854700856
12775	0.00013354700854700856
30484	0.00013354700854700856
5864	0.00013354700854700856
30485	0.0002670940170940171
30486	0.0013354700854700855
9517	0.0002670940170940171
30487	0.0005341880341880342
888	0.00013354700854700856
30488	0.00013354700854700856
7465	0.0013354700854700855
30489	0.0008012820512820514
30490	0.00013354700854700856
18003	0.00013354700854700856
30491	0.0008012820512820514
21508	0.0002670940170940171
30492	0.00013354700854700856
4819	0.00013354700854700856
30493	0.0005341880341880342
8584	0.0032051282051282055
30494	0.0004006410256410257
30495	0.0008012820512820514
30496	0.0008012820512820514
12449	0.0002670940170940171
6622	0.00013354700854700856
30497	0.00013354700854700856
764	0.00013354700854700856
30498	0.00013354700854700856
9106	0.00013354700854700856
30499	0.00013354700854700856
30500	0.00013354700854700856
4233	0.00013354700854700856
30501	0.0002670940170940171
30502	0.00013354700854700856
24165	0.00013354700854700856
10761	0.0004006410256410257
30503	0.001201923076923077
30504	0.00013354700854700856
15174	0.00013354700854700856
30505	0.00013354700854700856
18559	0.00013354700854700856
30506	0.008012820512820514
30507	0.002403846153846154
1921	0.00841346153846154
30508	0.00013354700854700856
28316	0.00013354700854700856
30509	0.002136752136752137
30510	0.00013354700854700856
21909	0.00013354700854700856
30511	0.0008012820512820514
30512	0.0002670940170940171
30513	0.0005341880341880342
30514	0.0017361111111111112
30515	0.0005341880341880342
12540	0.0002670940170940171
30516	0.0010683760683760685
30517	0.0029380341880341884
30518	0.0008012820512820514
30519	0.0010683760683760685
30520	0.0005341880341880342
6998	0.0002670940170940171
16968	0.00013354700854700856
30521	0.00013354700854700856
12717	0.0002670940170940171
30522	0.0008012820512820514
30523	0.005074786324786325
15374	0.00013354700854700856
30524	0.00013354700854700856
30525	0.00013354700854700856
14864	0.00013354700854700856
12869	0.00013354700854700856
30526	0.00013354700854700856
2722	0.00013354700854700856
30527	0.00013354700854700856
30528	0.0002670940170940171
6348	0.0008012820512820514
30529	0.0017361111111111112
30530	0.00013354700854700856
13595	0.00013354700854700856
30531	0.00013354700854700856
19332	0.00013354700854700856
30532	0.0004006410256410257
1538	0.001201923076923077
30533	0.00013354700854700856
10279	0.00013354700854700856
30534	0.0002670940170940171
9821	0.0008012820512820514
30535	0.0004006410256410257
30536	0.001201923076923077
30537	0.0005341880341880342
30538	0.004407051282051282
30539	0.0004006410256410257
30540	0.00013354700854700856
22929	0.00013354700854700856
30541	0.0008012820512820514
30542	0.0022702991452991455
5496	0.0008012820512820514
30543	0.0002670940170940171
20572	0.0002670940170940171
30544	0.0008012820512820514
30545	0.0005341880341880342
25286	0.0002670940170940171
30546	0.00013354700854700856
24234	0.00013354700854700856
30547	0.0018696581196581197
6507	0.0008012820512820514
30548	0.0002670940170940171
5460	0.0002670940170940171
30549	0.0008012820512820514
30550	0.0010683760683760685
1013	0.0013354700854700855
30551	0.00093482905982906
30552	0.0008012820512820514
30553	0.00013354700854700856
14812	0.00013354700854700856
4250	0.00013354700854700856
30554	0.00013354700854700856
30555	0.0032051282051282055
30556	0.0002670940170940171
8818	0.0008012820512820514
30557	0.0005341880341880342
2270	0.0002670940170940171
30558	0.0016025641025641025
16689	0.0002670940170940171
30559	0.007612179487179488
16483	0.0010683760683760685
30560	0.0005341880341880342
30561	0.0002670940170940171
30562	0.0005341880341880342
11167	0.0002670940170940171
4850	0.00013354700854700856
30563	0.00013354700854700856
30564	0.0002670940170940171
30565	0.0005341880341880342
6424	0.0002670940170940171
30566	0.005341880341880342
30567	0.0005341880341880342
30568	0.00013354700854700856
13636	0.00013354700854700856
28147	0.0004006410256410257
30569	0.001201923076923077
7265	0.0008012820512820514
30570	0.0008012820512820514
30571	0.00747863247863248
30572	0.0005341880341880342
30573	0.003071581196581197
9458	0.00013354700854700856
30574	0.00013354700854700856
9588	0.00013354700854700856
30575	0.00013354700854700856
30576	0.00013354700854700856
12291	0.00013354700854700856
30577	0.0013354700854700855
5849	0.0005341880341880342
30578	0.0002670940170940171
30579	0.00013354700854700856
12916	0.00013354700854700856
30580	0.0008012820512820514
27028	0.00013354700854700856
30581	0.00013354700854700856
30582	0.0005341880341880342
30583	0.0002670940170940171
15377	0.00013354700854700856
30584	0.00013354700854700856
30585	0.004006410256410257
30586	0.0016025641025641027
3488	0.002403846153846154
30587	0.0002670940170940171
30588	0.002670940170940171
21640	0.0005341880341880342
30589	0.0004006410256410257
27113	0.0016025641025641027
30590	0.0004006410256410257
7574	0.00013354700854700856
30591	0.00013354700854700856
30592	0.008012820512820514
30593	0.002136752136752137
21807	0.0005341880341880342
1815	0.0002670940170940171
30594	0.006143162393162394
30595	0.00013354700854700856
20279	0.00013354700854700856
25461	0.00013354700854700856
30596	0.00013354700854700856
30597	0.00013354700854700856
15736	0.00013354700854700856
30598	0.0002670940170940171
9766	0.0010683760683760685
30599	0.004807692307692308
30600	0.002403846153846154
30601	0.0008012820512820514
2343	0.0008012820512820514
17790	0.0002670940170940171
30602	0.0005341880341880342
30603	0.0004006410256410257
30604	0.001201923076923077
30605	0.0008012820512820514
28262	0.00013354700854700856
30606	0.00013354700854700856
30607	0.0017361111111111112
30608	0.0004006410256410257
30609	0.0005341880341880342
979	0.0037393162393162395
30610	0.00013354700854700856
3666	0.00013354700854700856
30611	0.00013354700854700856
10016	0.00013354700854700856
5160	0.0002670940170940171
30612	0.0005341880341880342
30613	0.00013354700854700856
16309	0.00013354700854700856
18304	0.002403846153846154
30614	0.0004006410256410257
30615	0.004006410256410256
30616	0.00013354700854700856
6042	0.00013354700854700856
30617	0.00013354700854700856
17914	0.00013354700854700856
15399	0.0002670940170940171
30618	0.0008012820512820514
30619	0.0004006410256410257
30620	0.003605769230769231
30621	0.0010683760683760685
22273	0.0008012820512820514
30622	0.0002670940170940171
30623	0.0005341880341880342
11131	0.0002670940170940171
30624	0.0093482905982906
30625	0.0002670940170940171
26041	0.0008012820512820514
30626	0.00186965811965812
3989	0.002403846153846154
30627	0.0002670940170940171
30628	0.0005341880341880342
30629	0.0005341880341880342
25983	0.0002670940170940171
30630	0.0004006410256410257
546	0.002003205128205128
22314	0.0002670940170940171
30631	0.0010683760683760685
30632	0.0010683760683760685
30633	0.0002670940170940171
15221	0.0008012820512820514
6035	0.00013354700854700856
30634	0.00013354700854700856
30635	0.00013354700854700856
389	0.00013354700854700856
30636	0.0014690170940170942
30637	0.0005341880341880342
24403	0.0002670940170940171
30638	0.0002670940170940171
2978	0.0005341880341880342
30639	0.004540598290598291
30640	0.005608974358974359
24214	0.0002670940170940171
30641	0.002403846153846154
13187	0.0004006410256410257
30642	0.0013354700854700855
30643	0.00013354700854700856
7914	0.00013354700854700856
30644	0.00013354700854700856
18642	0.00013354700854700856
30645	0.00013354700854700856
30646	0.00013354700854700856
30647	0.00013354700854700856
30648	0.00013354700854700856
30649	0.004540598290598291
30650	0.0034722222222222225
18615	0.0016025641025641027
30651	0.00013354700854700856
1480	0.00013354700854700856
30652	0.0004006410256410257
30653	0.004540598290598291
30654	0.00013354700854700856
23754	0.00013354700854700856
5597	0.002403846153846154
30655	0.0010683760683760685
30656	0.0010683760683760685
25988	0.00013354700854700856
30657	0.00013354700854700856
30658	0.0002670940170940171
30659	0.0010683760683760685
30660	0.0008012820512820514
8528	0.005608974358974359
1333	0.00013354700854700856
30661	0.00013354700854700856
16287	0.0010683760683760685
30662	0.0008012820512820514
30663	0.0016025641025641027
30664	0.0016025641025641027
30665	0.00013354700854700856
3012	0.00013354700854700856
30666	0.005608974358974359
30667	0.0002670940170940171
30668	0.0005341880341880342
30669	0.0005341880341880342
22534	0.0002670940170940171
30670	0.00013354700854700856
2292	0.00013354700854700856
30671	0.002403846153846154
30672	0.0008012820512820514
11938	0.0008012820512820514
30673	0.0002670940170940171
30674	0.00013354700854700856
8555	0.00013354700854700856
30675	0.00013354700854700856
25123	0.00013354700854700856
30676	0.00013354700854700856
1167	0.00013354700854700856
19201	0.0002670940170940171
30677	0.0005341880341880342
30678	0.0002670940170940171
21174	0.00013354700854700856
30679	0.00013354700854700856
30680	0.006677350427350428
3847	0.0016025641025641027
30681	0.004407051282051283
30682	0.0008012820512820514
5450	0.0008012820512820514
30683	0.007211538461538462
30684	0.0004006410256410257
2177	0.001201923076923077
15706	0.0032051282051282055
30685	0.0005341880341880342
30686	0.00013354700854700856
8207	0.00013354700854700856
30687	0.00013354700854700856
8102	0.00013354700854700856
1500	0.00013354700854700856
30688	0.00013354700854700856
30689	0.0008012820512820514
5089	0.0002670940170940171
30690	0.0005341880341880342
17515	0.0002670940170940171
30691	0.0005341880341880342
26259	0.0002670940170940171
23721	0.00013354700854700856
30692	0.00013354700854700856
30693	0.0004006410256410257
30694	0.00093482905982906
13246	0.0004006410256410257
30695	0.002403846153846154
30696	0.00186965811965812
30697	0.0013354700854700855
30698	0.0006677350427350427
3872	0.006009615384615385
30699	0.0004006410256410257
30700	0.00013354700854700856
24839	0.00013354700854700856
30701	0.0002670940170940171
30702	0.0004006410256410257
30703	0.0022702991452991455
14604	0.00013354700854700856
30704	0.00013354700854700856
30705	0.00013354700854700856
30706	0.00013354700854700856
30707	0.0004006410256410257
30708	0.0016025641025641027
30709	0.0005341880341880342
1466	0.005341880341880342
30710	0.00013354700854700856
30711	0.00013354700854700856
26660	0.00013354700854700856
30712	0.00013354700854700856
30713	0.0005341880341880342
30714	0.0002670940170940171
30715	0.0002670940170940171
3740	0.0008012820512820514
9993	0.00013354700854700856
30716	0.00013354700854700856
30717	0.0002670940170940171
30718	0.005341880341880342
30719	0.006009615384615386
12976	0.0004006410256410257
10059	0.00013354700854700856
30720	0.00013354700854700856
30721	0.00013354700854700856
30722	0.00013354700854700856
30723	0.00013354700854700856
7488	0.00013354700854700856
16894	0.00013354700854700856
30724	0.00013354700854700856
30725	0.0002670940170940171
30726	0.0005341880341880342
30727	0.00013354700854700856
14725	0.00013354700854700856
30728	0.0004006410256410257
12650	0.0016025641025641027
30729	0.00013354700854700856
2631	0.00013354700854700856
30730	0.0008012820512820514
30731	0.0004006410256410257
30732	0.00013354700854700856
14915	0.00013354700854700856
30733	0.00013354700854700856
30734	0.00013354700854700856
30735	0.0005341880341880342
30736	0.0002670940170940171
30737	0.0005341880341880342
505	0.0002670940170940171
2261	0.00013354700854700856
30738	0.00013354700854700856
19724	0.0008012820512820514
30739	0.0002670940170940171
30740	0.0002670940170940171
30741	0.0008012820512820514
30742	0.00013354700854700856
6660	0.00013354700854700856
30743	0.00013354700854700856
30744	0.00013354700854700856
23016	0.00013354700854700856
30745	0.00013354700854700856
30746	0.0008012820512820514
385	0.0002670940170940171
30747	0.00013354700854700856
30748	0.00013354700854700856
7953	0.00013354700854700856
30749	0.00013354700854700856
30750	0.002403846153846154
30751	0.0004006410256410257
26	0.00013354700854700856
30752	0.00013354700854700856
30753	0.00013354700854700856
1219	0.00013354700854700856
30754	0.0010683760683760685
4793	0.0008012820512820514
30755	0.0002670940170940171
2418	0.0005341880341880342
30756	0.00013354700854700856
18721	0.00013354700854700856
30757	0.0025373931623931625
30758	0.0005341880341880342
28134	0.0002670940170940171
30759	0.001201923076923077
9895	0.0004006410256410257
30760	0.0013354700854700855
14336	0.002403846153846154
30761	0.0008012820512820514
30762	0.00013354700854700856
13330	0.00013354700854700856
30763	0.00013354700854700856
1935	0.00013354700854700856
30764	0.0005341880341880342
1016	0.0002670940170940171
30765	0.00013354700854700856
22347	0.00013354700854700856
30766	0.00013354700854700856
7544	0.00013354700854700856
381	0.00013354700854700856
30767	0.00013354700854700856
30768	0.00013354700854700856
30769	0.00013354700854700856
30770	0.0013354700854700855
2058	0.0016025641025641027
30771	0.00013354700854700856
17439	0.00013354700854700856
30772	0.00013354700854700856
5144	0.00013354700854700856
30773	0.00013354700854700856
15823	0.00013354700854700856
30774	0.00013354700854700856
17131	0.00013354700854700856
30775	0.0002670940170940171
22758	0.0005341880341880342
30776	0.0002670940170940171
30777	0.0005341880341880342
18261	0.0002670940170940171
3062	0.0010683760683760685
30778	0.0010683760683760685
10137	0.0002670940170940171
30779	0.002136752136752137
30780	0.0002670940170940171
30781	0.00013354700854700856
25688	0.00013354700854700856
27510	0.0002670940170940171
30782	0.0005341880341880342
6391	0.00013354700854700856
30783	0.00013354700854700856
30784	0.0010683760683760685
7485	0.0002670940170940171
30785	0.0002670940170940171
30786	0.0005341880341880342
30787	0.0002670940170940171
30788	0.0008012820512820514
30789	0.00013354700854700856
30790	0.00013354700854700856
30791	0.0005341880341880342
30792	0.0002670940170940171
13607	0.0010683760683760685
30793	0.004807692307692308
30794	0.0008012820512820514
30795	0.0008012820512820514
22501	0.0002670940170940171
30796	0.00013354700854700856
14931	0.00013354700854700856
30797	0.0002670940170940171
30798	0.0008012820512820514
30799	0.00373931623931624
30800	0.0010683760683760685
30801	0.007211538461538462
30802	0.00013354700854700856
10734	0.00013354700854700856
30803	0.0006677350427350427
11356	0.0004006410256410257
30804	0.0016025641025641027
30805	0.00013354700854700856
20609	0.00013354700854700856
30806	0.00013354700854700856
8654	0.00013354700854700856
30807	0.0013354700854700855
30808	0.0004006410256410257
30809	0.0022702991452991455
27256	0.00013354700854700856
30810	0.00013354700854700856
30811	0.0004006410256410257
30812	0.00013354700854700856
1330	0.00013354700854700856
30813	0.001201923076923077
30814	0.0004006410256410257
30815	0.00013354700854700856
30816	0.00013354700854700856
30817	0.012820512820512822
3279	0.0002670940170940171
30818	0.0005341880341880342
30819	0.00013354700854700856
30820	0.00013354700854700856
25144	0.00013354700854700856
30821	0.00013354700854700856
30822	0.0016025641025641025
30823	0.0002670940170940171
30824	0.0002670940170940171
10286	0.0010683760683760685
30825	0.0005341880341880342
21070	0.0002670940170940171
30826	0.003472222222222223
691	0.012019230769230772
30827	0.0008012820512820514
5888	0.00013354700854700856
30828	0.00013354700854700856
30829	0.001201923076923077
30830	0.0004006410256410257
30831	0.0010683760683760685
27313	0.00013354700854700856
30832	0.00013354700854700856
30833	0.00013354700854700856
13986	0.00013354700854700856
30834	0.0002670940170940171
10299	0.00013354700854700856
30835	0.00013354700854700856
26374	0.00013354700854700856
30836	0.00013354700854700856
30837	0.00013354700854700856
14818	0.00013354700854700856
8143	0.0008012820512820514
30838	0.0002670940170940171
30839	0.00013354700854700856
10481	0.00013354700854700856
5105	0.00013354700854700856
30840	0.00013354700854700856
30841	0.0002670940170940171
435	0.0008012820512820514
9386	0.00013354700854700856
30842	0.00013354700854700856
8220	0.0002670940170940171
30843	0.004273504273504274
30844	0.0005341880341880342
30845	0.0002670940170940171
30846	0.0008012820512820514
30847	0.0013354700854700855
30848	0.00013354700854700856
3631	0.00013354700854700856
4414	0.0013354700854700855
30849	0.0016025641025641027
30850	0.003071581196581197
30851	0.0013354700854700855
30852	0.0002670940170940171
30853	0.0093482905982906
20090	0.0004006410256410257
30854	0.0016025641025641027
30855	0.0013354700854700855
30856	0.0002670940170940171
1570	0.00013354700854700856
30857	0.00013354700854700856
30858	0.0002670940170940171
30859	0.00013354700854700856
26448	0.00013354700854700856
30860	0.0005341880341880342
1430	0.0008012820512820514
30861	0.0002670940170940171
30862	0.0005341880341880342
30863	0.0002670940170940171
17901	0.0005341880341880342
30864	0.0002670940170940171
30865	0.0029380341880341884
5177	0.00013354700854700856
30866	0.00013354700854700856
4978	0.00013354700854700856
30867	0.00013354700854700856
30868	0.0004006410256410257
30869	0.0022702991452991455
30870	0.005475427350427351
30871	0.009081196581196584
4449	0.0002670940170940171
25920	0.00013354700854700856
30872	0.00013354700854700856
10866	0.0004006410256410257
30873	0.009615384615384616
9365	0.0002670940170940171
30874	0.0005341880341880342
30875	0.0014690170940170942
30876	0.00013354700854700856
25259	0.00013354700854700856
30877	0.00013354700854700856
5131	0.00013354700854700856
30878	0.0002670940170940171
7428	0.0008012820512820514
30879	0.00013354700854700856
1450	0.00013354700854700856
19836	0.00013354700854700856
30880	0.00013354700854700856
28269	0.0002670940170940171
30881	0.0005341880341880342
30882	0.00013354700854700856
13394	0.00013354700854700856
30883	0.0002670940170940171
21859	0.0008012820512820514
17176	0.00013354700854700856
30884	0.00013354700854700856
13605	0.00013354700854700856
30885	0.00013354700854700856
6840	0.0005341880341880342
30886	0.003205128205128205
30887	0.00013354700854700856
17976	0.00013354700854700856
30888	0.00013354700854700856
11732	0.00013354700854700856
3454	0.00013354700854700856
30889	0.00013354700854700856
30890	0.00013354700854700856
14596	0.00013354700854700856
1635	0.0005341880341880342
30891	0.0002670940170940171
13601	0.0002670940170940171
30892	0.0005341880341880342
30893	0.00013354700854700856
15745	0.00013354700854700856
30894	0.0005341880341880342
415	0.0002670940170940171
30895	0.0029380341880341884
30896	0.00013354700854700856
1188	0.00013354700854700856
30897	0.0005341880341880342
4230	0.0002670940170940171
10418	0.00013354700854700856
30898	0.00013354700854700856
3220	0.0004006410256410257
30899	0.0028044871794871795
14753	0.00013354700854700856
30900	0.00013354700854700856
30901	0.0002670940170940171
30902	0.0005341880341880342
5490	0.0002670940170940171
30903	0.00013354700854700856
16896	0.00013354700854700856
30904	0.0005341880341880342
30905	0.002403846153846154
30906	0.0002670940170940171
30907	0.0017361111111111112
30908	0.0005341880341880342
7629	0.0002670940170940171
30909	0.0025373931623931625
30910	0.00013354700854700856
14342	0.00013354700854700856
30911	0.0002670940170940171
30912	0.00013354700854700856
9851	0.00013354700854700856
4120	0.0002670940170940171
30913	0.0005341880341880342
30914	0.00013354700854700856
4677	0.00013354700854700856
2920	0.0010683760683760685
30915	0.0002670940170940171
30916	0.006410256410256411
30917	0.005608974358974359
30918	0.0010683760683760685
30919	0.00013354700854700856
22737	0.00013354700854700856
30920	0.0004006410256410257
30921	0.0002670940170940171
18781	0.0005341880341880342
6693	0.0002670940170940171
30922	0.0005341880341880342
30923	0.0004006410256410257
30924	0.001201923076923077
30925	0.0008012820512820514
30926	0.0008012820512820514
5937	0.00013354700854700856
30927	0.00013354700854700856
30928	0.004540598290598291
30929	0.00373931623931624
30930	0.0005341880341880342
30931	0.0004006410256410257
125	0.001201923076923077
30932	0.004807692307692308
30933	0.0013354700854700855
30934	0.00013354700854700856
7879	0.00013354700854700856
30935	0.00013354700854700856
24639	0.00013354700854700856
30936	0.00013354700854700856
123	0.00013354700854700856
30937	0.0008012820512820514
30938	0.00013354700854700856
21051	0.00013354700854700856
30939	0.0005341880341880342
30940	0.00013354700854700856
1391	0.00013354700854700856
30941	0.00013354700854700856
25200	0.00013354700854700856
4843	0.0002670940170940171
30942	0.0005341880341880342
30943	0.0014690170940170942
30944	0.0005341880341880342
3896	0.0002670940170940171
28111	0.00013354700854700856
30945	0.00013354700854700856
30946	0.00013354700854700856
17805	0.00013354700854700856
30947	0.00013354700854700856
17347	0.00013354700854700856
30948	0.0002670940170940171
111	0.0008012820512820514
30949	0.0005341880341880342
30950	0.0004006410256410257
21416	0.0002670940170940171
30951	0.0005341880341880342
30952	0.001201923076923077
1454	0.0004006410256410257
2924	0.0008012820512820514
30953	0.0002670940170940171
30954	0.004006410256410256
30955	0.0004006410256410257
30956	0.0005341880341880342
19179	0.0002670940170940171
30957	0.0008012820512820514
3451	0.00013354700854700856
30958	0.00013354700854700856
14269	0.00013354700854700856
30959	0.00013354700854700856
14302	0.00013354700854700856
30960	0.00013354700854700856
30961	0.0002670940170940171
10325	0.0005341880341880342
30962	0.00013354700854700856
10620	0.00013354700854700856
30963	0.00013354700854700856
27950	0.00013354700854700856
18356	0.0002670940170940171
30964	0.0005341880341880342
30965	0.00013354700854700856
18238	0.00013354700854700856
30966	0.00013354700854700856
8448	0.00013354700854700856
30967	0.00747863247863248
30968	0.0010683760683760685
30969	0.0005341880341880342
21646	0.0002670940170940171
30970	0.008814102564102564
30971	0.0002670940170940171
5578	0.0008012820512820514
30972	0.0005341880341880342
14728	0.0002670940170940171
30973	0.00013354700854700856
10156	0.00013354700854700856
30974	0.0002670940170940171
30975	0.0008012820512820514
30976	0.0013354700854700855
30977	0.0008012820512820514
30978	0.0002670940170940171
19168	0.00013354700854700856
30979	0.00013354700854700856
24530	0.00013354700854700856
30980	0.00013354700854700856
20005	0.0013354700854700855
30981	0.0013354700854700855
30982	0.00013354700854700856
30983	0.00013354700854700856
30984	0.0016025641025641025
13966	0.0002670940170940171
30985	0.0002670940170940171
30986	0.00013354700854700856
1342	0.00013354700854700856
30987	0.0005341880341880342
18589	0.0002670940170940171
30988	0.00013354700854700856
3131	0.00013354700854700856
30989	0.00093482905982906
30990	0.0002670940170940171
2649	0.0010683760683760685
1514	0.0002670940170940171
30991	0.006143162393162394
30992	0.00013354700854700856
25707	0.00013354700854700856
26021	0.00013354700854700856
30993	0.00013354700854700856
30994	0.0008012820512820514
6040	0.0002670940170940171
30995	0.0005341880341880342
30996	0.00013354700854700856
3238	0.00013354700854700856
30997	0.0008012820512820514
30998	0.004540598290598291
30999	0.0002670940170940171
31000	0.0032051282051282055
3419	0.00013354700854700856
31001	0.00013354700854700856
541	0.006009615384615385
31002	0.0006677350427350427
31003	0.00013354700854700856
31004	0.00013354700854700856
31005	0.0005341880341880342
31006	0.0004006410256410257
31007	0.0004006410256410257
31008	0.002003205128205128
17475	0.0004006410256410257
31009	0.0008012820512820514
31010	0.0032051282051282055
31011	0.0037393162393162395
31012	0.00013354700854700856
883	0.00013354700854700856
31013	0.0004006410256410257
31014	0.0004006410256410257
1842	0.0016025641025641027
31015	0.0002670940170940171
23243	0.0008012820512820514
31016	0.0008012820512820514
31017	0.004540598290598291
31018	0.00013354700854700856
11654	0.00013354700854700856
31019	0.0004006410256410257
22307	0.0004006410256410257
31020	0.008012820512820512
31021	0.0005341880341880342
31022	0.002136752136752137
31023	0.0008012820512820514
4226	0.0002670940170940171
31024	0.0002670940170940171
31025	0.0029380341880341884
31026	0.0010683760683760685
22510	0.0002670940170940171
31027	0.004407051282051283
31028	0.00013354700854700856
20488	0.00013354700854700856
31029	0.00013354700854700856
24261	0.00013354700854700856
31030	0.002403846153846154
25541	0.0013354700854700855
31031	0.0005341880341880342
1329	0.0002670940170940171
31032	0.0002670940170940171
31033	0.00013354700854700856
7416	0.00013354700854700856
31034	0.0029380341880341884
31035	0.0029380341880341884
31036	0.007745726495726497
31037	0.0002670940170940171
31038	0.001201923076923077
520	0.0004006410256410257
23829	0.0002670940170940171
31039	0.0010683760683760685
31040	0.0029380341880341884
31041	0.0005341880341880342
31042	0.0005341880341880342
18211	0.0002670940170940171
31043	0.0005341880341880342
22096	0.0002670940170940171
3000	0.0010683760683760685
31044	0.0002670940170940171
31045	0.0002670940170940171
724	0.0002670940170940171
31046	0.0005341880341880342
31047	0.00013354700854700856
6357	0.00013354700854700856
31048	0.00013354700854700856
12126	0.00013354700854700856
7965	0.0002670940170940171
31049	0.0005341880341880342
8201	0.0008012820512820514
31050	0.0002670940170940171
31051	0.00013354700854700856
5421	0.00013354700854700856
31052	0.0002670940170940171
339	0.0008012820512820514
31053	0.0002670940170940171
31054	0.0005341880341880342
21595	0.00013354700854700856
31055	0.00013354700854700856
31056	0.005608974358974359
7269	0.0002670940170940171
31057	0.0005341880341880342
10543	0.0002670940170940171
198	0.0004006410256410257
31058	0.008012820512820512
26329	0.00013354700854700856
31059	0.00013354700854700856
31060	0.005341880341880342
2465	0.00013354700854700856
31061	0.00013354700854700856
31062	0.0005341880341880342
31063	0.0002670940170940171
4021	0.0005341880341880342
31064	0.0002670940170940171
31065	0.003071581196581197
31066	0.0022702991452991455
31067	0.0005341880341880342
299	0.0002670940170940171
31068	0.00013354700854700856
2391	0.00013354700854700856
12472	0.0002670940170940171
31069	0.0005341880341880342
31070	0.0004006410256410257
860	0.0016025641025641027
31071	0.0013354700854700855
31072	0.00013354700854700856
2365	0.00013354700854700856
25346	0.0002670940170940171
31073	0.0005341880341880342
31074	0.00013354700854700856
24398	0.00013354700854700856
31075	0.00013354700854700856
14108	0.00013354700854700856
17665	0.00013354700854700856
31076	0.00013354700854700856
31077	0.0016025641025641027
31078	0.0002670940170940171
31079	0.0004006410256410257
6293	0.0016025641025641027
31080	0.00013354700854700856
2130	0.00013354700854700856
31081	0.0002670940170940171
31082	0.0005341880341880342
31083	0.0002670940170940171
31084	0.0010683760683760685
31085	0.0005341880341880342
31086	0.0014690170940170942
31087	0.0093482905982906
31088	0.00013354700854700856
31089	0.00013354700854700856
31090	0.0008012820512820514
18513	0.0008012820512820514
12715	0.0010683760683760685
31091	0.0008012820512820514
31092	0.00013354700854700856
17690	0.00013354700854700856
31093	0.0002670940170940171
31094	0.012553418803418804
12698	0.00013354700854700856
31095	0.00013354700854700856
31096	0.0006677350427350427
31097	0.00013354700854700856
22919	0.00013354700854700856
31098	0.0022702991452991455
31099	0.00013354700854700856
31100	0.00013354700854700856
20902	0.00013354700854700856
31101	0.00013354700854700856
31102	0.0008012820512820514
1446	0.0002670940170940171
31103	0.00013354700854700856
3652	0.00013354700854700856
31104	0.00013354700854700856
4736	0.00013354700854700856
11797	0.00013354700854700856
31105	0.00013354700854700856
24651	0.00013354700854700856
31106	0.00013354700854700856
31107	0.002403846153846154
31108	0.0025373931623931625
31109	0.0002670940170940171
31110	0.0008012820512820514
31111	0.0008012820512820514
31112	0.00013354700854700856
21016	0.00013354700854700856
31113	0.0002670940170940171
16980	0.0005341880341880342
560	0.00013354700854700856
31114	0.00013354700854700856
31115	0.00013354700854700856
25172	0.00013354700854700856
31116	0.00013354700854700856
5188	0.00013354700854700856
31117	0.003071581196581197
31118	0.00013354700854700856
913	0.00013354700854700856
31119	0.0013354700854700855
31120	0.00013354700854700856
31121	0.00013354700854700856
25352	0.00013354700854700856
31122	0.00013354700854700856
31123	0.0008012820512820514
31124	0.0002670940170940171
31125	0.0004006410256410257
548	0.002403846153846154
31126	0.00013354700854700856
16877	0.00013354700854700856
8987	0.0008012820512820514
31127	0.0002670940170940171
31128	0.00013354700854700856
7898	0.00013354700854700856
1614	0.00013354700854700856
31129	0.00013354700854700856
31130	0.00013354700854700856
12871	0.00013354700854700856
31131	0.00013354700854700856
27040	0.00013354700854700856
31132	0.005876068376068376
1984	0.0013354700854700855
31133	0.0018696581196581197
31134	0.00013354700854700856
24842	0.00013354700854700856
31135	0.001201923076923077
23759	0.0004006410256410257
31136	0.002670940170940171
31137	0.0005341880341880342
31138	0.0002670940170940171
31139	0.004407051282051283
27262	0.0002670940170940171
31140	0.006143162393162394
31141	0.00013354700854700856
23767	0.00013354700854700856
31142	0.0013354700854700855
31143	0.00013354700854700856
2025	0.00013354700854700856
31144	0.0005341880341880342
31145	0.004540598290598291
24185	0.0002670940170940171
31146	0.0005341880341880342
31147	0.01121794871794872
31148	0.0004006410256410257
31149	0.0002670940170940171
31150	0.0005341880341880342
31151	0.0002670940170940171
31152	0.00013354700854700856
7076	0.00013354700854700856
31153	0.011752136752136754
31154	0.0002670940170940171
31155	0.00013354700854700856
15639	0.00013354700854700856
31156	0.00013354700854700856
2767	0.00013354700854700856
16925	0.00013354700854700856
31157	0.00013354700854700856
31158	0.00013354700854700856
9165	0.00013354700854700856
31159	0.0002670940170940171
3529	0.0008012820512820514
31160	0.0008012820512820514
31161	0.0008012820512820514
13073	0.0013354700854700855
31162	0.0002670940170940171
31163	0.00013354700854700856
16010	0.00013354700854700856
31164	0.00013354700854700856
18758	0.00013354700854700856
3192	0.0002670940170940171
31165	0.0005341880341880342
31166	0.0004006410256410257
31167	0.00013354700854700856
22851	0.00013354700854700856
31168	0.0004006410256410257
31169	0.001201923076923077
21355	0.0004006410256410257
8011	0.0013354700854700855
31170	0.0002670940170940171
31171	0.0005341880341880342
6483	0.0002670940170940171
31172	0.0005341880341880342
18509	0.0002670940170940171
31173	0.009081196581196584
9542	0.0002670940170940171
31174	0.002670940170940171
31175	0.0025373931623931625
4979	0.002003205128205128
31176	0.0004006410256410257
31177	0.002003205128205128
31178	0.00013354700854700856
647	0.00013354700854700856
31179	0.00013354700854700856
5855	0.00013354700854700856
7976	0.00013354700854700856
31180	0.00013354700854700856
31181	0.00013354700854700856
25830	0.00013354700854700856
17470	0.00013354700854700856
31182	0.00013354700854700856
31183	0.00013354700854700856
7582	0.00013354700854700856
11333	0.00013354700854700856
31184	0.00013354700854700856
31185	0.0016025641025641025
17620	0.00013354700854700856
31186	0.00013354700854700856
31187	0.0022702991452991455
31188	0.0002670940170940171
31189	0.01121794871794872
31190	0.00013354700854700856
15385	0.00013354700854700856
11715	0.00013354700854700856
31191	0.00013354700854700856
9845	0.00013354700854700856
31192	0.00013354700854700856
31193	0.0005341880341880342
16468	0.002670940170940171
13680	0.0008012820512820514
31194	0.0002670940170940171
31195	0.0008012820512820514
17879	0.0002670940170940171
31196	0.002403846153846154
31197	0.0004006410256410257
31198	0.00013354700854700856
285	0.00013354700854700856
31199	0.00013354700854700856
14434	0.00013354700854700856
4301	0.0016025641025641027
31200	0.0004006410256410257
31201	0.00013354700854700856
3614	0.00013354700854700856
31202	0.00373931623931624
31203	0.00013354700854700856
13296	0.00013354700854700856
31204	0.0013354700854700855
31205	0.00921474358974359
27294	0.0010683760683760685
31206	0.0008012820512820514
31207	0.0008012820512820514
31208	0.0008012820512820514
31209	0.004807692307692308
31210	0.0008012820512820514
31211	0.008012820512820512
24513	0.00013354700854700856
31212	0.00013354700854700856
9411	0.00013354700854700856
31213	0.00013354700854700856
31214	0.0018696581196581197
7216	0.00013354700854700856
31215	0.00013354700854700856
31216	0.0005341880341880342
31217	0.0002670940170940171
31218	0.00013354700854700856
7463	0.00013354700854700856
31219	0.0002670940170940171
14289	0.00013354700854700856
31220	0.00013354700854700856
31221	0.0006677350427350427
6996	0.004674145299145299
19853	0.00013354700854700856
31222	0.00013354700854700856
5802	0.0013354700854700855
31223	0.006810897435897436
31224	0.00186965811965812
31225	0.00013354700854700856
20699	0.00013354700854700856
31226	0.0002670940170940171
13871	0.0005341880341880342
31227	0.00013354700854700856
8273	0.00013354700854700856
31228	0.00013354700854700856
7858	0.00013354700854700856
16452	0.00013354700854700856
31229	0.00013354700854700856
31230	0.00013354700854700856
9523	0.00013354700854700856
31231	0.0032051282051282055
31232	0.0016025641025641027
31233	0.005608974358974359
23008	0.0002670940170940171
692	0.0004006410256410257
31234	0.002403846153846154
31235	0.0005341880341880342
2264	0.0002670940170940171
31236	0.00013354700854700856
15958	0.00013354700854700856
31237	0.00013354700854700856
22404	0.00013354700854700856
31238	0.00013354700854700856
6006	0.00013354700854700856
31239	0.00013354700854700856
23689	0.00013354700854700856
31240	0.001201923076923077
31241	0.0004006410256410257
9891	0.0002670940170940171
31242	0.0005341880341880342
31243	0.0002670940170940171
31244	0.0093482905982906
1171	0.0002670940170940171
17525	0.00013354700854700856
31245	0.00013354700854700856
20878	0.00013354700854700856
31246	0.00013354700854700856
6906	0.0002670940170940171
31247	0.0005341880341880342
31248	0.006410256410256411
23085	0.00013354700854700856
31249	0.00013354700854700856
31250	0.0002670940170940171
31251	0.004540598290598291
31252	0.00013354700854700856
6	0.00013354700854700856
19088	0.00013354700854700856
31253	0.00013354700854700856
31254	0.0005341880341880342
31255	0.005475427350427351
31256	0.0002670940170940171
31257	0.0032051282051282055
10859	0.00013354700854700856
31258	0.00013354700854700856
31259	0.0005341880341880342
31260	0.0010683760683760685
31261	0.006143162393162394
31262	0.0002670940170940171
31263	0.00013354700854700856
22776	0.00013354700854700856
31264	0.0002670940170940171
31265	0.0008012820512820514
31266	0.00013354700854700856
22725	0.00013354700854700856
31267	0.006143162393162394
31268	0.00013354700854700856
31269	0.00013354700854700856
12192	0.00013354700854700856
31270	0.00013354700854700856
31271	0.00013354700854700856
23671	0.00013354700854700856
31272	0.0002670940170940171
31273	0.0005341880341880342
31274	0.0005341880341880342
31275	0.00013354700854700856
17161	0.00013354700854700856
31276	0.00013354700854700856
27351	0.00013354700854700856
13009	0.00013354700854700856
31277	0.00013354700854700856
31278	0.0004006410256410257
4447	0.002003205128205128
31279	0.00013354700854700856
5553	0.00013354700854700856
31280	0.0005341880341880342
31281	0.002403846153846154
31282	0.004540598290598291
31283	0.0005341880341880342
31284	0.002136752136752137
31285	0.0008012820512820514
31286	0.0004006410256410257
31287	0.00013354700854700856
279	0.00013354700854700856
5272	0.0004006410256410257
31288	0.002403846153846154
31289	0.0004006410256410257
11055	0.0002670940170940171
31290	0.0005341880341880342
31291	0.00013354700854700856
4469	0.00013354700854700856
31292	0.00013354700854700856
7566	0.00013354700854700856
13902	0.0002670940170940171
31293	0.0005341880341880342
31294	0.0008012820512820514
16048	0.00013354700854700856
31295	0.00013354700854700856
31296	0.0004006410256410257
24507	0.00013354700854700856
31297	0.00013354700854700856
31298	0.0005341880341880342
31299	0.0005341880341880342
31300	0.00013354700854700856
31301	0.00013354700854700856
31302	0.0004006410256410257
31303	0.0002670940170940171
31304	0.0006677350427350427
31305	0.0005341880341880342
31306	0.00013354700854700856
21446	0.00013354700854700856
31307	0.0016025641025641025
31308	0.00013354700854700856
12000	0.00013354700854700856
31309	0.00013354700854700856
31310	0.00013354700854700856
31311	0.0008012820512820514
21389	0.0002670940170940171
31312	0.0004006410256410257
31313	0.0002670940170940171
13473	0.0005341880341880342
31314	0.0002670940170940171
17376	0.0008012820512820514
31315	0.0004006410256410257
19776	0.0002670940170940171
31316	0.0005341880341880342
31317	0.0002670940170940171
6023	0.0008012820512820514
31318	0.004540598290598291
24091	0.00013354700854700856
31319	0.00013354700854700856
31320	0.0005341880341880342
31321	0.00013354700854700856
5691	0.00013354700854700856
31322	0.00013354700854700856
26327	0.00013354700854700856
9119	0.00013354700854700856
31323	0.00013354700854700856
31324	0.0008012820512820514
31325	0.0013354700854700855
31326	0.0013354700854700855
18147	0.00013354700854700856
31327	0.00013354700854700856
31328	0.00013354700854700856
5052	0.00013354700854700856
31329	0.0010683760683760685
8958	0.0013354700854700855
6493	0.0008012820512820514
31330	0.011485042735042736
31331	0.00013354700854700856
17613	0.00013354700854700856
31332	0.0004006410256410257
31333	0.0004006410256410257
31334	0.0022702991452991455
31335	0.0005341880341880342
31336	0.012419871794871798
31337	0.0004006410256410257
31338	0.0005341880341880342
31339	0.0002670940170940171
23219	0.00013354700854700856
31340	0.00013354700854700856
31341	0.00013354700854700856
31342	0.00013354700854700856
25802	0.00013354700854700856
31343	0.00013354700854700856
3241	0.00013354700854700856
31344	0.00013354700854700856
31345	0.00013354700854700856
7021	0.00013354700854700856
31346	0.0002670940170940171
8339	0.0005341880341880342
31347	0.00013354700854700856
16289	0.00013354700854700856
1360	0.00013354700854700856
31348	0.00013354700854700856
31349	0.002403846153846154
24135	0.00013354700854700856
31350	0.00013354700854700856
31351	0.00013354700854700856
3831	0.00013354700854700856
31352	0.00013354700854700856
4272	0.00013354700854700856
31353	0.0093482905982906
31354	0.00013354700854700856
20080	0.00013354700854700856
31355	0.0010683760683760685
31356	0.0014690170940170942
31357	0.00013354700854700856
31358	0.00013354700854700856
22627	0.00013354700854700856
31359	0.00013354700854700856
31360	0.0005341880341880342
1624	0.0002670940170940171
31361	0.0008012820512820514
31362	0.0008012820512820514
31363	0.00013354700854700856
3409	0.00013354700854700856
31364	0.0022702991452991455
31365	0.002003205128205128
22988	0.00013354700854700856
31366	0.00013354700854700856
31367	0.0004006410256410257
31368	0.00013354700854700856
7670	0.00013354700854700856
31369	0.00013354700854700856
11229	0.00013354700854700856
31370	0.0025373931623931625
20561	0.0004006410256410257
31371	0.001201923076923077
31372	0.002804487179487179
31373	0.0017361111111111112
31374	0.0006677350427350427
31375	0.00013354700854700856
27004	0.00013354700854700856
31376	0.001201923076923077
4773	0.0004006410256410257
31377	0.0002670940170940171
31378	0.00013354700854700856
31379	0.00013354700854700856
15655	0.00013354700854700856
31380	0.00013354700854700856
31381	0.0008012820512820514
23092	0.0002670940170940171
31382	0.0016025641025641027
31383	0.0008012820512820514
15254	0.00013354700854700856
31384	0.00013354700854700856
31385	0.00013354700854700856
13372	0.00013354700854700856
31386	0.005475427350427351
3992	0.0005341880341880342
31387	0.0002670940170940171
31388	0.00013354700854700856
13141	0.00013354700854700856
16018	0.0002670940170940171
31389	0.0016025641025641025
31390	0.00841346153846154
31391	0.0017361111111111112
31392	0.0005341880341880342
1861	0.0002670940170940171
31393	0.0016025641025641027
4353	0.00013354700854700856
31394	0.00013354700854700856
31395	0.0010683760683760685
31396	0.0002670940170940171
12961	0.0008012820512820514
31397	0.00013354700854700856
22500	0.00013354700854700856
31398	0.0002670940170940171
31399	0.0004006410256410257
31400	0.0002670940170940171
11626	0.0004006410256410257
31401	0.001201923076923077
31402	0.0002670940170940171
31403	0.0005341880341880342
31404	0.003071581196581197
31405	0.0004006410256410257
31406	0.00013354700854700856
21130	0.00013354700854700856
31407	0.0004006410256410257
732	0.002403846153846154
31408	0.0010683760683760685
31409	0.00013354700854700856
28296	0.00013354700854700856
31410	0.00013354700854700856
17765	0.00013354700854700856
6801	0.0008012820512820514
31411	0.0010683760683760685
31412	0.00013354700854700856
16246	0.00013354700854700856
23967	0.0002670940170940171
31413	0.0005341880341880342
20877	0.00013354700854700856
31414	0.00013354700854700856
31415	0.0002670940170940171
31416	0.0002670940170940171
24246	0.0005341880341880342
31417	0.0018696581196581197
31418	0.0008012820512820514
2227	0.0010683760683760685
21791	0.0004006410256410257
31419	0.0016025641025641027
31420	0.00013354700854700856
4211	0.00013354700854700856
31421	0.0013354700854700855
31422	0.0005341880341880342
11701	0.0002670940170940171
31423	0.0008012820512820514
31424	0.00013354700854700856
10589	0.00013354700854700856
31425	0.00013354700854700856
8233	0.00013354700854700856
31426	0.0002670940170940171
16228	0.0008012820512820514
31427	0.0004006410256410257
31428	0.001201923076923077
31429	0.0005341880341880342
21197	0.0002670940170940171
31430	0.0004006410256410257
3485	0.001201923076923077
31431	0.00013354700854700856
26581	0.00013354700854700856
31432	0.0002670940170940171
19534	0.00013354700854700856
31433	0.00013354700854700856
31434	0.0002670940170940171
31435	0.004540598290598291
22567	0.00013354700854700856
31436	0.00013354700854700856
26772	0.00013354700854700856
31437	0.00013354700854700856
11557	0.0013354700854700855
31438	0.0008012820512820514
10383	0.00013354700854700856
31439	0.00013354700854700856
31440	0.00013354700854700856
8442	0.00013354700854700856
31441	0.00013354700854700856
14538	0.00013354700854700856
31442	0.0005341880341880342
19170	0.0002670940170940171
31443	0.002136752136752137
31444	0.0008012820512820514
31445	0.00013354700854700856
6028	0.00013354700854700856
31446	0.0010683760683760685
31447	0.00013354700854700856
27880	0.00013354700854700856
31448	0.002136752136752137
31449	0.0008012820512820514
18573	0.0002670940170940171
31450	0.00013354700854700856
31451	0.00013354700854700856
31452	0.0002670940170940171
31453	0.0005341880341880342
31454	0.0004006410256410257
31455	0.0005341880341880342
7545	0.0005341880341880342
31456	0.0002670940170940171
31457	0.005341880341880342
31458	0.0002670940170940171
12704	0.0008012820512820514
31459	0.00013354700854700856
31460	0.00013354700854700856
31461	0.0016025641025641027
23140	0.0008012820512820514
31462	0.0002670940170940171
4625	0.0008012820512820514
31463	0.0002670940170940171
31464	0.00013354700854700856
20459	0.00013354700854700856
31465	0.00013354700854700856
28478	0.00013354700854700856
31466	0.0004006410256410257
31467	0.00013354700854700856
12687	0.00013354700854700856
483	0.00013354700854700856
31468	0.00013354700854700856
31469	0.0008012820512820514
24915	0.00013354700854700856
31470	0.00013354700854700856
15763	0.00013354700854700856
31471	0.00013354700854700856
31472	0.00013354700854700856
19893	0.00013354700854700856
4630	0.0008012820512820514
31473	0.0010683760683760685
386	0.0002670940170940171
31474	0.0005341880341880342
31475	0.0002670940170940171
31476	0.007612179487179488
18583	0.0004006410256410257
31477	0.00013354700854700856
9550	0.00013354700854700856
31478	0.002403846153846154
31479	0.005608974358974359
5757	0.0002670940170940171
31480	0.0013354700854700855
2247	0.0028044871794871795
31481	0.00013354700854700856
1523	0.00013354700854700856
6026	0.00013354700854700856
31482	0.00013354700854700856
31483	0.00013354700854700856
21347	0.00013354700854700856
31484	0.0034722222222222225
31485	0.005475427350427351
31486	0.0002670940170940171
3126	0.00013354700854700856
31487	0.00013354700854700856
31488	0.0004006410256410257
31489	0.0002670940170940171
11235	0.0002670940170940171
31490	0.0005341880341880342
31491	0.0005341880341880342
31492	0.002136752136752137
23210	0.00013354700854700856
31493	0.00013354700854700856
31494	0.00013354700854700856
25907	0.00013354700854700856
31495	0.0005341880341880342
20879	0.0002670940170940171
31496	0.0013354700854700855
1257	0.0005341880341880342
31497	0.0002670940170940171
31498	0.0037393162393162395
31499	0.0005341880341880342
7128	0.0002670940170940171
31500	0.0005341880341880342
31501	0.0002670940170940171
31502	0.009081196581196584
15787	0.0002670940170940171
31503	0.0013354700854700855
31504	0.0002670940170940171
783	0.0010683760683760685
31505	0.0008012820512820514
7973	0.0002670940170940171
31506	0.00013354700854700856
21482	0.00013354700854700856
31507	0.005475427350427351
31508	0.006944444444444445
3948	0.0004006410256410257
31509	0.001201923076923077
31510	0.00013354700854700856
10653	0.00013354700854700856
31511	0.0008012820512820514
19008	0.0002670940170940171
31512	0.010416666666666668
31513	0.00013354700854700856
14601	0.00013354700854700856
31514	0.00013354700854700856
7765	0.00013354700854700856
31515	0.0002670940170940171
5260	0.0005341880341880342
31516	0.00013354700854700856
11296	0.00013354700854700856
13643	0.00013354700854700856
31517	0.00013354700854700856
31518	0.0002670940170940171
31519	0.0002670940170940171
10401	0.0008012820512820514
31520	0.00013354700854700856
17886	0.00013354700854700856
31521	0.006410256410256411
31522	0.0002670940170940171
31523	0.00093482905982906
22428	0.00013354700854700856
31524	0.00013354700854700856
28406	0.0002670940170940171
31525	0.0016025641025641025
11601	0.00013354700854700856
31526	0.00013354700854700856
3215	0.00013354700854700856
31527	0.00013354700854700856
31528	0.0008012820512820514
11023	0.0002670940170940171
31529	0.0004006410256410257
31530	0.00013354700854700856
18550	0.00013354700854700856
31531	0.00093482905982906
31532	0.002136752136752137
31533	0.006143162393162394
31534	0.0002670940170940171
31535	0.0005341880341880342
11148	0.00373931623931624
31536	0.00013354700854700856
27659	0.00013354700854700856
31537	0.00013354700854700856
1927	0.00013354700854700856
31538	0.00013354700854700856
31539	0.00013354700854700856
27773	0.0002670940170940171
31540	0.0008012820512820514
31541	0.00013354700854700856
3439	0.00013354700854700856
31542	0.0005341880341880342
469	0.0002670940170940171
31543	0.0010683760683760685
17028	0.0010683760683760685
31544	0.0006677350427350427
5120	0.006009615384615385
31545	0.0002670940170940171
31546	0.0002670940170940171
31547	0.0002670940170940171
31548	0.0008012820512820514
26631	0.00013354700854700856
31549	0.00013354700854700856
31550	0.0029380341880341884
31551	0.0004006410256410257
31552	0.0004006410256410257
24544	0.00013354700854700856
31553	0.00013354700854700856
16077	0.00013354700854700856
31554	0.00013354700854700856
31555	0.0004006410256410257
31556	0.00013354700854700856
13483	0.00013354700854700856
31557	0.0002670940170940171
9290	0.0005341880341880342
31558	0.005475427350427351
31559	0.0022702991452991455
31560	0.0010683760683760685
31561	0.0010683760683760685
13291	0.00013354700854700856
31562	0.00013354700854700856
31563	0.0008012820512820514
2339	0.0002670940170940171
3357	0.00013354700854700856
31564	0.00013354700854700856
31565	0.00013354700854700856
31566	0.00013354700854700856
31567	0.00013354700854700856
10710	0.00013354700854700856
31568	0.0002670940170940171
14816	0.0008012820512820514
31569	0.00013354700854700856
1147	0.00013354700854700856
31570	0.0005341880341880342
31571	0.0002670940170940171
4517	0.0002670940170940171
31572	0.0010683760683760685
31573	0.0016025641025641025
627	0.005341880341880342
31574	0.00013354700854700856
31575	0.00013354700854700856
31576	0.00013354700854700856
7958	0.00013354700854700856
25690	0.0002670940170940171
31577	0.00186965811965812
31578	0.0010683760683760685
31579	0.0005341880341880342
14122	0.0002670940170940171
31580	0.0002670940170940171
31581	0.0006677350427350427
31582	0.0002670940170940171
6858	0.0008012820512820514
1526	0.00013354700854700856
31583	0.00013354700854700856
31584	0.00013354700854700856
9512	0.00013354700854700856
31585	0.00013354700854700856
15138	0.00013354700854700856
23063	0.00013354700854700856
31586	0.00013354700854700856
31587	0.0017361111111111112
31588	0.0002670940170940171
10413	0.0005341880341880342
31589	0.0013354700854700855
17883	0.0002670940170940171
31590	0.0022702991452991455
31591	0.0010683760683760685
31592	0.00013354700854700856
16573	0.00013354700854700856
31593	0.0005341880341880342
31594	0.0002670940170940171
31595	0.0005341880341880342
31596	0.00013354700854700856
23456	0.00013354700854700856
31597	0.00186965811965812
31598	0.00013354700854700856
3150	0.00013354700854700856
31599	0.0002670940170940171
8524	0.0010683760683760685
31600	0.0002670940170940171
31601	0.0010683760683760685
31602	0.00013354700854700856
1226	0.00013354700854700856
31603	0.0005341880341880342
9465	0.0002670940170940171
31604	0.00186965811965812
31605	0.0005341880341880342
26165	0.0002670940170940171
31606	0.0004006410256410257
31607	0.0010683760683760685
31608	0.0002670940170940171
31609	0.004407051282051283
31610	0.0032051282051282055
31611	0.003071581196581197
31612	0.00013354700854700856
18603	0.00013354700854700856
7803	0.00013354700854700856
31613	0.00013354700854700856
31614	0.00013354700854700856
2561	0.00013354700854700856
31615	0.00013354700854700856
24219	0.00013354700854700856
31616	0.0006677350427350427
31617	0.00013354700854700856
4797	0.00013354700854700856
31618	0.00013354700854700856
7250	0.00013354700854700856
31619	0.0002670940170940171
31620	0.006944444444444445
31621	0.0008012820512820514
31622	0.0002670940170940171
31623	0.00186965811965812
26530	0.0002670940170940171
31624	0.00013354700854700856
598	0.00013354700854700856
31625	0.0004006410256410257
31626	0.0004006410256410257
31627	0.014423076923076927
31628	0.0002670940170940171
31629	0.00013354700854700856
4075	0.00013354700854700856
31630	0.0029380341880341884
31631	0.0005341880341880342
31632	0.0002670940170940171
13655	0.0002670940170940171
31633	0.0005341880341880342
31634	0.00013354700854700856
26436	0.00013354700854700856
31635	0.00013354700854700856
26655	0.00013354700854700856
14055	0.00013354700854700856
31636	0.00013354700854700856
31637	0.0008012820512820514
31638	0.00093482905982906
292	0.0016025641025641027
31639	0.0004006410256410257
31640	0.0008012820512820514
2345	0.0002670940170940171
31641	0.0008012820512820514
31642	0.0002670940170940171
31643	0.0002670940170940171
15768	0.0002670940170940171
31644	0.0008012820512820514
31645	0.002670940170940171
31646	0.0005341880341880342
31647	0.00013354700854700856
16227	0.00013354700854700856
5576	0.00013354700854700856
31648	0.00013354700854700856
31649	0.0004006410256410257
31650	0.0002670940170940171
6602	0.0010683760683760685
7243	0.00013354700854700856
31651	0.00013354700854700856
31652	0.0002670940170940171
8377	0.0002670940170940171
31653	0.0005341880341880342
31654	0.0005341880341880342
6379	0.0002670940170940171
31655	0.0004006410256410257
31656	0.002003205128205128
31657	0.00013354700854700856
13576	0.00013354700854700856
31658	0.0029380341880341884
31659	0.00013354700854700856
10654	0.00013354700854700856
31660	0.00013354700854700856
17973	0.00013354700854700856
6854	0.0002670940170940171
31661	0.0005341880341880342
31662	0.0002670940170940171
16946	0.0005341880341880342
31663	0.002670940170940171
26284	0.0005341880341880342
31664	0.0004006410256410257
31665	0.001201923076923077
11684	0.00013354700854700856
31666	0.00013354700854700856
31667	0.0002670940170940171
4703	0.0008012820512820514
9332	0.0004006410256410257
31668	0.0016025641025641027
31669	0.0002670940170940171
31670	0.00013354700854700856
9126	0.00013354700854700856
31671	0.0016025641025641025
1565	0.008012820512820516
22160	0.0005341880341880342
31672	0.0002670940170940171
31673	0.0002670940170940171
31674	0.0002670940170940171
31675	0.0005341880341880342
19405	0.0002670940170940171
31676	0.0010683760683760685
31677	0.0008012820512820514
9329	0.0002670940170940171
31678	0.0008012820512820514
10141	0.0002670940170940171
31679	0.0025373931623931625
9134	0.00013354700854700856
31680	0.00013354700854700856
31681	0.0002670940170940171
1388	0.0005341880341880342
31682	0.0008012820512820514
31683	0.00013354700854700856
674	0.00013354700854700856
31684	0.010817307692307692
21714	0.0004006410256410257
5341	0.0002670940170940171
31685	0.0005341880341880342
31686	0.00013354700854700856
17628	0.00013354700854700856
31687	0.006677350427350428
15461	0.00013354700854700856
31688	0.00013354700854700856
31689	0.002136752136752137
31690	0.0002670940170940171
31691	0.0008012820512820514
31692	0.0005341880341880342
18708	0.0002670940170940171
31693	0.0002670940170940171
31694	0.00013354700854700856
6223	0.00013354700854700856
31695	0.0002670940170940171
31696	0.00013354700854700856
10739	0.00013354700854700856
31697	0.0004006410256410257
814	0.0016025641025641027
31698	0.00013354700854700856
17935	0.00013354700854700856
31699	0.00013354700854700856
8306	0.00013354700854700856
31700	0.00013354700854700856
25820	0.00013354700854700856
31701	0.0002670940170940171
31702	0.006143162393162393
31703	0.0008012820512820514
31704	0.0008012820512820514
31705	0.0008012820512820514
31706	0.00093482905982906
31707	0.00013354700854700856
20935	0.00013354700854700856
7180	0.00013354700854700856
31708	0.00013354700854700856
31709	0.009081196581196584
20398	0.0002670940170940171
31710	0.0002670940170940171
31711	0.00013354700854700856
28410	0.00013354700854700856
31712	0.00013354700854700856
18436	0.00013354700854700856
31713	0.0022702991452991455
12666	0.0002670940170940171
31714	0.0005341880341880342
31715	0.00013354700854700856
2341	0.00013354700854700856
31716	0.0022702991452991455
31717	0.002670940170940171
31718	0.0005341880341880342
20934	0.00013354700854700856
31719	0.00013354700854700856
31720	0.0002670940170940171
31721	0.0002670940170940171
31722	0.00013354700854700856
2434	0.00013354700854700856
31723	0.0002670940170940171
31724	0.00373931623931624
1739	0.0002670940170940171
31725	0.0013354700854700855
31726	0.0008012820512820514
31727	0.00013354700854700856
20402	0.00013354700854700856
31728	0.00013354700854700856
25594	0.00013354700854700856
31729	0.00013354700854700856
1326	0.00013354700854700856
31730	0.00013354700854700856
23949	0.00013354700854700856
31731	0.005475427350427351
31732	0.0002670940170940171
4824	0.0008012820512820514
31733	0.00013354700854700856
8825	0.00013354700854700856
31734	0.0008012820512820514
31735	0.0002670940170940171
8100	0.0010683760683760685
31736	0.0008012820512820514
31737	0.0002670940170940171
3931	0.0005341880341880342
31738	0.0013354700854700855
3760	0.0002670940170940171
31739	0.0008012820512820514
31740	0.00013354700854700856
24945	0.00013354700854700856
15447	0.00013354700854700856
31741	0.00013354700854700856
31742	0.0002670940170940171
6057	0.0005341880341880342
31743	0.00013354700854700856
21223	0.00013354700854700856
31744	0.00013354700854700856
19975	0.00013354700854700856
31745	0.00013354700854700856
17453	0.00013354700854700856
31746	0.00013354700854700856
23302	0.00013354700854700856
31747	0.0002670940170940171
2114	0.0008012820512820514
31748	0.0005341880341880342
31749	0.0002670940170940171
31750	0.0017361111111111112
31751	0.00013354700854700856
6022	0.00013354700854700856
810	0.00013354700854700856
31752	0.00013354700854700856
31753	0.0004006410256410257
31754	0.0002670940170940171
31755	0.0004006410256410257
24154	0.0002670940170940171
31756	0.0016025641025641025
31757	0.0004006410256410257
31758	0.00093482905982906
31759	0.00013354700854700856
23115	0.00013354700854700856
31760	0.0005341880341880342
31761	0.003472222222222223
31762	0.0002670940170940171
31763	0.00013354700854700856
23111	0.00013354700854700856
31764	0.00013354700854700856
15916	0.00013354700854700856
31765	0.00013354700854700856
13286	0.00013354700854700856
13229	0.0002670940170940171
31766	0.0005341880341880342
21900	0.00013354700854700856
31767	0.00013354700854700856
31768	0.004540598290598291
6553	0.00013354700854700856
31769	0.00013354700854700856
31770	0.0002670940170940171
31771	0.0002670940170940171
31772	0.00013354700854700856
10310	0.00013354700854700856
31773	0.0010683760683760685
13367	0.0002670940170940171
31774	0.0005341880341880342
31775	0.0004006410256410257
31776	0.006944444444444446
31777	0.00013354700854700856
14526	0.00013354700854700856
15463	0.00013354700854700856
31778	0.00013354700854700856
31779	0.0002670940170940171
31780	0.009081196581196584
12065	0.0002670940170940171
31781	0.0005341880341880342
31782	0.0005341880341880342
7017	0.0002670940170940171
31783	0.00013354700854700856
10336	0.00013354700854700856
31784	0.0017361111111111112
31785	0.0005341880341880342
31786	0.00013354700854700856
31787	0.00013354700854700856
31788	0.004807692307692308
31789	0.00013354700854700856
6727	0.00013354700854700856
31790	0.0006677350427350427
31791	0.0010683760683760685
17044	0.0002670940170940171
31792	0.00013354700854700856
21754	0.00013354700854700856
31793	0.0005341880341880342
4702	0.00013354700854700856
31794	0.00013354700854700856
18835	0.0002670940170940171
31795	0.007745726495726497
31796	0.00013354700854700856
3314	0.00013354700854700856
18938	0.0002670940170940171
31797	0.0016025641025641025
31798	0.0004006410256410257
31799	0.00013354700854700856
325	0.00013354700854700856
31800	0.0020032051282051285
27668	0.00013354700854700856
31801	0.00013354700854700856
31802	0.0008012820512820514
15999	0.0002670940170940171
31803	0.00013354700854700856
14878	0.00013354700854700856
31804	0.00013354700854700856
31805	0.00013354700854700856
31806	0.0005341880341880342
31807	0.0002670940170940171
31808	0.00013354700854700856
7293	0.00013354700854700856
31809	0.004407051282051283
5732	0.0005341880341880342
31810	0.0002670940170940171
31811	0.00013354700854700856
25121	0.00013354700854700856
31812	0.00013354700854700856
3031	0.00013354700854700856
31813	0.0029380341880341884
31814	0.0004006410256410257
31815	0.0004006410256410257
3734	0.0016025641025641027
31816	0.0008012820512820514
31817	0.002136752136752137
31818	0.0002670940170940171
31819	0.0005341880341880342
31820	0.0004006410256410257
31821	0.02203525641025641
31822	0.00013354700854700856
26434	0.00013354700854700856
31823	0.01762820512820513
31824	0.004006410256410256
7449	0.005341880341880342
31825	0.0002670940170940171
31826	0.00013354700854700856
25282	0.00013354700854700856
31827	0.00013354700854700856
16672	0.00013354700854700856
31828	0.00013354700854700856
28177	0.00013354700854700856
31829	0.00013354700854700856
6807	0.00013354700854700856
21774	0.00013354700854700856
31830	0.00013354700854700856
31831	0.00013354700854700856
13638	0.00013354700854700856
31832	0.0008012820512820514
31833	0.0002670940170940171
31834	0.00013354700854700856
9069	0.00013354700854700856
31835	0.0013354700854700855
31836	0.0004006410256410257
31837	0.004807692307692308
31838	0.0016025641025641025
14329	0.0002670940170940171
4596	0.00013354700854700856
31839	0.00013354700854700856
31840	0.004407051282051283
31841	0.0002670940170940171
20260	0.0013354700854700855
6437	0.0005341880341880342
31842	0.0002670940170940171
31843	0.00013354700854700856
21948	0.00013354700854700856
31844	0.00013354700854700856
95	0.00013354700854700856
31845	0.0004006410256410257
317	0.00013354700854700856
31846	0.00013354700854700856
31847	0.00013354700854700856
24168	0.00013354700854700856
27748	0.0002670940170940171
31848	0.0005341880341880342
23293	0.0002670940170940171
31849	0.0005341880341880342
31850	0.00013354700854700856
1772	0.00013354700854700856
31851	0.0005341880341880342
8878	0.0002670940170940171
31852	0.002670940170940171
31853	0.0010683760683760685
26280	0.0002670940170940171
31854	0.0008012820512820514
31855	0.00013354700854700856
24629	0.00013354700854700856
31856	0.0004006410256410257
26066	0.0002670940170940171
31857	0.0010683760683760685
31858	0.005341880341880342
31859	0.00013354700854700856
6486	0.00013354700854700856
31860	0.0005341880341880342
12336	0.0002670940170940171
31861	0.002403846153846154
31862	0.0005341880341880342
26070	0.0002670940170940171
31863	0.00013354700854700856
5806	0.00013354700854700856
13461	0.00013354700854700856
31864	0.00013354700854700856
31865	0.00013354700854700856
31866	0.00013354700854700856
31867	0.00186965811965812
31868	0.0016025641025641027
31869	0.0008012820512820514
2956	0.00013354700854700856
31870	0.00013354700854700856
25744	0.00013354700854700856
31871	0.00013354700854700856
31872	0.0002670940170940171
31873	0.00013354700854700856
20328	0.00013354700854700856
31874	0.0008012820512820514
21895	0.0010683760683760685
31875	0.005876068376068376
11815	0.0002670940170940171
31876	0.0005341880341880342
31877	0.00013354700854700856
20567	0.00013354700854700856
21527	0.00013354700854700856
31878	0.00013354700854700856
31879	0.00013354700854700856
20810	0.00013354700854700856
31880	0.0004006410256410257
4004	0.002003205128205128
31881	0.00013354700854700856
28163	0.00013354700854700856
15515	0.00013354700854700856
31882	0.00013354700854700856
31883	0.0005341880341880342
31884	0.00013354700854700856
6626	0.00013354700854700856
31885	0.005608974358974359
31886	0.0002670940170940171
31887	0.0002670940170940171
3601	0.0008012820512820514
31888	0.009081196581196584
961	0.0002670940170940171
3079	0.0005341880341880342
31889	0.0002670940170940171
31890	0.001201923076923077
31891	0.0004006410256410257
4287	0.0016025641025641027
31892	0.00013354700854700856
21997	0.00013354700854700856
31893	0.0004006410256410257
31894	0.00013354700854700856
15622	0.00013354700854700856
31895	0.005475427350427351
14017	0.00013354700854700856
31896	0.00013354700854700856
22350	0.0002670940170940171
31897	0.0005341880341880342
31898	0.0002670940170940171
15713	0.0005341880341880342
3266	0.0002670940170940171
31899	0.0005341880341880342
31900	0.0008012820512820514
18674	0.0002670940170940171
13279	0.0002670940170940171
31901	0.0008012820512820514
31902	0.0002670940170940171
31903	0.0005341880341880342
23405	0.0002670940170940171
31904	0.0016025641025641027
31905	0.0010683760683760685
31906	0.002403846153846154
4105	0.0004006410256410257
31907	0.00013354700854700856
251	0.00013354700854700856
31908	0.00013354700854700856
14137	0.00013354700854700856
31909	0.0002670940170940171
11958	0.0008012820512820514
31910	0.0004006410256410257
31911	0.00013354700854700856
15957	0.00013354700854700856
26373	0.00013354700854700856
31912	0.00013354700854700856
31913	0.002136752136752137
16049	0.0005341880341880342
31914	0.0017361111111111112
31915	0.0010683760683760685
23242	0.00013354700854700856
31916	0.00013354700854700856
31917	0.0002670940170940171
2794	0.00013354700854700856
31918	0.00013354700854700856
31919	0.0002670940170940171
31920	0.0005341880341880342
7710	0.0002670940170940171
31921	0.0034722222222222225
31922	0.00013354700854700856
10399	0.00013354700854700856
31923	0.00013354700854700856
1064	0.00013354700854700856
31924	0.0004006410256410257
13512	0.0005341880341880342
31925	0.0002670940170940171
31926	0.0002670940170940171
31927	0.00013354700854700856
16066	0.00013354700854700856
31928	0.0005341880341880342
15325	0.0002670940170940171
31929	0.0004006410256410257
24480	0.00013354700854700856
31930	0.00013354700854700856
16767	0.00013354700854700856
31931	0.00013354700854700856
16763	0.0008012820512820514
31932	0.0002670940170940171
31933	0.0005341880341880342
31934	0.00013354700854700856
7514	0.00013354700854700856
31935	0.0004006410256410257
7658	0.00013354700854700856
31936	0.00013354700854700856
31937	0.00013354700854700856
31938	0.00013354700854700856
1771	0.0010683760683760685
31939	0.0002670940170940171
31940	0.00013354700854700856
19285	0.00013354700854700856
31941	0.00013354700854700856
31942	0.00013354700854700856
31943	0.0004006410256410257
31944	0.0022702991452991455
31945	0.009081196581196584
14684	0.0002670940170940171
31946	0.0005341880341880342
31947	0.00013354700854700856
1555	0.00013354700854700856
31948	0.0004006410256410257
31949	0.0004006410256410257
31950	0.0002670940170940171
5084	0.0008012820512820514
31951	0.0004006410256410257
27753	0.00013354700854700856
31952	0.00013354700854700856
31953	0.0002670940170940171
31954	0.00013354700854700856
7698	0.00013354700854700856
31955	0.0002670940170940171
31956	0.002136752136752137
31957	0.0002670940170940171
31958	0.0008012820512820514
31959	0.0013354700854700855
31960	0.0013354700854700855
31961	0.0005341880341880342
31962	0.0002670940170940171
31963	0.00013354700854700856
31964	0.00013354700854700856
5282	0.0013354700854700855
31965	0.0008012820512820514
31966	0.0002670940170940171
2827	0.0010683760683760685
31967	0.00373931623931624
27130	0.00013354700854700856
31968	0.00013354700854700856
31969	0.00013354700854700856
12282	0.00013354700854700856
31970	0.0002670940170940171
31971	0.006143162393162394
31972	0.0004006410256410257
31973	0.00013354700854700856
5882	0.00013354700854700856
31974	0.004540598290598291
31975	0.0016025641025641025
31976	0.0002670940170940171
31977	0.0004006410256410257
20795	0.00013354700854700856
31978	0.00013354700854700856
31979	0.0008012820512820514
2039	0.0002670940170940171
31980	0.0010683760683760685
31981	0.0008012820512820514
31982	0.0005341880341880342
31983	0.0002670940170940171
31984	0.00013354700854700856
5457	0.00013354700854700856
6578	0.0008012820512820514
31985	0.0002670940170940171
31986	0.00747863247863248
31987	0.0004006410256410257
31988	0.0013354700854700855
31989	0.0004006410256410257
12329	0.00013354700854700856
31990	0.00013354700854700856
31991	0.0029380341880341884
31992	0.004407051282051283
17699	0.00013354700854700856
31993	0.00013354700854700856
31994	0.00013354700854700856
3784	0.00013354700854700856
31995	0.0004006410256410257
31996	0.00013354700854700856
8239	0.00013354700854700856
31997	0.0002670940170940171
31998	0.00013354700854700856
6109	0.00013354700854700856
14810	0.00013354700854700856
31999	0.00013354700854700856
26101	0.00013354700854700856
32000	0.00013354700854700856
32001	0.0002670940170940171
32002	0.00013354700854700856
11739	0.00013354700854700856
32003	0.0006677350427350427
851	0.006677350427350428
32004	0.00013354700854700856
10983	0.00013354700854700856
32005	0.00013354700854700856
8978	0.00013354700854700856
32006	0.00013354700854700856
5297	0.00013354700854700856
32007	0.004540598290598291
32008	0.0002670940170940171
5820	0.0008012820512820514
32009	0.0004006410256410257
32010	0.00013354700854700856
20562	0.00013354700854700856
17588	0.0013354700854700855
32011	0.002136752136752137
32012	0.0005341880341880342
32013	0.0002670940170940171
23520	0.0002670940170940171
32014	0.0005341880341880342
32015	0.006944444444444445
32016	0.0002670940170940171
32017	0.0017361111111111112
32018	0.0002670940170940171
32019	0.003472222222222223
32020	0.0004006410256410257
32021	0.00013354700854700856
17040	0.00013354700854700856
32022	0.00013354700854700856
2594	0.00013354700854700856
32023	0.012820512820512822
32024	0.0002670940170940171
32025	0.00013354700854700856
13055	0.00013354700854700856
32026	0.0002670940170940171
32027	0.00013354700854700856
2076	0.00013354700854700856
32028	0.0005341880341880342
24284	0.00013354700854700856
32029	0.00013354700854700856
1971	0.00013354700854700856
32030	0.00013354700854700856
32031	0.0010683760683760685
32032	0.00013354700854700856
6221	0.00013354700854700856
32033	0.012820512820512822
32034	0.0005341880341880342
2293	0.0002670940170940171
32035	0.0002670940170940171
32036	0.0004006410256410257
32037	0.001201923076923077
32038	0.0004006410256410257
32039	0.0014690170940170942
32040	0.00013354700854700856
4623	0.00013354700854700856
32041	0.0005341880341880342
1407	0.0002670940170940171
32042	0.00013354700854700856
21838	0.00013354700854700856
32043	0.0013354700854700855
28444	0.00013354700854700856
32044	0.00013354700854700856
32045	0.002136752136752137
12428	0.00013354700854700856
32046	0.00013354700854700856
32047	0.0002670940170940171
32048	0.0002670940170940171
32049	0.0004006410256410257
310	0.00013354700854700856
32050	0.00013354700854700856
32051	0.0004006410256410257
32052	0.0008012820512820514
32053	0.0002670940170940171
32054	0.00013354700854700856
8669	0.00013354700854700856
32055	0.00013354700854700856
24487	0.00013354700854700856
32056	0.0002670940170940171
3074	0.0005341880341880342
32057	0.00013354700854700856
23970	0.00013354700854700856
32058	0.0002670940170940171
32059	0.0005341880341880342
32060	0.00013354700854700856
26907	0.00013354700854700856
32061	0.0005341880341880342
22955	0.0002670940170940171
32062	0.0004006410256410257
15694	0.00013354700854700856
32063	0.00013354700854700856
32064	0.0002670940170940171
32065	0.0005341880341880342
32066	0.0005341880341880342
3972	0.0008012820512820514
32067	0.0002670940170940171
32068	0.00013354700854700856
5472	0.00013354700854700856
2285	0.00013354700854700856
32069	0.00013354700854700856
21287	0.00013354700854700856
32070	0.00013354700854700856
32071	0.00013354700854700856
4198	0.00013354700854700856
4297	0.00013354700854700856
32072	0.00013354700854700856
32073	0.0008012820512820514
23657	0.0002670940170940171
32074	0.00013354700854700856
8539	0.00013354700854700856
27066	0.0005341880341880342
32075	0.003205128205128205
27905	0.00013354700854700856
32076	0.00013354700854700856
32077	0.00013354700854700856
32078	0.00013354700854700856
32079	0.0002670940170940171
32080	0.00013354700854700856
13161	0.00013354700854700856
11174	0.0002670940170940171
32081	0.0005341880341880342
26065	0.00013354700854700856
32082	0.00013354700854700856
32083	0.0010683760683760685
32084	0.00013354700854700856
4739	0.00013354700854700856
32085	0.0002670940170940171
32086	0.0029380341880341884
32087	0.0016025641025641027
10729	0.0004006410256410257
32088	0.00013354700854700856
32089	0.00013354700854700856
32090	0.0006677350427350427
32091	0.002003205128205128
32092	0.0004006410256410257
5456	0.002003205128205128
32093	0.00013354700854700856
9044	0.00013354700854700856
32094	0.0008012820512820514
23506	0.0002670940170940171
32095	0.00013354700854700856
1197	0.00013354700854700856
32096	0.0002670940170940171
32097	0.0013354700854700855
32098	0.0002670940170940171
32099	0.0005341880341880342
32100	0.00013354700854700856
16920	0.00013354700854700856
14251	0.0010683760683760685
32101	0.0008012820512820514
32102	0.0093482905982906
32103	0.00013354700854700856
14617	0.00013354700854700856
15544	0.00013354700854700856
32104	0.00013354700854700856
32105	0.0022702991452991455
32106	0.0002670940170940171
32107	0.0008012820512820514
32108	0.002403846153846154
9436	0.00013354700854700856
32109	0.00013354700854700856
32110	0.0005341880341880342
26994	0.0002670940170940171
32111	0.0032051282051282055
32112	0.00013354700854700856
11711	0.00013354700854700856
32113	0.0005341880341880342
32114	0.00013354700854700856
6219	0.00013354700854700856
32115	0.0008012820512820514
32116	0.0029380341880341884
32117	0.0008012820512820514
32118	0.0002670940170940171
32119	0.0002670940170940171
12656	0.0008012820512820514
32120	0.00186965811965812
22357	0.00013354700854700856
32121	0.00013354700854700856
2818	0.00013354700854700856
32122	0.00013354700854700856
32123	0.0006677350427350427
7460	0.007345085470085471
32124	0.0022702991452991455
32125	0.0008012820512820514
25048	0.0002670940170940171
32126	0.00013354700854700856
7817	0.00013354700854700856
32127	0.0008012820512820514
11771	0.0002670940170940171
2036	0.00013354700854700856
32128	0.00013354700854700856
32129	0.00013354700854700856
18825	0.00013354700854700856
32130	0.00013354700854700856
445	0.00013354700854700856
6009	0.0010683760683760685
32131	0.002136752136752137
32132	0.00013354700854700856
10725	0.00013354700854700856
32133	0.0022702991452991455
5587	0.00013354700854700856
32134	0.00013354700854700856
32135	0.00093482905982906
32136	0.00013354700854700856
32137	0.00013354700854700856
32138	0.00013354700854700856
32139	0.00013354700854700856
32140	0.0008012820512820514
15791	0.0002670940170940171
32141	0.0002670940170940171
32142	0.0010683760683760685
32143	0.0004006410256410257
32144	0.00013354700854700856
12294	0.00013354700854700856
24504	0.00013354700854700856
32145	0.00013354700854700856
32146	0.00013354700854700856
25781	0.00013354700854700856
4258	0.0002670940170940171
32147	0.0010683760683760685
32148	0.006143162393162394
27338	0.0002670940170940171
32149	0.0008012820512820514
32150	0.0010683760683760685
32151	0.0005341880341880342
13792	0.0002670940170940171
32152	0.0006677350427350427
32153	0.00013354700854700856
1037	0.00013354700854700856
14605	0.00013354700854700856
32154	0.00013354700854700856
32155	0.0008012820512820514
12803	0.0002670940170940171
10892	0.00013354700854700856
32156	0.00013354700854700856
32157	0.00013354700854700856
6329	0.00013354700854700856
8619	0.0002670940170940171
32158	0.0032051282051282055
32159	0.00013354700854700856
1610	0.00013354700854700856
32160	0.00013354700854700856
32161	0.00013354700854700856
25019	0.00013354700854700856
32162	0.00013354700854700856
32163	0.0004006410256410257
32164	0.0008012820512820514
32165	0.0008012820512820514
32166	0.0016025641025641025
32167	0.0005341880341880342
11935	0.0002670940170940171
32168	0.00013354700854700856
2306	0.00013354700854700856
32169	0.00013354700854700856
1574	0.00013354700854700856
32170	0.0004006410256410257
32171	0.005074786324786325
32172	0.00013354700854700856
27705	0.00013354700854700856
1647	0.00013354700854700856
32173	0.00013354700854700856
32174	0.0008012820512820514
32175	0.00013354700854700856
6880	0.00013354700854700856
32176	0.0002670940170940171
32177	0.0010683760683760685
32178	0.0008012820512820514
16272	0.0002670940170940171
6050	0.0002670940170940171
32179	0.0013354700854700855
32180	0.0002670940170940171
13983	0.0002670940170940171
32181	0.0005341880341880342
32182	0.0002670940170940171
32183	0.0002670940170940171
8814	0.00013354700854700856
32184	0.00013354700854700856
6932	0.0002670940170940171
32185	0.0037393162393162395
26163	0.0002670940170940171
32186	0.0010683760683760685
32187	0.0004006410256410257
32188	0.0006677350427350427
32189	0.002938034188034188
21911	0.00013354700854700856
32190	0.00013354700854700856
32191	0.006677350427350428
25863	0.00013354700854700856
32192	0.00013354700854700856
32193	0.0008012820512820514
32194	0.0002670940170940171
32195	0.00013354700854700856
12842	0.00013354700854700856
32196	0.00013354700854700856
605	0.00013354700854700856
32197	0.006410256410256411
32198	0.0002670940170940171
14503	0.0008012820512820514
32199	0.005608974358974359
32200	0.0002670940170940171
8230	0.0008012820512820514
32201	0.0005341880341880342
10073	0.0002670940170940171
32202	0.00013354700854700856
20283	0.00013354700854700856
32203	0.00013354700854700856
2828	0.00013354700854700856
32204	0.0002670940170940171
32205	0.0005341880341880342
32206	0.0032051282051282055
32207	0.0005341880341880342
7643	0.0002670940170940171
32208	0.00013354700854700856
32209	0.00013354700854700856
32210	0.0002670940170940171
20797	0.0008012820512820514
32211	0.00013354700854700856
4901	0.00013354700854700856
32212	0.0002670940170940171
32213	0.0008012820512820514
32214	0.0010683760683760685
25718	0.0002670940170940171
32215	0.007745726495726497
15283	0.0002670940170940171
32216	0.0002670940170940171
32217	0.00013354700854700856
25464	0.00013354700854700856
32218	0.00013354700854700856
27149	0.00013354700854700856
32219	0.0029380341880341884
32220	0.00013354700854700856
26060	0.00013354700854700856
343	0.0002670940170940171
32221	0.0005341880341880342
17939	0.00013354700854700856
32222	0.00013354700854700856
32223	0.0004006410256410257
32224	0.00013354700854700856
20140	0.00013354700854700856
32225	0.0002670940170940171
32226	0.00013354700854700856
9697	0.00013354700854700856
32227	0.00013354700854700856
32228	0.00013354700854700856
32229	0.002003205128205128
32230	0.00013354700854700856
15742	0.00013354700854700856
32231	0.0002670940170940171
32232	0.0005341880341880342
3669	0.00013354700854700856
32233	0.00013354700854700856
32234	0.00013354700854700856
25862	0.00013354700854700856
32235	0.00013354700854700856
19518	0.00013354700854700856
32236	0.0005341880341880342
32237	0.0006677350427350427
32238	0.001201923076923077
1244	0.0004006410256410257
32239	0.0002670940170940171
32240	0.00013354700854700856
14390	0.00013354700854700856
32241	0.00013354700854700856
32242	0.00013354700854700856
32243	0.00013354700854700856
23010	0.00013354700854700856
32244	0.004540598290598291
32245	0.0005341880341880342
4727	0.0002670940170940171
32246	0.0008012820512820514
28016	0.0002670940170940171
32247	0.0002670940170940171
32248	0.0005341880341880342
3659	0.0002670940170940171
32249	0.003605769230769231
25530	0.0013354700854700855
32250	0.00013354700854700856
22083	0.00013354700854700856
19529	0.00013354700854700856
32251	0.00013354700854700856
32252	0.00093482905982906
32253	0.00013354700854700856
4044	0.00013354700854700856
12124	0.00013354700854700856
32254	0.00013354700854700856
17311	0.0004006410256410257
32255	0.001201923076923077
23978	0.00013354700854700856
32256	0.00013354700854700856
32257	0.0008012820512820514
2423	0.0002670940170940171
18493	0.0002670940170940171
32258	0.0016025641025641025
32259	0.00013354700854700856
32260	0.00013354700854700856
32261	0.0006677350427350427
32262	0.0002670940170940171
290	0.0008012820512820514
32263	0.0002670940170940171
32264	0.00013354700854700856
13411	0.00013354700854700856
9533	0.0008012820512820514
32265	0.0002670940170940171
32266	0.00921474358974359
32267	0.0013354700854700855
32268	0.00013354700854700856
32269	0.00013354700854700856
32270	0.0002670940170940171
32271	0.0008012820512820514
21804	0.0002670940170940171
32272	0.00013354700854700856
5063	0.00013354700854700856
32273	0.0004006410256410257
32274	0.002136752136752137
32275	0.0008012820512820514
32276	0.00013354700854700856
17333	0.00013354700854700856
32277	0.00013354700854700856
2016	0.00013354700854700856
32278	0.0002670940170940171
32279	0.00013354700854700856
1942	0.00013354700854700856
32280	0.0010683760683760685
3793	0.0004006410256410257
32281	0.0016025641025641027
32282	0.0005341880341880342
8348	0.0002670940170940171
32283	0.0005341880341880342
22883	0.00013354700854700856
32284	0.00013354700854700856
1901	0.0002670940170940171
32285	0.0010683760683760685
32286	0.00013354700854700856
21074	0.00013354700854700856
32287	0.0002670940170940171
32288	0.00013354700854700856
13714	0.00013354700854700856
32289	0.0002670940170940171
694	0.0008012820512820514
32290	0.002670940170940171
32291	0.00013354700854700856
13294	0.00013354700854700856
32292	0.005074786324786325
32293	0.0002670940170940171
32294	0.0008012820512820514
32295	0.0002670940170940171
32296	0.0002670940170940171
4108	0.0008012820512820514
14272	0.00013354700854700856
32297	0.00013354700854700856
32298	0.0005341880341880342
27055	0.0002670940170940171
32299	0.00013354700854700856
13670	0.00013354700854700856
22186	0.00013354700854700856
32300	0.00013354700854700856
32301	0.0008012820512820514
32302	0.00013354700854700856
5351	0.00013354700854700856
32303	0.0002670940170940171
32304	0.012019230769230772
7810	0.00013354700854700856
32305	0.00013354700854700856
32306	0.0002670940170940171
3711	0.0010683760683760685
32307	0.005608974358974359
32308	0.00013354700854700856
17643	0.00013354700854700856
15580	0.00013354700854700856
32309	0.00013354700854700856
32310	0.0008012820512820514
32311	0.00013354700854700856
1050	0.00013354700854700856
11770	0.00013354700854700856
32312	0.00013354700854700856
2732	0.00013354700854700856
32313	0.00013354700854700856
32314	0.0005341880341880342
5032	0.0002670940170940171
2419	0.00013354700854700856
32315	0.00013354700854700856
32316	0.00013354700854700856
21	0.00013354700854700856
32317	0.00013354700854700856
5609	0.00013354700854700856
32318	0.00013354700854700856
3546	0.00013354700854700856
32319	0.0002670940170940171
32320	0.0005341880341880342
32321	0.00013354700854700856
17771	0.00013354700854700856
15926	0.0004006410256410257
32322	0.002403846153846154
18992	0.00013354700854700856
32323	0.00013354700854700856
11889	0.00013354700854700856
32324	0.00013354700854700856
32325	0.0008012820512820514
32326	0.002136752136752137
32327	0.00013354700854700856
4145	0.00013354700854700856
32328	0.00013354700854700856
26279	0.00013354700854700856
1303	0.00013354700854700856
32329	0.00013354700854700856
32330	0.0005341880341880342
18663	0.0002670940170940171
32331	0.0004006410256410257
32332	0.0002670940170940171
32333	0.00013354700854700856
32334	0.00013354700854700856
32335	0.0004006410256410257
32336	0.0025373931623931625
32337	0.002938034188034188
32338	0.0025373931623931625
32339	0.0010683760683760685
12731	0.0004006410256410257
32340	0.00280448717948718
32341	0.0008012820512820514
32342	0.010016025641025642
32343	0.00013354700854700856
915	0.00013354700854700856
32344	0.002003205128205128
328	0.0028044871794871795
27010	0.00013354700854700856
32345	0.00013354700854700856
32346	0.00013354700854700856
12771	0.00013354700854700856
8379	0.0002670940170940171
32347	0.0005341880341880342
32348	0.0032051282051282055
23461	0.00013354700854700856
32349	0.00013354700854700856
32350	0.0002670940170940171
32351	0.0002670940170940171
12738	0.0008012820512820514
32352	0.00013354700854700856
2928	0.00013354700854700856
24986	0.00013354700854700856
32353	0.00013354700854700856
32354	0.00013354700854700856
27003	0.00013354700854700856
22202	0.00013354700854700856
32355	0.00013354700854700856
32356	0.0002670940170940171
32357	0.0005341880341880342
23748	0.00013354700854700856
32358	0.00013354700854700856
32359	0.0016025641025641027
25511	0.0004006410256410257
32360	0.0005341880341880342
7918	0.0002670940170940171
32361	0.00013354700854700856
15244	0.00013354700854700856
32362	0.00013354700854700856
10604	0.00013354700854700856
9306	0.00013354700854700856
32363	0.00013354700854700856
32364	0.0006677350427350427
32365	0.0006677350427350427
32366	0.0008012820512820514
11358	0.00013354700854700856
32367	0.00013354700854700856
25670	0.0002670940170940171
32368	0.0005341880341880342
32369	0.00013354700854700856
19193	0.00013354700854700856
32370	0.0002670940170940171
17614	0.00013354700854700856
32371	0.00013354700854700856
32372	0.0005341880341880342
5921	0.0002670940170940171
8961	0.00013354700854700856
32373	0.00013354700854700856
32374	0.0002670940170940171
32375	0.0013354700854700855
2202	0.0008012820512820514
32376	0.0002670940170940171
32377	0.0005341880341880342
32378	0.004407051282051283
32379	0.0004006410256410257
32380	0.0002670940170940171
32381	0.0029380341880341884
32382	0.0013354700854700855
32383	0.0008012820512820514
3284	0.00013354700854700856
32384	0.00013354700854700856
32385	0.0005341880341880342
13374	0.0002670940170940171
32386	0.00013354700854700856
3510	0.00013354700854700856
32387	0.00013354700854700856
2078	0.00013354700854700856
15729	0.00013354700854700856
32388	0.00013354700854700856
32389	0.00013354700854700856
8002	0.00013354700854700856
14481	0.00013354700854700856
32390	0.00013354700854700856
32391	0.00013354700854700856
10121	0.00013354700854700856
32392	0.00013354700854700856
18324	0.00013354700854700856
32393	0.00013354700854700856
16410	0.00013354700854700856
32394	0.0002670940170940171
32395	0.004540598290598291
9800	0.00013354700854700856
32396	0.00013354700854700856
12798	0.0002670940170940171
32397	0.0008012820512820514
32398	0.00013354700854700856
21795	0.00013354700854700856
32399	0.00013354700854700856
12224	0.00013354700854700856
32400	0.00013354700854700856
9917	0.00013354700854700856
6979	0.00013354700854700856
32401	0.00013354700854700856
32402	0.0008012820512820514
12557	0.0002670940170940171
32403	0.00013354700854700856
25819	0.00013354700854700856
32404	0.0010683760683760685
32405	0.0016025641025641027
32406	0.00013354700854700856
18126	0.00013354700854700856
23702	0.00013354700854700856
32407	0.00013354700854700856
19866	0.00013354700854700856
32408	0.00013354700854700856
32409	0.0013354700854700855
15455	0.0002670940170940171
32410	0.0005341880341880342
32411	0.0032051282051282055
32412	0.0002670940170940171
32413	0.00013354700854700856
17351	0.00013354700854700856
32414	0.00013354700854700856
829	0.00013354700854700856
32415	0.0004006410256410257
32416	0.0002670940170940171
32417	0.0005341880341880342
22811	0.00013354700854700856
32418	0.00013354700854700856
22117	0.00013354700854700856
32419	0.00013354700854700856
32420	0.0028044871794871795
25376	0.0004006410256410257
32421	0.0016025641025641025
32422	0.0002670940170940171
32423	0.0005341880341880342
21265	0.0002670940170940171
32424	0.0005341880341880342
32425	0.00013354700854700856
2596	0.00013354700854700856
4724	0.00013354700854700856
32426	0.00013354700854700856
32427	0.0004006410256410257
14155	0.00013354700854700856
32428	0.00013354700854700856
32429	0.0008012820512820514
32430	0.00013354700854700856
195	0.00013354700854700856
32431	0.00013354700854700856
4564	0.00013354700854700856
19154	0.00013354700854700856
32432	0.00013354700854700856
32433	0.0002670940170940171
32434	0.0006677350427350427
32435	0.0005341880341880342
22853	0.0008012820512820514
32436	0.0002670940170940171
32437	0.0002670940170940171
32438	0.010416666666666668
32439	0.0002670940170940171
32440	0.0010683760683760685
14095	0.0002670940170940171
32441	0.0006677350427350427
32442	0.0004006410256410257
32443	0.003071581196581197
32444	0.00013354700854700856
20012	0.00013354700854700856
32445	0.0004006410256410257
32446	0.0020032051282051285
32447	0.0002670940170940171
32448	0.0005341880341880342
32449	0.00013354700854700856
9510	0.00013354700854700856
7970	0.00013354700854700856
32450	0.00013354700854700856
32451	0.00013354700854700856
21641	0.00013354700854700856
32452	0.002670940170940171
3364	0.0005341880341880342
32453	0.006677350427350428
32454	0.0005341880341880342
4147	0.0002670940170940171
32455	0.00280448717948718
32456	0.00013354700854700856
3863	0.00013354700854700856
32457	0.00013354700854700856
12402	0.00013354700854700856
32458	0.00013354700854700856
3412	0.00013354700854700856
32459	0.00013354700854700856
13704	0.00013354700854700856
32460	0.004407051282051283
32461	0.0004006410256410257
32462	0.0017361111111111112
32463	0.00013354700854700856
1990	0.00013354700854700856
5676	0.00013354700854700856
32464	0.00013354700854700856
20497	0.00013354700854700856
32465	0.00013354700854700856
4648	0.0010683760683760685
32466	0.0002670940170940171
32467	0.0002670940170940171
17326	0.0010683760683760685
32468	0.0002670940170940171
5156	0.0008012820512820514
9174	0.00013354700854700856
32469	0.00013354700854700856
32470	0.00013354700854700856
6316	0.00013354700854700856
32471	0.0002670940170940171
32472	0.0006677350427350427
12537	0.0002670940170940171
32473	0.0005341880341880342
32474	0.0002670940170940171
32475	0.00013354700854700856
32476	0.00013354700854700856
32477	0.0005341880341880342
32478	0.0002670940170940171
32479	0.0013354700854700855
32480	0.0022702991452991455
32481	0.0004006410256410257
32482	0.0005341880341880342
20331	0.0002670940170940171
32483	0.0010683760683760685
2519	0.0002670940170940171
24755	0.0002670940170940171
32484	0.0008012820512820514
32485	0.0002670940170940171
32486	0.0005341880341880342
32487	0.0002670940170940171
32488	0.0008012820512820514
32489	0.0002670940170940171
6648	0.00013354700854700856
32490	0.00013354700854700856
32491	0.0004006410256410257
28119	0.00013354700854700856
32492	0.00013354700854700856
11104	0.00013354700854700856
32493	0.00013354700854700856
32494	0.0005341880341880342
8657	0.0002670940170940171
19548	0.00013354700854700856
32495	0.00013354700854700856
32496	0.00013354700854700856
20079	0.00013354700854700856
32497	0.0005341880341880342
32498	0.0010683760683760685
16600	0.0002670940170940171
32499	0.0029380341880341884
32500	0.0002670940170940171
2608	0.0008012820512820514
32501	0.0016025641025641025
32502	0.00013354700854700856
6790	0.00013354700854700856
32503	0.0008012820512820514
32504	0.0002670940170940171
32505	0.00013354700854700856
32506	0.00013354700854700856
32507	0.0002670940170940171
32508	0.00013354700854700856
32509	0.00013354700854700856
32510	0.0002670940170940171
32511	0.00013354700854700856
7779	0.00013354700854700856
2503	0.0002670940170940171
32512	0.0005341880341880342
32513	0.0008012820512820514
32514	0.0002670940170940171
32515	0.0004006410256410257
32516	0.00013354700854700856
32517	0.00013354700854700856
5307	0.0002670940170940171
32518	0.0016025641025641025
32519	0.00013354700854700856
22264	0.00013354700854700856
32520	0.00013354700854700856
400	0.00013354700854700856
32521	0.0002670940170940171
32522	0.0006677350427350427
32523	0.00013354700854700856
7442	0.00013354700854700856
32524	0.00013354700854700856
9669	0.00013354700854700856
32525	0.00186965811965812
32526	0.0013354700854700855
13547	0.0002670940170940171
32527	0.005074786324786325
32528	0.0010683760683760685
497	0.0002670940170940171
32529	0.0005341880341880342
32530	0.0029380341880341884
32531	0.00013354700854700856
25390	0.00013354700854700856
32532	0.0005341880341880342
27525	0.0002670940170940171
6669	0.00013354700854700856
32533	0.00013354700854700856
32534	0.0002670940170940171
4099	0.0013354700854700855
32535	0.00013354700854700856
32536	0.00013354700854700856
32537	0.0002670940170940171
32538	0.00013354700854700856
14177	0.00013354700854700856
32539	0.00013354700854700856
8266	0.00013354700854700856
32540	0.00013354700854700856
21888	0.00013354700854700856
710	0.00013354700854700856
32541	0.00013354700854700856
32542	0.004407051282051283
32543	0.0005341880341880342
6699	0.0002670940170940171
32544	0.00013354700854700856
25986	0.00013354700854700856
32545	0.0005341880341880342
16762	0.0002670940170940171
32546	0.00013354700854700856
19445	0.00013354700854700856
32547	0.0005341880341880342
32548	0.00013354700854700856
32549	0.00013354700854700856
32550	0.0008012820512820514
32551	0.0002670940170940171
32552	0.0005341880341880342
9982	0.0002670940170940171
284	0.00013354700854700856
32553	0.00013354700854700856
32554	0.00013354700854700856
2132	0.00013354700854700856
32555	0.0010683760683760685
32556	0.00013354700854700856
2123	0.00013354700854700856
32557	0.0016025641025641027
26470	0.0013354700854700855
32558	0.00013354700854700856
32559	0.00013354700854700856
32560	0.0002670940170940171
32561	0.00013354700854700856
18123	0.00013354700854700856
27662	0.00013354700854700856
32562	0.00013354700854700856
32563	0.002403846153846154
32564	0.00013354700854700856
5903	0.00013354700854700856
16030	0.0002670940170940171
32565	0.0008012820512820514
17372	0.00013354700854700856
32566	0.00013354700854700856
32567	0.0004006410256410257
32568	0.0004006410256410257
32569	0.0002670940170940171
32570	0.0005341880341880342
6011	0.00013354700854700856
32571	0.00013354700854700856
32572	0.00013354700854700856
11202	0.00013354700854700856
9870	0.00013354700854700856
32573	0.00013354700854700856
27335	0.00013354700854700856
32574	0.00013354700854700856
32575	0.0002670940170940171
32576	0.004540598290598291
32577	0.00013354700854700856
32578	0.00013354700854700856
32579	0.00013354700854700856
21721	0.00013354700854700856
32580	0.00013354700854700856
16605	0.00013354700854700856
23234	0.0002670940170940171
32581	0.0008012820512820514
32582	0.00093482905982906
32583	0.00013354700854700856
1576	0.00013354700854700856
32584	0.00013354700854700856
10201	0.00013354700854700856
32585	0.00013354700854700856
28542	0.00013354700854700856
32586	0.002670940170940171
32587	0.0006677350427350427
32588	0.0005341880341880342
32589	0.00013354700854700856
1803	0.00013354700854700856
32590	0.0016025641025641027
32591	0.0002670940170940171
6697	0.0008012820512820514
32592	0.002136752136752137
32593	0.00013354700854700856
24445	0.00013354700854700856
32594	0.00013354700854700856
22490	0.00013354700854700856
32595	0.0004006410256410257
32596	0.00013354700854700856
32597	0.00013354700854700856
32598	0.00013354700854700856
17813	0.00013354700854700856
20338	0.00013354700854700856
32599	0.00013354700854700856
24981	0.00013354700854700856
32600	0.00013354700854700856
32601	0.0002670940170940171
32602	0.0002670940170940171
32603	0.0008012820512820514
32604	0.0093482905982906
32605	0.0002670940170940171
32606	0.00013354700854700856
28415	0.00013354700854700856
32607	0.0004006410256410257
32608	0.0016025641025641027
32609	0.0005341880341880342
15753	0.0002670940170940171
32610	0.0004006410256410257
32611	0.0005341880341880342
2936	0.0002670940170940171
32612	0.0008012820512820514
32613	0.0010683760683760685
32614	0.0008012820512820514
32615	0.0008012820512820514
32616	0.0002670940170940171
32617	0.00013354700854700856
32618	0.00013354700854700856
32619	0.0004006410256410257
10638	0.0016025641025641027
32620	0.0005341880341880342
23113	0.0002670940170940171
32621	0.0006677350427350427
32622	0.0016025641025641027
19437	0.0004006410256410257
32623	0.0002670940170940171
20651	0.0002670940170940171
32624	0.0010683760683760685
32625	0.0008012820512820514
18195	0.0002670940170940171
20172	0.0002670940170940171
32626	0.0008012820512820514
32627	0.004807692307692308
32628	0.0006677350427350427
32629	0.0029380341880341884
32630	0.00013354700854700856
27985	0.00013354700854700856
32631	0.00013354700854700856
3415	0.00013354700854700856
32632	0.002403846153846154
32633	0.0005341880341880342
32634	0.00093482905982906
32635	0.0032051282051282055
1758	0.00013354700854700856
32636	0.00013354700854700856
32637	0.0002670940170940171
3553	0.0008012820512820514
32638	0.0008012820512820514
32639	0.00013354700854700856
16499	0.00013354700854700856
32640	0.0004006410256410257
32641	0.00013354700854700856
32642	0.00013354700854700856
32643	0.0002670940170940171
32644	0.0006677350427350427
32645	0.0010683760683760685
20391	0.0002670940170940171
32646	0.0002670940170940171
32647	0.0005341880341880342
1600	0.0002670940170940171
32648	0.006944444444444445
32649	0.001201923076923077
8331	0.0004006410256410257
32650	0.0005341880341880342
27749	0.0002670940170940171
22487	0.00013354700854700856
32651	0.00013354700854700856
32652	0.0025373931623931625
32653	0.0002670940170940171
32654	0.0022702991452991455
32655	0.00013354700854700856
21090	0.00013354700854700856
32656	0.0029380341880341884
32657	0.0008012820512820514
32658	0.0029380341880341884
15556	0.00013354700854700856
32659	0.00013354700854700856
32660	0.0004006410256410257
32661	0.00013354700854700856
9847	0.00013354700854700856
32662	0.0016025641025641027
11403	0.0004006410256410257
20431	0.00013354700854700856
32663	0.00013354700854700856
32664	0.00013354700854700856
4204	0.00013354700854700856
5584	0.00013354700854700856
32665	0.00013354700854700856
12907	0.0002670940170940171
32666	0.006143162393162394
8194	0.00013354700854700856
32667	0.00013354700854700856
32668	0.0002670940170940171
32669	0.00013354700854700856
21863	0.00013354700854700856
17386	0.00013354700854700856
32670	0.00013354700854700856
32671	0.0002670940170940171
32672	0.0005341880341880342
770	0.00013354700854700856
32673	0.00013354700854700856
32674	0.003071581196581197
32675	0.0004006410256410257
32676	0.0005341880341880342
32677	0.0013354700854700855
32678	0.00013354700854700856
8923	0.00013354700854700856
32679	0.00013354700854700856
16274	0.00013354700854700856
32680	0.0002670940170940171
32681	0.00013354700854700856
4801	0.00013354700854700856
32682	0.00373931623931624
32683	0.0016025641025641027
4737	0.00013354700854700856
32684	0.00013354700854700856
5349	0.0002670940170940171
32685	0.0010683760683760685
32686	0.00013354700854700856
21473	0.00013354700854700856
3254	0.0002670940170940171
32687	0.002136752136752137
13582	0.0002670940170940171
32688	0.0005341880341880342
32689	0.011752136752136754
32690	0.0002670940170940171
32691	0.0005341880341880342
1831	0.0002670940170940171
32692	0.00013354700854700856
20951	0.00013354700854700856
32693	0.00013354700854700856
16368	0.00013354700854700856
32694	0.0004006410256410257
28291	0.00013354700854700856
32695	0.00013354700854700856
32696	0.0002670940170940171
5986	0.0002670940170940171
32697	0.0005341880341880342
32698	0.003071581196581197
32699	0.0008012820512820514
32700	0.00013354700854700856
32701	0.00013354700854700856
32702	0.0005341880341880342
10615	0.0002670940170940171
32703	0.0004006410256410257
32704	0.00013354700854700856
17345	0.00013354700854700856
32705	0.00013354700854700856
17958	0.00013354700854700856
32706	0.0013354700854700855
32707	0.00013354700854700856
24704	0.00013354700854700856
32708	0.0010683760683760685
32709	0.0010683760683760685
9727	0.0002670940170940171
32710	0.0005341880341880342
32711	0.002670940170940171
9305	0.0002670940170940171
32712	0.0005341880341880342
32713	0.0006677350427350427
32714	0.0022702991452991455
32715	0.0008012820512820514
32716	0.0002670940170940171
32717	0.005608974358974359
28208	0.0002670940170940171
32718	0.00013354700854700856
7345	0.00013354700854700856
13577	0.00013354700854700856
32719	0.00013354700854700856
32720	0.0002670940170940171
32721	0.00013354700854700856
27572	0.00013354700854700856
32722	0.0025373931623931625
32723	0.00013354700854700856
11541	0.00013354700854700856
32724	0.0002670940170940171
1654	0.0008012820512820514
32725	0.002136752136752137
3141	0.0005341880341880342
32726	0.0010683760683760685
15261	0.0002670940170940171
32727	0.0008012820512820514
22699	0.0002670940170940171
26767	0.00013354700854700856
32728	0.00013354700854700856
32729	0.0002670940170940171
9502	0.00013354700854700856
32730	0.00013354700854700856
27152	0.0002670940170940171
32731	0.0008012820512820514
32732	0.00747863247863248
32733	0.0013354700854700855
24758	0.0002670940170940171
32734	0.0005341880341880342
5739	0.0002670940170940171
32735	0.0010683760683760685
32736	0.0002670940170940171
13620	0.0002670940170940171
32737	0.0005341880341880342
2397	0.0002670940170940171
32738	0.0005341880341880342
32739	0.0008012820512820514
32740	0.002403846153846154
32741	0.004540598290598291
32742	0.00013354700854700856
19939	0.00013354700854700856
32743	0.004540598290598291
21296	0.00013354700854700856
32744	0.00013354700854700856
32745	0.0002670940170940171
32746	0.0002670940170940171
32747	0.00013354700854700856
13696	0.00013354700854700856
32748	0.012820512820512822
32749	0.00013354700854700856
20245	0.00013354700854700856
9206	0.0002670940170940171
32750	0.0005341880341880342
32751	0.00373931623931624
32752	0.0008012820512820514
13908	0.0002670940170940171
4610	0.00013354700854700856
32753	0.00013354700854700856
24937	0.0016025641025641027
2847	0.0002670940170940171
17663	0.0005341880341880342
8096	0.0010683760683760685
16174	0.0002670940170940171
20727	0.0002670940170940171
9802	0.0002670940170940171
19890	0.0002670940170940171
4831	0.0005341880341880342
10049	0.0004006410256410257
10070	0.0002670940170940171
23813	0.0002670940170940171
23221	0.0002670940170940171
18091	0.0002670940170940171
10564	0.0004006410256410257
3460	0.0002670940170940171
16299	0.0004006410256410257
5642	0.0002670940170940171
14230	0.0002670940170940171
633	0.0010683760683760685
8735	0.0002670940170940171
5822	0.0002670940170940171
27290	0.0002670940170940171
26131	0.0002670940170940171
10567	0.0002670940170940171
25332	0.0004006410256410257
25028	0.0005341880341880342
11553	0.0002670940170940171
9744	0.0002670940170940171
22984	0.0005341880341880342
9686	0.0006677350427350427
908	0.0002670940170940171
7836	0.0004006410256410257
13909	0.0002670940170940171
10291	0.0002670940170940171
15364	0.0002670940170940171
18575	0.0002670940170940171
19064	0.0004006410256410257
15709	0.0004006410256410257
21380	0.0013354700854700855
12059	0.0002670940170940171
11329	0.0002670940170940171
399	0.0002670940170940171
18981	0.002403846153846154
3398	0.0002670940170940171
7984	0.0002670940170940171
26034	0.0010683760683760685
27658	0.0002670940170940171
12590	0.0004006410256410257
18956	0.0002670940170940171
15650	0.0002670940170940171
1738	0.0002670940170940171
15365	0.0002670940170940171
28411	0.0004006410256410257
17171	0.0002670940170940171
7136	0.0002670940170940171
2045	0.0002670940170940171
2718	0.0002670940170940171
18104	0.0002670940170940171
18267	0.0010683760683760685
16361	0.0002670940170940171
7660	0.0002670940170940171
24558	0.0004006410256410257
9190	0.0002670940170940171
2370	0.0013354700854700855
6717	0.0002670940170940171
24146	0.0013354700854700855
13219	0.0004006410256410257
3535	0.0002670940170940171
5953	0.0004006410256410257
1361	0.0002670940170940171
24118	0.0002670940170940171
21916	0.0002670940170940171
14881	0.0010683760683760685
21103	0.0002670940170940171
2966	0.0002670940170940171
4286	0.0002670940170940171
18443	0.0002670940170940171
26396	0.0004006410256410257
4975	0.0002670940170940171
3834	0.0005341880341880342
15175	0.0005341880341880342
15620	0.0002670940170940171
10111	0.0002670940170940171
9256	0.0005341880341880342
28231	0.0004006410256410257
17983	0.0002670940170940171
13007	0.0010683760683760685
5301	0.0002670940170940171
20702	0.0004006410256410257
19871	0.0002670940170940171
9121	0.0004006410256410257
21806	0.0005341880341880342
15538	0.0002670940170940171
12015	0.0002670940170940171
19124	0.0002670940170940171
9602	0.0004006410256410257
12576	0.0004006410256410257
1268	0.0002670940170940171
21349	0.0002670940170940171
22855	0.0002670940170940171
16343	0.0002670940170940171
25787	0.0002670940170940171
12684	0.0005341880341880342
11733	0.0002670940170940171
16079	0.0002670940170940171
13509	0.0002670940170940171
12266	0.0002670940170940171
18446	0.0002670940170940171
2703	0.0004006410256410257
806	0.0002670940170940171
13182	0.0002670940170940171
12641	0.0002670940170940171
28094	0.0004006410256410257
2474	0.0013354700854700855
10062	0.0004006410256410257
14775	0.0002670940170940171
19053	0.0002670940170940171
999	0.0002670940170940171
10477	0.0002670940170940171
23891	0.0004006410256410257
2440	0.0010683760683760685
24784	0.0002670940170940171
14237	0.0002670940170940171
20290	0.0002670940170940171
8282	0.0002670940170940171
531	0.0002670940170940171
15226	0.0002670940170940171
27151	0.0002670940170940171
16790	0.0002670940170940171
17473	0.0002670940170940171
4808	0.0004006410256410257
6958	0.0004006410256410257
8309	0.0002670940170940171
16975	0.0002670940170940171
24071	0.0002670940170940171
10674	0.0002670940170940171
22814	0.0002670940170940171
75	0.0002670940170940171
5863	0.0002670940170940171
8822	0.0002670940170940171
9088	0.0004006410256410257
18796	0.0004006410256410257
2698	0.0002670940170940171
20997	0.0002670940170940171
25360	0.0004006410256410257
893	0.0004006410256410257
3186	0.0010683760683760685
27034	0.0002670940170940171
2548	0.0002670940170940171
10727	0.0002670940170940171
8562	0.0002670940170940171
27988	0.0002670940170940171
217	0.0004006410256410257
3343	0.0004006410256410257
13717	0.0005341880341880342
19322	0.0002670940170940171
4605	0.0002670940170940171
10984	0.0004006410256410257
14606	0.0002670940170940171
2627	0.0004006410256410257
794	0.0002670940170940171
12047	0.0002670940170940171
340	0.0002670940170940171
15897	0.0010683760683760685
454	0.0004006410256410257
23288	0.0002670940170940171
21897	0.0004006410256410257
6271	0.0002670940170940171
10795	0.0004006410256410257
22577	0.0002670940170940171
23616	0.0004006410256410257
25554	0.0004006410256410257
11932	0.0004006410256410257
4968	0.0002670940170940171
22229	0.0013354700854700855
14535	0.0002670940170940171
15671	0.0004006410256410257
4989	0.0004006410256410257
3779	0.0002670940170940171
12722	0.0002670940170940171
2971	0.0016025641025641027
427	0.0002670940170940171
15062	0.0002670940170940171
25224	0.0004006410256410257
22206	0.0002670940170940171
19945	0.0002670940170940171
11777	0.0016025641025641027
28166	0.0004006410256410257
8088	0.0004006410256410257
10722	0.0002670940170940171
24605	0.0004006410256410257
15291	0.0002670940170940171
12460	0.0013354700854700855
20396	0.0004006410256410257
13555	0.0005341880341880342
11874	0.0013354700854700855
27087	0.0002670940170940171
26526	0.0002670940170940171
10474	0.0004006410256410257
7707	0.0002670940170940171
24716	0.0002670940170940171
26335	0.0002670940170940171
21769	0.0002670940170940171
5385	0.0002670940170940171
12369	0.0006677350427350427
27391	0.0002670940170940171
13030	0.0004006410256410257
21192	0.0004006410256410257
17239	0.0002670940170940171
8209	0.0002670940170940171
2328	0.0002670940170940171
10063	0.0004006410256410257
6708	0.0004006410256410257
2151	0.00186965811965812
28567	0.0004006410256410257
28613	0.0002670940170940171
15333	0.0004006410256410257
9273	0.0005341880341880342
27901	0.0004006410256410257
6527	0.0002670940170940171
21977	0.0005341880341880342
4522	0.0004006410256410257
26267	0.0002670940170940171
19973	0.0005341880341880342
27210	0.0002670940170940171
2384	0.0002670940170940171
4420	0.0002670940170940171
924	0.0002670940170940171
12917	0.0002670940170940171
7074	0.0002670940170940171
1589	0.0004006410256410257
26754	0.0002670940170940171
20023	0.0002670940170940171
24273	0.0002670940170940171
5687	0.0002670940170940171
19033	0.0002670940170940171
4667	0.0002670940170940171
823	0.0002670940170940171
16904	0.0002670940170940171
25507	0.0002670940170940171
27593	0.0006677350427350427
12816	0.0002670940170940171
4578	0.0002670940170940171
19023	0.0002670940170940171
14232	0.0004006410256410257
4247	0.0002670940170940171
13037	0.0002670940170940171
4093	0.0004006410256410257
19481	0.0002670940170940171
3389	0.0002670940170940171
18834	0.0004006410256410257
14576	0.0002670940170940171
14280	0.0002670940170940171
22843	0.0004006410256410257
19453	0.0004006410256410257
24678	0.0002670940170940171
2407	0.0002670940170940171
1313	0.0004006410256410257
636	0.0010683760683760685
14611	0.0002670940170940171
869	0.0004006410256410257
8507	0.0002670940170940171
24875	0.0002670940170940171
14990	0.0002670940170940171
18107	0.0002670940170940171
643	0.0004006410256410257
15853	0.0004006410256410257
1289	0.0004006410256410257
22588	0.0002670940170940171
8758	0.0005341880341880342
3355	0.0002670940170940171
5104	0.0002670940170940171
3071	0.0002670940170940171
19448	0.0002670940170940171
7473	0.0002670940170940171
14774	0.0002670940170940171
23639	0.0004006410256410257
22734	0.0002670940170940171
9270	0.0013354700854700855
18826	0.0002670940170940171
15573	0.0002670940170940171
11639	0.0002670940170940171
4707	0.0002670940170940171
3829	0.0002670940170940171
15406	0.0010683760683760685
21612	0.0002670940170940171
8082	0.0002670940170940171
19876	0.0002670940170940171
21067	0.0013354700854700855
6953	0.0005341880341880342
26097	0.0002670940170940171
27054	0.0002670940170940171
20926	0.0005341880341880342
7641	0.0004006410256410257
7144	0.0002670940170940171
6111	0.0016025641025641027
11863	0.0004006410256410257
10834	0.0005341880341880342
22526	0.0002670940170940171
476	0.0002670940170940171
10178	0.0004006410256410257
25035	0.0002670940170940171
15629	0.0002670940170940171
11466	0.0002670940170940171
16000	0.0010683760683760685
25886	0.0002670940170940171
5693	0.0016025641025641027
8221	0.0004006410256410257
4705	0.0002670940170940171
4149	0.0002670940170940171
13851	0.0002670940170940171
19984	0.0002670940170940171
16095	0.0002670940170940171
11317	0.0002670940170940171
3237	0.0002670940170940171
25185	0.0002670940170940171
20215	0.0002670940170940171
5511	0.0002670940170940171
7648	0.0002670940170940171
12375	0.0002670940170940171
24427	0.0002670940170940171
21798	0.0002670940170940171
23074	0.0002670940170940171
22166	0.0002670940170940171
17284	0.0002670940170940171
5412	0.0002670940170940171
2248	0.0002670940170940171
5380	0.0004006410256410257
8257	0.0002670940170940171
11954	0.0004006410256410257
6284	0.0004006410256410257
13008	0.0002670940170940171
12033	0.0002670940170940171
25600	0.0002670940170940171
20400	0.0005341880341880342
25727	0.0002670940170940171
19731	0.0002670940170940171
2091	0.0004006410256410257
2883	0.0002670940170940171
16783	0.0002670940170940171
431	0.0002670940170940171
24612	0.0002670940170940171
17025	0.0004006410256410257
10798	0.0002670940170940171
4961	0.0002670940170940171
18096	0.0002670940170940171
11881	0.0010683760683760685
16407	0.0002670940170940171
21203	0.0005341880341880342
6802	0.0002670940170940171
9351	0.0002670940170940171
15792	0.0004006410256410257
14391	0.0002670940170940171
3058	0.0002670940170940171
22630	0.0002670940170940171
2952	0.0004006410256410257
16181	0.0002670940170940171
16249	0.0002670940170940171
2813	0.0004006410256410257
4444	0.0002670940170940171
15502	0.0002670940170940171
11864	0.0005341880341880342
28570	0.0002670940170940171
12046	0.0005341880341880342
16439	0.0002670940170940171
1465	0.0002670940170940171
17032	0.0002670940170940171
17801	0.0004006410256410257
28441	0.0004006410256410257
16044	0.0002670940170940171
628	0.0002670940170940171
3189	0.0002670940170940171
22405	0.0002670940170940171
28161	0.0002670940170940171
3971	0.0002670940170940171
10538	0.0002670940170940171
4010	0.0002670940170940171
28447	0.0005341880341880342
15308	0.0002670940170940171
13631	0.0004006410256410257
19326	0.0002670940170940171
22762	0.0002670940170940171
11418	0.0002670940170940171
24837	0.0002670940170940171
13699	0.0002670940170940171
21471	0.0005341880341880342
5466	0.0002670940170940171
10767	0.0002670940170940171
12	0.0002670940170940171
5309	0.0005341880341880342
8563	0.0002670940170940171
24909	0.0002670940170940171
27637	0.0004006410256410257
3441	0.0002670940170940171
4324	0.0002670940170940171
2351	0.0002670940170940171
1516	0.0002670940170940171
27150	0.0004006410256410257
6185	0.0002670940170940171
8542	0.0002670940170940171
1415	0.0002670940170940171
21134	0.0004006410256410257
22877	0.0002670940170940171
376	0.0004006410256410257
8759	0.0002670940170940171
1435	0.0010683760683760685
15991	0.0004006410256410257
18264	0.0004006410256410257
28547	0.0002670940170940171
3764	0.0002670940170940171
15956	0.0002670940170940171
6297	0.0002670940170940171
16005	0.0004006410256410257
9779	0.0004006410256410257
5310	0.0002670940170940171
11383	0.0004006410256410257
12539	0.0004006410256410257
14379	0.0002670940170940171
25824	0.0004006410256410257
3044	0.0002670940170940171
10330	0.0005341880341880342
35	0.0002670940170940171
26224	0.0004006410256410257
19417	0.0002670940170940171
14142	0.0002670940170940171
25770	0.0002670940170940171
12898	0.0002670940170940171
19449	0.0004006410256410257
19384	0.0004006410256410257
18285	0.0002670940170940171
27056	0.0004006410256410257
3242	0.0002670940170940171
24259	0.0002670940170940171
1670	0.0005341880341880342
28259	0.0002670940170940171
1142	0.0002670940170940171
12512	0.0004006410256410257
4090	0.0002670940170940171
6216	0.0002670940170940171
8107	0.0002670940170940171
24450	0.0002670940170940171
7446	0.0002670940170940171
7797	0.0002670940170940171
8937	0.0002670940170940171
5214	0.0002670940170940171
16841	0.0002670940170940171
15027	0.0005341880341880342
1713	0.00093482905982906
22038	0.0002670940170940171
9439	0.00734508547008547
7155	0.0002670940170940171
11074	0.0010683760683760685
25421	0.0002670940170940171
2109	0.0002670940170940171
26348	0.0002670940170940171
5024	0.0004006410256410257
27579	0.0002670940170940171
12348	0.0002670940170940171
15223	0.0004006410256410257
7220	0.0005341880341880342
19159	0.0002670940170940171
2665	0.0004006410256410257
6318	0.0002670940170940171
11621	0.0002670940170940171
12566	0.0002670940170940171
18427	0.0005341880341880342
26738	0.0010683760683760685
1227	0.0002670940170940171
27689	0.0004006410256410257
2485	0.0004006410256410257
14468	0.0002670940170940171
4199	0.0004006410256410257
2633	0.0010683760683760685
8846	0.0005341880341880342
9054	0.0004006410256410257
20446	0.0002670940170940171
802	0.0002670940170940171
15688	0.0002670940170940171
5395	0.0004006410256410257
26629	0.0002670940170940171
12757	0.0002670940170940171
24054	0.0002670940170940171
2567	0.0004006410256410257
412	0.0002670940170940171
8463	0.0004006410256410257
18790	0.0002670940170940171
351	0.0002670940170940171
581	0.0002670940170940171
17236	0.0005341880341880342
2950	0.0004006410256410257
6466	0.0004006410256410257
3140	0.0005341880341880342
1120	0.0004006410256410257
26307	0.0002670940170940171
4953	0.0004006410256410257
25298	0.0004006410256410257
224	0.0005341880341880342
2814	0.0002670940170940171
23753	0.0005341880341880342
891	0.0002670940170940171
3561	0.0002670940170940171
21698	0.0002670940170940171
15219	0.0004006410256410257
26845	0.0002670940170940171
15878	0.0002670940170940171
19986	0.0002670940170940171
19361	0.0002670940170940171
17296	0.0002670940170940171
13098	0.0006677350427350427
1479	0.0004006410256410257
18393	0.0002670940170940171
13078	0.0002670940170940171
23084	0.0002670940170940171
22636	0.0004006410256410257
774	0.0004006410256410257
5237	0.0004006410256410257
19801	0.0002670940170940171
7916	0.0002670940170940171
9313	0.0002670940170940171
9986	0.0002670940170940171
2487	0.0004006410256410257
3787	0.0005341880341880342
25371	0.0002670940170940171
19395	0.0004006410256410257
5226	0.0002670940170940171
24713	0.0002670940170940171
17421	0.0002670940170940171
6259	0.0018696581196581197
14531	0.0002670940170940171
22029	0.0004006410256410257
9990	0.0002670940170940171
12931	0.0002670940170940171
8198	0.0004006410256410257
7911	0.0002670940170940171
6805	0.0002670940170940171
12556	0.0004006410256410257
22519	0.0002670940170940171
22645	0.0002670940170940171
3219	0.0002670940170940171
10766	0.0004006410256410257
11837	0.0004006410256410257
7874	0.0002670940170940171
11045	0.0002670940170940171
5172	0.0002670940170940171
19350	0.0002670940170940171
7131	0.0005341880341880342
15158	0.0002670940170940171
23078	0.0002670940170940171
22983	0.0002670940170940171
4595	0.0002670940170940171
3385	0.0004006410256410257
9461	0.0002670940170940171
5681	0.0002670940170940171
14552	0.0004006410256410257
22072	0.0005341880341880342
26444	0.0002670940170940171
3289	0.0002670940170940171
2508	0.0002670940170940171
1304	0.0002670940170940171
2531	0.0002670940170940171
215	0.0002670940170940171
4380	0.0002670940170940171
4701	0.0002670940170940171
7410	0.0002670940170940171
25236	0.0002670940170940171
18410	0.0002670940170940171
27251	0.0002670940170940171
4178	0.0002670940170940171
963	0.0004006410256410257
4832	0.0002670940170940171
22123	0.0002670940170940171
26670	0.0005341880341880342
25365	0.0002670940170940171
22629	0.0002670940170940171
28548	0.0002670940170940171
4678	0.0016025641025641027
4497	0.0002670940170940171
19380	0.0002670940170940171
23826	0.0002670940170940171
11991	0.0002670940170940171
18739	0.0002670940170940171
22981	0.0002670940170940171
1285	0.0004006410256410257
5394	0.0002670940170940171
1073	0.0002670940170940171
23811	0.0002670940170940171
6782	0.0002670940170940171
26939	0.0002670940170940171
19537	0.0002670940170940171
19418	0.0002670940170940171
7468	0.0002670940170940171
22131	0.0002670940170940171
1839	0.0002670940170940171
1959	0.0002670940170940171
2528	0.0004006410256410257
6824	0.0002670940170940171
43	0.0002670940170940171
9624	0.0002670940170940171
338	0.0004006410256410257
749	0.0002670940170940171
8329	0.0005341880341880342
25869	0.0002670940170940171
12250	0.0004006410256410257
4086	0.0002670940170940171
21254	0.0004006410256410257
7568	0.0004006410256410257
19557	0.0002670940170940171
3103	0.0004006410256410257
6253	0.0002670940170940171
3598	0.0002670940170940171
19420	0.0002670940170940171
7259	0.0010683760683760685
20554	0.0002670940170940171
8720	0.0004006410256410257
13580	0.0005341880341880342
24811	0.0002670940170940171
16551	0.0002670940170940171
10997	0.0004006410256410257
14213	0.0002670940170940171
8369	0.0002670940170940171
17900	0.0005341880341880342
12353	0.0002670940170940171
1283	0.0002670940170940171
20251	0.0002670940170940171
26227	0.0002670940170940171
18574	0.0002670940170940171
18330	0.0002670940170940171
17908	0.0002670940170940171
5384	0.0004006410256410257
18421	0.0002670940170940171
27676	0.0002670940170940171
10945	0.0004006410256410257
10558	0.0002670940170940171
18247	0.0002670940170940171
26354	0.0004006410256410257
552	0.0004006410256410257
8888	0.0002670940170940171
21779	0.0004006410256410257
6525	0.0005341880341880342
12185	0.0002670940170940171
13100	0.0005341880341880342
184	0.0004006410256410257
19610	0.0002670940170940171
5426	0.0004006410256410257
791	0.0004006410256410257
8593	0.0002670940170940171
7770	0.0002670940170940171
19897	0.0002670940170940171
9981	0.0002670940170940171
3356	0.0002670940170940171
22225	0.0002670940170940171
3676	0.0004006410256410257
17088	0.0002670940170940171
24233	0.0005341880341880342
6433	0.0004006410256410257
9959	0.0002670940170940171
1999	0.0002670940170940171
11563	0.0002670940170940171
9301	0.0002670940170940171
24876	0.0002670940170940171
2129	0.0005341880341880342
25966	0.0004006410256410257
26132	0.0002670940170940171
26388	0.0005341880341880342
12148	0.0002670940170940171
10472	0.0002670940170940171
9094	0.0002670940170940171
13656	0.0002670940170940171
17589	0.0002670940170940171
11516	0.0002670940170940171
39	0.0002670940170940171
25043	0.0004006410256410257
12603	0.0002670940170940171
17824	0.0002670940170940171
12952	0.0002670940170940171
1151	0.0002670940170940171
213	0.0002670940170940171
711	0.0010683760683760685
4195	0.0002670940170940171
24806	0.0004006410256410257
26523	0.0002670940170940171
15212	0.0002670940170940171
8167	0.0002670940170940171
19279	0.0004006410256410257
27606	0.0004006410256410257
1005	0.0002670940170940171
14191	0.0005341880341880342
20589	0.0002670940170940171
1948	0.0004006410256410257
14912	0.0002670940170940171
19896	0.0002670940170940171
20223	0.0002670940170940171
2309	0.0002670940170940171
11116	0.0002670940170940171
15867	0.0002670940170940171
1008	0.0002670940170940171
7333	0.0002670940170940171
15929	0.0004006410256410257
12068	0.0002670940170940171
6639	0.0002670940170940171
23366	0.0002670940170940171
3350	0.0004006410256410257
15131	0.0004006410256410257
8323	0.0004006410256410257
23310	0.0002670940170940171
8896	0.0002670940170940171
11161	0.0002670940170940171
10974	0.0004006410256410257
27081	0.0002670940170940171
5829	0.0013354700854700855
2711	0.0004006410256410257
19818	0.0004006410256410257
13857	0.0004006410256410257
11868	0.0002670940170940171
11699	0.0002670940170940171
12888	0.0002670940170940171
661	0.0004006410256410257
17744	0.0002670940170940171
11965	0.0002670940170940171
16634	0.0004006410256410257
19578	0.0002670940170940171
24872	0.0004006410256410257
19128	0.0002670940170940171
21722	0.0002670940170940171
21056	0.0004006410256410257
8736	0.0002670940170940171
8686	0.0002670940170940171
13707	0.0002670940170940171
25677	0.0002670940170940171
4798	0.0002670940170940171
11948	0.0004006410256410257
11096	0.0002670940170940171
16294	0.0002670940170940171
7025	0.0005341880341880342
7305	0.0002670940170940171
7007	0.0005341880341880342
10561	0.0002670940170940171
3651	0.0004006410256410257
1077	0.0002670940170940171
5777	0.0004006410256410257
4322	0.0002670940170940171
18110	0.0004006410256410257
18225	0.0002670940170940171
12044	0.0002670940170940171
5061	0.0002670940170940171
18700	0.0002670940170940171
23386	0.0002670940170940171
4833	0.0005341880341880342
27942	0.0002670940170940171
5877	0.0002670940170940171
16597	0.0004006410256410257
1054	0.0004006410256410257
5575	0.0002670940170940171
8980	0.0002670940170940171
16193	0.0004006410256410257
8009	0.0004006410256410257
14111	0.0002670940170940171
16754	0.0004006410256410257
1957	0.0002670940170940171
27374	0.0002670940170940171
25263	0.0002670940170940171
1950	0.0002670940170940171
16674	0.0004006410256410257
1788	0.0002670940170940171
6313	0.0004006410256410257
24179	0.0004006410256410257
18813	0.0002670940170940171
5199	0.0002670940170940171
11964	0.0002670940170940171
3528	0.0002670940170940171
11818	0.0002670940170940171
21274	0.0002670940170940171
17624	0.0002670940170940171
12444	0.0002670940170940171
17048	0.0002670940170940171
18032	0.0002670940170940171
1006	0.0002670940170940171
4895	0.0005341880341880342
23591	0.0002670940170940171
14189	0.0004006410256410257
20872	0.0002670940170940171
17298	0.0002670940170940171
2752	0.0005341880341880342
1864	0.0002670940170940171
7763	0.0002670940170940171
7657	0.0004006410256410257
16820	0.0002670940170940171
15173	0.0002670940170940171
18043	0.0004006410256410257
19366	0.0002670940170940171
15859	0.0002670940170940171
17441	0.0005341880341880342
18149	0.0002670940170940171
13995	0.0002670940170940171
21926	0.0002670940170940171
11648	0.0002670940170940171
6055	0.0002670940170940171
1838	0.0002670940170940171
1477	0.0002670940170940171
917	0.0002670940170940171
22090	0.0002670940170940171
7596	0.0002670940170940171
19461	0.0002670940170940171
8742	0.0002670940170940171
7150	0.0005341880341880342
25162	0.0002670940170940171
6763	0.0004006410256410257
10916	0.0002670940170940171
9804	0.0002670940170940171
6142	0.0002670940170940171
6879	0.0004006410256410257
13780	0.0002670940170940171
28100	0.0002670940170940171
7071	0.0004006410256410257
23865	0.0004006410256410257
19368	0.0002670940170940171
1941	0.0002670940170940171
24747	0.0002670940170940171
21299	0.0004006410256410257
17370	0.0002670940170940171
11789	0.0002670940170940171
26442	0.0002670940170940171
14678	0.0004006410256410257
18085	0.0002670940170940171
11344	0.0004006410256410257
21555	0.0002670940170940171
4962	0.0002670940170940171
27386	0.0002670940170940171
21479	0.0002670940170940171
11294	0.0002670940170940171
10661	0.0002670940170940171
17700	0.0002670940170940171
16898	0.0004006410256410257
9637	0.0002670940170940171
7497	0.0004006410256410257
8136	0.0002670940170940171
3837	0.0002670940170940171
13630	0.0002670940170940171
7778	0.0002670940170940171
5976	0.0004006410256410257
1751	0.0006677350427350427
11005	0.0002670940170940171
9950	0.0002670940170940171
2915	0.0002670940170940171
25018	0.0004006410256410257
27911	0.0002670940170940171
11509	0.0002670940170940171
16633	0.0002670940170940171
24617	0.0005341880341880342
23244	0.0005341880341880342
19729	0.0002670940170940171
6789	0.0004006410256410257
17119	0.0002670940170940171
8688	0.0002670940170940171
19313	0.0002670940170940171
3489	0.0002670940170940171
8405	0.0002670940170940171
7687	0.0002670940170940171
1199	0.0016025641025641027
3076	0.0002670940170940171
2670	0.0004006410256410257
5683	0.0002670940170940171
19396	0.0002670940170940171
10819	0.0002670940170940171
12066	0.0005341880341880342
11936	0.0002670940170940171
3253	0.0002670940170940171
6986	0.0002670940170940171
12941	0.0002670940170940171
1796	0.0002670940170940171
11707	0.0002670940170940171
14395	0.0004006410256410257
994	0.0002670940170940171
19726	0.0002670940170940171
78	0.0004006410256410257
19909	0.0002670940170940171
3710	0.0002670940170940171
7277	0.0002670940170940171
22165	0.0002670940170940171
13052	0.0002670940170940171
25197	0.0002670940170940171
12377	0.0002670940170940171
380	0.0002670940170940171
19097	0.0002670940170940171
11755	0.0002670940170940171
17572	0.0002670940170940171
13194	0.0002670940170940171
11236	0.0002670940170940171
18082	0.0002670940170940171
20487	0.0002670940170940171
25858	0.0002670940170940171
8351	0.0002670940170940171
15825	0.0002670940170940171
1617	0.0002670940170940171
19347	0.0004006410256410257
10036	0.0002670940170940171
9153	0.0002670940170940171
4543	0.0002670940170940171
12325	0.0002670940170940171
23954	0.0002670940170940171
17226	0.0002670940170940171
20766	0.0002670940170940171
11842	0.0006677350427350427
13667	0.0002670940170940171
5155	0.0004006410256410257
8687	0.0002670940170940171
15614	0.0004006410256410257
26271	0.0002670940170940171
4177	0.0004006410256410257
4271	0.0002670940170940171
12364	0.0006677350427350427
21987	0.0002670940170940171
18188	0.0002670940170940171
13666	0.0002670940170940171
26037	0.0002670940170940171
4102	0.0002670940170940171
3148	0.0002670940170940171
9996	0.0005341880341880342
11482	0.0002670940170940171
25426	0.0002670940170940171
24657	0.0002670940170940171
9673	0.0005341880341880342
24645	0.0002670940170940171
2124	0.0002670940170940171
24959	0.0002670940170940171
11846	0.0002670940170940171
4418	0.0002670940170940171
5988	0.0002670940170940171
20262	0.0002670940170940171
1438	0.0005341880341880342
